"ledger_id"	"mode"	"mode_index"	"file"	"scope_kib"	"input_bytes"	"archive_bytes"	"decoded_bytes"	"ratio"	"bpb"	"encode_seconds"	"decode_seconds"	"encode_peak_ram_mib"	"decode_peak_ram_mib"	"peak_ram_mib"	"input_sha256"	"archive_sha256"	"decoded_sha256"	"codec_sha256"	"selected_modes"	"block_types"	"package_name"
"hybridzip-r2-currenthash-cc6d-20260827-r2"	"auto"	"-1"	"dickens"	"32"	"32768"	"9598"	"32768"	"0.29290771484375"	"2.34326171875"	"132.8040555"	"7.5262533"	"547.85546875"	"369.36328125"	"547.85546875"	"FC42DCB9849222C8704C9DCAE606D075B389B66244FB215035148D6409EC0B31"	"D2F18FE2DA6D57CD3F403DF0F3F29D5382FBB0EF7A2F00E196EF3557DD9CED63"	"FC42DCB9849222C8704C9DCAE606D075B389B66244FB215035148D6409EC0B31"	"CC6DA8404E3A2789A0E98BED460C4FAA90822BAC0EA362C67E261774BD0BF191"	"paq8px-detected-sse"	"paq8px-detected-sse=1"	"hybridzip-r2-currenthash-cc6d-20260827-r2-auto"
"hybridzip-r2-currenthash-cc6d-20260827-r2"	"auto"	"-1"	"mozilla"	"32"	"32768"	"6256"	"32768"	"0.19091796875"	"1.52734375"	"141.9852234"	"12.180691"	"735.3046875"	"733.94921875"	"735.3046875"	"9DDEEF36CA0CA55B72FE3376D005926DFF3400A2ADE6EAE18482D8017D8645DB"	"2807DAFB32E2409DC96ACFC3AFE991B6F375ACEF6F0EAA118945C7E5DC66DCBD"	"9DDEEF36CA0CA55B72FE3376D005926DFF3400A2ADE6EAE18482D8017D8645DB"	"CC6DA8404E3A2789A0E98BED460C4FAA90822BAC0EA362C67E261774BD0BF191"	"paq8px-detected-sse"	"paq8px-detected-sse=1"	"hybridzip-r2-currenthash-cc6d-20260827-r2-auto"
"hybridzip-r2-currenthash-cc6d-20260827-r2"	"auto"	"-1"	"mr"	"32"	"32768"	"5167"	"32768"	"0.157684326171875"	"1.261474609375"	"102.4579433"	"12.3708421"	"547.2265625"	"545.69140625"	"547.2265625"	"3BB287B0AF65F777AB00C14E362B4D1962087260556001BBEE0689AA10D9F76A"	"D8829619579EE8A74831852783153665BDB91F535C609EE18FFBFDBB50F719B1"	"3BB287B0AF65F777AB00C14E362B4D1962087260556001BBEE0689AA10D9F76A"	"CC6DA8404E3A2789A0E98BED460C4FAA90822BAC0EA362C67E261774BD0BF191"	"paq8px-generic-sse"	"paq8px-generic-sse=1"	"hybridzip-r2-currenthash-cc6d-20260827-r2-auto"
"hybridzip-r2-currenthash-cc6d-20260827-r2"	"auto"	"-1"	"nci"	"32"	"32768"	"1341"	"32768"	"0.040924072265625"	"0.327392578125"	"225.3589755"	"4.2841689"	"542.08984375"	"361.7421875"	"542.08984375"	"0D3034FE8B0E573DE1439ED98CE409B83B13E5895085C9BFB0BF980F4962FB79"	"678E33A41DCF66B8D195990EC59425F468F104AB64BA868623DCE6783BF92DDA"	"0D3034FE8B0E573DE1439ED98CE409B83B13E5895085C9BFB0BF980F4962FB79"	"CC6DA8404E3A2789A0E98BED460C4FAA90822BAC0EA362C67E261774BD0BF191"	"paq8px-detected-sse"	"paq8px-detected-sse=1"	"hybridzip-r2-currenthash-cc6d-20260827-r2-auto"
"hybridzip-r2-currenthash-cc6d-20260827-r2"	"auto"	"-1"	"ooffice"	"32"	"32768"	"8097"	"32768"	"0.247100830078125"	"1.976806640625"	"161.9717569"	"18.1799848"	"552.08984375"	"551.1015625"	"552.08984375"	"2ACF9B4CAAEAC5814CDFEF0FA48A5ECE857C847DBDB7B44EEAB95CA3C098921C"	"0F4DE6DD6DE3130274BD45710A1EA770DB2A0CC044725E23D98928AD989F6630"	"2ACF9B4CAAEAC5814CDFEF0FA48A5ECE857C847DBDB7B44EEAB95CA3C098921C"	"CC6DA8404E3A2789A0E98BED460C4FAA90822BAC0EA362C67E261774BD0BF191"	"paq8px-generic-sse"	"paq8px-generic-sse=1"	"hybridzip-r2-currenthash-cc6d-20260827-r2-auto"
"hybridzip-r2-currenthash-cc6d-20260827-r2"	"auto"	"-1"	"osdb"	"32"	"32768"	"11420"	"32768"	"0.3485107421875"	"2.7880859375"	"292.8513232"	"19.6132497"	"549.8671875"	"548.25"	"549.8671875"	"03B2C20B777682CD960BCD893D7A4463161D9C0200FD1708B2EFAE32A259D0B7"	"279669EBF23548953045419EF810A7AAF44162FCBFEB0D3F970FE485F709E9EA"	"03B2C20B777682CD960BCD893D7A4463161D9C0200FD1708B2EFAE32A259D0B7"	"CC6DA8404E3A2789A0E98BED460C4FAA90822BAC0EA362C67E261774BD0BF191"	"paq8px-generic-sse"	"paq8px-generic-sse=1"	"hybridzip-r2-currenthash-cc6d-20260827-r2-auto"
"hybridzip-r2-currenthash-cc6d-20260827-r2"	"auto"	"-1"	"reymont"	"32"	"32768"	"5679"	"32768"	"0.173309326171875"	"1.386474609375"	"213.0803255"	"6.2390442"	"545.8125"	"369.1171875"	"545.8125"	"9D5E4B9340C2260DAE7DDB01B3EDA58236FF2DE5E1FF4D56767AA840B6FB1A87"	"C28FE6E7FA1F83DD6A4C0455BDC672B0B5CA34DFEB791738578F5F52E8FBCD17"	"9D5E4B9340C2260DAE7DDB01B3EDA58236FF2DE5E1FF4D56767AA840B6FB1A87"	"CC6DA8404E3A2789A0E98BED460C4FAA90822BAC0EA362C67E261774BD0BF191"	"paq8px-detected-sse"	"paq8px-detected-sse=1"	"hybridzip-r2-currenthash-cc6d-20260827-r2-auto"
"hybridzip-r2-currenthash-cc6d-20260827-r2"	"auto"	"-1"	"samba"	"32"	"32768"	"7956"	"32768"	"0.2427978515625"	"1.9423828125"	"135.8015136"	"13.3999826"	"546.5546875"	"545.17578125"	"546.5546875"	"9C4F5BEE544E4531E4946E62F796987418B4526911C34877EF282F14DD57AD12"	"34AFF36D5F1B58FF637F6382E16DD199165902F5EAEE2815EFB1EB18C3B38BF2"	"9C4F5BEE544E4531E4946E62F796987418B4526911C34877EF282F14DD57AD12"	"CC6DA8404E3A2789A0E98BED460C4FAA90822BAC0EA362C67E261774BD0BF191"	"paq8px-generic-sse"	"paq8px-generic-sse=1"	"hybridzip-r2-currenthash-cc6d-20260827-r2-auto"
"hybridzip-r2-currenthash-cc6d-20260827-r2"	"auto"	"-1"	"sao"	"32"	"32768"	"18805"	"32768"	"0.573883056640625"	"4.591064453125"	"155.8792613"	"22.1815626"	"550.0625"	"548.64453125"	"550.0625"	"95677430CAD4F000506BC5EE22815C3F4E13D64B477ED506B78D5D9ACFB50CCD"	"DA4A8EC1A5A6279964CD1712287BF2E06E0A4AA4BE289B524CEC178266B4CFA9"	"95677430CAD4F000506BC5EE22815C3F4E13D64B477ED506B78D5D9ACFB50CCD"	"CC6DA8404E3A2789A0E98BED460C4FAA90822BAC0EA362C67E261774BD0BF191"	"paq8px-generic-sse"	"paq8px-generic-sse=1"	"hybridzip-r2-currenthash-cc6d-20260827-r2-auto"
"hybridzip-r2-currenthash-cc6d-20260827-r2"	"auto"	"-1"	"webster"	"32"	"32768"	"9258"	"32768"	"0.28253173828125"	"2.26025390625"	"249.7004725"	"7.1722206"	"548.19140625"	"369.6953125"	"548.19140625"	"774D224695AF4057353F72602BB96CD2AFEEA059AC7737535645F11596FCA85E"	"FF169CC35A4AAC4EAE6ADCBAE2DB460122900288473B991B114A5BCCA57BF530"	"774D224695AF4057353F72602BB96CD2AFEEA059AC7737535645F11596FCA85E"	"CC6DA8404E3A2789A0E98BED460C4FAA90822BAC0EA362C67E261774BD0BF191"	"paq8px-detected-sse"	"paq8px-detected-sse=1"	"hybridzip-r2-currenthash-cc6d-20260827-r2-auto"
"hybridzip-r2-currenthash-cc6d-20260827-r2"	"auto"	"-1"	"x-ray"	"32"	"32768"	"14702"	"32768"	"0.44866943359375"	"3.58935546875"	"183.3674573"	"18.0420945"	"548.32421875"	"546.9921875"	"548.32421875"	"10511AA63DFBD9C0DDBFEFE36068740103D4BA1116E214154A0772057D7E9314"	"4461FC9A23988B440292DDA38C4EACC1AAD23FD665E51C8399899F7CD60A4A2B"	"10511AA63DFBD9C0DDBFEFE36068740103D4BA1116E214154A0772057D7E9314"	"CC6DA8404E3A2789A0E98BED460C4FAA90822BAC0EA362C67E261774BD0BF191"	"paq8px-generic-sse"	"paq8px-generic-sse=1"	"hybridzip-r2-currenthash-cc6d-20260827-r2-auto"
"hybridzip-r2-currenthash-cc6d-20260827-r2"	"auto"	"-1"	"xml"	"32"	"32768"	"1441"	"32768"	"0.043975830078125"	"0.351806640625"	"231.815821"	"10.339085"	"544.26171875"	"542.72265625"	"544.26171875"	"C2F7F129956F8D6FC3D0E3595D93F98D5270B6F5BC4AB5E70F45867822EFDD71"	"E59754FDD28F8E5842444453A77AEE01BD3DB80EE222C1B2F0059961891EE5EC"	"C2F7F129956F8D6FC3D0E3595D93F98D5270B6F5BC4AB5E70F45867822EFDD71"	"CC6DA8404E3A2789A0E98BED460C4FAA90822BAC0EA362C67E261774BD0BF191"	"paq8px-generic-sse"	"paq8px-generic-sse=1"	"hybridzip-r2-currenthash-cc6d-20260827-r2-auto"
"hybridzip-r2-currenthash-cc6d-20260827-r2"	"stored"	"0"	"dickens"	"32"	"32768"	"32828"	"32768"	"1.0018310546875"	"8.0146484375"	"0.0544286"	"0.0430253"	"2.01953125"	"2.01953125"	"2.01953125"	"FC42DCB9849222C8704C9DCAE606D075B389B66244FB215035148D6409EC0B31"	"C44FB1604DF277CE8B5738B6815D7D1B0435013DBA109086EB1C29C34C7E1270"	"FC42DCB9849222C8704C9DCAE606D075B389B66244FB215035148D6409EC0B31"	"CC6DA8404E3A2789A0E98BED460C4FAA90822BAC0EA362C67E261774BD0BF191"	"stored"	"stored=1"	"hybridzip-r2-currenthash-cc6d-20260827-r2-stored"
"hybridzip-r2-currenthash-cc6d-20260827-r2"	"stored"	"0"	"mozilla"	"32"	"32768"	"32828"	"32768"	"1.0018310546875"	"8.0146484375"	"0.047422"	"0.0473848"	"2.01953125"	"2.01953125"	"2.01953125"	"9DDEEF36CA0CA55B72FE3376D005926DFF3400A2ADE6EAE18482D8017D8645DB"	"A816644A41A4CD9B4A88F13B239B0A26CE3A397FEA17BF6D8C42CFA3AE67CCAB"	"9DDEEF36CA0CA55B72FE3376D005926DFF3400A2ADE6EAE18482D8017D8645DB"	"CC6DA8404E3A2789A0E98BED460C4FAA90822BAC0EA362C67E261774BD0BF191"	"stored"	"stored=1"	"hybridzip-r2-currenthash-cc6d-20260827-r2-stored"
"hybridzip-r2-currenthash-cc6d-20260827-r2"	"stored"	"0"	"mr"	"32"	"32768"	"32828"	"32768"	"1.0018310546875"	"8.0146484375"	"0.0638511"	"0.0460624"	"4.3515625"	"2.01953125"	"4.3515625"	"3BB287B0AF65F777AB00C14E362B4D1962087260556001BBEE0689AA10D9F76A"	"BC7DD46E6CA95FD2DC4DE6CC4D38DBF4C71EF43067E15205811EE3745EC39C91"	"3BB287B0AF65F777AB00C14E362B4D1962087260556001BBEE0689AA10D9F76A"	"CC6DA8404E3A2789A0E98BED460C4FAA90822BAC0EA362C67E261774BD0BF191"	"stored"	"stored=1"	"hybridzip-r2-currenthash-cc6d-20260827-r2-stored"
"hybridzip-r2-currenthash-cc6d-20260827-r2"	"stored"	"0"	"nci"	"32"	"32768"	"32828"	"32768"	"1.0018310546875"	"8.0146484375"	"0.0773215"	"0.0759643"	"2.01953125"	"2.01953125"	"2.01953125"	"0D3034FE8B0E573DE1439ED98CE409B83B13E5895085C9BFB0BF980F4962FB79"	"5604AAE38688058DD5AD2E82434CDB06B9180580599D201ED0DDF67855E4684C"	"0D3034FE8B0E573DE1439ED98CE409B83B13E5895085C9BFB0BF980F4962FB79"	"CC6DA8404E3A2789A0E98BED460C4FAA90822BAC0EA362C67E261774BD0BF191"	"stored"	"stored=1"	"hybridzip-r2-currenthash-cc6d-20260827-r2-stored"
"hybridzip-r2-currenthash-cc6d-20260827-r2"	"stored"	"0"	"ooffice"	"32"	"32768"	"32828"	"32768"	"1.0018310546875"	"8.0146484375"	"0.0535844"	"0.0616612"	"2.01953125"	"2.01953125"	"2.01953125"	"2ACF9B4CAAEAC5814CDFEF0FA48A5ECE857C847DBDB7B44EEAB95CA3C098921C"	"1B6A249E106E6F726124F3B9A16DAC1A19E87C2CFAC314161F565C9A266C6F71"	"2ACF9B4CAAEAC5814CDFEF0FA48A5ECE857C847DBDB7B44EEAB95CA3C098921C"	"CC6DA8404E3A2789A0E98BED460C4FAA90822BAC0EA362C67E261774BD0BF191"	"stored"	"stored=1"	"hybridzip-r2-currenthash-cc6d-20260827-r2-stored"
"hybridzip-r2-currenthash-cc6d-20260827-r2"	"stored"	"0"	"osdb"	"32"	"32768"	"32828"	"32768"	"1.0018310546875"	"8.0146484375"	"0.0518859"	"0.0475885"	"2.01953125"	"2.01953125"	"2.01953125"	"03B2C20B777682CD960BCD893D7A4463161D9C0200FD1708B2EFAE32A259D0B7"	"6982B0841E23D8F421C1B1C365FD7CD61DC0F39EB9860706297EEBC2A69B9B88"	"03B2C20B777682CD960BCD893D7A4463161D9C0200FD1708B2EFAE32A259D0B7"	"CC6DA8404E3A2789A0E98BED460C4FAA90822BAC0EA362C67E261774BD0BF191"	"stored"	"stored=1"	"hybridzip-r2-currenthash-cc6d-20260827-r2-stored"
"hybridzip-r2-currenthash-cc6d-20260827-r2"	"stored"	"0"	"reymont"	"32"	"32768"	"32828"	"32768"	"1.0018310546875"	"8.0146484375"	"0.051275"	"0.0474"	"2.01953125"	"2.01953125"	"2.01953125"	"9D5E4B9340C2260DAE7DDB01B3EDA58236FF2DE5E1FF4D56767AA840B6FB1A87"	"597F99F2B0F69D33A84A1CACEE131C0E018388346446C5AF339F8FDECB5F3020"	"9D5E4B9340C2260DAE7DDB01B3EDA58236FF2DE5E1FF4D56767AA840B6FB1A87"	"CC6DA8404E3A2789A0E98BED460C4FAA90822BAC0EA362C67E261774BD0BF191"	"stored"	"stored=1"	"hybridzip-r2-currenthash-cc6d-20260827-r2-stored"
"hybridzip-r2-currenthash-cc6d-20260827-r2"	"stored"	"0"	"samba"	"32"	"32768"	"32828"	"32768"	"1.0018310546875"	"8.0146484375"	"0.0490827"	"0.062911"	"2.01953125"	"4.32421875"	"4.32421875"	"9C4F5BEE544E4531E4946E62F796987418B4526911C34877EF282F14DD57AD12"	"3F035DC41F66C2CD38486501C44EB42AD1AC38D216171EC97C6D77B0BA420D3A"	"9C4F5BEE544E4531E4946E62F796987418B4526911C34877EF282F14DD57AD12"	"CC6DA8404E3A2789A0E98BED460C4FAA90822BAC0EA362C67E261774BD0BF191"	"stored"	"stored=1"	"hybridzip-r2-currenthash-cc6d-20260827-r2-stored"
"hybridzip-r2-currenthash-cc6d-20260827-r2"	"stored"	"0"	"sao"	"32"	"32768"	"32828"	"32768"	"1.0018310546875"	"8.0146484375"	"0.0535518"	"0.046596"	"2.01953125"	"2.01953125"	"2.01953125"	"95677430CAD4F000506BC5EE22815C3F4E13D64B477ED506B78D5D9ACFB50CCD"	"7EBF57E197AB8D69F38AD7908174AA20A5750B197D272F6D336A7C6F0B44450B"	"95677430CAD4F000506BC5EE22815C3F4E13D64B477ED506B78D5D9ACFB50CCD"	"CC6DA8404E3A2789A0E98BED460C4FAA90822BAC0EA362C67E261774BD0BF191"	"stored"	"stored=1"	"hybridzip-r2-currenthash-cc6d-20260827-r2-stored"
"hybridzip-r2-currenthash-cc6d-20260827-r2"	"stored"	"0"	"webster"	"32"	"32768"	"32828"	"32768"	"1.0018310546875"	"8.0146484375"	"0.0638313"	"0.0761555"	"2.01953125"	"4.37890625"	"4.37890625"	"774D224695AF4057353F72602BB96CD2AFEEA059AC7737535645F11596FCA85E"	"182E548441D4A6C69481E1861A5097A205913683AE261968017C401CCED6B0E8"	"774D224695AF4057353F72602BB96CD2AFEEA059AC7737535645F11596FCA85E"	"CC6DA8404E3A2789A0E98BED460C4FAA90822BAC0EA362C67E261774BD0BF191"	"stored"	"stored=1"	"hybridzip-r2-currenthash-cc6d-20260827-r2-stored"
"hybridzip-r2-currenthash-cc6d-20260827-r2"	"stored"	"0"	"x-ray"	"32"	"32768"	"32828"	"32768"	"1.0018310546875"	"8.0146484375"	"0.0659413"	"0.0794802"	"2.01953125"	"4.3828125"	"4.3828125"	"10511AA63DFBD9C0DDBFEFE36068740103D4BA1116E214154A0772057D7E9314"	"53A85B5C1DFC4C17DF8B253CD4F001EA7F8EE5BB58B2016B3FE925A8C1359CB9"	"10511AA63DFBD9C0DDBFEFE36068740103D4BA1116E214154A0772057D7E9314"	"CC6DA8404E3A2789A0E98BED460C4FAA90822BAC0EA362C67E261774BD0BF191"	"stored"	"stored=1"	"hybridzip-r2-currenthash-cc6d-20260827-r2-stored"
"hybridzip-r2-currenthash-cc6d-20260827-r2"	"stored"	"0"	"xml"	"32"	"32768"	"32828"	"32768"	"1.0018310546875"	"8.0146484375"	"0.0563309"	"0.0614554"	"2.80859375"	"2.01953125"	"2.80859375"	"C2F7F129956F8D6FC3D0E3595D93F98D5270B6F5BC4AB5E70F45867822EFDD71"	"B5FF14C57672336F0819CA1058FD6A12573D4883EA2030A2F79A6C255EDDDF60"	"C2F7F129956F8D6FC3D0E3595D93F98D5270B6F5BC4AB5E70F45867822EFDD71"	"CC6DA8404E3A2789A0E98BED460C4FAA90822BAC0EA362C67E261774BD0BF191"	"stored"	"stored=1"	"hybridzip-r2-currenthash-cc6d-20260827-r2-stored"
"hybridzip-r2-currenthash-cc6d-20260827-r2"	"predictive"	"1"	"dickens"	"32"	"32768"	"11052"	"32768"	"0.3372802734375"	"2.6982421875"	"30.4721847"	"29.9802491"	"130.24609375"	"130.51171875"	"130.51171875"	"FC42DCB9849222C8704C9DCAE606D075B389B66244FB215035148D6409EC0B31"	"50904FCD372CA3EBE255A90E04F90969411ADD547B2EFE08C6B88AA6AD975690"	"FC42DCB9849222C8704C9DCAE606D075B389B66244FB215035148D6409EC0B31"	"CC6DA8404E3A2789A0E98BED460C4FAA90822BAC0EA362C67E261774BD0BF191"	"predictive"	"predictive=1"	"hybridzip-r2-currenthash-cc6d-20260827-r2-predictive"
"hybridzip-r2-currenthash-cc6d-20260827-r2"	"predictive"	"1"	"mozilla"	"32"	"32768"	"9487"	"32768"	"0.289520263671875"	"2.316162109375"	"31.6736862"	"31.2924405"	"130.25"	"130.05078125"	"130.25"	"9DDEEF36CA0CA55B72FE3376D005926DFF3400A2ADE6EAE18482D8017D8645DB"	"D8D8226F7BEA2A40B330B58A8931A33584BFDD4E362D1553AECA12BA8BEFDD4C"	"9DDEEF36CA0CA55B72FE3376D005926DFF3400A2ADE6EAE18482D8017D8645DB"	"CC6DA8404E3A2789A0E98BED460C4FAA90822BAC0EA362C67E261774BD0BF191"	"predictive"	"predictive=1"	"hybridzip-r2-currenthash-cc6d-20260827-r2-predictive"
"hybridzip-r2-currenthash-cc6d-20260827-r2"	"predictive"	"1"	"mr"	"32"	"32768"	"6507"	"32768"	"0.198577880859375"	"1.588623046875"	"29.8690518"	"30.4422241"	"130.5625"	"130.04296875"	"130.5625"	"3BB287B0AF65F777AB00C14E362B4D1962087260556001BBEE0689AA10D9F76A"	"063C635426DDF9BBFAD1CD9C76B7150FACB2933FDFA51189FB574D72C3DE41A6"	"3BB287B0AF65F777AB00C14E362B4D1962087260556001BBEE0689AA10D9F76A"	"CC6DA8404E3A2789A0E98BED460C4FAA90822BAC0EA362C67E261774BD0BF191"	"predictive"	"predictive=1"	"hybridzip-r2-currenthash-cc6d-20260827-r2-predictive"
"hybridzip-r2-currenthash-cc6d-20260827-r2"	"predictive"	"1"	"nci"	"32"	"32768"	"2519"	"32768"	"0.076873779296875"	"0.614990234375"	"29.650333"	"29.9639292"	"130.26953125"	"130.0234375"	"130.26953125"	"0D3034FE8B0E573DE1439ED98CE409B83B13E5895085C9BFB0BF980F4962FB79"	"82CB1CD68B82BA3353A5546C072FE56F0B82390B8C82512ACC8130A96526FAB8"	"0D3034FE8B0E573DE1439ED98CE409B83B13E5895085C9BFB0BF980F4962FB79"	"CC6DA8404E3A2789A0E98BED460C4FAA90822BAC0EA362C67E261774BD0BF191"	"predictive"	"predictive=1"	"hybridzip-r2-currenthash-cc6d-20260827-r2-predictive"
"hybridzip-r2-currenthash-cc6d-20260827-r2"	"predictive"	"1"	"ooffice"	"32"	"32768"	"12453"	"32768"	"0.380035400390625"	"3.040283203125"	"32.0374139"	"31.2091035"	"130.5703125"	"130.015625"	"130.5703125"	"2ACF9B4CAAEAC5814CDFEF0FA48A5ECE857C847DBDB7B44EEAB95CA3C098921C"	"D06B3C9A66BD1DADD337ECC81D9A25414004895CD2FAC75D2EED3984460685AC"	"2ACF9B4CAAEAC5814CDFEF0FA48A5ECE857C847DBDB7B44EEAB95CA3C098921C"	"CC6DA8404E3A2789A0E98BED460C4FAA90822BAC0EA362C67E261774BD0BF191"	"predictive"	"predictive=1"	"hybridzip-r2-currenthash-cc6d-20260827-r2-predictive"
"hybridzip-r2-currenthash-cc6d-20260827-r2"	"predictive"	"1"	"osdb"	"32"	"32768"	"13929"	"32768"	"0.425079345703125"	"3.400634765625"	"30.9038721"	"30.8417657"	"130.54296875"	"130.25390625"	"130.54296875"	"03B2C20B777682CD960BCD893D7A4463161D9C0200FD1708B2EFAE32A259D0B7"	"155BE5A5D933A352D156D16E6512B3B84D23B9A0FA8EFFD914865AF5ED22B015"	"03B2C20B777682CD960BCD893D7A4463161D9C0200FD1708B2EFAE32A259D0B7"	"CC6DA8404E3A2789A0E98BED460C4FAA90822BAC0EA362C67E261774BD0BF191"	"predictive"	"predictive=1"	"hybridzip-r2-currenthash-cc6d-20260827-r2-predictive"
"hybridzip-r2-currenthash-cc6d-20260827-r2"	"predictive"	"1"	"reymont"	"32"	"32768"	"7263"	"32768"	"0.221649169921875"	"1.773193359375"	"29.2174059"	"29.076075"	"130.5703125"	"130.3671875"	"130.5703125"	"9D5E4B9340C2260DAE7DDB01B3EDA58236FF2DE5E1FF4D56767AA840B6FB1A87"	"2A25C4D92D72443EEC1E2B605476E99CAFCEA4EC0804C55CF84813F32CCB590C"	"9D5E4B9340C2260DAE7DDB01B3EDA58236FF2DE5E1FF4D56767AA840B6FB1A87"	"CC6DA8404E3A2789A0E98BED460C4FAA90822BAC0EA362C67E261774BD0BF191"	"predictive"	"predictive=1"	"hybridzip-r2-currenthash-cc6d-20260827-r2-predictive"
"hybridzip-r2-currenthash-cc6d-20260827-r2"	"predictive"	"1"	"samba"	"32"	"32768"	"9272"	"32768"	"0.282958984375"	"2.263671875"	"29.1418498"	"28.856521"	"130.24609375"	"130.05078125"	"130.24609375"	"9C4F5BEE544E4531E4946E62F796987418B4526911C34877EF282F14DD57AD12"	"0F7BE6633A649CC762809C8AB3CFF37274062C7AA95001E8833FAEF107B638FD"	"9C4F5BEE544E4531E4946E62F796987418B4526911C34877EF282F14DD57AD12"	"CC6DA8404E3A2789A0E98BED460C4FAA90822BAC0EA362C67E261774BD0BF191"	"predictive"	"predictive=1"	"hybridzip-r2-currenthash-cc6d-20260827-r2-predictive"
"hybridzip-r2-currenthash-cc6d-20260827-r2"	"predictive"	"1"	"sao"	"32"	"32768"	"23038"	"32768"	"0.70306396484375"	"5.62451171875"	"29.2192942"	"29.2560325"	"130.2421875"	"130.21484375"	"130.2421875"	"95677430CAD4F000506BC5EE22815C3F4E13D64B477ED506B78D5D9ACFB50CCD"	"DC8EC36600E1FD13C4B659E202B45DE75CCEB7775A4AD82ECA8CCC8C73BA0F43"	"95677430CAD4F000506BC5EE22815C3F4E13D64B477ED506B78D5D9ACFB50CCD"	"CC6DA8404E3A2789A0E98BED460C4FAA90822BAC0EA362C67E261774BD0BF191"	"predictive"	"predictive=1"	"hybridzip-r2-currenthash-cc6d-20260827-r2-predictive"
"hybridzip-r2-currenthash-cc6d-20260827-r2"	"predictive"	"1"	"webster"	"32"	"32768"	"10867"	"32768"	"0.331634521484375"	"2.653076171875"	"29.1788987"	"28.9350379"	"130.2578125"	"130.51171875"	"130.51171875"	"774D224695AF4057353F72602BB96CD2AFEEA059AC7737535645F11596FCA85E"	"D716DF230F5BC7AD991693FE663864DBB2529B09C8BFD2BD282FFA8CB3D2899D"	"774D224695AF4057353F72602BB96CD2AFEEA059AC7737535645F11596FCA85E"	"CC6DA8404E3A2789A0E98BED460C4FAA90822BAC0EA362C67E261774BD0BF191"	"predictive"	"predictive=1"	"hybridzip-r2-currenthash-cc6d-20260827-r2-predictive"
"hybridzip-r2-currenthash-cc6d-20260827-r2"	"predictive"	"1"	"x-ray"	"32"	"32768"	"18618"	"32768"	"0.56817626953125"	"4.54541015625"	"29.6912635"	"29.5515102"	"130.2578125"	"130.27734375"	"130.27734375"	"10511AA63DFBD9C0DDBFEFE36068740103D4BA1116E214154A0772057D7E9314"	"D7B4407F5D5414D7883CE945498F30DEE8030AC23D485870217307D8E5EAFB10"	"10511AA63DFBD9C0DDBFEFE36068740103D4BA1116E214154A0772057D7E9314"	"CC6DA8404E3A2789A0E98BED460C4FAA90822BAC0EA362C67E261774BD0BF191"	"predictive"	"predictive=1"	"hybridzip-r2-currenthash-cc6d-20260827-r2-predictive"
"hybridzip-r2-currenthash-cc6d-20260827-r2"	"predictive"	"1"	"xml"	"32"	"32768"	"2351"	"32768"	"0.071746826171875"	"0.573974609375"	"28.5433602"	"28.2071978"	"130.28125"	"130.375"	"130.375"	"C2F7F129956F8D6FC3D0E3595D93F98D5270B6F5BC4AB5E70F45867822EFDD71"	"F8EFF8A35DDC81C143924ADA9675D0779CA4AC327E2E9F409194EF5B23EE8A3D"	"C2F7F129956F8D6FC3D0E3595D93F98D5270B6F5BC4AB5E70F45867822EFDD71"	"CC6DA8404E3A2789A0E98BED460C4FAA90822BAC0EA362C67E261774BD0BF191"	"predictive"	"predictive=1"	"hybridzip-r2-currenthash-cc6d-20260827-r2-predictive"
"hybridzip-r2-currenthash-cc6d-20260827-r2"	"zstd"	"2"	"dickens"	"32"	"32768"	"13216"	"32768"	"0.4033203125"	"3.2265625"	"0.0817744"	"0.0655909"	"2.01953125"	"2.01953125"	"2.01953125"	"FC42DCB9849222C8704C9DCAE606D075B389B66244FB215035148D6409EC0B31"	"628B278C5BFF97221B91D9F116400E96872C78F55A10E91B39E581CC148FDB13"	"FC42DCB9849222C8704C9DCAE606D075B389B66244FB215035148D6409EC0B31"	"CC6DA8404E3A2789A0E98BED460C4FAA90822BAC0EA362C67E261774BD0BF191"	"zstd"	"zstd=1"	"hybridzip-r2-currenthash-cc6d-20260827-r2-zstd"
"hybridzip-r2-currenthash-cc6d-20260827-r2"	"zstd"	"2"	"mozilla"	"32"	"32768"	"9548"	"32768"	"0.2913818359375"	"2.3310546875"	"0.0653365"	"0.0600485"	"3.74609375"	"2.01953125"	"3.74609375"	"9DDEEF36CA0CA55B72FE3376D005926DFF3400A2ADE6EAE18482D8017D8645DB"	"702D38E567B04D14F6AF1EF65D47551D5AAA16B77C394B603B74E71A263F13F4"	"9DDEEF36CA0CA55B72FE3376D005926DFF3400A2ADE6EAE18482D8017D8645DB"	"CC6DA8404E3A2789A0E98BED460C4FAA90822BAC0EA362C67E261774BD0BF191"	"zstd"	"zstd=1"	"hybridzip-r2-currenthash-cc6d-20260827-r2-zstd"
"hybridzip-r2-currenthash-cc6d-20260827-r2"	"zstd"	"2"	"mr"	"32"	"32768"	"7957"	"32768"	"0.242828369140625"	"1.942626953125"	"0.0552704"	"0.0469036"	"5.20703125"	"2.01953125"	"5.20703125"	"3BB287B0AF65F777AB00C14E362B4D1962087260556001BBEE0689AA10D9F76A"	"76B953492C8F1056811CDB365E1193977BE86A8F308A6DEAC40DFFC0ADC5D8ED"	"3BB287B0AF65F777AB00C14E362B4D1962087260556001BBEE0689AA10D9F76A"	"CC6DA8404E3A2789A0E98BED460C4FAA90822BAC0EA362C67E261774BD0BF191"	"zstd"	"zstd=1"	"hybridzip-r2-currenthash-cc6d-20260827-r2-zstd"
"hybridzip-r2-currenthash-cc6d-20260827-r2"	"zstd"	"2"	"nci"	"32"	"32768"	"2480"	"32768"	"0.07568359375"	"0.60546875"	"0.0721363"	"0.046964"	"5.2109375"	"2.01953125"	"5.2109375"	"0D3034FE8B0E573DE1439ED98CE409B83B13E5895085C9BFB0BF980F4962FB79"	"F5DE61A6F62F7C9EB24C2A06B2FEDC923EADB9A0C993DDFC71F22F9C50BAC790"	"0D3034FE8B0E573DE1439ED98CE409B83B13E5895085C9BFB0BF980F4962FB79"	"CC6DA8404E3A2789A0E98BED460C4FAA90822BAC0EA362C67E261774BD0BF191"	"zstd"	"zstd=1"	"hybridzip-r2-currenthash-cc6d-20260827-r2-zstd"
"hybridzip-r2-currenthash-cc6d-20260827-r2"	"zstd"	"2"	"ooffice"	"32"	"32768"	"13019"	"32768"	"0.397308349609375"	"3.178466796875"	"0.0549523"	"0.0484215"	"5.17578125"	"2.015625"	"5.17578125"	"2ACF9B4CAAEAC5814CDFEF0FA48A5ECE857C847DBDB7B44EEAB95CA3C098921C"	"018704DBBDDA007838B4B58B54A2CD7FB210E7315E9194A1FEA740DFF9A4F0A5"	"2ACF9B4CAAEAC5814CDFEF0FA48A5ECE857C847DBDB7B44EEAB95CA3C098921C"	"CC6DA8404E3A2789A0E98BED460C4FAA90822BAC0EA362C67E261774BD0BF191"	"zstd"	"zstd=1"	"hybridzip-r2-currenthash-cc6d-20260827-r2-zstd"
"hybridzip-r2-currenthash-cc6d-20260827-r2"	"zstd"	"2"	"osdb"	"32"	"32768"	"15144"	"32768"	"0.462158203125"	"3.697265625"	"0.0581037"	"0.0446172"	"3.87109375"	"2.01953125"	"3.87109375"	"03B2C20B777682CD960BCD893D7A4463161D9C0200FD1708B2EFAE32A259D0B7"	"A343EB9B2B6A1A0C4D90ADFCCE648B02B1165821D04CCE46A3BC7CF0293E4CB4"	"03B2C20B777682CD960BCD893D7A4463161D9C0200FD1708B2EFAE32A259D0B7"	"CC6DA8404E3A2789A0E98BED460C4FAA90822BAC0EA362C67E261774BD0BF191"	"zstd"	"zstd=1"	"hybridzip-r2-currenthash-cc6d-20260827-r2-zstd"
"hybridzip-r2-currenthash-cc6d-20260827-r2"	"zstd"	"2"	"reymont"	"32"	"32768"	"9108"	"32768"	"0.2779541015625"	"2.2236328125"	"0.0569759"	"0.0503662"	"5.19140625"	"2.01953125"	"5.19140625"	"9D5E4B9340C2260DAE7DDB01B3EDA58236FF2DE5E1FF4D56767AA840B6FB1A87"	"444D74868418980E5E15B3389892AA2E8BCB377AB46DD78178B6E36D0FE9D24F"	"9D5E4B9340C2260DAE7DDB01B3EDA58236FF2DE5E1FF4D56767AA840B6FB1A87"	"CC6DA8404E3A2789A0E98BED460C4FAA90822BAC0EA362C67E261774BD0BF191"	"zstd"	"zstd=1"	"hybridzip-r2-currenthash-cc6d-20260827-r2-zstd"
"hybridzip-r2-currenthash-cc6d-20260827-r2"	"zstd"	"2"	"samba"	"32"	"32768"	"11027"	"32768"	"0.336517333984375"	"2.692138671875"	"0.0557237"	"0.049393"	"5.19140625"	"2.01953125"	"5.19140625"	"9C4F5BEE544E4531E4946E62F796987418B4526911C34877EF282F14DD57AD12"	"80795E1ACEADCB9B14A9C7A42DEFCB70DCD3FA02CDCF4D1E136E13134BE33E2F"	"9C4F5BEE544E4531E4946E62F796987418B4526911C34877EF282F14DD57AD12"	"CC6DA8404E3A2789A0E98BED460C4FAA90822BAC0EA362C67E261774BD0BF191"	"zstd"	"zstd=1"	"hybridzip-r2-currenthash-cc6d-20260827-r2-zstd"
"hybridzip-r2-currenthash-cc6d-20260827-r2"	"zstd"	"2"	"sao"	"32"	"32768"	"24423"	"32768"	"0.745330810546875"	"5.962646484375"	"0.0536764"	"0.04932"	"5.19140625"	"2.01953125"	"5.19140625"	"95677430CAD4F000506BC5EE22815C3F4E13D64B477ED506B78D5D9ACFB50CCD"	"0EF276C3900C3DEBF70047A6E4D597C34984DB7F58C0B85F018DCD51B59AFD42"	"95677430CAD4F000506BC5EE22815C3F4E13D64B477ED506B78D5D9ACFB50CCD"	"CC6DA8404E3A2789A0E98BED460C4FAA90822BAC0EA362C67E261774BD0BF191"	"zstd"	"zstd=1"	"hybridzip-r2-currenthash-cc6d-20260827-r2-zstd"
"hybridzip-r2-currenthash-cc6d-20260827-r2"	"zstd"	"2"	"webster"	"32"	"32768"	"12772"	"32768"	"0.3897705078125"	"3.1181640625"	"0.0551036"	"0.045753"	"2.01953125"	"2.01953125"	"2.01953125"	"774D224695AF4057353F72602BB96CD2AFEEA059AC7737535645F11596FCA85E"	"B8B07F495CA86662D71DA1A78D9AB2E6D6823A8739F86DF0D313BC1A2DD69A70"	"774D224695AF4057353F72602BB96CD2AFEEA059AC7737535645F11596FCA85E"	"CC6DA8404E3A2789A0E98BED460C4FAA90822BAC0EA362C67E261774BD0BF191"	"zstd"	"zstd=1"	"hybridzip-r2-currenthash-cc6d-20260827-r2-zstd"
"hybridzip-r2-currenthash-cc6d-20260827-r2"	"zstd"	"2"	"x-ray"	"32"	"32768"	"22464"	"32768"	"0.685546875"	"5.484375"	"0.0571659"	"0.0657912"	"5.328125"	"3.87109375"	"5.328125"	"10511AA63DFBD9C0DDBFEFE36068740103D4BA1116E214154A0772057D7E9314"	"17EB94E26301AE6A4FFEA3FE8E286480754A56725CBE7EA6530540DBC12519AA"	"10511AA63DFBD9C0DDBFEFE36068740103D4BA1116E214154A0772057D7E9314"	"CC6DA8404E3A2789A0E98BED460C4FAA90822BAC0EA362C67E261774BD0BF191"	"zstd"	"zstd=1"	"hybridzip-r2-currenthash-cc6d-20260827-r2-zstd"
"hybridzip-r2-currenthash-cc6d-20260827-r2"	"zstd"	"2"	"xml"	"32"	"32768"	"2713"	"32768"	"0.082794189453125"	"0.662353515625"	"0.0759684"	"0.0660896"	"5.19140625"	"2.5078125"	"5.19140625"	"C2F7F129956F8D6FC3D0E3595D93F98D5270B6F5BC4AB5E70F45867822EFDD71"	"9FC4E32A053DEE4407FDC1E879998A4C824983D3D101ED71720E20A492F57CAF"	"C2F7F129956F8D6FC3D0E3595D93F98D5270B6F5BC4AB5E70F45867822EFDD71"	"CC6DA8404E3A2789A0E98BED460C4FAA90822BAC0EA362C67E261774BD0BF191"	"zstd"	"zstd=1"	"hybridzip-r2-currenthash-cc6d-20260827-r2-zstd"
"hybridzip-r2-currenthash-cc6d-20260827-r2"	"fse"	"3"	"dickens"	"32"	"32768"	"19344"	"32768"	"0.59033203125"	"4.72265625"	"0.0509428"	"0.0467994"	"2.01953125"	"2.01953125"	"2.01953125"	"FC42DCB9849222C8704C9DCAE606D075B389B66244FB215035148D6409EC0B31"	"B83E87D4BF1662ED21123CC252FE076469E6E30C3D745DB5620214F15510A0B8"	"FC42DCB9849222C8704C9DCAE606D075B389B66244FB215035148D6409EC0B31"	"CC6DA8404E3A2789A0E98BED460C4FAA90822BAC0EA362C67E261774BD0BF191"	"fse"	"fse=1"	"hybridzip-r2-currenthash-cc6d-20260827-r2-fse"
"hybridzip-r2-currenthash-cc6d-20260827-r2"	"fse"	"3"	"mozilla"	"32"	"32768"	"21274"	"32768"	"0.64923095703125"	"5.19384765625"	"0.0500298"	"0.0501564"	"3.91796875"	"3.1640625"	"3.91796875"	"9DDEEF36CA0CA55B72FE3376D005926DFF3400A2ADE6EAE18482D8017D8645DB"	"5AED09A59498D48BB0C2BCE554FFA4148E824A8CD920773D24439992D68659D8"	"9DDEEF36CA0CA55B72FE3376D005926DFF3400A2ADE6EAE18482D8017D8645DB"	"CC6DA8404E3A2789A0E98BED460C4FAA90822BAC0EA362C67E261774BD0BF191"	"fse"	"fse=1"	"hybridzip-r2-currenthash-cc6d-20260827-r2-fse"
"hybridzip-r2-currenthash-cc6d-20260827-r2"	"fse"	"3"	"mr"	"32"	"32768"	"12118"	"32768"	"0.36981201171875"	"2.95849609375"	"0.0448493"	"0.0480417"	"2.01953125"	"2.01953125"	"2.01953125"	"3BB287B0AF65F777AB00C14E362B4D1962087260556001BBEE0689AA10D9F76A"	"923749ADADDBBC6E8C1C3C7C1432E7E8D645CEC52171D1A421E1C1938229B407"	"3BB287B0AF65F777AB00C14E362B4D1962087260556001BBEE0689AA10D9F76A"	"CC6DA8404E3A2789A0E98BED460C4FAA90822BAC0EA362C67E261774BD0BF191"	"fse"	"fse=1"	"hybridzip-r2-currenthash-cc6d-20260827-r2-fse"
"hybridzip-r2-currenthash-cc6d-20260827-r2"	"fse"	"3"	"nci"	"32"	"32768"	"10000"	"32768"	"0.30517578125"	"2.44140625"	"0.0477846"	"0.0431709"	"2.01953125"	"2.01953125"	"2.01953125"	"0D3034FE8B0E573DE1439ED98CE409B83B13E5895085C9BFB0BF980F4962FB79"	"B5FAE3CC9A5A7EB55939DD3C087ACF8609FE09E2A2EEB084BE5793B821A06485"	"0D3034FE8B0E573DE1439ED98CE409B83B13E5895085C9BFB0BF980F4962FB79"	"CC6DA8404E3A2789A0E98BED460C4FAA90822BAC0EA362C67E261774BD0BF191"	"fse"	"fse=1"	"hybridzip-r2-currenthash-cc6d-20260827-r2-fse"
"hybridzip-r2-currenthash-cc6d-20260827-r2"	"fse"	"3"	"ooffice"	"32"	"32768"	"25182"	"32768"	"0.76849365234375"	"6.14794921875"	"0.0558729"	"0.0485999"	"4.12890625"	"2.01953125"	"4.12890625"	"2ACF9B4CAAEAC5814CDFEF0FA48A5ECE857C847DBDB7B44EEAB95CA3C098921C"	"C680BA74C81631DF582BC47176C154C8E50088A36DFBE513A5B087E1BDBC6337"	"2ACF9B4CAAEAC5814CDFEF0FA48A5ECE857C847DBDB7B44EEAB95CA3C098921C"	"CC6DA8404E3A2789A0E98BED460C4FAA90822BAC0EA362C67E261774BD0BF191"	"fse"	"fse=1"	"hybridzip-r2-currenthash-cc6d-20260827-r2-fse"
"hybridzip-r2-currenthash-cc6d-20260827-r2"	"fse"	"3"	"osdb"	"32"	"32768"	"27311"	"32768"	"0.833465576171875"	"6.667724609375"	"0.055127"	"0.0470249"	"2.015625"	"2.01953125"	"2.01953125"	"03B2C20B777682CD960BCD893D7A4463161D9C0200FD1708B2EFAE32A259D0B7"	"FEC264967ED434B5867113DBF40C7D92F9A182999D3ED680833889FBA2601893"	"03B2C20B777682CD960BCD893D7A4463161D9C0200FD1708B2EFAE32A259D0B7"	"CC6DA8404E3A2789A0E98BED460C4FAA90822BAC0EA362C67E261774BD0BF191"	"fse"	"fse=1"	"hybridzip-r2-currenthash-cc6d-20260827-r2-fse"
"hybridzip-r2-currenthash-cc6d-20260827-r2"	"fse"	"3"	"reymont"	"32"	"32768"	"20364"	"32768"	"0.6214599609375"	"4.9716796875"	"0.0548241"	"0.0472613"	"2.98828125"	"2.01953125"	"2.98828125"	"9D5E4B9340C2260DAE7DDB01B3EDA58236FF2DE5E1FF4D56767AA840B6FB1A87"	"C461CFB6F5925CE880DD94A595F9D68451F660869D06FB6F1E9A2966650DB693"	"9D5E4B9340C2260DAE7DDB01B3EDA58236FF2DE5E1FF4D56767AA840B6FB1A87"	"CC6DA8404E3A2789A0E98BED460C4FAA90822BAC0EA362C67E261774BD0BF191"	"fse"	"fse=1"	"hybridzip-r2-currenthash-cc6d-20260827-r2-fse"
"hybridzip-r2-currenthash-cc6d-20260827-r2"	"fse"	"3"	"samba"	"32"	"32768"	"19959"	"32768"	"0.609100341796875"	"4.872802734375"	"0.0544439"	"0.0497343"	"4.02734375"	"2.01953125"	"4.02734375"	"9C4F5BEE544E4531E4946E62F796987418B4526911C34877EF282F14DD57AD12"	"D3D04DEADA69E37F5262095E119367924099647EAB24917C200FACF56C339271"	"9C4F5BEE544E4531E4946E62F796987418B4526911C34877EF282F14DD57AD12"	"CC6DA8404E3A2789A0E98BED460C4FAA90822BAC0EA362C67E261774BD0BF191"	"fse"	"fse=1"	"hybridzip-r2-currenthash-cc6d-20260827-r2-fse"
"hybridzip-r2-currenthash-cc6d-20260827-r2"	"fse"	"3"	"sao"	"32"	"32768"	"30507"	"32768"	"0.930999755859375"	"7.447998046875"	"0.0585003"	"0.0481131"	"4.47265625"	"2.01953125"	"4.47265625"	"95677430CAD4F000506BC5EE22815C3F4E13D64B477ED506B78D5D9ACFB50CCD"	"73A1C980812E9E5B99D187AA563F204A5E6A27D6884B221702D0DF2B4A1E1F2A"	"95677430CAD4F000506BC5EE22815C3F4E13D64B477ED506B78D5D9ACFB50CCD"	"CC6DA8404E3A2789A0E98BED460C4FAA90822BAC0EA362C67E261774BD0BF191"	"fse"	"fse=1"	"hybridzip-r2-currenthash-cc6d-20260827-r2-fse"
"hybridzip-r2-currenthash-cc6d-20260827-r2"	"fse"	"3"	"webster"	"32"	"32768"	"21014"	"32768"	"0.64129638671875"	"5.13037109375"	"0.0522982"	"0.06669"	"2.01953125"	"3.953125"	"3.953125"	"774D224695AF4057353F72602BB96CD2AFEEA059AC7737535645F11596FCA85E"	"FA45AC9876B8318B40DE09EB291024D1077FAE57C89BD2DB47E42B763911D25E"	"774D224695AF4057353F72602BB96CD2AFEEA059AC7737535645F11596FCA85E"	"CC6DA8404E3A2789A0E98BED460C4FAA90822BAC0EA362C67E261774BD0BF191"	"fse"	"fse=1"	"hybridzip-r2-currenthash-cc6d-20260827-r2-fse"
"hybridzip-r2-currenthash-cc6d-20260827-r2"	"fse"	"3"	"x-ray"	"32"	"32768"	"27018"	"32768"	"0.82452392578125"	"6.59619140625"	"0.0642142"	"0.0570092"	"2.01953125"	"4.34765625"	"4.34765625"	"10511AA63DFBD9C0DDBFEFE36068740103D4BA1116E214154A0772057D7E9314"	"41BB9BE26043DFAA307766DF20E0C11772348E7FE26ADF9ED74E305A600553C8"	"10511AA63DFBD9C0DDBFEFE36068740103D4BA1116E214154A0772057D7E9314"	"CC6DA8404E3A2789A0E98BED460C4FAA90822BAC0EA362C67E261774BD0BF191"	"fse"	"fse=1"	"hybridzip-r2-currenthash-cc6d-20260827-r2-fse"
"hybridzip-r2-currenthash-cc6d-20260827-r2"	"fse"	"3"	"xml"	"32"	"32768"	"21653"	"32768"	"0.660797119140625"	"5.286376953125"	"0.0627333"	"0.0557992"	"4.453125"	"2.01953125"	"4.453125"	"C2F7F129956F8D6FC3D0E3595D93F98D5270B6F5BC4AB5E70F45867822EFDD71"	"81E133086508FBE62EBD8F388A9BB38D71D14D5E8AF6FBA3637FCD8959B0BB5F"	"C2F7F129956F8D6FC3D0E3595D93F98D5270B6F5BC4AB5E70F45867822EFDD71"	"CC6DA8404E3A2789A0E98BED460C4FAA90822BAC0EA362C67E261774BD0BF191"	"fse"	"fse=1"	"hybridzip-r2-currenthash-cc6d-20260827-r2-fse"
"hybridzip-r2-currenthash-cc6d-20260827-r2"	"lzma"	"4"	"dickens"	"32"	"32768"	"13027"	"32768"	"0.397552490234375"	"3.180419921875"	"0.0558644"	"0.0515539"	"5.30078125"	"3.9609375"	"5.30078125"	"FC42DCB9849222C8704C9DCAE606D075B389B66244FB215035148D6409EC0B31"	"3D478B0B392DCB97250085CE013D52239E4FE321BCEEEFE83FC9AF90CD78A9E6"	"FC42DCB9849222C8704C9DCAE606D075B389B66244FB215035148D6409EC0B31"	"CC6DA8404E3A2789A0E98BED460C4FAA90822BAC0EA362C67E261774BD0BF191"	"lzma"	"lzma=1"	"hybridzip-r2-currenthash-cc6d-20260827-r2-lzma"
"hybridzip-r2-currenthash-cc6d-20260827-r2"	"lzma"	"4"	"mozilla"	"32"	"32768"	"8601"	"32768"	"0.262481689453125"	"2.099853515625"	"0.0674922"	"0.0477465"	"5.1171875"	"2.015625"	"5.1171875"	"9DDEEF36CA0CA55B72FE3376D005926DFF3400A2ADE6EAE18482D8017D8645DB"	"09C141486929D6E092CFC39FBC828E6DDEC275FB5817800A819645F46204FBF8"	"9DDEEF36CA0CA55B72FE3376D005926DFF3400A2ADE6EAE18482D8017D8645DB"	"CC6DA8404E3A2789A0E98BED460C4FAA90822BAC0EA362C67E261774BD0BF191"	"lzma"	"lzma=1"	"hybridzip-r2-currenthash-cc6d-20260827-r2-lzma"
"hybridzip-r2-currenthash-cc6d-20260827-r2"	"lzma"	"4"	"mr"	"32"	"32768"	"6731"	"32768"	"0.205413818359375"	"1.643310546875"	"0.056753"	"0.0500906"	"5.3671875"	"2.484375"	"5.3671875"	"3BB287B0AF65F777AB00C14E362B4D1962087260556001BBEE0689AA10D9F76A"	"4C13A2048CA7DBEEC1053E1B286982C028E75E3037DF5756BCD1BFD3985D81B2"	"3BB287B0AF65F777AB00C14E362B4D1962087260556001BBEE0689AA10D9F76A"	"CC6DA8404E3A2789A0E98BED460C4FAA90822BAC0EA362C67E261774BD0BF191"	"lzma"	"lzma=1"	"hybridzip-r2-currenthash-cc6d-20260827-r2-lzma"
"hybridzip-r2-currenthash-cc6d-20260827-r2"	"lzma"	"4"	"nci"	"32"	"32768"	"2495"	"32768"	"0.076141357421875"	"0.609130859375"	"0.0563234"	"0.0486604"	"5.1875"	"2.24609375"	"5.1875"	"0D3034FE8B0E573DE1439ED98CE409B83B13E5895085C9BFB0BF980F4962FB79"	"2E20C40F37915C7A16E77E45D31228D2E8521796AFE2DD10D80AD8DC0FF1E43C"	"0D3034FE8B0E573DE1439ED98CE409B83B13E5895085C9BFB0BF980F4962FB79"	"CC6DA8404E3A2789A0E98BED460C4FAA90822BAC0EA362C67E261774BD0BF191"	"lzma"	"lzma=1"	"hybridzip-r2-currenthash-cc6d-20260827-r2-lzma"
"hybridzip-r2-currenthash-cc6d-20260827-r2"	"lzma"	"4"	"ooffice"	"32"	"32768"	"12372"	"32768"	"0.3775634765625"	"3.0205078125"	"0.0550947"	"0.0495122"	"5.23046875"	"3.2578125"	"5.23046875"	"2ACF9B4CAAEAC5814CDFEF0FA48A5ECE857C847DBDB7B44EEAB95CA3C098921C"	"217FF9ECA7B13DC2D04399404B74D26EFFB98A2A96F386B0F0B0D851D6C7A0CE"	"2ACF9B4CAAEAC5814CDFEF0FA48A5ECE857C847DBDB7B44EEAB95CA3C098921C"	"CC6DA8404E3A2789A0E98BED460C4FAA90822BAC0EA362C67E261774BD0BF191"	"lzma"	"lzma=1"	"hybridzip-r2-currenthash-cc6d-20260827-r2-lzma"
"hybridzip-r2-currenthash-cc6d-20260827-r2"	"lzma"	"4"	"osdb"	"32"	"32768"	"14483"	"32768"	"0.441986083984375"	"3.535888671875"	"0.0547453"	"0.0496667"	"5.3515625"	"3.1015625"	"5.3515625"	"03B2C20B777682CD960BCD893D7A4463161D9C0200FD1708B2EFAE32A259D0B7"	"16129687C767A8EEA3F6E38AF91B9742685027BE8C651D63D4B48CC996934CA8"	"03B2C20B777682CD960BCD893D7A4463161D9C0200FD1708B2EFAE32A259D0B7"	"CC6DA8404E3A2789A0E98BED460C4FAA90822BAC0EA362C67E261774BD0BF191"	"lzma"	"lzma=1"	"hybridzip-r2-currenthash-cc6d-20260827-r2-lzma"
"hybridzip-r2-currenthash-cc6d-20260827-r2"	"lzma"	"4"	"reymont"	"32"	"32768"	"8810"	"32768"	"0.26885986328125"	"2.15087890625"	"0.0567812"	"0.05408"	"5.25390625"	"2.81640625"	"5.25390625"	"9D5E4B9340C2260DAE7DDB01B3EDA58236FF2DE5E1FF4D56767AA840B6FB1A87"	"2723F294624DD7A4363415AB8ADBB435252D0DC161B6624F05282731D6727582"	"9D5E4B9340C2260DAE7DDB01B3EDA58236FF2DE5E1FF4D56767AA840B6FB1A87"	"CC6DA8404E3A2789A0E98BED460C4FAA90822BAC0EA362C67E261774BD0BF191"	"lzma"	"lzma=1"	"hybridzip-r2-currenthash-cc6d-20260827-r2-lzma"
"hybridzip-r2-currenthash-cc6d-20260827-r2"	"lzma"	"4"	"samba"	"32"	"32768"	"10865"	"32768"	"0.331573486328125"	"2.652587890625"	"0.0536356"	"0.0479479"	"5.2109375"	"2.01953125"	"5.2109375"	"9C4F5BEE544E4531E4946E62F796987418B4526911C34877EF282F14DD57AD12"	"2E7D2209886E04FBA70E29CA8BB4A5EF6A0D973F06226AC6D65C69005B44A72A"	"9C4F5BEE544E4531E4946E62F796987418B4526911C34877EF282F14DD57AD12"	"CC6DA8404E3A2789A0E98BED460C4FAA90822BAC0EA362C67E261774BD0BF191"	"lzma"	"lzma=1"	"hybridzip-r2-currenthash-cc6d-20260827-r2-lzma"
"hybridzip-r2-currenthash-cc6d-20260827-r2"	"lzma"	"4"	"sao"	"32"	"32768"	"22279"	"32768"	"0.679901123046875"	"5.439208984375"	"0.0574851"	"0.0499707"	"5.375"	"2.66015625"	"5.375"	"95677430CAD4F000506BC5EE22815C3F4E13D64B477ED506B78D5D9ACFB50CCD"	"5D25D7A7D693C94A98BE67C8C46E9B85E28BE1E884F65C1C282E44B21F177ECC"	"95677430CAD4F000506BC5EE22815C3F4E13D64B477ED506B78D5D9ACFB50CCD"	"CC6DA8404E3A2789A0E98BED460C4FAA90822BAC0EA362C67E261774BD0BF191"	"lzma"	"lzma=1"	"hybridzip-r2-currenthash-cc6d-20260827-r2-lzma"
"hybridzip-r2-currenthash-cc6d-20260827-r2"	"lzma"	"4"	"webster"	"32"	"32768"	"12595"	"32768"	"0.384368896484375"	"3.074951171875"	"0.0547011"	"0.0492379"	"5.16796875"	"3.11328125"	"5.16796875"	"774D224695AF4057353F72602BB96CD2AFEEA059AC7737535645F11596FCA85E"	"0CF43EAF148A1AD0C1920A965B1E90404290FB419BA657AAD13B6EA273703567"	"774D224695AF4057353F72602BB96CD2AFEEA059AC7737535645F11596FCA85E"	"CC6DA8404E3A2789A0E98BED460C4FAA90822BAC0EA362C67E261774BD0BF191"	"lzma"	"lzma=1"	"hybridzip-r2-currenthash-cc6d-20260827-r2-lzma"
"hybridzip-r2-currenthash-cc6d-20260827-r2"	"lzma"	"4"	"x-ray"	"32"	"32768"	"18233"	"32768"	"0.556427001953125"	"4.451416015625"	"0.057928"	"0.0479157"	"2.01953125"	"2.01953125"	"2.01953125"	"10511AA63DFBD9C0DDBFEFE36068740103D4BA1116E214154A0772057D7E9314"	"B6C4A6A61C6CD2F53A5BAEC7D324EECA979DEEFE8EEB345FAB64E5F157AA9987"	"10511AA63DFBD9C0DDBFEFE36068740103D4BA1116E214154A0772057D7E9314"	"CC6DA8404E3A2789A0E98BED460C4FAA90822BAC0EA362C67E261774BD0BF191"	"lzma"	"lzma=1"	"hybridzip-r2-currenthash-cc6d-20260827-r2-lzma"
"hybridzip-r2-currenthash-cc6d-20260827-r2"	"lzma"	"4"	"xml"	"32"	"32768"	"2614"	"32768"	"0.07977294921875"	"0.63818359375"	"0.0616038"	"0.0615071"	"2.01953125"	"2.01953125"	"2.01953125"	"C2F7F129956F8D6FC3D0E3595D93F98D5270B6F5BC4AB5E70F45867822EFDD71"	"6761EB9E01A6E3D075D3887A0F8DEA897157BCD24AF3AB7BC23D1BD9C6098B48"	"C2F7F129956F8D6FC3D0E3595D93F98D5270B6F5BC4AB5E70F45867822EFDD71"	"CC6DA8404E3A2789A0E98BED460C4FAA90822BAC0EA362C67E261774BD0BF191"	"lzma"	"lzma=1"	"hybridzip-r2-currenthash-cc6d-20260827-r2-lzma"
"hybridzip-r2-currenthash-cc6d-20260827-r2"	"donor-match"	"5"	"dickens"	"32"	"32768"	"12951"	"32768"	"0.395233154296875"	"3.161865234375"	"28.8519477"	"28.6390947"	"130.25390625"	"130.04296875"	"130.25390625"	"FC42DCB9849222C8704C9DCAE606D075B389B66244FB215035148D6409EC0B31"	"31A58DC24D0E3387EEA58D5915F16EEDC3536B7E37C91C539FA618A147F625A4"	"FC42DCB9849222C8704C9DCAE606D075B389B66244FB215035148D6409EC0B31"	"CC6DA8404E3A2789A0E98BED460C4FAA90822BAC0EA362C67E261774BD0BF191"	"donor-match"	"donor-match=1"	"hybridzip-r2-currenthash-cc6d-20260827-r2-donor-match"
"hybridzip-r2-currenthash-cc6d-20260827-r2"	"donor-match"	"5"	"mozilla"	"32"	"32768"	"10890"	"32768"	"0.33233642578125"	"2.65869140625"	"30.7777855"	"30.9369905"	"130.25"	"130.52734375"	"130.52734375"	"9DDEEF36CA0CA55B72FE3376D005926DFF3400A2ADE6EAE18482D8017D8645DB"	"DFABBBCA8A77005953C3364372D70687527355093B1937874716E2E15580A41B"	"9DDEEF36CA0CA55B72FE3376D005926DFF3400A2ADE6EAE18482D8017D8645DB"	"CC6DA8404E3A2789A0E98BED460C4FAA90822BAC0EA362C67E261774BD0BF191"	"donor-match"	"donor-match=1"	"hybridzip-r2-currenthash-cc6d-20260827-r2-donor-match"
"hybridzip-r2-currenthash-cc6d-20260827-r2"	"donor-match"	"5"	"mr"	"32"	"32768"	"8474"	"32768"	"0.25860595703125"	"2.06884765625"	"29.1479531"	"29.0679648"	"130.24609375"	"130.32421875"	"130.32421875"	"3BB287B0AF65F777AB00C14E362B4D1962087260556001BBEE0689AA10D9F76A"	"B83F11AE06F16100651174E1D4ED2887A85EA3C3DE376DA82036E1BCE0451B5E"	"3BB287B0AF65F777AB00C14E362B4D1962087260556001BBEE0689AA10D9F76A"	"CC6DA8404E3A2789A0E98BED460C4FAA90822BAC0EA362C67E261774BD0BF191"	"donor-match"	"donor-match=1"	"hybridzip-r2-currenthash-cc6d-20260827-r2-donor-match"
"hybridzip-r2-currenthash-cc6d-20260827-r2"	"donor-match"	"5"	"nci"	"32"	"32768"	"4879"	"32768"	"0.148895263671875"	"1.191162109375"	"29.1928037"	"29.1261192"	"129.9609375"	"129.96875"	"129.96875"	"0D3034FE8B0E573DE1439ED98CE409B83B13E5895085C9BFB0BF980F4962FB79"	"20328D2B7668EDF54430F88997C2691CEEC1E4185224ED6EFA5DD1482DC4E071"	"0D3034FE8B0E573DE1439ED98CE409B83B13E5895085C9BFB0BF980F4962FB79"	"CC6DA8404E3A2789A0E98BED460C4FAA90822BAC0EA362C67E261774BD0BF191"	"donor-match"	"donor-match=1"	"hybridzip-r2-currenthash-cc6d-20260827-r2-donor-match"
"hybridzip-r2-currenthash-cc6d-20260827-r2"	"donor-match"	"5"	"ooffice"	"32"	"32768"	"13659"	"32768"	"0.416839599609375"	"3.334716796875"	"30.8519721"	"30.8961235"	"130.25390625"	"130.29296875"	"130.29296875"	"2ACF9B4CAAEAC5814CDFEF0FA48A5ECE857C847DBDB7B44EEAB95CA3C098921C"	"00BF8C85F1046E870ECDAC565C044E2392462A32D1252C78A5491189C487DD8B"	"2ACF9B4CAAEAC5814CDFEF0FA48A5ECE857C847DBDB7B44EEAB95CA3C098921C"	"CC6DA8404E3A2789A0E98BED460C4FAA90822BAC0EA362C67E261774BD0BF191"	"donor-match"	"donor-match=1"	"hybridzip-r2-currenthash-cc6d-20260827-r2-donor-match"
"hybridzip-r2-currenthash-cc6d-20260827-r2"	"donor-match"	"5"	"osdb"	"32"	"32768"	"15142"	"32768"	"0.46209716796875"	"3.69677734375"	"30.4805765"	"30.5026552"	"130.29296875"	"130.0859375"	"130.29296875"	"03B2C20B777682CD960BCD893D7A4463161D9C0200FD1708B2EFAE32A259D0B7"	"94727FAEE0CF7896073EC379BC3A59C8455633B1A8E1C6A6F7A1DD7C6FAF8ED1"	"03B2C20B777682CD960BCD893D7A4463161D9C0200FD1708B2EFAE32A259D0B7"	"CC6DA8404E3A2789A0E98BED460C4FAA90822BAC0EA362C67E261774BD0BF191"	"donor-match"	"donor-match=1"	"hybridzip-r2-currenthash-cc6d-20260827-r2-donor-match"
"hybridzip-r2-currenthash-cc6d-20260827-r2"	"donor-match"	"5"	"reymont"	"32"	"32768"	"9361"	"32768"	"0.285675048828125"	"2.285400390625"	"28.8884043"	"28.6706854"	"130.1171875"	"129.93359375"	"130.1171875"	"9D5E4B9340C2260DAE7DDB01B3EDA58236FF2DE5E1FF4D56767AA840B6FB1A87"	"2B58A85928E5AF063536B742159A7B38B00938785867612B7EAD4E13330218B0"	"9D5E4B9340C2260DAE7DDB01B3EDA58236FF2DE5E1FF4D56767AA840B6FB1A87"	"CC6DA8404E3A2789A0E98BED460C4FAA90822BAC0EA362C67E261774BD0BF191"	"donor-match"	"donor-match=1"	"hybridzip-r2-currenthash-cc6d-20260827-r2-donor-match"
"hybridzip-r2-currenthash-cc6d-20260827-r2"	"donor-match"	"5"	"samba"	"32"	"32768"	"11173"	"32768"	"0.340972900390625"	"2.727783203125"	"28.9954888"	"28.8983163"	"129.95703125"	"130.02734375"	"130.02734375"	"9C4F5BEE544E4531E4946E62F796987418B4526911C34877EF282F14DD57AD12"	"64D0E44DD358FC7176B57A641896D639334067C2216AB7C1C2AEAD63118868E9"	"9C4F5BEE544E4531E4946E62F796987418B4526911C34877EF282F14DD57AD12"	"CC6DA8404E3A2789A0E98BED460C4FAA90822BAC0EA362C67E261774BD0BF191"	"donor-match"	"donor-match=1"	"hybridzip-r2-currenthash-cc6d-20260827-r2-donor-match"
"hybridzip-r2-currenthash-cc6d-20260827-r2"	"donor-match"	"5"	"sao"	"32"	"32768"	"23756"	"32768"	"0.7249755859375"	"5.7998046875"	"29.3983928"	"29.2456626"	"129.953125"	"130.22265625"	"130.22265625"	"95677430CAD4F000506BC5EE22815C3F4E13D64B477ED506B78D5D9ACFB50CCD"	"EA66EEE051B85A6EF6250CFBAE4740E268B78ECCA43B07CDD7691A33EF76A4CB"	"95677430CAD4F000506BC5EE22815C3F4E13D64B477ED506B78D5D9ACFB50CCD"	"CC6DA8404E3A2789A0E98BED460C4FAA90822BAC0EA362C67E261774BD0BF191"	"donor-match"	"donor-match=1"	"hybridzip-r2-currenthash-cc6d-20260827-r2-donor-match"
"hybridzip-r2-currenthash-cc6d-20260827-r2"	"donor-match"	"5"	"webster"	"32"	"32768"	"12539"	"32768"	"0.382659912109375"	"3.061279296875"	"29.2289043"	"29.2112016"	"129.953125"	"130.0390625"	"130.0390625"	"774D224695AF4057353F72602BB96CD2AFEEA059AC7737535645F11596FCA85E"	"D60F3E13F51653EDACEE93EB3E5A71583F6E819F9765557794D8FEA75B1CEE71"	"774D224695AF4057353F72602BB96CD2AFEEA059AC7737535645F11596FCA85E"	"CC6DA8404E3A2789A0E98BED460C4FAA90822BAC0EA362C67E261774BD0BF191"	"donor-match"	"donor-match=1"	"hybridzip-r2-currenthash-cc6d-20260827-r2-donor-match"
"hybridzip-r2-currenthash-cc6d-20260827-r2"	"donor-match"	"5"	"x-ray"	"32"	"32768"	"19389"	"32768"	"0.591705322265625"	"4.733642578125"	"29.3304656"	"29.4141582"	"130.24609375"	"130.20703125"	"130.24609375"	"10511AA63DFBD9C0DDBFEFE36068740103D4BA1116E214154A0772057D7E9314"	"9CF1DC23BD9AD2DDFE5BFF72CBD0E5B6ECC7AED77D647CB1BF3D1D80FF0EDBD8"	"10511AA63DFBD9C0DDBFEFE36068740103D4BA1116E214154A0772057D7E9314"	"CC6DA8404E3A2789A0E98BED460C4FAA90822BAC0EA362C67E261774BD0BF191"	"donor-match"	"donor-match=1"	"hybridzip-r2-currenthash-cc6d-20260827-r2-donor-match"
"hybridzip-r2-currenthash-cc6d-20260827-r2"	"donor-match"	"5"	"xml"	"32"	"32768"	"5016"	"32768"	"0.153076171875"	"1.224609375"	"28.8874947"	"28.9395575"	"130.25390625"	"129.984375"	"130.25390625"	"C2F7F129956F8D6FC3D0E3595D93F98D5270B6F5BC4AB5E70F45867822EFDD71"	"7E5FAD6C1478556F89B9AE2BE35F4CACC59FC5E241DE2AAD39A7597789063DD2"	"C2F7F129956F8D6FC3D0E3595D93F98D5270B6F5BC4AB5E70F45867822EFDD71"	"CC6DA8404E3A2789A0E98BED460C4FAA90822BAC0EA362C67E261774BD0BF191"	"donor-match"	"donor-match=1"	"hybridzip-r2-currenthash-cc6d-20260827-r2-donor-match"
"hybridzip-r2-currenthash-cc6d-20260827-r2"	"bwt-zstd"	"6"	"dickens"	"32"	"32768"	"14061"	"32768"	"0.429107666015625"	"3.432861328125"	"0.0723765"	"0.0628624"	"2.01953125"	"2.01953125"	"2.01953125"	"FC42DCB9849222C8704C9DCAE606D075B389B66244FB215035148D6409EC0B31"	"B0E39D7FFAF5A80581D1A3E1038A5C5535DAFEA96D8640121CEBB448E5CB2292"	"FC42DCB9849222C8704C9DCAE606D075B389B66244FB215035148D6409EC0B31"	"CC6DA8404E3A2789A0E98BED460C4FAA90822BAC0EA362C67E261774BD0BF191"	"bwt-zstd"	"bwt-zstd=1"	"hybridzip-r2-currenthash-cc6d-20260827-r2-bwt-zstd"
"hybridzip-r2-currenthash-cc6d-20260827-r2"	"bwt-zstd"	"6"	"mozilla"	"32"	"32768"	"12081"	"32768"	"0.368682861328125"	"2.949462890625"	"0.0664508"	"0.0509472"	"2.23046875"	"3.28515625"	"3.28515625"	"9DDEEF36CA0CA55B72FE3376D005926DFF3400A2ADE6EAE18482D8017D8645DB"	"66642E49D2D008DA5B46CF8D5DB280F007F1AE9DC33E16F618E4AA3C0B95BC14"	"9DDEEF36CA0CA55B72FE3376D005926DFF3400A2ADE6EAE18482D8017D8645DB"	"CC6DA8404E3A2789A0E98BED460C4FAA90822BAC0EA362C67E261774BD0BF191"	"bwt-zstd"	"bwt-zstd=1"	"hybridzip-r2-currenthash-cc6d-20260827-r2-bwt-zstd"
"hybridzip-r2-currenthash-cc6d-20260827-r2"	"bwt-zstd"	"6"	"mr"	"32"	"32768"	"7934"	"32768"	"0.24212646484375"	"1.93701171875"	"0.0581986"	"0.0633598"	"2.015625"	"2.01953125"	"2.01953125"	"3BB287B0AF65F777AB00C14E362B4D1962087260556001BBEE0689AA10D9F76A"	"79FE5D1B2D652A7E15C6DF503B850AB34BF1E9392CD994EC0E8C6CA987D13EBB"	"3BB287B0AF65F777AB00C14E362B4D1962087260556001BBEE0689AA10D9F76A"	"CC6DA8404E3A2789A0E98BED460C4FAA90822BAC0EA362C67E261774BD0BF191"	"bwt-zstd"	"bwt-zstd=1"	"hybridzip-r2-currenthash-cc6d-20260827-r2-bwt-zstd"
"hybridzip-r2-currenthash-cc6d-20260827-r2"	"bwt-zstd"	"6"	"nci"	"32"	"32768"	"2775"	"32768"	"0.084686279296875"	"0.677490234375"	"0.0745882"	"0.0475603"	"5.4609375"	"2.01953125"	"5.4609375"	"0D3034FE8B0E573DE1439ED98CE409B83B13E5895085C9BFB0BF980F4962FB79"	"09BEF8D08CFD4155E4A27DD0C587B3222131C4B2AC11435D411993DAA45A638E"	"0D3034FE8B0E573DE1439ED98CE409B83B13E5895085C9BFB0BF980F4962FB79"	"CC6DA8404E3A2789A0E98BED460C4FAA90822BAC0EA362C67E261774BD0BF191"	"bwt-zstd"	"bwt-zstd=1"	"hybridzip-r2-currenthash-cc6d-20260827-r2-bwt-zstd"
"hybridzip-r2-currenthash-cc6d-20260827-r2"	"bwt-zstd"	"6"	"ooffice"	"32"	"32768"	"15371"	"32768"	"0.469085693359375"	"3.752685546875"	"0.0563947"	"0.0482031"	"5.41015625"	"2.01953125"	"5.41015625"	"2ACF9B4CAAEAC5814CDFEF0FA48A5ECE857C847DBDB7B44EEAB95CA3C098921C"	"46BB65B6977B224274EA4A9FC67FDCFBBD0D402DC9D07FAF3B87F75D5090E6FE"	"2ACF9B4CAAEAC5814CDFEF0FA48A5ECE857C847DBDB7B44EEAB95CA3C098921C"	"CC6DA8404E3A2789A0E98BED460C4FAA90822BAC0EA362C67E261774BD0BF191"	"bwt-zstd"	"bwt-zstd=1"	"hybridzip-r2-currenthash-cc6d-20260827-r2-bwt-zstd"
"hybridzip-r2-currenthash-cc6d-20260827-r2"	"bwt-zstd"	"6"	"osdb"	"32"	"32768"	"17505"	"32768"	"0.534210205078125"	"4.273681640625"	"0.0650552"	"0.0470288"	"2.1328125"	"2.015625"	"2.1328125"	"03B2C20B777682CD960BCD893D7A4463161D9C0200FD1708B2EFAE32A259D0B7"	"A3A51B37FCC284BFACCBB59A989163C068B72A559FEABD43A9547F0EF9AC3263"	"03B2C20B777682CD960BCD893D7A4463161D9C0200FD1708B2EFAE32A259D0B7"	"CC6DA8404E3A2789A0E98BED460C4FAA90822BAC0EA362C67E261774BD0BF191"	"bwt-zstd"	"bwt-zstd=1"	"hybridzip-r2-currenthash-cc6d-20260827-r2-bwt-zstd"
"hybridzip-r2-currenthash-cc6d-20260827-r2"	"bwt-zstd"	"6"	"reymont"	"32"	"32768"	"9556"	"32768"	"0.2916259765625"	"2.3330078125"	"0.0563624"	"0.0439091"	"4.578125"	"2.01953125"	"4.578125"	"9D5E4B9340C2260DAE7DDB01B3EDA58236FF2DE5E1FF4D56767AA840B6FB1A87"	"11B21AAEC206EDC8ACD92FCDF86513CFECBFC55903A1ECB3CDBE437B26EF5D57"	"9D5E4B9340C2260DAE7DDB01B3EDA58236FF2DE5E1FF4D56767AA840B6FB1A87"	"CC6DA8404E3A2789A0E98BED460C4FAA90822BAC0EA362C67E261774BD0BF191"	"bwt-zstd"	"bwt-zstd=1"	"hybridzip-r2-currenthash-cc6d-20260827-r2-bwt-zstd"
"hybridzip-r2-currenthash-cc6d-20260827-r2"	"bwt-zstd"	"6"	"samba"	"32"	"32768"	"12113"	"32768"	"0.369659423828125"	"2.957275390625"	"0.0607435"	"0.0650596"	"2.01953125"	"3.2265625"	"3.2265625"	"9C4F5BEE544E4531E4946E62F796987418B4526911C34877EF282F14DD57AD12"	"BBD4746835B05D59933030588D51EBF3EFD849C79A3F4218324DA21C22520098"	"9C4F5BEE544E4531E4946E62F796987418B4526911C34877EF282F14DD57AD12"	"CC6DA8404E3A2789A0E98BED460C4FAA90822BAC0EA362C67E261774BD0BF191"	"bwt-zstd"	"bwt-zstd=1"	"hybridzip-r2-currenthash-cc6d-20260827-r2-bwt-zstd"
"hybridzip-r2-currenthash-cc6d-20260827-r2"	"bwt-zstd"	"6"	"sao"	"32"	"32768"	"24720"	"32768"	"0.75439453125"	"6.03515625"	"0.0724953"	"0.0613548"	"5.47265625"	"2.01953125"	"5.47265625"	"95677430CAD4F000506BC5EE22815C3F4E13D64B477ED506B78D5D9ACFB50CCD"	"86FDEC6127FC1A8DB4B93FED9A2800C412CBD7C3AC10A164B12319D728FC8174"	"95677430CAD4F000506BC5EE22815C3F4E13D64B477ED506B78D5D9ACFB50CCD"	"CC6DA8404E3A2789A0E98BED460C4FAA90822BAC0EA362C67E261774BD0BF191"	"bwt-zstd"	"bwt-zstd=1"	"hybridzip-r2-currenthash-cc6d-20260827-r2-bwt-zstd"
"hybridzip-r2-currenthash-cc6d-20260827-r2"	"bwt-zstd"	"6"	"webster"	"32"	"32768"	"13874"	"32768"	"0.42340087890625"	"3.38720703125"	"0.0537501"	"0.0483421"	"4.234375"	"2.01953125"	"4.234375"	"774D224695AF4057353F72602BB96CD2AFEEA059AC7737535645F11596FCA85E"	"8B0FE212FB08E1560AA3CFCBFADAAAA33E35BAE070F124CAB9A924E86C1AFB2C"	"774D224695AF4057353F72602BB96CD2AFEEA059AC7737535645F11596FCA85E"	"CC6DA8404E3A2789A0E98BED460C4FAA90822BAC0EA362C67E261774BD0BF191"	"bwt-zstd"	"bwt-zstd=1"	"hybridzip-r2-currenthash-cc6d-20260827-r2-bwt-zstd"
"hybridzip-r2-currenthash-cc6d-20260827-r2"	"bwt-zstd"	"6"	"x-ray"	"32"	"32768"	"20054"	"32768"	"0.61199951171875"	"4.89599609375"	"0.0587079"	"0.0499307"	"5.51953125"	"2.6640625"	"5.51953125"	"10511AA63DFBD9C0DDBFEFE36068740103D4BA1116E214154A0772057D7E9314"	"03443FC5FC2615D73C8E66389C6A6A374E5444E0BE9AD031F3205316D5AD5155"	"10511AA63DFBD9C0DDBFEFE36068740103D4BA1116E214154A0772057D7E9314"	"CC6DA8404E3A2789A0E98BED460C4FAA90822BAC0EA362C67E261774BD0BF191"	"bwt-zstd"	"bwt-zstd=1"	"hybridzip-r2-currenthash-cc6d-20260827-r2-bwt-zstd"
"hybridzip-r2-currenthash-cc6d-20260827-r2"	"bwt-zstd"	"6"	"xml"	"32"	"32768"	"3024"	"32768"	"0.09228515625"	"0.73828125"	"0.0731553"	"0.0496548"	"5.44921875"	"2.01953125"	"5.44921875"	"C2F7F129956F8D6FC3D0E3595D93F98D5270B6F5BC4AB5E70F45867822EFDD71"	"67151E3FED3E4359D0262D49692A709E1653DB35B49D10836BA0BF80575E68F5"	"C2F7F129956F8D6FC3D0E3595D93F98D5270B6F5BC4AB5E70F45867822EFDD71"	"CC6DA8404E3A2789A0E98BED460C4FAA90822BAC0EA362C67E261774BD0BF191"	"bwt-zstd"	"bwt-zstd=1"	"hybridzip-r2-currenthash-cc6d-20260827-r2-bwt-zstd"
"hybridzip-r2-currenthash-cc6d-20260827-r2"	"bwt-mtf-zstd"	"7"	"dickens"	"32"	"32768"	"13057"	"32768"	"0.398468017578125"	"3.187744140625"	"0.058247"	"0.0423908"	"2.01953125"	"2.015625"	"2.01953125"	"FC42DCB9849222C8704C9DCAE606D075B389B66244FB215035148D6409EC0B31"	"4B5C9C2C4906DD7F437B3508E8BA8FD25223ED1CDF1DB6AB3BF4A2F04FA49D56"	"FC42DCB9849222C8704C9DCAE606D075B389B66244FB215035148D6409EC0B31"	"CC6DA8404E3A2789A0E98BED460C4FAA90822BAC0EA362C67E261774BD0BF191"	"bwt-mtf-zstd"	"bwt-mtf-zstd=1"	"hybridzip-r2-currenthash-cc6d-20260827-r2-bwt-mtf-zstd"
"hybridzip-r2-currenthash-cc6d-20260827-r2"	"bwt-mtf-zstd"	"7"	"mozilla"	"32"	"32768"	"11408"	"32768"	"0.34814453125"	"2.78515625"	"0.0618108"	"0.0487808"	"5.4140625"	"2.12109375"	"5.4140625"	"9DDEEF36CA0CA55B72FE3376D005926DFF3400A2ADE6EAE18482D8017D8645DB"	"65D6544E7B0C60F5C6A90A7E77A16288B85C7D7CF2E98FF895765ACFF67A0955"	"9DDEEF36CA0CA55B72FE3376D005926DFF3400A2ADE6EAE18482D8017D8645DB"	"CC6DA8404E3A2789A0E98BED460C4FAA90822BAC0EA362C67E261774BD0BF191"	"bwt-mtf-zstd"	"bwt-mtf-zstd=1"	"hybridzip-r2-currenthash-cc6d-20260827-r2-bwt-mtf-zstd"
"hybridzip-r2-currenthash-cc6d-20260827-r2"	"bwt-mtf-zstd"	"7"	"mr"	"32"	"32768"	"7586"	"32768"	"0.23150634765625"	"1.85205078125"	"0.0696915"	"0.0657874"	"5.3125"	"2.37109375"	"5.3125"	"3BB287B0AF65F777AB00C14E362B4D1962087260556001BBEE0689AA10D9F76A"	"A18DF45F8B27367E329F682D1BCC7AE3F5211F042CCFA34B12A91C059D2D0736"	"3BB287B0AF65F777AB00C14E362B4D1962087260556001BBEE0689AA10D9F76A"	"CC6DA8404E3A2789A0E98BED460C4FAA90822BAC0EA362C67E261774BD0BF191"	"bwt-mtf-zstd"	"bwt-mtf-zstd=1"	"hybridzip-r2-currenthash-cc6d-20260827-r2-bwt-mtf-zstd"
"hybridzip-r2-currenthash-cc6d-20260827-r2"	"bwt-mtf-zstd"	"7"	"nci"	"32"	"32768"	"2721"	"32768"	"0.083038330078125"	"0.664306640625"	"0.0573453"	"0.0480361"	"5.39453125"	"2.01953125"	"5.39453125"	"0D3034FE8B0E573DE1439ED98CE409B83B13E5895085C9BFB0BF980F4962FB79"	"E06F183B36B0F9EF63904AAF0E65CA5252D48C08FD839633A9F76FA41C804C8F"	"0D3034FE8B0E573DE1439ED98CE409B83B13E5895085C9BFB0BF980F4962FB79"	"CC6DA8404E3A2789A0E98BED460C4FAA90822BAC0EA362C67E261774BD0BF191"	"bwt-mtf-zstd"	"bwt-mtf-zstd=1"	"hybridzip-r2-currenthash-cc6d-20260827-r2-bwt-mtf-zstd"
"hybridzip-r2-currenthash-cc6d-20260827-r2"	"bwt-mtf-zstd"	"7"	"ooffice"	"32"	"32768"	"14605"	"32768"	"0.445709228515625"	"3.565673828125"	"0.0650364"	"0.0641346"	"2.01953125"	"2.01953125"	"2.01953125"	"2ACF9B4CAAEAC5814CDFEF0FA48A5ECE857C847DBDB7B44EEAB95CA3C098921C"	"99D5E1E6A0D52407ABBF860F61A909CF79EDF9689443CAED6FE18CEFE81BBE49"	"2ACF9B4CAAEAC5814CDFEF0FA48A5ECE857C847DBDB7B44EEAB95CA3C098921C"	"CC6DA8404E3A2789A0E98BED460C4FAA90822BAC0EA362C67E261774BD0BF191"	"bwt-mtf-zstd"	"bwt-mtf-zstd=1"	"hybridzip-r2-currenthash-cc6d-20260827-r2-bwt-mtf-zstd"
"hybridzip-r2-currenthash-cc6d-20260827-r2"	"bwt-mtf-zstd"	"7"	"osdb"	"32"	"32768"	"17562"	"32768"	"0.53594970703125"	"4.28759765625"	"0.0732413"	"0.05476"	"5.34765625"	"2.01953125"	"5.34765625"	"03B2C20B777682CD960BCD893D7A4463161D9C0200FD1708B2EFAE32A259D0B7"	"0850CE392CCE0B227CBCCD8A6D14F44B2D4D59BE9249BEDAA1ECBA70BA6C034A"	"03B2C20B777682CD960BCD893D7A4463161D9C0200FD1708B2EFAE32A259D0B7"	"CC6DA8404E3A2789A0E98BED460C4FAA90822BAC0EA362C67E261774BD0BF191"	"bwt-mtf-zstd"	"bwt-mtf-zstd=1"	"hybridzip-r2-currenthash-cc6d-20260827-r2-bwt-mtf-zstd"
"hybridzip-r2-currenthash-cc6d-20260827-r2"	"bwt-mtf-zstd"	"7"	"reymont"	"32"	"32768"	"8700"	"32768"	"0.2655029296875"	"2.1240234375"	"0.0598996"	"0.0579578"	"5.3046875"	"4.75390625"	"5.3046875"	"9D5E4B9340C2260DAE7DDB01B3EDA58236FF2DE5E1FF4D56767AA840B6FB1A87"	"B3C7459FD054D87738F132C602C277CBA27CD6CE6057D672407233347C9DC700"	"9D5E4B9340C2260DAE7DDB01B3EDA58236FF2DE5E1FF4D56767AA840B6FB1A87"	"CC6DA8404E3A2789A0E98BED460C4FAA90822BAC0EA362C67E261774BD0BF191"	"bwt-mtf-zstd"	"bwt-mtf-zstd=1"	"hybridzip-r2-currenthash-cc6d-20260827-r2-bwt-mtf-zstd"
"hybridzip-r2-currenthash-cc6d-20260827-r2"	"bwt-mtf-zstd"	"7"	"samba"	"32"	"32768"	"11163"	"32768"	"0.340667724609375"	"2.725341796875"	"0.0556238"	"0.0475405"	"5.35546875"	"2.01953125"	"5.35546875"	"9C4F5BEE544E4531E4946E62F796987418B4526911C34877EF282F14DD57AD12"	"F712B95F61E6C631D94BB116AF574DC6114B34A2E55BE4678FEFDBC265A4313B"	"9C4F5BEE544E4531E4946E62F796987418B4526911C34877EF282F14DD57AD12"	"CC6DA8404E3A2789A0E98BED460C4FAA90822BAC0EA362C67E261774BD0BF191"	"bwt-mtf-zstd"	"bwt-mtf-zstd=1"	"hybridzip-r2-currenthash-cc6d-20260827-r2-bwt-mtf-zstd"
"hybridzip-r2-currenthash-cc6d-20260827-r2"	"bwt-mtf-zstd"	"7"	"sao"	"32"	"32768"	"25217"	"32768"	"0.769561767578125"	"6.156494140625"	"0.0572703"	"0.0476563"	"5.30078125"	"2.01953125"	"5.30078125"	"95677430CAD4F000506BC5EE22815C3F4E13D64B477ED506B78D5D9ACFB50CCD"	"0B574520ABCE68512329F862BCC6184942BE1F3357A874DD07BCC10E2980C34D"	"95677430CAD4F000506BC5EE22815C3F4E13D64B477ED506B78D5D9ACFB50CCD"	"CC6DA8404E3A2789A0E98BED460C4FAA90822BAC0EA362C67E261774BD0BF191"	"bwt-mtf-zstd"	"bwt-mtf-zstd=1"	"hybridzip-r2-currenthash-cc6d-20260827-r2-bwt-mtf-zstd"
"hybridzip-r2-currenthash-cc6d-20260827-r2"	"bwt-mtf-zstd"	"7"	"webster"	"32"	"32768"	"12804"	"32768"	"0.3907470703125"	"3.1259765625"	"0.0682331"	"0.0498591"	"2.01953125"	"2.01953125"	"2.01953125"	"774D224695AF4057353F72602BB96CD2AFEEA059AC7737535645F11596FCA85E"	"1A04A4F8EB7A9E80C402DAE215E1A5151B1355430C849847EED32679801225BD"	"774D224695AF4057353F72602BB96CD2AFEEA059AC7737535645F11596FCA85E"	"CC6DA8404E3A2789A0E98BED460C4FAA90822BAC0EA362C67E261774BD0BF191"	"bwt-mtf-zstd"	"bwt-mtf-zstd=1"	"hybridzip-r2-currenthash-cc6d-20260827-r2-bwt-mtf-zstd"
"hybridzip-r2-currenthash-cc6d-20260827-r2"	"bwt-mtf-zstd"	"7"	"x-ray"	"32"	"32768"	"19931"	"32768"	"0.608245849609375"	"4.865966796875"	"0.0637804"	"0.0546264"	"4.609375"	"4.02734375"	"4.609375"	"10511AA63DFBD9C0DDBFEFE36068740103D4BA1116E214154A0772057D7E9314"	"0B305BE7041AD3D5C358028EAFC258236167AAF1991A57B6701F7D41B3ABC9B1"	"10511AA63DFBD9C0DDBFEFE36068740103D4BA1116E214154A0772057D7E9314"	"CC6DA8404E3A2789A0E98BED460C4FAA90822BAC0EA362C67E261774BD0BF191"	"bwt-mtf-zstd"	"bwt-mtf-zstd=1"	"hybridzip-r2-currenthash-cc6d-20260827-r2-bwt-mtf-zstd"
"hybridzip-r2-currenthash-cc6d-20260827-r2"	"bwt-mtf-zstd"	"7"	"xml"	"32"	"32768"	"2834"	"32768"	"0.08648681640625"	"0.69189453125"	"0.0660509"	"0.0551331"	"5.33984375"	"2.02734375"	"5.33984375"	"C2F7F129956F8D6FC3D0E3595D93F98D5270B6F5BC4AB5E70F45867822EFDD71"	"9D2803231D7ABDE9156147A395DD46204CFB4A776877DD5DAA882FA422C7C427"	"C2F7F129956F8D6FC3D0E3595D93F98D5270B6F5BC4AB5E70F45867822EFDD71"	"CC6DA8404E3A2789A0E98BED460C4FAA90822BAC0EA362C67E261774BD0BF191"	"bwt-mtf-zstd"	"bwt-mtf-zstd=1"	"hybridzip-r2-currenthash-cc6d-20260827-r2-bwt-mtf-zstd"
"hybridzip-r2-currenthash-cc6d-20260827-r2"	"bwt-rlt-zstd"	"8"	"dickens"	"32"	"32768"	"14522"	"32768"	"0.44317626953125"	"3.54541015625"	"0.0599613"	"0.0482323"	"5.421875"	"2.01953125"	"5.421875"	"FC42DCB9849222C8704C9DCAE606D075B389B66244FB215035148D6409EC0B31"	"DB93F189B05E95FB56A66028E543CBBEA2A5377D6A8D2A9A9868B5E3B8A731C0"	"FC42DCB9849222C8704C9DCAE606D075B389B66244FB215035148D6409EC0B31"	"CC6DA8404E3A2789A0E98BED460C4FAA90822BAC0EA362C67E261774BD0BF191"	"bwt-rlt-zstd"	"bwt-rlt-zstd=1"	"hybridzip-r2-currenthash-cc6d-20260827-r2-bwt-rlt-zstd"
"hybridzip-r2-currenthash-cc6d-20260827-r2"	"bwt-rlt-zstd"	"8"	"mozilla"	"32"	"32768"	"12319"	"32768"	"0.375946044921875"	"3.007568359375"	"0.0502319"	"0.0466886"	"2.375"	"2.01953125"	"2.375"	"9DDEEF36CA0CA55B72FE3376D005926DFF3400A2ADE6EAE18482D8017D8645DB"	"ACB3E949FAAAE4F411D222D52BAC8D0D1BA07FF0B7CB7EA123CD13411B0DDB07"	"9DDEEF36CA0CA55B72FE3376D005926DFF3400A2ADE6EAE18482D8017D8645DB"	"CC6DA8404E3A2789A0E98BED460C4FAA90822BAC0EA362C67E261774BD0BF191"	"bwt-rlt-zstd"	"bwt-rlt-zstd=1"	"hybridzip-r2-currenthash-cc6d-20260827-r2-bwt-rlt-zstd"
"hybridzip-r2-currenthash-cc6d-20260827-r2"	"bwt-rlt-zstd"	"8"	"mr"	"32"	"32768"	"7918"	"32768"	"0.24163818359375"	"1.93310546875"	"0.0558723"	"0.0480761"	"5.078125"	"2.01953125"	"5.078125"	"3BB287B0AF65F777AB00C14E362B4D1962087260556001BBEE0689AA10D9F76A"	"734416CB4C4F166DA0F71B5FE1E5A0120DAE1493A938179A7F2833AD936397A3"	"3BB287B0AF65F777AB00C14E362B4D1962087260556001BBEE0689AA10D9F76A"	"CC6DA8404E3A2789A0E98BED460C4FAA90822BAC0EA362C67E261774BD0BF191"	"bwt-rlt-zstd"	"bwt-rlt-zstd=1"	"hybridzip-r2-currenthash-cc6d-20260827-r2-bwt-rlt-zstd"
"hybridzip-r2-currenthash-cc6d-20260827-r2"	"bwt-rlt-zstd"	"8"	"nci"	"32"	"32768"	"2923"	"32768"	"0.089202880859375"	"0.713623046875"	"0.0523324"	"0.0485572"	"4.125"	"2.015625"	"4.125"	"0D3034FE8B0E573DE1439ED98CE409B83B13E5895085C9BFB0BF980F4962FB79"	"6AC290789D70C0FB45482F0DA4DA9BBD334A17D9CBC7D769FD73D6BA5BB0DEA4"	"0D3034FE8B0E573DE1439ED98CE409B83B13E5895085C9BFB0BF980F4962FB79"	"CC6DA8404E3A2789A0E98BED460C4FAA90822BAC0EA362C67E261774BD0BF191"	"bwt-rlt-zstd"	"bwt-rlt-zstd=1"	"hybridzip-r2-currenthash-cc6d-20260827-r2-bwt-rlt-zstd"
"hybridzip-r2-currenthash-cc6d-20260827-r2"	"bwt-rlt-zstd"	"8"	"ooffice"	"32"	"32768"	"15676"	"32768"	"0.4783935546875"	"3.8271484375"	"0.0524678"	"0.048914"	"5.37109375"	"2.01953125"	"5.37109375"	"2ACF9B4CAAEAC5814CDFEF0FA48A5ECE857C847DBDB7B44EEAB95CA3C098921C"	"895967C083673EDFB9062BDF3AE84647173773AA4829929B3C3A3B21CE265ACF"	"2ACF9B4CAAEAC5814CDFEF0FA48A5ECE857C847DBDB7B44EEAB95CA3C098921C"	"CC6DA8404E3A2789A0E98BED460C4FAA90822BAC0EA362C67E261774BD0BF191"	"bwt-rlt-zstd"	"bwt-rlt-zstd=1"	"hybridzip-r2-currenthash-cc6d-20260827-r2-bwt-rlt-zstd"
"hybridzip-r2-currenthash-cc6d-20260827-r2"	"bwt-rlt-zstd"	"8"	"osdb"	"32"	"32768"	"17822"	"32768"	"0.54388427734375"	"4.35107421875"	"0.0537697"	"0.0470118"	"5.3046875"	"2.01953125"	"5.3046875"	"03B2C20B777682CD960BCD893D7A4463161D9C0200FD1708B2EFAE32A259D0B7"	"3373094CCD9D9D4346042CFF9B7430C29C566D22E471BDEE9476E26295A4235D"	"03B2C20B777682CD960BCD893D7A4463161D9C0200FD1708B2EFAE32A259D0B7"	"CC6DA8404E3A2789A0E98BED460C4FAA90822BAC0EA362C67E261774BD0BF191"	"bwt-rlt-zstd"	"bwt-rlt-zstd=1"	"hybridzip-r2-currenthash-cc6d-20260827-r2-bwt-rlt-zstd"
"hybridzip-r2-currenthash-cc6d-20260827-r2"	"bwt-rlt-zstd"	"8"	"reymont"	"32"	"32768"	"9857"	"32768"	"0.300811767578125"	"2.406494140625"	"0.0564125"	"0.0496363"	"5.375"	"2.01953125"	"5.375"	"9D5E4B9340C2260DAE7DDB01B3EDA58236FF2DE5E1FF4D56767AA840B6FB1A87"	"FB63017ADC23E3D558471FBA4F828A7AA0BAABEA10D85B8FB187D75CA1D6C197"	"9D5E4B9340C2260DAE7DDB01B3EDA58236FF2DE5E1FF4D56767AA840B6FB1A87"	"CC6DA8404E3A2789A0E98BED460C4FAA90822BAC0EA362C67E261774BD0BF191"	"bwt-rlt-zstd"	"bwt-rlt-zstd=1"	"hybridzip-r2-currenthash-cc6d-20260827-r2-bwt-rlt-zstd"
"hybridzip-r2-currenthash-cc6d-20260827-r2"	"bwt-rlt-zstd"	"8"	"samba"	"32"	"32768"	"12578"	"32768"	"0.38385009765625"	"3.07080078125"	"0.0580237"	"0.0484103"	"5.41796875"	"2.29296875"	"5.41796875"	"9C4F5BEE544E4531E4946E62F796987418B4526911C34877EF282F14DD57AD12"	"951DA2BCE7004B58BB0EF1F89146E38F1DAAA532D13F92FC5DE8C8536D2A6B13"	"9C4F5BEE544E4531E4946E62F796987418B4526911C34877EF282F14DD57AD12"	"CC6DA8404E3A2789A0E98BED460C4FAA90822BAC0EA362C67E261774BD0BF191"	"bwt-rlt-zstd"	"bwt-rlt-zstd=1"	"hybridzip-r2-currenthash-cc6d-20260827-r2-bwt-rlt-zstd"
"hybridzip-r2-currenthash-cc6d-20260827-r2"	"bwt-rlt-zstd"	"8"	"sao"	"32"	"32768"	"24882"	"32768"	"0.75933837890625"	"6.07470703125"	"0.0591908"	"0.0503209"	"5.39453125"	"2.01953125"	"5.39453125"	"95677430CAD4F000506BC5EE22815C3F4E13D64B477ED506B78D5D9ACFB50CCD"	"C6BBCA94203DDB976C477E02D39F5D80A37743BDADA2BE75DE1A6AB9961EAA33"	"95677430CAD4F000506BC5EE22815C3F4E13D64B477ED506B78D5D9ACFB50CCD"	"CC6DA8404E3A2789A0E98BED460C4FAA90822BAC0EA362C67E261774BD0BF191"	"bwt-rlt-zstd"	"bwt-rlt-zstd=1"	"hybridzip-r2-currenthash-cc6d-20260827-r2-bwt-rlt-zstd"
"hybridzip-r2-currenthash-cc6d-20260827-r2"	"bwt-rlt-zstd"	"8"	"webster"	"32"	"32768"	"14319"	"32768"	"0.436981201171875"	"3.495849609375"	"0.0512534"	"0.0495255"	"4.38671875"	"2.01953125"	"4.38671875"	"774D224695AF4057353F72602BB96CD2AFEEA059AC7737535645F11596FCA85E"	"B2A1C1B52AD6BB353FC5677E1E9BF5410BE16448EE7F4EDF4A56036375D60A9F"	"774D224695AF4057353F72602BB96CD2AFEEA059AC7737535645F11596FCA85E"	"CC6DA8404E3A2789A0E98BED460C4FAA90822BAC0EA362C67E261774BD0BF191"	"bwt-rlt-zstd"	"bwt-rlt-zstd=1"	"hybridzip-r2-currenthash-cc6d-20260827-r2-bwt-rlt-zstd"
"hybridzip-r2-currenthash-cc6d-20260827-r2"	"bwt-rlt-zstd"	"8"	"x-ray"	"32"	"32768"	"20283"	"32768"	"0.618988037109375"	"4.951904296875"	"0.0565886"	"0.046142"	"5.328125"	"2.015625"	"5.328125"	"10511AA63DFBD9C0DDBFEFE36068740103D4BA1116E214154A0772057D7E9314"	"15A5878B418E3852BF8B173053B5201D13532FBB0EF28AD29DB0C6CBF837473A"	"10511AA63DFBD9C0DDBFEFE36068740103D4BA1116E214154A0772057D7E9314"	"CC6DA8404E3A2789A0E98BED460C4FAA90822BAC0EA362C67E261774BD0BF191"	"bwt-rlt-zstd"	"bwt-rlt-zstd=1"	"hybridzip-r2-currenthash-cc6d-20260827-r2-bwt-rlt-zstd"
"hybridzip-r2-currenthash-cc6d-20260827-r2"	"bwt-rlt-zstd"	"8"	"xml"	"32"	"32768"	"3043"	"32768"	"0.092864990234375"	"0.742919921875"	"0.057592"	"0.0498173"	"4.859375"	"2.60546875"	"4.859375"	"C2F7F129956F8D6FC3D0E3595D93F98D5270B6F5BC4AB5E70F45867822EFDD71"	"5698836267CFA0CB77E78467813AF659566B5476487DC1639DB7D273B2484485"	"C2F7F129956F8D6FC3D0E3595D93F98D5270B6F5BC4AB5E70F45867822EFDD71"	"CC6DA8404E3A2789A0E98BED460C4FAA90822BAC0EA362C67E261774BD0BF191"	"bwt-rlt-zstd"	"bwt-rlt-zstd=1"	"hybridzip-r2-currenthash-cc6d-20260827-r2-bwt-rlt-zstd"
"hybridzip-r2-currenthash-cc6d-20260827-r2"	"x86-bcj-zstd"	"9"	"dickens"	"32"	"32768"	"13216"	"32768"	"0.4033203125"	"3.2265625"	"0.0552601"	"0.0457499"	"5.21875"	"2.01953125"	"5.21875"	"FC42DCB9849222C8704C9DCAE606D075B389B66244FB215035148D6409EC0B31"	"82F177640E76CC255F52483D42933DEE3E95E7DCD8904544C9C7517DDF863A24"	"FC42DCB9849222C8704C9DCAE606D075B389B66244FB215035148D6409EC0B31"	"CC6DA8404E3A2789A0E98BED460C4FAA90822BAC0EA362C67E261774BD0BF191"	"x86-bcj-zstd"	"x86-bcj-zstd=1"	"hybridzip-r2-currenthash-cc6d-20260827-r2-x86-bcj-zstd"
"hybridzip-r2-currenthash-cc6d-20260827-r2"	"x86-bcj-zstd"	"9"	"mozilla"	"32"	"32768"	"9561"	"32768"	"0.291778564453125"	"2.334228515625"	"0.0611249"	"0.0492585"	"5.30078125"	"2.01953125"	"5.30078125"	"9DDEEF36CA0CA55B72FE3376D005926DFF3400A2ADE6EAE18482D8017D8645DB"	"6A6CAD2E98F83F4B5C213F5CDF26A6878A1FAEDF40B06E9AA20883D4A1FA40CA"	"9DDEEF36CA0CA55B72FE3376D005926DFF3400A2ADE6EAE18482D8017D8645DB"	"CC6DA8404E3A2789A0E98BED460C4FAA90822BAC0EA362C67E261774BD0BF191"	"x86-bcj-zstd"	"x86-bcj-zstd=1"	"hybridzip-r2-currenthash-cc6d-20260827-r2-x86-bcj-zstd"
"hybridzip-r2-currenthash-cc6d-20260827-r2"	"x86-bcj-zstd"	"9"	"mr"	"32"	"32768"	"7962"	"32768"	"0.24298095703125"	"1.94384765625"	"0.0619652"	"0.0613227"	"2.01953125"	"2.01953125"	"2.01953125"	"3BB287B0AF65F777AB00C14E362B4D1962087260556001BBEE0689AA10D9F76A"	"F8659B410ED338A256817F8CBD495CE13B26EE2BE37222B9BEE73ABAADF39A6A"	"3BB287B0AF65F777AB00C14E362B4D1962087260556001BBEE0689AA10D9F76A"	"CC6DA8404E3A2789A0E98BED460C4FAA90822BAC0EA362C67E261774BD0BF191"	"x86-bcj-zstd"	"x86-bcj-zstd=1"	"hybridzip-r2-currenthash-cc6d-20260827-r2-x86-bcj-zstd"
"hybridzip-r2-currenthash-cc6d-20260827-r2"	"x86-bcj-zstd"	"9"	"nci"	"32"	"32768"	"2480"	"32768"	"0.07568359375"	"0.60546875"	"0.0865139"	"0.0480768"	"5.23046875"	"2.01953125"	"5.23046875"	"0D3034FE8B0E573DE1439ED98CE409B83B13E5895085C9BFB0BF980F4962FB79"	"E9D700DA96B7B3D3F2DDB38C95E2C1E6A25CC0BA1CB06B65CF6F22EC492B8929"	"0D3034FE8B0E573DE1439ED98CE409B83B13E5895085C9BFB0BF980F4962FB79"	"CC6DA8404E3A2789A0E98BED460C4FAA90822BAC0EA362C67E261774BD0BF191"	"x86-bcj-zstd"	"x86-bcj-zstd=1"	"hybridzip-r2-currenthash-cc6d-20260827-r2-x86-bcj-zstd"
"hybridzip-r2-currenthash-cc6d-20260827-r2"	"x86-bcj-zstd"	"9"	"ooffice"	"32"	"32768"	"11362"	"32768"	"0.34674072265625"	"2.77392578125"	"0.0548247"	"0.0490006"	"5.22265625"	"2.07421875"	"5.22265625"	"2ACF9B4CAAEAC5814CDFEF0FA48A5ECE857C847DBDB7B44EEAB95CA3C098921C"	"4B7E4D081E3AF0E8A5D14C760D107273D1E592C404394C73309B816E20C6087D"	"2ACF9B4CAAEAC5814CDFEF0FA48A5ECE857C847DBDB7B44EEAB95CA3C098921C"	"CC6DA8404E3A2789A0E98BED460C4FAA90822BAC0EA362C67E261774BD0BF191"	"x86-bcj-zstd"	"x86-bcj-zstd=1"	"hybridzip-r2-currenthash-cc6d-20260827-r2-x86-bcj-zstd"
"hybridzip-r2-currenthash-cc6d-20260827-r2"	"x86-bcj-zstd"	"9"	"osdb"	"32"	"32768"	"15145"	"32768"	"0.462188720703125"	"3.697509765625"	"0.0549717"	"0.04864"	"5.21875"	"2.53125"	"5.21875"	"03B2C20B777682CD960BCD893D7A4463161D9C0200FD1708B2EFAE32A259D0B7"	"9EDBC8F34CAD5CC48F6B090C0B90A2CC99400034468B48C28A55E8E56CA4C741"	"03B2C20B777682CD960BCD893D7A4463161D9C0200FD1708B2EFAE32A259D0B7"	"CC6DA8404E3A2789A0E98BED460C4FAA90822BAC0EA362C67E261774BD0BF191"	"x86-bcj-zstd"	"x86-bcj-zstd=1"	"hybridzip-r2-currenthash-cc6d-20260827-r2-x86-bcj-zstd"
"hybridzip-r2-currenthash-cc6d-20260827-r2"	"x86-bcj-zstd"	"9"	"reymont"	"32"	"32768"	"9108"	"32768"	"0.2779541015625"	"2.2236328125"	"0.0559499"	"0.0473542"	"5.234375"	"2.015625"	"5.234375"	"9D5E4B9340C2260DAE7DDB01B3EDA58236FF2DE5E1FF4D56767AA840B6FB1A87"	"A6B641B1B77B9A801A1965C3899AAC4335B3A1B2AA147D2D0286983D91B401B9"	"9D5E4B9340C2260DAE7DDB01B3EDA58236FF2DE5E1FF4D56767AA840B6FB1A87"	"CC6DA8404E3A2789A0E98BED460C4FAA90822BAC0EA362C67E261774BD0BF191"	"x86-bcj-zstd"	"x86-bcj-zstd=1"	"hybridzip-r2-currenthash-cc6d-20260827-r2-x86-bcj-zstd"
"hybridzip-r2-currenthash-cc6d-20260827-r2"	"x86-bcj-zstd"	"9"	"samba"	"32"	"32768"	"11027"	"32768"	"0.336517333984375"	"2.692138671875"	"0.0553052"	"0.048409"	"5.24609375"	"2.62109375"	"5.24609375"	"9C4F5BEE544E4531E4946E62F796987418B4526911C34877EF282F14DD57AD12"	"679113C46DF5E12A4EC1A3283D6AB032DAF5D83C41AEE34CCCA0F85F6B306D81"	"9C4F5BEE544E4531E4946E62F796987418B4526911C34877EF282F14DD57AD12"	"CC6DA8404E3A2789A0E98BED460C4FAA90822BAC0EA362C67E261774BD0BF191"	"x86-bcj-zstd"	"x86-bcj-zstd=1"	"hybridzip-r2-currenthash-cc6d-20260827-r2-x86-bcj-zstd"
"hybridzip-r2-currenthash-cc6d-20260827-r2"	"x86-bcj-zstd"	"9"	"sao"	"32"	"32768"	"24423"	"32768"	"0.745330810546875"	"5.962646484375"	"0.0532091"	"0.0490291"	"5.23046875"	"3.03515625"	"5.23046875"	"95677430CAD4F000506BC5EE22815C3F4E13D64B477ED506B78D5D9ACFB50CCD"	"A7FBB73C88127CF0A7B4C2C0A378653D5ECE3B29B25B0134A039A848E4F10F4A"	"95677430CAD4F000506BC5EE22815C3F4E13D64B477ED506B78D5D9ACFB50CCD"	"CC6DA8404E3A2789A0E98BED460C4FAA90822BAC0EA362C67E261774BD0BF191"	"x86-bcj-zstd"	"x86-bcj-zstd=1"	"hybridzip-r2-currenthash-cc6d-20260827-r2-x86-bcj-zstd"
"hybridzip-r2-currenthash-cc6d-20260827-r2"	"x86-bcj-zstd"	"9"	"webster"	"32"	"32768"	"12772"	"32768"	"0.3897705078125"	"3.1181640625"	"0.0532323"	"0.0459435"	"2.6015625"	"2.01953125"	"2.6015625"	"774D224695AF4057353F72602BB96CD2AFEEA059AC7737535645F11596FCA85E"	"FE875ADA1C5DFFBD73249D536A95107367088C8EED6DAC0A6356494C7475BDD3"	"774D224695AF4057353F72602BB96CD2AFEEA059AC7737535645F11596FCA85E"	"CC6DA8404E3A2789A0E98BED460C4FAA90822BAC0EA362C67E261774BD0BF191"	"x86-bcj-zstd"	"x86-bcj-zstd=1"	"hybridzip-r2-currenthash-cc6d-20260827-r2-x86-bcj-zstd"
"hybridzip-r2-currenthash-cc6d-20260827-r2"	"x86-bcj-zstd"	"9"	"x-ray"	"32"	"32768"	"22464"	"32768"	"0.685546875"	"5.484375"	"0.0569352"	"0.0582076"	"4.5625"	"2.015625"	"4.5625"	"10511AA63DFBD9C0DDBFEFE36068740103D4BA1116E214154A0772057D7E9314"	"13D7E0DEC8607D32FFE2E9025B98265A910423300523B2719352FA06337AE65A"	"10511AA63DFBD9C0DDBFEFE36068740103D4BA1116E214154A0772057D7E9314"	"CC6DA8404E3A2789A0E98BED460C4FAA90822BAC0EA362C67E261774BD0BF191"	"x86-bcj-zstd"	"x86-bcj-zstd=1"	"hybridzip-r2-currenthash-cc6d-20260827-r2-x86-bcj-zstd"
"hybridzip-r2-currenthash-cc6d-20260827-r2"	"x86-bcj-zstd"	"9"	"xml"	"32"	"32768"	"2713"	"32768"	"0.082794189453125"	"0.662353515625"	"0.0771171"	"0.0578797"	"5.29296875"	"2.015625"	"5.29296875"	"C2F7F129956F8D6FC3D0E3595D93F98D5270B6F5BC4AB5E70F45867822EFDD71"	"935BE504160B94B0E014EA387F844A574409DA45D425DB84F81F6D54A6855DB9"	"C2F7F129956F8D6FC3D0E3595D93F98D5270B6F5BC4AB5E70F45867822EFDD71"	"CC6DA8404E3A2789A0E98BED460C4FAA90822BAC0EA362C67E261774BD0BF191"	"x86-bcj-zstd"	"x86-bcj-zstd=1"	"hybridzip-r2-currenthash-cc6d-20260827-r2-x86-bcj-zstd"
"hybridzip-r2-currenthash-cc6d-20260827-r2"	"shuffle-zstd"	"10"	"dickens"	"32"	"32768"	"17630"	"32768"	"0.53802490234375"	"4.30419921875"	"0.0685398"	"0.0668128"	"5.25"	"2.01953125"	"5.25"	"FC42DCB9849222C8704C9DCAE606D075B389B66244FB215035148D6409EC0B31"	"E8AC6DBE569C5C103B3B70EF291B5D469CF8302493193172E4574E866F7F12F1"	"FC42DCB9849222C8704C9DCAE606D075B389B66244FB215035148D6409EC0B31"	"CC6DA8404E3A2789A0E98BED460C4FAA90822BAC0EA362C67E261774BD0BF191"	"shuffle-zstd"	"shuffle-zstd=1"	"hybridzip-r2-currenthash-cc6d-20260827-r2-shuffle-zstd"
"hybridzip-r2-currenthash-cc6d-20260827-r2"	"shuffle-zstd"	"10"	"mozilla"	"32"	"32768"	"11220"	"32768"	"0.3424072265625"	"2.7392578125"	"0.0676097"	"0.0489608"	"5.38671875"	"3.859375"	"5.38671875"	"9DDEEF36CA0CA55B72FE3376D005926DFF3400A2ADE6EAE18482D8017D8645DB"	"942C48C06619A2BE20B51A60FCAC683258C680FEB6ECED9EE001C5F7E48C26A7"	"9DDEEF36CA0CA55B72FE3376D005926DFF3400A2ADE6EAE18482D8017D8645DB"	"CC6DA8404E3A2789A0E98BED460C4FAA90822BAC0EA362C67E261774BD0BF191"	"shuffle-zstd"	"shuffle-zstd=1"	"hybridzip-r2-currenthash-cc6d-20260827-r2-shuffle-zstd"
"hybridzip-r2-currenthash-cc6d-20260827-r2"	"shuffle-zstd"	"10"	"mr"	"32"	"32768"	"7493"	"32768"	"0.228668212890625"	"1.829345703125"	"0.0567384"	"0.0524248"	"2.01953125"	"2.89453125"	"2.89453125"	"3BB287B0AF65F777AB00C14E362B4D1962087260556001BBEE0689AA10D9F76A"	"4DE3684DAC366A9ED4007D3F958E0293D773A263C48736EC71FE45091888FE4E"	"3BB287B0AF65F777AB00C14E362B4D1962087260556001BBEE0689AA10D9F76A"	"CC6DA8404E3A2789A0E98BED460C4FAA90822BAC0EA362C67E261774BD0BF191"	"shuffle-zstd"	"shuffle-zstd=1"	"hybridzip-r2-currenthash-cc6d-20260827-r2-shuffle-zstd"
"hybridzip-r2-currenthash-cc6d-20260827-r2"	"shuffle-zstd"	"10"	"nci"	"32"	"32768"	"2760"	"32768"	"0.084228515625"	"0.673828125"	"0.0896519"	"0.0476934"	"5.375"	"2.01953125"	"5.375"	"0D3034FE8B0E573DE1439ED98CE409B83B13E5895085C9BFB0BF980F4962FB79"	"49A715BE9DC3604823305FF77C436B9715524BFF01FCD8D0033735DE02F6D38A"	"0D3034FE8B0E573DE1439ED98CE409B83B13E5895085C9BFB0BF980F4962FB79"	"CC6DA8404E3A2789A0E98BED460C4FAA90822BAC0EA362C67E261774BD0BF191"	"shuffle-zstd"	"shuffle-zstd=1"	"hybridzip-r2-currenthash-cc6d-20260827-r2-shuffle-zstd"
"hybridzip-r2-currenthash-cc6d-20260827-r2"	"shuffle-zstd"	"10"	"ooffice"	"32"	"32768"	"15433"	"32768"	"0.470977783203125"	"3.767822265625"	"0.0679987"	"0.0493298"	"3.109375"	"2.01953125"	"3.109375"	"2ACF9B4CAAEAC5814CDFEF0FA48A5ECE857C847DBDB7B44EEAB95CA3C098921C"	"DC0774B988D0558A8E2F45BC2FA4588C5F51F4AE66E587EE8A44F1C266B787A7"	"2ACF9B4CAAEAC5814CDFEF0FA48A5ECE857C847DBDB7B44EEAB95CA3C098921C"	"CC6DA8404E3A2789A0E98BED460C4FAA90822BAC0EA362C67E261774BD0BF191"	"shuffle-zstd"	"shuffle-zstd=1"	"hybridzip-r2-currenthash-cc6d-20260827-r2-shuffle-zstd"
"hybridzip-r2-currenthash-cc6d-20260827-r2"	"shuffle-zstd"	"10"	"osdb"	"32"	"32768"	"17796"	"32768"	"0.5430908203125"	"4.3447265625"	"0.0575449"	"0.0505903"	"5.3359375"	"3.8671875"	"5.3359375"	"03B2C20B777682CD960BCD893D7A4463161D9C0200FD1708B2EFAE32A259D0B7"	"0AFE1ADB05F0371D83A4C0B786521028A349DBAEA93020EAC819F3E2A762F974"	"03B2C20B777682CD960BCD893D7A4463161D9C0200FD1708B2EFAE32A259D0B7"	"CC6DA8404E3A2789A0E98BED460C4FAA90822BAC0EA362C67E261774BD0BF191"	"shuffle-zstd"	"shuffle-zstd=1"	"hybridzip-r2-currenthash-cc6d-20260827-r2-shuffle-zstd"
"hybridzip-r2-currenthash-cc6d-20260827-r2"	"shuffle-zstd"	"10"	"reymont"	"32"	"32768"	"13009"	"32768"	"0.397003173828125"	"3.176025390625"	"0.069792"	"0.0481486"	"5.359375"	"2.01953125"	"5.359375"	"9D5E4B9340C2260DAE7DDB01B3EDA58236FF2DE5E1FF4D56767AA840B6FB1A87"	"68F1C4B01941CDC279F0783A453E07F63BC9909CE82EE6178986BFA5B32107E3"	"9D5E4B9340C2260DAE7DDB01B3EDA58236FF2DE5E1FF4D56767AA840B6FB1A87"	"CC6DA8404E3A2789A0E98BED460C4FAA90822BAC0EA362C67E261774BD0BF191"	"shuffle-zstd"	"shuffle-zstd=1"	"hybridzip-r2-currenthash-cc6d-20260827-r2-shuffle-zstd"
"hybridzip-r2-currenthash-cc6d-20260827-r2"	"shuffle-zstd"	"10"	"samba"	"32"	"32768"	"14970"	"32768"	"0.45684814453125"	"3.65478515625"	"0.0651417"	"0.0446576"	"5.25"	"2.01953125"	"5.25"	"9C4F5BEE544E4531E4946E62F796987418B4526911C34877EF282F14DD57AD12"	"2AA0A0EB90C854E4007DD1463ADAFCF7D7D468D2237DC3C7EEE041C6C86CFE83"	"9C4F5BEE544E4531E4946E62F796987418B4526911C34877EF282F14DD57AD12"	"CC6DA8404E3A2789A0E98BED460C4FAA90822BAC0EA362C67E261774BD0BF191"	"shuffle-zstd"	"shuffle-zstd=1"	"hybridzip-r2-currenthash-cc6d-20260827-r2-shuffle-zstd"
"hybridzip-r2-currenthash-cc6d-20260827-r2"	"shuffle-zstd"	"10"	"sao"	"32"	"32768"	"27721"	"32768"	"0.845977783203125"	"6.767822265625"	"0.0551597"	"0.0453172"	"5.22265625"	"2.01953125"	"5.22265625"	"95677430CAD4F000506BC5EE22815C3F4E13D64B477ED506B78D5D9ACFB50CCD"	"4D328E18FC6F895BBB344A4B39F21AEF15310CCE5D62CE9D62FE36A9526F42B5"	"95677430CAD4F000506BC5EE22815C3F4E13D64B477ED506B78D5D9ACFB50CCD"	"CC6DA8404E3A2789A0E98BED460C4FAA90822BAC0EA362C67E261774BD0BF191"	"shuffle-zstd"	"shuffle-zstd=1"	"hybridzip-r2-currenthash-cc6d-20260827-r2-shuffle-zstd"
"hybridzip-r2-currenthash-cc6d-20260827-r2"	"shuffle-zstd"	"10"	"webster"	"32"	"32768"	"16844"	"32768"	"0.5140380859375"	"4.1123046875"	"0.0658281"	"0.0485197"	"3.9296875"	"2.015625"	"3.9296875"	"774D224695AF4057353F72602BB96CD2AFEEA059AC7737535645F11596FCA85E"	"82A4CAAC8E0DF2431BB049E3D6F58ACAF9A4C8CCEC33E0EBF89A2B0832873542"	"774D224695AF4057353F72602BB96CD2AFEEA059AC7737535645F11596FCA85E"	"CC6DA8404E3A2789A0E98BED460C4FAA90822BAC0EA362C67E261774BD0BF191"	"shuffle-zstd"	"shuffle-zstd=1"	"hybridzip-r2-currenthash-cc6d-20260827-r2-shuffle-zstd"
"hybridzip-r2-currenthash-cc6d-20260827-r2"	"shuffle-zstd"	"10"	"x-ray"	"32"	"32768"	"17977"	"32768"	"0.548614501953125"	"4.388916015625"	"0.0744452"	"0.0476922"	"5.40234375"	"2.11328125"	"5.40234375"	"10511AA63DFBD9C0DDBFEFE36068740103D4BA1116E214154A0772057D7E9314"	"687BE5177050ADE02A6203D3786F0AEC9362BCE2A04EFA1842B839BD8E612056"	"10511AA63DFBD9C0DDBFEFE36068740103D4BA1116E214154A0772057D7E9314"	"CC6DA8404E3A2789A0E98BED460C4FAA90822BAC0EA362C67E261774BD0BF191"	"shuffle-zstd"	"shuffle-zstd=1"	"hybridzip-r2-currenthash-cc6d-20260827-r2-shuffle-zstd"
"hybridzip-r2-currenthash-cc6d-20260827-r2"	"shuffle-zstd"	"10"	"xml"	"32"	"32768"	"3483"	"32768"	"0.106292724609375"	"0.850341796875"	"0.0859266"	"0.0635608"	"5.33984375"	"4.07421875"	"5.33984375"	"C2F7F129956F8D6FC3D0E3595D93F98D5270B6F5BC4AB5E70F45867822EFDD71"	"E8EDEE9E4690CF690C4E74C93C23A8C2721C414E838B4ECD925A83E7D2928D84"	"C2F7F129956F8D6FC3D0E3595D93F98D5270B6F5BC4AB5E70F45867822EFDD71"	"CC6DA8404E3A2789A0E98BED460C4FAA90822BAC0EA362C67E261774BD0BF191"	"shuffle-zstd"	"shuffle-zstd=1"	"hybridzip-r2-currenthash-cc6d-20260827-r2-shuffle-zstd"
"hybridzip-r2-currenthash-cc6d-20260827-r2"	"bitshuffle-zstd"	"11"	"dickens"	"32"	"32768"	"25969"	"32768"	"0.792510986328125"	"6.340087890625"	"0.0634043"	"0.0482613"	"5.34765625"	"2.01953125"	"5.34765625"	"FC42DCB9849222C8704C9DCAE606D075B389B66244FB215035148D6409EC0B31"	"9E2813D2ED407493948F59E23E420C574FDB5935F5EE95C4D9970DF1C89CD826"	"FC42DCB9849222C8704C9DCAE606D075B389B66244FB215035148D6409EC0B31"	"CC6DA8404E3A2789A0E98BED460C4FAA90822BAC0EA362C67E261774BD0BF191"	"bitshuffle-zstd"	"bitshuffle-zstd=1"	"hybridzip-r2-currenthash-cc6d-20260827-r2-bitshuffle-zstd"
"hybridzip-r2-currenthash-cc6d-20260827-r2"	"bitshuffle-zstd"	"11"	"mozilla"	"32"	"32768"	"17365"	"32768"	"0.529937744140625"	"4.239501953125"	"0.0656934"	"0.0482452"	"5.37109375"	"2.015625"	"5.37109375"	"9DDEEF36CA0CA55B72FE3376D005926DFF3400A2ADE6EAE18482D8017D8645DB"	"85D7998B1A3DB259A68D620F94359DCF3F838FCEE449232E60EEA8860B65C75C"	"9DDEEF36CA0CA55B72FE3376D005926DFF3400A2ADE6EAE18482D8017D8645DB"	"CC6DA8404E3A2789A0E98BED460C4FAA90822BAC0EA362C67E261774BD0BF191"	"bitshuffle-zstd"	"bitshuffle-zstd=1"	"hybridzip-r2-currenthash-cc6d-20260827-r2-bitshuffle-zstd"
"hybridzip-r2-currenthash-cc6d-20260827-r2"	"bitshuffle-zstd"	"11"	"mr"	"32"	"32768"	"7954"	"32768"	"0.24273681640625"	"1.94189453125"	"0.0604216"	"0.0495078"	"5.3359375"	"2.84765625"	"5.3359375"	"3BB287B0AF65F777AB00C14E362B4D1962087260556001BBEE0689AA10D9F76A"	"F03002B39881F962CEB3754959D05CF1912DF2448E870DEB4EFD430EE6FC6A29"	"3BB287B0AF65F777AB00C14E362B4D1962087260556001BBEE0689AA10D9F76A"	"CC6DA8404E3A2789A0E98BED460C4FAA90822BAC0EA362C67E261774BD0BF191"	"bitshuffle-zstd"	"bitshuffle-zstd=1"	"hybridzip-r2-currenthash-cc6d-20260827-r2-bitshuffle-zstd"
"hybridzip-r2-currenthash-cc6d-20260827-r2"	"bitshuffle-zstd"	"11"	"nci"	"32"	"32768"	"6587"	"32768"	"0.201019287109375"	"1.608154296875"	"0.0731941"	"0.0617089"	"5.3671875"	"2.01953125"	"5.3671875"	"0D3034FE8B0E573DE1439ED98CE409B83B13E5895085C9BFB0BF980F4962FB79"	"831209B8326A03F84812815FA87A36766C2E8A3797C4D26463A419BC3D2E490E"	"0D3034FE8B0E573DE1439ED98CE409B83B13E5895085C9BFB0BF980F4962FB79"	"CC6DA8404E3A2789A0E98BED460C4FAA90822BAC0EA362C67E261774BD0BF191"	"bitshuffle-zstd"	"bitshuffle-zstd=1"	"hybridzip-r2-currenthash-cc6d-20260827-r2-bitshuffle-zstd"
"hybridzip-r2-currenthash-cc6d-20260827-r2"	"bitshuffle-zstd"	"11"	"ooffice"	"32"	"32768"	"25593"	"32768"	"0.781036376953125"	"6.248291015625"	"0.0720604"	"0.0617911"	"5.203125"	"2.01953125"	"5.203125"	"2ACF9B4CAAEAC5814CDFEF0FA48A5ECE857C847DBDB7B44EEAB95CA3C098921C"	"97990756C0606E75F449275ADF8176875A9DC517272EA3C263DE25C750497C93"	"2ACF9B4CAAEAC5814CDFEF0FA48A5ECE857C847DBDB7B44EEAB95CA3C098921C"	"CC6DA8404E3A2789A0E98BED460C4FAA90822BAC0EA362C67E261774BD0BF191"	"bitshuffle-zstd"	"bitshuffle-zstd=1"	"hybridzip-r2-currenthash-cc6d-20260827-r2-bitshuffle-zstd"
"hybridzip-r2-currenthash-cc6d-20260827-r2"	"bitshuffle-zstd"	"11"	"osdb"	"32"	"32768"	"29581"	"32768"	"0.902740478515625"	"7.221923828125"	"0.066578"	"0.0483216"	"3.30078125"	"2.01953125"	"3.30078125"	"03B2C20B777682CD960BCD893D7A4463161D9C0200FD1708B2EFAE32A259D0B7"	"67A7F5EC484A033A2C8819ACFBDB18E0C57C8E18BE9E7290DDD52C5F51554C7E"	"03B2C20B777682CD960BCD893D7A4463161D9C0200FD1708B2EFAE32A259D0B7"	"CC6DA8404E3A2789A0E98BED460C4FAA90822BAC0EA362C67E261774BD0BF191"	"bitshuffle-zstd"	"bitshuffle-zstd=1"	"hybridzip-r2-currenthash-cc6d-20260827-r2-bitshuffle-zstd"
"hybridzip-r2-currenthash-cc6d-20260827-r2"	"bitshuffle-zstd"	"11"	"reymont"	"32"	"32768"	"25429"	"32768"	"0.776031494140625"	"6.208251953125"	"0.0556233"	"0.0466819"	"5.33203125"	"2.01953125"	"5.33203125"	"9D5E4B9340C2260DAE7DDB01B3EDA58236FF2DE5E1FF4D56767AA840B6FB1A87"	"68F36C0533D90CBB718124AF0D327EC7848F78EE0074E00BFB43BFA4AF6A091B"	"9D5E4B9340C2260DAE7DDB01B3EDA58236FF2DE5E1FF4D56767AA840B6FB1A87"	"CC6DA8404E3A2789A0E98BED460C4FAA90822BAC0EA362C67E261774BD0BF191"	"bitshuffle-zstd"	"bitshuffle-zstd=1"	"hybridzip-r2-currenthash-cc6d-20260827-r2-bitshuffle-zstd"
"hybridzip-r2-currenthash-cc6d-20260827-r2"	"bitshuffle-zstd"	"11"	"samba"	"32"	"32768"	"23428"	"32768"	"0.7149658203125"	"5.7197265625"	"0.0587043"	"0.0484321"	"5.35546875"	"2.01953125"	"5.35546875"	"9C4F5BEE544E4531E4946E62F796987418B4526911C34877EF282F14DD57AD12"	"4DE9160F3AA2AE0E76AA27B5386DFF442C6A5D7276305051AE1918EF62E7C068"	"9C4F5BEE544E4531E4946E62F796987418B4526911C34877EF282F14DD57AD12"	"CC6DA8404E3A2789A0E98BED460C4FAA90822BAC0EA362C67E261774BD0BF191"	"bitshuffle-zstd"	"bitshuffle-zstd=1"	"hybridzip-r2-currenthash-cc6d-20260827-r2-bitshuffle-zstd"
"hybridzip-r2-currenthash-cc6d-20260827-r2"	"bitshuffle-zstd"	"11"	"sao"	"32"	"32768"	"31336"	"32768"	"0.956298828125"	"7.650390625"	"0.0559972"	"0.0468912"	"5.3203125"	"2.01953125"	"5.3203125"	"95677430CAD4F000506BC5EE22815C3F4E13D64B477ED506B78D5D9ACFB50CCD"	"2E90157930EC2E89DECB5240188121BD0F59C1C3900C3FE26F13A994ED45F16B"	"95677430CAD4F000506BC5EE22815C3F4E13D64B477ED506B78D5D9ACFB50CCD"	"CC6DA8404E3A2789A0E98BED460C4FAA90822BAC0EA362C67E261774BD0BF191"	"bitshuffle-zstd"	"bitshuffle-zstd=1"	"hybridzip-r2-currenthash-cc6d-20260827-r2-bitshuffle-zstd"
"hybridzip-r2-currenthash-cc6d-20260827-r2"	"bitshuffle-zstd"	"11"	"webster"	"32"	"32768"	"26475"	"32768"	"0.807952880859375"	"6.463623046875"	"0.0600817"	"0.0566679"	"5.33203125"	"2.01953125"	"5.33203125"	"774D224695AF4057353F72602BB96CD2AFEEA059AC7737535645F11596FCA85E"	"60D72B579944306710435E265BF6A2073484C7E3A923015E80F74DF73FC1297A"	"774D224695AF4057353F72602BB96CD2AFEEA059AC7737535645F11596FCA85E"	"CC6DA8404E3A2789A0E98BED460C4FAA90822BAC0EA362C67E261774BD0BF191"	"bitshuffle-zstd"	"bitshuffle-zstd=1"	"hybridzip-r2-currenthash-cc6d-20260827-r2-bitshuffle-zstd"
"hybridzip-r2-currenthash-cc6d-20260827-r2"	"bitshuffle-zstd"	"11"	"x-ray"	"32"	"32768"	"17975"	"32768"	"0.548553466796875"	"4.388427734375"	"0.0664522"	"0.0532763"	"5.3515625"	"2.609375"	"5.3515625"	"10511AA63DFBD9C0DDBFEFE36068740103D4BA1116E214154A0772057D7E9314"	"A8715DFD2AB3BA2644BB90DDD7A36B94BC6704E0E7B7E720618BCFB1EE9FDC45"	"10511AA63DFBD9C0DDBFEFE36068740103D4BA1116E214154A0772057D7E9314"	"CC6DA8404E3A2789A0E98BED460C4FAA90822BAC0EA362C67E261774BD0BF191"	"bitshuffle-zstd"	"bitshuffle-zstd=1"	"hybridzip-r2-currenthash-cc6d-20260827-r2-bitshuffle-zstd"
"hybridzip-r2-currenthash-cc6d-20260827-r2"	"bitshuffle-zstd"	"11"	"xml"	"32"	"32768"	"17645"	"32768"	"0.538482666015625"	"4.307861328125"	"0.0606372"	"0.0582435"	"5.33203125"	"4.484375"	"5.33203125"	"C2F7F129956F8D6FC3D0E3595D93F98D5270B6F5BC4AB5E70F45867822EFDD71"	"8FFD948D9BBF33DA821D019D230FA1DE15923126BA5020A95E1D4C90CFCA531F"	"C2F7F129956F8D6FC3D0E3595D93F98D5270B6F5BC4AB5E70F45867822EFDD71"	"CC6DA8404E3A2789A0E98BED460C4FAA90822BAC0EA362C67E261774BD0BF191"	"bitshuffle-zstd"	"bitshuffle-zstd=1"	"hybridzip-r2-currenthash-cc6d-20260827-r2-bitshuffle-zstd"
"hybridzip-r2-currenthash-cc6d-20260827-r2"	"delta-zstd"	"12"	"dickens"	"32"	"32768"	"15849"	"32768"	"0.483673095703125"	"3.869384765625"	"0.0603616"	"0.0589874"	"5.23046875"	"2.01953125"	"5.23046875"	"FC42DCB9849222C8704C9DCAE606D075B389B66244FB215035148D6409EC0B31"	"AF60EE130FEA447F1C9B60116E2D8406F16B76E5FD03D63F9F1C9A5572F665CE"	"FC42DCB9849222C8704C9DCAE606D075B389B66244FB215035148D6409EC0B31"	"CC6DA8404E3A2789A0E98BED460C4FAA90822BAC0EA362C67E261774BD0BF191"	"delta-zstd"	"delta-zstd=1"	"hybridzip-r2-currenthash-cc6d-20260827-r2-delta-zstd"
"hybridzip-r2-currenthash-cc6d-20260827-r2"	"delta-zstd"	"12"	"mozilla"	"32"	"32768"	"12840"	"32768"	"0.391845703125"	"3.134765625"	"0.067728"	"0.0443919"	"2.01953125"	"2.01953125"	"2.01953125"	"9DDEEF36CA0CA55B72FE3376D005926DFF3400A2ADE6EAE18482D8017D8645DB"	"4BC8A2F6FD4FB6DB98C6D308D1136A28FD00393A84002663AF511C7232D3D865"	"9DDEEF36CA0CA55B72FE3376D005926DFF3400A2ADE6EAE18482D8017D8645DB"	"CC6DA8404E3A2789A0E98BED460C4FAA90822BAC0EA362C67E261774BD0BF191"	"delta-zstd"	"delta-zstd=1"	"hybridzip-r2-currenthash-cc6d-20260827-r2-delta-zstd"
"hybridzip-r2-currenthash-cc6d-20260827-r2"	"delta-zstd"	"12"	"mr"	"32"	"32768"	"8838"	"32768"	"0.26971435546875"	"2.15771484375"	"0.0734243"	"0.047214"	"5.37890625"	"2.01953125"	"5.37890625"	"3BB287B0AF65F777AB00C14E362B4D1962087260556001BBEE0689AA10D9F76A"	"40A9E03C5274E61878256A7796C3359861AE6B3A7BFA9243184EF44265D61199"	"3BB287B0AF65F777AB00C14E362B4D1962087260556001BBEE0689AA10D9F76A"	"CC6DA8404E3A2789A0E98BED460C4FAA90822BAC0EA362C67E261774BD0BF191"	"delta-zstd"	"delta-zstd=1"	"hybridzip-r2-currenthash-cc6d-20260827-r2-delta-zstd"
"hybridzip-r2-currenthash-cc6d-20260827-r2"	"delta-zstd"	"12"	"nci"	"32"	"32768"	"3002"	"32768"	"0.09161376953125"	"0.73291015625"	"0.1085762"	"0.0430392"	"5.34375"	"2.01953125"	"5.34375"	"0D3034FE8B0E573DE1439ED98CE409B83B13E5895085C9BFB0BF980F4962FB79"	"2D5A11F719F083D500AB458CC6AEFBC68E4DDB15A6E4A02DFD9156042B304CBC"	"0D3034FE8B0E573DE1439ED98CE409B83B13E5895085C9BFB0BF980F4962FB79"	"CC6DA8404E3A2789A0E98BED460C4FAA90822BAC0EA362C67E261774BD0BF191"	"delta-zstd"	"delta-zstd=1"	"hybridzip-r2-currenthash-cc6d-20260827-r2-delta-zstd"
"hybridzip-r2-currenthash-cc6d-20260827-r2"	"delta-zstd"	"12"	"ooffice"	"32"	"32768"	"16962"	"32768"	"0.51763916015625"	"4.14111328125"	"0.0583507"	"0.0446395"	"5.2265625"	"2.01953125"	"5.2265625"	"2ACF9B4CAAEAC5814CDFEF0FA48A5ECE857C847DBDB7B44EEAB95CA3C098921C"	"427793625209E71130190D5B2C25E25EA5CD43219FFD09A5808970DD6B413570"	"2ACF9B4CAAEAC5814CDFEF0FA48A5ECE857C847DBDB7B44EEAB95CA3C098921C"	"CC6DA8404E3A2789A0E98BED460C4FAA90822BAC0EA362C67E261774BD0BF191"	"delta-zstd"	"delta-zstd=1"	"hybridzip-r2-currenthash-cc6d-20260827-r2-delta-zstd"
"hybridzip-r2-currenthash-cc6d-20260827-r2"	"delta-zstd"	"12"	"osdb"	"32"	"32768"	"17324"	"32768"	"0.5286865234375"	"4.2294921875"	"0.0589541"	"0.0460889"	"5.2265625"	"2.01953125"	"5.2265625"	"03B2C20B777682CD960BCD893D7A4463161D9C0200FD1708B2EFAE32A259D0B7"	"92A450AC9054554BE33EEB7641422CCBA10A58D24AD177488CEB65F5E839294A"	"03B2C20B777682CD960BCD893D7A4463161D9C0200FD1708B2EFAE32A259D0B7"	"CC6DA8404E3A2789A0E98BED460C4FAA90822BAC0EA362C67E261774BD0BF191"	"delta-zstd"	"delta-zstd=1"	"hybridzip-r2-currenthash-cc6d-20260827-r2-delta-zstd"
"hybridzip-r2-currenthash-cc6d-20260827-r2"	"delta-zstd"	"12"	"reymont"	"32"	"32768"	"11100"	"32768"	"0.3387451171875"	"2.7099609375"	"0.0727343"	"0.0483539"	"5.34765625"	"2.01953125"	"5.34765625"	"9D5E4B9340C2260DAE7DDB01B3EDA58236FF2DE5E1FF4D56767AA840B6FB1A87"	"0B996E8B2708CC51148BD0A9A3B353893C4AC3174CAE58471A7E857B28A3C7C1"	"9D5E4B9340C2260DAE7DDB01B3EDA58236FF2DE5E1FF4D56767AA840B6FB1A87"	"CC6DA8404E3A2789A0E98BED460C4FAA90822BAC0EA362C67E261774BD0BF191"	"delta-zstd"	"delta-zstd=1"	"hybridzip-r2-currenthash-cc6d-20260827-r2-delta-zstd"
"hybridzip-r2-currenthash-cc6d-20260827-r2"	"delta-zstd"	"12"	"samba"	"32"	"32768"	"13148"	"32768"	"0.4012451171875"	"3.2099609375"	"0.0612508"	"0.0449523"	"5.33203125"	"2.01953125"	"5.33203125"	"9C4F5BEE544E4531E4946E62F796987418B4526911C34877EF282F14DD57AD12"	"E66D5A57A2BF6791F45626F73F39268F026738BCB0F2A9B4878D1F15100DB7EC"	"9C4F5BEE544E4531E4946E62F796987418B4526911C34877EF282F14DD57AD12"	"CC6DA8404E3A2789A0E98BED460C4FAA90822BAC0EA362C67E261774BD0BF191"	"delta-zstd"	"delta-zstd=1"	"hybridzip-r2-currenthash-cc6d-20260827-r2-delta-zstd"
"hybridzip-r2-currenthash-cc6d-20260827-r2"	"delta-zstd"	"12"	"sao"	"32"	"32768"	"27206"	"32768"	"0.83026123046875"	"6.64208984375"	"0.0584612"	"0.0479913"	"5.35546875"	"2.01953125"	"5.35546875"	"95677430CAD4F000506BC5EE22815C3F4E13D64B477ED506B78D5D9ACFB50CCD"	"982FB0484D82386DD2BED4170C0A1B1BF6BFB92FA491D8AE92AC98B4329033F7"	"95677430CAD4F000506BC5EE22815C3F4E13D64B477ED506B78D5D9ACFB50CCD"	"CC6DA8404E3A2789A0E98BED460C4FAA90822BAC0EA362C67E261774BD0BF191"	"delta-zstd"	"delta-zstd=1"	"hybridzip-r2-currenthash-cc6d-20260827-r2-delta-zstd"
"hybridzip-r2-currenthash-cc6d-20260827-r2"	"delta-zstd"	"12"	"webster"	"32"	"32768"	"15520"	"32768"	"0.4736328125"	"3.7890625"	"0.0656141"	"0.0477249"	"5.34765625"	"2.24609375"	"5.34765625"	"774D224695AF4057353F72602BB96CD2AFEEA059AC7737535645F11596FCA85E"	"ABCD7C2B3F63F290F1485F01A60005DB014584156C9335CE7C0CA5B2F9517A2F"	"774D224695AF4057353F72602BB96CD2AFEEA059AC7737535645F11596FCA85E"	"CC6DA8404E3A2789A0E98BED460C4FAA90822BAC0EA362C67E261774BD0BF191"	"delta-zstd"	"delta-zstd=1"	"hybridzip-r2-currenthash-cc6d-20260827-r2-delta-zstd"
"hybridzip-r2-currenthash-cc6d-20260827-r2"	"delta-zstd"	"12"	"x-ray"	"32"	"32768"	"20185"	"32768"	"0.615997314453125"	"4.927978515625"	"0.0593454"	"0.0470109"	"5.37890625"	"2.01953125"	"5.37890625"	"10511AA63DFBD9C0DDBFEFE36068740103D4BA1116E214154A0772057D7E9314"	"77F6E2629134E99327E0FE766F50215B251756FD0ED25DC7B762A980834A30AD"	"10511AA63DFBD9C0DDBFEFE36068740103D4BA1116E214154A0772057D7E9314"	"CC6DA8404E3A2789A0E98BED460C4FAA90822BAC0EA362C67E261774BD0BF191"	"delta-zstd"	"delta-zstd=1"	"hybridzip-r2-currenthash-cc6d-20260827-r2-delta-zstd"
"hybridzip-r2-currenthash-cc6d-20260827-r2"	"delta-zstd"	"12"	"xml"	"32"	"32768"	"3278"	"32768"	"0.10003662109375"	"0.80029296875"	"0.0909068"	"0.0491688"	"5.32421875"	"2.5859375"	"5.32421875"	"C2F7F129956F8D6FC3D0E3595D93F98D5270B6F5BC4AB5E70F45867822EFDD71"	"F95C1853EEE820FFCC26A57592579D321319062F3CEA6B40C842FDDBF892A261"	"C2F7F129956F8D6FC3D0E3595D93F98D5270B6F5BC4AB5E70F45867822EFDD71"	"CC6DA8404E3A2789A0E98BED460C4FAA90822BAC0EA362C67E261774BD0BF191"	"delta-zstd"	"delta-zstd=1"	"hybridzip-r2-currenthash-cc6d-20260827-r2-delta-zstd"
"hybridzip-r2-currenthash-cc6d-20260827-r2"	"fastpfor"	"13"	"dickens"	"32"	"32768"	"31886"	"32768"	"0.97308349609375"	"7.78466796875"	"0.0509459"	"0.0472382"	"2.01953125"	"2.01953125"	"2.01953125"	"FC42DCB9849222C8704C9DCAE606D075B389B66244FB215035148D6409EC0B31"	"E57AC8321FE090C257670359C8CA6A83E9EA420A8D3CD8B8A7F683BA0B665CD7"	"FC42DCB9849222C8704C9DCAE606D075B389B66244FB215035148D6409EC0B31"	"CC6DA8404E3A2789A0E98BED460C4FAA90822BAC0EA362C67E261774BD0BF191"	"fastpfor"	"fastpfor=1"	"hybridzip-r2-currenthash-cc6d-20260827-r2-fastpfor"
"hybridzip-r2-currenthash-cc6d-20260827-r2"	"fastpfor"	"13"	"mozilla"	"32"	"32768"	"25926"	"32768"	"0.79119873046875"	"6.32958984375"	"0.0475571"	"0.0638227"	"2.01953125"	"2.01953125"	"2.01953125"	"9DDEEF36CA0CA55B72FE3376D005926DFF3400A2ADE6EAE18482D8017D8645DB"	"DABDACEC9F6A14ED4A0989FA8AA6BB4278213B7194D0ED1E29B5A949FA9FC883"	"9DDEEF36CA0CA55B72FE3376D005926DFF3400A2ADE6EAE18482D8017D8645DB"	"CC6DA8404E3A2789A0E98BED460C4FAA90822BAC0EA362C67E261774BD0BF191"	"fastpfor"	"fastpfor=1"	"hybridzip-r2-currenthash-cc6d-20260827-r2-fastpfor"
"hybridzip-r2-currenthash-cc6d-20260827-r2"	"fastpfor"	"13"	"mr"	"32"	"32768"	"20874"	"32768"	"0.63702392578125"	"5.09619140625"	"0.0482463"	"0.0412011"	"2.015625"	"2.01953125"	"2.01953125"	"3BB287B0AF65F777AB00C14E362B4D1962087260556001BBEE0689AA10D9F76A"	"1A351ABFE4E9550C406DFDD69DC554F68F44CD232974563E07B78274359694AE"	"3BB287B0AF65F777AB00C14E362B4D1962087260556001BBEE0689AA10D9F76A"	"CC6DA8404E3A2789A0E98BED460C4FAA90822BAC0EA362C67E261774BD0BF191"	"fastpfor"	"fastpfor=1"	"hybridzip-r2-currenthash-cc6d-20260827-r2-fastpfor"
"hybridzip-r2-currenthash-cc6d-20260827-r2"	"fastpfor"	"13"	"nci"	"32"	"32768"	"31066"	"32768"	"0.94805908203125"	"7.58447265625"	"0.0465607"	"0.042435"	"2.015625"	"2.015625"	"2.015625"	"0D3034FE8B0E573DE1439ED98CE409B83B13E5895085C9BFB0BF980F4962FB79"	"6174EF58665A341CB419B636D4B8B534D15DA0C50E6C1FAA40795C2F1F32A742"	"0D3034FE8B0E573DE1439ED98CE409B83B13E5895085C9BFB0BF980F4962FB79"	"CC6DA8404E3A2789A0E98BED460C4FAA90822BAC0EA362C67E261774BD0BF191"	"fastpfor"	"fastpfor=1"	"hybridzip-r2-currenthash-cc6d-20260827-r2-fastpfor"
"hybridzip-r2-currenthash-cc6d-20260827-r2"	"fastpfor"	"13"	"ooffice"	"32"	"32768"	"29446"	"32768"	"0.89862060546875"	"7.18896484375"	"0.0664349"	"0.0639795"	"3.1015625"	"2.01953125"	"3.1015625"	"2ACF9B4CAAEAC5814CDFEF0FA48A5ECE857C847DBDB7B44EEAB95CA3C098921C"	"05F4A426C05906A7020051C4BD6E4656895C441BF57CB2A73BB69D7E1C75F23A"	"2ACF9B4CAAEAC5814CDFEF0FA48A5ECE857C847DBDB7B44EEAB95CA3C098921C"	"CC6DA8404E3A2789A0E98BED460C4FAA90822BAC0EA362C67E261774BD0BF191"	"fastpfor"	"fastpfor=1"	"hybridzip-r2-currenthash-cc6d-20260827-r2-fastpfor"
"hybridzip-r2-currenthash-cc6d-20260827-r2"	"fastpfor"	"13"	"osdb"	"32"	"32768"	"32478"	"32768"	"0.99114990234375"	"7.92919921875"	"0.0482188"	"0.0413139"	"2.01953125"	"2.01953125"	"2.01953125"	"03B2C20B777682CD960BCD893D7A4463161D9C0200FD1708B2EFAE32A259D0B7"	"323AD4DA18B0325588AE268F652BBF4B3551B33C63725ADAACDBF52B64CC78AC"	"03B2C20B777682CD960BCD893D7A4463161D9C0200FD1708B2EFAE32A259D0B7"	"CC6DA8404E3A2789A0E98BED460C4FAA90822BAC0EA362C67E261774BD0BF191"	"fastpfor"	"fastpfor=1"	"hybridzip-r2-currenthash-cc6d-20260827-r2-fastpfor"
"hybridzip-r2-currenthash-cc6d-20260827-r2"	"fastpfor"	"13"	"reymont"	"32"	"32768"	"31886"	"32768"	"0.97308349609375"	"7.78466796875"	"0.0548352"	"0.0470547"	"4.2265625"	"2.01953125"	"4.2265625"	"9D5E4B9340C2260DAE7DDB01B3EDA58236FF2DE5E1FF4D56767AA840B6FB1A87"	"2A5289400458DC1BD4BEF3C72637BE0D2C67BB8AE6E31700C78DFFB01BC4D277"	"9D5E4B9340C2260DAE7DDB01B3EDA58236FF2DE5E1FF4D56767AA840B6FB1A87"	"CC6DA8404E3A2789A0E98BED460C4FAA90822BAC0EA362C67E261774BD0BF191"	"fastpfor"	"fastpfor=1"	"hybridzip-r2-currenthash-cc6d-20260827-r2-fastpfor"
"hybridzip-r2-currenthash-cc6d-20260827-r2"	"fastpfor"	"13"	"samba"	"32"	"32768"	"29454"	"32768"	"0.89886474609375"	"7.19091796875"	"0.0418381"	"0.0470648"	"2.01953125"	"2.01953125"	"2.01953125"	"9C4F5BEE544E4531E4946E62F796987418B4526911C34877EF282F14DD57AD12"	"1F425ADEDA1EAF9AE403940257417C5B967BCBDB262F8619B6B8446D586C32D3"	"9C4F5BEE544E4531E4946E62F796987418B4526911C34877EF282F14DD57AD12"	"CC6DA8404E3A2789A0E98BED460C4FAA90822BAC0EA362C67E261774BD0BF191"	"fastpfor"	"fastpfor=1"	"hybridzip-r2-currenthash-cc6d-20260827-r2-fastpfor"
"hybridzip-r2-currenthash-cc6d-20260827-r2"	"fastpfor"	"13"	"sao"	"32"	"32768"	"32910"	"32768"	"1.00433349609375"	"8.03466796875"	"0.0484674"	"0.0572206"	"2.015625"	"3.94140625"	"3.94140625"	"95677430CAD4F000506BC5EE22815C3F4E13D64B477ED506B78D5D9ACFB50CCD"	"411B0833209D4DC18541316C3D784628AC85F3457F695177CD518C023B8B03DD"	"95677430CAD4F000506BC5EE22815C3F4E13D64B477ED506B78D5D9ACFB50CCD"	"CC6DA8404E3A2789A0E98BED460C4FAA90822BAC0EA362C67E261774BD0BF191"	"fastpfor"	"fastpfor=1"	"hybridzip-r2-currenthash-cc6d-20260827-r2-fastpfor"
"hybridzip-r2-currenthash-cc6d-20260827-r2"	"fastpfor"	"13"	"webster"	"32"	"32768"	"31886"	"32768"	"0.97308349609375"	"7.78466796875"	"0.0550341"	"0.0493577"	"4.66015625"	"2.59765625"	"4.66015625"	"774D224695AF4057353F72602BB96CD2AFEEA059AC7737535645F11596FCA85E"	"B599BBC5DF592F2B5BF222CBE76E749A81F573432D6A5FADA8DDB9F73BEB7D6A"	"774D224695AF4057353F72602BB96CD2AFEEA059AC7737535645F11596FCA85E"	"CC6DA8404E3A2789A0E98BED460C4FAA90822BAC0EA362C67E261774BD0BF191"	"fastpfor"	"fastpfor=1"	"hybridzip-r2-currenthash-cc6d-20260827-r2-fastpfor"
"hybridzip-r2-currenthash-cc6d-20260827-r2"	"fastpfor"	"13"	"x-ray"	"32"	"32768"	"28574"	"32768"	"0.87200927734375"	"6.97607421875"	"0.052985"	"0.0521207"	"2.01953125"	"2.01953125"	"2.01953125"	"10511AA63DFBD9C0DDBFEFE36068740103D4BA1116E214154A0772057D7E9314"	"EFC50D184B215EE5E49F3445B78B36465125C03BB0940AA311B3A7FBC7CC53CD"	"10511AA63DFBD9C0DDBFEFE36068740103D4BA1116E214154A0772057D7E9314"	"CC6DA8404E3A2789A0E98BED460C4FAA90822BAC0EA362C67E261774BD0BF191"	"fastpfor"	"fastpfor=1"	"hybridzip-r2-currenthash-cc6d-20260827-r2-fastpfor"
"hybridzip-r2-currenthash-cc6d-20260827-r2"	"fastpfor"	"13"	"xml"	"32"	"32768"	"31638"	"32768"	"0.96551513671875"	"7.72412109375"	"0.0569828"	"0.0487283"	"2.01953125"	"2.01953125"	"2.01953125"	"C2F7F129956F8D6FC3D0E3595D93F98D5270B6F5BC4AB5E70F45867822EFDD71"	"40995AD812C5417AEDEF96309622D62896EC54FA7DFBAF731A76C80C11A9AE80"	"C2F7F129956F8D6FC3D0E3595D93F98D5270B6F5BC4AB5E70F45867822EFDD71"	"CC6DA8404E3A2789A0E98BED460C4FAA90822BAC0EA362C67E261774BD0BF191"	"fastpfor"	"fastpfor=1"	"hybridzip-r2-currenthash-cc6d-20260827-r2-fastpfor"
"hybridzip-r2-currenthash-cc6d-20260827-r2"	"rans"	"14"	"dickens"	"32"	"32768"	"19469"	"32768"	"0.594146728515625"	"4.753173828125"	"0.0698926"	"0.0634561"	"4.42578125"	"2.01953125"	"4.42578125"	"FC42DCB9849222C8704C9DCAE606D075B389B66244FB215035148D6409EC0B31"	"F4109E7DA6C6D8653267385F5B3E13A9580D10B6E1768EE006FDEF7D684CD73A"	"FC42DCB9849222C8704C9DCAE606D075B389B66244FB215035148D6409EC0B31"	"CC6DA8404E3A2789A0E98BED460C4FAA90822BAC0EA362C67E261774BD0BF191"	"rans"	"rans=1"	"hybridzip-r2-currenthash-cc6d-20260827-r2-rans"
"hybridzip-r2-currenthash-cc6d-20260827-r2"	"rans"	"14"	"mozilla"	"32"	"32768"	"21742"	"32768"	"0.66351318359375"	"5.30810546875"	"0.0664904"	"0.0483364"	"2.76953125"	"2.01953125"	"2.76953125"	"9DDEEF36CA0CA55B72FE3376D005926DFF3400A2ADE6EAE18482D8017D8645DB"	"4FB66BCCA44CC5FA09D104A8AA82191ADE1041BEA3508204E8A058C96126EED0"	"9DDEEF36CA0CA55B72FE3376D005926DFF3400A2ADE6EAE18482D8017D8645DB"	"CC6DA8404E3A2789A0E98BED460C4FAA90822BAC0EA362C67E261774BD0BF191"	"rans"	"rans=1"	"hybridzip-r2-currenthash-cc6d-20260827-r2-rans"
"hybridzip-r2-currenthash-cc6d-20260827-r2"	"rans"	"14"	"mr"	"32"	"32768"	"12528"	"32768"	"0.38232421875"	"3.05859375"	"0.0464424"	"0.0468589"	"2.01953125"	"2.01953125"	"2.01953125"	"3BB287B0AF65F777AB00C14E362B4D1962087260556001BBEE0689AA10D9F76A"	"7C26E12FE6CBA36453E24AE7507AC89AC491CF11FE981B66BCA88FFFCB23D9FC"	"3BB287B0AF65F777AB00C14E362B4D1962087260556001BBEE0689AA10D9F76A"	"CC6DA8404E3A2789A0E98BED460C4FAA90822BAC0EA362C67E261774BD0BF191"	"rans"	"rans=1"	"hybridzip-r2-currenthash-cc6d-20260827-r2-rans"
"hybridzip-r2-currenthash-cc6d-20260827-r2"	"rans"	"14"	"nci"	"32"	"32768"	"10095"	"32768"	"0.308074951171875"	"2.464599609375"	"0.0470118"	"0.0434549"	"2.01953125"	"2.015625"	"2.01953125"	"0D3034FE8B0E573DE1439ED98CE409B83B13E5895085C9BFB0BF980F4962FB79"	"84976AA8E007564F677FE7F411E1DB54C7A6E66133BCCC03C55359CED1E0ADE9"	"0D3034FE8B0E573DE1439ED98CE409B83B13E5895085C9BFB0BF980F4962FB79"	"CC6DA8404E3A2789A0E98BED460C4FAA90822BAC0EA362C67E261774BD0BF191"	"rans"	"rans=1"	"hybridzip-r2-currenthash-cc6d-20260827-r2-rans"
"hybridzip-r2-currenthash-cc6d-20260827-r2"	"rans"	"14"	"ooffice"	"32"	"32768"	"25655"	"32768"	"0.782928466796875"	"6.263427734375"	"0.0545303"	"0.0488512"	"4.4453125"	"2.01953125"	"4.4453125"	"2ACF9B4CAAEAC5814CDFEF0FA48A5ECE857C847DBDB7B44EEAB95CA3C098921C"	"5BA191F045472F225273D0A230B5F5CF772C95A05E009C8001EBF4D72CEC7BC1"	"2ACF9B4CAAEAC5814CDFEF0FA48A5ECE857C847DBDB7B44EEAB95CA3C098921C"	"CC6DA8404E3A2789A0E98BED460C4FAA90822BAC0EA362C67E261774BD0BF191"	"rans"	"rans=1"	"hybridzip-r2-currenthash-cc6d-20260827-r2-rans"
"hybridzip-r2-currenthash-cc6d-20260827-r2"	"rans"	"14"	"osdb"	"32"	"32768"	"27825"	"32768"	"0.849151611328125"	"6.793212890625"	"0.0550317"	"0.0477286"	"4.44140625"	"2.015625"	"4.44140625"	"03B2C20B777682CD960BCD893D7A4463161D9C0200FD1708B2EFAE32A259D0B7"	"1B811AE27D7724CC873EAF3CABAD11A86214966E6B3729CE6CE60B4971B7C5A6"	"03B2C20B777682CD960BCD893D7A4463161D9C0200FD1708B2EFAE32A259D0B7"	"CC6DA8404E3A2789A0E98BED460C4FAA90822BAC0EA362C67E261774BD0BF191"	"rans"	"rans=1"	"hybridzip-r2-currenthash-cc6d-20260827-r2-rans"
"hybridzip-r2-currenthash-cc6d-20260827-r2"	"rans"	"14"	"reymont"	"32"	"32768"	"20482"	"32768"	"0.62506103515625"	"5.00048828125"	"0.0678189"	"0.0652214"	"4.4453125"	"2.546875"	"4.4453125"	"9D5E4B9340C2260DAE7DDB01B3EDA58236FF2DE5E1FF4D56767AA840B6FB1A87"	"62860F851BA2B04DE44A3EDAB020CE08BB7826F59F6DFDD4266FC137CC60B559"	"9D5E4B9340C2260DAE7DDB01B3EDA58236FF2DE5E1FF4D56767AA840B6FB1A87"	"CC6DA8404E3A2789A0E98BED460C4FAA90822BAC0EA362C67E261774BD0BF191"	"rans"	"rans=1"	"hybridzip-r2-currenthash-cc6d-20260827-r2-rans"
"hybridzip-r2-currenthash-cc6d-20260827-r2"	"rans"	"14"	"samba"	"32"	"32768"	"20094"	"32768"	"0.61322021484375"	"4.90576171875"	"0.0598338"	"0.0645536"	"2.01953125"	"2.64453125"	"2.64453125"	"9C4F5BEE544E4531E4946E62F796987418B4526911C34877EF282F14DD57AD12"	"58D1C9DBADC2183ED32424016B5ACCE06E9EAD6BD7A5B88DBF5E0A2D47B1BC27"	"9C4F5BEE544E4531E4946E62F796987418B4526911C34877EF282F14DD57AD12"	"CC6DA8404E3A2789A0E98BED460C4FAA90822BAC0EA362C67E261774BD0BF191"	"rans"	"rans=1"	"hybridzip-r2-currenthash-cc6d-20260827-r2-rans"
"hybridzip-r2-currenthash-cc6d-20260827-r2"	"rans"	"14"	"sao"	"32"	"32768"	"30960"	"32768"	"0.94482421875"	"7.55859375"	"0.0475395"	"0.0421253"	"2.015625"	"2.015625"	"2.015625"	"95677430CAD4F000506BC5EE22815C3F4E13D64B477ED506B78D5D9ACFB50CCD"	"8A9ED4B806D482E096D2C2509C1E1D28237C759B434432361BEF50809BC9DC58"	"95677430CAD4F000506BC5EE22815C3F4E13D64B477ED506B78D5D9ACFB50CCD"	"CC6DA8404E3A2789A0E98BED460C4FAA90822BAC0EA362C67E261774BD0BF191"	"rans"	"rans=1"	"hybridzip-r2-currenthash-cc6d-20260827-r2-rans"
"hybridzip-r2-currenthash-cc6d-20260827-r2"	"rans"	"14"	"webster"	"32"	"32768"	"21165"	"32768"	"0.645904541015625"	"5.167236328125"	"0.0672903"	"0.0645093"	"3.21484375"	"2.5859375"	"3.21484375"	"774D224695AF4057353F72602BB96CD2AFEEA059AC7737535645F11596FCA85E"	"A5562E08080EA52C06523EC430B31B16A5610CFDF8C7B08DDAFA76CDBF36CECB"	"774D224695AF4057353F72602BB96CD2AFEEA059AC7737535645F11596FCA85E"	"CC6DA8404E3A2789A0E98BED460C4FAA90822BAC0EA362C67E261774BD0BF191"	"rans"	"rans=1"	"hybridzip-r2-currenthash-cc6d-20260827-r2-rans"
"hybridzip-r2-currenthash-cc6d-20260827-r2"	"rans"	"14"	"x-ray"	"32"	"32768"	"27517"	"32768"	"0.839752197265625"	"6.718017578125"	"0.0537763"	"0.0474141"	"4.43359375"	"2.01953125"	"4.43359375"	"10511AA63DFBD9C0DDBFEFE36068740103D4BA1116E214154A0772057D7E9314"	"1AD7468A33E566B1D27C07CEF3DDB7DCAB087A98807F9543DF8EBF89ACD9ACED"	"10511AA63DFBD9C0DDBFEFE36068740103D4BA1116E214154A0772057D7E9314"	"CC6DA8404E3A2789A0E98BED460C4FAA90822BAC0EA362C67E261774BD0BF191"	"rans"	"rans=1"	"hybridzip-r2-currenthash-cc6d-20260827-r2-rans"
"hybridzip-r2-currenthash-cc6d-20260827-r2"	"rans"	"14"	"xml"	"32"	"32768"	"21775"	"32768"	"0.664520263671875"	"5.316162109375"	"0.0530703"	"0.0485905"	"2.015625"	"2.01953125"	"2.01953125"	"C2F7F129956F8D6FC3D0E3595D93F98D5270B6F5BC4AB5E70F45867822EFDD71"	"71650CE300BCCADF152FC0E56A6B2B555720677F68170DED5EDD6294086E3BB9"	"C2F7F129956F8D6FC3D0E3595D93F98D5270B6F5BC4AB5E70F45867822EFDD71"	"CC6DA8404E3A2789A0E98BED460C4FAA90822BAC0EA362C67E261774BD0BF191"	"rans"	"rans=1"	"hybridzip-r2-currenthash-cc6d-20260827-r2-rans"
"hybridzip-r2-currenthash-cc6d-20260827-r2"	"bcj2-zstd"	"15"	"dickens"	"32"	"32768"	"13238"	"32768"	"0.40399169921875"	"3.23193359375"	"0.0616633"	"0.0532884"	"5.98046875"	"2.01953125"	"5.98046875"	"FC42DCB9849222C8704C9DCAE606D075B389B66244FB215035148D6409EC0B31"	"C26D87046DC211671533C2871FA8753715C613649281577E047B0AA22DE04B5B"	"FC42DCB9849222C8704C9DCAE606D075B389B66244FB215035148D6409EC0B31"	"CC6DA8404E3A2789A0E98BED460C4FAA90822BAC0EA362C67E261774BD0BF191"	"bcj2-zstd"	"bcj2-zstd=1"	"hybridzip-r2-currenthash-cc6d-20260827-r2-bcj2-zstd"
"hybridzip-r2-currenthash-cc6d-20260827-r2"	"bcj2-zstd"	"15"	"mozilla"	"32"	"32768"	"9579"	"32768"	"0.292327880859375"	"2.338623046875"	"0.0611657"	"0.0505268"	"2.01953125"	"3.87890625"	"3.87890625"	"9DDEEF36CA0CA55B72FE3376D005926DFF3400A2ADE6EAE18482D8017D8645DB"	"D39BF30435DD267E115ECC5EE6B7327D7986FC9D4A971438402EBBB3C000FAF1"	"9DDEEF36CA0CA55B72FE3376D005926DFF3400A2ADE6EAE18482D8017D8645DB"	"CC6DA8404E3A2789A0E98BED460C4FAA90822BAC0EA362C67E261774BD0BF191"	"bcj2-zstd"	"bcj2-zstd=1"	"hybridzip-r2-currenthash-cc6d-20260827-r2-bcj2-zstd"
"hybridzip-r2-currenthash-cc6d-20260827-r2"	"bcj2-zstd"	"15"	"mr"	"32"	"32768"	"7972"	"32768"	"0.2432861328125"	"1.9462890625"	"0.0574565"	"0.0500636"	"5.91015625"	"2.57421875"	"5.91015625"	"3BB287B0AF65F777AB00C14E362B4D1962087260556001BBEE0689AA10D9F76A"	"09049363A5E415021B1FE0054769E3B797B4CE104444DEDAA3B4E68FF415AD39"	"3BB287B0AF65F777AB00C14E362B4D1962087260556001BBEE0689AA10D9F76A"	"CC6DA8404E3A2789A0E98BED460C4FAA90822BAC0EA362C67E261774BD0BF191"	"bcj2-zstd"	"bcj2-zstd=1"	"hybridzip-r2-currenthash-cc6d-20260827-r2-bcj2-zstd"
"hybridzip-r2-currenthash-cc6d-20260827-r2"	"bcj2-zstd"	"15"	"nci"	"32"	"32768"	"2505"	"32768"	"0.076446533203125"	"0.611572265625"	"0.072551"	"0.0481118"	"5.875"	"2.01953125"	"5.875"	"0D3034FE8B0E573DE1439ED98CE409B83B13E5895085C9BFB0BF980F4962FB79"	"08FB1BEF234A03B677A6EC1FC44AD2068C8FA2CD00D94698279647082E65DE91"	"0D3034FE8B0E573DE1439ED98CE409B83B13E5895085C9BFB0BF980F4962FB79"	"CC6DA8404E3A2789A0E98BED460C4FAA90822BAC0EA362C67E261774BD0BF191"	"bcj2-zstd"	"bcj2-zstd=1"	"hybridzip-r2-currenthash-cc6d-20260827-r2-bcj2-zstd"
"hybridzip-r2-currenthash-cc6d-20260827-r2"	"bcj2-zstd"	"15"	"ooffice"	"32"	"32768"	"12934"	"32768"	"0.39471435546875"	"3.15771484375"	"0.0534511"	"0.0457231"	"5.85546875"	"2.01953125"	"5.85546875"	"2ACF9B4CAAEAC5814CDFEF0FA48A5ECE857C847DBDB7B44EEAB95CA3C098921C"	"79C16B8E8730C4D73F125106BC1301320DE73F3F38D89D8013F35A4DD903622C"	"2ACF9B4CAAEAC5814CDFEF0FA48A5ECE857C847DBDB7B44EEAB95CA3C098921C"	"CC6DA8404E3A2789A0E98BED460C4FAA90822BAC0EA362C67E261774BD0BF191"	"bcj2-zstd"	"bcj2-zstd=1"	"hybridzip-r2-currenthash-cc6d-20260827-r2-bcj2-zstd"
"hybridzip-r2-currenthash-cc6d-20260827-r2"	"bcj2-zstd"	"15"	"osdb"	"32"	"32768"	"15154"	"32768"	"0.46246337890625"	"3.69970703125"	"0.0531717"	"0.0477211"	"5.90234375"	"2.01953125"	"5.90234375"	"03B2C20B777682CD960BCD893D7A4463161D9C0200FD1708B2EFAE32A259D0B7"	"D24C8A41897E1C97B6069E5A627C78E63D182B84ECC7994E5A1ED66FDD225C72"	"03B2C20B777682CD960BCD893D7A4463161D9C0200FD1708B2EFAE32A259D0B7"	"CC6DA8404E3A2789A0E98BED460C4FAA90822BAC0EA362C67E261774BD0BF191"	"bcj2-zstd"	"bcj2-zstd=1"	"hybridzip-r2-currenthash-cc6d-20260827-r2-bcj2-zstd"
"hybridzip-r2-currenthash-cc6d-20260827-r2"	"bcj2-zstd"	"15"	"reymont"	"32"	"32768"	"9127"	"32768"	"0.278533935546875"	"2.228271484375"	"0.0606172"	"0.0442162"	"5.87890625"	"2.01953125"	"5.87890625"	"9D5E4B9340C2260DAE7DDB01B3EDA58236FF2DE5E1FF4D56767AA840B6FB1A87"	"C11E9517B7F1C03CF20A828FD672AA598CA568C405D8FA0D47CF86771C11CACE"	"9D5E4B9340C2260DAE7DDB01B3EDA58236FF2DE5E1FF4D56767AA840B6FB1A87"	"CC6DA8404E3A2789A0E98BED460C4FAA90822BAC0EA362C67E261774BD0BF191"	"bcj2-zstd"	"bcj2-zstd=1"	"hybridzip-r2-currenthash-cc6d-20260827-r2-bcj2-zstd"
"hybridzip-r2-currenthash-cc6d-20260827-r2"	"bcj2-zstd"	"15"	"samba"	"32"	"32768"	"11047"	"32768"	"0.337127685546875"	"2.697021484375"	"0.0590965"	"0.0493118"	"5.9375"	"2.01953125"	"5.9375"	"9C4F5BEE544E4531E4946E62F796987418B4526911C34877EF282F14DD57AD12"	"BF268E2A7C0F027B9A4F47F91464FB98FC807A22330922B097151298F705119A"	"9C4F5BEE544E4531E4946E62F796987418B4526911C34877EF282F14DD57AD12"	"CC6DA8404E3A2789A0E98BED460C4FAA90822BAC0EA362C67E261774BD0BF191"	"bcj2-zstd"	"bcj2-zstd=1"	"hybridzip-r2-currenthash-cc6d-20260827-r2-bcj2-zstd"
"hybridzip-r2-currenthash-cc6d-20260827-r2"	"bcj2-zstd"	"15"	"sao"	"32"	"32768"	"24447"	"32768"	"0.746063232421875"	"5.968505859375"	"0.0575554"	"0.0470356"	"5.953125"	"2.01953125"	"5.953125"	"95677430CAD4F000506BC5EE22815C3F4E13D64B477ED506B78D5D9ACFB50CCD"	"71460D8ACF17BC5AD49E3B4EE7412BD5E77EE198FAF886A905D6777CF2DF6406"	"95677430CAD4F000506BC5EE22815C3F4E13D64B477ED506B78D5D9ACFB50CCD"	"CC6DA8404E3A2789A0E98BED460C4FAA90822BAC0EA362C67E261774BD0BF191"	"bcj2-zstd"	"bcj2-zstd=1"	"hybridzip-r2-currenthash-cc6d-20260827-r2-bcj2-zstd"
"hybridzip-r2-currenthash-cc6d-20260827-r2"	"bcj2-zstd"	"15"	"webster"	"32"	"32768"	"12792"	"32768"	"0.390380859375"	"3.123046875"	"0.054278"	"0.0481477"	"5.87890625"	"2.01953125"	"5.87890625"	"774D224695AF4057353F72602BB96CD2AFEEA059AC7737535645F11596FCA85E"	"FC6360ED452F0050C54E5C3CB54248640D44175446CAF28C47F12D4E9103651A"	"774D224695AF4057353F72602BB96CD2AFEEA059AC7737535645F11596FCA85E"	"CC6DA8404E3A2789A0E98BED460C4FAA90822BAC0EA362C67E261774BD0BF191"	"bcj2-zstd"	"bcj2-zstd=1"	"hybridzip-r2-currenthash-cc6d-20260827-r2-bcj2-zstd"
"hybridzip-r2-currenthash-cc6d-20260827-r2"	"bcj2-zstd"	"15"	"x-ray"	"32"	"32768"	"22430"	"32768"	"0.68450927734375"	"5.47607421875"	"0.0637945"	"0.0565571"	"5.98828125"	"2.01953125"	"5.98828125"	"10511AA63DFBD9C0DDBFEFE36068740103D4BA1116E214154A0772057D7E9314"	"2B989523CFBEAE89E6427A0F231DCF44E96B9294029441774470E5F911D2D709"	"10511AA63DFBD9C0DDBFEFE36068740103D4BA1116E214154A0772057D7E9314"	"CC6DA8404E3A2789A0E98BED460C4FAA90822BAC0EA362C67E261774BD0BF191"	"bcj2-zstd"	"bcj2-zstd=1"	"hybridzip-r2-currenthash-cc6d-20260827-r2-bcj2-zstd"
"hybridzip-r2-currenthash-cc6d-20260827-r2"	"bcj2-zstd"	"15"	"xml"	"32"	"32768"	"2734"	"32768"	"0.08343505859375"	"0.66748046875"	"0.0688123"	"0.0577023"	"5.90234375"	"4.1875"	"5.90234375"	"C2F7F129956F8D6FC3D0E3595D93F98D5270B6F5BC4AB5E70F45867822EFDD71"	"CDDA76626B6F408DF799599EBC54FE32159F321FB57FDC3716D4E816C1D3E8D8"	"C2F7F129956F8D6FC3D0E3595D93F98D5270B6F5BC4AB5E70F45867822EFDD71"	"CC6DA8404E3A2789A0E98BED460C4FAA90822BAC0EA362C67E261774BD0BF191"	"bcj2-zstd"	"bcj2-zstd=1"	"hybridzip-r2-currenthash-cc6d-20260827-r2-bcj2-zstd"
"hybridzip-r2-currenthash-cc6d-20260827-r2"	"record-transpose-zstd"	"16"	"dickens"	"32"	"32768"	"19532"	"32768"	"0.5960693359375"	"4.7685546875"	"0.0540185"	"0.0463966"	"2.6484375"	"2.01953125"	"2.6484375"	"FC42DCB9849222C8704C9DCAE606D075B389B66244FB215035148D6409EC0B31"	"E33ECE33D9245E7D85E5A879770DAC4618CB49F231E8F7EF911491E882DBBCE4"	"FC42DCB9849222C8704C9DCAE606D075B389B66244FB215035148D6409EC0B31"	"CC6DA8404E3A2789A0E98BED460C4FAA90822BAC0EA362C67E261774BD0BF191"	"record-transpose-zstd"	"record-transpose-zstd=1"	"hybridzip-r2-currenthash-cc6d-20260827-r2-record-transpose-zstd"
"hybridzip-r2-currenthash-cc6d-20260827-r2"	"record-transpose-zstd"	"16"	"mozilla"	"32"	"32768"	"14402"	"32768"	"0.43951416015625"	"3.51611328125"	"0.0771941"	"0.0632022"	"5.328125"	"2.015625"	"5.328125"	"9DDEEF36CA0CA55B72FE3376D005926DFF3400A2ADE6EAE18482D8017D8645DB"	"36D685209BFEA50D7BA659FE796CB5D3B48614C389B169B4251851B247E59F77"	"9DDEEF36CA0CA55B72FE3376D005926DFF3400A2ADE6EAE18482D8017D8645DB"	"CC6DA8404E3A2789A0E98BED460C4FAA90822BAC0EA362C67E261774BD0BF191"	"record-transpose-zstd"	"record-transpose-zstd=1"	"hybridzip-r2-currenthash-cc6d-20260827-r2-record-transpose-zstd"
"hybridzip-r2-currenthash-cc6d-20260827-r2"	"record-transpose-zstd"	"16"	"mr"	"32"	"32768"	"9086"	"32768"	"0.27728271484375"	"2.21826171875"	"0.0591471"	"0.0441446"	"5.2265625"	"2.01953125"	"5.2265625"	"3BB287B0AF65F777AB00C14E362B4D1962087260556001BBEE0689AA10D9F76A"	"749E09A84EEC8771B17A3B60C0CE7FDD08EFCF9223479B4438D6EC9B0930DB4B"	"3BB287B0AF65F777AB00C14E362B4D1962087260556001BBEE0689AA10D9F76A"	"CC6DA8404E3A2789A0E98BED460C4FAA90822BAC0EA362C67E261774BD0BF191"	"record-transpose-zstd"	"record-transpose-zstd=1"	"hybridzip-r2-currenthash-cc6d-20260827-r2-record-transpose-zstd"
"hybridzip-r2-currenthash-cc6d-20260827-r2"	"record-transpose-zstd"	"16"	"nci"	"32"	"32768"	"4718"	"32768"	"0.14398193359375"	"1.15185546875"	"0.0751301"	"0.0440187"	"5.3046875"	"2.01953125"	"5.3046875"	"0D3034FE8B0E573DE1439ED98CE409B83B13E5895085C9BFB0BF980F4962FB79"	"7EA1D0BB6C459150D2AA342DECECCECD5A3026A4C35457BAFBF4172B6DFF3356"	"0D3034FE8B0E573DE1439ED98CE409B83B13E5895085C9BFB0BF980F4962FB79"	"CC6DA8404E3A2789A0E98BED460C4FAA90822BAC0EA362C67E261774BD0BF191"	"record-transpose-zstd"	"record-transpose-zstd=1"	"hybridzip-r2-currenthash-cc6d-20260827-r2-record-transpose-zstd"
"hybridzip-r2-currenthash-cc6d-20260827-r2"	"record-transpose-zstd"	"16"	"ooffice"	"32"	"32768"	"20800"	"32768"	"0.634765625"	"5.078125"	"0.0579156"	"0.0416625"	"5"	"2.01953125"	"5"	"2ACF9B4CAAEAC5814CDFEF0FA48A5ECE857C847DBDB7B44EEAB95CA3C098921C"	"73545D9537240028E20F79AFDA196B96B0B7DBAD94DE144D93E0719BB1954363"	"2ACF9B4CAAEAC5814CDFEF0FA48A5ECE857C847DBDB7B44EEAB95CA3C098921C"	"CC6DA8404E3A2789A0E98BED460C4FAA90822BAC0EA362C67E261774BD0BF191"	"record-transpose-zstd"	"record-transpose-zstd=1"	"hybridzip-r2-currenthash-cc6d-20260827-r2-record-transpose-zstd"
"hybridzip-r2-currenthash-cc6d-20260827-r2"	"record-transpose-zstd"	"16"	"osdb"	"32"	"32768"	"26493"	"32768"	"0.808502197265625"	"6.468017578125"	"0.0628824"	"0.0480677"	"5.2421875"	"2.01953125"	"5.2421875"	"03B2C20B777682CD960BCD893D7A4463161D9C0200FD1708B2EFAE32A259D0B7"	"160F22657615DE7802780AAAED68EC43376757EEFF891FB5E415CFA884314405"	"03B2C20B777682CD960BCD893D7A4463161D9C0200FD1708B2EFAE32A259D0B7"	"CC6DA8404E3A2789A0E98BED460C4FAA90822BAC0EA362C67E261774BD0BF191"	"record-transpose-zstd"	"record-transpose-zstd=1"	"hybridzip-r2-currenthash-cc6d-20260827-r2-record-transpose-zstd"
"hybridzip-r2-currenthash-cc6d-20260827-r2"	"record-transpose-zstd"	"16"	"reymont"	"32"	"32768"	"18766"	"32768"	"0.57269287109375"	"4.58154296875"	"0.0569071"	"0.0470961"	"5.2265625"	"2.01953125"	"5.2265625"	"9D5E4B9340C2260DAE7DDB01B3EDA58236FF2DE5E1FF4D56767AA840B6FB1A87"	"3706567B562AA6FD396A1C1692C186BF5F686608EA184AC7E3FF244CB8EDDA6D"	"9D5E4B9340C2260DAE7DDB01B3EDA58236FF2DE5E1FF4D56767AA840B6FB1A87"	"CC6DA8404E3A2789A0E98BED460C4FAA90822BAC0EA362C67E261774BD0BF191"	"record-transpose-zstd"	"record-transpose-zstd=1"	"hybridzip-r2-currenthash-cc6d-20260827-r2-record-transpose-zstd"
"hybridzip-r2-currenthash-cc6d-20260827-r2"	"record-transpose-zstd"	"16"	"samba"	"32"	"32768"	"18402"	"32768"	"0.56158447265625"	"4.49267578125"	"0.0548844"	"0.0480543"	"5.22265625"	"2.01953125"	"5.22265625"	"9C4F5BEE544E4531E4946E62F796987418B4526911C34877EF282F14DD57AD12"	"AEA33FFECDCEBF1A10F850F802DD88F25F56520D3719D41F384D64E11DB7A3A6"	"9C4F5BEE544E4531E4946E62F796987418B4526911C34877EF282F14DD57AD12"	"CC6DA8404E3A2789A0E98BED460C4FAA90822BAC0EA362C67E261774BD0BF191"	"record-transpose-zstd"	"record-transpose-zstd=1"	"hybridzip-r2-currenthash-cc6d-20260827-r2-record-transpose-zstd"
"hybridzip-r2-currenthash-cc6d-20260827-r2"	"record-transpose-zstd"	"16"	"sao"	"32"	"32768"	"29064"	"32768"	"0.886962890625"	"7.095703125"	"0.0571561"	"0.0478213"	"5.234375"	"2.01953125"	"5.234375"	"95677430CAD4F000506BC5EE22815C3F4E13D64B477ED506B78D5D9ACFB50CCD"	"DC314283B8E549A56ACA28B096D258850A622847867E9C865A9ABC4592641345"	"95677430CAD4F000506BC5EE22815C3F4E13D64B477ED506B78D5D9ACFB50CCD"	"CC6DA8404E3A2789A0E98BED460C4FAA90822BAC0EA362C67E261774BD0BF191"	"record-transpose-zstd"	"record-transpose-zstd=1"	"hybridzip-r2-currenthash-cc6d-20260827-r2-record-transpose-zstd"
"hybridzip-r2-currenthash-cc6d-20260827-r2"	"record-transpose-zstd"	"16"	"webster"	"32"	"32768"	"21114"	"32768"	"0.64434814453125"	"5.15478515625"	"0.0514539"	"0.0463181"	"2.69921875"	"2.015625"	"2.69921875"	"774D224695AF4057353F72602BB96CD2AFEEA059AC7737535645F11596FCA85E"	"AF846286A43B311683C41AC9ADC5122D4D1AC3625835F541E062FDC8D16506DC"	"774D224695AF4057353F72602BB96CD2AFEEA059AC7737535645F11596FCA85E"	"CC6DA8404E3A2789A0E98BED460C4FAA90822BAC0EA362C67E261774BD0BF191"	"record-transpose-zstd"	"record-transpose-zstd=1"	"hybridzip-r2-currenthash-cc6d-20260827-r2-record-transpose-zstd"
"hybridzip-r2-currenthash-cc6d-20260827-r2"	"record-transpose-zstd"	"16"	"x-ray"	"32"	"32768"	"18829"	"32768"	"0.574615478515625"	"4.596923828125"	"0.0672309"	"0.0506152"	"5.31640625"	"2.01953125"	"5.31640625"	"10511AA63DFBD9C0DDBFEFE36068740103D4BA1116E214154A0772057D7E9314"	"5C9289F145D66FA21D75D2B0F77555BF38F05D2C1CF5B5741ECE369D90ABF163"	"10511AA63DFBD9C0DDBFEFE36068740103D4BA1116E214154A0772057D7E9314"	"CC6DA8404E3A2789A0E98BED460C4FAA90822BAC0EA362C67E261774BD0BF191"	"record-transpose-zstd"	"record-transpose-zstd=1"	"hybridzip-r2-currenthash-cc6d-20260827-r2-record-transpose-zstd"
"hybridzip-r2-currenthash-cc6d-20260827-r2"	"record-transpose-zstd"	"16"	"xml"	"32"	"32768"	"8981"	"32768"	"0.274078369140625"	"2.192626953125"	"0.0686187"	"0.0637365"	"2.0234375"	"2.01953125"	"2.0234375"	"C2F7F129956F8D6FC3D0E3595D93F98D5270B6F5BC4AB5E70F45867822EFDD71"	"1288DF84D3E6ECAF270FA744DE04EDB1746D443E24ABF73F7F0584AE8D976DFF"	"C2F7F129956F8D6FC3D0E3595D93F98D5270B6F5BC4AB5E70F45867822EFDD71"	"CC6DA8404E3A2789A0E98BED460C4FAA90822BAC0EA362C67E261774BD0BF191"	"record-transpose-zstd"	"record-transpose-zstd=1"	"hybridzip-r2-currenthash-cc6d-20260827-r2-record-transpose-zstd"
"hybridzip-r2-currenthash-cc6d-20260827-r2"	"jpegls"	"17"	"dickens"	"32"	"32768"	"30616"	"32768"	"0.934326171875"	"7.474609375"	"0.0551174"	"0.0454916"	"2.8203125"	"2.01953125"	"2.8203125"	"FC42DCB9849222C8704C9DCAE606D075B389B66244FB215035148D6409EC0B31"	"E35098CB6C7CD17A51FE043ED91CEE4565AE8CD3D96D7D36CEA7A3EEE86854A3"	"FC42DCB9849222C8704C9DCAE606D075B389B66244FB215035148D6409EC0B31"	"CC6DA8404E3A2789A0E98BED460C4FAA90822BAC0EA362C67E261774BD0BF191"	"jpegls"	"jpegls=1"	"hybridzip-r2-currenthash-cc6d-20260827-r2-jpegls"
"hybridzip-r2-currenthash-cc6d-20260827-r2"	"jpegls"	"17"	"mozilla"	"32"	"32768"	"24706"	"32768"	"0.75396728515625"	"6.03173828125"	"0.0533158"	"0.0447531"	"2.64453125"	"2.01953125"	"2.64453125"	"9DDEEF36CA0CA55B72FE3376D005926DFF3400A2ADE6EAE18482D8017D8645DB"	"30B5B028CF717BEEB9A2FE315BE54056BFAF406F01D1BC40613C87C1E377F3AF"	"9DDEEF36CA0CA55B72FE3376D005926DFF3400A2ADE6EAE18482D8017D8645DB"	"CC6DA8404E3A2789A0E98BED460C4FAA90822BAC0EA362C67E261774BD0BF191"	"jpegls"	"jpegls=1"	"hybridzip-r2-currenthash-cc6d-20260827-r2-jpegls"
"hybridzip-r2-currenthash-cc6d-20260827-r2"	"jpegls"	"17"	"mr"	"32"	"32768"	"12364"	"32768"	"0.3773193359375"	"3.0185546875"	"0.054287"	"0.04893"	"4.53515625"	"3.3125"	"4.53515625"	"3BB287B0AF65F777AB00C14E362B4D1962087260556001BBEE0689AA10D9F76A"	"50FD8D6227BDDDEC8A02D38FD6237E8F68F2C53B97983EB5070D5B62C9B38836"	"3BB287B0AF65F777AB00C14E362B4D1962087260556001BBEE0689AA10D9F76A"	"CC6DA8404E3A2789A0E98BED460C4FAA90822BAC0EA362C67E261774BD0BF191"	"jpegls"	"jpegls=1"	"hybridzip-r2-currenthash-cc6d-20260827-r2-jpegls"
"hybridzip-r2-currenthash-cc6d-20260827-r2"	"jpegls"	"17"	"nci"	"32"	"32768"	"18509"	"32768"	"0.564849853515625"	"4.518798828125"	"0.0582659"	"0.0487857"	"4.52734375"	"3.01953125"	"4.52734375"	"0D3034FE8B0E573DE1439ED98CE409B83B13E5895085C9BFB0BF980F4962FB79"	"A1147255D1FCEB0C4553C9007DE64AB31AD48906731973603C0B1B43832783E6"	"0D3034FE8B0E573DE1439ED98CE409B83B13E5895085C9BFB0BF980F4962FB79"	"CC6DA8404E3A2789A0E98BED460C4FAA90822BAC0EA362C67E261774BD0BF191"	"jpegls"	"jpegls=1"	"hybridzip-r2-currenthash-cc6d-20260827-r2-jpegls"
"hybridzip-r2-currenthash-cc6d-20260827-r2"	"jpegls"	"17"	"ooffice"	"32"	"32768"	"30781"	"32768"	"0.939361572265625"	"7.514892578125"	"0.0555124"	"0.0603048"	"4.5234375"	"2.01953125"	"4.5234375"	"2ACF9B4CAAEAC5814CDFEF0FA48A5ECE857C847DBDB7B44EEAB95CA3C098921C"	"FD16ACCDBF07D2B09D983E751945C1DB3D3DFB0F376CC7B34E4BBD89857B9C0B"	"2ACF9B4CAAEAC5814CDFEF0FA48A5ECE857C847DBDB7B44EEAB95CA3C098921C"	"CC6DA8404E3A2789A0E98BED460C4FAA90822BAC0EA362C67E261774BD0BF191"	"jpegls"	"jpegls=1"	"hybridzip-r2-currenthash-cc6d-20260827-r2-jpegls"
"hybridzip-r2-currenthash-cc6d-20260827-r2"	"jpegls"	"17"	"osdb"	"32"	"32768"	"31715"	"32768"	"0.967864990234375"	"7.742919921875"	"0.058332"	"0.050593"	"4.52734375"	"2.52734375"	"4.52734375"	"03B2C20B777682CD960BCD893D7A4463161D9C0200FD1708B2EFAE32A259D0B7"	"7CF5E8EA78018727082864610DF827621DB8B73FCE1FC55F38B2764E0D88DBB8"	"03B2C20B777682CD960BCD893D7A4463161D9C0200FD1708B2EFAE32A259D0B7"	"CC6DA8404E3A2789A0E98BED460C4FAA90822BAC0EA362C67E261774BD0BF191"	"jpegls"	"jpegls=1"	"hybridzip-r2-currenthash-cc6d-20260827-r2-jpegls"
"hybridzip-r2-currenthash-cc6d-20260827-r2"	"jpegls"	"17"	"reymont"	"32"	"32768"	"28084"	"32768"	"0.8570556640625"	"6.8564453125"	"0.0564768"	"0.0493514"	"4.5078125"	"2.01953125"	"4.5078125"	"9D5E4B9340C2260DAE7DDB01B3EDA58236FF2DE5E1FF4D56767AA840B6FB1A87"	"97D80DF869D5E5B39196D8120F968AB6B93584BB338CCF16B4892D4389E9A2FD"	"9D5E4B9340C2260DAE7DDB01B3EDA58236FF2DE5E1FF4D56767AA840B6FB1A87"	"CC6DA8404E3A2789A0E98BED460C4FAA90822BAC0EA362C67E261774BD0BF191"	"jpegls"	"jpegls=1"	"hybridzip-r2-currenthash-cc6d-20260827-r2-jpegls"
"hybridzip-r2-currenthash-cc6d-20260827-r2"	"jpegls"	"17"	"samba"	"32"	"32768"	"27625"	"32768"	"0.843048095703125"	"6.744384765625"	"0.0561315"	"0.0509134"	"4.5234375"	"2.01953125"	"4.5234375"	"9C4F5BEE544E4531E4946E62F796987418B4526911C34877EF282F14DD57AD12"	"E2FBE28988D1812246328A840E06DB1CE4D70F9ACD784B65F47BEBC5F7AD9FEA"	"9C4F5BEE544E4531E4946E62F796987418B4526911C34877EF282F14DD57AD12"	"CC6DA8404E3A2789A0E98BED460C4FAA90822BAC0EA362C67E261774BD0BF191"	"jpegls"	"jpegls=1"	"hybridzip-r2-currenthash-cc6d-20260827-r2-jpegls"
"hybridzip-r2-currenthash-cc6d-20260827-r2"	"jpegls"	"17"	"sao"	"32"	"32768"	"34802"	"32768"	"1.06207275390625"	"8.49658203125"	"0.0566525"	"0.0486151"	"4.515625"	"2.01953125"	"4.515625"	"95677430CAD4F000506BC5EE22815C3F4E13D64B477ED506B78D5D9ACFB50CCD"	"CEA13B702B3F08C011C5FAC6D5421CCB865690C785FF86ED6FC2C69C859F1DE6"	"95677430CAD4F000506BC5EE22815C3F4E13D64B477ED506B78D5D9ACFB50CCD"	"CC6DA8404E3A2789A0E98BED460C4FAA90822BAC0EA362C67E261774BD0BF191"	"jpegls"	"jpegls=1"	"hybridzip-r2-currenthash-cc6d-20260827-r2-jpegls"
"hybridzip-r2-currenthash-cc6d-20260827-r2"	"jpegls"	"17"	"webster"	"32"	"32768"	"30745"	"32768"	"0.938262939453125"	"7.506103515625"	"0.0524397"	"0.0468178"	"2.65234375"	"2.01953125"	"2.65234375"	"774D224695AF4057353F72602BB96CD2AFEEA059AC7737535645F11596FCA85E"	"3F04FA7B079B92689F7C42968D08F84EDE8A748ABF758D154A92D5C31C8B61FD"	"774D224695AF4057353F72602BB96CD2AFEEA059AC7737535645F11596FCA85E"	"CC6DA8404E3A2789A0E98BED460C4FAA90822BAC0EA362C67E261774BD0BF191"	"jpegls"	"jpegls=1"	"hybridzip-r2-currenthash-cc6d-20260827-r2-jpegls"
"hybridzip-r2-currenthash-cc6d-20260827-r2"	"jpegls"	"17"	"x-ray"	"32"	"32768"	"27154"	"32768"	"0.82867431640625"	"6.62939453125"	"0.064637"	"0.0579253"	"2.01953125"	"4.4296875"	"4.4296875"	"10511AA63DFBD9C0DDBFEFE36068740103D4BA1116E214154A0772057D7E9314"	"D3A14B13F4C064BDC114553CD9D59D3FC45ACCE3BB0FEE6673572C41B1426293"	"10511AA63DFBD9C0DDBFEFE36068740103D4BA1116E214154A0772057D7E9314"	"CC6DA8404E3A2789A0E98BED460C4FAA90822BAC0EA362C67E261774BD0BF191"	"jpegls"	"jpegls=1"	"hybridzip-r2-currenthash-cc6d-20260827-r2-jpegls"
"hybridzip-r2-currenthash-cc6d-20260827-r2"	"jpegls"	"17"	"xml"	"32"	"32768"	"25671"	"32768"	"0.783416748046875"	"6.267333984375"	"0.0558799"	"0.0507953"	"2.01953125"	"2.01953125"	"2.01953125"	"C2F7F129956F8D6FC3D0E3595D93F98D5270B6F5BC4AB5E70F45867822EFDD71"	"91DF75CEEF1C43CD79B6C9FDE0ACB4A1091D09BA9BCEF338116D0DB9DAECBDC8"	"C2F7F129956F8D6FC3D0E3595D93F98D5270B6F5BC4AB5E70F45867822EFDD71"	"CC6DA8404E3A2789A0E98BED460C4FAA90822BAC0EA362C67E261774BD0BF191"	"jpegls"	"jpegls=1"	"hybridzip-r2-currenthash-cc6d-20260827-r2-jpegls"
"hybridzip-r2-currenthash-cc6d-20260827-r2"	"flac-residual"	"18"	"dickens"	"32"	"32768"	"31542"	"32768"	"0.96258544921875"	"7.70068359375"	"0.0659167"	"0.0490827"	"5.30859375"	"2.01953125"	"5.30859375"	"FC42DCB9849222C8704C9DCAE606D075B389B66244FB215035148D6409EC0B31"	"91B3A42EC7C944DE27D47CBD1BC281418904658ABEDE50411D264366BB6BF179"	"FC42DCB9849222C8704C9DCAE606D075B389B66244FB215035148D6409EC0B31"	"CC6DA8404E3A2789A0E98BED460C4FAA90822BAC0EA362C67E261774BD0BF191"	"flac-residual"	"flac-residual=1"	"hybridzip-r2-currenthash-cc6d-20260827-r2-flac-residual"
"hybridzip-r2-currenthash-cc6d-20260827-r2"	"flac-residual"	"18"	"mozilla"	"32"	"32768"	"31925"	"32768"	"0.974273681640625"	"7.794189453125"	"0.0652471"	"0.0506142"	"5.234375"	"3.296875"	"5.234375"	"9DDEEF36CA0CA55B72FE3376D005926DFF3400A2ADE6EAE18482D8017D8645DB"	"EE278DA3B3AF5C9C773859AAA85735F5AD063F51B63741423465CAB4181F186D"	"9DDEEF36CA0CA55B72FE3376D005926DFF3400A2ADE6EAE18482D8017D8645DB"	"CC6DA8404E3A2789A0E98BED460C4FAA90822BAC0EA362C67E261774BD0BF191"	"flac-residual"	"flac-residual=1"	"hybridzip-r2-currenthash-cc6d-20260827-r2-flac-residual"
"hybridzip-r2-currenthash-cc6d-20260827-r2"	"flac-residual"	"18"	"mr"	"32"	"32768"	"26374"	"32768"	"0.80487060546875"	"6.43896484375"	"0.0617767"	"0.045258"	"5.09765625"	"2.01953125"	"5.09765625"	"3BB287B0AF65F777AB00C14E362B4D1962087260556001BBEE0689AA10D9F76A"	"6DE397A454C1A57C78967A91F585521ABB988ABBF8DCCFAB9EA399F9B9FA51D0"	"3BB287B0AF65F777AB00C14E362B4D1962087260556001BBEE0689AA10D9F76A"	"CC6DA8404E3A2789A0E98BED460C4FAA90822BAC0EA362C67E261774BD0BF191"	"flac-residual"	"flac-residual=1"	"hybridzip-r2-currenthash-cc6d-20260827-r2-flac-residual"
"hybridzip-r2-currenthash-cc6d-20260827-r2"	"flac-residual"	"18"	"nci"	"32"	"32768"	"27308"	"32768"	"0.8333740234375"	"6.6669921875"	"0.0692823"	"0.0477098"	"5.26953125"	"2.01953125"	"5.26953125"	"0D3034FE8B0E573DE1439ED98CE409B83B13E5895085C9BFB0BF980F4962FB79"	"EFB76D7ACC7292B1CB0BF08575BCEA63D8390B2AFA228FA2B143010783CBD77D"	"0D3034FE8B0E573DE1439ED98CE409B83B13E5895085C9BFB0BF980F4962FB79"	"CC6DA8404E3A2789A0E98BED460C4FAA90822BAC0EA362C67E261774BD0BF191"	"flac-residual"	"flac-residual=1"	"hybridzip-r2-currenthash-cc6d-20260827-r2-flac-residual"
"hybridzip-r2-currenthash-cc6d-20260827-r2"	"flac-residual"	"18"	"ooffice"	"32"	"32768"	"33375"	"32768"	"1.018524169921875"	"8.148193359375"	"0.0696692"	"0.0472728"	"5.3515625"	"2.53515625"	"5.3515625"	"2ACF9B4CAAEAC5814CDFEF0FA48A5ECE857C847DBDB7B44EEAB95CA3C098921C"	"BF9650F90B335AD6467902620E69EBBEA5D061AAC25D0861CE8CBC5F3DEF65D1"	"2ACF9B4CAAEAC5814CDFEF0FA48A5ECE857C847DBDB7B44EEAB95CA3C098921C"	"CC6DA8404E3A2789A0E98BED460C4FAA90822BAC0EA362C67E261774BD0BF191"	"flac-residual"	"flac-residual=1"	"hybridzip-r2-currenthash-cc6d-20260827-r2-flac-residual"
"hybridzip-r2-currenthash-cc6d-20260827-r2"	"flac-residual"	"18"	"osdb"	"32"	"32768"	"31654"	"32768"	"0.96600341796875"	"7.72802734375"	"0.0708403"	"0.0502446"	"4.90625"	"2.9453125"	"4.90625"	"03B2C20B777682CD960BCD893D7A4463161D9C0200FD1708B2EFAE32A259D0B7"	"0CE15AD12DEEE7AEF9CBD397DAB95663AB91D2ED8CD1C4A69D04C509EF1B9639"	"03B2C20B777682CD960BCD893D7A4463161D9C0200FD1708B2EFAE32A259D0B7"	"CC6DA8404E3A2789A0E98BED460C4FAA90822BAC0EA362C67E261774BD0BF191"	"flac-residual"	"flac-residual=1"	"hybridzip-r2-currenthash-cc6d-20260827-r2-flac-residual"
"hybridzip-r2-currenthash-cc6d-20260827-r2"	"flac-residual"	"18"	"reymont"	"32"	"32768"	"30798"	"32768"	"0.93988037109375"	"7.51904296875"	"0.0635812"	"0.0507136"	"2.01953125"	"3.40234375"	"3.40234375"	"9D5E4B9340C2260DAE7DDB01B3EDA58236FF2DE5E1FF4D56767AA840B6FB1A87"	"F6172AB1377E11E92B6D56A86A1660646F1FD9421817F627F8C243DF0B60E21C"	"9D5E4B9340C2260DAE7DDB01B3EDA58236FF2DE5E1FF4D56767AA840B6FB1A87"	"CC6DA8404E3A2789A0E98BED460C4FAA90822BAC0EA362C67E261774BD0BF191"	"flac-residual"	"flac-residual=1"	"hybridzip-r2-currenthash-cc6d-20260827-r2-flac-residual"
"hybridzip-r2-currenthash-cc6d-20260827-r2"	"flac-residual"	"18"	"samba"	"32"	"32768"	"31047"	"32768"	"0.947479248046875"	"7.579833984375"	"0.0615607"	"0.0447243"	"5.0703125"	"2.01953125"	"5.0703125"	"9C4F5BEE544E4531E4946E62F796987418B4526911C34877EF282F14DD57AD12"	"C929A1B2D18030CA438F1F15183B1B82E6F549658A4EDCF62D17400521ACEAA4"	"9C4F5BEE544E4531E4946E62F796987418B4526911C34877EF282F14DD57AD12"	"CC6DA8404E3A2789A0E98BED460C4FAA90822BAC0EA362C67E261774BD0BF191"	"flac-residual"	"flac-residual=1"	"hybridzip-r2-currenthash-cc6d-20260827-r2-flac-residual"
"hybridzip-r2-currenthash-cc6d-20260827-r2"	"flac-residual"	"18"	"sao"	"32"	"32768"	"33309"	"32768"	"1.016510009765625"	"8.132080078125"	"0.0696619"	"0.0488404"	"5.359375"	"2.01953125"	"5.359375"	"95677430CAD4F000506BC5EE22815C3F4E13D64B477ED506B78D5D9ACFB50CCD"	"034CEF53A7E74BF8E5B5D31B7552FF15DF4F6FFCB01661CEAF09651ECE937CD3"	"95677430CAD4F000506BC5EE22815C3F4E13D64B477ED506B78D5D9ACFB50CCD"	"CC6DA8404E3A2789A0E98BED460C4FAA90822BAC0EA362C67E261774BD0BF191"	"flac-residual"	"flac-residual=1"	"hybridzip-r2-currenthash-cc6d-20260827-r2-flac-residual"
"hybridzip-r2-currenthash-cc6d-20260827-r2"	"flac-residual"	"18"	"webster"	"32"	"32768"	"31466"	"32768"	"0.96026611328125"	"7.68212890625"	"0.0628497"	"0.0501511"	"5.21484375"	"3.10546875"	"5.21484375"	"774D224695AF4057353F72602BB96CD2AFEEA059AC7737535645F11596FCA85E"	"A25A3A2B45F89C9E4563562BEFD29B58896501EBABE50137AA1420046E1B3B1E"	"774D224695AF4057353F72602BB96CD2AFEEA059AC7737535645F11596FCA85E"	"CC6DA8404E3A2789A0E98BED460C4FAA90822BAC0EA362C67E261774BD0BF191"	"flac-residual"	"flac-residual=1"	"hybridzip-r2-currenthash-cc6d-20260827-r2-flac-residual"
"hybridzip-r2-currenthash-cc6d-20260827-r2"	"flac-residual"	"18"	"x-ray"	"32"	"32768"	"17930"	"32768"	"0.54718017578125"	"4.37744140625"	"0.059085"	"0.0453963"	"5.046875"	"2.01953125"	"5.046875"	"10511AA63DFBD9C0DDBFEFE36068740103D4BA1116E214154A0772057D7E9314"	"320B10DF0BBF8D84302A4593CFEE309489B7E0D628D3A40C91C6E638AAB4E833"	"10511AA63DFBD9C0DDBFEFE36068740103D4BA1116E214154A0772057D7E9314"	"CC6DA8404E3A2789A0E98BED460C4FAA90822BAC0EA362C67E261774BD0BF191"	"flac-residual"	"flac-residual=1"	"hybridzip-r2-currenthash-cc6d-20260827-r2-flac-residual"
"hybridzip-r2-currenthash-cc6d-20260827-r2"	"flac-residual"	"18"	"xml"	"32"	"32768"	"30013"	"32768"	"0.915924072265625"	"7.327392578125"	"0.060685"	"0.04634"	"5.1015625"	"2.015625"	"5.1015625"	"C2F7F129956F8D6FC3D0E3595D93F98D5270B6F5BC4AB5E70F45867822EFDD71"	"4EA8E703E8A9C38ED0D3828AE1791532724848528AEA32E8362A5A88C9AC75D0"	"C2F7F129956F8D6FC3D0E3595D93F98D5270B6F5BC4AB5E70F45867822EFDD71"	"CC6DA8404E3A2789A0E98BED460C4FAA90822BAC0EA362C67E261774BD0BF191"	"flac-residual"	"flac-residual=1"	"hybridzip-r2-currenthash-cc6d-20260827-r2-flac-residual"
"hybridzip-r2-currenthash-cc6d-20260827-r2"	"brotli-text"	"19"	"dickens"	"32"	"32768"	"11322"	"32768"	"0.34552001953125"	"2.76416015625"	"0.0792486"	"0.0501893"	"6.87890625"	"2.25390625"	"6.87890625"	"FC42DCB9849222C8704C9DCAE606D075B389B66244FB215035148D6409EC0B31"	"C8CCC0147FF1610454FD07B64EDE605D25DFBCD2FD84C4DEDB27CE6B6A7D43D3"	"FC42DCB9849222C8704C9DCAE606D075B389B66244FB215035148D6409EC0B31"	"CC6DA8404E3A2789A0E98BED460C4FAA90822BAC0EA362C67E261774BD0BF191"	"brotli-text"	"brotli-text=1"	"hybridzip-r2-currenthash-cc6d-20260827-r2-brotli-text"
"hybridzip-r2-currenthash-cc6d-20260827-r2"	"brotli-text"	"19"	"mozilla"	"32"	"32768"	"8869"	"32768"	"0.270660400390625"	"2.165283203125"	"0.0802022"	"0.0496234"	"6.76171875"	"2.01953125"	"6.76171875"	"9DDEEF36CA0CA55B72FE3376D005926DFF3400A2ADE6EAE18482D8017D8645DB"	"23A15B54C5E311C00E79B18BF6D2A5EF48121046408F5E7F65CBDAF14B55063A"	"9DDEEF36CA0CA55B72FE3376D005926DFF3400A2ADE6EAE18482D8017D8645DB"	"CC6DA8404E3A2789A0E98BED460C4FAA90822BAC0EA362C67E261774BD0BF191"	"brotli-text"	"brotli-text=1"	"hybridzip-r2-currenthash-cc6d-20260827-r2-brotli-text"
"hybridzip-r2-currenthash-cc6d-20260827-r2"	"brotli-text"	"19"	"mr"	"32"	"32768"	"6938"	"32768"	"0.21173095703125"	"1.69384765625"	"0.0895139"	"0.0462825"	"6.97265625"	"2.01953125"	"6.97265625"	"3BB287B0AF65F777AB00C14E362B4D1962087260556001BBEE0689AA10D9F76A"	"1D601C156638565F747FC43CD6DEFB935B4786FB73CC652525E5CA45FA82C84F"	"3BB287B0AF65F777AB00C14E362B4D1962087260556001BBEE0689AA10D9F76A"	"CC6DA8404E3A2789A0E98BED460C4FAA90822BAC0EA362C67E261774BD0BF191"	"brotli-text"	"brotli-text=1"	"hybridzip-r2-currenthash-cc6d-20260827-r2-brotli-text"
"hybridzip-r2-currenthash-cc6d-20260827-r2"	"brotli-text"	"19"	"nci"	"32"	"32768"	"2366"	"32768"	"0.07220458984375"	"0.57763671875"	"0.0821614"	"0.044031"	"7.265625"	"2.01953125"	"7.265625"	"0D3034FE8B0E573DE1439ED98CE409B83B13E5895085C9BFB0BF980F4962FB79"	"F8EE91004C1F5212826E0B69E97FF482C069B5FCA4912BE1A1428A3036F54444"	"0D3034FE8B0E573DE1439ED98CE409B83B13E5895085C9BFB0BF980F4962FB79"	"CC6DA8404E3A2789A0E98BED460C4FAA90822BAC0EA362C67E261774BD0BF191"	"brotli-text"	"brotli-text=1"	"hybridzip-r2-currenthash-cc6d-20260827-r2-brotli-text"
"hybridzip-r2-currenthash-cc6d-20260827-r2"	"brotli-text"	"19"	"ooffice"	"32"	"32768"	"12584"	"32768"	"0.384033203125"	"3.072265625"	"0.0770996"	"0.0438793"	"6.70703125"	"2.01953125"	"6.70703125"	"2ACF9B4CAAEAC5814CDFEF0FA48A5ECE857C847DBDB7B44EEAB95CA3C098921C"	"E52ECDC8CB97C704BB7C952CC077DD374F4AC9912D84620CF0AE4F0358554770"	"2ACF9B4CAAEAC5814CDFEF0FA48A5ECE857C847DBDB7B44EEAB95CA3C098921C"	"CC6DA8404E3A2789A0E98BED460C4FAA90822BAC0EA362C67E261774BD0BF191"	"brotli-text"	"brotli-text=1"	"hybridzip-r2-currenthash-cc6d-20260827-r2-brotli-text"
"hybridzip-r2-currenthash-cc6d-20260827-r2"	"brotli-text"	"19"	"osdb"	"32"	"32768"	"14231"	"32768"	"0.434295654296875"	"3.474365234375"	"0.0845539"	"0.0490345"	"6.671875"	"2.01953125"	"6.671875"	"03B2C20B777682CD960BCD893D7A4463161D9C0200FD1708B2EFAE32A259D0B7"	"0DCAAF9BE9EE3B28D8801CE25667CAC5694B0E909DF64BAAA068DF6B537A7B1C"	"03B2C20B777682CD960BCD893D7A4463161D9C0200FD1708B2EFAE32A259D0B7"	"CC6DA8404E3A2789A0E98BED460C4FAA90822BAC0EA362C67E261774BD0BF191"	"brotli-text"	"brotli-text=1"	"hybridzip-r2-currenthash-cc6d-20260827-r2-brotli-text"
"hybridzip-r2-currenthash-cc6d-20260827-r2"	"brotli-text"	"19"	"reymont"	"32"	"32768"	"8742"	"32768"	"0.26678466796875"	"2.13427734375"	"0.0770296"	"0.0437046"	"6.89453125"	"2.01953125"	"6.89453125"	"9D5E4B9340C2260DAE7DDB01B3EDA58236FF2DE5E1FF4D56767AA840B6FB1A87"	"9D523EB3B03798817BC7CB18BEBBCDF3ED46991CC60FD1C701603D131139FFD8"	"9D5E4B9340C2260DAE7DDB01B3EDA58236FF2DE5E1FF4D56767AA840B6FB1A87"	"CC6DA8404E3A2789A0E98BED460C4FAA90822BAC0EA362C67E261774BD0BF191"	"brotli-text"	"brotli-text=1"	"hybridzip-r2-currenthash-cc6d-20260827-r2-brotli-text"
"hybridzip-r2-currenthash-cc6d-20260827-r2"	"brotli-text"	"19"	"samba"	"32"	"32768"	"9204"	"32768"	"0.2808837890625"	"2.2470703125"	"0.1038207"	"0.0484295"	"6.8359375"	"2.01953125"	"6.8359375"	"9C4F5BEE544E4531E4946E62F796987418B4526911C34877EF282F14DD57AD12"	"6DF6950FFD29E307B5B10FCA675D95F04E3BE811203FF0FD07E20E73C026FF33"	"9C4F5BEE544E4531E4946E62F796987418B4526911C34877EF282F14DD57AD12"	"CC6DA8404E3A2789A0E98BED460C4FAA90822BAC0EA362C67E261774BD0BF191"	"brotli-text"	"brotli-text=1"	"hybridzip-r2-currenthash-cc6d-20260827-r2-brotli-text"
"hybridzip-r2-currenthash-cc6d-20260827-r2"	"brotli-text"	"19"	"sao"	"32"	"32768"	"23113"	"32768"	"0.705352783203125"	"5.642822265625"	"0.0912492"	"0.0567697"	"6.58984375"	"4.30078125"	"6.58984375"	"95677430CAD4F000506BC5EE22815C3F4E13D64B477ED506B78D5D9ACFB50CCD"	"34D1AE83F9F09CA78C9BFEDF50A4180AA49041E00CFE3A198C782FCB7D79863C"	"95677430CAD4F000506BC5EE22815C3F4E13D64B477ED506B78D5D9ACFB50CCD"	"CC6DA8404E3A2789A0E98BED460C4FAA90822BAC0EA362C67E261774BD0BF191"	"brotli-text"	"brotli-text=1"	"hybridzip-r2-currenthash-cc6d-20260827-r2-brotli-text"
"hybridzip-r2-currenthash-cc6d-20260827-r2"	"brotli-text"	"19"	"webster"	"32"	"32768"	"10905"	"32768"	"0.332794189453125"	"2.662353515625"	"0.0812057"	"0.0523089"	"6.828125"	"4.25"	"6.828125"	"774D224695AF4057353F72602BB96CD2AFEEA059AC7737535645F11596FCA85E"	"6EC48D324B086B348DF4A85E4512C859EB75326F12EBA8EC75047E0FD2599C00"	"774D224695AF4057353F72602BB96CD2AFEEA059AC7737535645F11596FCA85E"	"CC6DA8404E3A2789A0E98BED460C4FAA90822BAC0EA362C67E261774BD0BF191"	"brotli-text"	"brotli-text=1"	"hybridzip-r2-currenthash-cc6d-20260827-r2-brotli-text"
"hybridzip-r2-currenthash-cc6d-20260827-r2"	"brotli-text"	"19"	"x-ray"	"32"	"32768"	"18319"	"32768"	"0.559051513671875"	"4.472412109375"	"0.1117889"	"0.0558044"	"7.3203125"	"4.453125"	"7.3203125"	"10511AA63DFBD9C0DDBFEFE36068740103D4BA1116E214154A0772057D7E9314"	"FA1A153993D91DDA90562C4C74C5EF60DA80388354D45079F29BD7FA9472B97F"	"10511AA63DFBD9C0DDBFEFE36068740103D4BA1116E214154A0772057D7E9314"	"CC6DA8404E3A2789A0E98BED460C4FAA90822BAC0EA362C67E261774BD0BF191"	"brotli-text"	"brotli-text=1"	"hybridzip-r2-currenthash-cc6d-20260827-r2-brotli-text"
"hybridzip-r2-currenthash-cc6d-20260827-r2"	"brotli-text"	"19"	"xml"	"32"	"32768"	"2381"	"32768"	"0.072662353515625"	"0.581298828125"	"0.0805775"	"0.0582094"	"7.046875"	"2.01953125"	"7.046875"	"C2F7F129956F8D6FC3D0E3595D93F98D5270B6F5BC4AB5E70F45867822EFDD71"	"EF005B0ED90FF714B699412F02D5A0A8AB520E00BF289AF47388B68AD45B2D46"	"C2F7F129956F8D6FC3D0E3595D93F98D5270B6F5BC4AB5E70F45867822EFDD71"	"CC6DA8404E3A2789A0E98BED460C4FAA90822BAC0EA362C67E261774BD0BF191"	"brotli-text"	"brotli-text=1"	"hybridzip-r2-currenthash-cc6d-20260827-r2-brotli-text"
"hybridzip-r2-currenthash-cc6d-20260827-r2"	"cmix-word-zstd"	"20"	"dickens"	"32"	"32768"	"10890"	"32768"	"0.33233642578125"	"2.65869140625"	"0.0655213"	"0.0965408"	"2.01953125"	"8.70703125"	"8.70703125"	"FC42DCB9849222C8704C9DCAE606D075B389B66244FB215035148D6409EC0B31"	"95C6ACD166453BB29592C25C6466DAE322E4482AD0A82AD0D0E0E8B7FF3F54DF"	"FC42DCB9849222C8704C9DCAE606D075B389B66244FB215035148D6409EC0B31"	"CC6DA8404E3A2789A0E98BED460C4FAA90822BAC0EA362C67E261774BD0BF191"	"cmix-word-zstd"	"cmix-word-zstd=1"	"hybridzip-r2-currenthash-cc6d-20260827-r2-cmix-word-zstd"
"hybridzip-r2-currenthash-cc6d-20260827-r2"	"cmix-word-zstd"	"20"	"mozilla"	"32"	"32768"	"10622"	"32768"	"0.32415771484375"	"2.59326171875"	"0.0804298"	"0.0937861"	"8.65625"	"8.734375"	"8.734375"	"9DDEEF36CA0CA55B72FE3376D005926DFF3400A2ADE6EAE18482D8017D8645DB"	"27DB6FB9A5F734635E71D3087C6D993303EDC0A98AA94A811278540BB193B95F"	"9DDEEF36CA0CA55B72FE3376D005926DFF3400A2ADE6EAE18482D8017D8645DB"	"CC6DA8404E3A2789A0E98BED460C4FAA90822BAC0EA362C67E261774BD0BF191"	"cmix-word-zstd"	"cmix-word-zstd=1"	"hybridzip-r2-currenthash-cc6d-20260827-r2-cmix-word-zstd"
"hybridzip-r2-currenthash-cc6d-20260827-r2"	"cmix-word-zstd"	"20"	"mr"	"32"	"32768"	"8264"	"32768"	"0.252197265625"	"2.017578125"	"0.0771093"	"0.108192"	"8.65625"	"8.71875"	"8.71875"	"3BB287B0AF65F777AB00C14E362B4D1962087260556001BBEE0689AA10D9F76A"	"2A0DD13FFA6324E6697C817DA529F8097F5FE112F0AA47652DCE9D48F497F8AB"	"3BB287B0AF65F777AB00C14E362B4D1962087260556001BBEE0689AA10D9F76A"	"CC6DA8404E3A2789A0E98BED460C4FAA90822BAC0EA362C67E261774BD0BF191"	"cmix-word-zstd"	"cmix-word-zstd=1"	"hybridzip-r2-currenthash-cc6d-20260827-r2-cmix-word-zstd"
"hybridzip-r2-currenthash-cc6d-20260827-r2"	"cmix-word-zstd"	"20"	"nci"	"32"	"32768"	"2521"	"32768"	"0.076934814453125"	"0.615478515625"	"0.0755833"	"0.1085403"	"5.58984375"	"8.6875"	"8.6875"	"0D3034FE8B0E573DE1439ED98CE409B83B13E5895085C9BFB0BF980F4962FB79"	"97802707C3ABC3AC365EEAF1C747633939C6A4DC7C7AF29B211C9FC5AAB58FC1"	"0D3034FE8B0E573DE1439ED98CE409B83B13E5895085C9BFB0BF980F4962FB79"	"CC6DA8404E3A2789A0E98BED460C4FAA90822BAC0EA362C67E261774BD0BF191"	"cmix-word-zstd"	"cmix-word-zstd=1"	"hybridzip-r2-currenthash-cc6d-20260827-r2-cmix-word-zstd"
"hybridzip-r2-currenthash-cc6d-20260827-r2"	"cmix-word-zstd"	"20"	"ooffice"	"32"	"32768"	"14885"	"32768"	"0.454254150390625"	"3.634033203125"	"0.0754095"	"0.0876138"	"3.578125"	"8.73828125"	"8.73828125"	"2ACF9B4CAAEAC5814CDFEF0FA48A5ECE857C847DBDB7B44EEAB95CA3C098921C"	"EF4FAF0274520ADA4A1E059B3A7AB9DC1643403190C7524627608C1ED770AFD2"	"2ACF9B4CAAEAC5814CDFEF0FA48A5ECE857C847DBDB7B44EEAB95CA3C098921C"	"CC6DA8404E3A2789A0E98BED460C4FAA90822BAC0EA362C67E261774BD0BF191"	"cmix-word-zstd"	"cmix-word-zstd=1"	"hybridzip-r2-currenthash-cc6d-20260827-r2-cmix-word-zstd"
"hybridzip-r2-currenthash-cc6d-20260827-r2"	"cmix-word-zstd"	"20"	"osdb"	"32"	"32768"	"16981"	"32768"	"0.518218994140625"	"4.145751953125"	"0.0814437"	"0.0960632"	"8.65625"	"8.7421875"	"8.7421875"	"03B2C20B777682CD960BCD893D7A4463161D9C0200FD1708B2EFAE32A259D0B7"	"B7AC4C863D30417316BD93DA0FED3C8E180EECDFEA5D031DE7E67515FC73E46F"	"03B2C20B777682CD960BCD893D7A4463161D9C0200FD1708B2EFAE32A259D0B7"	"CC6DA8404E3A2789A0E98BED460C4FAA90822BAC0EA362C67E261774BD0BF191"	"cmix-word-zstd"	"cmix-word-zstd=1"	"hybridzip-r2-currenthash-cc6d-20260827-r2-cmix-word-zstd"
"hybridzip-r2-currenthash-cc6d-20260827-r2"	"cmix-word-zstd"	"20"	"reymont"	"32"	"32768"	"9258"	"32768"	"0.28253173828125"	"2.26025390625"	"0.0716409"	"0.0951655"	"6.3828125"	"8.73046875"	"8.73046875"	"9D5E4B9340C2260DAE7DDB01B3EDA58236FF2DE5E1FF4D56767AA840B6FB1A87"	"A63F4BB5B38EF491790D7F1ABBA2CFE85EDB62725CA9220E5B4CC3DAA2A8559B"	"9D5E4B9340C2260DAE7DDB01B3EDA58236FF2DE5E1FF4D56767AA840B6FB1A87"	"CC6DA8404E3A2789A0E98BED460C4FAA90822BAC0EA362C67E261774BD0BF191"	"cmix-word-zstd"	"cmix-word-zstd=1"	"hybridzip-r2-currenthash-cc6d-20260827-r2-cmix-word-zstd"
"hybridzip-r2-currenthash-cc6d-20260827-r2"	"cmix-word-zstd"	"20"	"samba"	"32"	"32768"	"9020"	"32768"	"0.2752685546875"	"2.2021484375"	"0.071558"	"0.0827352"	"6.0078125"	"8.6875"	"8.6875"	"9C4F5BEE544E4531E4946E62F796987418B4526911C34877EF282F14DD57AD12"	"D8F9969ABAE68A98DCEA8CE522291D725D0E04EE51C9B7F1B67701EC79698CF1"	"9C4F5BEE544E4531E4946E62F796987418B4526911C34877EF282F14DD57AD12"	"CC6DA8404E3A2789A0E98BED460C4FAA90822BAC0EA362C67E261774BD0BF191"	"cmix-word-zstd"	"cmix-word-zstd=1"	"hybridzip-r2-currenthash-cc6d-20260827-r2-cmix-word-zstd"
"hybridzip-r2-currenthash-cc6d-20260827-r2"	"cmix-word-zstd"	"20"	"sao"	"32"	"32768"	"28778"	"32768"	"0.87823486328125"	"7.02587890625"	"0.0699446"	"0.0951148"	"8.66015625"	"8.73828125"	"8.73828125"	"95677430CAD4F000506BC5EE22815C3F4E13D64B477ED506B78D5D9ACFB50CCD"	"FC846BF69BEE9AC83A9C41BE33CBA41C44CF3507399C394931ED2DB0ECA97208"	"95677430CAD4F000506BC5EE22815C3F4E13D64B477ED506B78D5D9ACFB50CCD"	"CC6DA8404E3A2789A0E98BED460C4FAA90822BAC0EA362C67E261774BD0BF191"	"cmix-word-zstd"	"cmix-word-zstd=1"	"hybridzip-r2-currenthash-cc6d-20260827-r2-cmix-word-zstd"
"hybridzip-r2-currenthash-cc6d-20260827-r2"	"cmix-word-zstd"	"20"	"webster"	"32"	"32768"	"11105"	"32768"	"0.338897705078125"	"2.711181640625"	"0.0701567"	"0.0980528"	"4.91796875"	"8.71484375"	"8.71484375"	"774D224695AF4057353F72602BB96CD2AFEEA059AC7737535645F11596FCA85E"	"4C68ED9438FC4955B39203A29671B09A7CF3B2C2960DEBD95309B4BB26CDFE20"	"774D224695AF4057353F72602BB96CD2AFEEA059AC7737535645F11596FCA85E"	"CC6DA8404E3A2789A0E98BED460C4FAA90822BAC0EA362C67E261774BD0BF191"	"cmix-word-zstd"	"cmix-word-zstd=1"	"hybridzip-r2-currenthash-cc6d-20260827-r2-cmix-word-zstd"
"hybridzip-r2-currenthash-cc6d-20260827-r2"	"cmix-word-zstd"	"20"	"x-ray"	"32"	"32768"	"25749"	"32768"	"0.785797119140625"	"6.286376953125"	"0.0707769"	"0.0908895"	"8.6640625"	"8.609375"	"8.6640625"	"10511AA63DFBD9C0DDBFEFE36068740103D4BA1116E214154A0772057D7E9314"	"473B42E034E4BA8D3FF7835A067A53EBBECE330ACC359CE58DD61D106CC7748A"	"10511AA63DFBD9C0DDBFEFE36068740103D4BA1116E214154A0772057D7E9314"	"CC6DA8404E3A2789A0E98BED460C4FAA90822BAC0EA362C67E261774BD0BF191"	"cmix-word-zstd"	"cmix-word-zstd=1"	"hybridzip-r2-currenthash-cc6d-20260827-r2-cmix-word-zstd"
"hybridzip-r2-currenthash-cc6d-20260827-r2"	"cmix-word-zstd"	"20"	"xml"	"32"	"32768"	"2499"	"32768"	"0.076263427734375"	"0.610107421875"	"0.0736152"	"0.0648343"	"8.54296875"	"2.01953125"	"8.54296875"	"C2F7F129956F8D6FC3D0E3595D93F98D5270B6F5BC4AB5E70F45867822EFDD71"	"FB30DC25541028D2C5474FCEDC28DBC8BA218CD6FE4E782BA657A5FD8A04F522"	"C2F7F129956F8D6FC3D0E3595D93F98D5270B6F5BC4AB5E70F45867822EFDD71"	"CC6DA8404E3A2789A0E98BED460C4FAA90822BAC0EA362C67E261774BD0BF191"	"cmix-word-zstd"	"cmix-word-zstd=1"	"hybridzip-r2-currenthash-cc6d-20260827-r2-cmix-word-zstd"
"hybridzip-r2-currenthash-cc6d-20260827-r2"	"neural-lstm"	"21"	"dickens"	"32"	"32768"	"14609"	"32768"	"0.445831298828125"	"3.566650390625"	"28.367811"	"28.2599475"	"121.640625"	"121.5859375"	"121.640625"	"FC42DCB9849222C8704C9DCAE606D075B389B66244FB215035148D6409EC0B31"	"DDBA2A9F374EF64430A6E031843EBAC310C809EB5980ECD91AE1EBD9D7653813"	"FC42DCB9849222C8704C9DCAE606D075B389B66244FB215035148D6409EC0B31"	"CC6DA8404E3A2789A0E98BED460C4FAA90822BAC0EA362C67E261774BD0BF191"	"neural-lstm"	"neural-lstm=1"	"hybridzip-r2-currenthash-cc6d-20260827-r2-neural-lstm"
"hybridzip-r2-currenthash-cc6d-20260827-r2"	"neural-lstm"	"21"	"mozilla"	"32"	"32768"	"11193"	"32768"	"0.341583251953125"	"2.732666015625"	"30.1325775"	"30.1220265"	"121.6328125"	"121.578125"	"121.6328125"	"9DDEEF36CA0CA55B72FE3376D005926DFF3400A2ADE6EAE18482D8017D8645DB"	"329DED033A321A0A425F46FC5AC370D367EC0E36963B51BE777E224F45548778"	"9DDEEF36CA0CA55B72FE3376D005926DFF3400A2ADE6EAE18482D8017D8645DB"	"CC6DA8404E3A2789A0E98BED460C4FAA90822BAC0EA362C67E261774BD0BF191"	"neural-lstm"	"neural-lstm=1"	"hybridzip-r2-currenthash-cc6d-20260827-r2-neural-lstm"
"hybridzip-r2-currenthash-cc6d-20260827-r2"	"neural-lstm"	"21"	"mr"	"32"	"32768"	"6973"	"32768"	"0.212799072265625"	"1.702392578125"	"28.5391485"	"28.5445714"	"121.62109375"	"121.5859375"	"121.62109375"	"3BB287B0AF65F777AB00C14E362B4D1962087260556001BBEE0689AA10D9F76A"	"24115E2777A37168FFBB5461C469F5747F82D349C84F1A1C61FB4B9BFBAE293C"	"3BB287B0AF65F777AB00C14E362B4D1962087260556001BBEE0689AA10D9F76A"	"CC6DA8404E3A2789A0E98BED460C4FAA90822BAC0EA362C67E261774BD0BF191"	"neural-lstm"	"neural-lstm=1"	"hybridzip-r2-currenthash-cc6d-20260827-r2-neural-lstm"
"hybridzip-r2-currenthash-cc6d-20260827-r2"	"neural-lstm"	"21"	"nci"	"32"	"32768"	"4533"	"32768"	"0.138336181640625"	"1.106689453125"	"28.5655963"	"28.3812655"	"121.625"	"121.54296875"	"121.625"	"0D3034FE8B0E573DE1439ED98CE409B83B13E5895085C9BFB0BF980F4962FB79"	"F1C03ADDA1B0EF41AEBA41400F95A34F63B412FDB9B65DD844F987DF164ECC33"	"0D3034FE8B0E573DE1439ED98CE409B83B13E5895085C9BFB0BF980F4962FB79"	"CC6DA8404E3A2789A0E98BED460C4FAA90822BAC0EA362C67E261774BD0BF191"	"neural-lstm"	"neural-lstm=1"	"hybridzip-r2-currenthash-cc6d-20260827-r2-neural-lstm"
"hybridzip-r2-currenthash-cc6d-20260827-r2"	"neural-lstm"	"21"	"ooffice"	"32"	"32768"	"13966"	"32768"	"0.42620849609375"	"3.40966796875"	"30.186136"	"30.1599185"	"121.640625"	"121.6015625"	"121.640625"	"2ACF9B4CAAEAC5814CDFEF0FA48A5ECE857C847DBDB7B44EEAB95CA3C098921C"	"6EA97378FE9456678B291CD93FC2B70C232BF76EFC34E08677BB4A6D8E811FF9"	"2ACF9B4CAAEAC5814CDFEF0FA48A5ECE857C847DBDB7B44EEAB95CA3C098921C"	"CC6DA8404E3A2789A0E98BED460C4FAA90822BAC0EA362C67E261774BD0BF191"	"neural-lstm"	"neural-lstm=1"	"hybridzip-r2-currenthash-cc6d-20260827-r2-neural-lstm"
"hybridzip-r2-currenthash-cc6d-20260827-r2"	"neural-lstm"	"21"	"osdb"	"32"	"32768"	"22398"	"32768"	"0.68353271484375"	"5.46826171875"	"29.6258069"	"29.8536189"	"121.640625"	"121.62890625"	"121.640625"	"03B2C20B777682CD960BCD893D7A4463161D9C0200FD1708B2EFAE32A259D0B7"	"1C23CD4C290FD3A3D364A4A396DB4924198A9E6C5A7051820325E14AF8658E25"	"03B2C20B777682CD960BCD893D7A4463161D9C0200FD1708B2EFAE32A259D0B7"	"CC6DA8404E3A2789A0E98BED460C4FAA90822BAC0EA362C67E261774BD0BF191"	"neural-lstm"	"neural-lstm=1"	"hybridzip-r2-currenthash-cc6d-20260827-r2-neural-lstm"
"hybridzip-r2-currenthash-cc6d-20260827-r2"	"neural-lstm"	"21"	"reymont"	"32"	"32768"	"10647"	"32768"	"0.324920654296875"	"2.599365234375"	"28.1023989"	"28.0715764"	"121.63671875"	"121.73828125"	"121.73828125"	"9D5E4B9340C2260DAE7DDB01B3EDA58236FF2DE5E1FF4D56767AA840B6FB1A87"	"821DE6DCBCB52B01236773461D3B3437E5556C1A598A26AE0F7DA57D5114AFFF"	"9D5E4B9340C2260DAE7DDB01B3EDA58236FF2DE5E1FF4D56767AA840B6FB1A87"	"CC6DA8404E3A2789A0E98BED460C4FAA90822BAC0EA362C67E261774BD0BF191"	"neural-lstm"	"neural-lstm=1"	"hybridzip-r2-currenthash-cc6d-20260827-r2-neural-lstm"
"hybridzip-r2-currenthash-cc6d-20260827-r2"	"neural-lstm"	"21"	"samba"	"32"	"32768"	"14103"	"32768"	"0.430389404296875"	"3.443115234375"	"28.0933408"	"28.2226459"	"121.62109375"	"121.6015625"	"121.62109375"	"9C4F5BEE544E4531E4946E62F796987418B4526911C34877EF282F14DD57AD12"	"F72FA5AF27019CEF232859EC0BF0F934EF197806AAFE2F0BBBF01507A10705C2"	"9C4F5BEE544E4531E4946E62F796987418B4526911C34877EF282F14DD57AD12"	"CC6DA8404E3A2789A0E98BED460C4FAA90822BAC0EA362C67E261774BD0BF191"	"neural-lstm"	"neural-lstm=1"	"hybridzip-r2-currenthash-cc6d-20260827-r2-neural-lstm"
"hybridzip-r2-currenthash-cc6d-20260827-r2"	"neural-lstm"	"21"	"sao"	"32"	"32768"	"23817"	"32768"	"0.726837158203125"	"5.814697265625"	"28.130756"	"28.3276425"	"121.63671875"	"121.62109375"	"121.63671875"	"95677430CAD4F000506BC5EE22815C3F4E13D64B477ED506B78D5D9ACFB50CCD"	"579D1B809B3A33E712B227D647AB09B3CA28AB17C1E7E0F2A7FA1E93DFD35C86"	"95677430CAD4F000506BC5EE22815C3F4E13D64B477ED506B78D5D9ACFB50CCD"	"CC6DA8404E3A2789A0E98BED460C4FAA90822BAC0EA362C67E261774BD0BF191"	"neural-lstm"	"neural-lstm=1"	"hybridzip-r2-currenthash-cc6d-20260827-r2-neural-lstm"
"hybridzip-r2-currenthash-cc6d-20260827-r2"	"neural-lstm"	"21"	"webster"	"32"	"32768"	"14627"	"32768"	"0.446380615234375"	"3.571044921875"	"28.3932355"	"28.5733455"	"121.62890625"	"121.7265625"	"121.7265625"	"774D224695AF4057353F72602BB96CD2AFEEA059AC7737535645F11596FCA85E"	"494E021A5148591EF82ECDFAED52C69B84203EAF6DB185A88105943D8EF43483"	"774D224695AF4057353F72602BB96CD2AFEEA059AC7737535645F11596FCA85E"	"CC6DA8404E3A2789A0E98BED460C4FAA90822BAC0EA362C67E261774BD0BF191"	"neural-lstm"	"neural-lstm=1"	"hybridzip-r2-currenthash-cc6d-20260827-r2-neural-lstm"
"hybridzip-r2-currenthash-cc6d-20260827-r2"	"neural-lstm"	"21"	"x-ray"	"32"	"32768"	"18618"	"32768"	"0.56817626953125"	"4.54541015625"	"28.611518"	"28.6293381"	"121.640625"	"121.75390625"	"121.75390625"	"10511AA63DFBD9C0DDBFEFE36068740103D4BA1116E214154A0772057D7E9314"	"D49AD44F6B28A819F774BB60369C08F8C3F7C2BFCCFEC440464599EF7BC730CB"	"10511AA63DFBD9C0DDBFEFE36068740103D4BA1116E214154A0772057D7E9314"	"CC6DA8404E3A2789A0E98BED460C4FAA90822BAC0EA362C67E261774BD0BF191"	"neural-lstm"	"neural-lstm=1"	"hybridzip-r2-currenthash-cc6d-20260827-r2-neural-lstm"
"hybridzip-r2-currenthash-cc6d-20260827-r2"	"neural-lstm"	"21"	"xml"	"32"	"32768"	"6544"	"32768"	"0.19970703125"	"1.59765625"	"27.8805826"	"27.9355422"	"121.64453125"	"121.57421875"	"121.64453125"	"C2F7F129956F8D6FC3D0E3595D93F98D5270B6F5BC4AB5E70F45867822EFDD71"	"0FFE491B364E6E0BC6879922419DD57E946B376FFF77A1BE4EA17E29772D9463"	"C2F7F129956F8D6FC3D0E3595D93F98D5270B6F5BC4AB5E70F45867822EFDD71"	"CC6DA8404E3A2789A0E98BED460C4FAA90822BAC0EA362C67E261774BD0BF191"	"neural-lstm"	"neural-lstm=1"	"hybridzip-r2-currenthash-cc6d-20260827-r2-neural-lstm"
"hybridzip-r2-currenthash-cc6d-20260827-r2"	"shared-neural-lstm"	"22"	"dickens"	"32"	"32768"	"14777"	"32768"	"0.450958251953125"	"3.607666015625"	"28.3986264"	"28.5629635"	"121.640625"	"121.5859375"	"121.640625"	"FC42DCB9849222C8704C9DCAE606D075B389B66244FB215035148D6409EC0B31"	"C8916F1B0C45E845E181640F13B869E0C75B04A3BCAEB5D77EC7D49E315B1434"	"FC42DCB9849222C8704C9DCAE606D075B389B66244FB215035148D6409EC0B31"	"CC6DA8404E3A2789A0E98BED460C4FAA90822BAC0EA362C67E261774BD0BF191"	"shared-neural-lstm"	"shared-neural-lstm=1"	"hybridzip-r2-currenthash-cc6d-20260827-r2-shared-neural-lstm"
"hybridzip-r2-currenthash-cc6d-20260827-r2"	"shared-neural-lstm"	"22"	"mozilla"	"32"	"32768"	"11241"	"32768"	"0.343048095703125"	"2.744384765625"	"30.333363"	"31.0759976"	"121.62109375"	"121.59375"	"121.62109375"	"9DDEEF36CA0CA55B72FE3376D005926DFF3400A2ADE6EAE18482D8017D8645DB"	"5F1A3C48535B02536E5535FDA12300D9114744FED6A9E131487CE503CC66BE33"	"9DDEEF36CA0CA55B72FE3376D005926DFF3400A2ADE6EAE18482D8017D8645DB"	"CC6DA8404E3A2789A0E98BED460C4FAA90822BAC0EA362C67E261774BD0BF191"	"shared-neural-lstm"	"shared-neural-lstm=1"	"hybridzip-r2-currenthash-cc6d-20260827-r2-shared-neural-lstm"
"hybridzip-r2-currenthash-cc6d-20260827-r2"	"shared-neural-lstm"	"22"	"mr"	"32"	"32768"	"7009"	"32768"	"0.213897705078125"	"1.711181640625"	"28.4735473"	"28.8149334"	"121.61328125"	"121.5703125"	"121.61328125"	"3BB287B0AF65F777AB00C14E362B4D1962087260556001BBEE0689AA10D9F76A"	"791627D9F3FE78EEB2942878955056932FEA4B03D39A7371A69E64C35716861D"	"3BB287B0AF65F777AB00C14E362B4D1962087260556001BBEE0689AA10D9F76A"	"CC6DA8404E3A2789A0E98BED460C4FAA90822BAC0EA362C67E261774BD0BF191"	"shared-neural-lstm"	"shared-neural-lstm=1"	"hybridzip-r2-currenthash-cc6d-20260827-r2-shared-neural-lstm"
"hybridzip-r2-currenthash-cc6d-20260827-r2"	"shared-neural-lstm"	"22"	"nci"	"32"	"32768"	"4571"	"32768"	"0.139495849609375"	"1.115966796875"	"29.7335209"	"28.7655023"	"121.6328125"	"121.546875"	"121.6328125"	"0D3034FE8B0E573DE1439ED98CE409B83B13E5895085C9BFB0BF980F4962FB79"	"EDAD99D4C967E841D7E9FE8C7FCF1218C03FF06187E07E5FF2A9F975C3E77227"	"0D3034FE8B0E573DE1439ED98CE409B83B13E5895085C9BFB0BF980F4962FB79"	"CC6DA8404E3A2789A0E98BED460C4FAA90822BAC0EA362C67E261774BD0BF191"	"shared-neural-lstm"	"shared-neural-lstm=1"	"hybridzip-r2-currenthash-cc6d-20260827-r2-shared-neural-lstm"
"hybridzip-r2-currenthash-cc6d-20260827-r2"	"shared-neural-lstm"	"22"	"ooffice"	"32"	"32768"	"13924"	"32768"	"0.4249267578125"	"3.3994140625"	"30.8505661"	"30.4335735"	"121.64453125"	"121.57421875"	"121.64453125"	"2ACF9B4CAAEAC5814CDFEF0FA48A5ECE857C847DBDB7B44EEAB95CA3C098921C"	"5CEF0E37285B312093A284EAC42B773A15C00DA438FC5206E9BCE77CFF0BFD12"	"2ACF9B4CAAEAC5814CDFEF0FA48A5ECE857C847DBDB7B44EEAB95CA3C098921C"	"CC6DA8404E3A2789A0E98BED460C4FAA90822BAC0EA362C67E261774BD0BF191"	"shared-neural-lstm"	"shared-neural-lstm=1"	"hybridzip-r2-currenthash-cc6d-20260827-r2-shared-neural-lstm"
"hybridzip-r2-currenthash-cc6d-20260827-r2"	"shared-neural-lstm"	"22"	"osdb"	"32"	"32768"	"22187"	"32768"	"0.677093505859375"	"5.416748046875"	"29.9614339"	"29.827525"	"121.640625"	"121.625"	"121.640625"	"03B2C20B777682CD960BCD893D7A4463161D9C0200FD1708B2EFAE32A259D0B7"	"EFD079B1BEE5499B904FB11406987A43414BEE12BB05AD7721A6A91C005E33DC"	"03B2C20B777682CD960BCD893D7A4463161D9C0200FD1708B2EFAE32A259D0B7"	"CC6DA8404E3A2789A0E98BED460C4FAA90822BAC0EA362C67E261774BD0BF191"	"shared-neural-lstm"	"shared-neural-lstm=1"	"hybridzip-r2-currenthash-cc6d-20260827-r2-shared-neural-lstm"
"hybridzip-r2-currenthash-cc6d-20260827-r2"	"shared-neural-lstm"	"22"	"reymont"	"32"	"32768"	"10568"	"32768"	"0.322509765625"	"2.580078125"	"27.935312"	"27.6623902"	"121.62890625"	"121.59765625"	"121.62890625"	"9D5E4B9340C2260DAE7DDB01B3EDA58236FF2DE5E1FF4D56767AA840B6FB1A87"	"1577354DED81B621DDB4E501EB08AC66229FDDC8B1009F42E045C1F39B92D49E"	"9D5E4B9340C2260DAE7DDB01B3EDA58236FF2DE5E1FF4D56767AA840B6FB1A87"	"CC6DA8404E3A2789A0E98BED460C4FAA90822BAC0EA362C67E261774BD0BF191"	"shared-neural-lstm"	"shared-neural-lstm=1"	"hybridzip-r2-currenthash-cc6d-20260827-r2-shared-neural-lstm"
"hybridzip-r2-currenthash-cc6d-20260827-r2"	"shared-neural-lstm"	"22"	"samba"	"32"	"32768"	"13752"	"32768"	"0.419677734375"	"3.357421875"	"28.114513"	"28.0357613"	"121.6328125"	"121.71875"	"121.71875"	"9C4F5BEE544E4531E4946E62F796987418B4526911C34877EF282F14DD57AD12"	"BAD4B5CE32C7E24AA842628B75961567BDF05581B7472170B96FF6F210621B4E"	"9C4F5BEE544E4531E4946E62F796987418B4526911C34877EF282F14DD57AD12"	"CC6DA8404E3A2789A0E98BED460C4FAA90822BAC0EA362C67E261774BD0BF191"	"shared-neural-lstm"	"shared-neural-lstm=1"	"hybridzip-r2-currenthash-cc6d-20260827-r2-shared-neural-lstm"
"hybridzip-r2-currenthash-cc6d-20260827-r2"	"shared-neural-lstm"	"22"	"sao"	"32"	"32768"	"23810"	"32768"	"0.72662353515625"	"5.81298828125"	"28.1645094"	"28.0827706"	"121.625"	"121.61328125"	"121.625"	"95677430CAD4F000506BC5EE22815C3F4E13D64B477ED506B78D5D9ACFB50CCD"	"07B46E4F938BFC4755862BD32B0EDA0ED2F9229AFA6EF613DCA77C556292C04C"	"95677430CAD4F000506BC5EE22815C3F4E13D64B477ED506B78D5D9ACFB50CCD"	"CC6DA8404E3A2789A0E98BED460C4FAA90822BAC0EA362C67E261774BD0BF191"	"shared-neural-lstm"	"shared-neural-lstm=1"	"hybridzip-r2-currenthash-cc6d-20260827-r2-shared-neural-lstm"
"hybridzip-r2-currenthash-cc6d-20260827-r2"	"shared-neural-lstm"	"22"	"webster"	"32"	"32768"	"14722"	"32768"	"0.44927978515625"	"3.59423828125"	"28.2094844"	"27.9935382"	"121.62109375"	"121.59375"	"121.62109375"	"774D224695AF4057353F72602BB96CD2AFEEA059AC7737535645F11596FCA85E"	"8908F04B605427A6B69FF81C4799FF7E2099E5A2001580561ACAB14DAF51C92E"	"774D224695AF4057353F72602BB96CD2AFEEA059AC7737535645F11596FCA85E"	"CC6DA8404E3A2789A0E98BED460C4FAA90822BAC0EA362C67E261774BD0BF191"	"shared-neural-lstm"	"shared-neural-lstm=1"	"hybridzip-r2-currenthash-cc6d-20260827-r2-shared-neural-lstm"
"hybridzip-r2-currenthash-cc6d-20260827-r2"	"shared-neural-lstm"	"22"	"x-ray"	"32"	"32768"	"18194"	"32768"	"0.55523681640625"	"4.44189453125"	"28.6839899"	"28.4515695"	"121.76171875"	"121.734375"	"121.76171875"	"10511AA63DFBD9C0DDBFEFE36068740103D4BA1116E214154A0772057D7E9314"	"919256B8369D4F76F246436D5665E8DBA3FE742CA65945DD44855C2E676CA692"	"10511AA63DFBD9C0DDBFEFE36068740103D4BA1116E214154A0772057D7E9314"	"CC6DA8404E3A2789A0E98BED460C4FAA90822BAC0EA362C67E261774BD0BF191"	"shared-neural-lstm"	"shared-neural-lstm=1"	"hybridzip-r2-currenthash-cc6d-20260827-r2-shared-neural-lstm"
"hybridzip-r2-currenthash-cc6d-20260827-r2"	"shared-neural-lstm"	"22"	"xml"	"32"	"32768"	"6286"	"32768"	"0.19183349609375"	"1.53466796875"	"27.8395571"	"27.6176032"	"121.6328125"	"121.57421875"	"121.6328125"	"C2F7F129956F8D6FC3D0E3595D93F98D5270B6F5BC4AB5E70F45867822EFDD71"	"08939489ABFDF6D582FD22C90379B3A082CF3CA39DDA4D124AB5F10F798F36D2"	"C2F7F129956F8D6FC3D0E3595D93F98D5270B6F5BC4AB5E70F45867822EFDD71"	"CC6DA8404E3A2789A0E98BED460C4FAA90822BAC0EA362C67E261774BD0BF191"	"shared-neural-lstm"	"shared-neural-lstm=1"	"hybridzip-r2-currenthash-cc6d-20260827-r2-shared-neural-lstm"
"hybridzip-r2-currenthash-cc6d-20260827-r2"	"lstm-compress"	"23"	"dickens"	"32"	"32768"	"15207"	"32768"	"0.464080810546875"	"3.712646484375"	"6.4148696"	"6.3638835"	"8.5078125"	"8.47265625"	"8.5078125"	"FC42DCB9849222C8704C9DCAE606D075B389B66244FB215035148D6409EC0B31"	"D1E44416A9F18E624ECB5B46BF9213D4CBFCF554AF1903F1C36101611AED487A"	"FC42DCB9849222C8704C9DCAE606D075B389B66244FB215035148D6409EC0B31"	"CC6DA8404E3A2789A0E98BED460C4FAA90822BAC0EA362C67E261774BD0BF191"	"lstm-compress"	"lstm-compress=1"	"hybridzip-r2-currenthash-cc6d-20260827-r2-lstm-compress"
"hybridzip-r2-currenthash-cc6d-20260827-r2"	"lstm-compress"	"23"	"mozilla"	"32"	"32768"	"12014"	"32768"	"0.36663818359375"	"2.93310546875"	"17.4391463"	"17.3633569"	"13.60546875"	"13.55859375"	"13.60546875"	"9DDEEF36CA0CA55B72FE3376D005926DFF3400A2ADE6EAE18482D8017D8645DB"	"4D0B9A6DB518DFC21379FE4E987C47F09C3FD9856731FE07EFB5843934727C43"	"9DDEEF36CA0CA55B72FE3376D005926DFF3400A2ADE6EAE18482D8017D8645DB"	"CC6DA8404E3A2789A0E98BED460C4FAA90822BAC0EA362C67E261774BD0BF191"	"lstm-compress"	"lstm-compress=1"	"hybridzip-r2-currenthash-cc6d-20260827-r2-lstm-compress"
"hybridzip-r2-currenthash-cc6d-20260827-r2"	"lstm-compress"	"23"	"mr"	"32"	"32768"	"7014"	"32768"	"0.21405029296875"	"1.71240234375"	"16.1668745"	"16.2326879"	"12.83984375"	"12.7734375"	"12.83984375"	"3BB287B0AF65F777AB00C14E362B4D1962087260556001BBEE0689AA10D9F76A"	"7BB7FD0070FE53EB8EB0F3A19B162DF96A43AB55D25B5941E3A48A846F756242"	"3BB287B0AF65F777AB00C14E362B4D1962087260556001BBEE0689AA10D9F76A"	"CC6DA8404E3A2789A0E98BED460C4FAA90822BAC0EA362C67E261774BD0BF191"	"lstm-compress"	"lstm-compress=1"	"hybridzip-r2-currenthash-cc6d-20260827-r2-lstm-compress"
"hybridzip-r2-currenthash-cc6d-20260827-r2"	"lstm-compress"	"23"	"nci"	"32"	"32768"	"4397"	"32768"	"0.134185791015625"	"1.073486328125"	"5.3974728"	"5.3817101"	"7.671875"	"7.6171875"	"7.671875"	"0D3034FE8B0E573DE1439ED98CE409B83B13E5895085C9BFB0BF980F4962FB79"	"D215F7BE940CD2400C51C6CDD75B2A2B6E19142647D58D417C9EFE4AD027BD3E"	"0D3034FE8B0E573DE1439ED98CE409B83B13E5895085C9BFB0BF980F4962FB79"	"CC6DA8404E3A2789A0E98BED460C4FAA90822BAC0EA362C67E261774BD0BF191"	"lstm-compress"	"lstm-compress=1"	"hybridzip-r2-currenthash-cc6d-20260827-r2-lstm-compress"
"hybridzip-r2-currenthash-cc6d-20260827-r2"	"lstm-compress"	"23"	"ooffice"	"32"	"32768"	"15331"	"32768"	"0.467864990234375"	"3.742919921875"	"17.0132129"	"16.8870235"	"13.625"	"13.56640625"	"13.625"	"2ACF9B4CAAEAC5814CDFEF0FA48A5ECE857C847DBDB7B44EEAB95CA3C098921C"	"2E7D08FE6B59D4051362AE53CEF40C78333308C8F14A4858EB3EB25F0A2BAB2C"	"2ACF9B4CAAEAC5814CDFEF0FA48A5ECE857C847DBDB7B44EEAB95CA3C098921C"	"CC6DA8404E3A2789A0E98BED460C4FAA90822BAC0EA362C67E261774BD0BF191"	"lstm-compress"	"lstm-compress=1"	"hybridzip-r2-currenthash-cc6d-20260827-r2-lstm-compress"
"hybridzip-r2-currenthash-cc6d-20260827-r2"	"lstm-compress"	"23"	"osdb"	"32"	"32768"	"22646"	"32768"	"0.69110107421875"	"5.52880859375"	"17.0114972"	"16.9604002"	"13.62109375"	"13.5859375"	"13.62109375"	"03B2C20B777682CD960BCD893D7A4463161D9C0200FD1708B2EFAE32A259D0B7"	"7FCC9842DC06882984710D1C4483909871B8E3D6A7F21C0FA0D56B1C71D1D943"	"03B2C20B777682CD960BCD893D7A4463161D9C0200FD1708B2EFAE32A259D0B7"	"CC6DA8404E3A2789A0E98BED460C4FAA90822BAC0EA362C67E261774BD0BF191"	"lstm-compress"	"lstm-compress=1"	"hybridzip-r2-currenthash-cc6d-20260827-r2-lstm-compress"
"hybridzip-r2-currenthash-cc6d-20260827-r2"	"lstm-compress"	"23"	"reymont"	"32"	"32768"	"10784"	"32768"	"0.3291015625"	"2.6328125"	"6.0031156"	"5.98351"	"8.33203125"	"8.2734375"	"8.33203125"	"9D5E4B9340C2260DAE7DDB01B3EDA58236FF2DE5E1FF4D56767AA840B6FB1A87"	"09F2AF79C2FC1A1E7771542E726C69692F0E7C766EA6792314E41D33B929264A"	"9D5E4B9340C2260DAE7DDB01B3EDA58236FF2DE5E1FF4D56767AA840B6FB1A87"	"CC6DA8404E3A2789A0E98BED460C4FAA90822BAC0EA362C67E261774BD0BF191"	"lstm-compress"	"lstm-compress=1"	"hybridzip-r2-currenthash-cc6d-20260827-r2-lstm-compress"
"hybridzip-r2-currenthash-cc6d-20260827-r2"	"lstm-compress"	"23"	"samba"	"32"	"32768"	"14545"	"32768"	"0.443878173828125"	"3.551025390625"	"6.4313941"	"6.4878175"	"8.5390625"	"8.48046875"	"8.5390625"	"9C4F5BEE544E4531E4946E62F796987418B4526911C34877EF282F14DD57AD12"	"187C7DD932B0B8921E1E1B15B5334F64E2FD7B658EE3CE02798CDEAE57CB836F"	"9C4F5BEE544E4531E4946E62F796987418B4526911C34877EF282F14DD57AD12"	"CC6DA8404E3A2789A0E98BED460C4FAA90822BAC0EA362C67E261774BD0BF191"	"lstm-compress"	"lstm-compress=1"	"hybridzip-r2-currenthash-cc6d-20260827-r2-lstm-compress"
"hybridzip-r2-currenthash-cc6d-20260827-r2"	"lstm-compress"	"23"	"sao"	"32"	"32768"	"24211"	"32768"	"0.738861083984375"	"5.910888671875"	"17.0898926"	"16.926695"	"13.63671875"	"13.578125"	"13.63671875"	"95677430CAD4F000506BC5EE22815C3F4E13D64B477ED506B78D5D9ACFB50CCD"	"801EDEAE02B178703653B33F2B7FC22667A8E73E0B215DF8C6438A8EBB6F3B16"	"95677430CAD4F000506BC5EE22815C3F4E13D64B477ED506B78D5D9ACFB50CCD"	"CC6DA8404E3A2789A0E98BED460C4FAA90822BAC0EA362C67E261774BD0BF191"	"lstm-compress"	"lstm-compress=1"	"hybridzip-r2-currenthash-cc6d-20260827-r2-lstm-compress"
"hybridzip-r2-currenthash-cc6d-20260827-r2"	"lstm-compress"	"23"	"webster"	"32"	"32768"	"15541"	"32768"	"0.474273681640625"	"3.794189453125"	"6.7933925"	"6.8185991"	"8.92578125"	"8.875"	"8.92578125"	"774D224695AF4057353F72602BB96CD2AFEEA059AC7737535645F11596FCA85E"	"BC1474713F7DFA4B777B543C60485CA813C9F0C76EE0637702E32D5D6EE26BF3"	"774D224695AF4057353F72602BB96CD2AFEEA059AC7737535645F11596FCA85E"	"CC6DA8404E3A2789A0E98BED460C4FAA90822BAC0EA362C67E261774BD0BF191"	"lstm-compress"	"lstm-compress=1"	"hybridzip-r2-currenthash-cc6d-20260827-r2-lstm-compress"
"hybridzip-r2-currenthash-cc6d-20260827-r2"	"lstm-compress"	"23"	"x-ray"	"32"	"32768"	"17970"	"32768"	"0.54840087890625"	"4.38720703125"	"17.0538619"	"17.1025827"	"13.61328125"	"13.57421875"	"13.61328125"	"10511AA63DFBD9C0DDBFEFE36068740103D4BA1116E214154A0772057D7E9314"	"F60F2533BA654F716039BFFD875A2A090F9274EE0BE9F1969FC1DD23CEC01C4D"	"10511AA63DFBD9C0DDBFEFE36068740103D4BA1116E214154A0772057D7E9314"	"CC6DA8404E3A2789A0E98BED460C4FAA90822BAC0EA362C67E261774BD0BF191"	"lstm-compress"	"lstm-compress=1"	"hybridzip-r2-currenthash-cc6d-20260827-r2-lstm-compress"
"hybridzip-r2-currenthash-cc6d-20260827-r2"	"lstm-compress"	"23"	"xml"	"32"	"32768"	"8207"	"32768"	"0.250457763671875"	"2.003662109375"	"6.2044172"	"6.2409184"	"8.3203125"	"8.2734375"	"8.3203125"	"C2F7F129956F8D6FC3D0E3595D93F98D5270B6F5BC4AB5E70F45867822EFDD71"	"59CDA222BFD8DA0308780DB5AD7AED813DE7311BF12E53F9620DB5D38FB41367"	"C2F7F129956F8D6FC3D0E3595D93F98D5270B6F5BC4AB5E70F45867822EFDD71"	"CC6DA8404E3A2789A0E98BED460C4FAA90822BAC0EA362C67E261774BD0BF191"	"lstm-compress"	"lstm-compress=1"	"hybridzip-r2-currenthash-cc6d-20260827-r2-lstm-compress"
"hybridzip-r2-currenthash-cc6d-20260827-r2"	"delta-of-delta-zstd"	"24"	"dickens"	"32"	"32768"	"31091"	"32768"	"0.948822021484375"	"7.590576171875"	"0.0597666"	"0.0477885"	"5.33203125"	"2.01953125"	"5.33203125"	"FC42DCB9849222C8704C9DCAE606D075B389B66244FB215035148D6409EC0B31"	"C6A119F6A38F6B0095563EB0BFD840E868D9EA6013F8E3AFF18AC6B9FA7C3AAB"	"FC42DCB9849222C8704C9DCAE606D075B389B66244FB215035148D6409EC0B31"	"CC6DA8404E3A2789A0E98BED460C4FAA90822BAC0EA362C67E261774BD0BF191"	"delta-of-delta-zstd"	"delta-of-delta-zstd=1"	"hybridzip-r2-currenthash-cc6d-20260827-r2-delta-of-delta-zstd"
"hybridzip-r2-currenthash-cc6d-20260827-r2"	"delta-of-delta-zstd"	"24"	"mozilla"	"32"	"32768"	"19538"	"32768"	"0.59625244140625"	"4.77001953125"	"0.0599514"	"0.0483731"	"5.35546875"	"2.01953125"	"5.35546875"	"9DDEEF36CA0CA55B72FE3376D005926DFF3400A2ADE6EAE18482D8017D8645DB"	"0E1EF12D714D2B81A95EAAF3310C7D05C888F833E1276FD208F4C3E0EC4C9070"	"9DDEEF36CA0CA55B72FE3376D005926DFF3400A2ADE6EAE18482D8017D8645DB"	"CC6DA8404E3A2789A0E98BED460C4FAA90822BAC0EA362C67E261774BD0BF191"	"delta-of-delta-zstd"	"delta-of-delta-zstd=1"	"hybridzip-r2-currenthash-cc6d-20260827-r2-delta-of-delta-zstd"
"hybridzip-r2-currenthash-cc6d-20260827-r2"	"delta-of-delta-zstd"	"24"	"mr"	"32"	"32768"	"12207"	"32768"	"0.372528076171875"	"2.980224609375"	"0.0565961"	"0.0483594"	"5.25"	"2.01953125"	"5.25"	"3BB287B0AF65F777AB00C14E362B4D1962087260556001BBEE0689AA10D9F76A"	"EBCC678180D05FF9F7519844DF33CF4155526A01C1B9756EE1528918228DD154"	"3BB287B0AF65F777AB00C14E362B4D1962087260556001BBEE0689AA10D9F76A"	"CC6DA8404E3A2789A0E98BED460C4FAA90822BAC0EA362C67E261774BD0BF191"	"delta-of-delta-zstd"	"delta-of-delta-zstd=1"	"hybridzip-r2-currenthash-cc6d-20260827-r2-delta-of-delta-zstd"
"hybridzip-r2-currenthash-cc6d-20260827-r2"	"delta-of-delta-zstd"	"24"	"nci"	"32"	"32768"	"7032"	"32768"	"0.214599609375"	"1.716796875"	"0.0720926"	"0.0489429"	"5.34375"	"2.1484375"	"5.34375"	"0D3034FE8B0E573DE1439ED98CE409B83B13E5895085C9BFB0BF980F4962FB79"	"3D6CB12CB56A9B777BECAA2E67E5581F732F023C52E1674ED388C4FE8516A7BF"	"0D3034FE8B0E573DE1439ED98CE409B83B13E5895085C9BFB0BF980F4962FB79"	"CC6DA8404E3A2789A0E98BED460C4FAA90822BAC0EA362C67E261774BD0BF191"	"delta-of-delta-zstd"	"delta-of-delta-zstd=1"	"hybridzip-r2-currenthash-cc6d-20260827-r2-delta-of-delta-zstd"
"hybridzip-r2-currenthash-cc6d-20260827-r2"	"delta-of-delta-zstd"	"24"	"ooffice"	"32"	"32768"	"24851"	"32768"	"0.758392333984375"	"6.067138671875"	"0.0557893"	"0.0491419"	"5.23828125"	"2.01953125"	"5.23828125"	"2ACF9B4CAAEAC5814CDFEF0FA48A5ECE857C847DBDB7B44EEAB95CA3C098921C"	"A36EA93D931DAD3C7C4A44497573BAB0A40C4345EE3938CD48591795F5636453"	"2ACF9B4CAAEAC5814CDFEF0FA48A5ECE857C847DBDB7B44EEAB95CA3C098921C"	"CC6DA8404E3A2789A0E98BED460C4FAA90822BAC0EA362C67E261774BD0BF191"	"delta-of-delta-zstd"	"delta-of-delta-zstd=1"	"hybridzip-r2-currenthash-cc6d-20260827-r2-delta-of-delta-zstd"
"hybridzip-r2-currenthash-cc6d-20260827-r2"	"delta-of-delta-zstd"	"24"	"osdb"	"32"	"32768"	"27267"	"32768"	"0.832122802734375"	"6.656982421875"	"0.0550937"	"0.0482809"	"5.2890625"	"2.01953125"	"5.2890625"	"03B2C20B777682CD960BCD893D7A4463161D9C0200FD1708B2EFAE32A259D0B7"	"0019987C26CC7AE68C4C6BD15812F83CF6444541A2DCB4B2801BFB93D0522CBA"	"03B2C20B777682CD960BCD893D7A4463161D9C0200FD1708B2EFAE32A259D0B7"	"CC6DA8404E3A2789A0E98BED460C4FAA90822BAC0EA362C67E261774BD0BF191"	"delta-of-delta-zstd"	"delta-of-delta-zstd=1"	"hybridzip-r2-currenthash-cc6d-20260827-r2-delta-of-delta-zstd"
"hybridzip-r2-currenthash-cc6d-20260827-r2"	"delta-of-delta-zstd"	"24"	"reymont"	"32"	"32768"	"26921"	"32768"	"0.821563720703125"	"6.572509765625"	"0.050912"	"0.0480733"	"2.0234375"	"2.01953125"	"2.0234375"	"9D5E4B9340C2260DAE7DDB01B3EDA58236FF2DE5E1FF4D56767AA840B6FB1A87"	"9D034AA8F55F9422D849200E52229E7DBF4E0C6AB6734E788C2C496FADF25551"	"9D5E4B9340C2260DAE7DDB01B3EDA58236FF2DE5E1FF4D56767AA840B6FB1A87"	"CC6DA8404E3A2789A0E98BED460C4FAA90822BAC0EA362C67E261774BD0BF191"	"delta-of-delta-zstd"	"delta-of-delta-zstd=1"	"hybridzip-r2-currenthash-cc6d-20260827-r2-delta-of-delta-zstd"
"hybridzip-r2-currenthash-cc6d-20260827-r2"	"delta-of-delta-zstd"	"24"	"samba"	"32"	"32768"	"26600"	"32768"	"0.811767578125"	"6.494140625"	"0.071198"	"0.0639889"	"5.3359375"	"2.01953125"	"5.3359375"	"9C4F5BEE544E4531E4946E62F796987418B4526911C34877EF282F14DD57AD12"	"989922219B3AF3106192FAAFB40861F13D8383F592998A0B9CB1383D0CD5E48D"	"9C4F5BEE544E4531E4946E62F796987418B4526911C34877EF282F14DD57AD12"	"CC6DA8404E3A2789A0E98BED460C4FAA90822BAC0EA362C67E261774BD0BF191"	"delta-of-delta-zstd"	"delta-of-delta-zstd=1"	"hybridzip-r2-currenthash-cc6d-20260827-r2-delta-of-delta-zstd"
"hybridzip-r2-currenthash-cc6d-20260827-r2"	"delta-of-delta-zstd"	"24"	"sao"	"32"	"32768"	"32612"	"32768"	"0.9952392578125"	"7.9619140625"	"0.0497753"	"0.0417405"	"2.015625"	"2.015625"	"2.015625"	"95677430CAD4F000506BC5EE22815C3F4E13D64B477ED506B78D5D9ACFB50CCD"	"63693832D1E2D4DAD3DF2492B1F21FE66847080241FAFCA49453EED7663575C1"	"95677430CAD4F000506BC5EE22815C3F4E13D64B477ED506B78D5D9ACFB50CCD"	"CC6DA8404E3A2789A0E98BED460C4FAA90822BAC0EA362C67E261774BD0BF191"	"delta-of-delta-zstd"	"delta-of-delta-zstd=1"	"hybridzip-r2-currenthash-cc6d-20260827-r2-delta-of-delta-zstd"
"hybridzip-r2-currenthash-cc6d-20260827-r2"	"delta-of-delta-zstd"	"24"	"webster"	"32"	"32768"	"29711"	"32768"	"0.906707763671875"	"7.253662109375"	"0.0538234"	"0.0489781"	"5.3203125"	"2.47265625"	"5.3203125"	"774D224695AF4057353F72602BB96CD2AFEEA059AC7737535645F11596FCA85E"	"36A09B87DF2434A52E14F46063601F29E885C21C3C016ECAB6B07FD76F2D7AE0"	"774D224695AF4057353F72602BB96CD2AFEEA059AC7737535645F11596FCA85E"	"CC6DA8404E3A2789A0E98BED460C4FAA90822BAC0EA362C67E261774BD0BF191"	"delta-of-delta-zstd"	"delta-of-delta-zstd=1"	"hybridzip-r2-currenthash-cc6d-20260827-r2-delta-of-delta-zstd"
"hybridzip-r2-currenthash-cc6d-20260827-r2"	"delta-of-delta-zstd"	"24"	"x-ray"	"32"	"32768"	"22262"	"32768"	"0.67938232421875"	"5.43505859375"	"0.0729468"	"0.064952"	"5.375"	"2.1484375"	"5.375"	"10511AA63DFBD9C0DDBFEFE36068740103D4BA1116E214154A0772057D7E9314"	"25DA4B7C210BE9C4779DBFFDAFE741F4C3DBCB844A6A6A1AE9C2F3AB6E66DC76"	"10511AA63DFBD9C0DDBFEFE36068740103D4BA1116E214154A0772057D7E9314"	"CC6DA8404E3A2789A0E98BED460C4FAA90822BAC0EA362C67E261774BD0BF191"	"delta-of-delta-zstd"	"delta-of-delta-zstd=1"	"hybridzip-r2-currenthash-cc6d-20260827-r2-delta-of-delta-zstd"
"hybridzip-r2-currenthash-cc6d-20260827-r2"	"delta-of-delta-zstd"	"24"	"xml"	"32"	"32768"	"8659"	"32768"	"0.264251708984375"	"2.114013671875"	"0.0738544"	"0.0641327"	"5.23828125"	"2.01953125"	"5.23828125"	"C2F7F129956F8D6FC3D0E3595D93F98D5270B6F5BC4AB5E70F45867822EFDD71"	"160BE3B4EA9FCE2A3FC557C31EC8B2F6545D2744AE404A5177C7A473E045DF0A"	"C2F7F129956F8D6FC3D0E3595D93F98D5270B6F5BC4AB5E70F45867822EFDD71"	"CC6DA8404E3A2789A0E98BED460C4FAA90822BAC0EA362C67E261774BD0BF191"	"delta-of-delta-zstd"	"delta-of-delta-zstd=1"	"hybridzip-r2-currenthash-cc6d-20260827-r2-delta-of-delta-zstd"
"hybridzip-r2-currenthash-cc6d-20260827-r2"	"bgpt-shared-prior"	"25"	"dickens"	"32"	"32768"	"25234"	"32768"	"0.77008056640625"	"6.16064453125"	"0.0565609"	"0.0618091"	"4.453125"	"2.01953125"	"4.453125"	"FC42DCB9849222C8704C9DCAE606D075B389B66244FB215035148D6409EC0B31"	"D87DA0D85EB0E81DDCB9B3558725F488E71A3F4CFBF0158FB49E862B25381DDD"	"FC42DCB9849222C8704C9DCAE606D075B389B66244FB215035148D6409EC0B31"	"CC6DA8404E3A2789A0E98BED460C4FAA90822BAC0EA362C67E261774BD0BF191"	"bgpt-shared-prior"	"bgpt-shared-prior=1"	"hybridzip-r2-currenthash-cc6d-20260827-r2-bgpt-shared-prior"
"hybridzip-r2-currenthash-cc6d-20260827-r2"	"bgpt-shared-prior"	"25"	"mozilla"	"32"	"32768"	"56189"	"32768"	"1.714752197265625"	"13.718017578125"	"0.0506031"	"0.062542"	"2.0234375"	"4.62890625"	"4.62890625"	"9DDEEF36CA0CA55B72FE3376D005926DFF3400A2ADE6EAE18482D8017D8645DB"	"A0C3FA90AFB5278E1A9A6BC86897B38DD50402EF7842AC3F4457AD8BF5BFDDB9"	"9DDEEF36CA0CA55B72FE3376D005926DFF3400A2ADE6EAE18482D8017D8645DB"	"CC6DA8404E3A2789A0E98BED460C4FAA90822BAC0EA362C67E261774BD0BF191"	"bgpt-shared-prior"	"bgpt-shared-prior=1"	"hybridzip-r2-currenthash-cc6d-20260827-r2-bgpt-shared-prior"
"hybridzip-r2-currenthash-cc6d-20260827-r2"	"bgpt-shared-prior"	"25"	"mr"	"32"	"32768"	"62886"	"32768"	"1.91912841796875"	"15.35302734375"	"0.0574274"	"0.0622876"	"4.6015625"	"2.01953125"	"4.6015625"	"3BB287B0AF65F777AB00C14E362B4D1962087260556001BBEE0689AA10D9F76A"	"925CAADCBF48E9BDD306FACA7E153D3C8399206093A4A9FDB187EEE49417223C"	"3BB287B0AF65F777AB00C14E362B4D1962087260556001BBEE0689AA10D9F76A"	"CC6DA8404E3A2789A0E98BED460C4FAA90822BAC0EA362C67E261774BD0BF191"	"bgpt-shared-prior"	"bgpt-shared-prior=1"	"hybridzip-r2-currenthash-cc6d-20260827-r2-bgpt-shared-prior"
"hybridzip-r2-currenthash-cc6d-20260827-r2"	"bgpt-shared-prior"	"25"	"nci"	"32"	"32768"	"30232"	"32768"	"0.922607421875"	"7.380859375"	"0.0723822"	"0.0647069"	"4.48828125"	"2.015625"	"4.48828125"	"0D3034FE8B0E573DE1439ED98CE409B83B13E5895085C9BFB0BF980F4962FB79"	"B5FB5F9BD87CDBC58CB86758F852F981B8384982BF54BF086DA253209F30B40E"	"0D3034FE8B0E573DE1439ED98CE409B83B13E5895085C9BFB0BF980F4962FB79"	"CC6DA8404E3A2789A0E98BED460C4FAA90822BAC0EA362C67E261774BD0BF191"	"bgpt-shared-prior"	"bgpt-shared-prior=1"	"hybridzip-r2-currenthash-cc6d-20260827-r2-bgpt-shared-prior"
"hybridzip-r2-currenthash-cc6d-20260827-r2"	"bgpt-shared-prior"	"25"	"ooffice"	"32"	"32768"	"54406"	"32768"	"1.66033935546875"	"13.28271484375"	"0.0706908"	"0.0661313"	"4.57421875"	"2.01953125"	"4.57421875"	"2ACF9B4CAAEAC5814CDFEF0FA48A5ECE857C847DBDB7B44EEAB95CA3C098921C"	"1CADF678A4C62751DF3F8A8BCD52B36B43C86DE8A7AEDC9B567EEA2F739101ED"	"2ACF9B4CAAEAC5814CDFEF0FA48A5ECE857C847DBDB7B44EEAB95CA3C098921C"	"CC6DA8404E3A2789A0E98BED460C4FAA90822BAC0EA362C67E261774BD0BF191"	"bgpt-shared-prior"	"bgpt-shared-prior=1"	"hybridzip-r2-currenthash-cc6d-20260827-r2-bgpt-shared-prior"
"hybridzip-r2-currenthash-cc6d-20260827-r2"	"bgpt-shared-prior"	"25"	"osdb"	"32"	"32768"	"42096"	"32768"	"1.28466796875"	"10.27734375"	"0.0594911"	"0.0508991"	"4.65234375"	"2.01953125"	"4.65234375"	"03B2C20B777682CD960BCD893D7A4463161D9C0200FD1708B2EFAE32A259D0B7"	"BE533B278CC1F0F4C11EB165010AC10C7027957AFF27F554229D638A75D21A69"	"03B2C20B777682CD960BCD893D7A4463161D9C0200FD1708B2EFAE32A259D0B7"	"CC6DA8404E3A2789A0E98BED460C4FAA90822BAC0EA362C67E261774BD0BF191"	"bgpt-shared-prior"	"bgpt-shared-prior=1"	"hybridzip-r2-currenthash-cc6d-20260827-r2-bgpt-shared-prior"
"hybridzip-r2-currenthash-cc6d-20260827-r2"	"bgpt-shared-prior"	"25"	"reymont"	"32"	"32768"	"37546"	"32768"	"1.14581298828125"	"9.16650390625"	"0.0541423"	"0.0640267"	"4.46875"	"2.01953125"	"4.46875"	"9D5E4B9340C2260DAE7DDB01B3EDA58236FF2DE5E1FF4D56767AA840B6FB1A87"	"EEADB1B877B9BC64045727B44BF644640DCBC5B3451F1DF7CBA08913AE644E72"	"9D5E4B9340C2260DAE7DDB01B3EDA58236FF2DE5E1FF4D56767AA840B6FB1A87"	"CC6DA8404E3A2789A0E98BED460C4FAA90822BAC0EA362C67E261774BD0BF191"	"bgpt-shared-prior"	"bgpt-shared-prior=1"	"hybridzip-r2-currenthash-cc6d-20260827-r2-bgpt-shared-prior"
"hybridzip-r2-currenthash-cc6d-20260827-r2"	"bgpt-shared-prior"	"25"	"samba"	"32"	"32768"	"30645"	"32768"	"0.935211181640625"	"7.481689453125"	"0.074405"	"0.0503"	"4.49609375"	"2.65234375"	"4.49609375"	"9C4F5BEE544E4531E4946E62F796987418B4526911C34877EF282F14DD57AD12"	"E14C42862380B0DD2C8913FD4D8C9D0B37E6AB1C3DF0405C189BDD61D95748DB"	"9C4F5BEE544E4531E4946E62F796987418B4526911C34877EF282F14DD57AD12"	"CC6DA8404E3A2789A0E98BED460C4FAA90822BAC0EA362C67E261774BD0BF191"	"bgpt-shared-prior"	"bgpt-shared-prior=1"	"hybridzip-r2-currenthash-cc6d-20260827-r2-bgpt-shared-prior"
"hybridzip-r2-currenthash-cc6d-20260827-r2"	"bgpt-shared-prior"	"25"	"sao"	"32"	"32768"	"53544"	"32768"	"1.634033203125"	"13.072265625"	"0.0696744"	"0.0629217"	"4.53515625"	"2.01953125"	"4.53515625"	"95677430CAD4F000506BC5EE22815C3F4E13D64B477ED506B78D5D9ACFB50CCD"	"5D6CC137895FDDBCDF4C76438A65CB0CD74C2CB931D219407AC2B3ADA627FDBB"	"95677430CAD4F000506BC5EE22815C3F4E13D64B477ED506B78D5D9ACFB50CCD"	"CC6DA8404E3A2789A0E98BED460C4FAA90822BAC0EA362C67E261774BD0BF191"	"bgpt-shared-prior"	"bgpt-shared-prior=1"	"hybridzip-r2-currenthash-cc6d-20260827-r2-bgpt-shared-prior"
"hybridzip-r2-currenthash-cc6d-20260827-r2"	"bgpt-shared-prior"	"25"	"webster"	"32"	"32768"	"28283"	"32768"	"0.863128662109375"	"6.905029296875"	"0.0763384"	"0.0745459"	"4.47265625"	"4.44140625"	"4.47265625"	"774D224695AF4057353F72602BB96CD2AFEEA059AC7737535645F11596FCA85E"	"BBCA2B562A81B5E642FF9185FAB54890EE151716BB3D6C829400E8210B199531"	"774D224695AF4057353F72602BB96CD2AFEEA059AC7737535645F11596FCA85E"	"CC6DA8404E3A2789A0E98BED460C4FAA90822BAC0EA362C67E261774BD0BF191"	"bgpt-shared-prior"	"bgpt-shared-prior=1"	"hybridzip-r2-currenthash-cc6d-20260827-r2-bgpt-shared-prior"
"hybridzip-r2-currenthash-cc6d-20260827-r2"	"bgpt-shared-prior"	"25"	"x-ray"	"32"	"32768"	"56077"	"32768"	"1.711334228515625"	"13.690673828125"	"0.0658949"	"0.0733364"	"2.01953125"	"4.6015625"	"4.6015625"	"10511AA63DFBD9C0DDBFEFE36068740103D4BA1116E214154A0772057D7E9314"	"D222002BF29C93899AEDC2307F502745775227E9C65C02591DE4BB95BC30E54F"	"10511AA63DFBD9C0DDBFEFE36068740103D4BA1116E214154A0772057D7E9314"	"CC6DA8404E3A2789A0E98BED460C4FAA90822BAC0EA362C67E261774BD0BF191"	"bgpt-shared-prior"	"bgpt-shared-prior=1"	"hybridzip-r2-currenthash-cc6d-20260827-r2-bgpt-shared-prior"
"hybridzip-r2-currenthash-cc6d-20260827-r2"	"bgpt-shared-prior"	"25"	"xml"	"32"	"32768"	"38476"	"32768"	"1.1741943359375"	"9.3935546875"	"0.0625135"	"0.0563103"	"2.01953125"	"4.46484375"	"4.46484375"	"C2F7F129956F8D6FC3D0E3595D93F98D5270B6F5BC4AB5E70F45867822EFDD71"	"2F716A5A7115F183A61654F3EA11DA9613E92415F79705B1D5E5F84813E7983A"	"C2F7F129956F8D6FC3D0E3595D93F98D5270B6F5BC4AB5E70F45867822EFDD71"	"CC6DA8404E3A2789A0E98BED460C4FAA90822BAC0EA362C67E261774BD0BF191"	"bgpt-shared-prior"	"bgpt-shared-prior=1"	"hybridzip-r2-currenthash-cc6d-20260827-r2-bgpt-shared-prior"
"hybridzip-r2-currenthash-cc6d-20260827-r2"	"jax-compress-portable"	"26"	"dickens"	"32"	"32768"	"16232"	"32768"	"0.495361328125"	"3.962890625"	"4.524716"	"4.5894903"	"5.0234375"	"5.0078125"	"5.0234375"	"FC42DCB9849222C8704C9DCAE606D075B389B66244FB215035148D6409EC0B31"	"A80D8BACBED57AE1BFE516409F0AAD3AFB00C431A09D10C975B376A82177A45F"	"FC42DCB9849222C8704C9DCAE606D075B389B66244FB215035148D6409EC0B31"	"CC6DA8404E3A2789A0E98BED460C4FAA90822BAC0EA362C67E261774BD0BF191"	"jax-compress-portable"	"jax-compress-portable=1"	"hybridzip-r2-currenthash-cc6d-20260827-r2-jax-compress-portable"
"hybridzip-r2-currenthash-cc6d-20260827-r2"	"jax-compress-portable"	"26"	"mozilla"	"32"	"32768"	"14721"	"32768"	"0.449249267578125"	"3.593994140625"	"4.5176794"	"4.5075026"	"5.0234375"	"5.0078125"	"5.0234375"	"9DDEEF36CA0CA55B72FE3376D005926DFF3400A2ADE6EAE18482D8017D8645DB"	"32E15FDD9EBB9489D016FB2688C504372143A4AC4F42241282839A2C00E9100D"	"9DDEEF36CA0CA55B72FE3376D005926DFF3400A2ADE6EAE18482D8017D8645DB"	"CC6DA8404E3A2789A0E98BED460C4FAA90822BAC0EA362C67E261774BD0BF191"	"jax-compress-portable"	"jax-compress-portable=1"	"hybridzip-r2-currenthash-cc6d-20260827-r2-jax-compress-portable"
"hybridzip-r2-currenthash-cc6d-20260827-r2"	"jax-compress-portable"	"26"	"mr"	"32"	"32768"	"7594"	"32768"	"0.23175048828125"	"1.85400390625"	"4.5820275"	"4.6420528"	"5"	"4.9609375"	"5"	"3BB287B0AF65F777AB00C14E362B4D1962087260556001BBEE0689AA10D9F76A"	"804D1E2BD8B38741574DDAA8BFAA26452D84990BE124884661CED55A3000E4F8"	"3BB287B0AF65F777AB00C14E362B4D1962087260556001BBEE0689AA10D9F76A"	"CC6DA8404E3A2789A0E98BED460C4FAA90822BAC0EA362C67E261774BD0BF191"	"jax-compress-portable"	"jax-compress-portable=1"	"hybridzip-r2-currenthash-cc6d-20260827-r2-jax-compress-portable"
"hybridzip-r2-currenthash-cc6d-20260827-r2"	"jax-compress-portable"	"26"	"nci"	"32"	"32768"	"6925"	"32768"	"0.211334228515625"	"1.690673828125"	"4.5436753"	"4.6108719"	"5.00390625"	"4.95703125"	"5.00390625"	"0D3034FE8B0E573DE1439ED98CE409B83B13E5895085C9BFB0BF980F4962FB79"	"3CB4062245809F5DBBACCBF33A900902166F46A9A8F8921E0844FB3D7FFD07C5"	"0D3034FE8B0E573DE1439ED98CE409B83B13E5895085C9BFB0BF980F4962FB79"	"CC6DA8404E3A2789A0E98BED460C4FAA90822BAC0EA362C67E261774BD0BF191"	"jax-compress-portable"	"jax-compress-portable=1"	"hybridzip-r2-currenthash-cc6d-20260827-r2-jax-compress-portable"
"hybridzip-r2-currenthash-cc6d-20260827-r2"	"jax-compress-portable"	"26"	"ooffice"	"32"	"32768"	"18279"	"32768"	"0.557830810546875"	"4.462646484375"	"4.5549415"	"4.5899902"	"5.02734375"	"4.98046875"	"5.02734375"	"2ACF9B4CAAEAC5814CDFEF0FA48A5ECE857C847DBDB7B44EEAB95CA3C098921C"	"144F57DFF0FEE56642DAF70440B324A25964CB9F67AAF00E2214C518A946FFFF"	"2ACF9B4CAAEAC5814CDFEF0FA48A5ECE857C847DBDB7B44EEAB95CA3C098921C"	"CC6DA8404E3A2789A0E98BED460C4FAA90822BAC0EA362C67E261774BD0BF191"	"jax-compress-portable"	"jax-compress-portable=1"	"hybridzip-r2-currenthash-cc6d-20260827-r2-jax-compress-portable"
"hybridzip-r2-currenthash-cc6d-20260827-r2"	"jax-compress-portable"	"26"	"osdb"	"32"	"32768"	"22893"	"32768"	"0.698638916015625"	"5.589111328125"	"4.5365882"	"4.5740179"	"5.01953125"	"5"	"5.01953125"	"03B2C20B777682CD960BCD893D7A4463161D9C0200FD1708B2EFAE32A259D0B7"	"A5E49F25479589FEFEB7053B958FA6A8174A7B2A5CBC589E2F66F3840315AFDE"	"03B2C20B777682CD960BCD893D7A4463161D9C0200FD1708B2EFAE32A259D0B7"	"CC6DA8404E3A2789A0E98BED460C4FAA90822BAC0EA362C67E261774BD0BF191"	"jax-compress-portable"	"jax-compress-portable=1"	"hybridzip-r2-currenthash-cc6d-20260827-r2-jax-compress-portable"
"hybridzip-r2-currenthash-cc6d-20260827-r2"	"jax-compress-portable"	"26"	"reymont"	"32"	"32768"	"13672"	"32768"	"0.417236328125"	"3.337890625"	"4.5101016"	"4.5909829"	"5.0078125"	"4.9765625"	"5.0078125"	"9D5E4B9340C2260DAE7DDB01B3EDA58236FF2DE5E1FF4D56767AA840B6FB1A87"	"AD91159AAFEEB32E69C82B2DBBE456D564CE7DFC43ED66CEAF018550B901629F"	"9D5E4B9340C2260DAE7DDB01B3EDA58236FF2DE5E1FF4D56767AA840B6FB1A87"	"CC6DA8404E3A2789A0E98BED460C4FAA90822BAC0EA362C67E261774BD0BF191"	"jax-compress-portable"	"jax-compress-portable=1"	"hybridzip-r2-currenthash-cc6d-20260827-r2-jax-compress-portable"
"hybridzip-r2-currenthash-cc6d-20260827-r2"	"jax-compress-portable"	"26"	"samba"	"32"	"32768"	"16289"	"32768"	"0.497100830078125"	"3.976806640625"	"4.5004261"	"4.4906716"	"5.0078125"	"4.9921875"	"5.0078125"	"9C4F5BEE544E4531E4946E62F796987418B4526911C34877EF282F14DD57AD12"	"615665CEC5B21A6315F801EE8157A842C54C35046F8A7CCFF81490E7050A7902"	"9C4F5BEE544E4531E4946E62F796987418B4526911C34877EF282F14DD57AD12"	"CC6DA8404E3A2789A0E98BED460C4FAA90822BAC0EA362C67E261774BD0BF191"	"jax-compress-portable"	"jax-compress-portable=1"	"hybridzip-r2-currenthash-cc6d-20260827-r2-jax-compress-portable"
"hybridzip-r2-currenthash-cc6d-20260827-r2"	"jax-compress-portable"	"26"	"sao"	"32"	"32768"	"25840"	"32768"	"0.78857421875"	"6.30859375"	"4.5141962"	"4.6277978"	"5.0625"	"5.0625"	"5.0625"	"95677430CAD4F000506BC5EE22815C3F4E13D64B477ED506B78D5D9ACFB50CCD"	"0C8AE460802C65A8767DB04FE21A22DE6EB03A1E70456BDA34882D68A0E52B6B"	"95677430CAD4F000506BC5EE22815C3F4E13D64B477ED506B78D5D9ACFB50CCD"	"CC6DA8404E3A2789A0E98BED460C4FAA90822BAC0EA362C67E261774BD0BF191"	"jax-compress-portable"	"jax-compress-portable=1"	"hybridzip-r2-currenthash-cc6d-20260827-r2-jax-compress-portable"
"hybridzip-r2-currenthash-cc6d-20260827-r2"	"jax-compress-portable"	"26"	"webster"	"32"	"32768"	"17537"	"32768"	"0.535186767578125"	"4.281494140625"	"4.5529871"	"4.6048246"	"5.046875"	"4.984375"	"5.046875"	"774D224695AF4057353F72602BB96CD2AFEEA059AC7737535645F11596FCA85E"	"9E5997DC16C1A46711D94BFBDB94EA6C47354EC5BE910371E545E4CD4DD33B62"	"774D224695AF4057353F72602BB96CD2AFEEA059AC7737535645F11596FCA85E"	"CC6DA8404E3A2789A0E98BED460C4FAA90822BAC0EA362C67E261774BD0BF191"	"jax-compress-portable"	"jax-compress-portable=1"	"hybridzip-r2-currenthash-cc6d-20260827-r2-jax-compress-portable"
"hybridzip-r2-currenthash-cc6d-20260827-r2"	"jax-compress-portable"	"26"	"x-ray"	"32"	"32768"	"19070"	"32768"	"0.58197021484375"	"4.65576171875"	"4.5338248"	"4.6167243"	"5.01171875"	"5.0078125"	"5.01171875"	"10511AA63DFBD9C0DDBFEFE36068740103D4BA1116E214154A0772057D7E9314"	"D3CAE07944C372053770B9A5D64699C566DC39FF1CE6D50B8AA4E581B8FEB18F"	"10511AA63DFBD9C0DDBFEFE36068740103D4BA1116E214154A0772057D7E9314"	"CC6DA8404E3A2789A0E98BED460C4FAA90822BAC0EA362C67E261774BD0BF191"	"jax-compress-portable"	"jax-compress-portable=1"	"hybridzip-r2-currenthash-cc6d-20260827-r2-jax-compress-portable"
"hybridzip-r2-currenthash-cc6d-20260827-r2"	"jax-compress-portable"	"26"	"xml"	"32"	"32768"	"14496"	"32768"	"0.4423828125"	"3.5390625"	"4.5184616"	"4.5307559"	"5.0234375"	"4.96875"	"5.0234375"	"C2F7F129956F8D6FC3D0E3595D93F98D5270B6F5BC4AB5E70F45867822EFDD71"	"D9B5B25F0C93A607B83EFC1803305199BE7E11A8AD7EA95BC3386357AAE751B2"	"C2F7F129956F8D6FC3D0E3595D93F98D5270B6F5BC4AB5E70F45867822EFDD71"	"CC6DA8404E3A2789A0E98BED460C4FAA90822BAC0EA362C67E261774BD0BF191"	"jax-compress-portable"	"jax-compress-portable=1"	"hybridzip-r2-currenthash-cc6d-20260827-r2-jax-compress-portable"
"hybridzip-r2-currenthash-cc6d-20260827-r2"	"ppmd7"	"27"	"dickens"	"32"	"32768"	"11123"	"32768"	"0.339447021484375"	"2.715576171875"	"0.0523663"	"0.0467337"	"2.01953125"	"2.01953125"	"2.01953125"	"FC42DCB9849222C8704C9DCAE606D075B389B66244FB215035148D6409EC0B31"	"E180DAE1B9CECD8EF0DA721D856309841DE408C6CC6FBD290CEE8E52F1BB596D"	"FC42DCB9849222C8704C9DCAE606D075B389B66244FB215035148D6409EC0B31"	"CC6DA8404E3A2789A0E98BED460C4FAA90822BAC0EA362C67E261774BD0BF191"	"ppmd7"	"ppmd7=1"	"hybridzip-r2-currenthash-cc6d-20260827-r2-ppmd7"
"hybridzip-r2-currenthash-cc6d-20260827-r2"	"ppmd7"	"27"	"mozilla"	"32"	"32768"	"9683"	"32768"	"0.295501708984375"	"2.364013671875"	"0.0505001"	"0.0439747"	"2.01953125"	"2.01953125"	"2.01953125"	"9DDEEF36CA0CA55B72FE3376D005926DFF3400A2ADE6EAE18482D8017D8645DB"	"EEB51832ED977D4FF5993B1BF161B84C4434CEC892F9EBB967A7E9B3031062DA"	"9DDEEF36CA0CA55B72FE3376D005926DFF3400A2ADE6EAE18482D8017D8645DB"	"CC6DA8404E3A2789A0E98BED460C4FAA90822BAC0EA362C67E261774BD0BF191"	"ppmd7"	"ppmd7=1"	"hybridzip-r2-currenthash-cc6d-20260827-r2-ppmd7"
"hybridzip-r2-currenthash-cc6d-20260827-r2"	"ppmd7"	"27"	"mr"	"32"	"32768"	"6694"	"32768"	"0.20428466796875"	"1.63427734375"	"0.0570742"	"0.0490341"	"4.765625"	"2.3359375"	"4.765625"	"3BB287B0AF65F777AB00C14E362B4D1962087260556001BBEE0689AA10D9F76A"	"EA3FADE1DC7844F49AEBB11C5AB10C6E03A2EAFE83615ABBFE6475723CD8A0CE"	"3BB287B0AF65F777AB00C14E362B4D1962087260556001BBEE0689AA10D9F76A"	"CC6DA8404E3A2789A0E98BED460C4FAA90822BAC0EA362C67E261774BD0BF191"	"ppmd7"	"ppmd7=1"	"hybridzip-r2-currenthash-cc6d-20260827-r2-ppmd7"
"hybridzip-r2-currenthash-cc6d-20260827-r2"	"ppmd7"	"27"	"nci"	"32"	"32768"	"2610"	"32768"	"0.07965087890625"	"0.63720703125"	"0.0529506"	"0.0466552"	"4.5625"	"2.01953125"	"4.5625"	"0D3034FE8B0E573DE1439ED98CE409B83B13E5895085C9BFB0BF980F4962FB79"	"B4EA793922271E198614A94C32058B6747C50ED4D01A359085A8A867642FCF55"	"0D3034FE8B0E573DE1439ED98CE409B83B13E5895085C9BFB0BF980F4962FB79"	"CC6DA8404E3A2789A0E98BED460C4FAA90822BAC0EA362C67E261774BD0BF191"	"ppmd7"	"ppmd7=1"	"hybridzip-r2-currenthash-cc6d-20260827-r2-ppmd7"
"hybridzip-r2-currenthash-cc6d-20260827-r2"	"ppmd7"	"27"	"ooffice"	"32"	"32768"	"12604"	"32768"	"0.3846435546875"	"3.0771484375"	"0.0516375"	"0.0474339"	"4.4765625"	"2.01953125"	"4.4765625"	"2ACF9B4CAAEAC5814CDFEF0FA48A5ECE857C847DBDB7B44EEAB95CA3C098921C"	"17BC3C7597C04D9152B60881916D060C203F8600E35D93DFCD05307CE8BD21A1"	"2ACF9B4CAAEAC5814CDFEF0FA48A5ECE857C847DBDB7B44EEAB95CA3C098921C"	"CC6DA8404E3A2789A0E98BED460C4FAA90822BAC0EA362C67E261774BD0BF191"	"ppmd7"	"ppmd7=1"	"hybridzip-r2-currenthash-cc6d-20260827-r2-ppmd7"
"hybridzip-r2-currenthash-cc6d-20260827-r2"	"ppmd7"	"27"	"osdb"	"32"	"32768"	"13943"	"32768"	"0.425506591796875"	"3.404052734375"	"0.0640787"	"0.0664351"	"2.01953125"	"2.02734375"	"2.02734375"	"03B2C20B777682CD960BCD893D7A4463161D9C0200FD1708B2EFAE32A259D0B7"	"FA7369F3B615733D8DB86191F74681F700BE7A87F6D9916AFC68A1F9251ACD76"	"03B2C20B777682CD960BCD893D7A4463161D9C0200FD1708B2EFAE32A259D0B7"	"CC6DA8404E3A2789A0E98BED460C4FAA90822BAC0EA362C67E261774BD0BF191"	"ppmd7"	"ppmd7=1"	"hybridzip-r2-currenthash-cc6d-20260827-r2-ppmd7"
"hybridzip-r2-currenthash-cc6d-20260827-r2"	"ppmd7"	"27"	"reymont"	"32"	"32768"	"7299"	"32768"	"0.222747802734375"	"1.781982421875"	"0.0696954"	"0.0644724"	"4.80078125"	"2.01953125"	"4.80078125"	"9D5E4B9340C2260DAE7DDB01B3EDA58236FF2DE5E1FF4D56767AA840B6FB1A87"	"EE5DCEB08968FDFAC0BB8171D89A9155BC33E07348AA29E52119E94361ADCDBF"	"9D5E4B9340C2260DAE7DDB01B3EDA58236FF2DE5E1FF4D56767AA840B6FB1A87"	"CC6DA8404E3A2789A0E98BED460C4FAA90822BAC0EA362C67E261774BD0BF191"	"ppmd7"	"ppmd7=1"	"hybridzip-r2-currenthash-cc6d-20260827-r2-ppmd7"
"hybridzip-r2-currenthash-cc6d-20260827-r2"	"ppmd7"	"27"	"samba"	"32"	"32768"	"9312"	"32768"	"0.2841796875"	"2.2734375"	"0.0586933"	"0.0631228"	"5.00390625"	"2.01953125"	"5.00390625"	"9C4F5BEE544E4531E4946E62F796987418B4526911C34877EF282F14DD57AD12"	"E2C42A76F807921BDBFAE2DB5CB32986630D446D70CE736AFB615B5A9CA9A272"	"9C4F5BEE544E4531E4946E62F796987418B4526911C34877EF282F14DD57AD12"	"CC6DA8404E3A2789A0E98BED460C4FAA90822BAC0EA362C67E261774BD0BF191"	"ppmd7"	"ppmd7=1"	"hybridzip-r2-currenthash-cc6d-20260827-r2-ppmd7"
"hybridzip-r2-currenthash-cc6d-20260827-r2"	"ppmd7"	"27"	"sao"	"32"	"32768"	"23039"	"32768"	"0.703094482421875"	"5.624755859375"	"0.0716588"	"0.050517"	"4.234375"	"3.18359375"	"4.234375"	"95677430CAD4F000506BC5EE22815C3F4E13D64B477ED506B78D5D9ACFB50CCD"	"81BF42DDE1A01D06A29F933498134D1FE2ED41D6B4B8800161BB971F5A86B8E4"	"95677430CAD4F000506BC5EE22815C3F4E13D64B477ED506B78D5D9ACFB50CCD"	"CC6DA8404E3A2789A0E98BED460C4FAA90822BAC0EA362C67E261774BD0BF191"	"ppmd7"	"ppmd7=1"	"hybridzip-r2-currenthash-cc6d-20260827-r2-ppmd7"
"hybridzip-r2-currenthash-cc6d-20260827-r2"	"ppmd7"	"27"	"webster"	"32"	"32768"	"10897"	"32768"	"0.332550048828125"	"2.660400390625"	"0.0574787"	"0.061249"	"5.03125"	"2.01953125"	"5.03125"	"774D224695AF4057353F72602BB96CD2AFEEA059AC7737535645F11596FCA85E"	"ACE9A62C6515AD071B8A3A68A95EDBDA2D84B68384D36EB69DC1DF4B4AE79157"	"774D224695AF4057353F72602BB96CD2AFEEA059AC7737535645F11596FCA85E"	"CC6DA8404E3A2789A0E98BED460C4FAA90822BAC0EA362C67E261774BD0BF191"	"ppmd7"	"ppmd7=1"	"hybridzip-r2-currenthash-cc6d-20260827-r2-ppmd7"
"hybridzip-r2-currenthash-cc6d-20260827-r2"	"ppmd7"	"27"	"x-ray"	"32"	"32768"	"19813"	"32768"	"0.604644775390625"	"4.837158203125"	"0.0566157"	"0.0495111"	"4.7109375"	"4.18359375"	"4.7109375"	"10511AA63DFBD9C0DDBFEFE36068740103D4BA1116E214154A0772057D7E9314"	"3EF21E8AF875068AB9A7C6ADCAD653162464AB0C340FC35BBA0198EA4E659079"	"10511AA63DFBD9C0DDBFEFE36068740103D4BA1116E214154A0772057D7E9314"	"CC6DA8404E3A2789A0E98BED460C4FAA90822BAC0EA362C67E261774BD0BF191"	"ppmd7"	"ppmd7=1"	"hybridzip-r2-currenthash-cc6d-20260827-r2-ppmd7"
"hybridzip-r2-currenthash-cc6d-20260827-r2"	"ppmd7"	"27"	"xml"	"32"	"32768"	"2597"	"32768"	"0.079254150390625"	"0.634033203125"	"0.0576105"	"0.0495636"	"4.57421875"	"2.01953125"	"4.57421875"	"C2F7F129956F8D6FC3D0E3595D93F98D5270B6F5BC4AB5E70F45867822EFDD71"	"E654C56122FB1A835BD5F283DA5D4F97AE84E1A547C9A4F7AD387B528C05BD44"	"C2F7F129956F8D6FC3D0E3595D93F98D5270B6F5BC4AB5E70F45867822EFDD71"	"CC6DA8404E3A2789A0E98BED460C4FAA90822BAC0EA362C67E261774BD0BF191"	"ppmd7"	"ppmd7=1"	"hybridzip-r2-currenthash-cc6d-20260827-r2-ppmd7"
"hybridzip-r2-currenthash-cc6d-20260827-r2"	"ppmd8"	"28"	"dickens"	"32"	"32768"	"11107"	"32768"	"0.338958740234375"	"2.711669921875"	"0.0501923"	"0.0490671"	"2.01953125"	"2.66015625"	"2.66015625"	"FC42DCB9849222C8704C9DCAE606D075B389B66244FB215035148D6409EC0B31"	"79FB8F1CEC679744FC6D2A73A2811B671390332EA029919CB2040ED9558A5703"	"FC42DCB9849222C8704C9DCAE606D075B389B66244FB215035148D6409EC0B31"	"CC6DA8404E3A2789A0E98BED460C4FAA90822BAC0EA362C67E261774BD0BF191"	"ppmd8"	"ppmd8=1"	"hybridzip-r2-currenthash-cc6d-20260827-r2-ppmd8"
"hybridzip-r2-currenthash-cc6d-20260827-r2"	"ppmd8"	"28"	"mozilla"	"32"	"32768"	"9652"	"32768"	"0.2945556640625"	"2.3564453125"	"0.0505962"	"0.0457271"	"2.01953125"	"2.015625"	"2.01953125"	"9DDEEF36CA0CA55B72FE3376D005926DFF3400A2ADE6EAE18482D8017D8645DB"	"F9CC17C848FC100A08EC20A1ED763DA54B445FD3AE4A89408FC923A63C547CA7"	"9DDEEF36CA0CA55B72FE3376D005926DFF3400A2ADE6EAE18482D8017D8645DB"	"CC6DA8404E3A2789A0E98BED460C4FAA90822BAC0EA362C67E261774BD0BF191"	"ppmd8"	"ppmd8=1"	"hybridzip-r2-currenthash-cc6d-20260827-r2-ppmd8"
"hybridzip-r2-currenthash-cc6d-20260827-r2"	"ppmd8"	"28"	"mr"	"32"	"32768"	"6624"	"32768"	"0.2021484375"	"1.6171875"	"0.0523976"	"0.0488732"	"4.4765625"	"2.01953125"	"4.4765625"	"3BB287B0AF65F777AB00C14E362B4D1962087260556001BBEE0689AA10D9F76A"	"60581C1E605B728315F75B7CBA8E07EA0870D331E0E15E95C5F7687D399784C5"	"3BB287B0AF65F777AB00C14E362B4D1962087260556001BBEE0689AA10D9F76A"	"CC6DA8404E3A2789A0E98BED460C4FAA90822BAC0EA362C67E261774BD0BF191"	"ppmd8"	"ppmd8=1"	"hybridzip-r2-currenthash-cc6d-20260827-r2-ppmd8"
"hybridzip-r2-currenthash-cc6d-20260827-r2"	"ppmd8"	"28"	"nci"	"32"	"32768"	"2594"	"32768"	"0.07916259765625"	"0.63330078125"	"0.0558547"	"0.0653359"	"2.01953125"	"2.01953125"	"2.01953125"	"0D3034FE8B0E573DE1439ED98CE409B83B13E5895085C9BFB0BF980F4962FB79"	"4B41FAA306AA3E6D78EE5A06E96CBE56B40C21AE5EDD16E4CD922083D841D629"	"0D3034FE8B0E573DE1439ED98CE409B83B13E5895085C9BFB0BF980F4962FB79"	"CC6DA8404E3A2789A0E98BED460C4FAA90822BAC0EA362C67E261774BD0BF191"	"ppmd8"	"ppmd8=1"	"hybridzip-r2-currenthash-cc6d-20260827-r2-ppmd8"
"hybridzip-r2-currenthash-cc6d-20260827-r2"	"ppmd8"	"28"	"ooffice"	"32"	"32768"	"12567"	"32768"	"0.383514404296875"	"3.068115234375"	"0.0509607"	"0.0558116"	"2.01953125"	"4.23828125"	"4.23828125"	"2ACF9B4CAAEAC5814CDFEF0FA48A5ECE857C847DBDB7B44EEAB95CA3C098921C"	"708EC915B139DF34FE0448F0B39F61E986E32D71A312E6F0763B3B5CEDEFB704"	"2ACF9B4CAAEAC5814CDFEF0FA48A5ECE857C847DBDB7B44EEAB95CA3C098921C"	"CC6DA8404E3A2789A0E98BED460C4FAA90822BAC0EA362C67E261774BD0BF191"	"ppmd8"	"ppmd8=1"	"hybridzip-r2-currenthash-cc6d-20260827-r2-ppmd8"
"hybridzip-r2-currenthash-cc6d-20260827-r2"	"ppmd8"	"28"	"osdb"	"32"	"32768"	"13948"	"32768"	"0.4256591796875"	"3.4052734375"	"0.0571706"	"0.0483699"	"5.0859375"	"2.01953125"	"5.0859375"	"03B2C20B777682CD960BCD893D7A4463161D9C0200FD1708B2EFAE32A259D0B7"	"4A4E3D6C399BAF19F5F0D06DF33C82ECF8638B5A03A95D61BDEB22524664399A"	"03B2C20B777682CD960BCD893D7A4463161D9C0200FD1708B2EFAE32A259D0B7"	"CC6DA8404E3A2789A0E98BED460C4FAA90822BAC0EA362C67E261774BD0BF191"	"ppmd8"	"ppmd8=1"	"hybridzip-r2-currenthash-cc6d-20260827-r2-ppmd8"
"hybridzip-r2-currenthash-cc6d-20260827-r2"	"ppmd8"	"28"	"reymont"	"32"	"32768"	"7278"	"32768"	"0.22210693359375"	"1.77685546875"	"0.0546319"	"0.0479213"	"4.84375"	"2.01953125"	"4.84375"	"9D5E4B9340C2260DAE7DDB01B3EDA58236FF2DE5E1FF4D56767AA840B6FB1A87"	"1412CE6230E3FB66EBB501F8A1005DF78F4F7797A7F07AE6E12E67E1F5A271B7"	"9D5E4B9340C2260DAE7DDB01B3EDA58236FF2DE5E1FF4D56767AA840B6FB1A87"	"CC6DA8404E3A2789A0E98BED460C4FAA90822BAC0EA362C67E261774BD0BF191"	"ppmd8"	"ppmd8=1"	"hybridzip-r2-currenthash-cc6d-20260827-r2-ppmd8"
"hybridzip-r2-currenthash-cc6d-20260827-r2"	"ppmd8"	"28"	"samba"	"32"	"32768"	"9303"	"32768"	"0.283905029296875"	"2.271240234375"	"0.0561488"	"0.0641132"	"4.98046875"	"4.91796875"	"4.98046875"	"9C4F5BEE544E4531E4946E62F796987418B4526911C34877EF282F14DD57AD12"	"76399F02907E0AE18C9BE28E10D622E4AECB368829AE67A598D2A40E0B681F9F"	"9C4F5BEE544E4531E4946E62F796987418B4526911C34877EF282F14DD57AD12"	"CC6DA8404E3A2789A0E98BED460C4FAA90822BAC0EA362C67E261774BD0BF191"	"ppmd8"	"ppmd8=1"	"hybridzip-r2-currenthash-cc6d-20260827-r2-ppmd8"
"hybridzip-r2-currenthash-cc6d-20260827-r2"	"ppmd8"	"28"	"sao"	"32"	"32768"	"23058"	"32768"	"0.70367431640625"	"5.62939453125"	"0.0583961"	"0.0499723"	"5.00390625"	"2.578125"	"5.00390625"	"95677430CAD4F000506BC5EE22815C3F4E13D64B477ED506B78D5D9ACFB50CCD"	"4CD60CE0B04AC76439585C2ADA6825B0B140E2C9081D2F5938164AE3E2BBD510"	"95677430CAD4F000506BC5EE22815C3F4E13D64B477ED506B78D5D9ACFB50CCD"	"CC6DA8404E3A2789A0E98BED460C4FAA90822BAC0EA362C67E261774BD0BF191"	"ppmd8"	"ppmd8=1"	"hybridzip-r2-currenthash-cc6d-20260827-r2-ppmd8"
"hybridzip-r2-currenthash-cc6d-20260827-r2"	"ppmd8"	"28"	"webster"	"32"	"32768"	"10876"	"32768"	"0.3319091796875"	"2.6552734375"	"0.0538189"	"0.0504556"	"4.93359375"	"4.19140625"	"4.93359375"	"774D224695AF4057353F72602BB96CD2AFEEA059AC7737535645F11596FCA85E"	"8520507132D86A3C89B1212E5F4F89F8F8BA5B1644C01F754C7C41C9CB5D1852"	"774D224695AF4057353F72602BB96CD2AFEEA059AC7737535645F11596FCA85E"	"CC6DA8404E3A2789A0E98BED460C4FAA90822BAC0EA362C67E261774BD0BF191"	"ppmd8"	"ppmd8=1"	"hybridzip-r2-currenthash-cc6d-20260827-r2-ppmd8"
"hybridzip-r2-currenthash-cc6d-20260827-r2"	"ppmd8"	"28"	"x-ray"	"32"	"32768"	"19809"	"32768"	"0.604522705078125"	"4.836181640625"	"0.057537"	"0.0676469"	"2.01953125"	"2.01953125"	"2.01953125"	"10511AA63DFBD9C0DDBFEFE36068740103D4BA1116E214154A0772057D7E9314"	"4A025B7843E3ACB400F586B4037FF5296293D166A3BD9EEB5A24E497DC0CE880"	"10511AA63DFBD9C0DDBFEFE36068740103D4BA1116E214154A0772057D7E9314"	"CC6DA8404E3A2789A0E98BED460C4FAA90822BAC0EA362C67E261774BD0BF191"	"ppmd8"	"ppmd8=1"	"hybridzip-r2-currenthash-cc6d-20260827-r2-ppmd8"
"hybridzip-r2-currenthash-cc6d-20260827-r2"	"ppmd8"	"28"	"xml"	"32"	"32768"	"2566"	"32768"	"0.07830810546875"	"0.62646484375"	"0.0551232"	"0.0518319"	"2.015625"	"2.01953125"	"2.01953125"	"C2F7F129956F8D6FC3D0E3595D93F98D5270B6F5BC4AB5E70F45867822EFDD71"	"62E8C33F2283FBC43FA62D1789D1BA39600A4C2F89BC71AC44DB3C161D75B6AE"	"C2F7F129956F8D6FC3D0E3595D93F98D5270B6F5BC4AB5E70F45867822EFDD71"	"CC6DA8404E3A2789A0E98BED460C4FAA90822BAC0EA362C67E261774BD0BF191"	"ppmd8"	"ppmd8=1"	"hybridzip-r2-currenthash-cc6d-20260827-r2-ppmd8"
"hybridzip-r2-currenthash-cc6d-20260827-r2"	"zpaq"	"29"	"dickens"	"32"	"32768"	"13020"	"32768"	"0.3973388671875"	"3.1787109375"	"0.0692585"	"0.0668774"	"4.8046875"	"2.01953125"	"4.8046875"	"FC42DCB9849222C8704C9DCAE606D075B389B66244FB215035148D6409EC0B31"	"D9A0CE10920BEC49E9C40122B5AB7167E7AD004861AD3955F8CD9A8F4E9ACF60"	"FC42DCB9849222C8704C9DCAE606D075B389B66244FB215035148D6409EC0B31"	"CC6DA8404E3A2789A0E98BED460C4FAA90822BAC0EA362C67E261774BD0BF191"	"zpaq"	"zpaq=1"	"hybridzip-r2-currenthash-cc6d-20260827-r2-zpaq"
"hybridzip-r2-currenthash-cc6d-20260827-r2"	"zpaq"	"29"	"mozilla"	"32"	"32768"	"10379"	"32768"	"0.316741943359375"	"2.533935546875"	"0.0604269"	"0.0651948"	"2.01953125"	"2.3203125"	"2.3203125"	"9DDEEF36CA0CA55B72FE3376D005926DFF3400A2ADE6EAE18482D8017D8645DB"	"12874BF768DC09958E8B81BBFEDE93383C84935C36222CC9E748F868247DB43A"	"9DDEEF36CA0CA55B72FE3376D005926DFF3400A2ADE6EAE18482D8017D8645DB"	"CC6DA8404E3A2789A0E98BED460C4FAA90822BAC0EA362C67E261774BD0BF191"	"zpaq"	"zpaq=1"	"hybridzip-r2-currenthash-cc6d-20260827-r2-zpaq"
"hybridzip-r2-currenthash-cc6d-20260827-r2"	"zpaq"	"29"	"mr"	"32"	"32768"	"7072"	"32768"	"0.2158203125"	"1.7265625"	"0.0596325"	"0.0652437"	"2.015625"	"4.02734375"	"4.02734375"	"3BB287B0AF65F777AB00C14E362B4D1962087260556001BBEE0689AA10D9F76A"	"237B3396BE82CFC780BBB5FF7EB01F60D1B809E699C2F8BD26761D6206B3EE75"	"3BB287B0AF65F777AB00C14E362B4D1962087260556001BBEE0689AA10D9F76A"	"CC6DA8404E3A2789A0E98BED460C4FAA90822BAC0EA362C67E261774BD0BF191"	"zpaq"	"zpaq=1"	"hybridzip-r2-currenthash-cc6d-20260827-r2-zpaq"
"hybridzip-r2-currenthash-cc6d-20260827-r2"	"zpaq"	"29"	"nci"	"32"	"32768"	"3107"	"32768"	"0.094818115234375"	"0.758544921875"	"0.0580283"	"0.0484227"	"2.01953125"	"2.375"	"2.375"	"0D3034FE8B0E573DE1439ED98CE409B83B13E5895085C9BFB0BF980F4962FB79"	"04AFC8BBD98225ABC44131D2C77E7CD7F351D2E0F3A1A6B1C48FE3EE940CC708"	"0D3034FE8B0E573DE1439ED98CE409B83B13E5895085C9BFB0BF980F4962FB79"	"CC6DA8404E3A2789A0E98BED460C4FAA90822BAC0EA362C67E261774BD0BF191"	"zpaq"	"zpaq=1"	"hybridzip-r2-currenthash-cc6d-20260827-r2-zpaq"
"hybridzip-r2-currenthash-cc6d-20260827-r2"	"zpaq"	"29"	"ooffice"	"32"	"32768"	"13818"	"32768"	"0.42169189453125"	"3.37353515625"	"0.0568719"	"0.0604912"	"5.65234375"	"5.87890625"	"5.87890625"	"2ACF9B4CAAEAC5814CDFEF0FA48A5ECE857C847DBDB7B44EEAB95CA3C098921C"	"738A4121E29B964D919F342E6BE58A4E1E8452AD1A0C95689CDE5C09BAFF48B2"	"2ACF9B4CAAEAC5814CDFEF0FA48A5ECE857C847DBDB7B44EEAB95CA3C098921C"	"CC6DA8404E3A2789A0E98BED460C4FAA90822BAC0EA362C67E261774BD0BF191"	"zpaq"	"zpaq=1"	"hybridzip-r2-currenthash-cc6d-20260827-r2-zpaq"
"hybridzip-r2-currenthash-cc6d-20260827-r2"	"zpaq"	"29"	"osdb"	"32"	"32768"	"15236"	"32768"	"0.4649658203125"	"3.7197265625"	"0.0587253"	"0.0623653"	"6.75"	"2.01953125"	"6.75"	"03B2C20B777682CD960BCD893D7A4463161D9C0200FD1708B2EFAE32A259D0B7"	"89EA6CEB31E7DD40C5E01414DB0DFA5E3BC33F17AB33A15080E32483E6BFDE39"	"03B2C20B777682CD960BCD893D7A4463161D9C0200FD1708B2EFAE32A259D0B7"	"CC6DA8404E3A2789A0E98BED460C4FAA90822BAC0EA362C67E261774BD0BF191"	"zpaq"	"zpaq=1"	"hybridzip-r2-currenthash-cc6d-20260827-r2-zpaq"
"hybridzip-r2-currenthash-cc6d-20260827-r2"	"zpaq"	"29"	"reymont"	"32"	"32768"	"8958"	"32768"	"0.27337646484375"	"2.18701171875"	"0.0561923"	"0.0623873"	"5.703125"	"2.01953125"	"5.703125"	"9D5E4B9340C2260DAE7DDB01B3EDA58236FF2DE5E1FF4D56767AA840B6FB1A87"	"00E0A98C0CA471E01F7D193BEB822CB04ACC172E6FC423B127D6BE1AD14FB579"	"9D5E4B9340C2260DAE7DDB01B3EDA58236FF2DE5E1FF4D56767AA840B6FB1A87"	"CC6DA8404E3A2789A0E98BED460C4FAA90822BAC0EA362C67E261774BD0BF191"	"zpaq"	"zpaq=1"	"hybridzip-r2-currenthash-cc6d-20260827-r2-zpaq"
"hybridzip-r2-currenthash-cc6d-20260827-r2"	"zpaq"	"29"	"samba"	"32"	"32768"	"11315"	"32768"	"0.345306396484375"	"2.762451171875"	"0.056779"	"0.0486094"	"6.73046875"	"2.28125"	"6.73046875"	"9C4F5BEE544E4531E4946E62F796987418B4526911C34877EF282F14DD57AD12"	"9177349C4940F2C19D54D99D423EC98468AC5889E04BDF3A1C5AEB237FA18D03"	"9C4F5BEE544E4531E4946E62F796987418B4526911C34877EF282F14DD57AD12"	"CC6DA8404E3A2789A0E98BED460C4FAA90822BAC0EA362C67E261774BD0BF191"	"zpaq"	"zpaq=1"	"hybridzip-r2-currenthash-cc6d-20260827-r2-zpaq"
"hybridzip-r2-currenthash-cc6d-20260827-r2"	"zpaq"	"29"	"sao"	"32"	"32768"	"24035"	"32768"	"0.733489990234375"	"5.867919921875"	"0.057774"	"0.0635733"	"6.75390625"	"5.83984375"	"6.75390625"	"95677430CAD4F000506BC5EE22815C3F4E13D64B477ED506B78D5D9ACFB50CCD"	"F03A4D1556A0C6FDC40D102542E5554B52595E85E3E0041DA5B88555C9EE6D5E"	"95677430CAD4F000506BC5EE22815C3F4E13D64B477ED506B78D5D9ACFB50CCD"	"CC6DA8404E3A2789A0E98BED460C4FAA90822BAC0EA362C67E261774BD0BF191"	"zpaq"	"zpaq=1"	"hybridzip-r2-currenthash-cc6d-20260827-r2-zpaq"
"hybridzip-r2-currenthash-cc6d-20260827-r2"	"zpaq"	"29"	"webster"	"32"	"32768"	"12792"	"32768"	"0.390380859375"	"3.123046875"	"0.0556758"	"0.0612531"	"5.375"	"5.85546875"	"5.85546875"	"774D224695AF4057353F72602BB96CD2AFEEA059AC7737535645F11596FCA85E"	"5DFC2CDD33D1FE8BD437FF18F6F419B0D2601E427047869FE87B485CA660F66A"	"774D224695AF4057353F72602BB96CD2AFEEA059AC7737535645F11596FCA85E"	"CC6DA8404E3A2789A0E98BED460C4FAA90822BAC0EA362C67E261774BD0BF191"	"zpaq"	"zpaq=1"	"hybridzip-r2-currenthash-cc6d-20260827-r2-zpaq"
"hybridzip-r2-currenthash-cc6d-20260827-r2"	"zpaq"	"29"	"x-ray"	"32"	"32768"	"19492"	"32768"	"0.5948486328125"	"4.7587890625"	"0.0605545"	"0.0645281"	"6.7578125"	"5.828125"	"6.7578125"	"10511AA63DFBD9C0DDBFEFE36068740103D4BA1116E214154A0772057D7E9314"	"0DAB8035717E521B07FF5782FB8C9B6BE0770A945F26D1EED06E1E89945FC4D5"	"10511AA63DFBD9C0DDBFEFE36068740103D4BA1116E214154A0772057D7E9314"	"CC6DA8404E3A2789A0E98BED460C4FAA90822BAC0EA362C67E261774BD0BF191"	"zpaq"	"zpaq=1"	"hybridzip-r2-currenthash-cc6d-20260827-r2-zpaq"
"hybridzip-r2-currenthash-cc6d-20260827-r2"	"zpaq"	"29"	"xml"	"32"	"32768"	"3337"	"32768"	"0.101837158203125"	"0.814697265625"	"0.057002"	"0.0463124"	"6.73828125"	"2.01953125"	"6.73828125"	"C2F7F129956F8D6FC3D0E3595D93F98D5270B6F5BC4AB5E70F45867822EFDD71"	"741DC9217610783B8A2290740E06C66C893FDC070FA1D7CE30C99DAA747892D9"	"C2F7F129956F8D6FC3D0E3595D93F98D5270B6F5BC4AB5E70F45867822EFDD71"	"CC6DA8404E3A2789A0E98BED460C4FAA90822BAC0EA362C67E261774BD0BF191"	"zpaq"	"zpaq=1"	"hybridzip-r2-currenthash-cc6d-20260827-r2-zpaq"
"hybridzip-r2-currenthash-cc6d-20260827-r2"	"ctw"	"30"	"dickens"	"32"	"32768"	"13237"	"32768"	"0.403961181640625"	"3.231689453125"	"1.5542574"	"1.5843927"	"144.34765625"	"144.296875"	"144.34765625"	"FC42DCB9849222C8704C9DCAE606D075B389B66244FB215035148D6409EC0B31"	"7AF920F364ABB2C2729C8A2E45A5CFDE2F6B5528B7B3D700E09E729C551ED20C"	"FC42DCB9849222C8704C9DCAE606D075B389B66244FB215035148D6409EC0B31"	"CC6DA8404E3A2789A0E98BED460C4FAA90822BAC0EA362C67E261774BD0BF191"	"ctw"	"ctw=1"	"hybridzip-r2-currenthash-cc6d-20260827-r2-ctw"
"hybridzip-r2-currenthash-cc6d-20260827-r2"	"ctw"	"30"	"mozilla"	"32"	"32768"	"12927"	"32768"	"0.394500732421875"	"3.156005859375"	"1.4052639"	"1.4108101"	"134.84765625"	"134.83203125"	"134.84765625"	"9DDEEF36CA0CA55B72FE3376D005926DFF3400A2ADE6EAE18482D8017D8645DB"	"0E0E12DF084577AAE33EA89146ADD9370E50763CE3AB434EF18AD26A1AA31AE8"	"9DDEEF36CA0CA55B72FE3376D005926DFF3400A2ADE6EAE18482D8017D8645DB"	"CC6DA8404E3A2789A0E98BED460C4FAA90822BAC0EA362C67E261774BD0BF191"	"ctw"	"ctw=1"	"hybridzip-r2-currenthash-cc6d-20260827-r2-ctw"
"hybridzip-r2-currenthash-cc6d-20260827-r2"	"ctw"	"30"	"mr"	"32"	"32768"	"7860"	"32768"	"0.2398681640625"	"1.9189453125"	"1.2141524"	"1.188443"	"57.11328125"	"57.0703125"	"57.11328125"	"3BB287B0AF65F777AB00C14E362B4D1962087260556001BBEE0689AA10D9F76A"	"6958E05761E9CF0F7686D3707E1CFB5A038F16AAA19E828B8FBAC9A7D32F1E8E"	"3BB287B0AF65F777AB00C14E362B4D1962087260556001BBEE0689AA10D9F76A"	"CC6DA8404E3A2789A0E98BED460C4FAA90822BAC0EA362C67E261774BD0BF191"	"ctw"	"ctw=1"	"hybridzip-r2-currenthash-cc6d-20260827-r2-ctw"
"hybridzip-r2-currenthash-cc6d-20260827-r2"	"ctw"	"30"	"nci"	"32"	"32768"	"3502"	"32768"	"0.10687255859375"	"0.85498046875"	"1.0879437"	"1.0614104"	"24.33203125"	"24.28515625"	"24.33203125"	"0D3034FE8B0E573DE1439ED98CE409B83B13E5895085C9BFB0BF980F4962FB79"	"D519E127E7D9F4D7992F8456F9AA4A39C3AB18E6368CF63CB914183990CAC980"	"0D3034FE8B0E573DE1439ED98CE409B83B13E5895085C9BFB0BF980F4962FB79"	"CC6DA8404E3A2789A0E98BED460C4FAA90822BAC0EA362C67E261774BD0BF191"	"ctw"	"ctw=1"	"hybridzip-r2-currenthash-cc6d-20260827-r2-ctw"
"hybridzip-r2-currenthash-cc6d-20260827-r2"	"ctw"	"30"	"ooffice"	"32"	"32768"	"16685"	"32768"	"0.509185791015625"	"4.073486328125"	"1.5712018"	"1.5805693"	"189.9765625"	"189.921875"	"189.9765625"	"2ACF9B4CAAEAC5814CDFEF0FA48A5ECE857C847DBDB7B44EEAB95CA3C098921C"	"3D5DB22387ABAF8453788D1F568AEA4CA806673132C96E88AAC6FA29D5E6DE55"	"2ACF9B4CAAEAC5814CDFEF0FA48A5ECE857C847DBDB7B44EEAB95CA3C098921C"	"CC6DA8404E3A2789A0E98BED460C4FAA90822BAC0EA362C67E261774BD0BF191"	"ctw"	"ctw=1"	"hybridzip-r2-currenthash-cc6d-20260827-r2-ctw"
"hybridzip-r2-currenthash-cc6d-20260827-r2"	"ctw"	"30"	"osdb"	"32"	"32768"	"21533"	"32768"	"0.657135009765625"	"5.257080078125"	"1.6168023"	"1.6287056"	"188.33203125"	"188.22265625"	"188.33203125"	"03B2C20B777682CD960BCD893D7A4463161D9C0200FD1708B2EFAE32A259D0B7"	"C91A955ADEB890B7A3AECBEB2C799867469D4FFDC495C0B189553B58E05AE16B"	"03B2C20B777682CD960BCD893D7A4463161D9C0200FD1708B2EFAE32A259D0B7"	"CC6DA8404E3A2789A0E98BED460C4FAA90822BAC0EA362C67E261774BD0BF191"	"ctw"	"ctw=1"	"hybridzip-r2-currenthash-cc6d-20260827-r2-ctw"
"hybridzip-r2-currenthash-cc6d-20260827-r2"	"ctw"	"30"	"reymont"	"32"	"32768"	"9079"	"32768"	"0.277069091796875"	"2.216552734375"	"1.3653675"	"1.3698882"	"85.98046875"	"85.94140625"	"85.98046875"	"9D5E4B9340C2260DAE7DDB01B3EDA58236FF2DE5E1FF4D56767AA840B6FB1A87"	"38CF0C2635B975F4BFE4CBABDDB47C012F0C29EBF464DE356D527B528EC8F125"	"9D5E4B9340C2260DAE7DDB01B3EDA58236FF2DE5E1FF4D56767AA840B6FB1A87"	"CC6DA8404E3A2789A0E98BED460C4FAA90822BAC0EA362C67E261774BD0BF191"	"ctw"	"ctw=1"	"hybridzip-r2-currenthash-cc6d-20260827-r2-ctw"
"hybridzip-r2-currenthash-cc6d-20260827-r2"	"ctw"	"30"	"samba"	"32"	"32768"	"11733"	"32768"	"0.358062744140625"	"2.864501953125"	"1.492347"	"1.4768658"	"125.48046875"	"125.3359375"	"125.48046875"	"9C4F5BEE544E4531E4946E62F796987418B4526911C34877EF282F14DD57AD12"	"8D407502C0768A48E1B43DD7ADF285FD9737913E101F918F06E33113F22E9EA4"	"9C4F5BEE544E4531E4946E62F796987418B4526911C34877EF282F14DD57AD12"	"CC6DA8404E3A2789A0E98BED460C4FAA90822BAC0EA362C67E261774BD0BF191"	"ctw"	"ctw=1"	"hybridzip-r2-currenthash-cc6d-20260827-r2-ctw"
"hybridzip-r2-currenthash-cc6d-20260827-r2"	"ctw"	"30"	"sao"	"32"	"32768"	"25765"	"32768"	"0.786285400390625"	"6.290283203125"	"1.9836933"	"1.9700571"	"299.76953125"	"299.7265625"	"299.76953125"	"95677430CAD4F000506BC5EE22815C3F4E13D64B477ED506B78D5D9ACFB50CCD"	"DA9C89DE15EFFCDCA1D103FD3B4C35BF6FFCD14CABA48C987A8B1A58CFEAEBCD"	"95677430CAD4F000506BC5EE22815C3F4E13D64B477ED506B78D5D9ACFB50CCD"	"CC6DA8404E3A2789A0E98BED460C4FAA90822BAC0EA362C67E261774BD0BF191"	"ctw"	"ctw=1"	"hybridzip-r2-currenthash-cc6d-20260827-r2-ctw"
"hybridzip-r2-currenthash-cc6d-20260827-r2"	"ctw"	"30"	"webster"	"32"	"32768"	"13833"	"32768"	"0.422149658203125"	"3.377197265625"	"1.5857896"	"1.594891"	"153.85546875"	"153.86328125"	"153.86328125"	"774D224695AF4057353F72602BB96CD2AFEEA059AC7737535645F11596FCA85E"	"8D91EED1B1F8831BD594A7736FA99328CD9CDA34231198FB2D6F93A335A7505E"	"774D224695AF4057353F72602BB96CD2AFEEA059AC7737535645F11596FCA85E"	"CC6DA8404E3A2789A0E98BED460C4FAA90822BAC0EA362C67E261774BD0BF191"	"ctw"	"ctw=1"	"hybridzip-r2-currenthash-cc6d-20260827-r2-ctw"
"hybridzip-r2-currenthash-cc6d-20260827-r2"	"ctw"	"30"	"x-ray"	"32"	"32768"	"21716"	"32768"	"0.6627197265625"	"5.3017578125"	"1.932935"	"1.9351495"	"305.375"	"305.28515625"	"305.375"	"10511AA63DFBD9C0DDBFEFE36068740103D4BA1116E214154A0772057D7E9314"	"4A291A7C54485CD50E061342AF4CCE02394D9A4215ED42AACBE07AF4966DAADA"	"10511AA63DFBD9C0DDBFEFE36068740103D4BA1116E214154A0772057D7E9314"	"CC6DA8404E3A2789A0E98BED460C4FAA90822BAC0EA362C67E261774BD0BF191"	"ctw"	"ctw=1"	"hybridzip-r2-currenthash-cc6d-20260827-r2-ctw"
"hybridzip-r2-currenthash-cc6d-20260827-r2"	"ctw"	"30"	"xml"	"32"	"32768"	"4106"	"32768"	"0.12530517578125"	"1.00244140625"	"1.092029"	"1.0799873"	"34.84765625"	"34.796875"	"34.84765625"	"C2F7F129956F8D6FC3D0E3595D93F98D5270B6F5BC4AB5E70F45867822EFDD71"	"CCEC018AF0F6683D77795D97DBCFA98C9C3339AB0CA8D1FE04245041B5E79FA9"	"C2F7F129956F8D6FC3D0E3595D93F98D5270B6F5BC4AB5E70F45867822EFDD71"	"CC6DA8404E3A2789A0E98BED460C4FAA90822BAC0EA362C67E261774BD0BF191"	"ctw"	"ctw=1"	"hybridzip-r2-currenthash-cc6d-20260827-r2-ctw"
"hybridzip-r2-currenthash-cc6d-20260827-r2"	"paq8px-apm"	"31"	"dickens"	"32"	"32768"	"11634"	"32768"	"0.35504150390625"	"2.84033203125"	"29.1740385"	"29.2387587"	"130.26171875"	"130.26171875"	"130.26171875"	"FC42DCB9849222C8704C9DCAE606D075B389B66244FB215035148D6409EC0B31"	"253F0C0BC47D0F0E1664955F3E43974BF29A0308B7E58419FF822EFAF3DCD532"	"FC42DCB9849222C8704C9DCAE606D075B389B66244FB215035148D6409EC0B31"	"CC6DA8404E3A2789A0E98BED460C4FAA90822BAC0EA362C67E261774BD0BF191"	"paq8px-apm"	"paq8px-apm=1"	"hybridzip-r2-currenthash-cc6d-20260827-r2-paq8px-apm"
"hybridzip-r2-currenthash-cc6d-20260827-r2"	"paq8px-apm"	"31"	"mozilla"	"32"	"32768"	"9789"	"32768"	"0.298736572265625"	"2.389892578125"	"30.9181843"	"31.066597"	"129.98046875"	"130.0078125"	"130.0078125"	"9DDEEF36CA0CA55B72FE3376D005926DFF3400A2ADE6EAE18482D8017D8645DB"	"2DBA5836F9929D377E3C68995B0991FB5675DA2891C91173E37BA5E8395A0552"	"9DDEEF36CA0CA55B72FE3376D005926DFF3400A2ADE6EAE18482D8017D8645DB"	"CC6DA8404E3A2789A0E98BED460C4FAA90822BAC0EA362C67E261774BD0BF191"	"paq8px-apm"	"paq8px-apm=1"	"hybridzip-r2-currenthash-cc6d-20260827-r2-paq8px-apm"
"hybridzip-r2-currenthash-cc6d-20260827-r2"	"paq8px-apm"	"31"	"mr"	"32"	"32768"	"6420"	"32768"	"0.1959228515625"	"1.5673828125"	"29.3067343"	"29.4874"	"129.9609375"	"129.98046875"	"129.98046875"	"3BB287B0AF65F777AB00C14E362B4D1962087260556001BBEE0689AA10D9F76A"	"5CBAE6756DB83588AEF3C4012D0BFA184B5EC24BE29ABD9084C777F9BCD2559D"	"3BB287B0AF65F777AB00C14E362B4D1962087260556001BBEE0689AA10D9F76A"	"CC6DA8404E3A2789A0E98BED460C4FAA90822BAC0EA362C67E261774BD0BF191"	"paq8px-apm"	"paq8px-apm=1"	"hybridzip-r2-currenthash-cc6d-20260827-r2-paq8px-apm"
"hybridzip-r2-currenthash-cc6d-20260827-r2"	"paq8px-apm"	"31"	"nci"	"32"	"32768"	"2413"	"32768"	"0.073638916015625"	"0.589111328125"	"29.6710962"	"29.253236"	"130.25"	"130.078125"	"130.25"	"0D3034FE8B0E573DE1439ED98CE409B83B13E5895085C9BFB0BF980F4962FB79"	"6505510ED7EC700AAE980DED10FEF27DB9B5D6561952475F792CCE6C5819C45D"	"0D3034FE8B0E573DE1439ED98CE409B83B13E5895085C9BFB0BF980F4962FB79"	"CC6DA8404E3A2789A0E98BED460C4FAA90822BAC0EA362C67E261774BD0BF191"	"paq8px-apm"	"paq8px-apm=1"	"hybridzip-r2-currenthash-cc6d-20260827-r2-paq8px-apm"
"hybridzip-r2-currenthash-cc6d-20260827-r2"	"paq8px-apm"	"31"	"ooffice"	"32"	"32768"	"12731"	"32768"	"0.388519287109375"	"3.108154296875"	"32.5887658"	"31.9659268"	"130.3125"	"130.03125"	"130.3125"	"2ACF9B4CAAEAC5814CDFEF0FA48A5ECE857C847DBDB7B44EEAB95CA3C098921C"	"EA45AA69291CCC69D07350C6F7BCA2ED5385A0534C9D0DE2024D69BB38AEE42A"	"2ACF9B4CAAEAC5814CDFEF0FA48A5ECE857C847DBDB7B44EEAB95CA3C098921C"	"CC6DA8404E3A2789A0E98BED460C4FAA90822BAC0EA362C67E261774BD0BF191"	"paq8px-apm"	"paq8px-apm=1"	"hybridzip-r2-currenthash-cc6d-20260827-r2-paq8px-apm"
"hybridzip-r2-currenthash-cc6d-20260827-r2"	"paq8px-apm"	"31"	"osdb"	"32"	"32768"	"14502"	"32768"	"0.44256591796875"	"3.54052734375"	"31.2859929"	"31.2561114"	"130.26171875"	"129.8046875"	"130.26171875"	"03B2C20B777682CD960BCD893D7A4463161D9C0200FD1708B2EFAE32A259D0B7"	"E27318E9FB82124B4DEC9A87C84CD5845A60BCE34EC125BEDFAE4DEE30AB2B3F"	"03B2C20B777682CD960BCD893D7A4463161D9C0200FD1708B2EFAE32A259D0B7"	"CC6DA8404E3A2789A0E98BED460C4FAA90822BAC0EA362C67E261774BD0BF191"	"paq8px-apm"	"paq8px-apm=1"	"hybridzip-r2-currenthash-cc6d-20260827-r2-paq8px-apm"
"hybridzip-r2-currenthash-cc6d-20260827-r2"	"paq8px-apm"	"31"	"reymont"	"32"	"32768"	"7867"	"32768"	"0.240081787109375"	"1.920654296875"	"29.3514843"	"29.4798231"	"130.24609375"	"130.078125"	"130.24609375"	"9D5E4B9340C2260DAE7DDB01B3EDA58236FF2DE5E1FF4D56767AA840B6FB1A87"	"DE9E4D7521B9F1AA9499B9EFBF214C27A3F1225DEA11700932F8F15E7CDFCA4A"	"9D5E4B9340C2260DAE7DDB01B3EDA58236FF2DE5E1FF4D56767AA840B6FB1A87"	"CC6DA8404E3A2789A0E98BED460C4FAA90822BAC0EA362C67E261774BD0BF191"	"paq8px-apm"	"paq8px-apm=1"	"hybridzip-r2-currenthash-cc6d-20260827-r2-paq8px-apm"
"hybridzip-r2-currenthash-cc6d-20260827-r2"	"paq8px-apm"	"31"	"samba"	"32"	"32768"	"9872"	"32768"	"0.30126953125"	"2.41015625"	"29.7259916"	"29.6310636"	"130.56640625"	"130.2578125"	"130.56640625"	"9C4F5BEE544E4531E4946E62F796987418B4526911C34877EF282F14DD57AD12"	"7B375FB09856EFCD3BCC8E0A89143F102502B13279F0043DC067B35B45B256CB"	"9C4F5BEE544E4531E4946E62F796987418B4526911C34877EF282F14DD57AD12"	"CC6DA8404E3A2789A0E98BED460C4FAA90822BAC0EA362C67E261774BD0BF191"	"paq8px-apm"	"paq8px-apm=1"	"hybridzip-r2-currenthash-cc6d-20260827-r2-paq8px-apm"
"hybridzip-r2-currenthash-cc6d-20260827-r2"	"paq8px-apm"	"31"	"sao"	"32"	"32768"	"23350"	"32768"	"0.71258544921875"	"5.70068359375"	"29.958378"	"29.8536312"	"130.41796875"	"130.390625"	"130.41796875"	"95677430CAD4F000506BC5EE22815C3F4E13D64B477ED506B78D5D9ACFB50CCD"	"B2FD4A14E542ECA60200D6D6825C99D53839D34D9B15DBB616388FF50B8DE5EE"	"95677430CAD4F000506BC5EE22815C3F4E13D64B477ED506B78D5D9ACFB50CCD"	"CC6DA8404E3A2789A0E98BED460C4FAA90822BAC0EA362C67E261774BD0BF191"	"paq8px-apm"	"paq8px-apm=1"	"hybridzip-r2-currenthash-cc6d-20260827-r2-paq8px-apm"
"hybridzip-r2-currenthash-cc6d-20260827-r2"	"paq8px-apm"	"31"	"webster"	"32"	"32768"	"11454"	"32768"	"0.34954833984375"	"2.79638671875"	"29.6201104"	"29.5686258"	"130.2578125"	"130.53515625"	"130.53515625"	"774D224695AF4057353F72602BB96CD2AFEEA059AC7737535645F11596FCA85E"	"B0996D4113570A3E37E3BC59E9073133F49C5DC40EAEA3A0BEDCB1B2C136D566"	"774D224695AF4057353F72602BB96CD2AFEEA059AC7737535645F11596FCA85E"	"CC6DA8404E3A2789A0E98BED460C4FAA90822BAC0EA362C67E261774BD0BF191"	"paq8px-apm"	"paq8px-apm=1"	"hybridzip-r2-currenthash-cc6d-20260827-r2-paq8px-apm"
"hybridzip-r2-currenthash-cc6d-20260827-r2"	"paq8px-apm"	"31"	"x-ray"	"32"	"32768"	"18794"	"32768"	"0.57354736328125"	"4.58837890625"	"30.1148617"	"30.0906465"	"129.95703125"	"130.30078125"	"130.30078125"	"10511AA63DFBD9C0DDBFEFE36068740103D4BA1116E214154A0772057D7E9314"	"12DCE355E19010A182CD2DFE2105A8B801D28C342BEE3F155278C54A98C9E7DD"	"10511AA63DFBD9C0DDBFEFE36068740103D4BA1116E214154A0772057D7E9314"	"CC6DA8404E3A2789A0E98BED460C4FAA90822BAC0EA362C67E261774BD0BF191"	"paq8px-apm"	"paq8px-apm=1"	"hybridzip-r2-currenthash-cc6d-20260827-r2-paq8px-apm"
"hybridzip-r2-currenthash-cc6d-20260827-r2"	"paq8px-apm"	"31"	"xml"	"32"	"32768"	"3236"	"32768"	"0.0987548828125"	"0.7900390625"	"29.5297987"	"29.3385301"	"130.05859375"	"129.9765625"	"130.05859375"	"C2F7F129956F8D6FC3D0E3595D93F98D5270B6F5BC4AB5E70F45867822EFDD71"	"D53626227F246129864998B293F777E1C54E851D2D098091E1B594ECD67AA90D"	"C2F7F129956F8D6FC3D0E3595D93F98D5270B6F5BC4AB5E70F45867822EFDD71"	"CC6DA8404E3A2789A0E98BED460C4FAA90822BAC0EA362C67E261774BD0BF191"	"paq8px-apm"	"paq8px-apm=1"	"hybridzip-r2-currenthash-cc6d-20260827-r2-paq8px-apm"
"hybridzip-r2-currenthash-cc6d-20260827-r2"	"paq8px-record-model"	"32"	"dickens"	"32"	"32768"	"18610"	"32768"	"0.56793212890625"	"4.54345703125"	"0.3698016"	"0.3737248"	"11.74609375"	"11.66796875"	"11.74609375"	"FC42DCB9849222C8704C9DCAE606D075B389B66244FB215035148D6409EC0B31"	"50DE31EF0697AB1FF8D6602727D1322D0FAE959BD66B4ADA03464E715456081A"	"FC42DCB9849222C8704C9DCAE606D075B389B66244FB215035148D6409EC0B31"	"CC6DA8404E3A2789A0E98BED460C4FAA90822BAC0EA362C67E261774BD0BF191"	"paq8px-record-model"	"paq8px-record-model=1"	"hybridzip-r2-currenthash-cc6d-20260827-r2-paq8px-record-model"
"hybridzip-r2-currenthash-cc6d-20260827-r2"	"paq8px-record-model"	"32"	"mozilla"	"32"	"32768"	"13377"	"32768"	"0.408233642578125"	"3.265869140625"	"0.3438558"	"0.3360686"	"11.61328125"	"11.53515625"	"11.61328125"	"9DDEEF36CA0CA55B72FE3376D005926DFF3400A2ADE6EAE18482D8017D8645DB"	"87CBB237DBB76CD18BDAE5D15CDEC037218788EAD12F7AF2D05C3BBB3B9DF55E"	"9DDEEF36CA0CA55B72FE3376D005926DFF3400A2ADE6EAE18482D8017D8645DB"	"CC6DA8404E3A2789A0E98BED460C4FAA90822BAC0EA362C67E261774BD0BF191"	"paq8px-record-model"	"paq8px-record-model=1"	"hybridzip-r2-currenthash-cc6d-20260827-r2-paq8px-record-model"
"hybridzip-r2-currenthash-cc6d-20260827-r2"	"paq8px-record-model"	"32"	"mr"	"32"	"32768"	"7114"	"32768"	"0.21710205078125"	"1.73681640625"	"0.2945141"	"0.2797724"	"10.4375"	"10.37890625"	"10.4375"	"3BB287B0AF65F777AB00C14E362B4D1962087260556001BBEE0689AA10D9F76A"	"443521D1E272096235019824808670820F3773696C7C7926FE3256437CBA8E54"	"3BB287B0AF65F777AB00C14E362B4D1962087260556001BBEE0689AA10D9F76A"	"CC6DA8404E3A2789A0E98BED460C4FAA90822BAC0EA362C67E261774BD0BF191"	"paq8px-record-model"	"paq8px-record-model=1"	"hybridzip-r2-currenthash-cc6d-20260827-r2-paq8px-record-model"
"hybridzip-r2-currenthash-cc6d-20260827-r2"	"paq8px-record-model"	"32"	"nci"	"32"	"32768"	"5474"	"32768"	"0.16705322265625"	"1.33642578125"	"0.3232794"	"0.322637"	"10.16015625"	"10.125"	"10.16015625"	"0D3034FE8B0E573DE1439ED98CE409B83B13E5895085C9BFB0BF980F4962FB79"	"92E97D84AE55D957DEC47D3536F85EFB340BF57FE20BC20DDC990E56D67FBE7A"	"0D3034FE8B0E573DE1439ED98CE409B83B13E5895085C9BFB0BF980F4962FB79"	"CC6DA8404E3A2789A0E98BED460C4FAA90822BAC0EA362C67E261774BD0BF191"	"paq8px-record-model"	"paq8px-record-model=1"	"hybridzip-r2-currenthash-cc6d-20260827-r2-paq8px-record-model"
"hybridzip-r2-currenthash-cc6d-20260827-r2"	"paq8px-record-model"	"32"	"ooffice"	"32"	"32768"	"17698"	"32768"	"0.54010009765625"	"4.32080078125"	"0.355181"	"0.3486367"	"11.97265625"	"11.91796875"	"11.97265625"	"2ACF9B4CAAEAC5814CDFEF0FA48A5ECE857C847DBDB7B44EEAB95CA3C098921C"	"64155FB5127BBCA15227835314386EF8D5FD8205A60EE0621464DB64AD547DBB"	"2ACF9B4CAAEAC5814CDFEF0FA48A5ECE857C847DBDB7B44EEAB95CA3C098921C"	"CC6DA8404E3A2789A0E98BED460C4FAA90822BAC0EA362C67E261774BD0BF191"	"paq8px-record-model"	"paq8px-record-model=1"	"hybridzip-r2-currenthash-cc6d-20260827-r2-paq8px-record-model"
"hybridzip-r2-currenthash-cc6d-20260827-r2"	"paq8px-record-model"	"32"	"osdb"	"32"	"32768"	"18228"	"32768"	"0.5562744140625"	"4.4501953125"	"0.3628515"	"0.3687922"	"10.4765625"	"10.40625"	"10.4765625"	"03B2C20B777682CD960BCD893D7A4463161D9C0200FD1708B2EFAE32A259D0B7"	"DB62282105403303D91E6885170DC32792256ED2FDE8FF094BD9B4D3743D06C1"	"03B2C20B777682CD960BCD893D7A4463161D9C0200FD1708B2EFAE32A259D0B7"	"CC6DA8404E3A2789A0E98BED460C4FAA90822BAC0EA362C67E261774BD0BF191"	"paq8px-record-model"	"paq8px-record-model=1"	"hybridzip-r2-currenthash-cc6d-20260827-r2-paq8px-record-model"
"hybridzip-r2-currenthash-cc6d-20260827-r2"	"paq8px-record-model"	"32"	"reymont"	"32"	"32768"	"13782"	"32768"	"0.42059326171875"	"3.36474609375"	"0.36625"	"0.3706629"	"10.36328125"	"10.33984375"	"10.36328125"	"9D5E4B9340C2260DAE7DDB01B3EDA58236FF2DE5E1FF4D56767AA840B6FB1A87"	"45753960A6F0F598D3D313B1369F6D069DF7715DA779E36D0FA011AD7BF59822"	"9D5E4B9340C2260DAE7DDB01B3EDA58236FF2DE5E1FF4D56767AA840B6FB1A87"	"CC6DA8404E3A2789A0E98BED460C4FAA90822BAC0EA362C67E261774BD0BF191"	"paq8px-record-model"	"paq8px-record-model=1"	"hybridzip-r2-currenthash-cc6d-20260827-r2-paq8px-record-model"
"hybridzip-r2-currenthash-cc6d-20260827-r2"	"paq8px-record-model"	"32"	"samba"	"32"	"32768"	"12024"	"32768"	"0.366943359375"	"2.935546875"	"0.3635051"	"0.3614666"	"10.43359375"	"10.33984375"	"10.43359375"	"9C4F5BEE544E4531E4946E62F796987418B4526911C34877EF282F14DD57AD12"	"BF1FC6C062808982665E896EBD5CC8FCFD788EB8837AD4952CA904BB30F5D0C5"	"9C4F5BEE544E4531E4946E62F796987418B4526911C34877EF282F14DD57AD12"	"CC6DA8404E3A2789A0E98BED460C4FAA90822BAC0EA362C67E261774BD0BF191"	"paq8px-record-model"	"paq8px-record-model=1"	"hybridzip-r2-currenthash-cc6d-20260827-r2-paq8px-record-model"
"hybridzip-r2-currenthash-cc6d-20260827-r2"	"paq8px-record-model"	"32"	"sao"	"32"	"32768"	"22911"	"32768"	"0.699188232421875"	"5.593505859375"	"0.3833158"	"0.3852029"	"10.5078125"	"10.44140625"	"10.5078125"	"95677430CAD4F000506BC5EE22815C3F4E13D64B477ED506B78D5D9ACFB50CCD"	"2CA822F430200D2E2E1AE03C8B6A9CDA88C55CD8FBE0A3A2991408075B9EBD6D"	"95677430CAD4F000506BC5EE22815C3F4E13D64B477ED506B78D5D9ACFB50CCD"	"CC6DA8404E3A2789A0E98BED460C4FAA90822BAC0EA362C67E261774BD0BF191"	"paq8px-record-model"	"paq8px-record-model=1"	"hybridzip-r2-currenthash-cc6d-20260827-r2-paq8px-record-model"
"hybridzip-r2-currenthash-cc6d-20260827-r2"	"paq8px-record-model"	"32"	"webster"	"32"	"32768"	"17203"	"32768"	"0.524993896484375"	"4.199951171875"	"0.3747747"	"0.3748941"	"11.73046875"	"11.671875"	"11.73046875"	"774D224695AF4057353F72602BB96CD2AFEEA059AC7737535645F11596FCA85E"	"1C17CBE878090B7AFB8A0A9FEA27ACE2FCFD1A631576B56D93D8D7FA0266F279"	"774D224695AF4057353F72602BB96CD2AFEEA059AC7737535645F11596FCA85E"	"CC6DA8404E3A2789A0E98BED460C4FAA90822BAC0EA362C67E261774BD0BF191"	"paq8px-record-model"	"paq8px-record-model=1"	"hybridzip-r2-currenthash-cc6d-20260827-r2-paq8px-record-model"
"hybridzip-r2-currenthash-cc6d-20260827-r2"	"paq8px-record-model"	"32"	"x-ray"	"32"	"32768"	"16484"	"32768"	"0.5030517578125"	"4.0244140625"	"0.3426917"	"0.3368888"	"10.48828125"	"10.41015625"	"10.48828125"	"10511AA63DFBD9C0DDBFEFE36068740103D4BA1116E214154A0772057D7E9314"	"94E1C4EDEA14B1D45BBE22F482BC7CF372CA0E52005126333551CF2E79827C8F"	"10511AA63DFBD9C0DDBFEFE36068740103D4BA1116E214154A0772057D7E9314"	"CC6DA8404E3A2789A0E98BED460C4FAA90822BAC0EA362C67E261774BD0BF191"	"paq8px-record-model"	"paq8px-record-model=1"	"hybridzip-r2-currenthash-cc6d-20260827-r2-paq8px-record-model"
"hybridzip-r2-currenthash-cc6d-20260827-r2"	"paq8px-record-model"	"32"	"xml"	"32"	"32768"	"3780"	"32768"	"0.1153564453125"	"0.9228515625"	"0.3440868"	"0.3446453"	"10.23046875"	"10.16796875"	"10.23046875"	"C2F7F129956F8D6FC3D0E3595D93F98D5270B6F5BC4AB5E70F45867822EFDD71"	"58F9D8034ECAB2EC821AAB4E3B99A549CF57E08DDCA139CD83E960C819742086"	"C2F7F129956F8D6FC3D0E3595D93F98D5270B6F5BC4AB5E70F45867822EFDD71"	"CC6DA8404E3A2789A0E98BED460C4FAA90822BAC0EA362C67E261774BD0BF191"	"paq8px-record-model"	"paq8px-record-model=1"	"hybridzip-r2-currenthash-cc6d-20260827-r2-paq8px-record-model"
"hybridzip-r2-currenthash-cc6d-20260827-r2"	"paq8px-linear-prediction"	"33"	"dickens"	"32"	"32768"	"25232"	"32768"	"0.77001953125"	"6.16015625"	"0.1565465"	"0.1400812"	"4.66015625"	"4.6328125"	"4.66015625"	"FC42DCB9849222C8704C9DCAE606D075B389B66244FB215035148D6409EC0B31"	"C2311C1D8F9A9674EF2FC14FF8572F7D86F9AEAD2FA2A5C8C89963178827323D"	"FC42DCB9849222C8704C9DCAE606D075B389B66244FB215035148D6409EC0B31"	"CC6DA8404E3A2789A0E98BED460C4FAA90822BAC0EA362C67E261774BD0BF191"	"paq8px-linear-prediction"	"paq8px-linear-prediction=1"	"hybridzip-r2-currenthash-cc6d-20260827-r2-paq8px-linear-prediction"
"hybridzip-r2-currenthash-cc6d-20260827-r2"	"paq8px-linear-prediction"	"33"	"mozilla"	"32"	"32768"	"20161"	"32768"	"0.615264892578125"	"4.922119140625"	"0.1427905"	"0.1426969"	"4.640625"	"4.59765625"	"4.640625"	"9DDEEF36CA0CA55B72FE3376D005926DFF3400A2ADE6EAE18482D8017D8645DB"	"56A0042605B98C1F930C31E7063F4B33E974E64226B00AC45902554759597E64"	"9DDEEF36CA0CA55B72FE3376D005926DFF3400A2ADE6EAE18482D8017D8645DB"	"CC6DA8404E3A2789A0E98BED460C4FAA90822BAC0EA362C67E261774BD0BF191"	"paq8px-linear-prediction"	"paq8px-linear-prediction=1"	"hybridzip-r2-currenthash-cc6d-20260827-r2-paq8px-linear-prediction"
"hybridzip-r2-currenthash-cc6d-20260827-r2"	"paq8px-linear-prediction"	"33"	"mr"	"32"	"32768"	"6975"	"32768"	"0.212860107421875"	"1.702880859375"	"0.4383176"	"0.4349003"	"4.625"	"4.56640625"	"4.625"	"3BB287B0AF65F777AB00C14E362B4D1962087260556001BBEE0689AA10D9F76A"	"D0A1725F6A0BD8975E645DC9753F47C9F6A56F0CF75C1AC189E04C9C7AC08234"	"3BB287B0AF65F777AB00C14E362B4D1962087260556001BBEE0689AA10D9F76A"	"CC6DA8404E3A2789A0E98BED460C4FAA90822BAC0EA362C67E261774BD0BF191"	"paq8px-linear-prediction"	"paq8px-linear-prediction=1"	"hybridzip-r2-currenthash-cc6d-20260827-r2-paq8px-linear-prediction"
"hybridzip-r2-currenthash-cc6d-20260827-r2"	"paq8px-linear-prediction"	"33"	"nci"	"32"	"32768"	"6956"	"32768"	"0.2122802734375"	"1.6982421875"	"0.1354224"	"0.1386626"	"4.6015625"	"4.578125"	"4.6015625"	"0D3034FE8B0E573DE1439ED98CE409B83B13E5895085C9BFB0BF980F4962FB79"	"CFA78DACFA288CB2049D9A2E1B89CFCF94D99BABA55F5BF5F53D2E3933BAA1C3"	"0D3034FE8B0E573DE1439ED98CE409B83B13E5895085C9BFB0BF980F4962FB79"	"CC6DA8404E3A2789A0E98BED460C4FAA90822BAC0EA362C67E261774BD0BF191"	"paq8px-linear-prediction"	"paq8px-linear-prediction=1"	"hybridzip-r2-currenthash-cc6d-20260827-r2-paq8px-linear-prediction"
"hybridzip-r2-currenthash-cc6d-20260827-r2"	"paq8px-linear-prediction"	"33"	"ooffice"	"32"	"32768"	"26037"	"32768"	"0.794586181640625"	"6.356689453125"	"0.14724"	"0.1667719"	"4.64453125"	"4.625"	"4.64453125"	"2ACF9B4CAAEAC5814CDFEF0FA48A5ECE857C847DBDB7B44EEAB95CA3C098921C"	"3F091D721DC821C84106D4083C069CEB1F4000527CC48B3B09F3A17D9BE4D4D3"	"2ACF9B4CAAEAC5814CDFEF0FA48A5ECE857C847DBDB7B44EEAB95CA3C098921C"	"CC6DA8404E3A2789A0E98BED460C4FAA90822BAC0EA362C67E261774BD0BF191"	"paq8px-linear-prediction"	"paq8px-linear-prediction=1"	"hybridzip-r2-currenthash-cc6d-20260827-r2-paq8px-linear-prediction"
"hybridzip-r2-currenthash-cc6d-20260827-r2"	"paq8px-linear-prediction"	"33"	"osdb"	"32"	"32768"	"28841"	"32768"	"0.880157470703125"	"7.041259765625"	"0.1653742"	"0.1545141"	"4.67578125"	"4.63671875"	"4.67578125"	"03B2C20B777682CD960BCD893D7A4463161D9C0200FD1708B2EFAE32A259D0B7"	"A3C17D4B9BD5906057D84D89BB3183CFC8C2119E0B75BD914DC34C189BAB85A4"	"03B2C20B777682CD960BCD893D7A4463161D9C0200FD1708B2EFAE32A259D0B7"	"CC6DA8404E3A2789A0E98BED460C4FAA90822BAC0EA362C67E261774BD0BF191"	"paq8px-linear-prediction"	"paq8px-linear-prediction=1"	"hybridzip-r2-currenthash-cc6d-20260827-r2-paq8px-linear-prediction"
"hybridzip-r2-currenthash-cc6d-20260827-r2"	"paq8px-linear-prediction"	"33"	"reymont"	"32"	"32768"	"23690"	"32768"	"0.72296142578125"	"5.78369140625"	"0.1421723"	"0.1660798"	"4.66015625"	"4.62890625"	"4.66015625"	"9D5E4B9340C2260DAE7DDB01B3EDA58236FF2DE5E1FF4D56767AA840B6FB1A87"	"16C72658D08B076D94972777C5B40423D42EB3BE5B0F3DE904D42AEAAB389D5F"	"9D5E4B9340C2260DAE7DDB01B3EDA58236FF2DE5E1FF4D56767AA840B6FB1A87"	"CC6DA8404E3A2789A0E98BED460C4FAA90822BAC0EA362C67E261774BD0BF191"	"paq8px-linear-prediction"	"paq8px-linear-prediction=1"	"hybridzip-r2-currenthash-cc6d-20260827-r2-paq8px-linear-prediction"
"hybridzip-r2-currenthash-cc6d-20260827-r2"	"paq8px-linear-prediction"	"33"	"samba"	"32"	"32768"	"22663"	"32768"	"0.691619873046875"	"5.532958984375"	"0.1381085"	"0.1405238"	"4.640625"	"4.6171875"	"4.640625"	"9C4F5BEE544E4531E4946E62F796987418B4526911C34877EF282F14DD57AD12"	"E9E605D679FD36EAA57C7DC7F624F6A3EC61CDC5CAB62345DAFF5C78891EDA48"	"9C4F5BEE544E4531E4946E62F796987418B4526911C34877EF282F14DD57AD12"	"CC6DA8404E3A2789A0E98BED460C4FAA90822BAC0EA362C67E261774BD0BF191"	"paq8px-linear-prediction"	"paq8px-linear-prediction=1"	"hybridzip-r2-currenthash-cc6d-20260827-r2-paq8px-linear-prediction"
"hybridzip-r2-currenthash-cc6d-20260827-r2"	"paq8px-linear-prediction"	"33"	"sao"	"32"	"32768"	"31648"	"32768"	"0.9658203125"	"7.7265625"	"0.1508281"	"0.1444804"	"4.6953125"	"4.6328125"	"4.6953125"	"95677430CAD4F000506BC5EE22815C3F4E13D64B477ED506B78D5D9ACFB50CCD"	"862D99AB63CB16C1F4B262A552F6B295F99B915C97EAF9C20DA1D4454974A7BA"	"95677430CAD4F000506BC5EE22815C3F4E13D64B477ED506B78D5D9ACFB50CCD"	"CC6DA8404E3A2789A0E98BED460C4FAA90822BAC0EA362C67E261774BD0BF191"	"paq8px-linear-prediction"	"paq8px-linear-prediction=1"	"hybridzip-r2-currenthash-cc6d-20260827-r2-paq8px-linear-prediction"
"hybridzip-r2-currenthash-cc6d-20260827-r2"	"paq8px-linear-prediction"	"33"	"webster"	"32"	"32768"	"26616"	"32768"	"0.812255859375"	"6.498046875"	"0.1439344"	"0.1433231"	"4.65234375"	"4.6328125"	"4.65234375"	"774D224695AF4057353F72602BB96CD2AFEEA059AC7737535645F11596FCA85E"	"21B5796ADD0DBAA2A6DF5EE1E305FFB377F09F986E5F6DEF62A67247FA2A2A37"	"774D224695AF4057353F72602BB96CD2AFEEA059AC7737535645F11596FCA85E"	"CC6DA8404E3A2789A0E98BED460C4FAA90822BAC0EA362C67E261774BD0BF191"	"paq8px-linear-prediction"	"paq8px-linear-prediction=1"	"hybridzip-r2-currenthash-cc6d-20260827-r2-paq8px-linear-prediction"
"hybridzip-r2-currenthash-cc6d-20260827-r2"	"paq8px-linear-prediction"	"33"	"x-ray"	"32"	"32768"	"15916"	"32768"	"0.4857177734375"	"3.8857421875"	"0.1384696"	"0.1433557"	"4.62890625"	"4.58203125"	"4.62890625"	"10511AA63DFBD9C0DDBFEFE36068740103D4BA1116E214154A0772057D7E9314"	"FFCFAB1F5AAD087BEB1C7EE2C6C113EE0618AF9B69E62FD92003AAFEF3723ED8"	"10511AA63DFBD9C0DDBFEFE36068740103D4BA1116E214154A0772057D7E9314"	"CC6DA8404E3A2789A0E98BED460C4FAA90822BAC0EA362C67E261774BD0BF191"	"paq8px-linear-prediction"	"paq8px-linear-prediction=1"	"hybridzip-r2-currenthash-cc6d-20260827-r2-paq8px-linear-prediction"
"hybridzip-r2-currenthash-cc6d-20260827-r2"	"paq8px-linear-prediction"	"33"	"xml"	"32"	"32768"	"21414"	"32768"	"0.65350341796875"	"5.22802734375"	"0.1357177"	"0.142297"	"4.6484375"	"4.62109375"	"4.6484375"	"C2F7F129956F8D6FC3D0E3595D93F98D5270B6F5BC4AB5E70F45867822EFDD71"	"4FDD398515A150791F1D2C87850CD5723CD07F0D54B766F40339A39A096D3924"	"C2F7F129956F8D6FC3D0E3595D93F98D5270B6F5BC4AB5E70F45867822EFDD71"	"CC6DA8404E3A2789A0E98BED460C4FAA90822BAC0EA362C67E261774BD0BF191"	"paq8px-linear-prediction"	"paq8px-linear-prediction=1"	"hybridzip-r2-currenthash-cc6d-20260827-r2-paq8px-linear-prediction"
"hybridzip-r2-currenthash-cc6d-20260827-r2"	"paq8px-similarity"	"34"	"dickens"	"32"	"32768"	"19784"	"32768"	"0.603759765625"	"4.830078125"	"0.5250343"	"0.5219173"	"7.16796875"	"7.1328125"	"7.16796875"	"FC42DCB9849222C8704C9DCAE606D075B389B66244FB215035148D6409EC0B31"	"A93997151EA9DD4B5240038602A8F89FFDA7C5A5C2A03071DFAEADDE21B57435"	"FC42DCB9849222C8704C9DCAE606D075B389B66244FB215035148D6409EC0B31"	"CC6DA8404E3A2789A0E98BED460C4FAA90822BAC0EA362C67E261774BD0BF191"	"paq8px-similarity"	"paq8px-similarity=1"	"hybridzip-r2-currenthash-cc6d-20260827-r2-paq8px-similarity"
"hybridzip-r2-currenthash-cc6d-20260827-r2"	"paq8px-similarity"	"34"	"mozilla"	"32"	"32768"	"9760"	"32768"	"0.2978515625"	"2.3828125"	"0.4485728"	"0.4650115"	"7.5078125"	"7.46875"	"7.5078125"	"9DDEEF36CA0CA55B72FE3376D005926DFF3400A2ADE6EAE18482D8017D8645DB"	"91136C8E64B2C969C956D15822403E5B8060187F164B0765AD79D61151C6C24D"	"9DDEEF36CA0CA55B72FE3376D005926DFF3400A2ADE6EAE18482D8017D8645DB"	"CC6DA8404E3A2789A0E98BED460C4FAA90822BAC0EA362C67E261774BD0BF191"	"paq8px-similarity"	"paq8px-similarity=1"	"hybridzip-r2-currenthash-cc6d-20260827-r2-paq8px-similarity"
"hybridzip-r2-currenthash-cc6d-20260827-r2"	"paq8px-similarity"	"34"	"mr"	"32"	"32768"	"6207"	"32768"	"0.189422607421875"	"1.515380859375"	"0.4145999"	"0.4076106"	"7.2734375"	"7.22265625"	"7.2734375"	"3BB287B0AF65F777AB00C14E362B4D1962087260556001BBEE0689AA10D9F76A"	"FC692D2AD0BB91155C96CA44F7943679070C0F0469C58BB16931F6B2D49879A5"	"3BB287B0AF65F777AB00C14E362B4D1962087260556001BBEE0689AA10D9F76A"	"CC6DA8404E3A2789A0E98BED460C4FAA90822BAC0EA362C67E261774BD0BF191"	"paq8px-similarity"	"paq8px-similarity=1"	"hybridzip-r2-currenthash-cc6d-20260827-r2-paq8px-similarity"
"hybridzip-r2-currenthash-cc6d-20260827-r2"	"paq8px-similarity"	"34"	"nci"	"32"	"32768"	"3323"	"32768"	"0.101409912109375"	"0.811279296875"	"0.3936533"	"0.3810874"	"6.828125"	"6.74609375"	"6.828125"	"0D3034FE8B0E573DE1439ED98CE409B83B13E5895085C9BFB0BF980F4962FB79"	"D4A0B5DFC31E9B60197BDD39C8B52C254303D003D9E4F586455111347ACF2E2F"	"0D3034FE8B0E573DE1439ED98CE409B83B13E5895085C9BFB0BF980F4962FB79"	"CC6DA8404E3A2789A0E98BED460C4FAA90822BAC0EA362C67E261774BD0BF191"	"paq8px-similarity"	"paq8px-similarity=1"	"hybridzip-r2-currenthash-cc6d-20260827-r2-paq8px-similarity"
"hybridzip-r2-currenthash-cc6d-20260827-r2"	"paq8px-similarity"	"34"	"ooffice"	"32"	"32768"	"15072"	"32768"	"0.4599609375"	"3.6796875"	"0.4819483"	"0.4730399"	"7.546875"	"7.515625"	"7.546875"	"2ACF9B4CAAEAC5814CDFEF0FA48A5ECE857C847DBDB7B44EEAB95CA3C098921C"	"ADC8283A92C3F717A3F0870C10F2922EC14A8FC1F1D14F5942301D414184CDD4"	"2ACF9B4CAAEAC5814CDFEF0FA48A5ECE857C847DBDB7B44EEAB95CA3C098921C"	"CC6DA8404E3A2789A0E98BED460C4FAA90822BAC0EA362C67E261774BD0BF191"	"paq8px-similarity"	"paq8px-similarity=1"	"hybridzip-r2-currenthash-cc6d-20260827-r2-paq8px-similarity"
"hybridzip-r2-currenthash-cc6d-20260827-r2"	"paq8px-similarity"	"34"	"osdb"	"32"	"32768"	"22659"	"32768"	"0.691497802734375"	"5.531982421875"	"0.5330164"	"0.5309699"	"7.40625"	"7.35546875"	"7.40625"	"03B2C20B777682CD960BCD893D7A4463161D9C0200FD1708B2EFAE32A259D0B7"	"EF14FD4DBF63CB0C90259DDE76A423BCFC4649BC0E090583B635135053999B61"	"03B2C20B777682CD960BCD893D7A4463161D9C0200FD1708B2EFAE32A259D0B7"	"CC6DA8404E3A2789A0E98BED460C4FAA90822BAC0EA362C67E261774BD0BF191"	"paq8px-similarity"	"paq8px-similarity=1"	"hybridzip-r2-currenthash-cc6d-20260827-r2-paq8px-similarity"
"hybridzip-r2-currenthash-cc6d-20260827-r2"	"paq8px-similarity"	"34"	"reymont"	"32"	"32768"	"16041"	"32768"	"0.489532470703125"	"3.916259765625"	"0.5242796"	"0.5045978"	"7.2265625"	"7.15234375"	"7.2265625"	"9D5E4B9340C2260DAE7DDB01B3EDA58236FF2DE5E1FF4D56767AA840B6FB1A87"	"5DE278929D18845FB6C32EC638EB06B736F767DBB72169D300C21F096406299E"	"9D5E4B9340C2260DAE7DDB01B3EDA58236FF2DE5E1FF4D56767AA840B6FB1A87"	"CC6DA8404E3A2789A0E98BED460C4FAA90822BAC0EA362C67E261774BD0BF191"	"paq8px-similarity"	"paq8px-similarity=1"	"hybridzip-r2-currenthash-cc6d-20260827-r2-paq8px-similarity"
"hybridzip-r2-currenthash-cc6d-20260827-r2"	"paq8px-similarity"	"34"	"samba"	"32"	"32768"	"17207"	"32768"	"0.525115966796875"	"4.200927734375"	"0.5208101"	"0.5064847"	"7.2265625"	"7.171875"	"7.2265625"	"9C4F5BEE544E4531E4946E62F796987418B4526911C34877EF282F14DD57AD12"	"44E938F92036483BC59162AED00665E759F176C7B3EF63079B47614674048AF6"	"9C4F5BEE544E4531E4946E62F796987418B4526911C34877EF282F14DD57AD12"	"CC6DA8404E3A2789A0E98BED460C4FAA90822BAC0EA362C67E261774BD0BF191"	"paq8px-similarity"	"paq8px-similarity=1"	"hybridzip-r2-currenthash-cc6d-20260827-r2-paq8px-similarity"
"hybridzip-r2-currenthash-cc6d-20260827-r2"	"paq8px-similarity"	"34"	"sao"	"32"	"32768"	"23845"	"32768"	"0.727691650390625"	"5.821533203125"	"0.5082154"	"0.4876499"	"7.234375"	"7.1875"	"7.234375"	"95677430CAD4F000506BC5EE22815C3F4E13D64B477ED506B78D5D9ACFB50CCD"	"EE1E4FE2D674AA2443AC1F9BB4C3641970BAADBB86649C3E08B19ACACD79CA3B"	"95677430CAD4F000506BC5EE22815C3F4E13D64B477ED506B78D5D9ACFB50CCD"	"CC6DA8404E3A2789A0E98BED460C4FAA90822BAC0EA362C67E261774BD0BF191"	"paq8px-similarity"	"paq8px-similarity=1"	"hybridzip-r2-currenthash-cc6d-20260827-r2-paq8px-similarity"
"hybridzip-r2-currenthash-cc6d-20260827-r2"	"paq8px-similarity"	"34"	"webster"	"32"	"32768"	"19583"	"32768"	"0.597625732421875"	"4.781005859375"	"0.5400735"	"0.5138973"	"7.2265625"	"7.18359375"	"7.2265625"	"774D224695AF4057353F72602BB96CD2AFEEA059AC7737535645F11596FCA85E"	"BC445D5404731B2AFDF48B7A288FA571C4AD34E9AA464D301F3BBE47560C467A"	"774D224695AF4057353F72602BB96CD2AFEEA059AC7737535645F11596FCA85E"	"CC6DA8404E3A2789A0E98BED460C4FAA90822BAC0EA362C67E261774BD0BF191"	"paq8px-similarity"	"paq8px-similarity=1"	"hybridzip-r2-currenthash-cc6d-20260827-r2-paq8px-similarity"
"hybridzip-r2-currenthash-cc6d-20260827-r2"	"paq8px-similarity"	"34"	"x-ray"	"32"	"32768"	"15608"	"32768"	"0.476318359375"	"3.810546875"	"0.476547"	"0.4771473"	"7.2890625"	"7.25390625"	"7.2890625"	"10511AA63DFBD9C0DDBFEFE36068740103D4BA1116E214154A0772057D7E9314"	"63D23368872ECDFD191B5E6B32741DF6776F14EDE639AE31D6570DDC5E51F9DF"	"10511AA63DFBD9C0DDBFEFE36068740103D4BA1116E214154A0772057D7E9314"	"CC6DA8404E3A2789A0E98BED460C4FAA90822BAC0EA362C67E261774BD0BF191"	"paq8px-similarity"	"paq8px-similarity=1"	"hybridzip-r2-currenthash-cc6d-20260827-r2-paq8px-similarity"
"hybridzip-r2-currenthash-cc6d-20260827-r2"	"paq8px-similarity"	"34"	"xml"	"32"	"32768"	"6737"	"32768"	"0.205596923828125"	"1.644775390625"	"0.4725733"	"0.4740866"	"6.9609375"	"6.89453125"	"6.9609375"	"C2F7F129956F8D6FC3D0E3595D93F98D5270B6F5BC4AB5E70F45867822EFDD71"	"BA10704A42F54F1BF4AB2EEC15261169E557AB2B0FB47ED797D8255B710A4DDA"	"C2F7F129956F8D6FC3D0E3595D93F98D5270B6F5BC4AB5E70F45867822EFDD71"	"CC6DA8404E3A2789A0E98BED460C4FAA90822BAC0EA362C67E261774BD0BF191"	"paq8px-similarity"	"paq8px-similarity=1"	"hybridzip-r2-currenthash-cc6d-20260827-r2-paq8px-similarity"
"hybridzip-r2-currenthash-cc6d-20260827-r2"	"paq8px-similarity-sse"	"35"	"dickens"	"32"	"32768"	"17055"	"32768"	"0.520477294921875"	"4.163818359375"	"0.6423613"	"0.6723701"	"151.16015625"	"151.0703125"	"151.16015625"	"FC42DCB9849222C8704C9DCAE606D075B389B66244FB215035148D6409EC0B31"	"453C66F4F8733E9BFE16846B9E5AE5278D06C47741F3A4DDBDAAFE650130C06C"	"FC42DCB9849222C8704C9DCAE606D075B389B66244FB215035148D6409EC0B31"	"CC6DA8404E3A2789A0E98BED460C4FAA90822BAC0EA362C67E261774BD0BF191"	"paq8px-similarity-sse"	"paq8px-similarity-sse=1"	"hybridzip-r2-currenthash-cc6d-20260827-r2-paq8px-similarity-sse"
"hybridzip-r2-currenthash-cc6d-20260827-r2"	"paq8px-similarity-sse"	"35"	"mozilla"	"32"	"32768"	"8883"	"32768"	"0.271087646484375"	"2.168701171875"	"0.5810622"	"0.5891465"	"151.484375"	"151.41796875"	"151.484375"	"9DDEEF36CA0CA55B72FE3376D005926DFF3400A2ADE6EAE18482D8017D8645DB"	"A581C222A30AB28C285EFEFCCD8EBF8A4719A36C20BFB10A262CE1837CE9B8AD"	"9DDEEF36CA0CA55B72FE3376D005926DFF3400A2ADE6EAE18482D8017D8645DB"	"CC6DA8404E3A2789A0E98BED460C4FAA90822BAC0EA362C67E261774BD0BF191"	"paq8px-similarity-sse"	"paq8px-similarity-sse=1"	"hybridzip-r2-currenthash-cc6d-20260827-r2-paq8px-similarity-sse"
"hybridzip-r2-currenthash-cc6d-20260827-r2"	"paq8px-similarity-sse"	"35"	"mr"	"32"	"32768"	"5721"	"32768"	"0.174591064453125"	"1.396728515625"	"0.5338084"	"0.5305437"	"151.25"	"151.1875"	"151.25"	"3BB287B0AF65F777AB00C14E362B4D1962087260556001BBEE0689AA10D9F76A"	"AFAD239DC3B51FC7AF4CAEC9145A4959AA7DC28B54D8D1BA60CC58DBDB5606E2"	"3BB287B0AF65F777AB00C14E362B4D1962087260556001BBEE0689AA10D9F76A"	"CC6DA8404E3A2789A0E98BED460C4FAA90822BAC0EA362C67E261774BD0BF191"	"paq8px-similarity-sse"	"paq8px-similarity-sse=1"	"hybridzip-r2-currenthash-cc6d-20260827-r2-paq8px-similarity-sse"
"hybridzip-r2-currenthash-cc6d-20260827-r2"	"paq8px-similarity-sse"	"35"	"nci"	"32"	"32768"	"2719"	"32768"	"0.082977294921875"	"0.663818359375"	"0.5221098"	"0.5116266"	"150.77734375"	"150.69140625"	"150.77734375"	"0D3034FE8B0E573DE1439ED98CE409B83B13E5895085C9BFB0BF980F4962FB79"	"7C3F819F3A5BD93FB2B4425A9650A2516F8BCA5F6A7B8BA57085AB0117D162C6"	"0D3034FE8B0E573DE1439ED98CE409B83B13E5895085C9BFB0BF980F4962FB79"	"CC6DA8404E3A2789A0E98BED460C4FAA90822BAC0EA362C67E261774BD0BF191"	"paq8px-similarity-sse"	"paq8px-similarity-sse=1"	"hybridzip-r2-currenthash-cc6d-20260827-r2-paq8px-similarity-sse"
"hybridzip-r2-currenthash-cc6d-20260827-r2"	"paq8px-similarity-sse"	"35"	"ooffice"	"32"	"32768"	"13558"	"32768"	"0.41375732421875"	"3.31005859375"	"0.6031985"	"0.6163554"	"151.52734375"	"151.46875"	"151.52734375"	"2ACF9B4CAAEAC5814CDFEF0FA48A5ECE857C847DBDB7B44EEAB95CA3C098921C"	"6C804058ACD11923520F39F65BAF077BF16F6BCB2D2F2CD42C46A1E586E91F2C"	"2ACF9B4CAAEAC5814CDFEF0FA48A5ECE857C847DBDB7B44EEAB95CA3C098921C"	"CC6DA8404E3A2789A0E98BED460C4FAA90822BAC0EA362C67E261774BD0BF191"	"paq8px-similarity-sse"	"paq8px-similarity-sse=1"	"hybridzip-r2-currenthash-cc6d-20260827-r2-paq8px-similarity-sse"
"hybridzip-r2-currenthash-cc6d-20260827-r2"	"paq8px-similarity-sse"	"35"	"osdb"	"32"	"32768"	"21054"	"32768"	"0.64251708984375"	"5.14013671875"	"0.6545299"	"0.6621691"	"151.37890625"	"151.27734375"	"151.37890625"	"03B2C20B777682CD960BCD893D7A4463161D9C0200FD1708B2EFAE32A259D0B7"	"C2E0AE3EA38B24EAE5D01D5191B1294F239476EAD17E9FC2FCDFEDA5628E74A4"	"03B2C20B777682CD960BCD893D7A4463161D9C0200FD1708B2EFAE32A259D0B7"	"CC6DA8404E3A2789A0E98BED460C4FAA90822BAC0EA362C67E261774BD0BF191"	"paq8px-similarity-sse"	"paq8px-similarity-sse=1"	"hybridzip-r2-currenthash-cc6d-20260827-r2-paq8px-similarity-sse"
"hybridzip-r2-currenthash-cc6d-20260827-r2"	"paq8px-similarity-sse"	"35"	"reymont"	"32"	"32768"	"13137"	"32768"	"0.400909423828125"	"3.207275390625"	"0.6324534"	"0.6489008"	"151.171875"	"151.1015625"	"151.171875"	"9D5E4B9340C2260DAE7DDB01B3EDA58236FF2DE5E1FF4D56767AA840B6FB1A87"	"871A0B5D3713E3179ECEF65AB1C1096ACB4D1492B250C2294041429E6E956009"	"9D5E4B9340C2260DAE7DDB01B3EDA58236FF2DE5E1FF4D56767AA840B6FB1A87"	"CC6DA8404E3A2789A0E98BED460C4FAA90822BAC0EA362C67E261774BD0BF191"	"paq8px-similarity-sse"	"paq8px-similarity-sse=1"	"hybridzip-r2-currenthash-cc6d-20260827-r2-paq8px-similarity-sse"
"hybridzip-r2-currenthash-cc6d-20260827-r2"	"paq8px-similarity-sse"	"35"	"samba"	"32"	"32768"	"15003"	"32768"	"0.457855224609375"	"3.662841796875"	"0.6310215"	"0.6303617"	"151.18359375"	"151.1015625"	"151.18359375"	"9C4F5BEE544E4531E4946E62F796987418B4526911C34877EF282F14DD57AD12"	"59023520EBFF07FCBDFFE3F1EDDEC8B22DD2A813FEBB0D5B2E3B12037ECE9278"	"9C4F5BEE544E4531E4946E62F796987418B4526911C34877EF282F14DD57AD12"	"CC6DA8404E3A2789A0E98BED460C4FAA90822BAC0EA362C67E261774BD0BF191"	"paq8px-similarity-sse"	"paq8px-similarity-sse=1"	"hybridzip-r2-currenthash-cc6d-20260827-r2-paq8px-similarity-sse"
"hybridzip-r2-currenthash-cc6d-20260827-r2"	"paq8px-similarity-sse"	"35"	"sao"	"32"	"32768"	"22653"	"32768"	"0.691314697265625"	"5.530517578125"	"0.642357"	"0.6546923"	"151.2421875"	"151.13671875"	"151.2421875"	"95677430CAD4F000506BC5EE22815C3F4E13D64B477ED506B78D5D9ACFB50CCD"	"EBB7BECA1CCADFB177706F48C8BCE633FE39401D88A3227E579A936DB764F5D2"	"95677430CAD4F000506BC5EE22815C3F4E13D64B477ED506B78D5D9ACFB50CCD"	"CC6DA8404E3A2789A0E98BED460C4FAA90822BAC0EA362C67E261774BD0BF191"	"paq8px-similarity-sse"	"paq8px-similarity-sse=1"	"hybridzip-r2-currenthash-cc6d-20260827-r2-paq8px-similarity-sse"
"hybridzip-r2-currenthash-cc6d-20260827-r2"	"paq8px-similarity-sse"	"35"	"webster"	"32"	"32768"	"17023"	"32768"	"0.519500732421875"	"4.156005859375"	"0.6461687"	"0.6491669"	"151.203125"	"151.1171875"	"151.203125"	"774D224695AF4057353F72602BB96CD2AFEEA059AC7737535645F11596FCA85E"	"ADA41F9CC73B2F207D05997341B4A30D9B84AAD3202F4050BD78A5708FC38FDD"	"774D224695AF4057353F72602BB96CD2AFEEA059AC7737535645F11596FCA85E"	"CC6DA8404E3A2789A0E98BED460C4FAA90822BAC0EA362C67E261774BD0BF191"	"paq8px-similarity-sse"	"paq8px-similarity-sse=1"	"hybridzip-r2-currenthash-cc6d-20260827-r2-paq8px-similarity-sse"
"hybridzip-r2-currenthash-cc6d-20260827-r2"	"paq8px-similarity-sse"	"35"	"x-ray"	"32"	"32768"	"15166"	"32768"	"0.46282958984375"	"3.70263671875"	"0.6176652"	"0.5959075"	"151.29296875"	"151.2109375"	"151.29296875"	"10511AA63DFBD9C0DDBFEFE36068740103D4BA1116E214154A0772057D7E9314"	"35CED1F3B5FAE6F1BFCA2C7715D98F729DB11F78ECE7EB88243303923AE28399"	"10511AA63DFBD9C0DDBFEFE36068740103D4BA1116E214154A0772057D7E9314"	"CC6DA8404E3A2789A0E98BED460C4FAA90822BAC0EA362C67E261774BD0BF191"	"paq8px-similarity-sse"	"paq8px-similarity-sse=1"	"hybridzip-r2-currenthash-cc6d-20260827-r2-paq8px-similarity-sse"
"hybridzip-r2-currenthash-cc6d-20260827-r2"	"paq8px-similarity-sse"	"35"	"xml"	"32"	"32768"	"5364"	"32768"	"0.1636962890625"	"1.3095703125"	"0.6181164"	"0.6064736"	"150.9140625"	"150.84765625"	"150.9140625"	"C2F7F129956F8D6FC3D0E3595D93F98D5270B6F5BC4AB5E70F45867822EFDD71"	"601D16E414D93341D8F114E6F7FBB4016082CDAB5724608F737D06B2FD6E7197"	"C2F7F129956F8D6FC3D0E3595D93F98D5270B6F5BC4AB5E70F45867822EFDD71"	"CC6DA8404E3A2789A0E98BED460C4FAA90822BAC0EA362C67E261774BD0BF191"	"paq8px-similarity-sse"	"paq8px-similarity-sse=1"	"hybridzip-r2-currenthash-cc6d-20260827-r2-paq8px-similarity-sse"
"hybridzip-r2-currenthash-cc6d-20260827-r2"	"paq8px-generic-sse"	"36"	"dickens"	"32"	"32768"	"9688"	"32768"	"0.295654296875"	"2.365234375"	"18.235415"	"18.3099402"	"546.2890625"	"546.25390625"	"546.2890625"	"FC42DCB9849222C8704C9DCAE606D075B389B66244FB215035148D6409EC0B31"	"0F1C9FD01D909A1425ACEB4FF87F8DDB4C27CAE508363E519723C9BA4B045479"	"FC42DCB9849222C8704C9DCAE606D075B389B66244FB215035148D6409EC0B31"	"CC6DA8404E3A2789A0E98BED460C4FAA90822BAC0EA362C67E261774BD0BF191"	"paq8px-generic-sse"	"paq8px-generic-sse=1"	"hybridzip-r2-currenthash-cc6d-20260827-r2-paq8px-generic-sse"
"hybridzip-r2-currenthash-cc6d-20260827-r2"	"paq8px-generic-sse"	"36"	"mozilla"	"32"	"32768"	"6285"	"32768"	"0.191802978515625"	"1.534423828125"	"14.0342114"	"14.1102989"	"550.4375"	"550.390625"	"550.4375"	"9DDEEF36CA0CA55B72FE3376D005926DFF3400A2ADE6EAE18482D8017D8645DB"	"767BDB5510FA585D0496E03DEA3BD0263804C9BEEA661D083BB8B23941C9CBC3"	"9DDEEF36CA0CA55B72FE3376D005926DFF3400A2ADE6EAE18482D8017D8645DB"	"CC6DA8404E3A2789A0E98BED460C4FAA90822BAC0EA362C67E261774BD0BF191"	"paq8px-generic-sse"	"paq8px-generic-sse=1"	"hybridzip-r2-currenthash-cc6d-20260827-r2-paq8px-generic-sse"
"hybridzip-r2-currenthash-cc6d-20260827-r2"	"paq8px-generic-sse"	"36"	"mr"	"32"	"32768"	"5167"	"32768"	"0.157684326171875"	"1.261474609375"	"11.2646718"	"11.1484017"	"545.8125"	"545.7421875"	"545.8125"	"3BB287B0AF65F777AB00C14E362B4D1962087260556001BBEE0689AA10D9F76A"	"D8829619579EE8A74831852783153665BDB91F535C609EE18FFBFDBB50F719B1"	"3BB287B0AF65F777AB00C14E362B4D1962087260556001BBEE0689AA10D9F76A"	"CC6DA8404E3A2789A0E98BED460C4FAA90822BAC0EA362C67E261774BD0BF191"	"paq8px-generic-sse"	"paq8px-generic-sse=1"	"hybridzip-r2-currenthash-cc6d-20260827-r2-paq8px-generic-sse"
"hybridzip-r2-currenthash-cc6d-20260827-r2"	"paq8px-generic-sse"	"36"	"nci"	"32"	"32768"	"1369"	"32768"	"0.041778564453125"	"0.334228515625"	"7.7681327"	"7.7414011"	"540.8046875"	"540.7578125"	"540.8046875"	"0D3034FE8B0E573DE1439ED98CE409B83B13E5895085C9BFB0BF980F4962FB79"	"0D76894ABC6E54B889E31C8BEEBD45BE910D8D5E0A30DFA67DB9D547D760CA55"	"0D3034FE8B0E573DE1439ED98CE409B83B13E5895085C9BFB0BF980F4962FB79"	"CC6DA8404E3A2789A0E98BED460C4FAA90822BAC0EA362C67E261774BD0BF191"	"paq8px-generic-sse"	"paq8px-generic-sse=1"	"hybridzip-r2-currenthash-cc6d-20260827-r2-paq8px-generic-sse"
"hybridzip-r2-currenthash-cc6d-20260827-r2"	"paq8px-generic-sse"	"36"	"ooffice"	"32"	"32768"	"8097"	"32768"	"0.247100830078125"	"1.976806640625"	"16.809004"	"16.8343017"	"551.17578125"	"551.15625"	"551.17578125"	"2ACF9B4CAAEAC5814CDFEF0FA48A5ECE857C847DBDB7B44EEAB95CA3C098921C"	"0F4DE6DD6DE3130274BD45710A1EA770DB2A0CC044725E23D98928AD989F6630"	"2ACF9B4CAAEAC5814CDFEF0FA48A5ECE857C847DBDB7B44EEAB95CA3C098921C"	"CC6DA8404E3A2789A0E98BED460C4FAA90822BAC0EA362C67E261774BD0BF191"	"paq8px-generic-sse"	"paq8px-generic-sse=1"	"hybridzip-r2-currenthash-cc6d-20260827-r2-paq8px-generic-sse"
"hybridzip-r2-currenthash-cc6d-20260827-r2"	"paq8px-generic-sse"	"36"	"osdb"	"32"	"32768"	"11420"	"32768"	"0.3485107421875"	"2.7880859375"	"18.6515441"	"18.7123329"	"548.31640625"	"548.2265625"	"548.31640625"	"03B2C20B777682CD960BCD893D7A4463161D9C0200FD1708B2EFAE32A259D0B7"	"279669EBF23548953045419EF810A7AAF44162FCBFEB0D3F970FE485F709E9EA"	"03B2C20B777682CD960BCD893D7A4463161D9C0200FD1708B2EFAE32A259D0B7"	"CC6DA8404E3A2789A0E98BED460C4FAA90822BAC0EA362C67E261774BD0BF191"	"paq8px-generic-sse"	"paq8px-generic-sse=1"	"hybridzip-r2-currenthash-cc6d-20260827-r2-paq8px-generic-sse"
"hybridzip-r2-currenthash-cc6d-20260827-r2"	"paq8px-generic-sse"	"36"	"reymont"	"32"	"32768"	"5726"	"32768"	"0.17474365234375"	"1.39794921875"	"14.2507125"	"14.2189382"	"544.84375"	"544.734375"	"544.84375"	"9D5E4B9340C2260DAE7DDB01B3EDA58236FF2DE5E1FF4D56767AA840B6FB1A87"	"EA4AB625E8821A6F170BA13D1A746AD523F2EACB80060C172F33F3E029656836"	"9D5E4B9340C2260DAE7DDB01B3EDA58236FF2DE5E1FF4D56767AA840B6FB1A87"	"CC6DA8404E3A2789A0E98BED460C4FAA90822BAC0EA362C67E261774BD0BF191"	"paq8px-generic-sse"	"paq8px-generic-sse=1"	"hybridzip-r2-currenthash-cc6d-20260827-r2-paq8px-generic-sse"
"hybridzip-r2-currenthash-cc6d-20260827-r2"	"paq8px-generic-sse"	"36"	"samba"	"32"	"32768"	"7956"	"32768"	"0.2427978515625"	"1.9423828125"	"16.3203542"	"16.4154851"	"545.21875"	"545.18359375"	"545.21875"	"9C4F5BEE544E4531E4946E62F796987418B4526911C34877EF282F14DD57AD12"	"34AFF36D5F1B58FF637F6382E16DD199165902F5EAEE2815EFB1EB18C3B38BF2"	"9C4F5BEE544E4531E4946E62F796987418B4526911C34877EF282F14DD57AD12"	"CC6DA8404E3A2789A0E98BED460C4FAA90822BAC0EA362C67E261774BD0BF191"	"paq8px-generic-sse"	"paq8px-generic-sse=1"	"hybridzip-r2-currenthash-cc6d-20260827-r2-paq8px-generic-sse"
"hybridzip-r2-currenthash-cc6d-20260827-r2"	"paq8px-generic-sse"	"36"	"sao"	"32"	"32768"	"18805"	"32768"	"0.573883056640625"	"4.591064453125"	"21.5943295"	"21.602444"	"548.69140625"	"548.625"	"548.69140625"	"95677430CAD4F000506BC5EE22815C3F4E13D64B477ED506B78D5D9ACFB50CCD"	"DA4A8EC1A5A6279964CD1712287BF2E06E0A4AA4BE289B524CEC178266B4CFA9"	"95677430CAD4F000506BC5EE22815C3F4E13D64B477ED506B78D5D9ACFB50CCD"	"CC6DA8404E3A2789A0E98BED460C4FAA90822BAC0EA362C67E261774BD0BF191"	"paq8px-generic-sse"	"paq8px-generic-sse=1"	"hybridzip-r2-currenthash-cc6d-20260827-r2-paq8px-generic-sse"
"hybridzip-r2-currenthash-cc6d-20260827-r2"	"paq8px-generic-sse"	"36"	"webster"	"32"	"32768"	"9355"	"32768"	"0.285491943359375"	"2.283935546875"	"18.2190609"	"18.1729911"	"546.6796875"	"546.62890625"	"546.6796875"	"774D224695AF4057353F72602BB96CD2AFEEA059AC7737535645F11596FCA85E"	"A3F1A65E62D61E8066EDD627DEF6DF468AF4D12DB3F399E21694C718818B6934"	"774D224695AF4057353F72602BB96CD2AFEEA059AC7737535645F11596FCA85E"	"CC6DA8404E3A2789A0E98BED460C4FAA90822BAC0EA362C67E261774BD0BF191"	"paq8px-generic-sse"	"paq8px-generic-sse=1"	"hybridzip-r2-currenthash-cc6d-20260827-r2-paq8px-generic-sse"
"hybridzip-r2-currenthash-cc6d-20260827-r2"	"paq8px-generic-sse"	"36"	"x-ray"	"32"	"32768"	"14702"	"32768"	"0.44866943359375"	"3.58935546875"	"17.850957"	"17.6772226"	"547.0625"	"546.99609375"	"547.0625"	"10511AA63DFBD9C0DDBFEFE36068740103D4BA1116E214154A0772057D7E9314"	"4461FC9A23988B440292DDA38C4EACC1AAD23FD665E51C8399899F7CD60A4A2B"	"10511AA63DFBD9C0DDBFEFE36068740103D4BA1116E214154A0772057D7E9314"	"CC6DA8404E3A2789A0E98BED460C4FAA90822BAC0EA362C67E261774BD0BF191"	"paq8px-generic-sse"	"paq8px-generic-sse=1"	"hybridzip-r2-currenthash-cc6d-20260827-r2-paq8px-generic-sse"
"hybridzip-r2-currenthash-cc6d-20260827-r2"	"paq8px-generic-sse"	"36"	"xml"	"32"	"32768"	"1441"	"32768"	"0.043975830078125"	"0.351806640625"	"9.4767859"	"9.7163588"	"542.76171875"	"542.72265625"	"542.76171875"	"C2F7F129956F8D6FC3D0E3595D93F98D5270B6F5BC4AB5E70F45867822EFDD71"	"E59754FDD28F8E5842444453A77AEE01BD3DB80EE222C1B2F0059961891EE5EC"	"C2F7F129956F8D6FC3D0E3595D93F98D5270B6F5BC4AB5E70F45867822EFDD71"	"CC6DA8404E3A2789A0E98BED460C4FAA90822BAC0EA362C67E261774BD0BF191"	"paq8px-generic-sse"	"paq8px-generic-sse=1"	"hybridzip-r2-currenthash-cc6d-20260827-r2-paq8px-generic-sse"
"hybridzip-r2-currenthash-cc6d-20260827-r2"	"paq8px-detected-sse"	"37"	"dickens"	"32"	"32768"	"9598"	"32768"	"0.29290771484375"	"2.34326171875"	"7.2808588"	"7.3473526"	"369.44921875"	"369.33984375"	"369.44921875"	"FC42DCB9849222C8704C9DCAE606D075B389B66244FB215035148D6409EC0B31"	"D2F18FE2DA6D57CD3F403DF0F3F29D5382FBB0EF7A2F00E196EF3557DD9CED63"	"FC42DCB9849222C8704C9DCAE606D075B389B66244FB215035148D6409EC0B31"	"CC6DA8404E3A2789A0E98BED460C4FAA90822BAC0EA362C67E261774BD0BF191"	"paq8px-detected-sse"	"paq8px-detected-sse=1"	"hybridzip-r2-currenthash-cc6d-20260827-r2-paq8px-detected-sse"
"hybridzip-r2-currenthash-cc6d-20260827-r2"	"paq8px-detected-sse"	"37"	"mozilla"	"32"	"32768"	"6256"	"32768"	"0.19091796875"	"1.52734375"	"13.5381933"	"13.9100769"	"734.0234375"	"733.95703125"	"734.0234375"	"9DDEEF36CA0CA55B72FE3376D005926DFF3400A2ADE6EAE18482D8017D8645DB"	"2807DAFB32E2409DC96ACFC3AFE991B6F375ACEF6F0EAA118945C7E5DC66DCBD"	"9DDEEF36CA0CA55B72FE3376D005926DFF3400A2ADE6EAE18482D8017D8645DB"	"CC6DA8404E3A2789A0E98BED460C4FAA90822BAC0EA362C67E261774BD0BF191"	"paq8px-detected-sse"	"paq8px-detected-sse=1"	"hybridzip-r2-currenthash-cc6d-20260827-r2-paq8px-detected-sse"
"hybridzip-r2-currenthash-cc6d-20260827-r2"	"paq8px-detected-sse"	"37"	"mr"	"32"	"32768"	"5189"	"32768"	"0.158355712890625"	"1.266845703125"	"12.6888322"	"12.3796405"	"545.80859375"	"545.734375"	"545.80859375"	"3BB287B0AF65F777AB00C14E362B4D1962087260556001BBEE0689AA10D9F76A"	"99A9709FB124DFBD06499A2689D37DEF49AFC22231D9402D348B36795D5869AC"	"3BB287B0AF65F777AB00C14E362B4D1962087260556001BBEE0689AA10D9F76A"	"CC6DA8404E3A2789A0E98BED460C4FAA90822BAC0EA362C67E261774BD0BF191"	"paq8px-detected-sse"	"paq8px-detected-sse=1"	"hybridzip-r2-currenthash-cc6d-20260827-r2-paq8px-detected-sse"
"hybridzip-r2-currenthash-cc6d-20260827-r2"	"paq8px-detected-sse"	"37"	"nci"	"32"	"32768"	"1341"	"32768"	"0.040924072265625"	"0.327392578125"	"4.3372387"	"4.2933731"	"361.8046875"	"361.73828125"	"361.8046875"	"0D3034FE8B0E573DE1439ED98CE409B83B13E5895085C9BFB0BF980F4962FB79"	"678E33A41DCF66B8D195990EC59425F468F104AB64BA868623DCE6783BF92DDA"	"0D3034FE8B0E573DE1439ED98CE409B83B13E5895085C9BFB0BF980F4962FB79"	"CC6DA8404E3A2789A0E98BED460C4FAA90822BAC0EA362C67E261774BD0BF191"	"paq8px-detected-sse"	"paq8px-detected-sse=1"	"hybridzip-r2-currenthash-cc6d-20260827-r2-paq8px-detected-sse"
"hybridzip-r2-currenthash-cc6d-20260827-r2"	"paq8px-detected-sse"	"37"	"ooffice"	"32"	"32768"	"8165"	"32768"	"0.249176025390625"	"1.993408203125"	"17.6484224"	"17.4586308"	"551.16796875"	"551.1640625"	"551.16796875"	"2ACF9B4CAAEAC5814CDFEF0FA48A5ECE857C847DBDB7B44EEAB95CA3C098921C"	"94AE224D3506C065E4762E9467218BFAA046122688382F58BA1B2445E0B10EC7"	"2ACF9B4CAAEAC5814CDFEF0FA48A5ECE857C847DBDB7B44EEAB95CA3C098921C"	"CC6DA8404E3A2789A0E98BED460C4FAA90822BAC0EA362C67E261774BD0BF191"	"paq8px-detected-sse"	"paq8px-detected-sse=1"	"hybridzip-r2-currenthash-cc6d-20260827-r2-paq8px-detected-sse"
"hybridzip-r2-currenthash-cc6d-20260827-r2"	"paq8px-detected-sse"	"37"	"osdb"	"32"	"32768"	"11442"	"32768"	"0.34918212890625"	"2.79345703125"	"18.9333"	"19.0694845"	"548.34375"	"548.28515625"	"548.34375"	"03B2C20B777682CD960BCD893D7A4463161D9C0200FD1708B2EFAE32A259D0B7"	"D19C200EDFD1483B34CBDF6167997A7EECAE21186457635373FAA7143AFF3B74"	"03B2C20B777682CD960BCD893D7A4463161D9C0200FD1708B2EFAE32A259D0B7"	"CC6DA8404E3A2789A0E98BED460C4FAA90822BAC0EA362C67E261774BD0BF191"	"paq8px-detected-sse"	"paq8px-detected-sse=1"	"hybridzip-r2-currenthash-cc6d-20260827-r2-paq8px-detected-sse"
"hybridzip-r2-currenthash-cc6d-20260827-r2"	"paq8px-detected-sse"	"37"	"reymont"	"32"	"32768"	"5679"	"32768"	"0.173309326171875"	"1.386474609375"	"6.2076924"	"6.154389"	"369.15234375"	"369.09765625"	"369.15234375"	"9D5E4B9340C2260DAE7DDB01B3EDA58236FF2DE5E1FF4D56767AA840B6FB1A87"	"C28FE6E7FA1F83DD6A4C0455BDC672B0B5CA34DFEB791738578F5F52E8FBCD17"	"9D5E4B9340C2260DAE7DDB01B3EDA58236FF2DE5E1FF4D56767AA840B6FB1A87"	"CC6DA8404E3A2789A0E98BED460C4FAA90822BAC0EA362C67E261774BD0BF191"	"paq8px-detected-sse"	"paq8px-detected-sse=1"	"hybridzip-r2-currenthash-cc6d-20260827-r2-paq8px-detected-sse"
"hybridzip-r2-currenthash-cc6d-20260827-r2"	"paq8px-detected-sse"	"37"	"samba"	"32"	"32768"	"7978"	"32768"	"0.24346923828125"	"1.94775390625"	"16.8198767"	"16.8134941"	"545.28125"	"545.1640625"	"545.28125"	"9C4F5BEE544E4531E4946E62F796987418B4526911C34877EF282F14DD57AD12"	"2C733B707DD1284775D521605FCA54AFDCCCFD6EC3E732B720FFF28067CD5DF2"	"9C4F5BEE544E4531E4946E62F796987418B4526911C34877EF282F14DD57AD12"	"CC6DA8404E3A2789A0E98BED460C4FAA90822BAC0EA362C67E261774BD0BF191"	"paq8px-detected-sse"	"paq8px-detected-sse=1"	"hybridzip-r2-currenthash-cc6d-20260827-r2-paq8px-detected-sse"
"hybridzip-r2-currenthash-cc6d-20260827-r2"	"paq8px-detected-sse"	"37"	"sao"	"32"	"32768"	"18827"	"32768"	"0.574554443359375"	"4.596435546875"	"17.7679723"	"17.3801783"	"548.7578125"	"548.6171875"	"548.7578125"	"95677430CAD4F000506BC5EE22815C3F4E13D64B477ED506B78D5D9ACFB50CCD"	"B143AEF7FB353F8C9F79118FBB9842AE6D6BFA3E7EDD3DB1EA184086613562C6"	"95677430CAD4F000506BC5EE22815C3F4E13D64B477ED506B78D5D9ACFB50CCD"	"CC6DA8404E3A2789A0E98BED460C4FAA90822BAC0EA362C67E261774BD0BF191"	"paq8px-detected-sse"	"paq8px-detected-sse=1"	"hybridzip-r2-currenthash-cc6d-20260827-r2-paq8px-detected-sse"
"hybridzip-r2-currenthash-cc6d-20260827-r2"	"paq8px-detected-sse"	"37"	"webster"	"32"	"32768"	"9258"	"32768"	"0.28253173828125"	"2.26025390625"	"7.9616917"	"7.7521644"	"369.84765625"	"369.72265625"	"369.84765625"	"774D224695AF4057353F72602BB96CD2AFEEA059AC7737535645F11596FCA85E"	"FF169CC35A4AAC4EAE6ADCBAE2DB460122900288473B991B114A5BCCA57BF530"	"774D224695AF4057353F72602BB96CD2AFEEA059AC7737535645F11596FCA85E"	"CC6DA8404E3A2789A0E98BED460C4FAA90822BAC0EA362C67E261774BD0BF191"	"paq8px-detected-sse"	"paq8px-detected-sse=1"	"hybridzip-r2-currenthash-cc6d-20260827-r2-paq8px-detected-sse"
"hybridzip-r2-currenthash-cc6d-20260827-r2"	"paq8px-detected-sse"	"37"	"x-ray"	"32"	"32768"	"14724"	"32768"	"0.4493408203125"	"3.5947265625"	"14.7456348"	"14.6406099"	"547.125"	"547.046875"	"547.125"	"10511AA63DFBD9C0DDBFEFE36068740103D4BA1116E214154A0772057D7E9314"	"27D4192DA784406D10B47E9BC8539DD1EB103430BED9EE56D8E5B22813470A33"	"10511AA63DFBD9C0DDBFEFE36068740103D4BA1116E214154A0772057D7E9314"	"CC6DA8404E3A2789A0E98BED460C4FAA90822BAC0EA362C67E261774BD0BF191"	"paq8px-detected-sse"	"paq8px-detected-sse=1"	"hybridzip-r2-currenthash-cc6d-20260827-r2-paq8px-detected-sse"
"hybridzip-r2-currenthash-cc6d-20260827-r2"	"paq8px-detected-sse"	"37"	"xml"	"32"	"32768"	"1463"	"32768"	"0.044647216796875"	"0.357177734375"	"9.5140164"	"9.5205734"	"542.79296875"	"542.73046875"	"542.79296875"	"C2F7F129956F8D6FC3D0E3595D93F98D5270B6F5BC4AB5E70F45867822EFDD71"	"A3AC75D81CC4EBD21C4373C388F492DAD1CC27033E9D09DF7EB7B4F66807ABEB"	"C2F7F129956F8D6FC3D0E3595D93F98D5270B6F5BC4AB5E70F45867822EFDD71"	"CC6DA8404E3A2789A0E98BED460C4FAA90822BAC0EA362C67E261774BD0BF191"	"paq8px-detected-sse"	"paq8px-detected-sse=1"	"hybridzip-r2-currenthash-cc6d-20260827-r2-paq8px-detected-sse"
"hybridzip-r2-currenthash-cc6d-20260827-r2"	"wavpack"	"38"	"dickens"	"32"	"32768"	"30394"	"32768"	"0.92755126953125"	"7.42041015625"	"0.0598096"	"0.0595181"	"4.81640625"	"2.0234375"	"4.81640625"	"FC42DCB9849222C8704C9DCAE606D075B389B66244FB215035148D6409EC0B31"	"F355BBEA41BF36327463F7807B29924248674C65D35927D56DDEE6342538091E"	"FC42DCB9849222C8704C9DCAE606D075B389B66244FB215035148D6409EC0B31"	"CC6DA8404E3A2789A0E98BED460C4FAA90822BAC0EA362C67E261774BD0BF191"	"wavpack"	"wavpack=1"	"hybridzip-r2-currenthash-cc6d-20260827-r2-wavpack"
"hybridzip-r2-currenthash-cc6d-20260827-r2"	"wavpack"	"38"	"mozilla"	"32"	"32768"	"27684"	"32768"	"0.8448486328125"	"6.7587890625"	"0.0586014"	"0.0485926"	"2.0234375"	"4.421875"	"4.421875"	"9DDEEF36CA0CA55B72FE3376D005926DFF3400A2ADE6EAE18482D8017D8645DB"	"7BE1B0C1F66BBB4B8C090759BEDBA5A2A343B66B4232C9DFBF4636B74CD34304"	"9DDEEF36CA0CA55B72FE3376D005926DFF3400A2ADE6EAE18482D8017D8645DB"	"CC6DA8404E3A2789A0E98BED460C4FAA90822BAC0EA362C67E261774BD0BF191"	"wavpack"	"wavpack=1"	"hybridzip-r2-currenthash-cc6d-20260827-r2-wavpack"
"hybridzip-r2-currenthash-cc6d-20260827-r2"	"wavpack"	"38"	"mr"	"32"	"32768"	"12004"	"32768"	"0.3663330078125"	"2.9306640625"	"0.0834096"	"0.0453591"	"5.2421875"	"2.0234375"	"5.2421875"	"3BB287B0AF65F777AB00C14E362B4D1962087260556001BBEE0689AA10D9F76A"	"957EFFE555B3355B75ECDE08E80DBD1FF3AB18777EE9F3C2ADD58F772DF9BB9B"	"3BB287B0AF65F777AB00C14E362B4D1962087260556001BBEE0689AA10D9F76A"	"CC6DA8404E3A2789A0E98BED460C4FAA90822BAC0EA362C67E261774BD0BF191"	"wavpack"	"wavpack=1"	"hybridzip-r2-currenthash-cc6d-20260827-r2-wavpack"
"hybridzip-r2-currenthash-cc6d-20260827-r2"	"wavpack"	"38"	"nci"	"32"	"32768"	"23086"	"32768"	"0.70452880859375"	"5.63623046875"	"0.056082"	"0.0406072"	"4.84375"	"2.0234375"	"4.84375"	"0D3034FE8B0E573DE1439ED98CE409B83B13E5895085C9BFB0BF980F4962FB79"	"627F61AD0528DB21B267432B707041166D7ED438FCB4F61F8F16158D63E3B515"	"0D3034FE8B0E573DE1439ED98CE409B83B13E5895085C9BFB0BF980F4962FB79"	"CC6DA8404E3A2789A0E98BED460C4FAA90822BAC0EA362C67E261774BD0BF191"	"wavpack"	"wavpack=1"	"hybridzip-r2-currenthash-cc6d-20260827-r2-wavpack"
"hybridzip-r2-currenthash-cc6d-20260827-r2"	"wavpack"	"38"	"ooffice"	"32"	"32768"	"30730"	"32768"	"0.93780517578125"	"7.50244140625"	"0.054929"	"0.0453218"	"2.0234375"	"4.43359375"	"4.43359375"	"2ACF9B4CAAEAC5814CDFEF0FA48A5ECE857C847DBDB7B44EEAB95CA3C098921C"	"A49974E214CA61306FA6D1295BB29E39E0162768D351D11FAE58F93C005DA80A"	"2ACF9B4CAAEAC5814CDFEF0FA48A5ECE857C847DBDB7B44EEAB95CA3C098921C"	"CC6DA8404E3A2789A0E98BED460C4FAA90822BAC0EA362C67E261774BD0BF191"	"wavpack"	"wavpack=1"	"hybridzip-r2-currenthash-cc6d-20260827-r2-wavpack"
"hybridzip-r2-currenthash-cc6d-20260827-r2"	"wavpack"	"38"	"osdb"	"32"	"32768"	"30666"	"32768"	"0.93585205078125"	"7.48681640625"	"0.0664147"	"0.045109"	"4.42578125"	"2.0234375"	"4.42578125"	"03B2C20B777682CD960BCD893D7A4463161D9C0200FD1708B2EFAE32A259D0B7"	"7261E1A997E67AD92F8907AFFCD45DCD095E48B4E43C4BF965AA33809D99E31A"	"03B2C20B777682CD960BCD893D7A4463161D9C0200FD1708B2EFAE32A259D0B7"	"CC6DA8404E3A2789A0E98BED460C4FAA90822BAC0EA362C67E261774BD0BF191"	"wavpack"	"wavpack=1"	"hybridzip-r2-currenthash-cc6d-20260827-r2-wavpack"
"hybridzip-r2-currenthash-cc6d-20260827-r2"	"wavpack"	"38"	"reymont"	"32"	"32768"	"29064"	"32768"	"0.886962890625"	"7.095703125"	"0.05669"	"0.0411387"	"4.8359375"	"2.01953125"	"4.8359375"	"9D5E4B9340C2260DAE7DDB01B3EDA58236FF2DE5E1FF4D56767AA840B6FB1A87"	"D8AD9119B550AA63310FC268EC575117F21ABDA9394860831324E5FEA3A6A3E0"	"9D5E4B9340C2260DAE7DDB01B3EDA58236FF2DE5E1FF4D56767AA840B6FB1A87"	"CC6DA8404E3A2789A0E98BED460C4FAA90822BAC0EA362C67E261774BD0BF191"	"wavpack"	"wavpack=1"	"hybridzip-r2-currenthash-cc6d-20260827-r2-wavpack"
"hybridzip-r2-currenthash-cc6d-20260827-r2"	"wavpack"	"38"	"samba"	"32"	"32768"	"28612"	"32768"	"0.8731689453125"	"6.9853515625"	"0.0512912"	"0.0394645"	"4.83203125"	"2.0234375"	"4.83203125"	"9C4F5BEE544E4531E4946E62F796987418B4526911C34877EF282F14DD57AD12"	"705B1FE0A21490C23FCE53E4F33E80AD01786E0C0A5A906072831CC25A802C1F"	"9C4F5BEE544E4531E4946E62F796987418B4526911C34877EF282F14DD57AD12"	"CC6DA8404E3A2789A0E98BED460C4FAA90822BAC0EA362C67E261774BD0BF191"	"wavpack"	"wavpack=1"	"hybridzip-r2-currenthash-cc6d-20260827-r2-wavpack"
"hybridzip-r2-currenthash-cc6d-20260827-r2"	"wavpack"	"38"	"sao"	"32"	"32768"	"33134"	"32768"	"1.01116943359375"	"8.08935546875"	"0.0535666"	"0.0432653"	"4.84375"	"2.0234375"	"4.84375"	"95677430CAD4F000506BC5EE22815C3F4E13D64B477ED506B78D5D9ACFB50CCD"	"00B595D4022F3488A6AEFAF96E104D55560F87A735CE0D9DC8CA8EB3A8BCDD02"	"95677430CAD4F000506BC5EE22815C3F4E13D64B477ED506B78D5D9ACFB50CCD"	"CC6DA8404E3A2789A0E98BED460C4FAA90822BAC0EA362C67E261774BD0BF191"	"wavpack"	"wavpack=1"	"hybridzip-r2-currenthash-cc6d-20260827-r2-wavpack"
"hybridzip-r2-currenthash-cc6d-20260827-r2"	"wavpack"	"38"	"webster"	"32"	"32768"	"29864"	"32768"	"0.911376953125"	"7.291015625"	"0.0631797"	"0.0604239"	"4.203125"	"4.08984375"	"4.203125"	"774D224695AF4057353F72602BB96CD2AFEEA059AC7737535645F11596FCA85E"	"66A881B613C9882D2B8D3F7A101441A6B3FFD8DC16EBDEDBD177026375DC5639"	"774D224695AF4057353F72602BB96CD2AFEEA059AC7737535645F11596FCA85E"	"CC6DA8404E3A2789A0E98BED460C4FAA90822BAC0EA362C67E261774BD0BF191"	"wavpack"	"wavpack=1"	"hybridzip-r2-currenthash-cc6d-20260827-r2-wavpack"
"hybridzip-r2-currenthash-cc6d-20260827-r2"	"wavpack"	"38"	"x-ray"	"32"	"32768"	"15700"	"32768"	"0.4791259765625"	"3.8330078125"	"0.0555689"	"0.039097"	"2.0234375"	"2.0234375"	"2.0234375"	"10511AA63DFBD9C0DDBFEFE36068740103D4BA1116E214154A0772057D7E9314"	"2CF3AB2C42DE446B24FDBAB883BA6FF1CCD8B0D7B48074F9DCF095648E21A39D"	"10511AA63DFBD9C0DDBFEFE36068740103D4BA1116E214154A0772057D7E9314"	"CC6DA8404E3A2789A0E98BED460C4FAA90822BAC0EA362C67E261774BD0BF191"	"wavpack"	"wavpack=1"	"hybridzip-r2-currenthash-cc6d-20260827-r2-wavpack"
"hybridzip-r2-currenthash-cc6d-20260827-r2"	"wavpack"	"38"	"xml"	"32"	"32768"	"26290"	"32768"	"0.80230712890625"	"6.41845703125"	"0.0657596"	"0.0586009"	"5.265625"	"2.0234375"	"5.265625"	"C2F7F129956F8D6FC3D0E3595D93F98D5270B6F5BC4AB5E70F45867822EFDD71"	"1E0B91AD56A8D96E15002CA442AD536B35D831093AF4AE3892FFC4945C30E428"	"C2F7F129956F8D6FC3D0E3595D93F98D5270B6F5BC4AB5E70F45867822EFDD71"	"CC6DA8404E3A2789A0E98BED460C4FAA90822BAC0EA362C67E261774BD0BF191"	"wavpack"	"wavpack=1"	"hybridzip-r2-currenthash-cc6d-20260827-r2-wavpack"
"hybridzip-r2-currenthash-cc6d-20260827-r2"	"lz4"	"39"	"dickens"	"32"	"32768"	"17904"	"32768"	"0.54638671875"	"4.37109375"	"0.0522786"	"0.0529785"	"2.0234375"	"2.0234375"	"2.0234375"	"FC42DCB9849222C8704C9DCAE606D075B389B66244FB215035148D6409EC0B31"	"343F190E28E6B070977747021BFA8C646101A3352C5FA1AAD02B8DB56624CAC6"	"FC42DCB9849222C8704C9DCAE606D075B389B66244FB215035148D6409EC0B31"	"CC6DA8404E3A2789A0E98BED460C4FAA90822BAC0EA362C67E261774BD0BF191"	"lz4"	"lz4=1"	"hybridzip-r2-currenthash-cc6d-20260827-r2-lz4"
"hybridzip-r2-currenthash-cc6d-20260827-r2"	"lz4"	"39"	"mozilla"	"32"	"32768"	"13788"	"32768"	"0.4207763671875"	"3.3662109375"	"0.0509824"	"0.0390692"	"4.703125"	"2.0234375"	"4.703125"	"9DDEEF36CA0CA55B72FE3376D005926DFF3400A2ADE6EAE18482D8017D8645DB"	"495A3B0B92A349E6D4F1690CD6A415CDBFE0753E75A9051CC745F329E75F3D7A"	"9DDEEF36CA0CA55B72FE3376D005926DFF3400A2ADE6EAE18482D8017D8645DB"	"CC6DA8404E3A2789A0E98BED460C4FAA90822BAC0EA362C67E261774BD0BF191"	"lz4"	"lz4=1"	"hybridzip-r2-currenthash-cc6d-20260827-r2-lz4"
"hybridzip-r2-currenthash-cc6d-20260827-r2"	"lz4"	"39"	"mr"	"32"	"32768"	"11063"	"32768"	"0.337615966796875"	"2.700927734375"	"0.0476382"	"0.0543903"	"4.15234375"	"2.0234375"	"4.15234375"	"3BB287B0AF65F777AB00C14E362B4D1962087260556001BBEE0689AA10D9F76A"	"D95FDCE28856C49843D9BB96E3EC0BC802861996475B2BF57BA8F2E7124DD0A0"	"3BB287B0AF65F777AB00C14E362B4D1962087260556001BBEE0689AA10D9F76A"	"CC6DA8404E3A2789A0E98BED460C4FAA90822BAC0EA362C67E261774BD0BF191"	"lz4"	"lz4=1"	"hybridzip-r2-currenthash-cc6d-20260827-r2-lz4"
"hybridzip-r2-currenthash-cc6d-20260827-r2"	"lz4"	"39"	"nci"	"32"	"32768"	"4082"	"32768"	"0.12457275390625"	"0.99658203125"	"0.050339"	"0.0411185"	"4.703125"	"2.0234375"	"4.703125"	"0D3034FE8B0E573DE1439ED98CE409B83B13E5895085C9BFB0BF980F4962FB79"	"FDBA1E110AF192728E47231FF76EAF57A9B344DCFE72B1E94CAEF6D23A73CF4C"	"0D3034FE8B0E573DE1439ED98CE409B83B13E5895085C9BFB0BF980F4962FB79"	"CC6DA8404E3A2789A0E98BED460C4FAA90822BAC0EA362C67E261774BD0BF191"	"lz4"	"lz4=1"	"hybridzip-r2-currenthash-cc6d-20260827-r2-lz4"
"hybridzip-r2-currenthash-cc6d-20260827-r2"	"lz4"	"39"	"ooffice"	"32"	"32768"	"17537"	"32768"	"0.535186767578125"	"4.281494140625"	"0.046334"	"0.0619932"	"4.7265625"	"3.0078125"	"4.7265625"	"2ACF9B4CAAEAC5814CDFEF0FA48A5ECE857C847DBDB7B44EEAB95CA3C098921C"	"D6BD4EEAA72E68138C9914E27858B39D5D2415AD8C5B1D833C2C110D486BDE4F"	"2ACF9B4CAAEAC5814CDFEF0FA48A5ECE857C847DBDB7B44EEAB95CA3C098921C"	"CC6DA8404E3A2789A0E98BED460C4FAA90822BAC0EA362C67E261774BD0BF191"	"lz4"	"lz4=1"	"hybridzip-r2-currenthash-cc6d-20260827-r2-lz4"
"hybridzip-r2-currenthash-cc6d-20260827-r2"	"lz4"	"39"	"osdb"	"32"	"32768"	"17886"	"32768"	"0.54583740234375"	"4.36669921875"	"0.063014"	"0.0465242"	"4.6796875"	"3.5859375"	"4.6796875"	"03B2C20B777682CD960BCD893D7A4463161D9C0200FD1708B2EFAE32A259D0B7"	"FF339205BA4B2440C5094344B57AEA8353E37EED135E6DF989393573CD8F7FEC"	"03B2C20B777682CD960BCD893D7A4463161D9C0200FD1708B2EFAE32A259D0B7"	"CC6DA8404E3A2789A0E98BED460C4FAA90822BAC0EA362C67E261774BD0BF191"	"lz4"	"lz4=1"	"hybridzip-r2-currenthash-cc6d-20260827-r2-lz4"
"hybridzip-r2-currenthash-cc6d-20260827-r2"	"lz4"	"39"	"reymont"	"32"	"32768"	"12650"	"32768"	"0.38604736328125"	"3.08837890625"	"0.0476435"	"0.0414108"	"2.0234375"	"2.0234375"	"2.0234375"	"9D5E4B9340C2260DAE7DDB01B3EDA58236FF2DE5E1FF4D56767AA840B6FB1A87"	"BA9DEE4941BE90656AA5ABBFBEDE16B7800811B141BF6076711E05BDA30C7FF8"	"9D5E4B9340C2260DAE7DDB01B3EDA58236FF2DE5E1FF4D56767AA840B6FB1A87"	"CC6DA8404E3A2789A0E98BED460C4FAA90822BAC0EA362C67E261774BD0BF191"	"lz4"	"lz4=1"	"hybridzip-r2-currenthash-cc6d-20260827-r2-lz4"
"hybridzip-r2-currenthash-cc6d-20260827-r2"	"lz4"	"39"	"samba"	"32"	"32768"	"14773"	"32768"	"0.450836181640625"	"3.606689453125"	"0.051603"	"0.0498041"	"4.6875"	"4.3828125"	"4.6875"	"9C4F5BEE544E4531E4946E62F796987418B4526911C34877EF282F14DD57AD12"	"CA6F2ABF7DBBE51FDA81B57F47CCADD55193C780653EE9579EFB01EE7702FA52"	"9C4F5BEE544E4531E4946E62F796987418B4526911C34877EF282F14DD57AD12"	"CC6DA8404E3A2789A0E98BED460C4FAA90822BAC0EA362C67E261774BD0BF191"	"lz4"	"lz4=1"	"hybridzip-r2-currenthash-cc6d-20260827-r2-lz4"
"hybridzip-r2-currenthash-cc6d-20260827-r2"	"lz4"	"39"	"sao"	"32"	"32768"	"27179"	"32768"	"0.829437255859375"	"6.635498046875"	"0.0540477"	"0.0628548"	"2.0234375"	"4.34765625"	"4.34765625"	"95677430CAD4F000506BC5EE22815C3F4E13D64B477ED506B78D5D9ACFB50CCD"	"B7BA3DCE01AE380EA5F596ABC9A60389ABE71A7FB8497BA0E61A089DC9DC4745"	"95677430CAD4F000506BC5EE22815C3F4E13D64B477ED506B78D5D9ACFB50CCD"	"CC6DA8404E3A2789A0E98BED460C4FAA90822BAC0EA362C67E261774BD0BF191"	"lz4"	"lz4=1"	"hybridzip-r2-currenthash-cc6d-20260827-r2-lz4"
"hybridzip-r2-currenthash-cc6d-20260827-r2"	"lz4"	"39"	"webster"	"32"	"32768"	"17144"	"32768"	"0.523193359375"	"4.185546875"	"0.0454113"	"0.052715"	"2.0234375"	"2.0234375"	"2.0234375"	"774D224695AF4057353F72602BB96CD2AFEEA059AC7737535645F11596FCA85E"	"71359197450AAB7FEC47A72D4D22A1103576F75FF2C348BCC19C193A29671EC2"	"774D224695AF4057353F72602BB96CD2AFEEA059AC7737535645F11596FCA85E"	"CC6DA8404E3A2789A0E98BED460C4FAA90822BAC0EA362C67E261774BD0BF191"	"lz4"	"lz4=1"	"hybridzip-r2-currenthash-cc6d-20260827-r2-lz4"
"hybridzip-r2-currenthash-cc6d-20260827-r2"	"lz4"	"39"	"x-ray"	"32"	"32768"	"31072"	"32768"	"0.9482421875"	"7.5859375"	"0.0532167"	"0.0596139"	"4.67578125"	"2.3359375"	"4.67578125"	"10511AA63DFBD9C0DDBFEFE36068740103D4BA1116E214154A0772057D7E9314"	"563B4C0609AC408DFF461EAB0DAF2B875E378015390DF70DDE1FF82F5BF7B24A"	"10511AA63DFBD9C0DDBFEFE36068740103D4BA1116E214154A0772057D7E9314"	"CC6DA8404E3A2789A0E98BED460C4FAA90822BAC0EA362C67E261774BD0BF191"	"lz4"	"lz4=1"	"hybridzip-r2-currenthash-cc6d-20260827-r2-lz4"
"hybridzip-r2-currenthash-cc6d-20260827-r2"	"lz4"	"39"	"xml"	"32"	"32768"	"3939"	"32768"	"0.120208740234375"	"0.961669921875"	"0.0493256"	"0.0526001"	"2.0234375"	"2.0234375"	"2.0234375"	"C2F7F129956F8D6FC3D0E3595D93F98D5270B6F5BC4AB5E70F45867822EFDD71"	"68B3F497E33178CEC527A342E33A419E502F7E197DB31CD85CB9403CD6CCD669"	"C2F7F129956F8D6FC3D0E3595D93F98D5270B6F5BC4AB5E70F45867822EFDD71"	"CC6DA8404E3A2789A0E98BED460C4FAA90822BAC0EA362C67E261774BD0BF191"	"lz4"	"lz4=1"	"hybridzip-r2-currenthash-cc6d-20260827-r2-lz4"
"hybridzip-r2-currenthash-cc6d-20260827-r2"	"kanzi-ans"	"40"	"dickens"	"32"	"32768"	"19323"	"32768"	"0.589691162109375"	"4.717529296875"	"0.0479139"	"0.0399565"	"2.0234375"	"2.0234375"	"2.0234375"	"FC42DCB9849222C8704C9DCAE606D075B389B66244FB215035148D6409EC0B31"	"1F2F6001BBF36006A3D606B4CB1DB2FEF28FC0809B94FE1045BAAE4EB7DEEB89"	"FC42DCB9849222C8704C9DCAE606D075B389B66244FB215035148D6409EC0B31"	"CC6DA8404E3A2789A0E98BED460C4FAA90822BAC0EA362C67E261774BD0BF191"	"kanzi-ans"	"kanzi-ans=1"	"hybridzip-r2-currenthash-cc6d-20260827-r2-kanzi-ans"
"hybridzip-r2-currenthash-cc6d-20260827-r2"	"kanzi-ans"	"40"	"mozilla"	"32"	"32768"	"20043"	"32768"	"0.611663818359375"	"4.893310546875"	"0.0549721"	"0.0417934"	"4.44921875"	"2.0234375"	"4.44921875"	"9DDEEF36CA0CA55B72FE3376D005926DFF3400A2ADE6EAE18482D8017D8645DB"	"2995C9AE3C8858EE879EEE8F910272F4309684675580928F2D6A99D53FEE0B1E"	"9DDEEF36CA0CA55B72FE3376D005926DFF3400A2ADE6EAE18482D8017D8645DB"	"CC6DA8404E3A2789A0E98BED460C4FAA90822BAC0EA362C67E261774BD0BF191"	"kanzi-ans"	"kanzi-ans=1"	"hybridzip-r2-currenthash-cc6d-20260827-r2-kanzi-ans"
"hybridzip-r2-currenthash-cc6d-20260827-r2"	"kanzi-ans"	"40"	"mr"	"32"	"32768"	"11198"	"32768"	"0.34173583984375"	"2.73388671875"	"0.0463693"	"0.0535"	"2.0234375"	"2.0234375"	"2.0234375"	"3BB287B0AF65F777AB00C14E362B4D1962087260556001BBEE0689AA10D9F76A"	"B391E012D90D2460F20C0228BD48089BCD89F83F639E4E44C4A1595911A596C9"	"3BB287B0AF65F777AB00C14E362B4D1962087260556001BBEE0689AA10D9F76A"	"CC6DA8404E3A2789A0E98BED460C4FAA90822BAC0EA362C67E261774BD0BF191"	"kanzi-ans"	"kanzi-ans=1"	"hybridzip-r2-currenthash-cc6d-20260827-r2-kanzi-ans"
"hybridzip-r2-currenthash-cc6d-20260827-r2"	"kanzi-ans"	"40"	"nci"	"32"	"32768"	"10104"	"32768"	"0.308349609375"	"2.466796875"	"0.0458345"	"0.0555925"	"2.01953125"	"2.0234375"	"2.0234375"	"0D3034FE8B0E573DE1439ED98CE409B83B13E5895085C9BFB0BF980F4962FB79"	"80FE28EDF19111D6130F5575C3B607527DF9AEC1DCA7F0C944F02D5334BE890A"	"0D3034FE8B0E573DE1439ED98CE409B83B13E5895085C9BFB0BF980F4962FB79"	"CC6DA8404E3A2789A0E98BED460C4FAA90822BAC0EA362C67E261774BD0BF191"	"kanzi-ans"	"kanzi-ans=1"	"hybridzip-r2-currenthash-cc6d-20260827-r2-kanzi-ans"
"hybridzip-r2-currenthash-cc6d-20260827-r2"	"kanzi-ans"	"40"	"ooffice"	"32"	"32768"	"24740"	"32768"	"0.7550048828125"	"6.0400390625"	"0.0507339"	"0.0602359"	"4.4609375"	"2.0234375"	"4.4609375"	"2ACF9B4CAAEAC5814CDFEF0FA48A5ECE857C847DBDB7B44EEAB95CA3C098921C"	"315D00978B2236A76964E74B2B2F89DC23E3F87D2EEE69BA801FC30E3D2B785B"	"2ACF9B4CAAEAC5814CDFEF0FA48A5ECE857C847DBDB7B44EEAB95CA3C098921C"	"CC6DA8404E3A2789A0E98BED460C4FAA90822BAC0EA362C67E261774BD0BF191"	"kanzi-ans"	"kanzi-ans=1"	"hybridzip-r2-currenthash-cc6d-20260827-r2-kanzi-ans"
"hybridzip-r2-currenthash-cc6d-20260827-r2"	"kanzi-ans"	"40"	"osdb"	"32"	"32768"	"27447"	"32768"	"0.837615966796875"	"6.700927734375"	"0.0512731"	"0.0481278"	"2.0234375"	"4.23046875"	"4.23046875"	"03B2C20B777682CD960BCD893D7A4463161D9C0200FD1708B2EFAE32A259D0B7"	"350B1E45498B8717CF3BF91BDAE909A9AAA786D2815FBD2A5071C0B885980BA5"	"03B2C20B777682CD960BCD893D7A4463161D9C0200FD1708B2EFAE32A259D0B7"	"CC6DA8404E3A2789A0E98BED460C4FAA90822BAC0EA362C67E261774BD0BF191"	"kanzi-ans"	"kanzi-ans=1"	"hybridzip-r2-currenthash-cc6d-20260827-r2-kanzi-ans"
"hybridzip-r2-currenthash-cc6d-20260827-r2"	"kanzi-ans"	"40"	"reymont"	"32"	"32768"	"20356"	"32768"	"0.6212158203125"	"4.9697265625"	"0.0605789"	"0.0648898"	"2.68359375"	"2.0234375"	"2.68359375"	"9D5E4B9340C2260DAE7DDB01B3EDA58236FF2DE5E1FF4D56767AA840B6FB1A87"	"893D1D10FC6722BF41FCF6CD8E5DB98929AFC8344EF1C6FEB08EADC81E7C3567"	"9D5E4B9340C2260DAE7DDB01B3EDA58236FF2DE5E1FF4D56767AA840B6FB1A87"	"CC6DA8404E3A2789A0E98BED460C4FAA90822BAC0EA362C67E261774BD0BF191"	"kanzi-ans"	"kanzi-ans=1"	"hybridzip-r2-currenthash-cc6d-20260827-r2-kanzi-ans"
"hybridzip-r2-currenthash-cc6d-20260827-r2"	"kanzi-ans"	"40"	"samba"	"32"	"32768"	"19855"	"32768"	"0.605926513671875"	"4.847412109375"	"0.0464228"	"0.0478387"	"2.0234375"	"3.55078125"	"3.55078125"	"9C4F5BEE544E4531E4946E62F796987418B4526911C34877EF282F14DD57AD12"	"517A6AE5A068BC9FC2750E4B0F9F7FCF821EF961D38B765A63EAC43A6A723110"	"9C4F5BEE544E4531E4946E62F796987418B4526911C34877EF282F14DD57AD12"	"CC6DA8404E3A2789A0E98BED460C4FAA90822BAC0EA362C67E261774BD0BF191"	"kanzi-ans"	"kanzi-ans=1"	"hybridzip-r2-currenthash-cc6d-20260827-r2-kanzi-ans"
"hybridzip-r2-currenthash-cc6d-20260827-r2"	"kanzi-ans"	"40"	"sao"	"32"	"32768"	"30571"	"32768"	"0.932952880859375"	"7.463623046875"	"0.0629533"	"0.0409394"	"4.453125"	"2.0234375"	"4.453125"	"95677430CAD4F000506BC5EE22815C3F4E13D64B477ED506B78D5D9ACFB50CCD"	"D443847467294EE5E704FDE79DF4EAC368D7DA03709A394D04030AB57C171952"	"95677430CAD4F000506BC5EE22815C3F4E13D64B477ED506B78D5D9ACFB50CCD"	"CC6DA8404E3A2789A0E98BED460C4FAA90822BAC0EA362C67E261774BD0BF191"	"kanzi-ans"	"kanzi-ans=1"	"hybridzip-r2-currenthash-cc6d-20260827-r2-kanzi-ans"
"hybridzip-r2-currenthash-cc6d-20260827-r2"	"kanzi-ans"	"40"	"webster"	"32"	"32768"	"20704"	"32768"	"0.6318359375"	"5.0546875"	"0.0485102"	"0.0415631"	"2.0234375"	"2.0234375"	"2.0234375"	"774D224695AF4057353F72602BB96CD2AFEEA059AC7737535645F11596FCA85E"	"3028DD6234B6328F65A79FC4E9B986E85B8D5BF075A7B642BDF074A152EB2F81"	"774D224695AF4057353F72602BB96CD2AFEEA059AC7737535645F11596FCA85E"	"CC6DA8404E3A2789A0E98BED460C4FAA90822BAC0EA362C67E261774BD0BF191"	"kanzi-ans"	"kanzi-ans=1"	"hybridzip-r2-currenthash-cc6d-20260827-r2-kanzi-ans"
"hybridzip-r2-currenthash-cc6d-20260827-r2"	"kanzi-ans"	"40"	"x-ray"	"32"	"32768"	"27032"	"32768"	"0.824951171875"	"6.599609375"	"0.0525996"	"0.0611781"	"4.4453125"	"4.3828125"	"4.4453125"	"10511AA63DFBD9C0DDBFEFE36068740103D4BA1116E214154A0772057D7E9314"	"CF461329782C89FD8EDCEB0067E8DCF41BD7153713DA9B3466FEEE1CDBB1F445"	"10511AA63DFBD9C0DDBFEFE36068740103D4BA1116E214154A0772057D7E9314"	"CC6DA8404E3A2789A0E98BED460C4FAA90822BAC0EA362C67E261774BD0BF191"	"kanzi-ans"	"kanzi-ans=1"	"hybridzip-r2-currenthash-cc6d-20260827-r2-kanzi-ans"
"hybridzip-r2-currenthash-cc6d-20260827-r2"	"kanzi-ans"	"40"	"xml"	"32"	"32768"	"21723"	"32768"	"0.662933349609375"	"5.303466796875"	"0.0544535"	"0.0632823"	"4.453125"	"2.8515625"	"4.453125"	"C2F7F129956F8D6FC3D0E3595D93F98D5270B6F5BC4AB5E70F45867822EFDD71"	"6F42C3A7D9126F31D3A1A7E216A3C90D5DA0C01A82E1FFEEEEF92884E4D6B107"	"C2F7F129956F8D6FC3D0E3595D93F98D5270B6F5BC4AB5E70F45867822EFDD71"	"CC6DA8404E3A2789A0E98BED460C4FAA90822BAC0EA362C67E261774BD0BF191"	"kanzi-ans"	"kanzi-ans=1"	"hybridzip-r2-currenthash-cc6d-20260827-r2-kanzi-ans"
"hybridzip-r2-currenthash-cc6d-20260827-r2"	"lmic-arithmetic"	"41"	"dickens"	"32"	"32768"	"25243"	"32768"	"0.770355224609375"	"6.162841796875"	"0.0737783"	"0.0584511"	"4.4921875"	"2.0234375"	"4.4921875"	"FC42DCB9849222C8704C9DCAE606D075B389B66244FB215035148D6409EC0B31"	"2415B1A9682BFCA7ACD9EC300FB21BBEB4E683BEE3A028ECCB8242F229E3B73A"	"FC42DCB9849222C8704C9DCAE606D075B389B66244FB215035148D6409EC0B31"	"CC6DA8404E3A2789A0E98BED460C4FAA90822BAC0EA362C67E261774BD0BF191"	"lmic-arithmetic"	"lmic-arithmetic=1"	"hybridzip-r2-currenthash-cc6d-20260827-r2-lmic-arithmetic"
"hybridzip-r2-currenthash-cc6d-20260827-r2"	"lmic-arithmetic"	"41"	"mozilla"	"32"	"32768"	"56197"	"32768"	"1.714996337890625"	"13.719970703125"	"0.0480341"	"0.0522085"	"4.5234375"	"4.48046875"	"4.5234375"	"9DDEEF36CA0CA55B72FE3376D005926DFF3400A2ADE6EAE18482D8017D8645DB"	"24FAE2EEC93577A564F58D053EBFB0D19283E19B7B6467DE546AA26B562C55A6"	"9DDEEF36CA0CA55B72FE3376D005926DFF3400A2ADE6EAE18482D8017D8645DB"	"CC6DA8404E3A2789A0E98BED460C4FAA90822BAC0EA362C67E261774BD0BF191"	"lmic-arithmetic"	"lmic-arithmetic=1"	"hybridzip-r2-currenthash-cc6d-20260827-r2-lmic-arithmetic"
"hybridzip-r2-currenthash-cc6d-20260827-r2"	"lmic-arithmetic"	"41"	"mr"	"32"	"32768"	"62894"	"32768"	"1.91937255859375"	"15.35498046875"	"0.0650082"	"0.0627082"	"4.5390625"	"4.17578125"	"4.5390625"	"3BB287B0AF65F777AB00C14E362B4D1962087260556001BBEE0689AA10D9F76A"	"2EDD6079833FE863F36057F5B3B2D441D43079DF91960F37A3D6E1F58CCD0A6D"	"3BB287B0AF65F777AB00C14E362B4D1962087260556001BBEE0689AA10D9F76A"	"CC6DA8404E3A2789A0E98BED460C4FAA90822BAC0EA362C67E261774BD0BF191"	"lmic-arithmetic"	"lmic-arithmetic=1"	"hybridzip-r2-currenthash-cc6d-20260827-r2-lmic-arithmetic"
"hybridzip-r2-currenthash-cc6d-20260827-r2"	"lmic-arithmetic"	"41"	"nci"	"32"	"32768"	"30240"	"32768"	"0.9228515625"	"7.3828125"	"0.05137"	"0.063052"	"2.0234375"	"2.0234375"	"2.0234375"	"0D3034FE8B0E573DE1439ED98CE409B83B13E5895085C9BFB0BF980F4962FB79"	"4F9DF6A7E155DB556140C5AF15541AF09B5CC3B5D7688189A0736EA36E0D616C"	"0D3034FE8B0E573DE1439ED98CE409B83B13E5895085C9BFB0BF980F4962FB79"	"CC6DA8404E3A2789A0E98BED460C4FAA90822BAC0EA362C67E261774BD0BF191"	"lmic-arithmetic"	"lmic-arithmetic=1"	"hybridzip-r2-currenthash-cc6d-20260827-r2-lmic-arithmetic"
"hybridzip-r2-currenthash-cc6d-20260827-r2"	"lmic-arithmetic"	"41"	"ooffice"	"32"	"32768"	"54414"	"32768"	"1.66058349609375"	"13.28466796875"	"0.0545991"	"0.0550935"	"4.58203125"	"4.5078125"	"4.58203125"	"2ACF9B4CAAEAC5814CDFEF0FA48A5ECE857C847DBDB7B44EEAB95CA3C098921C"	"985AE778013363FBB725CDC535F605B10C2022BF5FEFE433432A48AFCE46CC5B"	"2ACF9B4CAAEAC5814CDFEF0FA48A5ECE857C847DBDB7B44EEAB95CA3C098921C"	"CC6DA8404E3A2789A0E98BED460C4FAA90822BAC0EA362C67E261774BD0BF191"	"lmic-arithmetic"	"lmic-arithmetic=1"	"hybridzip-r2-currenthash-cc6d-20260827-r2-lmic-arithmetic"
"hybridzip-r2-currenthash-cc6d-20260827-r2"	"lmic-arithmetic"	"41"	"osdb"	"32"	"32768"	"42104"	"32768"	"1.284912109375"	"10.279296875"	"0.0477532"	"0.050629"	"3.625"	"2.0234375"	"3.625"	"03B2C20B777682CD960BCD893D7A4463161D9C0200FD1708B2EFAE32A259D0B7"	"75FBC0E845C4680E206B3BF74942F4416962CAB1A3D36832B7583FE1ECA4432A"	"03B2C20B777682CD960BCD893D7A4463161D9C0200FD1708B2EFAE32A259D0B7"	"CC6DA8404E3A2789A0E98BED460C4FAA90822BAC0EA362C67E261774BD0BF191"	"lmic-arithmetic"	"lmic-arithmetic=1"	"hybridzip-r2-currenthash-cc6d-20260827-r2-lmic-arithmetic"
"hybridzip-r2-currenthash-cc6d-20260827-r2"	"lmic-arithmetic"	"41"	"reymont"	"32"	"32768"	"37554"	"32768"	"1.14605712890625"	"9.16845703125"	"0.0526675"	"0.0614374"	"4.41796875"	"4.3828125"	"4.41796875"	"9D5E4B9340C2260DAE7DDB01B3EDA58236FF2DE5E1FF4D56767AA840B6FB1A87"	"0DF76A07AFD1C6D9B549DD6D62E8A47A2D5AC2DBD4EC9BC882DDC56AD1302525"	"9D5E4B9340C2260DAE7DDB01B3EDA58236FF2DE5E1FF4D56767AA840B6FB1A87"	"CC6DA8404E3A2789A0E98BED460C4FAA90822BAC0EA362C67E261774BD0BF191"	"lmic-arithmetic"	"lmic-arithmetic=1"	"hybridzip-r2-currenthash-cc6d-20260827-r2-lmic-arithmetic"
"hybridzip-r2-currenthash-cc6d-20260827-r2"	"lmic-arithmetic"	"41"	"samba"	"32"	"32768"	"30653"	"32768"	"0.935455322265625"	"7.483642578125"	"0.0543545"	"0.0467404"	"4.4765625"	"2.0234375"	"4.4765625"	"9C4F5BEE544E4531E4946E62F796987418B4526911C34877EF282F14DD57AD12"	"03F1A9CB5671FB78BAA4DACBAC05FF4DF3D7D70CE6FA5164DF38378F869D0B76"	"9C4F5BEE544E4531E4946E62F796987418B4526911C34877EF282F14DD57AD12"	"CC6DA8404E3A2789A0E98BED460C4FAA90822BAC0EA362C67E261774BD0BF191"	"lmic-arithmetic"	"lmic-arithmetic=1"	"hybridzip-r2-currenthash-cc6d-20260827-r2-lmic-arithmetic"
"hybridzip-r2-currenthash-cc6d-20260827-r2"	"lmic-arithmetic"	"41"	"sao"	"32"	"32768"	"53552"	"32768"	"1.63427734375"	"13.07421875"	"0.0517234"	"0.0698151"	"4.4921875"	"2.0234375"	"4.4921875"	"95677430CAD4F000506BC5EE22815C3F4E13D64B477ED506B78D5D9ACFB50CCD"	"50ABF6CC3832BF437465122A265D7E495B9CA2B21F177208B3042400964421DA"	"95677430CAD4F000506BC5EE22815C3F4E13D64B477ED506B78D5D9ACFB50CCD"	"CC6DA8404E3A2789A0E98BED460C4FAA90822BAC0EA362C67E261774BD0BF191"	"lmic-arithmetic"	"lmic-arithmetic=1"	"hybridzip-r2-currenthash-cc6d-20260827-r2-lmic-arithmetic"
"hybridzip-r2-currenthash-cc6d-20260827-r2"	"lmic-arithmetic"	"41"	"webster"	"32"	"32768"	"28291"	"32768"	"0.863372802734375"	"6.906982421875"	"0.0456032"	"0.0651174"	"2.0234375"	"4.37890625"	"4.37890625"	"774D224695AF4057353F72602BB96CD2AFEEA059AC7737535645F11596FCA85E"	"17E1C733C8D9708474CEBAAC78D8555DE160E50FCCD8D46B2B7DBEFC87D49C24"	"774D224695AF4057353F72602BB96CD2AFEEA059AC7737535645F11596FCA85E"	"CC6DA8404E3A2789A0E98BED460C4FAA90822BAC0EA362C67E261774BD0BF191"	"lmic-arithmetic"	"lmic-arithmetic=1"	"hybridzip-r2-currenthash-cc6d-20260827-r2-lmic-arithmetic"
"hybridzip-r2-currenthash-cc6d-20260827-r2"	"lmic-arithmetic"	"41"	"x-ray"	"32"	"32768"	"56086"	"32768"	"1.71160888671875"	"13.69287109375"	"0.0521094"	"0.0486925"	"2.0234375"	"2.0234375"	"2.0234375"	"10511AA63DFBD9C0DDBFEFE36068740103D4BA1116E214154A0772057D7E9314"	"010613DE829522A118A6F4D6375CE8335983C560EDD16F6398C4F7EB7ACD606B"	"10511AA63DFBD9C0DDBFEFE36068740103D4BA1116E214154A0772057D7E9314"	"CC6DA8404E3A2789A0E98BED460C4FAA90822BAC0EA362C67E261774BD0BF191"	"lmic-arithmetic"	"lmic-arithmetic=1"	"hybridzip-r2-currenthash-cc6d-20260827-r2-lmic-arithmetic"
"hybridzip-r2-currenthash-cc6d-20260827-r2"	"lmic-arithmetic"	"41"	"xml"	"32"	"32768"	"38485"	"32768"	"1.174468994140625"	"9.395751953125"	"0.0532988"	"0.0561748"	"4.43359375"	"3.47265625"	"4.43359375"	"C2F7F129956F8D6FC3D0E3595D93F98D5270B6F5BC4AB5E70F45867822EFDD71"	"8BE487C88B02125AFD9DF582B6A1AA932F59B796F347D7233348C6AF83B82539"	"C2F7F129956F8D6FC3D0E3595D93F98D5270B6F5BC4AB5E70F45867822EFDD71"	"CC6DA8404E3A2789A0E98BED460C4FAA90822BAC0EA362C67E261774BD0BF191"	"lmic-arithmetic"	"lmic-arithmetic=1"	"hybridzip-r2-currenthash-cc6d-20260827-r2-lmic-arithmetic"
"hybridzip-r2-currenthash-cc6d-20260827-r2"	"delta-binary-packed-zstd"	"42"	"dickens"	"32"	"32768"	"32026"	"32768"	"0.97735595703125"	"7.81884765625"	"0.0832068"	"0.0607188"	"5.9140625"	"2.0234375"	"5.9140625"	"FC42DCB9849222C8704C9DCAE606D075B389B66244FB215035148D6409EC0B31"	"45A9319DEF9D9CD929F17598D6B2419D51B8C614BC7FD668EBA61607A80B5164"	"FC42DCB9849222C8704C9DCAE606D075B389B66244FB215035148D6409EC0B31"	"CC6DA8404E3A2789A0E98BED460C4FAA90822BAC0EA362C67E261774BD0BF191"	"delta-binary-packed-zstd"	"delta-binary-packed-zstd=1"	"hybridzip-r2-currenthash-cc6d-20260827-r2-delta-binary-packed-zstd"
"hybridzip-r2-currenthash-cc6d-20260827-r2"	"delta-binary-packed-zstd"	"42"	"mozilla"	"32"	"32768"	"19056"	"32768"	"0.58154296875"	"4.65234375"	"0.0654738"	"0.046993"	"5.35546875"	"2.27734375"	"5.35546875"	"9DDEEF36CA0CA55B72FE3376D005926DFF3400A2ADE6EAE18482D8017D8645DB"	"D329F439A786A641EEEC0F122379E9606DD7B32B0ACA3788EB9D24BECE7663F5"	"9DDEEF36CA0CA55B72FE3376D005926DFF3400A2ADE6EAE18482D8017D8645DB"	"CC6DA8404E3A2789A0E98BED460C4FAA90822BAC0EA362C67E261774BD0BF191"	"delta-binary-packed-zstd"	"delta-binary-packed-zstd=1"	"hybridzip-r2-currenthash-cc6d-20260827-r2-delta-binary-packed-zstd"
"hybridzip-r2-currenthash-cc6d-20260827-r2"	"delta-binary-packed-zstd"	"42"	"mr"	"32"	"32768"	"13910"	"32768"	"0.42449951171875"	"3.39599609375"	"0.0632548"	"0.0479587"	"5.37890625"	"2.0234375"	"5.37890625"	"3BB287B0AF65F777AB00C14E362B4D1962087260556001BBEE0689AA10D9F76A"	"6DABD000930BC23298B8CED98352DDE6EEE29043FA07D131A12D36EFD7D5CA26"	"3BB287B0AF65F777AB00C14E362B4D1962087260556001BBEE0689AA10D9F76A"	"CC6DA8404E3A2789A0E98BED460C4FAA90822BAC0EA362C67E261774BD0BF191"	"delta-binary-packed-zstd"	"delta-binary-packed-zstd=1"	"hybridzip-r2-currenthash-cc6d-20260827-r2-delta-binary-packed-zstd"
"hybridzip-r2-currenthash-cc6d-20260827-r2"	"delta-binary-packed-zstd"	"42"	"nci"	"32"	"32768"	"16407"	"32768"	"0.500701904296875"	"4.005615234375"	"0.0585233"	"0.0392411"	"5.09765625"	"2.0234375"	"5.09765625"	"0D3034FE8B0E573DE1439ED98CE409B83B13E5895085C9BFB0BF980F4962FB79"	"9ED73E5DA72BD5509607808E22F6695AD043ACB5DCED6793B3300A414B34011F"	"0D3034FE8B0E573DE1439ED98CE409B83B13E5895085C9BFB0BF980F4962FB79"	"CC6DA8404E3A2789A0E98BED460C4FAA90822BAC0EA362C67E261774BD0BF191"	"delta-binary-packed-zstd"	"delta-binary-packed-zstd=1"	"hybridzip-r2-currenthash-cc6d-20260827-r2-delta-binary-packed-zstd"
"hybridzip-r2-currenthash-cc6d-20260827-r2"	"delta-binary-packed-zstd"	"42"	"ooffice"	"32"	"32768"	"25013"	"32768"	"0.763336181640625"	"6.106689453125"	"0.058373"	"0.0392517"	"4.3828125"	"2.0234375"	"4.3828125"	"2ACF9B4CAAEAC5814CDFEF0FA48A5ECE857C847DBDB7B44EEAB95CA3C098921C"	"74CE87D82588C11005753DA9ECE91C57FB78741F3EFCED4BDD8FB421216F8C37"	"2ACF9B4CAAEAC5814CDFEF0FA48A5ECE857C847DBDB7B44EEAB95CA3C098921C"	"CC6DA8404E3A2789A0E98BED460C4FAA90822BAC0EA362C67E261774BD0BF191"	"delta-binary-packed-zstd"	"delta-binary-packed-zstd=1"	"hybridzip-r2-currenthash-cc6d-20260827-r2-delta-binary-packed-zstd"
"hybridzip-r2-currenthash-cc6d-20260827-r2"	"delta-binary-packed-zstd"	"42"	"osdb"	"32"	"32768"	"32579"	"32768"	"0.994232177734375"	"7.953857421875"	"0.0613251"	"0.041423"	"5.484375"	"2.0234375"	"5.484375"	"03B2C20B777682CD960BCD893D7A4463161D9C0200FD1708B2EFAE32A259D0B7"	"60BC44AC3EF6FB584E80E38721D15D9E7046DE41A7D0808D652A697BFFA9EC30"	"03B2C20B777682CD960BCD893D7A4463161D9C0200FD1708B2EFAE32A259D0B7"	"CC6DA8404E3A2789A0E98BED460C4FAA90822BAC0EA362C67E261774BD0BF191"	"delta-binary-packed-zstd"	"delta-binary-packed-zstd=1"	"hybridzip-r2-currenthash-cc6d-20260827-r2-delta-binary-packed-zstd"
"hybridzip-r2-currenthash-cc6d-20260827-r2"	"delta-binary-packed-zstd"	"42"	"reymont"	"32"	"32768"	"29618"	"32768"	"0.90386962890625"	"7.23095703125"	"0.0568035"	"0.0434884"	"2.53125"	"2.82421875"	"2.82421875"	"9D5E4B9340C2260DAE7DDB01B3EDA58236FF2DE5E1FF4D56767AA840B6FB1A87"	"68475D1FE084795874E4E5D1EB6C04AC53D837E4DE7FEAF045F290EEF395A613"	"9D5E4B9340C2260DAE7DDB01B3EDA58236FF2DE5E1FF4D56767AA840B6FB1A87"	"CC6DA8404E3A2789A0E98BED460C4FAA90822BAC0EA362C67E261774BD0BF191"	"delta-binary-packed-zstd"	"delta-binary-packed-zstd=1"	"hybridzip-r2-currenthash-cc6d-20260827-r2-delta-binary-packed-zstd"
"hybridzip-r2-currenthash-cc6d-20260827-r2"	"delta-binary-packed-zstd"	"42"	"samba"	"32"	"32768"	"28658"	"32768"	"0.87457275390625"	"6.99658203125"	"0.0535569"	"0.0445989"	"5.921875"	"2.0234375"	"5.921875"	"9C4F5BEE544E4531E4946E62F796987418B4526911C34877EF282F14DD57AD12"	"3DA43FC0AAC3AD02ABD561D8B287A884001726038FB9D613CFEE47BC91BFB5C7"	"9C4F5BEE544E4531E4946E62F796987418B4526911C34877EF282F14DD57AD12"	"CC6DA8404E3A2789A0E98BED460C4FAA90822BAC0EA362C67E261774BD0BF191"	"delta-binary-packed-zstd"	"delta-binary-packed-zstd=1"	"hybridzip-r2-currenthash-cc6d-20260827-r2-delta-binary-packed-zstd"
"hybridzip-r2-currenthash-cc6d-20260827-r2"	"delta-binary-packed-zstd"	"42"	"sao"	"32"	"32768"	"32880"	"32768"	"1.00341796875"	"8.02734375"	"0.0679646"	"0.0524647"	"5.97265625"	"2.0234375"	"5.97265625"	"95677430CAD4F000506BC5EE22815C3F4E13D64B477ED506B78D5D9ACFB50CCD"	"5F26AFD4A76A24EFCF829D5CB185AC2B6B821D7EB20C8CC9C2534ACFFBC7B812"	"95677430CAD4F000506BC5EE22815C3F4E13D64B477ED506B78D5D9ACFB50CCD"	"CC6DA8404E3A2789A0E98BED460C4FAA90822BAC0EA362C67E261774BD0BF191"	"delta-binary-packed-zstd"	"delta-binary-packed-zstd=1"	"hybridzip-r2-currenthash-cc6d-20260827-r2-delta-binary-packed-zstd"
"hybridzip-r2-currenthash-cc6d-20260827-r2"	"delta-binary-packed-zstd"	"42"	"webster"	"32"	"32768"	"31803"	"32768"	"0.970550537109375"	"7.764404296875"	"0.0503709"	"0.0423065"	"5.94140625"	"2.0234375"	"5.94140625"	"774D224695AF4057353F72602BB96CD2AFEEA059AC7737535645F11596FCA85E"	"B04C20B2F39111204A83094A1480AF75A887F77BF216DFDB27B05286E6652572"	"774D224695AF4057353F72602BB96CD2AFEEA059AC7737535645F11596FCA85E"	"CC6DA8404E3A2789A0E98BED460C4FAA90822BAC0EA362C67E261774BD0BF191"	"delta-binary-packed-zstd"	"delta-binary-packed-zstd=1"	"hybridzip-r2-currenthash-cc6d-20260827-r2-delta-binary-packed-zstd"
"hybridzip-r2-currenthash-cc6d-20260827-r2"	"delta-binary-packed-zstd"	"42"	"x-ray"	"32"	"32768"	"24198"	"32768"	"0.73846435546875"	"5.90771484375"	"0.0694128"	"0.0647406"	"5.3203125"	"2.01953125"	"5.3203125"	"10511AA63DFBD9C0DDBFEFE36068740103D4BA1116E214154A0772057D7E9314"	"855C7E61035C628C9F876F57158924B3887FBF66EEF66D51064FF10A578C7869"	"10511AA63DFBD9C0DDBFEFE36068740103D4BA1116E214154A0772057D7E9314"	"CC6DA8404E3A2789A0E98BED460C4FAA90822BAC0EA362C67E261774BD0BF191"	"delta-binary-packed-zstd"	"delta-binary-packed-zstd=1"	"hybridzip-r2-currenthash-cc6d-20260827-r2-delta-binary-packed-zstd"
"hybridzip-r2-currenthash-cc6d-20260827-r2"	"delta-binary-packed-zstd"	"42"	"xml"	"32"	"32768"	"21403"	"32768"	"0.653167724609375"	"5.225341796875"	"0.0725565"	"0.0382137"	"6"	"2.01953125"	"6"	"C2F7F129956F8D6FC3D0E3595D93F98D5270B6F5BC4AB5E70F45867822EFDD71"	"DCA0227B927779DD342CC87141C1B2B4EEF57BD3452A52B9845B472A7901AF7A"	"C2F7F129956F8D6FC3D0E3595D93F98D5270B6F5BC4AB5E70F45867822EFDD71"	"CC6DA8404E3A2789A0E98BED460C4FAA90822BAC0EA362C67E261774BD0BF191"	"delta-binary-packed-zstd"	"delta-binary-packed-zstd=1"	"hybridzip-r2-currenthash-cc6d-20260827-r2-delta-binary-packed-zstd"
