"stage","policy","block_size_kib","timing_repeat","warmup","fast_thread_count","telemetry_worker_count","candidates_evaluated","full_oracle_evaluated","ranker_version","ranker_crc32","ranker_sha256","candidate_modes","fast_block_latency_samples","fast_queue_plus_service_p50_ns","fast_queue_plus_service_p95_ns","fast_service_p50_ns","fast_service_p95_ns","fast_queue_plus_service_ns","fast_service_ns","experiment_id","variant","repeat","case_order","file","scope_kib","input_path","input_bytes","input_sha256","archive_path","archive_bytes","archive_sha256","decoded_path","decoded_bytes","decoded_sha256","encode_seconds","decode_seconds","encode_peak_ram_mib","decode_peak_ram_mib","peak_ram_mib","codec_sha256","parameters","encode_command","decode_command","encode_exit_code","decode_exit_code","started_at","status","roundtrip","block_types","notes"
"e5-router","auto","32","1","False","1","1","30","1","00010000","1025B343","4B1AC26C40AD4DA50312FD3B694D7E636FB768C2336FE773BC82D36424C27A4B","0:1,1:1,2:1,3:1,4:1,5:1,6:1,7:1,8:1,19:1,20:1,21:1,22:1,23:1,25:1,26:1,27:1,28:1,29:1,30:1,31:1,32:1,33:1,34:1,35:1,36:1,37:1,39:1,40:1,41:1","0","0","0","0","0","","","hybridzip-r2-e5-router-320dd1b-v1-auto-b32-r1","r2-auto","1","1","dickens","32","inputs/32KiB/dickens.bin","32768","FC42DCB9849222C8704C9DCAE606D075B389B66244FB215035148D6409EC0B31","archives/32KiB/dickens.hz2","9598","9BE685F918147AFF7BBAACA81E3A8176253CD9BBB57047C383360BE028A6360F","decoded/32KiB/dickens.decoded","32768","FC42DCB9849222C8704C9DCAE606D075B389B66244FB215035148D6409EC0B31","262.2843145","7.9069723","547.93359375","369.37109375","547.93359375","74FF260A939B01673667723D8351AAEDB679339610009ECB23C70E373B862D9F","profile_id=2;mode=auto;block_size=32768;zstd_level=19;lzma_level=9;threads=1;process_timeout_seconds=3600","""E:\MIXER\hybridzip\build\Release\hybridzip.exe"" c --profile=r2 --r2-mode=auto --block-size=32768 ""E:\MIXER\hybridzip\results\experiments\hybridzip-r2-e5-router-320dd1b-v1\children\hybridzip-r2-e5-router-320dd1b-v1-auto-b32-r1\inputs\32KiB\dickens.bin"" ""E:\MIXER\hybridzip\results\experiments\hybridzip-r2-e5-router-320dd1b-v1\children\hybridzip-r2-e5-router-320dd1b-v1-auto-b32-r1\archives\32KiB\dickens.hz2""","""E:\MIXER\hybridzip\build\Release\hybridzip.exe"" d ""E:\MIXER\hybridzip\results\experiments\hybridzip-r2-e5-router-320dd1b-v1\children\hybridzip-r2-e5-router-320dd1b-v1-auto-b32-r1\archives\32KiB\dickens.hz2"" ""E:\MIXER\hybridzip\results\experiments\hybridzip-r2-e5-router-320dd1b-v1\children\hybridzip-r2-e5-router-320dd1b-v1-auto-b32-r1\decoded\32KiB\dickens.decoded""","0","0","2026-08-28T15:12:12.7781459+08:00","COMPLETE","PASS","paq8px-detected-sse=1","Complete R2 archive size; SHA-256 byte-exact roundtrip verified."
"e5-router","auto","32","1","False","1","1","60","1","00010000","1025B343","4B1AC26C40AD4DA50312FD3B694D7E636FB768C2336FE773BC82D36424C27A4B","0:2,1:2,2:2,3:2,4:2,5:2,6:2,7:2,8:2,19:2,20:2,21:2,22:2,23:2,25:2,26:2,27:2,28:2,29:2,30:2,31:2,32:2,33:2,34:2,35:2,36:2,37:2,39:2,40:2,41:2","0","0","0","0","0","","","hybridzip-r2-e5-router-320dd1b-v1-auto-b32-r1","r2-auto","1","2","dickens","64","inputs/64KiB/dickens.bin","65536","134AD989A7B8B40C900A3B9C0F4895317DFD827D9E6E933895B08D2F4A8A8293","archives/64KiB/dickens.hz2","19066","434C1716E826710E8AF23A2B8948CF6FAEB7AF3F9F60EBA966BD73DCFB2D88F7","decoded/64KiB/dickens.decoded","65536","134AD989A7B8B40C900A3B9C0F4895317DFD827D9E6E933895B08D2F4A8A8293","531.7579846","23.2741299","550.2890625","369.390625","550.2890625","74FF260A939B01673667723D8351AAEDB679339610009ECB23C70E373B862D9F","profile_id=2;mode=auto;block_size=32768;zstd_level=19;lzma_level=9;threads=1;process_timeout_seconds=3600","""E:\MIXER\hybridzip\build\Release\hybridzip.exe"" c --profile=r2 --r2-mode=auto --block-size=32768 ""E:\MIXER\hybridzip\results\experiments\hybridzip-r2-e5-router-320dd1b-v1\children\hybridzip-r2-e5-router-320dd1b-v1-auto-b32-r1\inputs\64KiB\dickens.bin"" ""E:\MIXER\hybridzip\results\experiments\hybridzip-r2-e5-router-320dd1b-v1\children\hybridzip-r2-e5-router-320dd1b-v1-auto-b32-r1\archives\64KiB\dickens.hz2""","""E:\MIXER\hybridzip\build\Release\hybridzip.exe"" d ""E:\MIXER\hybridzip\results\experiments\hybridzip-r2-e5-router-320dd1b-v1\children\hybridzip-r2-e5-router-320dd1b-v1-auto-b32-r1\archives\64KiB\dickens.hz2"" ""E:\MIXER\hybridzip\results\experiments\hybridzip-r2-e5-router-320dd1b-v1\children\hybridzip-r2-e5-router-320dd1b-v1-auto-b32-r1\decoded\64KiB\dickens.decoded""","0","0","2026-08-28T15:16:43.1754405+08:00","COMPLETE","PASS","paq8px-detected-sse=2","Complete R2 archive size; SHA-256 byte-exact roundtrip verified."
"e5-router","auto","32","1","False","1","1","120","1","00010000","1025B343","4B1AC26C40AD4DA50312FD3B694D7E636FB768C2336FE773BC82D36424C27A4B","0:4,1:4,2:4,3:4,4:4,5:4,6:4,7:4,8:4,19:4,20:4,21:4,22:4,23:4,25:4,26:4,27:4,28:4,29:4,30:4,31:4,32:4,33:4,34:4,35:4,36:4,37:4,39:4,40:4,41:4","0","0","0","0","0","","","hybridzip-r2-e5-router-320dd1b-v1-auto-b32-r1","r2-auto","1","3","dickens","128","inputs/128KiB/dickens.bin","131072","20E33FCC8FAA96DC32A2D0921115C0F363E64C598A5847CE1A3876E356D59872","archives/128KiB/dickens.hz2","37827","CC8CE205C1A84F99FEAADE8154EDC5024B1F1967C09A8FCDB97FB3FBF9FEFB84","decoded/128KiB/dickens.decoded","131072","20E33FCC8FAA96DC32A2D0921115C0F363E64C598A5847CE1A3876E356D59872","991.2817606","35.637571","550.1875","369.359375","550.1875","74FF260A939B01673667723D8351AAEDB679339610009ECB23C70E373B862D9F","profile_id=2;mode=auto;block_size=32768;zstd_level=19;lzma_level=9;threads=1;process_timeout_seconds=3600","""E:\MIXER\hybridzip\build\Release\hybridzip.exe"" c --profile=r2 --r2-mode=auto --block-size=32768 ""E:\MIXER\hybridzip\results\experiments\hybridzip-r2-e5-router-320dd1b-v1\children\hybridzip-r2-e5-router-320dd1b-v1-auto-b32-r1\inputs\128KiB\dickens.bin"" ""E:\MIXER\hybridzip\results\experiments\hybridzip-r2-e5-router-320dd1b-v1\children\hybridzip-r2-e5-router-320dd1b-v1-auto-b32-r1\archives\128KiB\dickens.hz2""","""E:\MIXER\hybridzip\build\Release\hybridzip.exe"" d ""E:\MIXER\hybridzip\results\experiments\hybridzip-r2-e5-router-320dd1b-v1\children\hybridzip-r2-e5-router-320dd1b-v1-auto-b32-r1\archives\128KiB\dickens.hz2"" ""E:\MIXER\hybridzip\results\experiments\hybridzip-r2-e5-router-320dd1b-v1\children\hybridzip-r2-e5-router-320dd1b-v1-auto-b32-r1\decoded\128KiB\dickens.decoded""","0","0","2026-08-28T15:25:58.3143753+08:00","COMPLETE","PASS","paq8px-detected-sse=4","Complete R2 archive size; SHA-256 byte-exact roundtrip verified."
"e5-router","auto","32","1","False","1","1","34","1","00010000","1025B343","4B1AC26C40AD4DA50312FD3B694D7E636FB768C2336FE773BC82D36424C27A4B","0:1,1:1,2:1,3:1,4:1,5:1,6:1,7:1,8:1,10:1,11:1,12:1,13:1,14:1,16:1,21:1,22:1,23:1,24:1,26:1,27:1,28:1,29:1,30:1,31:1,32:1,33:1,34:1,35:1,36:1,37:1,39:1,40:1,42:1","0","0","0","0","0","","","hybridzip-r2-e5-router-320dd1b-v1-auto-b32-r1","r2-auto","1","4","mozilla","32","inputs/32KiB/mozilla.bin","32768","9DDEEF36CA0CA55B72FE3376D005926DFF3400A2ADE6EAE18482D8017D8645DB","archives/32KiB/mozilla.hz2","6256","E92F3C1568356B4964F123744751422F277F607FD0492A2109AEDA3136D11B08","decoded/32KiB/mozilla.decoded","32768","9DDEEF36CA0CA55B72FE3376D005926DFF3400A2ADE6EAE18482D8017D8645DB","280.7237156","15.7272875","735.296875","733.9765625","735.296875","74FF260A939B01673667723D8351AAEDB679339610009ECB23C70E373B862D9F","profile_id=2;mode=auto;block_size=32768;zstd_level=19;lzma_level=9;threads=1;process_timeout_seconds=3600","""E:\MIXER\hybridzip\build\Release\hybridzip.exe"" c --profile=r2 --r2-mode=auto --block-size=32768 ""E:\MIXER\hybridzip\results\experiments\hybridzip-r2-e5-router-320dd1b-v1\children\hybridzip-r2-e5-router-320dd1b-v1-auto-b32-r1\inputs\32KiB\mozilla.bin"" ""E:\MIXER\hybridzip\results\experiments\hybridzip-r2-e5-router-320dd1b-v1\children\hybridzip-r2-e5-router-320dd1b-v1-auto-b32-r1\archives\32KiB\mozilla.hz2""","""E:\MIXER\hybridzip\build\Release\hybridzip.exe"" d ""E:\MIXER\hybridzip\results\experiments\hybridzip-r2-e5-router-320dd1b-v1\children\hybridzip-r2-e5-router-320dd1b-v1-auto-b32-r1\archives\32KiB\mozilla.hz2"" ""E:\MIXER\hybridzip\results\experiments\hybridzip-r2-e5-router-320dd1b-v1\children\hybridzip-r2-e5-router-320dd1b-v1-auto-b32-r1\decoded\32KiB\mozilla.decoded""","0","0","2026-08-28T15:43:05.3220887+08:00","COMPLETE","PASS","paq8px-detected-sse=1","Complete R2 archive size; SHA-256 byte-exact roundtrip verified."
"e5-router","auto","32","1","False","1","1","68","1","00010000","1025B343","4B1AC26C40AD4DA50312FD3B694D7E636FB768C2336FE773BC82D36424C27A4B","0:2,1:2,2:2,3:2,4:2,5:2,6:2,7:2,8:2,10:2,11:2,12:2,13:2,14:2,16:2,17:1,18:1,21:1,22:1,23:2,24:2,26:1,27:2,28:2,29:2,30:2,31:2,32:2,33:2,34:2,35:2,36:2,37:2,38:1,39:2,40:2,42:2","0","0","0","0","0","","","hybridzip-r2-e5-router-320dd1b-v1-auto-b32-r1","r2-auto","1","5","mozilla","64","inputs/64KiB/mozilla.bin","65536","B0050240663F54371D372303EEABA0A59AB0758BCD565F4F639D06561E6BC996","archives/64KiB/mozilla.hz2","10357","EAC5DC361F7B6B80CA4B524842220F9B6F8360163665B0084B0EC586A7BFEB3E","decoded/64KiB/mozilla.decoded","65536","B0050240663F54371D372303EEABA0A59AB0758BCD565F4F639D06561E6BC996","472.4771464","31.4305856","735.6640625","733.9921875","735.6640625","74FF260A939B01673667723D8351AAEDB679339610009ECB23C70E373B862D9F","profile_id=2;mode=auto;block_size=32768;zstd_level=19;lzma_level=9;threads=1;process_timeout_seconds=3600","""E:\MIXER\hybridzip\build\Release\hybridzip.exe"" c --profile=r2 --r2-mode=auto --block-size=32768 ""E:\MIXER\hybridzip\results\experiments\hybridzip-r2-e5-router-320dd1b-v1\children\hybridzip-r2-e5-router-320dd1b-v1-auto-b32-r1\inputs\64KiB\mozilla.bin"" ""E:\MIXER\hybridzip\results\experiments\hybridzip-r2-e5-router-320dd1b-v1\children\hybridzip-r2-e5-router-320dd1b-v1-auto-b32-r1\archives\64KiB\mozilla.hz2""","""E:\MIXER\hybridzip\build\Release\hybridzip.exe"" d ""E:\MIXER\hybridzip\results\experiments\hybridzip-r2-e5-router-320dd1b-v1\children\hybridzip-r2-e5-router-320dd1b-v1-auto-b32-r1\archives\64KiB\mozilla.hz2"" ""E:\MIXER\hybridzip\results\experiments\hybridzip-r2-e5-router-320dd1b-v1\children\hybridzip-r2-e5-router-320dd1b-v1-auto-b32-r1\decoded\64KiB\mozilla.decoded""","0","0","2026-08-28T15:48:01.8603753+08:00","COMPLETE","PASS","paq8px-generic-sse=1;paq8px-detected-sse=1","Complete R2 archive size; SHA-256 byte-exact roundtrip verified."
"e5-router","auto","32","1","False","1","1","136","1","00010000","1025B343","4B1AC26C40AD4DA50312FD3B694D7E636FB768C2336FE773BC82D36424C27A4B","0:4,1:4,2:4,3:4,4:4,5:4,6:4,7:4,8:4,10:4,11:4,12:4,13:4,14:4,16:4,17:3,18:3,21:1,22:1,23:4,24:4,26:1,27:4,28:4,29:4,30:4,31:4,32:4,33:4,34:4,35:4,36:4,37:4,38:3,39:4,40:4,42:4","0","0","0","0","0","","","hybridzip-r2-e5-router-320dd1b-v1-auto-b32-r1","r2-auto","1","6","mozilla","128","inputs/128KiB/mozilla.bin","131072","85CDBEA98382DB12E9A21FF90E1907452712D074000A6B855D2CA215FA591EB4","archives/128KiB/mozilla.hz2","15881","CBE6838A681442B2B658D1DB933496D64721E30546E580A5E546FC922A349127","decoded/128KiB/mozilla.decoded","131072","85CDBEA98382DB12E9A21FF90E1907452712D074000A6B855D2CA215FA591EB4","807.3134139","61.0978818","735.59375","733.98828125","735.59375","74FF260A939B01673667723D8351AAEDB679339610009ECB23C70E373B862D9F","profile_id=2;mode=auto;block_size=32768;zstd_level=19;lzma_level=9;threads=1;process_timeout_seconds=3600","""E:\MIXER\hybridzip\build\Release\hybridzip.exe"" c --profile=r2 --r2-mode=auto --block-size=32768 ""E:\MIXER\hybridzip\results\experiments\hybridzip-r2-e5-router-320dd1b-v1\children\hybridzip-r2-e5-router-320dd1b-v1-auto-b32-r1\inputs\128KiB\mozilla.bin"" ""E:\MIXER\hybridzip\results\experiments\hybridzip-r2-e5-router-320dd1b-v1\children\hybridzip-r2-e5-router-320dd1b-v1-auto-b32-r1\archives\128KiB\mozilla.hz2""","""E:\MIXER\hybridzip\build\Release\hybridzip.exe"" d ""E:\MIXER\hybridzip\results\experiments\hybridzip-r2-e5-router-320dd1b-v1\children\hybridzip-r2-e5-router-320dd1b-v1-auto-b32-r1\archives\128KiB\mozilla.hz2"" ""E:\MIXER\hybridzip\results\experiments\hybridzip-r2-e5-router-320dd1b-v1\children\hybridzip-r2-e5-router-320dd1b-v1-auto-b32-r1\decoded\128KiB\mozilla.decoded""","0","0","2026-08-28T15:56:25.8684117+08:00","COMPLETE","PASS","paq8px-generic-sse=3;paq8px-detected-sse=1","Complete R2 archive size; SHA-256 byte-exact roundtrip verified."
"e5-router","auto","32","1","False","1","1","34","1","00010000","1025B343","4B1AC26C40AD4DA50312FD3B694D7E636FB768C2336FE773BC82D36424C27A4B","0:1,1:1,2:1,3:1,4:1,5:1,6:1,7:1,8:1,10:1,11:1,12:1,13:1,14:1,16:1,17:1,18:1,23:1,24:1,27:1,28:1,29:1,30:1,31:1,32:1,33:1,34:1,35:1,36:1,37:1,38:1,39:1,40:1,42:1","0","0","0","0","0","","","hybridzip-r2-e5-router-320dd1b-v1-auto-b32-r1","r2-auto","1","7","mr","32","inputs/32KiB/mr.bin","32768","3BB287B0AF65F777AB00C14E362B4D1962087260556001BBEE0689AA10D9F76A","archives/32KiB/mr.hz2","5167","251D84CCB4751BDBA9662CBDE45D9E8B6235F8E106FF950D0D0F36372C81E16D","decoded/32KiB/mr.decoded","32768","3BB287B0AF65F777AB00C14E362B4D1962087260556001BBEE0689AA10D9F76A","184.4516311","12.7353089","547.09375","545.7578125","547.09375","74FF260A939B01673667723D8351AAEDB679339610009ECB23C70E373B862D9F","profile_id=2;mode=auto;block_size=32768;zstd_level=19;lzma_level=9;threads=1;process_timeout_seconds=3600","""E:\MIXER\hybridzip\build\Release\hybridzip.exe"" c --profile=r2 --r2-mode=auto --block-size=32768 ""E:\MIXER\hybridzip\results\experiments\hybridzip-r2-e5-router-320dd1b-v1\children\hybridzip-r2-e5-router-320dd1b-v1-auto-b32-r1\inputs\32KiB\mr.bin"" ""E:\MIXER\hybridzip\results\experiments\hybridzip-r2-e5-router-320dd1b-v1\children\hybridzip-r2-e5-router-320dd1b-v1-auto-b32-r1\archives\32KiB\mr.hz2""","""E:\MIXER\hybridzip\build\Release\hybridzip.exe"" d ""E:\MIXER\hybridzip\results\experiments\hybridzip-r2-e5-router-320dd1b-v1\children\hybridzip-r2-e5-router-320dd1b-v1-auto-b32-r1\archives\32KiB\mr.hz2"" ""E:\MIXER\hybridzip\results\experiments\hybridzip-r2-e5-router-320dd1b-v1\children\hybridzip-r2-e5-router-320dd1b-v1-auto-b32-r1\decoded\32KiB\mr.decoded""","0","0","2026-08-28T16:10:54.3750191+08:00","COMPLETE","PASS","paq8px-generic-sse=1","Complete R2 archive size; SHA-256 byte-exact roundtrip verified."
"e5-router","auto","32","1","False","1","1","68","1","00010000","1025B343","4B1AC26C40AD4DA50312FD3B694D7E636FB768C2336FE773BC82D36424C27A4B","0:2,1:2,2:2,3:2,4:2,5:2,6:2,7:2,8:2,10:2,11:2,12:2,13:2,14:2,16:2,17:2,18:2,23:2,24:2,27:2,28:2,29:2,30:2,31:2,32:2,33:2,34:2,35:2,36:2,37:2,38:2,39:2,40:2,42:2","0","0","0","0","0","","","hybridzip-r2-e5-router-320dd1b-v1-auto-b32-r1","r2-auto","1","8","mr","64","inputs/64KiB/mr.bin","65536","CAB7B6408934009A4BBFEDB57BEB4943BF5478CF8B3688D01F004E0422EBC651","archives/64KiB/mr.hz2","10817","C17AEC1E2F750EE902E699EB2F1D1DD937F598327735351DC4CC2394E00B16FD","decoded/64KiB/mr.decoded","65536","CAB7B6408934009A4BBFEDB57BEB4943BF5478CF8B3688D01F004E0422EBC651","188.4831277","19.3359846","547.0859375","545.796875","547.0859375","74FF260A939B01673667723D8351AAEDB679339610009ECB23C70E373B862D9F","profile_id=2;mode=auto;block_size=32768;zstd_level=19;lzma_level=9;threads=1;process_timeout_seconds=3600","""E:\MIXER\hybridzip\build\Release\hybridzip.exe"" c --profile=r2 --r2-mode=auto --block-size=32768 ""E:\MIXER\hybridzip\results\experiments\hybridzip-r2-e5-router-320dd1b-v1\children\hybridzip-r2-e5-router-320dd1b-v1-auto-b32-r1\inputs\64KiB\mr.bin"" ""E:\MIXER\hybridzip\results\experiments\hybridzip-r2-e5-router-320dd1b-v1\children\hybridzip-r2-e5-router-320dd1b-v1-auto-b32-r1\archives\64KiB\mr.hz2""","""E:\MIXER\hybridzip\build\Release\hybridzip.exe"" d ""E:\MIXER\hybridzip\results\experiments\hybridzip-r2-e5-router-320dd1b-v1\children\hybridzip-r2-e5-router-320dd1b-v1-auto-b32-r1\archives\64KiB\mr.hz2"" ""E:\MIXER\hybridzip\results\experiments\hybridzip-r2-e5-router-320dd1b-v1\children\hybridzip-r2-e5-router-320dd1b-v1-auto-b32-r1\decoded\64KiB\mr.decoded""","0","0","2026-08-28T16:14:11.6551058+08:00","COMPLETE","PASS","paq8px-generic-sse=2","Complete R2 archive size; SHA-256 byte-exact roundtrip verified."
"e5-router","auto","32","1","False","1","1","136","1","00010000","1025B343","4B1AC26C40AD4DA50312FD3B694D7E636FB768C2336FE773BC82D36424C27A4B","0:4,1:4,2:4,3:4,4:4,5:4,6:4,7:4,8:4,10:4,11:4,12:4,13:4,14:4,16:4,17:4,18:4,23:4,24:4,27:4,28:4,29:4,30:4,31:4,32:4,33:4,34:4,35:4,36:4,37:4,38:4,39:4,40:4,42:4","0","0","0","0","0","","","hybridzip-r2-e5-router-320dd1b-v1-auto-b32-r1","r2-auto","1","9","mr","128","inputs/128KiB/mr.bin","131072","473A6A883480C7B2E69402AD888AC07B347C2DF61C6AA0D84E8B8130A27792EA","archives/128KiB/mr.hz2","22033","968C02440DB4FE9DE2B11BA320D3188369EC7417442774F057E04EE2AB2CEF23","decoded/128KiB/mr.decoded","131072","473A6A883480C7B2E69402AD888AC07B347C2DF61C6AA0D84E8B8130A27792EA","363.4734761","39.2914848","547.37109375","545.76953125","547.37109375","74FF260A939B01673667723D8351AAEDB679339610009ECB23C70E373B862D9F","profile_id=2;mode=auto;block_size=32768;zstd_level=19;lzma_level=9;threads=1;process_timeout_seconds=3600","""E:\MIXER\hybridzip\build\Release\hybridzip.exe"" c --profile=r2 --r2-mode=auto --block-size=32768 ""E:\MIXER\hybridzip\results\experiments\hybridzip-r2-e5-router-320dd1b-v1\children\hybridzip-r2-e5-router-320dd1b-v1-auto-b32-r1\inputs\128KiB\mr.bin"" ""E:\MIXER\hybridzip\results\experiments\hybridzip-r2-e5-router-320dd1b-v1\children\hybridzip-r2-e5-router-320dd1b-v1-auto-b32-r1\archives\128KiB\mr.hz2""","""E:\MIXER\hybridzip\build\Release\hybridzip.exe"" d ""E:\MIXER\hybridzip\results\experiments\hybridzip-r2-e5-router-320dd1b-v1\children\hybridzip-r2-e5-router-320dd1b-v1-auto-b32-r1\archives\128KiB\mr.hz2"" ""E:\MIXER\hybridzip\results\experiments\hybridzip-r2-e5-router-320dd1b-v1\children\hybridzip-r2-e5-router-320dd1b-v1-auto-b32-r1\decoded\128KiB\mr.decoded""","0","0","2026-08-28T16:17:39.5505322+08:00","COMPLETE","PASS","paq8px-generic-sse=4","Complete R2 archive size; SHA-256 byte-exact roundtrip verified."
"e5-router","auto","32","1","False","1","1","37","1","00010000","1025B343","4B1AC26C40AD4DA50312FD3B694D7E636FB768C2336FE773BC82D36424C27A4B","0:1,1:1,2:1,3:1,4:1,5:1,6:1,7:1,8:1,10:1,11:1,12:1,13:1,16:1,19:1,20:1,21:1,22:1,23:1,24:1,25:1,26:1,27:1,28:1,29:1,30:1,31:1,32:1,33:1,34:1,35:1,36:1,37:1,39:1,40:1,41:1,42:1","0","0","0","0","0","","","hybridzip-r2-e5-router-320dd1b-v1-auto-b32-r1","r2-auto","1","10","nci","32","inputs/32KiB/nci.bin","32768","0D3034FE8B0E573DE1439ED98CE409B83B13E5895085C9BFB0BF980F4962FB79","archives/32KiB/nci.hz2","1341","4DCBABC4AA4D3E8AEF5FF91D34DFE87F67F440AECF1BD49B5EE2EF4282A9A983","decoded/32KiB/nci.decoded","32768","0D3034FE8B0E573DE1439ED98CE409B83B13E5895085C9BFB0BF980F4962FB79","127.3293712","4.8331486","542.1171875","361.77734375","542.1171875","74FF260A939B01673667723D8351AAEDB679339610009ECB23C70E373B862D9F","profile_id=2;mode=auto;block_size=32768;zstd_level=19;lzma_level=9;threads=1;process_timeout_seconds=3600","""E:\MIXER\hybridzip\build\Release\hybridzip.exe"" c --profile=r2 --r2-mode=auto --block-size=32768 ""E:\MIXER\hybridzip\results\experiments\hybridzip-r2-e5-router-320dd1b-v1\children\hybridzip-r2-e5-router-320dd1b-v1-auto-b32-r1\inputs\32KiB\nci.bin"" ""E:\MIXER\hybridzip\results\experiments\hybridzip-r2-e5-router-320dd1b-v1\children\hybridzip-r2-e5-router-320dd1b-v1-auto-b32-r1\archives\32KiB\nci.hz2""","""E:\MIXER\hybridzip\build\Release\hybridzip.exe"" d ""E:\MIXER\hybridzip\results\experiments\hybridzip-r2-e5-router-320dd1b-v1\children\hybridzip-r2-e5-router-320dd1b-v1-auto-b32-r1\archives\32KiB\nci.hz2"" ""E:\MIXER\hybridzip\results\experiments\hybridzip-r2-e5-router-320dd1b-v1\children\hybridzip-r2-e5-router-320dd1b-v1-auto-b32-r1\decoded\32KiB\nci.decoded""","0","0","2026-08-28T16:24:22.3946661+08:00","COMPLETE","PASS","paq8px-detected-sse=1","Complete R2 archive size; SHA-256 byte-exact roundtrip verified."
"e5-router","auto","32","1","False","1","1","74","1","00010000","1025B343","4B1AC26C40AD4DA50312FD3B694D7E636FB768C2336FE773BC82D36424C27A4B","0:2,1:2,2:2,3:2,4:2,5:2,6:2,7:2,8:2,10:2,11:2,12:2,13:2,16:2,19:2,20:2,21:2,22:2,23:2,24:2,25:2,26:2,27:2,28:2,29:2,30:2,31:2,32:2,33:2,34:2,35:2,36:2,37:2,39:2,40:2,41:2,42:2","0","0","0","0","0","","","hybridzip-r2-e5-router-320dd1b-v1-auto-b32-r1","r2-auto","1","11","nci","64","inputs/64KiB/nci.bin","65536","B01B411AC3B5CE2FBF37242C0C59D2D236D2F7039937C1B1A0F18F4CC02549FE","archives/64KiB/nci.hz2","2503","5DA70F639D1BEAB67317B405F3FD29D6F219E1DD4410B26BDA4CB1A795F28B26","decoded/64KiB/nci.decoded","65536","B01B411AC3B5CE2FBF37242C0C59D2D236D2F7039937C1B1A0F18F4CC02549FE","281.4033172","9.0945722","544.20703125","361.77734375","544.20703125","74FF260A939B01673667723D8351AAEDB679339610009ECB23C70E373B862D9F","profile_id=2;mode=auto;block_size=32768;zstd_level=19;lzma_level=9;threads=1;process_timeout_seconds=3600","""E:\MIXER\hybridzip\build\Release\hybridzip.exe"" c --profile=r2 --r2-mode=auto --block-size=32768 ""E:\MIXER\hybridzip\results\experiments\hybridzip-r2-e5-router-320dd1b-v1\children\hybridzip-r2-e5-router-320dd1b-v1-auto-b32-r1\inputs\64KiB\nci.bin"" ""E:\MIXER\hybridzip\results\experiments\hybridzip-r2-e5-router-320dd1b-v1\children\hybridzip-r2-e5-router-320dd1b-v1-auto-b32-r1\archives\64KiB\nci.hz2""","""E:\MIXER\hybridzip\build\Release\hybridzip.exe"" d ""E:\MIXER\hybridzip\results\experiments\hybridzip-r2-e5-router-320dd1b-v1\children\hybridzip-r2-e5-router-320dd1b-v1-auto-b32-r1\archives\64KiB\nci.hz2"" ""E:\MIXER\hybridzip\results\experiments\hybridzip-r2-e5-router-320dd1b-v1\children\hybridzip-r2-e5-router-320dd1b-v1-auto-b32-r1\decoded\64KiB\nci.decoded""","0","0","2026-08-28T16:26:34.6324522+08:00","COMPLETE","PASS","paq8px-detected-sse=2","Complete R2 archive size; SHA-256 byte-exact roundtrip verified."
"e5-router","auto","32","1","False","1","1","148","1","00010000","1025B343","4B1AC26C40AD4DA50312FD3B694D7E636FB768C2336FE773BC82D36424C27A4B","0:4,1:4,2:4,3:4,4:4,5:4,6:4,7:4,8:4,10:4,11:4,12:4,13:4,16:4,19:4,20:4,21:4,22:4,23:4,24:4,25:4,26:4,27:4,28:4,29:4,30:4,31:4,32:4,33:4,34:4,35:4,36:4,37:4,39:4,40:4,41:4,42:4","0","0","0","0","0","","","hybridzip-r2-e5-router-320dd1b-v1-auto-b32-r1","r2-auto","1","12","nci","128","inputs/128KiB/nci.bin","131072","C8A1D610355E5EF900ED4C704DF14ADF1935D95DFD8F1740AC9FD90FC9BF5781","archives/128KiB/nci.hz2","5602","631CDFBF4570F690BB554A937094C21981AAE5EEE93B9082C081F6482614E843","decoded/128KiB/nci.decoded","131072","C8A1D610355E5EF900ED4C704DF14ADF1935D95DFD8F1740AC9FD90FC9BF5781","507.5197482","18.8577612","546.1171875","364.21875","546.1171875","74FF260A939B01673667723D8351AAEDB679339610009ECB23C70E373B862D9F","profile_id=2;mode=auto;block_size=32768;zstd_level=19;lzma_level=9;threads=1;process_timeout_seconds=3600","""E:\MIXER\hybridzip\build\Release\hybridzip.exe"" c --profile=r2 --r2-mode=auto --block-size=32768 ""E:\MIXER\hybridzip\results\experiments\hybridzip-r2-e5-router-320dd1b-v1\children\hybridzip-r2-e5-router-320dd1b-v1-auto-b32-r1\inputs\128KiB\nci.bin"" ""E:\MIXER\hybridzip\results\experiments\hybridzip-r2-e5-router-320dd1b-v1\children\hybridzip-r2-e5-router-320dd1b-v1-auto-b32-r1\archives\128KiB\nci.hz2""","""E:\MIXER\hybridzip\build\Release\hybridzip.exe"" d ""E:\MIXER\hybridzip\results\experiments\hybridzip-r2-e5-router-320dd1b-v1\children\hybridzip-r2-e5-router-320dd1b-v1-auto-b32-r1\archives\128KiB\nci.hz2"" ""E:\MIXER\hybridzip\results\experiments\hybridzip-r2-e5-router-320dd1b-v1\children\hybridzip-r2-e5-router-320dd1b-v1-auto-b32-r1\decoded\128KiB\nci.decoded""","0","0","2026-08-28T16:31:25.2003155+08:00","COMPLETE","PASS","paq8px-detected-sse=4","Complete R2 archive size; SHA-256 byte-exact roundtrip verified."
"e5-router","auto","32","1","False","1","1","34","1","00010000","1025B343","4B1AC26C40AD4DA50312FD3B694D7E636FB768C2336FE773BC82D36424C27A4B","0:1,1:1,2:1,3:1,4:1,5:1,6:1,7:1,8:1,9:1,10:1,11:1,12:1,13:1,14:1,15:1,16:1,18:1,24:1,27:1,28:1,29:1,30:1,31:1,32:1,33:1,34:1,35:1,36:1,37:1,38:1,39:1,40:1,42:1","0","0","0","0","0","","","hybridzip-r2-e5-router-320dd1b-v1-auto-b32-r1","r2-auto","1","13","ooffice","32","inputs/32KiB/ooffice.bin","32768","2ACF9B4CAAEAC5814CDFEF0FA48A5ECE857C847DBDB7B44EEAB95CA3C098921C","archives/32KiB/ooffice.hz2","8097","6C8E58317D925D95EE18AC13E8B5A779830824F89E7EC4D00DECA2C48E7F671C","decoded/32KiB/ooffice.decoded","32768","2ACF9B4CAAEAC5814CDFEF0FA48A5ECE857C847DBDB7B44EEAB95CA3C098921C","94.9761878","14.5313589","552.4609375","551.16015625","552.4609375","74FF260A939B01673667723D8351AAEDB679339610009ECB23C70E373B862D9F","profile_id=2;mode=auto;block_size=32768;zstd_level=19;lzma_level=9;threads=1;process_timeout_seconds=3600","""E:\MIXER\hybridzip\build\Release\hybridzip.exe"" c --profile=r2 --r2-mode=auto --block-size=32768 ""E:\MIXER\hybridzip\results\experiments\hybridzip-r2-e5-router-320dd1b-v1\children\hybridzip-r2-e5-router-320dd1b-v1-auto-b32-r1\inputs\32KiB\ooffice.bin"" ""E:\MIXER\hybridzip\results\experiments\hybridzip-r2-e5-router-320dd1b-v1\children\hybridzip-r2-e5-router-320dd1b-v1-auto-b32-r1\archives\32KiB\ooffice.hz2""","""E:\MIXER\hybridzip\build\Release\hybridzip.exe"" d ""E:\MIXER\hybridzip\results\experiments\hybridzip-r2-e5-router-320dd1b-v1\children\hybridzip-r2-e5-router-320dd1b-v1-auto-b32-r1\archives\32KiB\ooffice.hz2"" ""E:\MIXER\hybridzip\results\experiments\hybridzip-r2-e5-router-320dd1b-v1\children\hybridzip-r2-e5-router-320dd1b-v1-auto-b32-r1\decoded\32KiB\ooffice.decoded""","0","0","2026-08-28T16:40:11.6591465+08:00","COMPLETE","PASS","paq8px-generic-sse=1","Complete R2 archive size; SHA-256 byte-exact roundtrip verified."
"e5-router","auto","32","1","False","1","1","69","1","00010000","1025B343","4B1AC26C40AD4DA50312FD3B694D7E636FB768C2336FE773BC82D36424C27A4B","0:2,1:2,2:2,3:2,4:2,5:2,6:2,7:2,8:2,9:2,10:2,11:2,12:2,13:2,14:2,15:2,16:2,18:1,21:1,22:1,23:1,24:1,26:1,27:2,28:2,29:2,30:2,31:2,32:2,33:2,34:2,35:2,36:2,37:2,38:1,39:2,40:2,42:2","0","0","0","0","0","","","hybridzip-r2-e5-router-320dd1b-v1-auto-b32-r1","r2-auto","1","14","ooffice","64","inputs/64KiB/ooffice.bin","65536","9D30521922187D0A26F56CF2DF85001F9585D0D4EC6A0A8797466AFCC367F825","archives/64KiB/ooffice.hz2","19877","6698AE564EDE7EB67734AC490F880D3F273F380599137168E3FB0D86CE65F409","decoded/64KiB/ooffice.decoded","65536","9D30521922187D0A26F56CF2DF85001F9585D0D4EC6A0A8797466AFCC367F825","330.1175395","47.9066881","553","551.14453125","553","74FF260A939B01673667723D8351AAEDB679339610009ECB23C70E373B862D9F","profile_id=2;mode=auto;block_size=32768;zstd_level=19;lzma_level=9;threads=1;process_timeout_seconds=3600","""E:\MIXER\hybridzip\build\Release\hybridzip.exe"" c --profile=r2 --r2-mode=auto --block-size=32768 ""E:\MIXER\hybridzip\results\experiments\hybridzip-r2-e5-router-320dd1b-v1\children\hybridzip-r2-e5-router-320dd1b-v1-auto-b32-r1\inputs\64KiB\ooffice.bin"" ""E:\MIXER\hybridzip\results\experiments\hybridzip-r2-e5-router-320dd1b-v1\children\hybridzip-r2-e5-router-320dd1b-v1-auto-b32-r1\archives\64KiB\ooffice.hz2""","""E:\MIXER\hybridzip\build\Release\hybridzip.exe"" d ""E:\MIXER\hybridzip\results\experiments\hybridzip-r2-e5-router-320dd1b-v1\children\hybridzip-r2-e5-router-320dd1b-v1-auto-b32-r1\archives\64KiB\ooffice.hz2"" ""E:\MIXER\hybridzip\results\experiments\hybridzip-r2-e5-router-320dd1b-v1\children\hybridzip-r2-e5-router-320dd1b-v1-auto-b32-r1\decoded\64KiB\ooffice.decoded""","0","0","2026-08-28T16:42:01.2956832+08:00","COMPLETE","PASS","paq8px-generic-sse=1;paq8px-detected-sse=1","Complete R2 archive size; SHA-256 byte-exact roundtrip verified."
"e5-router","auto","32","1","False","1","1","131","1","00010000","1025B343","4B1AC26C40AD4DA50312FD3B694D7E636FB768C2336FE773BC82D36424C27A4B","0:4,1:4,2:4,3:4,4:4,5:4,6:4,7:4,8:4,9:4,10:4,11:4,12:4,13:4,14:4,15:4,16:4,18:1,21:1,22:1,23:1,24:1,26:1,27:4,28:4,29:4,30:4,31:4,32:4,33:4,34:4,35:4,36:4,37:4,38:1,39:4,40:4,42:4","0","0","0","0","0","","","hybridzip-r2-e5-router-320dd1b-v1-auto-b32-r1","r2-auto","1","15","ooffice","128","inputs/128KiB/ooffice.bin","131072","09FA5F3EE5311528863F8C3FADA3B530CC24AC1D88128E4DB2BF434161879FEF","archives/128KiB/ooffice.hz2","44341","6A34DF9C70C69935D2CE253851F966282DC285AE1C8B235511D867B56CB6A635","decoded/128KiB/ooffice.decoded","131072","09FA5F3EE5311528863F8C3FADA3B530CC24AC1D88128E4DB2BF434161879FEF","476.3513308","65.0193406","554.69140625","551.14453125","554.69140625","74FF260A939B01673667723D8351AAEDB679339610009ECB23C70E373B862D9F","profile_id=2;mode=auto;block_size=32768;zstd_level=19;lzma_level=9;threads=1;process_timeout_seconds=3600","""E:\MIXER\hybridzip\build\Release\hybridzip.exe"" c --profile=r2 --r2-mode=auto --block-size=32768 ""E:\MIXER\hybridzip\results\experiments\hybridzip-r2-e5-router-320dd1b-v1\children\hybridzip-r2-e5-router-320dd1b-v1-auto-b32-r1\inputs\128KiB\ooffice.bin"" ""E:\MIXER\hybridzip\results\experiments\hybridzip-r2-e5-router-320dd1b-v1\children\hybridzip-r2-e5-router-320dd1b-v1-auto-b32-r1\archives\128KiB\ooffice.hz2""","""E:\MIXER\hybridzip\build\Release\hybridzip.exe"" d ""E:\MIXER\hybridzip\results\experiments\hybridzip-r2-e5-router-320dd1b-v1\children\hybridzip-r2-e5-router-320dd1b-v1-auto-b32-r1\archives\128KiB\ooffice.hz2"" ""E:\MIXER\hybridzip\results\experiments\hybridzip-r2-e5-router-320dd1b-v1\children\hybridzip-r2-e5-router-320dd1b-v1-auto-b32-r1\decoded\128KiB\ooffice.decoded""","0","0","2026-08-28T16:48:19.4287489+08:00","COMPLETE","PASS","paq8px-generic-sse=1;paq8px-detected-sse=3","Complete R2 archive size; SHA-256 byte-exact roundtrip verified."
"e5-router","auto","32","1","False","1","1","30","1","00010000","1025B343","4B1AC26C40AD4DA50312FD3B694D7E636FB768C2336FE773BC82D36424C27A4B","0:1,1:1,2:1,3:1,4:1,5:1,6:1,7:1,8:1,14:1,19:1,21:1,22:1,23:1,25:1,26:1,27:1,28:1,29:1,30:1,31:1,32:1,33:1,34:1,35:1,36:1,37:1,39:1,40:1,41:1","0","0","0","0","0","","","hybridzip-r2-e5-router-320dd1b-v1-auto-b32-r1","r2-auto","1","16","osdb","32","inputs/32KiB/osdb.bin","32768","03B2C20B777682CD960BCD893D7A4463161D9C0200FD1708B2EFAE32A259D0B7","archives/32KiB/osdb.hz2","11420","531C0C1C4F1878FB31F9AC37327933A6C2F7441905336E92A154CEE7D6E24525","decoded/32KiB/osdb.decoded","32768","03B2C20B777682CD960BCD893D7A4463161D9C0200FD1708B2EFAE32A259D0B7","150.7774958","19.670022","549.64453125","548.3203125","549.64453125","74FF260A939B01673667723D8351AAEDB679339610009ECB23C70E373B862D9F","profile_id=2;mode=auto;block_size=32768;zstd_level=19;lzma_level=9;threads=1;process_timeout_seconds=3600","""E:\MIXER\hybridzip\build\Release\hybridzip.exe"" c --profile=r2 --r2-mode=auto --block-size=32768 ""E:\MIXER\hybridzip\results\experiments\hybridzip-r2-e5-router-320dd1b-v1\children\hybridzip-r2-e5-router-320dd1b-v1-auto-b32-r1\inputs\32KiB\osdb.bin"" ""E:\MIXER\hybridzip\results\experiments\hybridzip-r2-e5-router-320dd1b-v1\children\hybridzip-r2-e5-router-320dd1b-v1-auto-b32-r1\archives\32KiB\osdb.hz2""","""E:\MIXER\hybridzip\build\Release\hybridzip.exe"" d ""E:\MIXER\hybridzip\results\experiments\hybridzip-r2-e5-router-320dd1b-v1\children\hybridzip-r2-e5-router-320dd1b-v1-auto-b32-r1\archives\32KiB\osdb.hz2"" ""E:\MIXER\hybridzip\results\experiments\hybridzip-r2-e5-router-320dd1b-v1\children\hybridzip-r2-e5-router-320dd1b-v1-auto-b32-r1\decoded\32KiB\osdb.decoded""","0","0","2026-08-28T16:57:20.8922092+08:00","COMPLETE","PASS","paq8px-generic-sse=1","Complete R2 archive size; SHA-256 byte-exact roundtrip verified."
"e5-router","auto","32","1","False","1","1","60","1","00010000","1025B343","4B1AC26C40AD4DA50312FD3B694D7E636FB768C2336FE773BC82D36424C27A4B","0:2,1:2,2:2,3:2,4:2,5:2,6:2,7:2,8:2,14:2,19:2,21:2,22:2,23:2,25:2,26:2,27:2,28:2,29:2,30:2,31:2,32:2,33:2,34:2,35:2,36:2,37:2,39:2,40:2,41:2","0","0","0","0","0","","","hybridzip-r2-e5-router-320dd1b-v1-auto-b32-r1","r2-auto","1","17","osdb","64","inputs/64KiB/osdb.bin","65536","F8FE629325A07588118BA0B65880A87DED43EF249CCBC91F0E977BBACAE0C125","archives/64KiB/osdb.hz2","22841","94C7897B38B705D9F48D8F883DCF0A835647D2C9ECD88857A20F8D7ECE8B2E8E","decoded/64KiB/osdb.decoded","65536","F8FE629325A07588118BA0B65880A87DED43EF249CCBC91F0E977BBACAE0C125","514.2650039","32.2010764","552.54296875","548.53125","552.54296875","74FF260A939B01673667723D8351AAEDB679339610009ECB23C70E373B862D9F","profile_id=2;mode=auto;block_size=32768;zstd_level=19;lzma_level=9;threads=1;process_timeout_seconds=3600","""E:\MIXER\hybridzip\build\Release\hybridzip.exe"" c --profile=r2 --r2-mode=auto --block-size=32768 ""E:\MIXER\hybridzip\results\experiments\hybridzip-r2-e5-router-320dd1b-v1\children\hybridzip-r2-e5-router-320dd1b-v1-auto-b32-r1\inputs\64KiB\osdb.bin"" ""E:\MIXER\hybridzip\results\experiments\hybridzip-r2-e5-router-320dd1b-v1\children\hybridzip-r2-e5-router-320dd1b-v1-auto-b32-r1\archives\64KiB\osdb.hz2""","""E:\MIXER\hybridzip\build\Release\hybridzip.exe"" d ""E:\MIXER\hybridzip\results\experiments\hybridzip-r2-e5-router-320dd1b-v1\children\hybridzip-r2-e5-router-320dd1b-v1-auto-b32-r1\archives\64KiB\osdb.hz2"" ""E:\MIXER\hybridzip\results\experiments\hybridzip-r2-e5-router-320dd1b-v1\children\hybridzip-r2-e5-router-320dd1b-v1-auto-b32-r1\decoded\64KiB\osdb.decoded""","0","0","2026-08-28T17:00:11.4232337+08:00","COMPLETE","PASS","paq8px-generic-sse=2","Complete R2 archive size; SHA-256 byte-exact roundtrip verified."
"e5-router","auto","32","1","False","1","1","120","1","00010000","1025B343","4B1AC26C40AD4DA50312FD3B694D7E636FB768C2336FE773BC82D36424C27A4B","0:4,1:4,2:4,3:4,4:4,5:4,6:4,7:4,8:4,14:4,19:4,21:4,22:4,23:4,25:4,26:4,27:4,28:4,29:4,30:4,31:4,32:4,33:4,34:4,35:4,36:4,37:4,39:4,40:4,41:4","0","0","0","0","0","","","hybridzip-r2-e5-router-320dd1b-v1-auto-b32-r1","r2-auto","1","18","osdb","128","inputs/128KiB/osdb.bin","131072","D977E72AE13AEFC36A4B6171A895E26A0E6EEE447B1B9FBE868D7B1C046CC91F","archives/128KiB/osdb.hz2","45662","4AEDFB5A3C009F023E8DDB83BCBD8E98A1B233672F801C1CD88224498EB56218","decoded/128KiB/osdb.decoded","131072","D977E72AE13AEFC36A4B6171A895E26A0E6EEE447B1B9FBE868D7B1C046CC91F","620.622095","63.3598505","553.359375","548.5625","553.359375","74FF260A939B01673667723D8351AAEDB679339610009ECB23C70E373B862D9F","profile_id=2;mode=auto;block_size=32768;zstd_level=19;lzma_level=9;threads=1;process_timeout_seconds=3600","""E:\MIXER\hybridzip\build\Release\hybridzip.exe"" c --profile=r2 --r2-mode=auto --block-size=32768 ""E:\MIXER\hybridzip\results\experiments\hybridzip-r2-e5-router-320dd1b-v1\children\hybridzip-r2-e5-router-320dd1b-v1-auto-b32-r1\inputs\128KiB\osdb.bin"" ""E:\MIXER\hybridzip\results\experiments\hybridzip-r2-e5-router-320dd1b-v1\children\hybridzip-r2-e5-router-320dd1b-v1-auto-b32-r1\archives\128KiB\osdb.hz2""","""E:\MIXER\hybridzip\build\Release\hybridzip.exe"" d ""E:\MIXER\hybridzip\results\experiments\hybridzip-r2-e5-router-320dd1b-v1\children\hybridzip-r2-e5-router-320dd1b-v1-auto-b32-r1\archives\128KiB\osdb.hz2"" ""E:\MIXER\hybridzip\results\experiments\hybridzip-r2-e5-router-320dd1b-v1\children\hybridzip-r2-e5-router-320dd1b-v1-auto-b32-r1\decoded\128KiB\osdb.decoded""","0","0","2026-08-28T17:09:17.9644534+08:00","COMPLETE","PASS","paq8px-generic-sse=4","Complete R2 archive size; SHA-256 byte-exact roundtrip verified."
"e5-router","auto","32","1","False","1","1","30","1","00010000","1025B343","4B1AC26C40AD4DA50312FD3B694D7E636FB768C2336FE773BC82D36424C27A4B","0:1,1:1,2:1,3:1,4:1,5:1,6:1,7:1,8:1,19:1,20:1,21:1,22:1,23:1,25:1,26:1,27:1,28:1,29:1,30:1,31:1,32:1,33:1,34:1,35:1,36:1,37:1,39:1,40:1,41:1","0","0","0","0","0","","","hybridzip-r2-e5-router-320dd1b-v1-auto-b32-r1","r2-auto","1","19","reymont","32","inputs/32KiB/reymont.bin","32768","9D5E4B9340C2260DAE7DDB01B3EDA58236FF2DE5E1FF4D56767AA840B6FB1A87","archives/32KiB/reymont.hz2","5679","064166BDEAEDFD7D25A7384C32DD9CAB3A5208BCC5A1B9F771CFF15C16824208","decoded/32KiB/reymont.decoded","32768","9D5E4B9340C2260DAE7DDB01B3EDA58236FF2DE5E1FF4D56767AA840B6FB1A87","158.9692363","6.6157705","545.953125","369.171875","545.953125","74FF260A939B01673667723D8351AAEDB679339610009ECB23C70E373B862D9F","profile_id=2;mode=auto;block_size=32768;zstd_level=19;lzma_level=9;threads=1;process_timeout_seconds=3600","""E:\MIXER\hybridzip\build\Release\hybridzip.exe"" c --profile=r2 --r2-mode=auto --block-size=32768 ""E:\MIXER\hybridzip\results\experiments\hybridzip-r2-e5-router-320dd1b-v1\children\hybridzip-r2-e5-router-320dd1b-v1-auto-b32-r1\inputs\32KiB\reymont.bin"" ""E:\MIXER\hybridzip\results\experiments\hybridzip-r2-e5-router-320dd1b-v1\children\hybridzip-r2-e5-router-320dd1b-v1-auto-b32-r1\archives\32KiB\reymont.hz2""","""E:\MIXER\hybridzip\build\Release\hybridzip.exe"" d ""E:\MIXER\hybridzip\results\experiments\hybridzip-r2-e5-router-320dd1b-v1\children\hybridzip-r2-e5-router-320dd1b-v1-auto-b32-r1\archives\32KiB\reymont.hz2"" ""E:\MIXER\hybridzip\results\experiments\hybridzip-r2-e5-router-320dd1b-v1\children\hybridzip-r2-e5-router-320dd1b-v1-auto-b32-r1\decoded\32KiB\reymont.decoded""","0","0","2026-08-28T17:20:42.0168691+08:00","COMPLETE","PASS","paq8px-detected-sse=1","Complete R2 archive size; SHA-256 byte-exact roundtrip verified."
"e5-router","auto","32","1","False","1","1","59","1","00010000","1025B343","4B1AC26C40AD4DA50312FD3B694D7E636FB768C2336FE773BC82D36424C27A4B","0:2,1:2,2:2,3:2,4:2,5:2,6:2,7:2,8:2,19:2,20:1,21:2,22:2,23:2,25:2,26:2,27:2,28:2,29:2,30:2,31:2,32:2,33:2,34:2,35:2,36:2,37:2,39:2,40:2,41:2","0","0","0","0","0","","","hybridzip-r2-e5-router-320dd1b-v1-auto-b32-r1","r2-auto","1","20","reymont","64","inputs/64KiB/reymont.bin","65536","A5ECAAABB133F1ADF8DE6062BE6381D143E87F9F8050EEA9B5BE6F92B88C3C22","archives/64KiB/reymont.hz2","11624","0A0893E76360E81664941090D4BCCBF3A9970E35C458B29C60461E2CD05CC9F4","decoded/64KiB/reymont.decoded","65536","A5ECAAABB133F1ADF8DE6062BE6381D143E87F9F8050EEA9B5BE6F92B88C3C22","289.1264779","13.7498769","548.5234375","369.1484375","548.5234375","74FF260A939B01673667723D8351AAEDB679339610009ECB23C70E373B862D9F","profile_id=2;mode=auto;block_size=32768;zstd_level=19;lzma_level=9;threads=1;process_timeout_seconds=3600","""E:\MIXER\hybridzip\build\Release\hybridzip.exe"" c --profile=r2 --r2-mode=auto --block-size=32768 ""E:\MIXER\hybridzip\results\experiments\hybridzip-r2-e5-router-320dd1b-v1\children\hybridzip-r2-e5-router-320dd1b-v1-auto-b32-r1\inputs\64KiB\reymont.bin"" ""E:\MIXER\hybridzip\results\experiments\hybridzip-r2-e5-router-320dd1b-v1\children\hybridzip-r2-e5-router-320dd1b-v1-auto-b32-r1\archives\64KiB\reymont.hz2""","""E:\MIXER\hybridzip\build\Release\hybridzip.exe"" d ""E:\MIXER\hybridzip\results\experiments\hybridzip-r2-e5-router-320dd1b-v1\children\hybridzip-r2-e5-router-320dd1b-v1-auto-b32-r1\archives\64KiB\reymont.hz2"" ""E:\MIXER\hybridzip\results\experiments\hybridzip-r2-e5-router-320dd1b-v1\children\hybridzip-r2-e5-router-320dd1b-v1-auto-b32-r1\decoded\64KiB\reymont.decoded""","0","0","2026-08-28T17:23:27.6782832+08:00","COMPLETE","PASS","paq8px-detected-sse=2","Complete R2 archive size; SHA-256 byte-exact roundtrip verified."
"e5-router","auto","32","1","False","1","1","117","1","00010000","1025B343","4B1AC26C40AD4DA50312FD3B694D7E636FB768C2336FE773BC82D36424C27A4B","0:4,1:4,2:4,3:4,4:4,5:4,6:4,7:4,8:4,19:4,20:1,21:4,22:4,23:4,25:4,26:4,27:4,28:4,29:4,30:4,31:4,32:4,33:4,34:4,35:4,36:4,37:4,39:4,40:4,41:4","0","0","0","0","0","","","hybridzip-r2-e5-router-320dd1b-v1-auto-b32-r1","r2-auto","1","21","reymont","128","inputs/128KiB/reymont.bin","131072","A6CA7478854C1E80DFEAF9FB3444B357F9D7625E55232FAE3B3632A5A1217DEA","archives/128KiB/reymont.hz2","23537","4ABDE659495F8AC0B85358F83046A63D4DCC580714CCEC2B053FCE32F6095AD7","decoded/128KiB/reymont.decoded","131072","A6CA7478854C1E80DFEAF9FB3444B357F9D7625E55232FAE3B3632A5A1217DEA","528.2465926","25.3052495","548.765625","369.18359375","548.765625","74FF260A939B01673667723D8351AAEDB679339610009ECB23C70E373B862D9F","profile_id=2;mode=auto;block_size=32768;zstd_level=19;lzma_level=9;threads=1;process_timeout_seconds=3600","""E:\MIXER\hybridzip\build\Release\hybridzip.exe"" c --profile=r2 --r2-mode=auto --block-size=32768 ""E:\MIXER\hybridzip\results\experiments\hybridzip-r2-e5-router-320dd1b-v1\children\hybridzip-r2-e5-router-320dd1b-v1-auto-b32-r1\inputs\128KiB\reymont.bin"" ""E:\MIXER\hybridzip\results\experiments\hybridzip-r2-e5-router-320dd1b-v1\children\hybridzip-r2-e5-router-320dd1b-v1-auto-b32-r1\archives\128KiB\reymont.hz2""","""E:\MIXER\hybridzip\build\Release\hybridzip.exe"" d ""E:\MIXER\hybridzip\results\experiments\hybridzip-r2-e5-router-320dd1b-v1\children\hybridzip-r2-e5-router-320dd1b-v1-auto-b32-r1\archives\128KiB\reymont.hz2"" ""E:\MIXER\hybridzip\results\experiments\hybridzip-r2-e5-router-320dd1b-v1\children\hybridzip-r2-e5-router-320dd1b-v1-auto-b32-r1\decoded\128KiB\reymont.decoded""","0","0","2026-08-28T17:28:30.6277753+08:00","COMPLETE","PASS","paq8px-detected-sse=4","Complete R2 archive size; SHA-256 byte-exact roundtrip verified."
"e5-router","auto","32","1","False","1","1","38","1","00010000","1025B343","4B1AC26C40AD4DA50312FD3B694D7E636FB768C2336FE773BC82D36424C27A4B","0:1,1:1,2:1,3:1,4:1,5:1,6:1,7:1,8:1,10:1,11:1,12:1,13:1,14:1,16:1,19:1,20:1,21:1,22:1,23:1,24:1,25:1,26:1,27:1,28:1,29:1,30:1,31:1,32:1,33:1,34:1,35:1,36:1,37:1,39:1,40:1,41:1,42:1","0","0","0","0","0","","","hybridzip-r2-e5-router-320dd1b-v1-auto-b32-r1","r2-auto","1","22","samba","32","inputs/32KiB/samba.bin","32768","9C4F5BEE544E4531E4946E62F796987418B4526911C34877EF282F14DD57AD12","archives/32KiB/samba.hz2","7956","557C146845CDFA6C9097D074218E604BE0DBD5F2944C814716458C9A1ECDC4C7","decoded/32KiB/samba.decoded","32768","9C4F5BEE544E4531E4946E62F796987418B4526911C34877EF282F14DD57AD12","141.6509397","14.0774745","546.56640625","545.2109375","546.56640625","74FF260A939B01673667723D8351AAEDB679339610009ECB23C70E373B862D9F","profile_id=2;mode=auto;block_size=32768;zstd_level=19;lzma_level=9;threads=1;process_timeout_seconds=3600","""E:\MIXER\hybridzip\build\Release\hybridzip.exe"" c --profile=r2 --r2-mode=auto --block-size=32768 ""E:\MIXER\hybridzip\results\experiments\hybridzip-r2-e5-router-320dd1b-v1\children\hybridzip-r2-e5-router-320dd1b-v1-auto-b32-r1\inputs\32KiB\samba.bin"" ""E:\MIXER\hybridzip\results\experiments\hybridzip-r2-e5-router-320dd1b-v1\children\hybridzip-r2-e5-router-320dd1b-v1-auto-b32-r1\archives\32KiB\samba.hz2""","""E:\MIXER\hybridzip\build\Release\hybridzip.exe"" d ""E:\MIXER\hybridzip\results\experiments\hybridzip-r2-e5-router-320dd1b-v1\children\hybridzip-r2-e5-router-320dd1b-v1-auto-b32-r1\archives\32KiB\samba.hz2"" ""E:\MIXER\hybridzip\results\experiments\hybridzip-r2-e5-router-320dd1b-v1\children\hybridzip-r2-e5-router-320dd1b-v1-auto-b32-r1\decoded\32KiB\samba.decoded""","0","0","2026-08-28T17:37:44.2492636+08:00","COMPLETE","PASS","paq8px-generic-sse=1","Complete R2 archive size; SHA-256 byte-exact roundtrip verified."
"e5-router","auto","32","1","False","1","1","76","1","00010000","1025B343","4B1AC26C40AD4DA50312FD3B694D7E636FB768C2336FE773BC82D36424C27A4B","0:2,1:2,2:2,3:2,4:2,5:2,6:2,7:2,8:2,10:2,11:2,12:2,13:2,14:2,16:2,19:2,20:2,21:2,22:2,23:2,24:2,25:2,26:2,27:2,28:2,29:2,30:2,31:2,32:2,33:2,34:2,35:2,36:2,37:2,39:2,40:2,41:2,42:2","0","0","0","0","0","","","hybridzip-r2-e5-router-320dd1b-v1-auto-b32-r1","r2-auto","1","23","samba","64","inputs/64KiB/samba.bin","65536","3E0420984C0F260EA7350734600CEA9D8500B745E2E4B7DBD4D1DA1D1ADAC421","archives/64KiB/samba.hz2","16218","133820AA7677C5E5AB36015C545492C734AEF9EA7E2D3894F591946868F921D5","decoded/64KiB/samba.decoded","65536","3E0420984C0F260EA7350734600CEA9D8500B745E2E4B7DBD4D1DA1D1ADAC421","289.0161565","29.3305858","549.4921875","545.296875","549.4921875","74FF260A939B01673667723D8351AAEDB679339610009ECB23C70E373B862D9F","profile_id=2;mode=auto;block_size=32768;zstd_level=19;lzma_level=9;threads=1;process_timeout_seconds=3600","""E:\MIXER\hybridzip\build\Release\hybridzip.exe"" c --profile=r2 --r2-mode=auto --block-size=32768 ""E:\MIXER\hybridzip\results\experiments\hybridzip-r2-e5-router-320dd1b-v1\children\hybridzip-r2-e5-router-320dd1b-v1-auto-b32-r1\inputs\64KiB\samba.bin"" ""E:\MIXER\hybridzip\results\experiments\hybridzip-r2-e5-router-320dd1b-v1\children\hybridzip-r2-e5-router-320dd1b-v1-auto-b32-r1\archives\64KiB\samba.hz2""","""E:\MIXER\hybridzip\build\Release\hybridzip.exe"" d ""E:\MIXER\hybridzip\results\experiments\hybridzip-r2-e5-router-320dd1b-v1\children\hybridzip-r2-e5-router-320dd1b-v1-auto-b32-r1\archives\64KiB\samba.hz2"" ""E:\MIXER\hybridzip\results\experiments\hybridzip-r2-e5-router-320dd1b-v1\children\hybridzip-r2-e5-router-320dd1b-v1-auto-b32-r1\decoded\64KiB\samba.decoded""","0","0","2026-08-28T17:40:20.0468947+08:00","COMPLETE","PASS","paq8px-generic-sse=2","Complete R2 archive size; SHA-256 byte-exact roundtrip verified."
"e5-router","auto","32","1","False","1","1","140","1","00010000","1025B343","4B1AC26C40AD4DA50312FD3B694D7E636FB768C2336FE773BC82D36424C27A4B","0:4,1:4,2:4,3:4,4:4,5:4,6:4,7:4,8:4,9:1,10:2,11:2,12:2,13:2,14:4,15:1,16:2,19:4,20:4,21:4,22:4,23:4,24:2,25:4,26:4,27:4,28:4,29:4,30:4,31:4,32:4,33:4,34:4,35:4,36:4,37:4,39:4,40:4,41:4,42:2","0","0","0","0","0","","","hybridzip-r2-e5-router-320dd1b-v1-auto-b32-r1","r2-auto","1","24","samba","128","inputs/128KiB/samba.bin","131072","F3B8C4AD35BC6CF21977895D6F04A22B1422605942FA5AFE35CE28B2A221D7E8","archives/128KiB/samba.hz2","32979","E22B0EE6880F9C819E29B188F25EB6737C6118ED81910B03FA9FB221B2F8CB72","decoded/128KiB/samba.decoded","131072","F3B8C4AD35BC6CF21977895D6F04A22B1422605942FA5AFE35CE28B2A221D7E8","626.5940686","48.9094219","549.23828125","545.4140625","549.23828125","74FF260A939B01673667723D8351AAEDB679339610009ECB23C70E373B862D9F","profile_id=2;mode=auto;block_size=32768;zstd_level=19;lzma_level=9;threads=1;process_timeout_seconds=3600","""E:\MIXER\hybridzip\build\Release\hybridzip.exe"" c --profile=r2 --r2-mode=auto --block-size=32768 ""E:\MIXER\hybridzip\results\experiments\hybridzip-r2-e5-router-320dd1b-v1\children\hybridzip-r2-e5-router-320dd1b-v1-auto-b32-r1\inputs\128KiB\samba.bin"" ""E:\MIXER\hybridzip\results\experiments\hybridzip-r2-e5-router-320dd1b-v1\children\hybridzip-r2-e5-router-320dd1b-v1-auto-b32-r1\archives\128KiB\samba.hz2""","""E:\MIXER\hybridzip\build\Release\hybridzip.exe"" d ""E:\MIXER\hybridzip\results\experiments\hybridzip-r2-e5-router-320dd1b-v1\children\hybridzip-r2-e5-router-320dd1b-v1-auto-b32-r1\archives\128KiB\samba.hz2"" ""E:\MIXER\hybridzip\results\experiments\hybridzip-r2-e5-router-320dd1b-v1\children\hybridzip-r2-e5-router-320dd1b-v1-auto-b32-r1\decoded\128KiB\samba.decoded""","0","0","2026-08-28T17:45:38.4684148+08:00","COMPLETE","PASS","paq8px-generic-sse=3;paq8px-detected-sse=1","Complete R2 archive size; SHA-256 byte-exact roundtrip verified."
"e5-router","auto","32","1","False","1","1","29","1","00010000","1025B343","4B1AC26C40AD4DA50312FD3B694D7E636FB768C2336FE773BC82D36424C27A4B","0:1,1:1,2:1,3:1,4:1,5:1,6:1,7:1,8:1,9:1,14:1,15:1,21:1,22:1,23:1,26:1,27:1,28:1,29:1,30:1,31:1,32:1,33:1,34:1,35:1,36:1,37:1,39:1,40:1","0","0","0","0","0","","","hybridzip-r2-e5-router-320dd1b-v1-auto-b32-r1","r2-auto","1","25","sao","32","inputs/32KiB/sao.bin","32768","95677430CAD4F000506BC5EE22815C3F4E13D64B477ED506B78D5D9ACFB50CCD","archives/32KiB/sao.hz2","18805","F2051C527BDC64B7FF932E6902A9812845F68FB987886C197ECDF0BD665E1CD4","decoded/32KiB/sao.decoded","32768","95677430CAD4F000506BC5EE22815C3F4E13D64B477ED506B78D5D9ACFB50CCD","161.9705462","18.1115608","550.078125","548.69921875","550.078125","74FF260A939B01673667723D8351AAEDB679339610009ECB23C70E373B862D9F","profile_id=2;mode=auto;block_size=32768;zstd_level=19;lzma_level=9;threads=1;process_timeout_seconds=3600","""E:\MIXER\hybridzip\build\Release\hybridzip.exe"" c --profile=r2 --r2-mode=auto --block-size=32768 ""E:\MIXER\hybridzip\results\experiments\hybridzip-r2-e5-router-320dd1b-v1\children\hybridzip-r2-e5-router-320dd1b-v1-auto-b32-r1\inputs\32KiB\sao.bin"" ""E:\MIXER\hybridzip\results\experiments\hybridzip-r2-e5-router-320dd1b-v1\children\hybridzip-r2-e5-router-320dd1b-v1-auto-b32-r1\archives\32KiB\sao.hz2""","""E:\MIXER\hybridzip\build\Release\hybridzip.exe"" d ""E:\MIXER\hybridzip\results\experiments\hybridzip-r2-e5-router-320dd1b-v1\children\hybridzip-r2-e5-router-320dd1b-v1-auto-b32-r1\archives\32KiB\sao.hz2"" ""E:\MIXER\hybridzip\results\experiments\hybridzip-r2-e5-router-320dd1b-v1\children\hybridzip-r2-e5-router-320dd1b-v1-auto-b32-r1\decoded\32KiB\sao.decoded""","0","0","2026-08-28T17:56:54.0421300+08:00","COMPLETE","PASS","paq8px-generic-sse=1","Complete R2 archive size; SHA-256 byte-exact roundtrip verified."
"e5-router","auto","32","1","False","1","1","58","1","00010000","1025B343","4B1AC26C40AD4DA50312FD3B694D7E636FB768C2336FE773BC82D36424C27A4B","0:2,1:2,2:2,3:2,4:2,5:2,6:2,7:2,8:2,9:2,14:2,15:2,21:2,22:2,23:2,26:2,27:2,28:2,29:2,30:2,31:2,32:2,33:2,34:2,35:2,36:2,37:2,39:2,40:2","0","0","0","0","0","","","hybridzip-r2-e5-router-320dd1b-v1-auto-b32-r1","r2-auto","1","26","sao","64","inputs/64KiB/sao.bin","65536","17CBD7166A47786139F60BA33B4E771CE0154F6FA56986883D129BC23F78EBEE","archives/64KiB/sao.hz2","37238","53591C114A6BBA4D65651D5E7C6F19EC624864672A2ED3EE7CD8595298CDC3C7","decoded/64KiB/sao.decoded","65536","17CBD7166A47786139F60BA33B4E771CE0154F6FA56986883D129BC23F78EBEE","316.294357","34.842593","552.578125","548.8515625","552.578125","74FF260A939B01673667723D8351AAEDB679339610009ECB23C70E373B862D9F","profile_id=2;mode=auto;block_size=32768;zstd_level=19;lzma_level=9;threads=1;process_timeout_seconds=3600","""E:\MIXER\hybridzip\build\Release\hybridzip.exe"" c --profile=r2 --r2-mode=auto --block-size=32768 ""E:\MIXER\hybridzip\results\experiments\hybridzip-r2-e5-router-320dd1b-v1\children\hybridzip-r2-e5-router-320dd1b-v1-auto-b32-r1\inputs\64KiB\sao.bin"" ""E:\MIXER\hybridzip\results\experiments\hybridzip-r2-e5-router-320dd1b-v1\children\hybridzip-r2-e5-router-320dd1b-v1-auto-b32-r1\archives\64KiB\sao.hz2""","""E:\MIXER\hybridzip\build\Release\hybridzip.exe"" d ""E:\MIXER\hybridzip\results\experiments\hybridzip-r2-e5-router-320dd1b-v1\children\hybridzip-r2-e5-router-320dd1b-v1-auto-b32-r1\archives\64KiB\sao.hz2"" ""E:\MIXER\hybridzip\results\experiments\hybridzip-r2-e5-router-320dd1b-v1\children\hybridzip-r2-e5-router-320dd1b-v1-auto-b32-r1\decoded\64KiB\sao.decoded""","0","0","2026-08-28T17:59:54.2023301+08:00","COMPLETE","PASS","paq8px-generic-sse=2","Complete R2 archive size; SHA-256 byte-exact roundtrip verified."
"e5-router","auto","32","1","False","1","1","116","1","00010000","1025B343","4B1AC26C40AD4DA50312FD3B694D7E636FB768C2336FE773BC82D36424C27A4B","0:4,1:4,2:4,3:4,4:4,5:4,6:4,7:4,8:4,9:4,14:4,15:4,21:4,22:4,23:4,26:4,27:4,28:4,29:4,30:4,31:4,32:4,33:4,34:4,35:4,36:4,37:4,39:4,40:4","0","0","0","0","0","","","hybridzip-r2-e5-router-320dd1b-v1-auto-b32-r1","r2-auto","1","27","sao","128","inputs/128KiB/sao.bin","131072","75E535B42DB7505118D8B19C7C42C1F49C5542ADDC9DBC13383953659F675CE0","archives/128KiB/sao.hz2","74133","8B4978F96CD45C7287E046B980F9D3D1F334790C8A2C776F2A5582FFD980191C","decoded/128KiB/sao.decoded","131072","75E535B42DB7505118D8B19C7C42C1F49C5542ADDC9DBC13383953659F675CE0","688.7146045","117.5686731","553.10546875","548.97265625","553.10546875","74FF260A939B01673667723D8351AAEDB679339610009ECB23C70E373B862D9F","profile_id=2;mode=auto;block_size=32768;zstd_level=19;lzma_level=9;threads=1;process_timeout_seconds=3600","""E:\MIXER\hybridzip\build\Release\hybridzip.exe"" c --profile=r2 --r2-mode=auto --block-size=32768 ""E:\MIXER\hybridzip\results\experiments\hybridzip-r2-e5-router-320dd1b-v1\children\hybridzip-r2-e5-router-320dd1b-v1-auto-b32-r1\inputs\128KiB\sao.bin"" ""E:\MIXER\hybridzip\results\experiments\hybridzip-r2-e5-router-320dd1b-v1\children\hybridzip-r2-e5-router-320dd1b-v1-auto-b32-r1\archives\128KiB\sao.hz2""","""E:\MIXER\hybridzip\build\Release\hybridzip.exe"" d ""E:\MIXER\hybridzip\results\experiments\hybridzip-r2-e5-router-320dd1b-v1\children\hybridzip-r2-e5-router-320dd1b-v1-auto-b32-r1\archives\128KiB\sao.hz2"" ""E:\MIXER\hybridzip\results\experiments\hybridzip-r2-e5-router-320dd1b-v1\children\hybridzip-r2-e5-router-320dd1b-v1-auto-b32-r1\decoded\128KiB\sao.decoded""","0","0","2026-08-28T18:05:45.4069685+08:00","COMPLETE","PASS","paq8px-generic-sse=4","Complete R2 archive size; SHA-256 byte-exact roundtrip verified."
"e5-router","auto","32","1","False","1","1","31","1","00010000","1025B343","4B1AC26C40AD4DA50312FD3B694D7E636FB768C2336FE773BC82D36424C27A4B","0:1,1:1,2:1,3:1,4:1,5:1,6:1,7:1,8:1,14:1,19:1,20:1,21:1,22:1,23:1,25:1,26:1,27:1,28:1,29:1,30:1,31:1,32:1,33:1,34:1,35:1,36:1,37:1,39:1,40:1,41:1","0","0","0","0","0","","","hybridzip-r2-e5-router-320dd1b-v1-auto-b32-r1","r2-auto","1","28","webster","32","inputs/32KiB/webster.bin","32768","774D224695AF4057353F72602BB96CD2AFEEA059AC7737535645F11596FCA85E","archives/32KiB/webster.hz2","9258","82F165E498709848BB88AAFA42C857918BF864A622ABAA31DF3A47A29E0DD6B2","decoded/32KiB/webster.decoded","32768","774D224695AF4057353F72602BB96CD2AFEEA059AC7737535645F11596FCA85E","283.3067748","7.6916315","548.015625","369.7578125","548.015625","74FF260A939B01673667723D8351AAEDB679339610009ECB23C70E373B862D9F","profile_id=2;mode=auto;block_size=32768;zstd_level=19;lzma_level=9;threads=1;process_timeout_seconds=3600","""E:\MIXER\hybridzip\build\Release\hybridzip.exe"" c --profile=r2 --r2-mode=auto --block-size=32768 ""E:\MIXER\hybridzip\results\experiments\hybridzip-r2-e5-router-320dd1b-v1\children\hybridzip-r2-e5-router-320dd1b-v1-auto-b32-r1\inputs\32KiB\webster.bin"" ""E:\MIXER\hybridzip\results\experiments\hybridzip-r2-e5-router-320dd1b-v1\children\hybridzip-r2-e5-router-320dd1b-v1-auto-b32-r1\archives\32KiB\webster.hz2""","""E:\MIXER\hybridzip\build\Release\hybridzip.exe"" d ""E:\MIXER\hybridzip\results\experiments\hybridzip-r2-e5-router-320dd1b-v1\children\hybridzip-r2-e5-router-320dd1b-v1-auto-b32-r1\archives\32KiB\webster.hz2"" ""E:\MIXER\hybridzip\results\experiments\hybridzip-r2-e5-router-320dd1b-v1\children\hybridzip-r2-e5-router-320dd1b-v1-auto-b32-r1\decoded\32KiB\webster.decoded""","0","0","2026-08-28T18:19:11.7858071+08:00","COMPLETE","PASS","paq8px-detected-sse=1","Complete R2 archive size; SHA-256 byte-exact roundtrip verified."
"e5-router","auto","32","1","False","1","1","61","1","00010000","1025B343","4B1AC26C40AD4DA50312FD3B694D7E636FB768C2336FE773BC82D36424C27A4B","0:2,1:2,2:2,3:2,4:2,5:2,6:2,7:2,8:2,14:1,19:2,20:2,21:2,22:2,23:2,25:2,26:2,27:2,28:2,29:2,30:2,31:2,32:2,33:2,34:2,35:2,36:2,37:2,39:2,40:2,41:2","0","0","0","0","0","","","hybridzip-r2-e5-router-320dd1b-v1-auto-b32-r1","r2-auto","1","29","webster","64","inputs/64KiB/webster.bin","65536","262258811321382F9E4F44D2184B6B7FED0336CF831446D8336C47D6CCC2B32E","archives/64KiB/webster.hz2","16386","2309796CD059D9C6900875CFBDF6F23D49004A74B83DD00B75F7B49B379A4D1F","decoded/64KiB/webster.decoded","65536","262258811321382F9E4F44D2184B6B7FED0336CF831446D8336C47D6CCC2B32E","518.6427236","15.1441923","549.375","369.78515625","549.375","74FF260A939B01673667723D8351AAEDB679339610009ECB23C70E373B862D9F","profile_id=2;mode=auto;block_size=32768;zstd_level=19;lzma_level=9;threads=1;process_timeout_seconds=3600","""E:\MIXER\hybridzip\build\Release\hybridzip.exe"" c --profile=r2 --r2-mode=auto --block-size=32768 ""E:\MIXER\hybridzip\results\experiments\hybridzip-r2-e5-router-320dd1b-v1\children\hybridzip-r2-e5-router-320dd1b-v1-auto-b32-r1\inputs\64KiB\webster.bin"" ""E:\MIXER\hybridzip\results\experiments\hybridzip-r2-e5-router-320dd1b-v1\children\hybridzip-r2-e5-router-320dd1b-v1-auto-b32-r1\archives\64KiB\webster.hz2""","""E:\MIXER\hybridzip\build\Release\hybridzip.exe"" d ""E:\MIXER\hybridzip\results\experiments\hybridzip-r2-e5-router-320dd1b-v1\children\hybridzip-r2-e5-router-320dd1b-v1-auto-b32-r1\archives\64KiB\webster.hz2"" ""E:\MIXER\hybridzip\results\experiments\hybridzip-r2-e5-router-320dd1b-v1\children\hybridzip-r2-e5-router-320dd1b-v1-auto-b32-r1\decoded\64KiB\webster.decoded""","0","0","2026-08-28T18:24:03.6204461+08:00","COMPLETE","PASS","paq8px-detected-sse=2","Complete R2 archive size; SHA-256 byte-exact roundtrip verified."
"e5-router","auto","32","1","False","1","1","121","1","00010000","1025B343","4B1AC26C40AD4DA50312FD3B694D7E636FB768C2336FE773BC82D36424C27A4B","0:4,1:4,2:4,3:4,4:4,5:4,6:4,7:4,8:4,14:1,19:4,20:4,21:4,22:4,23:4,25:4,26:4,27:4,28:4,29:4,30:4,31:4,32:4,33:4,34:4,35:4,36:4,37:4,39:4,40:4,41:4","0","0","0","0","0","","","hybridzip-r2-e5-router-320dd1b-v1-auto-b32-r1","r2-auto","1","30","webster","128","inputs/128KiB/webster.bin","131072","C069C1FDCA99BC5C44F06D134CD0CDA60315DD631AA6564733B2CE0E6D59305C","archives/128KiB/webster.hz2","30242","208509B4B5B3105FC8720BA2463A921F7F7C704F5C39E5E28AAA9D3CE4CEEECA","decoded/128KiB/webster.decoded","131072","C069C1FDCA99BC5C44F06D134CD0CDA60315DD631AA6564733B2CE0E6D59305C","883.0608851","41.3191607","549.87109375","369.78125","549.87109375","74FF260A939B01673667723D8351AAEDB679339610009ECB23C70E373B862D9F","profile_id=2;mode=auto;block_size=32768;zstd_level=19;lzma_level=9;threads=1;process_timeout_seconds=3600","""E:\MIXER\hybridzip\build\Release\hybridzip.exe"" c --profile=r2 --r2-mode=auto --block-size=32768 ""E:\MIXER\hybridzip\results\experiments\hybridzip-r2-e5-router-320dd1b-v1\children\hybridzip-r2-e5-router-320dd1b-v1-auto-b32-r1\inputs\128KiB\webster.bin"" ""E:\MIXER\hybridzip\results\experiments\hybridzip-r2-e5-router-320dd1b-v1\children\hybridzip-r2-e5-router-320dd1b-v1-auto-b32-r1\archives\128KiB\webster.hz2""","""E:\MIXER\hybridzip\build\Release\hybridzip.exe"" d ""E:\MIXER\hybridzip\results\experiments\hybridzip-r2-e5-router-320dd1b-v1\children\hybridzip-r2-e5-router-320dd1b-v1-auto-b32-r1\archives\128KiB\webster.hz2"" ""E:\MIXER\hybridzip\results\experiments\hybridzip-r2-e5-router-320dd1b-v1\children\hybridzip-r2-e5-router-320dd1b-v1-auto-b32-r1\decoded\128KiB\webster.decoded""","0","0","2026-08-28T18:32:57.4899455+08:00","COMPLETE","PASS","paq8px-detected-sse=4","Complete R2 archive size; SHA-256 byte-exact roundtrip verified."
"e5-router","auto","32","1","False","1","1","31","1","00010000","1025B343","4B1AC26C40AD4DA50312FD3B694D7E636FB768C2336FE773BC82D36424C27A4B","0:1,1:1,2:1,3:1,4:1,5:1,10:1,11:1,12:1,13:1,14:1,16:1,17:1,18:1,23:1,24:1,27:1,28:1,29:1,30:1,31:1,32:1,33:1,34:1,35:1,36:1,37:1,38:1,39:1,40:1,42:1","0","0","0","0","0","","","hybridzip-r2-e5-router-320dd1b-v1-auto-b32-r1","r2-auto","1","31","x-ray","32","inputs/32KiB/x-ray.bin","32768","10511AA63DFBD9C0DDBFEFE36068740103D4BA1116E214154A0772057D7E9314","archives/32KiB/x-ray.hz2","14702","7A42F5E3021F2D74A0EB1AA0493B4A1A020327428389D7C79EF9707CCAC35324","decoded/32KiB/x-ray.decoded","32768","10511AA63DFBD9C0DDBFEFE36068740103D4BA1116E214154A0772057D7E9314","108.1160507","15.0432252","548.390625","547.0625","548.390625","74FF260A939B01673667723D8351AAEDB679339610009ECB23C70E373B862D9F","profile_id=2;mode=auto;block_size=32768;zstd_level=19;lzma_level=9;threads=1;process_timeout_seconds=3600","""E:\MIXER\hybridzip\build\Release\hybridzip.exe"" c --profile=r2 --r2-mode=auto --block-size=32768 ""E:\MIXER\hybridzip\results\experiments\hybridzip-r2-e5-router-320dd1b-v1\children\hybridzip-r2-e5-router-320dd1b-v1-auto-b32-r1\inputs\32KiB\x-ray.bin"" ""E:\MIXER\hybridzip\results\experiments\hybridzip-r2-e5-router-320dd1b-v1\children\hybridzip-r2-e5-router-320dd1b-v1-auto-b32-r1\archives\32KiB\x-ray.hz2""","""E:\MIXER\hybridzip\build\Release\hybridzip.exe"" d ""E:\MIXER\hybridzip\results\experiments\hybridzip-r2-e5-router-320dd1b-v1\children\hybridzip-r2-e5-router-320dd1b-v1-auto-b32-r1\archives\32KiB\x-ray.hz2"" ""E:\MIXER\hybridzip\results\experiments\hybridzip-r2-e5-router-320dd1b-v1\children\hybridzip-r2-e5-router-320dd1b-v1-auto-b32-r1\decoded\32KiB\x-ray.decoded""","0","0","2026-08-28T18:48:21.9630697+08:00","COMPLETE","PASS","paq8px-generic-sse=1","Complete R2 archive size; SHA-256 byte-exact roundtrip verified."
"e5-router","auto","32","1","False","1","1","62","1","00010000","1025B343","4B1AC26C40AD4DA50312FD3B694D7E636FB768C2336FE773BC82D36424C27A4B","0:2,1:2,2:2,3:2,4:2,5:2,10:2,11:2,12:2,13:2,14:2,16:2,17:2,18:2,23:2,24:2,27:2,28:2,29:2,30:2,31:2,32:2,33:2,34:2,35:2,36:2,37:2,38:2,39:2,40:2,42:2","0","0","0","0","0","","","hybridzip-r2-e5-router-320dd1b-v1-auto-b32-r1","r2-auto","1","32","x-ray","64","inputs/64KiB/x-ray.bin","65536","B5A07146616BCD7C2D10071D41E07D204DE0AC629C4CA37D8E867FF00574D0D8","archives/64KiB/x-ray.hz2","29399","F9AE1C6F0428F92774756E7FFB8171DA1DE4782F4E5BC4D259E32982AD297B4D","decoded/64KiB/x-ray.decoded","65536","B5A07146616BCD7C2D10071D41E07D204DE0AC629C4CA37D8E867FF00574D0D8","217.3710519","29.5421002","550.515625","547.078125","550.515625","74FF260A939B01673667723D8351AAEDB679339610009ECB23C70E373B862D9F","profile_id=2;mode=auto;block_size=32768;zstd_level=19;lzma_level=9;threads=1;process_timeout_seconds=3600","""E:\MIXER\hybridzip\build\Release\hybridzip.exe"" c --profile=r2 --r2-mode=auto --block-size=32768 ""E:\MIXER\hybridzip\results\experiments\hybridzip-r2-e5-router-320dd1b-v1\children\hybridzip-r2-e5-router-320dd1b-v1-auto-b32-r1\inputs\64KiB\x-ray.bin"" ""E:\MIXER\hybridzip\results\experiments\hybridzip-r2-e5-router-320dd1b-v1\children\hybridzip-r2-e5-router-320dd1b-v1-auto-b32-r1\archives\64KiB\x-ray.hz2""","""E:\MIXER\hybridzip\build\Release\hybridzip.exe"" d ""E:\MIXER\hybridzip\results\experiments\hybridzip-r2-e5-router-320dd1b-v1\children\hybridzip-r2-e5-router-320dd1b-v1-auto-b32-r1\archives\64KiB\x-ray.hz2"" ""E:\MIXER\hybridzip\results\experiments\hybridzip-r2-e5-router-320dd1b-v1\children\hybridzip-r2-e5-router-320dd1b-v1-auto-b32-r1\decoded\64KiB\x-ray.decoded""","0","0","2026-08-28T18:50:25.2019429+08:00","COMPLETE","PASS","paq8px-generic-sse=2","Complete R2 archive size; SHA-256 byte-exact roundtrip verified."
"e5-router","auto","32","1","False","1","1","134","1","00010000","1025B343","4B1AC26C40AD4DA50312FD3B694D7E636FB768C2336FE773BC82D36424C27A4B","0:4,1:4,2:4,3:4,4:4,5:4,6:2,7:2,8:2,9:2,10:4,11:4,12:4,13:4,14:4,15:2,16:4,17:4,18:4,23:4,24:4,27:4,28:4,29:4,30:4,31:4,32:4,33:4,34:4,35:4,36:4,37:4,38:4,39:4,40:4,42:4","0","0","0","0","0","","","hybridzip-r2-e5-router-320dd1b-v1-auto-b32-r1","r2-auto","1","33","x-ray","128","inputs/128KiB/x-ray.bin","131072","7A65B793FB2A694C20686275A899B304445473528F7C998BE26F8C68EB18F76E","archives/128KiB/x-ray.hz2","58525","04439987E444AC18DBAE1020D405CC6E2B92D8045A045295E1F7E66E3DFB4939","decoded/128KiB/x-ray.decoded","131072","7A65B793FB2A694C20686275A899B304445473528F7C998BE26F8C68EB18F76E","422.5837106","63.0292479","551.734375","547.12109375","551.734375","74FF260A939B01673667723D8351AAEDB679339610009ECB23C70E373B862D9F","profile_id=2;mode=auto;block_size=32768;zstd_level=19;lzma_level=9;threads=1;process_timeout_seconds=3600","""E:\MIXER\hybridzip\build\Release\hybridzip.exe"" c --profile=r2 --r2-mode=auto --block-size=32768 ""E:\MIXER\hybridzip\results\experiments\hybridzip-r2-e5-router-320dd1b-v1\children\hybridzip-r2-e5-router-320dd1b-v1-auto-b32-r1\inputs\128KiB\x-ray.bin"" ""E:\MIXER\hybridzip\results\experiments\hybridzip-r2-e5-router-320dd1b-v1\children\hybridzip-r2-e5-router-320dd1b-v1-auto-b32-r1\archives\128KiB\x-ray.hz2""","""E:\MIXER\hybridzip\build\Release\hybridzip.exe"" d ""E:\MIXER\hybridzip\results\experiments\hybridzip-r2-e5-router-320dd1b-v1\children\hybridzip-r2-e5-router-320dd1b-v1-auto-b32-r1\archives\128KiB\x-ray.hz2"" ""E:\MIXER\hybridzip\results\experiments\hybridzip-r2-e5-router-320dd1b-v1\children\hybridzip-r2-e5-router-320dd1b-v1-auto-b32-r1\decoded\128KiB\x-ray.decoded""","0","0","2026-08-28T18:54:32.1866239+08:00","COMPLETE","PASS","paq8px-generic-sse=4","Complete R2 archive size; SHA-256 byte-exact roundtrip verified."
"e5-router","auto","32","1","False","1","1","31","1","00010000","1025B343","4B1AC26C40AD4DA50312FD3B694D7E636FB768C2336FE773BC82D36424C27A4B","0:1,1:1,2:1,3:1,4:1,5:1,6:1,7:1,8:1,14:1,19:1,20:1,21:1,22:1,23:1,25:1,26:1,27:1,28:1,29:1,30:1,31:1,32:1,33:1,34:1,35:1,36:1,37:1,39:1,40:1,41:1","0","0","0","0","0","","","hybridzip-r2-e5-router-320dd1b-v1-auto-b32-r1","r2-auto","1","34","xml","32","inputs/32KiB/xml.bin","32768","C2F7F129956F8D6FC3D0E3595D93F98D5270B6F5BC4AB5E70F45867822EFDD71","archives/32KiB/xml.hz2","1441","E86CAEABDB7A3613F62A84446E1F67B6E78306E4884BF63D05C2D9832C85AE6F","decoded/32KiB/xml.decoded","32768","C2F7F129956F8D6FC3D0E3595D93F98D5270B6F5BC4AB5E70F45867822EFDD71","159.4461122","9.6934828","544.109375","542.765625","544.109375","74FF260A939B01673667723D8351AAEDB679339610009ECB23C70E373B862D9F","profile_id=2;mode=auto;block_size=32768;zstd_level=19;lzma_level=9;threads=1;process_timeout_seconds=3600","""E:\MIXER\hybridzip\build\Release\hybridzip.exe"" c --profile=r2 --r2-mode=auto --block-size=32768 ""E:\MIXER\hybridzip\results\experiments\hybridzip-r2-e5-router-320dd1b-v1\children\hybridzip-r2-e5-router-320dd1b-v1-auto-b32-r1\inputs\32KiB\xml.bin"" ""E:\MIXER\hybridzip\results\experiments\hybridzip-r2-e5-router-320dd1b-v1\children\hybridzip-r2-e5-router-320dd1b-v1-auto-b32-r1\archives\32KiB\xml.hz2""","""E:\MIXER\hybridzip\build\Release\hybridzip.exe"" d ""E:\MIXER\hybridzip\results\experiments\hybridzip-r2-e5-router-320dd1b-v1\children\hybridzip-r2-e5-router-320dd1b-v1-auto-b32-r1\archives\32KiB\xml.hz2"" ""E:\MIXER\hybridzip\results\experiments\hybridzip-r2-e5-router-320dd1b-v1\children\hybridzip-r2-e5-router-320dd1b-v1-auto-b32-r1\decoded\32KiB\xml.decoded""","0","0","2026-08-28T19:02:37.8717991+08:00","COMPLETE","PASS","paq8px-generic-sse=1","Complete R2 archive size; SHA-256 byte-exact roundtrip verified."
"e5-router","auto","32","1","False","1","1","62","1","00010000","1025B343","4B1AC26C40AD4DA50312FD3B694D7E636FB768C2336FE773BC82D36424C27A4B","0:2,1:2,2:2,3:2,4:2,5:2,6:2,7:2,8:2,14:2,19:2,20:2,21:2,22:2,23:2,25:2,26:2,27:2,28:2,29:2,30:2,31:2,32:2,33:2,34:2,35:2,36:2,37:2,39:2,40:2,41:2","0","0","0","0","0","","","hybridzip-r2-e5-router-320dd1b-v1-auto-b32-r1","r2-auto","1","35","xml","64","inputs/64KiB/xml.bin","65536","E32AFF2BEBF00105A17DD57F5490C1986D17543CEE837B42EB56B3E0E6F8E7F1","archives/64KiB/xml.hz2","2784","C32ED3152F4B8E8FDDBE2E8EE10392B6146B893B0D8CA09A203870B105D69065","decoded/64KiB/xml.decoded","65536","E32AFF2BEBF00105A17DD57F5490C1986D17543CEE837B42EB56B3E0E6F8E7F1","259.04204","19.5452607","546.234375","542.77734375","546.234375","74FF260A939B01673667723D8351AAEDB679339610009ECB23C70E373B862D9F","profile_id=2;mode=auto;block_size=32768;zstd_level=19;lzma_level=9;threads=1;process_timeout_seconds=3600","""E:\MIXER\hybridzip\build\Release\hybridzip.exe"" c --profile=r2 --r2-mode=auto --block-size=32768 ""E:\MIXER\hybridzip\results\experiments\hybridzip-r2-e5-router-320dd1b-v1\children\hybridzip-r2-e5-router-320dd1b-v1-auto-b32-r1\inputs\64KiB\xml.bin"" ""E:\MIXER\hybridzip\results\experiments\hybridzip-r2-e5-router-320dd1b-v1\children\hybridzip-r2-e5-router-320dd1b-v1-auto-b32-r1\archives\64KiB\xml.hz2""","""E:\MIXER\hybridzip\build\Release\hybridzip.exe"" d ""E:\MIXER\hybridzip\results\experiments\hybridzip-r2-e5-router-320dd1b-v1\children\hybridzip-r2-e5-router-320dd1b-v1-auto-b32-r1\archives\64KiB\xml.hz2"" ""E:\MIXER\hybridzip\results\experiments\hybridzip-r2-e5-router-320dd1b-v1\children\hybridzip-r2-e5-router-320dd1b-v1-auto-b32-r1\decoded\64KiB\xml.decoded""","0","0","2026-08-28T19:05:27.1705508+08:00","COMPLETE","PASS","paq8px-generic-sse=2","Complete R2 archive size; SHA-256 byte-exact roundtrip verified."
"e5-router","auto","32","1","False","1","1","124","1","00010000","1025B343","4B1AC26C40AD4DA50312FD3B694D7E636FB768C2336FE773BC82D36424C27A4B","0:4,1:4,2:4,3:4,4:4,5:4,6:4,7:4,8:4,14:4,19:4,20:4,21:4,22:4,23:4,25:4,26:4,27:4,28:4,29:4,30:4,31:4,32:4,33:4,34:4,35:4,36:4,37:4,39:4,40:4,41:4","0","0","0","0","0","","","hybridzip-r2-e5-router-320dd1b-v1-auto-b32-r1","r2-auto","1","36","xml","128","inputs/128KiB/xml.bin","131072","5FA29C746885F2EEB98734218475915A78092CCB3B0F68B08861EE210E5B6E25","archives/128KiB/xml.hz2","5721","9E090AFD83693FE8548B66801680609CAECBDBED62D7F5E7E14EBE14B03F9A01","decoded/128KiB/xml.decoded","131072","5FA29C746885F2EEB98734218475915A78092CCB3B0F68B08861EE210E5B6E25","519.7834322","38.9351732","547.40625","543.15234375","547.40625","74FF260A939B01673667723D8351AAEDB679339610009ECB23C70E373B862D9F","profile_id=2;mode=auto;block_size=32768;zstd_level=19;lzma_level=9;threads=1;process_timeout_seconds=3600","""E:\MIXER\hybridzip\build\Release\hybridzip.exe"" c --profile=r2 --r2-mode=auto --block-size=32768 ""E:\MIXER\hybridzip\results\experiments\hybridzip-r2-e5-router-320dd1b-v1\children\hybridzip-r2-e5-router-320dd1b-v1-auto-b32-r1\inputs\128KiB\xml.bin"" ""E:\MIXER\hybridzip\results\experiments\hybridzip-r2-e5-router-320dd1b-v1\children\hybridzip-r2-e5-router-320dd1b-v1-auto-b32-r1\archives\128KiB\xml.hz2""","""E:\MIXER\hybridzip\build\Release\hybridzip.exe"" d ""E:\MIXER\hybridzip\results\experiments\hybridzip-r2-e5-router-320dd1b-v1\children\hybridzip-r2-e5-router-320dd1b-v1-auto-b32-r1\archives\128KiB\xml.hz2"" ""E:\MIXER\hybridzip\results\experiments\hybridzip-r2-e5-router-320dd1b-v1\children\hybridzip-r2-e5-router-320dd1b-v1-auto-b32-r1\decoded\128KiB\xml.decoded""","0","0","2026-08-28T19:10:05.8341366+08:00","COMPLETE","PASS","paq8px-generic-sse=4","Complete R2 archive size; SHA-256 byte-exact roundtrip verified."
"e5-router","auto-k2","32","1","False","1","1","2","0","00010000","1025B343","4B1AC26C40AD4DA50312FD3B694D7E636FB768C2336FE773BC82D36424C27A4B","0:1,36:1","0","0","0","0","0","","","hybridzip-r2-e5-router-320dd1b-v1-auto-k2-b32-r1","r2-auto-k2","1","1","dickens","32","inputs/32KiB/dickens.bin","32768","FC42DCB9849222C8704C9DCAE606D075B389B66244FB215035148D6409EC0B31","archives/32KiB/dickens.hz2","9688","971F4799C669B1737B0D355D2E31C8CF79E644BDA0DB760B4C637A3E7852BC0D","decoded/32KiB/dickens.decoded","32768","FC42DCB9849222C8704C9DCAE606D075B389B66244FB215035148D6409EC0B31","15.733689","15.7032448","546.4140625","546.328125","546.4140625","74FF260A939B01673667723D8351AAEDB679339610009ECB23C70E373B862D9F","profile_id=2;mode=auto-k2;block_size=32768;zstd_level=19;lzma_level=9;threads=1;process_timeout_seconds=3600","""E:\MIXER\hybridzip\build\Release\hybridzip.exe"" c --profile=r2 --r2-mode=auto-k2 --block-size=32768 ""E:\MIXER\hybridzip\results\experiments\hybridzip-r2-e5-router-320dd1b-v1\children\hybridzip-r2-e5-router-320dd1b-v1-auto-k2-b32-r1\inputs\32KiB\dickens.bin"" ""E:\MIXER\hybridzip\results\experiments\hybridzip-r2-e5-router-320dd1b-v1\children\hybridzip-r2-e5-router-320dd1b-v1-auto-k2-b32-r1\archives\32KiB\dickens.hz2""","""E:\MIXER\hybridzip\build\Release\hybridzip.exe"" d ""E:\MIXER\hybridzip\results\experiments\hybridzip-r2-e5-router-320dd1b-v1\children\hybridzip-r2-e5-router-320dd1b-v1-auto-k2-b32-r1\archives\32KiB\dickens.hz2"" ""E:\MIXER\hybridzip\results\experiments\hybridzip-r2-e5-router-320dd1b-v1\children\hybridzip-r2-e5-router-320dd1b-v1-auto-k2-b32-r1\decoded\32KiB\dickens.decoded""","0","0","2026-08-28T19:19:25.9242472+08:00","COMPLETE","PASS","paq8px-generic-sse=1","Complete R2 archive size; SHA-256 byte-exact roundtrip verified."
"e5-router","auto-k2","32","1","False","1","1","4","0","00010000","1025B343","4B1AC26C40AD4DA50312FD3B694D7E636FB768C2336FE773BC82D36424C27A4B","0:2,36:2","0","0","0","0","0","","","hybridzip-r2-e5-router-320dd1b-v1-auto-k2-b32-r1","r2-auto-k2","1","2","dickens","64","inputs/64KiB/dickens.bin","65536","134AD989A7B8B40C900A3B9C0F4895317DFD827D9E6E933895B08D2F4A8A8293","archives/64KiB/dickens.hz2","19246","DF8D96AE92D235A8AED286D5714A5A7B24D6D17C87D9797B60E561B436D9B734","decoded/64KiB/dickens.decoded","65536","134AD989A7B8B40C900A3B9C0F4895317DFD827D9E6E933895B08D2F4A8A8293","30.7312086","30.7871474","546.38671875","546.30859375","546.38671875","74FF260A939B01673667723D8351AAEDB679339610009ECB23C70E373B862D9F","profile_id=2;mode=auto-k2;block_size=32768;zstd_level=19;lzma_level=9;threads=1;process_timeout_seconds=3600","""E:\MIXER\hybridzip\build\Release\hybridzip.exe"" c --profile=r2 --r2-mode=auto-k2 --block-size=32768 ""E:\MIXER\hybridzip\results\experiments\hybridzip-r2-e5-router-320dd1b-v1\children\hybridzip-r2-e5-router-320dd1b-v1-auto-k2-b32-r1\inputs\64KiB\dickens.bin"" ""E:\MIXER\hybridzip\results\experiments\hybridzip-r2-e5-router-320dd1b-v1\children\hybridzip-r2-e5-router-320dd1b-v1-auto-k2-b32-r1\archives\64KiB\dickens.hz2""","""E:\MIXER\hybridzip\build\Release\hybridzip.exe"" d ""E:\MIXER\hybridzip\results\experiments\hybridzip-r2-e5-router-320dd1b-v1\children\hybridzip-r2-e5-router-320dd1b-v1-auto-k2-b32-r1\archives\64KiB\dickens.hz2"" ""E:\MIXER\hybridzip\results\experiments\hybridzip-r2-e5-router-320dd1b-v1\children\hybridzip-r2-e5-router-320dd1b-v1-auto-k2-b32-r1\decoded\64KiB\dickens.decoded""","0","0","2026-08-28T19:19:57.4348654+08:00","COMPLETE","PASS","paq8px-generic-sse=2","Complete R2 archive size; SHA-256 byte-exact roundtrip verified."
"e5-router","auto-k2","32","1","False","1","1","8","0","00010000","1025B343","4B1AC26C40AD4DA50312FD3B694D7E636FB768C2336FE773BC82D36424C27A4B","0:4,36:4","0","0","0","0","0","","","hybridzip-r2-e5-router-320dd1b-v1-auto-k2-b32-r1","r2-auto-k2","1","3","dickens","128","inputs/128KiB/dickens.bin","131072","20E33FCC8FAA96DC32A2D0921115C0F363E64C598A5847CE1A3876E356D59872","archives/128KiB/dickens.hz2","38197","60820F78EA955E966ED43181DE1EC5E3E29554FD42BF86C5FA8CC6FC95554FAC","decoded/128KiB/dickens.decoded","131072","20E33FCC8FAA96DC32A2D0921115C0F363E64C598A5847CE1A3876E356D59872","60.9891117","61.0345952","546.4296875","546.28125","546.4296875","74FF260A939B01673667723D8351AAEDB679339610009ECB23C70E373B862D9F","profile_id=2;mode=auto-k2;block_size=32768;zstd_level=19;lzma_level=9;threads=1;process_timeout_seconds=3600","""E:\MIXER\hybridzip\build\Release\hybridzip.exe"" c --profile=r2 --r2-mode=auto-k2 --block-size=32768 ""E:\MIXER\hybridzip\results\experiments\hybridzip-r2-e5-router-320dd1b-v1\children\hybridzip-r2-e5-router-320dd1b-v1-auto-k2-b32-r1\inputs\128KiB\dickens.bin"" ""E:\MIXER\hybridzip\results\experiments\hybridzip-r2-e5-router-320dd1b-v1\children\hybridzip-r2-e5-router-320dd1b-v1-auto-k2-b32-r1\archives\128KiB\dickens.hz2""","""E:\MIXER\hybridzip\build\Release\hybridzip.exe"" d ""E:\MIXER\hybridzip\results\experiments\hybridzip-r2-e5-router-320dd1b-v1\children\hybridzip-r2-e5-router-320dd1b-v1-auto-k2-b32-r1\archives\128KiB\dickens.hz2"" ""E:\MIXER\hybridzip\results\experiments\hybridzip-r2-e5-router-320dd1b-v1\children\hybridzip-r2-e5-router-320dd1b-v1-auto-k2-b32-r1\decoded\128KiB\dickens.decoded""","0","0","2026-08-28T19:20:59.0234555+08:00","COMPLETE","PASS","paq8px-generic-sse=4","Complete R2 archive size; SHA-256 byte-exact roundtrip verified."
"e5-router","auto-k2","32","1","False","1","1","2","0","00010000","1025B343","4B1AC26C40AD4DA50312FD3B694D7E636FB768C2336FE773BC82D36424C27A4B","0:1,36:1","0","0","0","0","0","","","hybridzip-r2-e5-router-320dd1b-v1-auto-k2-b32-r1","r2-auto-k2","1","4","mozilla","32","inputs/32KiB/mozilla.bin","32768","9DDEEF36CA0CA55B72FE3376D005926DFF3400A2ADE6EAE18482D8017D8645DB","archives/32KiB/mozilla.hz2","6285","3D627250C09C9FB44E7083288BF126FFE69F490E317C51726FFCD690325A5CC6","decoded/32KiB/mozilla.decoded","32768","9DDEEF36CA0CA55B72FE3376D005926DFF3400A2ADE6EAE18482D8017D8645DB","12.7501932","12.8142955","550.4765625","550.4296875","550.4765625","74FF260A939B01673667723D8351AAEDB679339610009ECB23C70E373B862D9F","profile_id=2;mode=auto-k2;block_size=32768;zstd_level=19;lzma_level=9;threads=1;process_timeout_seconds=3600","""E:\MIXER\hybridzip\build\Release\hybridzip.exe"" c --profile=r2 --r2-mode=auto-k2 --block-size=32768 ""E:\MIXER\hybridzip\results\experiments\hybridzip-r2-e5-router-320dd1b-v1\children\hybridzip-r2-e5-router-320dd1b-v1-auto-k2-b32-r1\inputs\32KiB\mozilla.bin"" ""E:\MIXER\hybridzip\results\experiments\hybridzip-r2-e5-router-320dd1b-v1\children\hybridzip-r2-e5-router-320dd1b-v1-auto-k2-b32-r1\archives\32KiB\mozilla.hz2""","""E:\MIXER\hybridzip\build\Release\hybridzip.exe"" d ""E:\MIXER\hybridzip\results\experiments\hybridzip-r2-e5-router-320dd1b-v1\children\hybridzip-r2-e5-router-320dd1b-v1-auto-k2-b32-r1\archives\32KiB\mozilla.hz2"" ""E:\MIXER\hybridzip\results\experiments\hybridzip-r2-e5-router-320dd1b-v1\children\hybridzip-r2-e5-router-320dd1b-v1-auto-k2-b32-r1\decoded\32KiB\mozilla.decoded""","0","0","2026-08-28T19:23:01.1188599+08:00","COMPLETE","PASS","paq8px-generic-sse=1","Complete R2 archive size; SHA-256 byte-exact roundtrip verified."
"e5-router","auto-k2","32","1","False","1","1","4","0","00010000","1025B343","4B1AC26C40AD4DA50312FD3B694D7E636FB768C2336FE773BC82D36424C27A4B","0:2,36:2","0","0","0","0","0","","","hybridzip-r2-e5-router-320dd1b-v1-auto-k2-b32-r1","r2-auto-k2","1","5","mozilla","64","inputs/64KiB/mozilla.bin","65536","B0050240663F54371D372303EEABA0A59AB0758BCD565F4F639D06561E6BC996","archives/64KiB/mozilla.hz2","10386","11038A6C4BD287EE4A3FA5FEA2F3F0D90FABD727E4551F58FE7DB4B2C08E60D2","decoded/64KiB/mozilla.decoded","65536","B0050240663F54371D372303EEABA0A59AB0758BCD565F4F639D06561E6BC996","22.4782904","22.0516133","550.49609375","550.42578125","550.49609375","74FF260A939B01673667723D8351AAEDB679339610009ECB23C70E373B862D9F","profile_id=2;mode=auto-k2;block_size=32768;zstd_level=19;lzma_level=9;threads=1;process_timeout_seconds=3600","""E:\MIXER\hybridzip\build\Release\hybridzip.exe"" c --profile=r2 --r2-mode=auto-k2 --block-size=32768 ""E:\MIXER\hybridzip\results\experiments\hybridzip-r2-e5-router-320dd1b-v1\children\hybridzip-r2-e5-router-320dd1b-v1-auto-k2-b32-r1\inputs\64KiB\mozilla.bin"" ""E:\MIXER\hybridzip\results\experiments\hybridzip-r2-e5-router-320dd1b-v1\children\hybridzip-r2-e5-router-320dd1b-v1-auto-k2-b32-r1\archives\64KiB\mozilla.hz2""","""E:\MIXER\hybridzip\build\Release\hybridzip.exe"" d ""E:\MIXER\hybridzip\results\experiments\hybridzip-r2-e5-router-320dd1b-v1\children\hybridzip-r2-e5-router-320dd1b-v1-auto-k2-b32-r1\archives\64KiB\mozilla.hz2"" ""E:\MIXER\hybridzip\results\experiments\hybridzip-r2-e5-router-320dd1b-v1\children\hybridzip-r2-e5-router-320dd1b-v1-auto-k2-b32-r1\decoded\64KiB\mozilla.decoded""","0","0","2026-08-28T19:23:26.7567254+08:00","COMPLETE","PASS","paq8px-generic-sse=2","Complete R2 archive size; SHA-256 byte-exact roundtrip verified."
"e5-router","auto-k2","32","1","False","1","1","8","0","00010000","1025B343","4B1AC26C40AD4DA50312FD3B694D7E636FB768C2336FE773BC82D36424C27A4B","0:4,36:4","0","0","0","0","0","","","hybridzip-r2-e5-router-320dd1b-v1-auto-k2-b32-r1","r2-auto-k2","1","6","mozilla","128","inputs/128KiB/mozilla.bin","131072","85CDBEA98382DB12E9A21FF90E1907452712D074000A6B855D2CA215FA591EB4","archives/128KiB/mozilla.hz2","15910","9F2AA726C7E00874210B278F6C91DFB27782EEB5F3213930175B2881A57A2B98","decoded/128KiB/mozilla.decoded","131072","85CDBEA98382DB12E9A21FF90E1907452712D074000A6B855D2CA215FA591EB4","39.6903121","39.6133258","550.453125","550.41796875","550.453125","74FF260A939B01673667723D8351AAEDB679339610009ECB23C70E373B862D9F","profile_id=2;mode=auto-k2;block_size=32768;zstd_level=19;lzma_level=9;threads=1;process_timeout_seconds=3600","""E:\MIXER\hybridzip\build\Release\hybridzip.exe"" c --profile=r2 --r2-mode=auto-k2 --block-size=32768 ""E:\MIXER\hybridzip\results\experiments\hybridzip-r2-e5-router-320dd1b-v1\children\hybridzip-r2-e5-router-320dd1b-v1-auto-k2-b32-r1\inputs\128KiB\mozilla.bin"" ""E:\MIXER\hybridzip\results\experiments\hybridzip-r2-e5-router-320dd1b-v1\children\hybridzip-r2-e5-router-320dd1b-v1-auto-k2-b32-r1\archives\128KiB\mozilla.hz2""","""E:\MIXER\hybridzip\build\Release\hybridzip.exe"" d ""E:\MIXER\hybridzip\results\experiments\hybridzip-r2-e5-router-320dd1b-v1\children\hybridzip-r2-e5-router-320dd1b-v1-auto-k2-b32-r1\archives\128KiB\mozilla.hz2"" ""E:\MIXER\hybridzip\results\experiments\hybridzip-r2-e5-router-320dd1b-v1\children\hybridzip-r2-e5-router-320dd1b-v1-auto-k2-b32-r1\decoded\128KiB\mozilla.decoded""","0","0","2026-08-28T19:24:11.3549060+08:00","COMPLETE","PASS","paq8px-generic-sse=4","Complete R2 archive size; SHA-256 byte-exact roundtrip verified."
"e5-router","auto-k2","32","1","False","1","1","2","0","00010000","1025B343","4B1AC26C40AD4DA50312FD3B694D7E636FB768C2336FE773BC82D36424C27A4B","0:1,36:1","0","0","0","0","0","","","hybridzip-r2-e5-router-320dd1b-v1-auto-k2-b32-r1","r2-auto-k2","1","7","mr","32","inputs/32KiB/mr.bin","32768","3BB287B0AF65F777AB00C14E362B4D1962087260556001BBEE0689AA10D9F76A","archives/32KiB/mr.hz2","5167","251D84CCB4751BDBA9662CBDE45D9E8B6235F8E106FF950D0D0F36372C81E16D","decoded/32KiB/mr.decoded","32768","3BB287B0AF65F777AB00C14E362B4D1962087260556001BBEE0689AA10D9F76A","10.0885914","10.0460974","545.85546875","545.765625","545.85546875","74FF260A939B01673667723D8351AAEDB679339610009ECB23C70E373B862D9F","profile_id=2;mode=auto-k2;block_size=32768;zstd_level=19;lzma_level=9;threads=1;process_timeout_seconds=3600","""E:\MIXER\hybridzip\build\Release\hybridzip.exe"" c --profile=r2 --r2-mode=auto-k2 --block-size=32768 ""E:\MIXER\hybridzip\results\experiments\hybridzip-r2-e5-router-320dd1b-v1\children\hybridzip-r2-e5-router-320dd1b-v1-auto-k2-b32-r1\inputs\32KiB\mr.bin"" ""E:\MIXER\hybridzip\results\experiments\hybridzip-r2-e5-router-320dd1b-v1\children\hybridzip-r2-e5-router-320dd1b-v1-auto-k2-b32-r1\archives\32KiB\mr.hz2""","""E:\MIXER\hybridzip\build\Release\hybridzip.exe"" d ""E:\MIXER\hybridzip\results\experiments\hybridzip-r2-e5-router-320dd1b-v1\children\hybridzip-r2-e5-router-320dd1b-v1-auto-k2-b32-r1\archives\32KiB\mr.hz2"" ""E:\MIXER\hybridzip\results\experiments\hybridzip-r2-e5-router-320dd1b-v1\children\hybridzip-r2-e5-router-320dd1b-v1-auto-k2-b32-r1\decoded\32KiB\mr.decoded""","0","0","2026-08-28T19:25:30.7231153+08:00","COMPLETE","PASS","paq8px-generic-sse=1","Complete R2 archive size; SHA-256 byte-exact roundtrip verified."
"e5-router","auto-k2","32","1","False","1","1","4","0","00010000","1025B343","4B1AC26C40AD4DA50312FD3B694D7E636FB768C2336FE773BC82D36424C27A4B","0:2,36:2","0","0","0","0","0","","","hybridzip-r2-e5-router-320dd1b-v1-auto-k2-b32-r1","r2-auto-k2","1","8","mr","64","inputs/64KiB/mr.bin","65536","CAB7B6408934009A4BBFEDB57BEB4943BF5478CF8B3688D01F004E0422EBC651","archives/64KiB/mr.hz2","10817","C17AEC1E2F750EE902E699EB2F1D1DD937F598327735351DC4CC2394E00B16FD","decoded/64KiB/mr.decoded","65536","CAB7B6408934009A4BBFEDB57BEB4943BF5478CF8B3688D01F004E0422EBC651","19.3821869","19.5750837","545.875","545.77734375","545.875","74FF260A939B01673667723D8351AAEDB679339610009ECB23C70E373B862D9F","profile_id=2;mode=auto-k2;block_size=32768;zstd_level=19;lzma_level=9;threads=1;process_timeout_seconds=3600","""E:\MIXER\hybridzip\build\Release\hybridzip.exe"" c --profile=r2 --r2-mode=auto-k2 --block-size=32768 ""E:\MIXER\hybridzip\results\experiments\hybridzip-r2-e5-router-320dd1b-v1\children\hybridzip-r2-e5-router-320dd1b-v1-auto-k2-b32-r1\inputs\64KiB\mr.bin"" ""E:\MIXER\hybridzip\results\experiments\hybridzip-r2-e5-router-320dd1b-v1\children\hybridzip-r2-e5-router-320dd1b-v1-auto-k2-b32-r1\archives\64KiB\mr.hz2""","""E:\MIXER\hybridzip\build\Release\hybridzip.exe"" d ""E:\MIXER\hybridzip\results\experiments\hybridzip-r2-e5-router-320dd1b-v1\children\hybridzip-r2-e5-router-320dd1b-v1-auto-k2-b32-r1\archives\64KiB\mr.hz2"" ""E:\MIXER\hybridzip\results\experiments\hybridzip-r2-e5-router-320dd1b-v1\children\hybridzip-r2-e5-router-320dd1b-v1-auto-k2-b32-r1\decoded\64KiB\mr.decoded""","0","0","2026-08-28T19:25:50.9311813+08:00","COMPLETE","PASS","paq8px-generic-sse=2","Complete R2 archive size; SHA-256 byte-exact roundtrip verified."
"e5-router","auto-k2","32","1","False","1","1","8","0","00010000","1025B343","4B1AC26C40AD4DA50312FD3B694D7E636FB768C2336FE773BC82D36424C27A4B","0:4,36:4","0","0","0","0","0","","","hybridzip-r2-e5-router-320dd1b-v1-auto-k2-b32-r1","r2-auto-k2","1","9","mr","128","inputs/128KiB/mr.bin","131072","473A6A883480C7B2E69402AD888AC07B347C2DF61C6AA0D84E8B8130A27792EA","archives/128KiB/mr.hz2","22033","968C02440DB4FE9DE2B11BA320D3188369EC7417442774F057E04EE2AB2CEF23","decoded/128KiB/mr.decoded","131072","473A6A883480C7B2E69402AD888AC07B347C2DF61C6AA0D84E8B8130A27792EA","38.2472225","38.565075","545.81640625","545.7734375","545.81640625","74FF260A939B01673667723D8351AAEDB679339610009ECB23C70E373B862D9F","profile_id=2;mode=auto-k2;block_size=32768;zstd_level=19;lzma_level=9;threads=1;process_timeout_seconds=3600","""E:\MIXER\hybridzip\build\Release\hybridzip.exe"" c --profile=r2 --r2-mode=auto-k2 --block-size=32768 ""E:\MIXER\hybridzip\results\experiments\hybridzip-r2-e5-router-320dd1b-v1\children\hybridzip-r2-e5-router-320dd1b-v1-auto-k2-b32-r1\inputs\128KiB\mr.bin"" ""E:\MIXER\hybridzip\results\experiments\hybridzip-r2-e5-router-320dd1b-v1\children\hybridzip-r2-e5-router-320dd1b-v1-auto-k2-b32-r1\archives\128KiB\mr.hz2""","""E:\MIXER\hybridzip\build\Release\hybridzip.exe"" d ""E:\MIXER\hybridzip\results\experiments\hybridzip-r2-e5-router-320dd1b-v1\children\hybridzip-r2-e5-router-320dd1b-v1-auto-k2-b32-r1\archives\128KiB\mr.hz2"" ""E:\MIXER\hybridzip\results\experiments\hybridzip-r2-e5-router-320dd1b-v1\children\hybridzip-r2-e5-router-320dd1b-v1-auto-k2-b32-r1\decoded\128KiB\mr.decoded""","0","0","2026-08-28T19:26:29.9640724+08:00","COMPLETE","PASS","paq8px-generic-sse=4","Complete R2 archive size; SHA-256 byte-exact roundtrip verified."
"e5-router","auto-k2","32","1","False","1","1","2","0","00010000","1025B343","4B1AC26C40AD4DA50312FD3B694D7E636FB768C2336FE773BC82D36424C27A4B","0:1,36:1","0","0","0","0","0","","","hybridzip-r2-e5-router-320dd1b-v1-auto-k2-b32-r1","r2-auto-k2","1","10","nci","32","inputs/32KiB/nci.bin","32768","0D3034FE8B0E573DE1439ED98CE409B83B13E5895085C9BFB0BF980F4962FB79","archives/32KiB/nci.hz2","1369","C3C5B9DD2B92C8836B7DFFD2498E75D43BFA93F9D3BB35332B9D9D54810593B7","decoded/32KiB/nci.decoded","32768","0D3034FE8B0E573DE1439ED98CE409B83B13E5895085C9BFB0BF980F4962FB79","8.5803827","8.5938074","540.8984375","540.8125","540.8984375","74FF260A939B01673667723D8351AAEDB679339610009ECB23C70E373B862D9F","profile_id=2;mode=auto-k2;block_size=32768;zstd_level=19;lzma_level=9;threads=1;process_timeout_seconds=3600","""E:\MIXER\hybridzip\build\Release\hybridzip.exe"" c --profile=r2 --r2-mode=auto-k2 --block-size=32768 ""E:\MIXER\hybridzip\results\experiments\hybridzip-r2-e5-router-320dd1b-v1\children\hybridzip-r2-e5-router-320dd1b-v1-auto-k2-b32-r1\inputs\32KiB\nci.bin"" ""E:\MIXER\hybridzip\results\experiments\hybridzip-r2-e5-router-320dd1b-v1\children\hybridzip-r2-e5-router-320dd1b-v1-auto-k2-b32-r1\archives\32KiB\nci.hz2""","""E:\MIXER\hybridzip\build\Release\hybridzip.exe"" d ""E:\MIXER\hybridzip\results\experiments\hybridzip-r2-e5-router-320dd1b-v1\children\hybridzip-r2-e5-router-320dd1b-v1-auto-k2-b32-r1\archives\32KiB\nci.hz2"" ""E:\MIXER\hybridzip\results\experiments\hybridzip-r2-e5-router-320dd1b-v1\children\hybridzip-r2-e5-router-320dd1b-v1-auto-k2-b32-r1\decoded\32KiB\nci.decoded""","0","0","2026-08-28T19:27:46.8457369+08:00","COMPLETE","PASS","paq8px-generic-sse=1","Complete R2 archive size; SHA-256 byte-exact roundtrip verified."
"e5-router","auto-k2","32","1","False","1","1","4","0","00010000","1025B343","4B1AC26C40AD4DA50312FD3B694D7E636FB768C2336FE773BC82D36424C27A4B","0:2,36:2","0","0","0","0","0","","","hybridzip-r2-e5-router-320dd1b-v1-auto-k2-b32-r1","r2-auto-k2","1","11","nci","64","inputs/64KiB/nci.bin","65536","B01B411AC3B5CE2FBF37242C0C59D2D236D2F7039937C1B1A0F18F4CC02549FE","archives/64KiB/nci.hz2","2579","8078DC9A794D8BC040E35E4A655B49BF33A61E8B96F90B98BF236D8B13492AE8","decoded/64KiB/nci.decoded","65536","B01B411AC3B5CE2FBF37242C0C59D2D236D2F7039937C1B1A0F18F4CC02549FE","17.3206494","17.2598102","540.88671875","540.8203125","540.88671875","74FF260A939B01673667723D8351AAEDB679339610009ECB23C70E373B862D9F","profile_id=2;mode=auto-k2;block_size=32768;zstd_level=19;lzma_level=9;threads=1;process_timeout_seconds=3600","""E:\MIXER\hybridzip\build\Release\hybridzip.exe"" c --profile=r2 --r2-mode=auto-k2 --block-size=32768 ""E:\MIXER\hybridzip\results\experiments\hybridzip-r2-e5-router-320dd1b-v1\children\hybridzip-r2-e5-router-320dd1b-v1-auto-k2-b32-r1\inputs\64KiB\nci.bin"" ""E:\MIXER\hybridzip\results\experiments\hybridzip-r2-e5-router-320dd1b-v1\children\hybridzip-r2-e5-router-320dd1b-v1-auto-k2-b32-r1\archives\64KiB\nci.hz2""","""E:\MIXER\hybridzip\build\Release\hybridzip.exe"" d ""E:\MIXER\hybridzip\results\experiments\hybridzip-r2-e5-router-320dd1b-v1\children\hybridzip-r2-e5-router-320dd1b-v1-auto-k2-b32-r1\archives\64KiB\nci.hz2"" ""E:\MIXER\hybridzip\results\experiments\hybridzip-r2-e5-router-320dd1b-v1\children\hybridzip-r2-e5-router-320dd1b-v1-auto-k2-b32-r1\decoded\64KiB\nci.decoded""","0","0","2026-08-28T19:28:04.0975172+08:00","COMPLETE","PASS","paq8px-generic-sse=2","Complete R2 archive size; SHA-256 byte-exact roundtrip verified."
"e5-router","auto-k2","32","1","False","1","1","8","0","00010000","1025B343","4B1AC26C40AD4DA50312FD3B694D7E636FB768C2336FE773BC82D36424C27A4B","0:4,36:4","0","0","0","0","0","","","hybridzip-r2-e5-router-320dd1b-v1-auto-k2-b32-r1","r2-auto-k2","1","12","nci","128","inputs/128KiB/nci.bin","131072","C8A1D610355E5EF900ED4C704DF14ADF1935D95DFD8F1740AC9FD90FC9BF5781","archives/128KiB/nci.hz2","5758","CC64973F9A2421EB9CFFA6BB51BFFE9198D6C0FAA1F7F91F20D9A8A405C4A49A","decoded/128KiB/nci.decoded","131072","C8A1D610355E5EF900ED4C704DF14ADF1935D95DFD8F1740AC9FD90FC9BF5781","34.7737661","34.8786139","542.12109375","542.01953125","542.12109375","74FF260A939B01673667723D8351AAEDB679339610009ECB23C70E373B862D9F","profile_id=2;mode=auto-k2;block_size=32768;zstd_level=19;lzma_level=9;threads=1;process_timeout_seconds=3600","""E:\MIXER\hybridzip\build\Release\hybridzip.exe"" c --profile=r2 --r2-mode=auto-k2 --block-size=32768 ""E:\MIXER\hybridzip\results\experiments\hybridzip-r2-e5-router-320dd1b-v1\children\hybridzip-r2-e5-router-320dd1b-v1-auto-k2-b32-r1\inputs\128KiB\nci.bin"" ""E:\MIXER\hybridzip\results\experiments\hybridzip-r2-e5-router-320dd1b-v1\children\hybridzip-r2-e5-router-320dd1b-v1-auto-k2-b32-r1\archives\128KiB\nci.hz2""","""E:\MIXER\hybridzip\build\Release\hybridzip.exe"" d ""E:\MIXER\hybridzip\results\experiments\hybridzip-r2-e5-router-320dd1b-v1\children\hybridzip-r2-e5-router-320dd1b-v1-auto-k2-b32-r1\archives\128KiB\nci.hz2"" ""E:\MIXER\hybridzip\results\experiments\hybridzip-r2-e5-router-320dd1b-v1\children\hybridzip-r2-e5-router-320dd1b-v1-auto-k2-b32-r1\decoded\128KiB\nci.decoded""","0","0","2026-08-28T19:28:38.7581841+08:00","COMPLETE","PASS","paq8px-generic-sse=4","Complete R2 archive size; SHA-256 byte-exact roundtrip verified."
"e5-router","auto-k2","32","1","False","1","1","2","0","00010000","1025B343","4B1AC26C40AD4DA50312FD3B694D7E636FB768C2336FE773BC82D36424C27A4B","0:1,36:1","0","0","0","0","0","","","hybridzip-r2-e5-router-320dd1b-v1-auto-k2-b32-r1","r2-auto-k2","1","13","ooffice","32","inputs/32KiB/ooffice.bin","32768","2ACF9B4CAAEAC5814CDFEF0FA48A5ECE857C847DBDB7B44EEAB95CA3C098921C","archives/32KiB/ooffice.hz2","8097","6C8E58317D925D95EE18AC13E8B5A779830824F89E7EC4D00DECA2C48E7F671C","decoded/32KiB/ooffice.decoded","32768","2ACF9B4CAAEAC5814CDFEF0FA48A5ECE857C847DBDB7B44EEAB95CA3C098921C","14.6206187","14.6032275","551.234375","551.1484375","551.234375","74FF260A939B01673667723D8351AAEDB679339610009ECB23C70E373B862D9F","profile_id=2;mode=auto-k2;block_size=32768;zstd_level=19;lzma_level=9;threads=1;process_timeout_seconds=3600","""E:\MIXER\hybridzip\build\Release\hybridzip.exe"" c --profile=r2 --r2-mode=auto-k2 --block-size=32768 ""E:\MIXER\hybridzip\results\experiments\hybridzip-r2-e5-router-320dd1b-v1\children\hybridzip-r2-e5-router-320dd1b-v1-auto-k2-b32-r1\inputs\32KiB\ooffice.bin"" ""E:\MIXER\hybridzip\results\experiments\hybridzip-r2-e5-router-320dd1b-v1\children\hybridzip-r2-e5-router-320dd1b-v1-auto-k2-b32-r1\archives\32KiB\ooffice.hz2""","""E:\MIXER\hybridzip\build\Release\hybridzip.exe"" d ""E:\MIXER\hybridzip\results\experiments\hybridzip-r2-e5-router-320dd1b-v1\children\hybridzip-r2-e5-router-320dd1b-v1-auto-k2-b32-r1\archives\32KiB\ooffice.hz2"" ""E:\MIXER\hybridzip\results\experiments\hybridzip-r2-e5-router-320dd1b-v1\children\hybridzip-r2-e5-router-320dd1b-v1-auto-k2-b32-r1\decoded\32KiB\ooffice.decoded""","0","0","2026-08-28T19:29:48.4825625+08:00","COMPLETE","PASS","paq8px-generic-sse=1","Complete R2 archive size; SHA-256 byte-exact roundtrip verified."
"e5-router","auto-k2","32","1","False","1","1","4","0","00010000","1025B343","4B1AC26C40AD4DA50312FD3B694D7E636FB768C2336FE773BC82D36424C27A4B","0:2,36:2","0","0","0","0","0","","","hybridzip-r2-e5-router-320dd1b-v1-auto-k2-b32-r1","r2-auto-k2","1","14","ooffice","64","inputs/64KiB/ooffice.bin","65536","9D30521922187D0A26F56CF2DF85001F9585D0D4EC6A0A8797466AFCC367F825","archives/64KiB/ooffice.hz2","19934","5EF446D447617CD56ADB05DAC40A7DE9DDC7935E3FB1867686436864AA086D24","decoded/64KiB/ooffice.decoded","65536","9D30521922187D0A26F56CF2DF85001F9585D0D4EC6A0A8797466AFCC367F825","31.7370548","31.6848016","551.2734375","551.1484375","551.2734375","74FF260A939B01673667723D8351AAEDB679339610009ECB23C70E373B862D9F","profile_id=2;mode=auto-k2;block_size=32768;zstd_level=19;lzma_level=9;threads=1;process_timeout_seconds=3600","""E:\MIXER\hybridzip\build\Release\hybridzip.exe"" c --profile=r2 --r2-mode=auto-k2 --block-size=32768 ""E:\MIXER\hybridzip\results\experiments\hybridzip-r2-e5-router-320dd1b-v1\children\hybridzip-r2-e5-router-320dd1b-v1-auto-k2-b32-r1\inputs\64KiB\ooffice.bin"" ""E:\MIXER\hybridzip\results\experiments\hybridzip-r2-e5-router-320dd1b-v1\children\hybridzip-r2-e5-router-320dd1b-v1-auto-k2-b32-r1\archives\64KiB\ooffice.hz2""","""E:\MIXER\hybridzip\build\Release\hybridzip.exe"" d ""E:\MIXER\hybridzip\results\experiments\hybridzip-r2-e5-router-320dd1b-v1\children\hybridzip-r2-e5-router-320dd1b-v1-auto-k2-b32-r1\archives\64KiB\ooffice.hz2"" ""E:\MIXER\hybridzip\results\experiments\hybridzip-r2-e5-router-320dd1b-v1\children\hybridzip-r2-e5-router-320dd1b-v1-auto-k2-b32-r1\decoded\64KiB\ooffice.decoded""","0","0","2026-08-28T19:30:17.8017514+08:00","COMPLETE","PASS","paq8px-generic-sse=2","Complete R2 archive size; SHA-256 byte-exact roundtrip verified."
"e5-router","auto-k2","32","1","False","1","1","8","0","00010000","1025B343","4B1AC26C40AD4DA50312FD3B694D7E636FB768C2336FE773BC82D36424C27A4B","0:4,36:4","0","0","0","0","0","","","hybridzip-r2-e5-router-320dd1b-v1-auto-k2-b32-r1","r2-auto-k2","1","15","ooffice","128","inputs/128KiB/ooffice.bin","131072","09FA5F3EE5311528863F8C3FADA3B530CC24AC1D88128E4DB2BF434161879FEF","archives/128KiB/ooffice.hz2","44513","E13C0193C280FABF63912434F402AABC72198813C7C8C10530A13402256CE4DA","decoded/128KiB/ooffice.decoded","131072","09FA5F3EE5311528863F8C3FADA3B530CC24AC1D88128E4DB2BF434161879FEF","66.1598376","66.6382383","551.24609375","551.17578125","551.24609375","74FF260A939B01673667723D8351AAEDB679339610009ECB23C70E373B862D9F","profile_id=2;mode=auto-k2;block_size=32768;zstd_level=19;lzma_level=9;threads=1;process_timeout_seconds=3600","""E:\MIXER\hybridzip\build\Release\hybridzip.exe"" c --profile=r2 --r2-mode=auto-k2 --block-size=32768 ""E:\MIXER\hybridzip\results\experiments\hybridzip-r2-e5-router-320dd1b-v1\children\hybridzip-r2-e5-router-320dd1b-v1-auto-k2-b32-r1\inputs\128KiB\ooffice.bin"" ""E:\MIXER\hybridzip\results\experiments\hybridzip-r2-e5-router-320dd1b-v1\children\hybridzip-r2-e5-router-320dd1b-v1-auto-k2-b32-r1\archives\128KiB\ooffice.hz2""","""E:\MIXER\hybridzip\build\Release\hybridzip.exe"" d ""E:\MIXER\hybridzip\results\experiments\hybridzip-r2-e5-router-320dd1b-v1\children\hybridzip-r2-e5-router-320dd1b-v1-auto-k2-b32-r1\archives\128KiB\ooffice.hz2"" ""E:\MIXER\hybridzip\results\experiments\hybridzip-r2-e5-router-320dd1b-v1\children\hybridzip-r2-e5-router-320dd1b-v1-auto-k2-b32-r1\decoded\128KiB\ooffice.decoded""","0","0","2026-08-28T19:31:21.3130893+08:00","COMPLETE","PASS","paq8px-generic-sse=4","Complete R2 archive size; SHA-256 byte-exact roundtrip verified."
"e5-router","auto-k2","32","1","False","1","1","2","0","00010000","1025B343","4B1AC26C40AD4DA50312FD3B694D7E636FB768C2336FE773BC82D36424C27A4B","0:1,36:1","0","0","0","0","0","","","hybridzip-r2-e5-router-320dd1b-v1-auto-k2-b32-r1","r2-auto-k2","1","16","osdb","32","inputs/32KiB/osdb.bin","32768","03B2C20B777682CD960BCD893D7A4463161D9C0200FD1708B2EFAE32A259D0B7","archives/32KiB/osdb.hz2","11420","531C0C1C4F1878FB31F9AC37327933A6C2F7441905336E92A154CEE7D6E24525","decoded/32KiB/osdb.decoded","32768","03B2C20B777682CD960BCD893D7A4463161D9C0200FD1708B2EFAE32A259D0B7","15.7665522","15.6627198","548.39453125","548.32421875","548.39453125","74FF260A939B01673667723D8351AAEDB679339610009ECB23C70E373B862D9F","profile_id=2;mode=auto-k2;block_size=32768;zstd_level=19;lzma_level=9;threads=1;process_timeout_seconds=3600","""E:\MIXER\hybridzip\build\Release\hybridzip.exe"" c --profile=r2 --r2-mode=auto-k2 --block-size=32768 ""E:\MIXER\hybridzip\results\experiments\hybridzip-r2-e5-router-320dd1b-v1\children\hybridzip-r2-e5-router-320dd1b-v1-auto-k2-b32-r1\inputs\32KiB\osdb.bin"" ""E:\MIXER\hybridzip\results\experiments\hybridzip-r2-e5-router-320dd1b-v1\children\hybridzip-r2-e5-router-320dd1b-v1-auto-k2-b32-r1\archives\32KiB\osdb.hz2""","""E:\MIXER\hybridzip\build\Release\hybridzip.exe"" d ""E:\MIXER\hybridzip\results\experiments\hybridzip-r2-e5-router-320dd1b-v1\children\hybridzip-r2-e5-router-320dd1b-v1-auto-k2-b32-r1\archives\32KiB\osdb.hz2"" ""E:\MIXER\hybridzip\results\experiments\hybridzip-r2-e5-router-320dd1b-v1\children\hybridzip-r2-e5-router-320dd1b-v1-auto-k2-b32-r1\decoded\32KiB\osdb.decoded""","0","0","2026-08-28T19:33:34.1963301+08:00","COMPLETE","PASS","paq8px-generic-sse=1","Complete R2 archive size; SHA-256 byte-exact roundtrip verified."
"e5-router","auto-k2","32","1","False","1","1","4","0","00010000","1025B343","4B1AC26C40AD4DA50312FD3B694D7E636FB768C2336FE773BC82D36424C27A4B","0:2,36:2","0","0","0","0","0","","","hybridzip-r2-e5-router-320dd1b-v1-auto-k2-b32-r1","r2-auto-k2","1","17","osdb","64","inputs/64KiB/osdb.bin","65536","F8FE629325A07588118BA0B65880A87DED43EF249CCBC91F0E977BBACAE0C125","archives/64KiB/osdb.hz2","22841","94C7897B38B705D9F48D8F883DCF0A835647D2C9ECD88857A20F8D7ECE8B2E8E","decoded/64KiB/osdb.decoded","65536","F8FE629325A07588118BA0B65880A87DED43EF249CCBC91F0E977BBACAE0C125","31.8032587","31.693135","548.64453125","548.55078125","548.64453125","74FF260A939B01673667723D8351AAEDB679339610009ECB23C70E373B862D9F","profile_id=2;mode=auto-k2;block_size=32768;zstd_level=19;lzma_level=9;threads=1;process_timeout_seconds=3600","""E:\MIXER\hybridzip\build\Release\hybridzip.exe"" c --profile=r2 --r2-mode=auto-k2 --block-size=32768 ""E:\MIXER\hybridzip\results\experiments\hybridzip-r2-e5-router-320dd1b-v1\children\hybridzip-r2-e5-router-320dd1b-v1-auto-k2-b32-r1\inputs\64KiB\osdb.bin"" ""E:\MIXER\hybridzip\results\experiments\hybridzip-r2-e5-router-320dd1b-v1\children\hybridzip-r2-e5-router-320dd1b-v1-auto-k2-b32-r1\archives\64KiB\osdb.hz2""","""E:\MIXER\hybridzip\build\Release\hybridzip.exe"" d ""E:\MIXER\hybridzip\results\experiments\hybridzip-r2-e5-router-320dd1b-v1\children\hybridzip-r2-e5-router-320dd1b-v1-auto-k2-b32-r1\archives\64KiB\osdb.hz2"" ""E:\MIXER\hybridzip\results\experiments\hybridzip-r2-e5-router-320dd1b-v1\children\hybridzip-r2-e5-router-320dd1b-v1-auto-k2-b32-r1\decoded\64KiB\osdb.decoded""","0","0","2026-08-28T19:34:05.6973414+08:00","COMPLETE","PASS","paq8px-generic-sse=2","Complete R2 archive size; SHA-256 byte-exact roundtrip verified."
"e5-router","auto-k2","32","1","False","1","1","8","0","00010000","1025B343","4B1AC26C40AD4DA50312FD3B694D7E636FB768C2336FE773BC82D36424C27A4B","0:4,36:4","0","0","0","0","0","","","hybridzip-r2-e5-router-320dd1b-v1-auto-k2-b32-r1","r2-auto-k2","1","18","osdb","128","inputs/128KiB/osdb.bin","131072","D977E72AE13AEFC36A4B6171A895E26A0E6EEE447B1B9FBE868D7B1C046CC91F","archives/128KiB/osdb.hz2","45662","4AEDFB5A3C009F023E8DDB83BCBD8E98A1B233672F801C1CD88224498EB56218","decoded/128KiB/osdb.decoded","131072","D977E72AE13AEFC36A4B6171A895E26A0E6EEE447B1B9FBE868D7B1C046CC91F","62.9886532","62.535894","548.65625","548.578125","548.65625","74FF260A939B01673667723D8351AAEDB679339610009ECB23C70E373B862D9F","profile_id=2;mode=auto-k2;block_size=32768;zstd_level=19;lzma_level=9;threads=1;process_timeout_seconds=3600","""E:\MIXER\hybridzip\build\Release\hybridzip.exe"" c --profile=r2 --r2-mode=auto-k2 --block-size=32768 ""E:\MIXER\hybridzip\results\experiments\hybridzip-r2-e5-router-320dd1b-v1\children\hybridzip-r2-e5-router-320dd1b-v1-auto-k2-b32-r1\inputs\128KiB\osdb.bin"" ""E:\MIXER\hybridzip\results\experiments\hybridzip-r2-e5-router-320dd1b-v1\children\hybridzip-r2-e5-router-320dd1b-v1-auto-k2-b32-r1\archives\128KiB\osdb.hz2""","""E:\MIXER\hybridzip\build\Release\hybridzip.exe"" d ""E:\MIXER\hybridzip\results\experiments\hybridzip-r2-e5-router-320dd1b-v1\children\hybridzip-r2-e5-router-320dd1b-v1-auto-k2-b32-r1\archives\128KiB\osdb.hz2"" ""E:\MIXER\hybridzip\results\experiments\hybridzip-r2-e5-router-320dd1b-v1\children\hybridzip-r2-e5-router-320dd1b-v1-auto-k2-b32-r1\decoded\128KiB\osdb.decoded""","0","0","2026-08-28T19:35:09.2650589+08:00","COMPLETE","PASS","paq8px-generic-sse=4","Complete R2 archive size; SHA-256 byte-exact roundtrip verified."
"e5-router","auto-k2","32","1","False","1","1","2","0","00010000","1025B343","4B1AC26C40AD4DA50312FD3B694D7E636FB768C2336FE773BC82D36424C27A4B","0:1,36:1","0","0","0","0","0","","","hybridzip-r2-e5-router-320dd1b-v1-auto-k2-b32-r1","r2-auto-k2","1","19","reymont","32","inputs/32KiB/reymont.bin","32768","9D5E4B9340C2260DAE7DDB01B3EDA58236FF2DE5E1FF4D56767AA840B6FB1A87","archives/32KiB/reymont.hz2","5726","5F834D0C9F517138A467E1A8CBD3FC6DC517F90503898CD6A5BC48DC0F89F8FB","decoded/32KiB/reymont.decoded","32768","9D5E4B9340C2260DAE7DDB01B3EDA58236FF2DE5E1FF4D56767AA840B6FB1A87","13.0548031","13.1130894","544.7578125","544.6796875","544.7578125","74FF260A939B01673667723D8351AAEDB679339610009ECB23C70E373B862D9F","profile_id=2;mode=auto-k2;block_size=32768;zstd_level=19;lzma_level=9;threads=1;process_timeout_seconds=3600","""E:\MIXER\hybridzip\build\Release\hybridzip.exe"" c --profile=r2 --r2-mode=auto-k2 --block-size=32768 ""E:\MIXER\hybridzip\results\experiments\hybridzip-r2-e5-router-320dd1b-v1\children\hybridzip-r2-e5-router-320dd1b-v1-auto-k2-b32-r1\inputs\32KiB\reymont.bin"" ""E:\MIXER\hybridzip\results\experiments\hybridzip-r2-e5-router-320dd1b-v1\children\hybridzip-r2-e5-router-320dd1b-v1-auto-k2-b32-r1\archives\32KiB\reymont.hz2""","""E:\MIXER\hybridzip\build\Release\hybridzip.exe"" d ""E:\MIXER\hybridzip\results\experiments\hybridzip-r2-e5-router-320dd1b-v1\children\hybridzip-r2-e5-router-320dd1b-v1-auto-k2-b32-r1\archives\32KiB\reymont.hz2"" ""E:\MIXER\hybridzip\results\experiments\hybridzip-r2-e5-router-320dd1b-v1\children\hybridzip-r2-e5-router-320dd1b-v1-auto-k2-b32-r1\decoded\32KiB\reymont.decoded""","0","0","2026-08-28T19:37:14.8594218+08:00","COMPLETE","PASS","paq8px-generic-sse=1","Complete R2 archive size; SHA-256 byte-exact roundtrip verified."
"e5-router","auto-k2","32","1","False","1","1","4","0","00010000","1025B343","4B1AC26C40AD4DA50312FD3B694D7E636FB768C2336FE773BC82D36424C27A4B","0:2,36:2","0","0","0","0","0","","","hybridzip-r2-e5-router-320dd1b-v1-auto-k2-b32-r1","r2-auto-k2","1","20","reymont","64","inputs/64KiB/reymont.bin","65536","A5ECAAABB133F1ADF8DE6062BE6381D143E87F9F8050EEA9B5BE6F92B88C3C22","archives/64KiB/reymont.hz2","11707","D86B20D36BD30896B1A8AE4BBA3B967704583156E178B7E6940D02E69EC9B339","decoded/64KiB/reymont.decoded","65536","A5ECAAABB133F1ADF8DE6062BE6381D143E87F9F8050EEA9B5BE6F92B88C3C22","25.8841775","25.8196769","544.796875","544.70703125","544.796875","74FF260A939B01673667723D8351AAEDB679339610009ECB23C70E373B862D9F","profile_id=2;mode=auto-k2;block_size=32768;zstd_level=19;lzma_level=9;threads=1;process_timeout_seconds=3600","""E:\MIXER\hybridzip\build\Release\hybridzip.exe"" c --profile=r2 --r2-mode=auto-k2 --block-size=32768 ""E:\MIXER\hybridzip\results\experiments\hybridzip-r2-e5-router-320dd1b-v1\children\hybridzip-r2-e5-router-320dd1b-v1-auto-k2-b32-r1\inputs\64KiB\reymont.bin"" ""E:\MIXER\hybridzip\results\experiments\hybridzip-r2-e5-router-320dd1b-v1\children\hybridzip-r2-e5-router-320dd1b-v1-auto-k2-b32-r1\archives\64KiB\reymont.hz2""","""E:\MIXER\hybridzip\build\Release\hybridzip.exe"" d ""E:\MIXER\hybridzip\results\experiments\hybridzip-r2-e5-router-320dd1b-v1\children\hybridzip-r2-e5-router-320dd1b-v1-auto-k2-b32-r1\archives\64KiB\reymont.hz2"" ""E:\MIXER\hybridzip\results\experiments\hybridzip-r2-e5-router-320dd1b-v1\children\hybridzip-r2-e5-router-320dd1b-v1-auto-k2-b32-r1\decoded\64KiB\reymont.decoded""","0","0","2026-08-28T19:37:41.1016694+08:00","COMPLETE","PASS","paq8px-generic-sse=2","Complete R2 archive size; SHA-256 byte-exact roundtrip verified."
"e5-router","auto-k2","32","1","False","1","1","8","0","00010000","1025B343","4B1AC26C40AD4DA50312FD3B694D7E636FB768C2336FE773BC82D36424C27A4B","0:4,36:4","0","0","0","0","0","","","hybridzip-r2-e5-router-320dd1b-v1-auto-k2-b32-r1","r2-auto-k2","1","21","reymont","128","inputs/128KiB/reymont.bin","131072","A6CA7478854C1E80DFEAF9FB3444B357F9D7625E55232FAE3B3632A5A1217DEA","archives/128KiB/reymont.hz2","23710","3B3978DA811DAB3E7A49ECDB098397F8F308FEEB85655C8A9FA1FE2B7ED2E59C","decoded/128KiB/reymont.decoded","131072","A6CA7478854C1E80DFEAF9FB3444B357F9D7625E55232FAE3B3632A5A1217DEA","52.4612155","52.4323854","544.77734375","544.703125","544.77734375","74FF260A939B01673667723D8351AAEDB679339610009ECB23C70E373B862D9F","profile_id=2;mode=auto-k2;block_size=32768;zstd_level=19;lzma_level=9;threads=1;process_timeout_seconds=3600","""E:\MIXER\hybridzip\build\Release\hybridzip.exe"" c --profile=r2 --r2-mode=auto-k2 --block-size=32768 ""E:\MIXER\hybridzip\results\experiments\hybridzip-r2-e5-router-320dd1b-v1\children\hybridzip-r2-e5-router-320dd1b-v1-auto-k2-b32-r1\inputs\128KiB\reymont.bin"" ""E:\MIXER\hybridzip\results\experiments\hybridzip-r2-e5-router-320dd1b-v1\children\hybridzip-r2-e5-router-320dd1b-v1-auto-k2-b32-r1\archives\128KiB\reymont.hz2""","""E:\MIXER\hybridzip\build\Release\hybridzip.exe"" d ""E:\MIXER\hybridzip\results\experiments\hybridzip-r2-e5-router-320dd1b-v1\children\hybridzip-r2-e5-router-320dd1b-v1-auto-k2-b32-r1\archives\128KiB\reymont.hz2"" ""E:\MIXER\hybridzip\results\experiments\hybridzip-r2-e5-router-320dd1b-v1\children\hybridzip-r2-e5-router-320dd1b-v1-auto-k2-b32-r1\decoded\128KiB\reymont.decoded""","0","0","2026-08-28T19:38:32.8799081+08:00","COMPLETE","PASS","paq8px-generic-sse=4","Complete R2 archive size; SHA-256 byte-exact roundtrip verified."
"e5-router","auto-k2","32","1","False","1","1","2","0","00010000","1025B343","4B1AC26C40AD4DA50312FD3B694D7E636FB768C2336FE773BC82D36424C27A4B","0:1,36:1","0","0","0","0","0","","","hybridzip-r2-e5-router-320dd1b-v1-auto-k2-b32-r1","r2-auto-k2","1","22","samba","32","inputs/32KiB/samba.bin","32768","9C4F5BEE544E4531E4946E62F796987418B4526911C34877EF282F14DD57AD12","archives/32KiB/samba.hz2","7956","557C146845CDFA6C9097D074218E604BE0DBD5F2944C814716458C9A1ECDC4C7","decoded/32KiB/samba.decoded","32768","9C4F5BEE544E4531E4946E62F796987418B4526911C34877EF282F14DD57AD12","14.9169406","15.0508262","545.51171875","545.2265625","545.51171875","74FF260A939B01673667723D8351AAEDB679339610009ECB23C70E373B862D9F","profile_id=2;mode=auto-k2;block_size=32768;zstd_level=19;lzma_level=9;threads=1;process_timeout_seconds=3600","""E:\MIXER\hybridzip\build\Release\hybridzip.exe"" c --profile=r2 --r2-mode=auto-k2 --block-size=32768 ""E:\MIXER\hybridzip\results\experiments\hybridzip-r2-e5-router-320dd1b-v1\children\hybridzip-r2-e5-router-320dd1b-v1-auto-k2-b32-r1\inputs\32KiB\samba.bin"" ""E:\MIXER\hybridzip\results\experiments\hybridzip-r2-e5-router-320dd1b-v1\children\hybridzip-r2-e5-router-320dd1b-v1-auto-k2-b32-r1\archives\32KiB\samba.hz2""","""E:\MIXER\hybridzip\build\Release\hybridzip.exe"" d ""E:\MIXER\hybridzip\results\experiments\hybridzip-r2-e5-router-320dd1b-v1\children\hybridzip-r2-e5-router-320dd1b-v1-auto-k2-b32-r1\archives\32KiB\samba.hz2"" ""E:\MIXER\hybridzip\results\experiments\hybridzip-r2-e5-router-320dd1b-v1\children\hybridzip-r2-e5-router-320dd1b-v1-auto-k2-b32-r1\decoded\32KiB\samba.decoded""","0","0","2026-08-28T19:40:17.8476870+08:00","COMPLETE","PASS","paq8px-generic-sse=1","Complete R2 archive size; SHA-256 byte-exact roundtrip verified."
"e5-router","auto-k2","32","1","False","1","1","4","0","00010000","1025B343","4B1AC26C40AD4DA50312FD3B694D7E636FB768C2336FE773BC82D36424C27A4B","0:2,36:2","0","0","0","0","0","","","hybridzip-r2-e5-router-320dd1b-v1-auto-k2-b32-r1","r2-auto-k2","1","23","samba","64","inputs/64KiB/samba.bin","65536","3E0420984C0F260EA7350734600CEA9D8500B745E2E4B7DBD4D1DA1D1ADAC421","archives/64KiB/samba.hz2","16218","133820AA7677C5E5AB36015C545492C734AEF9EA7E2D3894F591946868F921D5","decoded/64KiB/samba.decoded","65536","3E0420984C0F260EA7350734600CEA9D8500B745E2E4B7DBD4D1DA1D1ADAC421","28.9797641","29.0344362","545.421875","545.47265625","545.47265625","74FF260A939B01673667723D8351AAEDB679339610009ECB23C70E373B862D9F","profile_id=2;mode=auto-k2;block_size=32768;zstd_level=19;lzma_level=9;threads=1;process_timeout_seconds=3600","""E:\MIXER\hybridzip\build\Release\hybridzip.exe"" c --profile=r2 --r2-mode=auto-k2 --block-size=32768 ""E:\MIXER\hybridzip\results\experiments\hybridzip-r2-e5-router-320dd1b-v1\children\hybridzip-r2-e5-router-320dd1b-v1-auto-k2-b32-r1\inputs\64KiB\samba.bin"" ""E:\MIXER\hybridzip\results\experiments\hybridzip-r2-e5-router-320dd1b-v1\children\hybridzip-r2-e5-router-320dd1b-v1-auto-k2-b32-r1\archives\64KiB\samba.hz2""","""E:\MIXER\hybridzip\build\Release\hybridzip.exe"" d ""E:\MIXER\hybridzip\results\experiments\hybridzip-r2-e5-router-320dd1b-v1\children\hybridzip-r2-e5-router-320dd1b-v1-auto-k2-b32-r1\archives\64KiB\samba.hz2"" ""E:\MIXER\hybridzip\results\experiments\hybridzip-r2-e5-router-320dd1b-v1\children\hybridzip-r2-e5-router-320dd1b-v1-auto-k2-b32-r1\decoded\64KiB\samba.decoded""","0","0","2026-08-28T19:40:47.8917336+08:00","COMPLETE","PASS","paq8px-generic-sse=2","Complete R2 archive size; SHA-256 byte-exact roundtrip verified."
"e5-router","auto-k2","32","1","False","1","1","8","0","00010000","1025B343","4B1AC26C40AD4DA50312FD3B694D7E636FB768C2336FE773BC82D36424C27A4B","0:4,36:4","0","0","0","0","0","","","hybridzip-r2-e5-router-320dd1b-v1-auto-k2-b32-r1","r2-auto-k2","1","24","samba","128","inputs/128KiB/samba.bin","131072","F3B8C4AD35BC6CF21977895D6F04A22B1422605942FA5AFE35CE28B2A221D7E8","archives/128KiB/samba.hz2","33018","BFF1EC5A9AA11E721713A31BC3373F1D77F1071CCBD3088332E3FD6FE4074C3E","decoded/128KiB/samba.decoded","131072","F3B8C4AD35BC6CF21977895D6F04A22B1422605942FA5AFE35CE28B2A221D7E8","53.2275673","52.6690126","545.44140625","545.328125","545.44140625","74FF260A939B01673667723D8351AAEDB679339610009ECB23C70E373B862D9F","profile_id=2;mode=auto-k2;block_size=32768;zstd_level=19;lzma_level=9;threads=1;process_timeout_seconds=3600","""E:\MIXER\hybridzip\build\Release\hybridzip.exe"" c --profile=r2 --r2-mode=auto-k2 --block-size=32768 ""E:\MIXER\hybridzip\results\experiments\hybridzip-r2-e5-router-320dd1b-v1\children\hybridzip-r2-e5-router-320dd1b-v1-auto-k2-b32-r1\inputs\128KiB\samba.bin"" ""E:\MIXER\hybridzip\results\experiments\hybridzip-r2-e5-router-320dd1b-v1\children\hybridzip-r2-e5-router-320dd1b-v1-auto-k2-b32-r1\archives\128KiB\samba.hz2""","""E:\MIXER\hybridzip\build\Release\hybridzip.exe"" d ""E:\MIXER\hybridzip\results\experiments\hybridzip-r2-e5-router-320dd1b-v1\children\hybridzip-r2-e5-router-320dd1b-v1-auto-k2-b32-r1\archives\128KiB\samba.hz2"" ""E:\MIXER\hybridzip\results\experiments\hybridzip-r2-e5-router-320dd1b-v1\children\hybridzip-r2-e5-router-320dd1b-v1-auto-k2-b32-r1\decoded\128KiB\samba.decoded""","0","0","2026-08-28T19:41:45.9769693+08:00","COMPLETE","PASS","paq8px-generic-sse=4","Complete R2 archive size; SHA-256 byte-exact roundtrip verified."
"e5-router","auto-k2","32","1","False","1","1","2","0","00010000","1025B343","4B1AC26C40AD4DA50312FD3B694D7E636FB768C2336FE773BC82D36424C27A4B","0:1,36:1","0","0","0","0","0","","","hybridzip-r2-e5-router-320dd1b-v1-auto-k2-b32-r1","r2-auto-k2","1","25","sao","32","inputs/32KiB/sao.bin","32768","95677430CAD4F000506BC5EE22815C3F4E13D64B477ED506B78D5D9ACFB50CCD","archives/32KiB/sao.hz2","18805","F2051C527BDC64B7FF932E6902A9812845F68FB987886C197ECDF0BD665E1CD4","decoded/32KiB/sao.decoded","32768","95677430CAD4F000506BC5EE22815C3F4E13D64B477ED506B78D5D9ACFB50CCD","17.5959165","17.5075799","548.78515625","548.671875","548.78515625","74FF260A939B01673667723D8351AAEDB679339610009ECB23C70E373B862D9F","profile_id=2;mode=auto-k2;block_size=32768;zstd_level=19;lzma_level=9;threads=1;process_timeout_seconds=3600","""E:\MIXER\hybridzip\build\Release\hybridzip.exe"" c --profile=r2 --r2-mode=auto-k2 --block-size=32768 ""E:\MIXER\hybridzip\results\experiments\hybridzip-r2-e5-router-320dd1b-v1\children\hybridzip-r2-e5-router-320dd1b-v1-auto-k2-b32-r1\inputs\32KiB\sao.bin"" ""E:\MIXER\hybridzip\results\experiments\hybridzip-r2-e5-router-320dd1b-v1\children\hybridzip-r2-e5-router-320dd1b-v1-auto-k2-b32-r1\archives\32KiB\sao.hz2""","""E:\MIXER\hybridzip\build\Release\hybridzip.exe"" d ""E:\MIXER\hybridzip\results\experiments\hybridzip-r2-e5-router-320dd1b-v1\children\hybridzip-r2-e5-router-320dd1b-v1-auto-k2-b32-r1\archives\32KiB\sao.hz2"" ""E:\MIXER\hybridzip\results\experiments\hybridzip-r2-e5-router-320dd1b-v1\children\hybridzip-r2-e5-router-320dd1b-v1-auto-k2-b32-r1\decoded\32KiB\sao.decoded""","0","0","2026-08-28T19:43:31.9442915+08:00","COMPLETE","PASS","paq8px-generic-sse=1","Complete R2 archive size; SHA-256 byte-exact roundtrip verified."
"e5-router","auto-k2","32","1","False","1","1","4","0","00010000","1025B343","4B1AC26C40AD4DA50312FD3B694D7E636FB768C2336FE773BC82D36424C27A4B","0:2,36:2","0","0","0","0","0","","","hybridzip-r2-e5-router-320dd1b-v1-auto-k2-b32-r1","r2-auto-k2","1","26","sao","64","inputs/64KiB/sao.bin","65536","17CBD7166A47786139F60BA33B4E771CE0154F6FA56986883D129BC23F78EBEE","archives/64KiB/sao.hz2","37238","53591C114A6BBA4D65651D5E7C6F19EC624864672A2ED3EE7CD8595298CDC3C7","decoded/64KiB/sao.decoded","65536","17CBD7166A47786139F60BA33B4E771CE0154F6FA56986883D129BC23F78EBEE","34.960388","35.1393861","548.94140625","548.87890625","548.94140625","74FF260A939B01673667723D8351AAEDB679339610009ECB23C70E373B862D9F","profile_id=2;mode=auto-k2;block_size=32768;zstd_level=19;lzma_level=9;threads=1;process_timeout_seconds=3600","""E:\MIXER\hybridzip\build\Release\hybridzip.exe"" c --profile=r2 --r2-mode=auto-k2 --block-size=32768 ""E:\MIXER\hybridzip\results\experiments\hybridzip-r2-e5-router-320dd1b-v1\children\hybridzip-r2-e5-router-320dd1b-v1-auto-k2-b32-r1\inputs\64KiB\sao.bin"" ""E:\MIXER\hybridzip\results\experiments\hybridzip-r2-e5-router-320dd1b-v1\children\hybridzip-r2-e5-router-320dd1b-v1-auto-k2-b32-r1\archives\64KiB\sao.hz2""","""E:\MIXER\hybridzip\build\Release\hybridzip.exe"" d ""E:\MIXER\hybridzip\results\experiments\hybridzip-r2-e5-router-320dd1b-v1\children\hybridzip-r2-e5-router-320dd1b-v1-auto-k2-b32-r1\archives\64KiB\sao.hz2"" ""E:\MIXER\hybridzip\results\experiments\hybridzip-r2-e5-router-320dd1b-v1\children\hybridzip-r2-e5-router-320dd1b-v1-auto-k2-b32-r1\decoded\64KiB\sao.decoded""","0","0","2026-08-28T19:44:07.1194952+08:00","COMPLETE","PASS","paq8px-generic-sse=2","Complete R2 archive size; SHA-256 byte-exact roundtrip verified."
"e5-router","auto-k2","32","1","False","1","1","8","0","00010000","1025B343","4B1AC26C40AD4DA50312FD3B694D7E636FB768C2336FE773BC82D36424C27A4B","0:4,36:4","0","0","0","0","0","","","hybridzip-r2-e5-router-320dd1b-v1-auto-k2-b32-r1","r2-auto-k2","1","27","sao","128","inputs/128KiB/sao.bin","131072","75E535B42DB7505118D8B19C7C42C1F49C5542ADDC9DBC13383953659F675CE0","archives/128KiB/sao.hz2","74133","8B4978F96CD45C7287E046B980F9D3D1F334790C8A2C776F2A5582FFD980191C","decoded/128KiB/sao.decoded","131072","75E535B42DB7505118D8B19C7C42C1F49C5542ADDC9DBC13383953659F675CE0","69.7587897","69.5148469","549.12890625","549.00390625","549.12890625","74FF260A939B01673667723D8351AAEDB679339610009ECB23C70E373B862D9F","profile_id=2;mode=auto-k2;block_size=32768;zstd_level=19;lzma_level=9;threads=1;process_timeout_seconds=3600","""E:\MIXER\hybridzip\build\Release\hybridzip.exe"" c --profile=r2 --r2-mode=auto-k2 --block-size=32768 ""E:\MIXER\hybridzip\results\experiments\hybridzip-r2-e5-router-320dd1b-v1\children\hybridzip-r2-e5-router-320dd1b-v1-auto-k2-b32-r1\inputs\128KiB\sao.bin"" ""E:\MIXER\hybridzip\results\experiments\hybridzip-r2-e5-router-320dd1b-v1\children\hybridzip-r2-e5-router-320dd1b-v1-auto-k2-b32-r1\archives\128KiB\sao.hz2""","""E:\MIXER\hybridzip\build\Release\hybridzip.exe"" d ""E:\MIXER\hybridzip\results\experiments\hybridzip-r2-e5-router-320dd1b-v1\children\hybridzip-r2-e5-router-320dd1b-v1-auto-k2-b32-r1\archives\128KiB\sao.hz2"" ""E:\MIXER\hybridzip\results\experiments\hybridzip-r2-e5-router-320dd1b-v1\children\hybridzip-r2-e5-router-320dd1b-v1-auto-k2-b32-r1\decoded\128KiB\sao.decoded""","0","0","2026-08-28T19:45:17.2863112+08:00","COMPLETE","PASS","paq8px-generic-sse=4","Complete R2 archive size; SHA-256 byte-exact roundtrip verified."
"e5-router","auto-k2","32","1","False","1","1","2","0","00010000","1025B343","4B1AC26C40AD4DA50312FD3B694D7E636FB768C2336FE773BC82D36424C27A4B","0:1,36:1","0","0","0","0","0","","","hybridzip-r2-e5-router-320dd1b-v1-auto-k2-b32-r1","r2-auto-k2","1","28","webster","32","inputs/32KiB/webster.bin","32768","774D224695AF4057353F72602BB96CD2AFEEA059AC7737535645F11596FCA85E","archives/32KiB/webster.hz2","9355","0A681B4B8AFDFB138458BF136B0CB8B7981ABA5A4D202DD53C2F85A9DF31F841","decoded/32KiB/webster.decoded","32768","774D224695AF4057353F72602BB96CD2AFEEA059AC7737535645F11596FCA85E","15.4067139","15.3787144","546.703125","546.66015625","546.703125","74FF260A939B01673667723D8351AAEDB679339610009ECB23C70E373B862D9F","profile_id=2;mode=auto-k2;block_size=32768;zstd_level=19;lzma_level=9;threads=1;process_timeout_seconds=3600","""E:\MIXER\hybridzip\build\Release\hybridzip.exe"" c --profile=r2 --r2-mode=auto-k2 --block-size=32768 ""E:\MIXER\hybridzip\results\experiments\hybridzip-r2-e5-router-320dd1b-v1\children\hybridzip-r2-e5-router-320dd1b-v1-auto-k2-b32-r1\inputs\32KiB\webster.bin"" ""E:\MIXER\hybridzip\results\experiments\hybridzip-r2-e5-router-320dd1b-v1\children\hybridzip-r2-e5-router-320dd1b-v1-auto-k2-b32-r1\archives\32KiB\webster.hz2""","""E:\MIXER\hybridzip\build\Release\hybridzip.exe"" d ""E:\MIXER\hybridzip\results\experiments\hybridzip-r2-e5-router-320dd1b-v1\children\hybridzip-r2-e5-router-320dd1b-v1-auto-k2-b32-r1\archives\32KiB\webster.hz2"" ""E:\MIXER\hybridzip\results\experiments\hybridzip-r2-e5-router-320dd1b-v1\children\hybridzip-r2-e5-router-320dd1b-v1-auto-k2-b32-r1\decoded\32KiB\webster.decoded""","0","0","2026-08-28T19:47:36.6293445+08:00","COMPLETE","PASS","paq8px-generic-sse=1","Complete R2 archive size; SHA-256 byte-exact roundtrip verified."
"e5-router","auto-k2","32","1","False","1","1","4","0","00010000","1025B343","4B1AC26C40AD4DA50312FD3B694D7E636FB768C2336FE773BC82D36424C27A4B","0:2,36:2","0","0","0","0","0","","","hybridzip-r2-e5-router-320dd1b-v1-auto-k2-b32-r1","r2-auto-k2","1","29","webster","64","inputs/64KiB/webster.bin","65536","262258811321382F9E4F44D2184B6B7FED0336CF831446D8336C47D6CCC2B32E","archives/64KiB/webster.hz2","16552","6822B4DC5D5B769D07D900D29127C428B28D6117ECD0115A96F254A32D31A6A4","decoded/64KiB/webster.decoded","65536","262258811321382F9E4F44D2184B6B7FED0336CF831446D8336C47D6CCC2B32E","29.5358512","29.5414611","546.72265625","546.62109375","546.72265625","74FF260A939B01673667723D8351AAEDB679339610009ECB23C70E373B862D9F","profile_id=2;mode=auto-k2;block_size=32768;zstd_level=19;lzma_level=9;threads=1;process_timeout_seconds=3600","""E:\MIXER\hybridzip\build\Release\hybridzip.exe"" c --profile=r2 --r2-mode=auto-k2 --block-size=32768 ""E:\MIXER\hybridzip\results\experiments\hybridzip-r2-e5-router-320dd1b-v1\children\hybridzip-r2-e5-router-320dd1b-v1-auto-k2-b32-r1\inputs\64KiB\webster.bin"" ""E:\MIXER\hybridzip\results\experiments\hybridzip-r2-e5-router-320dd1b-v1\children\hybridzip-r2-e5-router-320dd1b-v1-auto-k2-b32-r1\archives\64KiB\webster.hz2""","""E:\MIXER\hybridzip\build\Release\hybridzip.exe"" d ""E:\MIXER\hybridzip\results\experiments\hybridzip-r2-e5-router-320dd1b-v1\children\hybridzip-r2-e5-router-320dd1b-v1-auto-k2-b32-r1\archives\64KiB\webster.hz2"" ""E:\MIXER\hybridzip\results\experiments\hybridzip-r2-e5-router-320dd1b-v1\children\hybridzip-r2-e5-router-320dd1b-v1-auto-k2-b32-r1\decoded\64KiB\webster.decoded""","0","0","2026-08-28T19:48:07.4930007+08:00","COMPLETE","PASS","paq8px-generic-sse=2","Complete R2 archive size; SHA-256 byte-exact roundtrip verified."
"e5-router","auto-k2","32","1","False","1","1","8","0","00010000","1025B343","4B1AC26C40AD4DA50312FD3B694D7E636FB768C2336FE773BC82D36424C27A4B","0:4,36:4","0","0","0","0","0","","","hybridzip-r2-e5-router-320dd1b-v1-auto-k2-b32-r1","r2-auto-k2","1","30","webster","128","inputs/128KiB/webster.bin","131072","C069C1FDCA99BC5C44F06D134CD0CDA60315DD631AA6564733B2CE0E6D59305C","archives/128KiB/webster.hz2","30551","3BC52585B92746306C9216DAC801BA984059937F9D6EAB35377CB9FDA1BC7094","decoded/128KiB/webster.decoded","131072","C069C1FDCA99BC5C44F06D134CD0CDA60315DD631AA6564733B2CE0E6D59305C","57.5099525","57.400299","546.7265625","546.62109375","546.7265625","74FF260A939B01673667723D8351AAEDB679339610009ECB23C70E373B862D9F","profile_id=2;mode=auto-k2;block_size=32768;zstd_level=19;lzma_level=9;threads=1;process_timeout_seconds=3600","""E:\MIXER\hybridzip\build\Release\hybridzip.exe"" c --profile=r2 --r2-mode=auto-k2 --block-size=32768 ""E:\MIXER\hybridzip\results\experiments\hybridzip-r2-e5-router-320dd1b-v1\children\hybridzip-r2-e5-router-320dd1b-v1-auto-k2-b32-r1\inputs\128KiB\webster.bin"" ""E:\MIXER\hybridzip\results\experiments\hybridzip-r2-e5-router-320dd1b-v1\children\hybridzip-r2-e5-router-320dd1b-v1-auto-k2-b32-r1\archives\128KiB\webster.hz2""","""E:\MIXER\hybridzip\build\Release\hybridzip.exe"" d ""E:\MIXER\hybridzip\results\experiments\hybridzip-r2-e5-router-320dd1b-v1\children\hybridzip-r2-e5-router-320dd1b-v1-auto-k2-b32-r1\archives\128KiB\webster.hz2"" ""E:\MIXER\hybridzip\results\experiments\hybridzip-r2-e5-router-320dd1b-v1\children\hybridzip-r2-e5-router-320dd1b-v1-auto-k2-b32-r1\decoded\128KiB\webster.decoded""","0","0","2026-08-28T19:49:06.6503191+08:00","COMPLETE","PASS","paq8px-generic-sse=4","Complete R2 archive size; SHA-256 byte-exact roundtrip verified."
"e5-router","auto-k2","32","1","False","1","1","2","0","00010000","1025B343","4B1AC26C40AD4DA50312FD3B694D7E636FB768C2336FE773BC82D36424C27A4B","0:1,36:1","0","0","0","0","0","","","hybridzip-r2-e5-router-320dd1b-v1-auto-k2-b32-r1","r2-auto-k2","1","31","x-ray","32","inputs/32KiB/x-ray.bin","32768","10511AA63DFBD9C0DDBFEFE36068740103D4BA1116E214154A0772057D7E9314","archives/32KiB/x-ray.hz2","14702","7A42F5E3021F2D74A0EB1AA0493B4A1A020327428389D7C79EF9707CCAC35324","decoded/32KiB/x-ray.decoded","32768","10511AA63DFBD9C0DDBFEFE36068740103D4BA1116E214154A0772057D7E9314","14.961905","14.8362328","547.1328125","547.07421875","547.1328125","74FF260A939B01673667723D8351AAEDB679339610009ECB23C70E373B862D9F","profile_id=2;mode=auto-k2;block_size=32768;zstd_level=19;lzma_level=9;threads=1;process_timeout_seconds=3600","""E:\MIXER\hybridzip\build\Release\hybridzip.exe"" c --profile=r2 --r2-mode=auto-k2 --block-size=32768 ""E:\MIXER\hybridzip\results\experiments\hybridzip-r2-e5-router-320dd1b-v1\children\hybridzip-r2-e5-router-320dd1b-v1-auto-k2-b32-r1\inputs\32KiB\x-ray.bin"" ""E:\MIXER\hybridzip\results\experiments\hybridzip-r2-e5-router-320dd1b-v1\children\hybridzip-r2-e5-router-320dd1b-v1-auto-k2-b32-r1\archives\32KiB\x-ray.hz2""","""E:\MIXER\hybridzip\build\Release\hybridzip.exe"" d ""E:\MIXER\hybridzip\results\experiments\hybridzip-r2-e5-router-320dd1b-v1\children\hybridzip-r2-e5-router-320dd1b-v1-auto-k2-b32-r1\archives\32KiB\x-ray.hz2"" ""E:\MIXER\hybridzip\results\experiments\hybridzip-r2-e5-router-320dd1b-v1\children\hybridzip-r2-e5-router-320dd1b-v1-auto-k2-b32-r1\decoded\32KiB\x-ray.decoded""","0","0","2026-08-28T19:51:01.6393559+08:00","COMPLETE","PASS","paq8px-generic-sse=1","Complete R2 archive size; SHA-256 byte-exact roundtrip verified."
"e5-router","auto-k2","32","1","False","1","1","4","0","00010000","1025B343","4B1AC26C40AD4DA50312FD3B694D7E636FB768C2336FE773BC82D36424C27A4B","0:2,36:2","0","0","0","0","0","","","hybridzip-r2-e5-router-320dd1b-v1-auto-k2-b32-r1","r2-auto-k2","1","32","x-ray","64","inputs/64KiB/x-ray.bin","65536","B5A07146616BCD7C2D10071D41E07D204DE0AC629C4CA37D8E867FF00574D0D8","archives/64KiB/x-ray.hz2","29399","F9AE1C6F0428F92774756E7FFB8171DA1DE4782F4E5BC4D259E32982AD297B4D","decoded/64KiB/x-ray.decoded","65536","B5A07146616BCD7C2D10071D41E07D204DE0AC629C4CA37D8E867FF00574D0D8","29.7531543","29.7065048","547.16015625","547.078125","547.16015625","74FF260A939B01673667723D8351AAEDB679339610009ECB23C70E373B862D9F","profile_id=2;mode=auto-k2;block_size=32768;zstd_level=19;lzma_level=9;threads=1;process_timeout_seconds=3600","""E:\MIXER\hybridzip\build\Release\hybridzip.exe"" c --profile=r2 --r2-mode=auto-k2 --block-size=32768 ""E:\MIXER\hybridzip\results\experiments\hybridzip-r2-e5-router-320dd1b-v1\children\hybridzip-r2-e5-router-320dd1b-v1-auto-k2-b32-r1\inputs\64KiB\x-ray.bin"" ""E:\MIXER\hybridzip\results\experiments\hybridzip-r2-e5-router-320dd1b-v1\children\hybridzip-r2-e5-router-320dd1b-v1-auto-k2-b32-r1\archives\64KiB\x-ray.hz2""","""E:\MIXER\hybridzip\build\Release\hybridzip.exe"" d ""E:\MIXER\hybridzip\results\experiments\hybridzip-r2-e5-router-320dd1b-v1\children\hybridzip-r2-e5-router-320dd1b-v1-auto-k2-b32-r1\archives\64KiB\x-ray.hz2"" ""E:\MIXER\hybridzip\results\experiments\hybridzip-r2-e5-router-320dd1b-v1\children\hybridzip-r2-e5-router-320dd1b-v1-auto-k2-b32-r1\decoded\64KiB\x-ray.decoded""","0","0","2026-08-28T19:51:31.5148358+08:00","COMPLETE","PASS","paq8px-generic-sse=2","Complete R2 archive size; SHA-256 byte-exact roundtrip verified."
"e5-router","auto-k2","32","1","False","1","1","8","0","00010000","1025B343","4B1AC26C40AD4DA50312FD3B694D7E636FB768C2336FE773BC82D36424C27A4B","0:4,36:4","0","0","0","0","0","","","hybridzip-r2-e5-router-320dd1b-v1-auto-k2-b32-r1","r2-auto-k2","1","33","x-ray","128","inputs/128KiB/x-ray.bin","131072","7A65B793FB2A694C20686275A899B304445473528F7C998BE26F8C68EB18F76E","archives/128KiB/x-ray.hz2","58525","04439987E444AC18DBAE1020D405CC6E2B92D8045A045295E1F7E66E3DFB4939","decoded/128KiB/x-ray.decoded","131072","7A65B793FB2A694C20686275A899B304445473528F7C998BE26F8C68EB18F76E","59.2801854","59.1173541","547.2109375","547.1015625","547.2109375","74FF260A939B01673667723D8351AAEDB679339610009ECB23C70E373B862D9F","profile_id=2;mode=auto-k2;block_size=32768;zstd_level=19;lzma_level=9;threads=1;process_timeout_seconds=3600","""E:\MIXER\hybridzip\build\Release\hybridzip.exe"" c --profile=r2 --r2-mode=auto-k2 --block-size=32768 ""E:\MIXER\hybridzip\results\experiments\hybridzip-r2-e5-router-320dd1b-v1\children\hybridzip-r2-e5-router-320dd1b-v1-auto-k2-b32-r1\inputs\128KiB\x-ray.bin"" ""E:\MIXER\hybridzip\results\experiments\hybridzip-r2-e5-router-320dd1b-v1\children\hybridzip-r2-e5-router-320dd1b-v1-auto-k2-b32-r1\archives\128KiB\x-ray.hz2""","""E:\MIXER\hybridzip\build\Release\hybridzip.exe"" d ""E:\MIXER\hybridzip\results\experiments\hybridzip-r2-e5-router-320dd1b-v1\children\hybridzip-r2-e5-router-320dd1b-v1-auto-k2-b32-r1\archives\128KiB\x-ray.hz2"" ""E:\MIXER\hybridzip\results\experiments\hybridzip-r2-e5-router-320dd1b-v1\children\hybridzip-r2-e5-router-320dd1b-v1-auto-k2-b32-r1\decoded\128KiB\x-ray.decoded""","0","0","2026-08-28T19:52:31.0462107+08:00","COMPLETE","PASS","paq8px-generic-sse=4","Complete R2 archive size; SHA-256 byte-exact roundtrip verified."
"e5-router","auto-k2","32","1","False","1","1","2","0","00010000","1025B343","4B1AC26C40AD4DA50312FD3B694D7E636FB768C2336FE773BC82D36424C27A4B","0:1,36:1","0","0","0","0","0","","","hybridzip-r2-e5-router-320dd1b-v1-auto-k2-b32-r1","r2-auto-k2","1","34","xml","32","inputs/32KiB/xml.bin","32768","C2F7F129956F8D6FC3D0E3595D93F98D5270B6F5BC4AB5E70F45867822EFDD71","archives/32KiB/xml.hz2","1441","E86CAEABDB7A3613F62A84446E1F67B6E78306E4884BF63D05C2D9832C85AE6F","decoded/32KiB/xml.decoded","32768","C2F7F129956F8D6FC3D0E3595D93F98D5270B6F5BC4AB5E70F45867822EFDD71","9.7804244","9.60085","542.84375","542.76953125","542.84375","74FF260A939B01673667723D8351AAEDB679339610009ECB23C70E373B862D9F","profile_id=2;mode=auto-k2;block_size=32768;zstd_level=19;lzma_level=9;threads=1;process_timeout_seconds=3600","""E:\MIXER\hybridzip\build\Release\hybridzip.exe"" c --profile=r2 --r2-mode=auto-k2 --block-size=32768 ""E:\MIXER\hybridzip\results\experiments\hybridzip-r2-e5-router-320dd1b-v1\children\hybridzip-r2-e5-router-320dd1b-v1-auto-k2-b32-r1\inputs\32KiB\xml.bin"" ""E:\MIXER\hybridzip\results\experiments\hybridzip-r2-e5-router-320dd1b-v1\children\hybridzip-r2-e5-router-320dd1b-v1-auto-k2-b32-r1\archives\32KiB\xml.hz2""","""E:\MIXER\hybridzip\build\Release\hybridzip.exe"" d ""E:\MIXER\hybridzip\results\experiments\hybridzip-r2-e5-router-320dd1b-v1\children\hybridzip-r2-e5-router-320dd1b-v1-auto-k2-b32-r1\archives\32KiB\xml.hz2"" ""E:\MIXER\hybridzip\results\experiments\hybridzip-r2-e5-router-320dd1b-v1\children\hybridzip-r2-e5-router-320dd1b-v1-auto-k2-b32-r1\decoded\32KiB\xml.decoded""","0","0","2026-08-28T19:54:29.5153355+08:00","COMPLETE","PASS","paq8px-generic-sse=1","Complete R2 archive size; SHA-256 byte-exact roundtrip verified."
"e5-router","auto-k2","32","1","False","1","1","4","0","00010000","1025B343","4B1AC26C40AD4DA50312FD3B694D7E636FB768C2336FE773BC82D36424C27A4B","0:2,36:2","0","0","0","0","0","","","hybridzip-r2-e5-router-320dd1b-v1-auto-k2-b32-r1","r2-auto-k2","1","35","xml","64","inputs/64KiB/xml.bin","65536","E32AFF2BEBF00105A17DD57F5490C1986D17543CEE837B42EB56B3E0E6F8E7F1","archives/64KiB/xml.hz2","2784","C32ED3152F4B8E8FDDBE2E8EE10392B6146B893B0D8CA09A203870B105D69065","decoded/64KiB/xml.decoded","65536","E32AFF2BEBF00105A17DD57F5490C1986D17543CEE837B42EB56B3E0E6F8E7F1","19.206045","19.3282102","542.85546875","542.79296875","542.85546875","74FF260A939B01673667723D8351AAEDB679339610009ECB23C70E373B862D9F","profile_id=2;mode=auto-k2;block_size=32768;zstd_level=19;lzma_level=9;threads=1;process_timeout_seconds=3600","""E:\MIXER\hybridzip\build\Release\hybridzip.exe"" c --profile=r2 --r2-mode=auto-k2 --block-size=32768 ""E:\MIXER\hybridzip\results\experiments\hybridzip-r2-e5-router-320dd1b-v1\children\hybridzip-r2-e5-router-320dd1b-v1-auto-k2-b32-r1\inputs\64KiB\xml.bin"" ""E:\MIXER\hybridzip\results\experiments\hybridzip-r2-e5-router-320dd1b-v1\children\hybridzip-r2-e5-router-320dd1b-v1-auto-k2-b32-r1\archives\64KiB\xml.hz2""","""E:\MIXER\hybridzip\build\Release\hybridzip.exe"" d ""E:\MIXER\hybridzip\results\experiments\hybridzip-r2-e5-router-320dd1b-v1\children\hybridzip-r2-e5-router-320dd1b-v1-auto-k2-b32-r1\archives\64KiB\xml.hz2"" ""E:\MIXER\hybridzip\results\experiments\hybridzip-r2-e5-router-320dd1b-v1\children\hybridzip-r2-e5-router-320dd1b-v1-auto-k2-b32-r1\decoded\64KiB\xml.decoded""","0","0","2026-08-28T19:54:48.9673674+08:00","COMPLETE","PASS","paq8px-generic-sse=2","Complete R2 archive size; SHA-256 byte-exact roundtrip verified."
"e5-router","auto-k2","32","1","False","1","1","8","0","00010000","1025B343","4B1AC26C40AD4DA50312FD3B694D7E636FB768C2336FE773BC82D36424C27A4B","0:4,36:4","0","0","0","0","0","","","hybridzip-r2-e5-router-320dd1b-v1-auto-k2-b32-r1","r2-auto-k2","1","36","xml","128","inputs/128KiB/xml.bin","131072","5FA29C746885F2EEB98734218475915A78092CCB3B0F68B08861EE210E5B6E25","archives/128KiB/xml.hz2","5721","9E090AFD83693FE8548B66801680609CAECBDBED62D7F5E7E14EBE14B03F9A01","decoded/128KiB/xml.decoded","131072","5FA29C746885F2EEB98734218475915A78092CCB3B0F68B08861EE210E5B6E25","38.6494964","38.8638692","543.2578125","543.14453125","543.2578125","74FF260A939B01673667723D8351AAEDB679339610009ECB23C70E373B862D9F","profile_id=2;mode=auto-k2;block_size=32768;zstd_level=19;lzma_level=9;threads=1;process_timeout_seconds=3600","""E:\MIXER\hybridzip\build\Release\hybridzip.exe"" c --profile=r2 --r2-mode=auto-k2 --block-size=32768 ""E:\MIXER\hybridzip\results\experiments\hybridzip-r2-e5-router-320dd1b-v1\children\hybridzip-r2-e5-router-320dd1b-v1-auto-k2-b32-r1\inputs\128KiB\xml.bin"" ""E:\MIXER\hybridzip\results\experiments\hybridzip-r2-e5-router-320dd1b-v1\children\hybridzip-r2-e5-router-320dd1b-v1-auto-k2-b32-r1\archives\128KiB\xml.hz2""","""E:\MIXER\hybridzip\build\Release\hybridzip.exe"" d ""E:\MIXER\hybridzip\results\experiments\hybridzip-r2-e5-router-320dd1b-v1\children\hybridzip-r2-e5-router-320dd1b-v1-auto-k2-b32-r1\archives\128KiB\xml.hz2"" ""E:\MIXER\hybridzip\results\experiments\hybridzip-r2-e5-router-320dd1b-v1\children\hybridzip-r2-e5-router-320dd1b-v1-auto-k2-b32-r1\decoded\128KiB\xml.decoded""","0","0","2026-08-28T19:55:27.5831224+08:00","COMPLETE","PASS","paq8px-generic-sse=4","Complete R2 archive size; SHA-256 byte-exact roundtrip verified."
"e5-router","auto-k4","32","1","False","1","1","4","0","00010000","1025B343","4B1AC26C40AD4DA50312FD3B694D7E636FB768C2336FE773BC82D36424C27A4B","0:1,2:1,36:1,37:1","0","0","0","0","0","","","hybridzip-r2-e5-router-320dd1b-v1-auto-k4-b32-r1","r2-auto-k4","1","1","dickens","32","inputs/32KiB/dickens.bin","32768","FC42DCB9849222C8704C9DCAE606D075B389B66244FB215035148D6409EC0B31","archives/32KiB/dickens.hz2","9598","9BE685F918147AFF7BBAACA81E3A8176253CD9BBB57047C383360BE028A6360F","decoded/32KiB/dickens.decoded","32768","FC42DCB9849222C8704C9DCAE606D075B389B66244FB215035148D6409EC0B31","23.353993","7.876367","546.41015625","369.40234375","546.41015625","74FF260A939B01673667723D8351AAEDB679339610009ECB23C70E373B862D9F","profile_id=2;mode=auto-k4;block_size=32768;zstd_level=19;lzma_level=9;threads=1;process_timeout_seconds=3600","""E:\MIXER\hybridzip\build\Release\hybridzip.exe"" c --profile=r2 --r2-mode=auto-k4 --block-size=32768 ""E:\MIXER\hybridzip\results\experiments\hybridzip-r2-e5-router-320dd1b-v1\children\hybridzip-r2-e5-router-320dd1b-v1-auto-k4-b32-r1\inputs\32KiB\dickens.bin"" ""E:\MIXER\hybridzip\results\experiments\hybridzip-r2-e5-router-320dd1b-v1\children\hybridzip-r2-e5-router-320dd1b-v1-auto-k4-b32-r1\archives\32KiB\dickens.hz2""","""E:\MIXER\hybridzip\build\Release\hybridzip.exe"" d ""E:\MIXER\hybridzip\results\experiments\hybridzip-r2-e5-router-320dd1b-v1\children\hybridzip-r2-e5-router-320dd1b-v1-auto-k4-b32-r1\archives\32KiB\dickens.hz2"" ""E:\MIXER\hybridzip\results\experiments\hybridzip-r2-e5-router-320dd1b-v1\children\hybridzip-r2-e5-router-320dd1b-v1-auto-k4-b32-r1\decoded\32KiB\dickens.decoded""","0","0","2026-08-28T19:56:46.4496995+08:00","COMPLETE","PASS","paq8px-detected-sse=1","Complete R2 archive size; SHA-256 byte-exact roundtrip verified."
"e5-router","auto-k4","32","1","False","1","1","8","0","00010000","1025B343","4B1AC26C40AD4DA50312FD3B694D7E636FB768C2336FE773BC82D36424C27A4B","0:2,2:2,36:2,37:2","0","0","0","0","0","","","hybridzip-r2-e5-router-320dd1b-v1-auto-k4-b32-r1","r2-auto-k4","1","2","dickens","64","inputs/64KiB/dickens.bin","65536","134AD989A7B8B40C900A3B9C0F4895317DFD827D9E6E933895B08D2F4A8A8293","archives/64KiB/dickens.hz2","19066","434C1716E826710E8AF23A2B8948CF6FAEB7AF3F9F60EBA966BD73DCFB2D88F7","decoded/64KiB/dickens.decoded","65536","134AD989A7B8B40C900A3B9C0F4895317DFD827D9E6E933895B08D2F4A8A8293","45.9802455","15.2527337","546.39453125","369.359375","546.39453125","74FF260A939B01673667723D8351AAEDB679339610009ECB23C70E373B862D9F","profile_id=2;mode=auto-k4;block_size=32768;zstd_level=19;lzma_level=9;threads=1;process_timeout_seconds=3600","""E:\MIXER\hybridzip\build\Release\hybridzip.exe"" c --profile=r2 --r2-mode=auto-k4 --block-size=32768 ""E:\MIXER\hybridzip\results\experiments\hybridzip-r2-e5-router-320dd1b-v1\children\hybridzip-r2-e5-router-320dd1b-v1-auto-k4-b32-r1\inputs\64KiB\dickens.bin"" ""E:\MIXER\hybridzip\results\experiments\hybridzip-r2-e5-router-320dd1b-v1\children\hybridzip-r2-e5-router-320dd1b-v1-auto-k4-b32-r1\archives\64KiB\dickens.hz2""","""E:\MIXER\hybridzip\build\Release\hybridzip.exe"" d ""E:\MIXER\hybridzip\results\experiments\hybridzip-r2-e5-router-320dd1b-v1\children\hybridzip-r2-e5-router-320dd1b-v1-auto-k4-b32-r1\archives\64KiB\dickens.hz2"" ""E:\MIXER\hybridzip\results\experiments\hybridzip-r2-e5-router-320dd1b-v1\children\hybridzip-r2-e5-router-320dd1b-v1-auto-k4-b32-r1\decoded\64KiB\dickens.decoded""","0","0","2026-08-28T19:57:17.7422315+08:00","COMPLETE","PASS","paq8px-detected-sse=2","Complete R2 archive size; SHA-256 byte-exact roundtrip verified."
"e5-router","auto-k4","32","1","False","1","1","16","0","00010000","1025B343","4B1AC26C40AD4DA50312FD3B694D7E636FB768C2336FE773BC82D36424C27A4B","0:4,2:4,36:4,37:4","0","0","0","0","0","","","hybridzip-r2-e5-router-320dd1b-v1-auto-k4-b32-r1","r2-auto-k4","1","3","dickens","128","inputs/128KiB/dickens.bin","131072","20E33FCC8FAA96DC32A2D0921115C0F363E64C598A5847CE1A3876E356D59872","archives/128KiB/dickens.hz2","37827","CC8CE205C1A84F99FEAADE8154EDC5024B1F1967C09A8FCDB97FB3FBF9FEFB84","decoded/128KiB/dickens.decoded","131072","20E33FCC8FAA96DC32A2D0921115C0F363E64C598A5847CE1A3876E356D59872","90.4346709","30.2889478","546.41015625","369.3671875","546.41015625","74FF260A939B01673667723D8351AAEDB679339610009ECB23C70E373B862D9F","profile_id=2;mode=auto-k4;block_size=32768;zstd_level=19;lzma_level=9;threads=1;process_timeout_seconds=3600","""E:\MIXER\hybridzip\build\Release\hybridzip.exe"" c --profile=r2 --r2-mode=auto-k4 --block-size=32768 ""E:\MIXER\hybridzip\results\experiments\hybridzip-r2-e5-router-320dd1b-v1\children\hybridzip-r2-e5-router-320dd1b-v1-auto-k4-b32-r1\inputs\128KiB\dickens.bin"" ""E:\MIXER\hybridzip\results\experiments\hybridzip-r2-e5-router-320dd1b-v1\children\hybridzip-r2-e5-router-320dd1b-v1-auto-k4-b32-r1\archives\128KiB\dickens.hz2""","""E:\MIXER\hybridzip\build\Release\hybridzip.exe"" d ""E:\MIXER\hybridzip\results\experiments\hybridzip-r2-e5-router-320dd1b-v1\children\hybridzip-r2-e5-router-320dd1b-v1-auto-k4-b32-r1\archives\128KiB\dickens.hz2"" ""E:\MIXER\hybridzip\results\experiments\hybridzip-r2-e5-router-320dd1b-v1\children\hybridzip-r2-e5-router-320dd1b-v1-auto-k4-b32-r1\decoded\128KiB\dickens.decoded""","0","0","2026-08-28T19:58:19.0458269+08:00","COMPLETE","PASS","paq8px-detected-sse=4","Complete R2 archive size; SHA-256 byte-exact roundtrip verified."
"e5-router","auto-k4","32","1","False","1","1","4","0","00010000","1025B343","4B1AC26C40AD4DA50312FD3B694D7E636FB768C2336FE773BC82D36424C27A4B","0:1,2:1,36:1,37:1","0","0","0","0","0","","","hybridzip-r2-e5-router-320dd1b-v1-auto-k4-b32-r1","r2-auto-k4","1","4","mozilla","32","inputs/32KiB/mozilla.bin","32768","9DDEEF36CA0CA55B72FE3376D005926DFF3400A2ADE6EAE18482D8017D8645DB","archives/32KiB/mozilla.hz2","6256","E92F3C1568356B4964F123744751422F277F607FD0492A2109AEDA3136D11B08","decoded/32KiB/mozilla.decoded","32768","9DDEEF36CA0CA55B72FE3376D005926DFF3400A2ADE6EAE18482D8017D8645DB","24.9654086","12.3596759","734.078125","733.9921875","734.078125","74FF260A939B01673667723D8351AAEDB679339610009ECB23C70E373B862D9F","profile_id=2;mode=auto-k4;block_size=32768;zstd_level=19;lzma_level=9;threads=1;process_timeout_seconds=3600","""E:\MIXER\hybridzip\build\Release\hybridzip.exe"" c --profile=r2 --r2-mode=auto-k4 --block-size=32768 ""E:\MIXER\hybridzip\results\experiments\hybridzip-r2-e5-router-320dd1b-v1\children\hybridzip-r2-e5-router-320dd1b-v1-auto-k4-b32-r1\inputs\32KiB\mozilla.bin"" ""E:\MIXER\hybridzip\results\experiments\hybridzip-r2-e5-router-320dd1b-v1\children\hybridzip-r2-e5-router-320dd1b-v1-auto-k4-b32-r1\archives\32KiB\mozilla.hz2""","""E:\MIXER\hybridzip\build\Release\hybridzip.exe"" d ""E:\MIXER\hybridzip\results\experiments\hybridzip-r2-e5-router-320dd1b-v1\children\hybridzip-r2-e5-router-320dd1b-v1-auto-k4-b32-r1\archives\32KiB\mozilla.hz2"" ""E:\MIXER\hybridzip\results\experiments\hybridzip-r2-e5-router-320dd1b-v1\children\hybridzip-r2-e5-router-320dd1b-v1-auto-k4-b32-r1\decoded\32KiB\mozilla.decoded""","0","0","2026-08-28T20:00:19.8393245+08:00","COMPLETE","PASS","paq8px-detected-sse=1","Complete R2 archive size; SHA-256 byte-exact roundtrip verified."
"e5-router","auto-k4","32","1","False","1","1","8","0","00010000","1025B343","4B1AC26C40AD4DA50312FD3B694D7E636FB768C2336FE773BC82D36424C27A4B","0:2,2:2,36:2,37:2","0","0","0","0","0","","","hybridzip-r2-e5-router-320dd1b-v1-auto-k4-b32-r1","r2-auto-k4","1","5","mozilla","64","inputs/64KiB/mozilla.bin","65536","B0050240663F54371D372303EEABA0A59AB0758BCD565F4F639D06561E6BC996","archives/64KiB/mozilla.hz2","10357","EAC5DC361F7B6B80CA4B524842220F9B6F8360163665B0084B0EC586A7BFEB3E","decoded/64KiB/mozilla.decoded","65536","B0050240663F54371D372303EEABA0A59AB0758BCD565F4F639D06561E6BC996","44.6301744","21.9288648","734.078125","733.98046875","734.078125","74FF260A939B01673667723D8351AAEDB679339610009ECB23C70E373B862D9F","profile_id=2;mode=auto-k4;block_size=32768;zstd_level=19;lzma_level=9;threads=1;process_timeout_seconds=3600","""E:\MIXER\hybridzip\build\Release\hybridzip.exe"" c --profile=r2 --r2-mode=auto-k4 --block-size=32768 ""E:\MIXER\hybridzip\results\experiments\hybridzip-r2-e5-router-320dd1b-v1\children\hybridzip-r2-e5-router-320dd1b-v1-auto-k4-b32-r1\inputs\64KiB\mozilla.bin"" ""E:\MIXER\hybridzip\results\experiments\hybridzip-r2-e5-router-320dd1b-v1\children\hybridzip-r2-e5-router-320dd1b-v1-auto-k4-b32-r1\archives\64KiB\mozilla.hz2""","""E:\MIXER\hybridzip\build\Release\hybridzip.exe"" d ""E:\MIXER\hybridzip\results\experiments\hybridzip-r2-e5-router-320dd1b-v1\children\hybridzip-r2-e5-router-320dd1b-v1-auto-k4-b32-r1\archives\64KiB\mozilla.hz2"" ""E:\MIXER\hybridzip\results\experiments\hybridzip-r2-e5-router-320dd1b-v1\children\hybridzip-r2-e5-router-320dd1b-v1-auto-k4-b32-r1\decoded\64KiB\mozilla.decoded""","0","0","2026-08-28T20:00:57.2321297+08:00","COMPLETE","PASS","paq8px-generic-sse=1;paq8px-detected-sse=1","Complete R2 archive size; SHA-256 byte-exact roundtrip verified."
"e5-router","auto-k4","32","1","False","1","1","16","0","00010000","1025B343","4B1AC26C40AD4DA50312FD3B694D7E636FB768C2336FE773BC82D36424C27A4B","0:4,2:4,36:4,37:4","0","0","0","0","0","","","hybridzip-r2-e5-router-320dd1b-v1-auto-k4-b32-r1","r2-auto-k4","1","6","mozilla","128","inputs/128KiB/mozilla.bin","131072","85CDBEA98382DB12E9A21FF90E1907452712D074000A6B855D2CA215FA591EB4","archives/128KiB/mozilla.hz2","15881","CBE6838A681442B2B658D1DB933496D64721E30546E580A5E546FC922A349127","decoded/128KiB/mozilla.decoded","131072","85CDBEA98382DB12E9A21FF90E1907452712D074000A6B855D2CA215FA591EB4","79.6308678","39.7325688","734.06640625","733.99609375","734.06640625","74FF260A939B01673667723D8351AAEDB679339610009ECB23C70E373B862D9F","profile_id=2;mode=auto-k4;block_size=32768;zstd_level=19;lzma_level=9;threads=1;process_timeout_seconds=3600","""E:\MIXER\hybridzip\build\Release\hybridzip.exe"" c --profile=r2 --r2-mode=auto-k4 --block-size=32768 ""E:\MIXER\hybridzip\results\experiments\hybridzip-r2-e5-router-320dd1b-v1\children\hybridzip-r2-e5-router-320dd1b-v1-auto-k4-b32-r1\inputs\128KiB\mozilla.bin"" ""E:\MIXER\hybridzip\results\experiments\hybridzip-r2-e5-router-320dd1b-v1\children\hybridzip-r2-e5-router-320dd1b-v1-auto-k4-b32-r1\archives\128KiB\mozilla.hz2""","""E:\MIXER\hybridzip\build\Release\hybridzip.exe"" d ""E:\MIXER\hybridzip\results\experiments\hybridzip-r2-e5-router-320dd1b-v1\children\hybridzip-r2-e5-router-320dd1b-v1-auto-k4-b32-r1\archives\128KiB\mozilla.hz2"" ""E:\MIXER\hybridzip\results\experiments\hybridzip-r2-e5-router-320dd1b-v1\children\hybridzip-r2-e5-router-320dd1b-v1-auto-k4-b32-r1\decoded\128KiB\mozilla.decoded""","0","0","2026-08-28T20:02:03.8586380+08:00","COMPLETE","PASS","paq8px-generic-sse=3;paq8px-detected-sse=1","Complete R2 archive size; SHA-256 byte-exact roundtrip verified."
"e5-router","auto-k4","32","1","False","1","1","4","0","00010000","1025B343","4B1AC26C40AD4DA50312FD3B694D7E636FB768C2336FE773BC82D36424C27A4B","0:1,2:1,36:1,37:1","0","0","0","0","0","","","hybridzip-r2-e5-router-320dd1b-v1-auto-k4-b32-r1","r2-auto-k4","1","7","mr","32","inputs/32KiB/mr.bin","32768","3BB287B0AF65F777AB00C14E362B4D1962087260556001BBEE0689AA10D9F76A","archives/32KiB/mr.hz2","5167","251D84CCB4751BDBA9662CBDE45D9E8B6235F8E106FF950D0D0F36372C81E16D","decoded/32KiB/mr.decoded","32768","3BB287B0AF65F777AB00C14E362B4D1962087260556001BBEE0689AA10D9F76A","20.2989519","10.5114132","545.8828125","545.7890625","545.8828125","74FF260A939B01673667723D8351AAEDB679339610009ECB23C70E373B862D9F","profile_id=2;mode=auto-k4;block_size=32768;zstd_level=19;lzma_level=9;threads=1;process_timeout_seconds=3600","""E:\MIXER\hybridzip\build\Release\hybridzip.exe"" c --profile=r2 --r2-mode=auto-k4 --block-size=32768 ""E:\MIXER\hybridzip\results\experiments\hybridzip-r2-e5-router-320dd1b-v1\children\hybridzip-r2-e5-router-320dd1b-v1-auto-k4-b32-r1\inputs\32KiB\mr.bin"" ""E:\MIXER\hybridzip\results\experiments\hybridzip-r2-e5-router-320dd1b-v1\children\hybridzip-r2-e5-router-320dd1b-v1-auto-k4-b32-r1\archives\32KiB\mr.hz2""","""E:\MIXER\hybridzip\build\Release\hybridzip.exe"" d ""E:\MIXER\hybridzip\results\experiments\hybridzip-r2-e5-router-320dd1b-v1\children\hybridzip-r2-e5-router-320dd1b-v1-auto-k4-b32-r1\archives\32KiB\mr.hz2"" ""E:\MIXER\hybridzip\results\experiments\hybridzip-r2-e5-router-320dd1b-v1\children\hybridzip-r2-e5-router-320dd1b-v1-auto-k4-b32-r1\decoded\32KiB\mr.decoded""","0","0","2026-08-28T20:04:03.2898450+08:00","COMPLETE","PASS","paq8px-generic-sse=1","Complete R2 archive size; SHA-256 byte-exact roundtrip verified."
"e5-router","auto-k4","32","1","False","1","1","8","0","00010000","1025B343","4B1AC26C40AD4DA50312FD3B694D7E636FB768C2336FE773BC82D36424C27A4B","0:2,2:2,36:2,37:2","0","0","0","0","0","","","hybridzip-r2-e5-router-320dd1b-v1-auto-k4-b32-r1","r2-auto-k4","1","8","mr","64","inputs/64KiB/mr.bin","65536","CAB7B6408934009A4BBFEDB57BEB4943BF5478CF8B3688D01F004E0422EBC651","archives/64KiB/mr.hz2","10817","C17AEC1E2F750EE902E699EB2F1D1DD937F598327735351DC4CC2394E00B16FD","decoded/64KiB/mr.decoded","65536","CAB7B6408934009A4BBFEDB57BEB4943BF5478CF8B3688D01F004E0422EBC651","38.7050136","19.4984628","545.8984375","545.78125","545.8984375","74FF260A939B01673667723D8351AAEDB679339610009ECB23C70E373B862D9F","profile_id=2;mode=auto-k4;block_size=32768;zstd_level=19;lzma_level=9;threads=1;process_timeout_seconds=3600","""E:\MIXER\hybridzip\build\Release\hybridzip.exe"" c --profile=r2 --r2-mode=auto-k4 --block-size=32768 ""E:\MIXER\hybridzip\results\experiments\hybridzip-r2-e5-router-320dd1b-v1\children\hybridzip-r2-e5-router-320dd1b-v1-auto-k4-b32-r1\inputs\64KiB\mr.bin"" ""E:\MIXER\hybridzip\results\experiments\hybridzip-r2-e5-router-320dd1b-v1\children\hybridzip-r2-e5-router-320dd1b-v1-auto-k4-b32-r1\archives\64KiB\mr.hz2""","""E:\MIXER\hybridzip\build\Release\hybridzip.exe"" d ""E:\MIXER\hybridzip\results\experiments\hybridzip-r2-e5-router-320dd1b-v1\children\hybridzip-r2-e5-router-320dd1b-v1-auto-k4-b32-r1\archives\64KiB\mr.hz2"" ""E:\MIXER\hybridzip\results\experiments\hybridzip-r2-e5-router-320dd1b-v1\children\hybridzip-r2-e5-router-320dd1b-v1-auto-k4-b32-r1\decoded\64KiB\mr.decoded""","0","0","2026-08-28T20:04:34.1680518+08:00","COMPLETE","PASS","paq8px-generic-sse=2","Complete R2 archive size; SHA-256 byte-exact roundtrip verified."
"e5-router","auto-k4","32","1","False","1","1","16","0","00010000","1025B343","4B1AC26C40AD4DA50312FD3B694D7E636FB768C2336FE773BC82D36424C27A4B","0:4,2:4,36:4,37:4","0","0","0","0","0","","","hybridzip-r2-e5-router-320dd1b-v1-auto-k4-b32-r1","r2-auto-k4","1","9","mr","128","inputs/128KiB/mr.bin","131072","473A6A883480C7B2E69402AD888AC07B347C2DF61C6AA0D84E8B8130A27792EA","archives/128KiB/mr.hz2","22033","968C02440DB4FE9DE2B11BA320D3188369EC7417442774F057E04EE2AB2CEF23","decoded/128KiB/mr.decoded","131072","473A6A883480C7B2E69402AD888AC07B347C2DF61C6AA0D84E8B8130A27792EA","77.1007551","38.4005444","545.875","545.796875","545.875","74FF260A939B01673667723D8351AAEDB679339610009ECB23C70E373B862D9F","profile_id=2;mode=auto-k4;block_size=32768;zstd_level=19;lzma_level=9;threads=1;process_timeout_seconds=3600","""E:\MIXER\hybridzip\build\Release\hybridzip.exe"" c --profile=r2 --r2-mode=auto-k4 --block-size=32768 ""E:\MIXER\hybridzip\results\experiments\hybridzip-r2-e5-router-320dd1b-v1\children\hybridzip-r2-e5-router-320dd1b-v1-auto-k4-b32-r1\inputs\128KiB\mr.bin"" ""E:\MIXER\hybridzip\results\experiments\hybridzip-r2-e5-router-320dd1b-v1\children\hybridzip-r2-e5-router-320dd1b-v1-auto-k4-b32-r1\archives\128KiB\mr.hz2""","""E:\MIXER\hybridzip\build\Release\hybridzip.exe"" d ""E:\MIXER\hybridzip\results\experiments\hybridzip-r2-e5-router-320dd1b-v1\children\hybridzip-r2-e5-router-320dd1b-v1-auto-k4-b32-r1\archives\128KiB\mr.hz2"" ""E:\MIXER\hybridzip\results\experiments\hybridzip-r2-e5-router-320dd1b-v1\children\hybridzip-r2-e5-router-320dd1b-v1-auto-k4-b32-r1\decoded\128KiB\mr.decoded""","0","0","2026-08-28T20:05:32.4408430+08:00","COMPLETE","PASS","paq8px-generic-sse=4","Complete R2 archive size; SHA-256 byte-exact roundtrip verified."
"e5-router","auto-k4","32","1","False","1","1","4","0","00010000","1025B343","4B1AC26C40AD4DA50312FD3B694D7E636FB768C2336FE773BC82D36424C27A4B","0:1,2:1,36:1,37:1","0","0","0","0","0","","","hybridzip-r2-e5-router-320dd1b-v1-auto-k4-b32-r1","r2-auto-k4","1","10","nci","32","inputs/32KiB/nci.bin","32768","0D3034FE8B0E573DE1439ED98CE409B83B13E5895085C9BFB0BF980F4962FB79","archives/32KiB/nci.hz2","1341","4DCBABC4AA4D3E8AEF5FF91D34DFE87F67F440AECF1BD49B5EE2EF4282A9A983","decoded/32KiB/nci.decoded","32768","0D3034FE8B0E573DE1439ED98CE409B83B13E5895085C9BFB0BF980F4962FB79","12.9505495","4.5827399","540.89453125","361.76953125","540.89453125","74FF260A939B01673667723D8351AAEDB679339610009ECB23C70E373B862D9F","profile_id=2;mode=auto-k4;block_size=32768;zstd_level=19;lzma_level=9;threads=1;process_timeout_seconds=3600","""E:\MIXER\hybridzip\build\Release\hybridzip.exe"" c --profile=r2 --r2-mode=auto-k4 --block-size=32768 ""E:\MIXER\hybridzip\results\experiments\hybridzip-r2-e5-router-320dd1b-v1\children\hybridzip-r2-e5-router-320dd1b-v1-auto-k4-b32-r1\inputs\32KiB\nci.bin"" ""E:\MIXER\hybridzip\results\experiments\hybridzip-r2-e5-router-320dd1b-v1\children\hybridzip-r2-e5-router-320dd1b-v1-auto-k4-b32-r1\archives\32KiB\nci.hz2""","""E:\MIXER\hybridzip\build\Release\hybridzip.exe"" d ""E:\MIXER\hybridzip\results\experiments\hybridzip-r2-e5-router-320dd1b-v1\children\hybridzip-r2-e5-router-320dd1b-v1-auto-k4-b32-r1\archives\32KiB\nci.hz2"" ""E:\MIXER\hybridzip\results\experiments\hybridzip-r2-e5-router-320dd1b-v1\children\hybridzip-r2-e5-router-320dd1b-v1-auto-k4-b32-r1\decoded\32KiB\nci.decoded""","0","0","2026-08-28T20:07:28.0119258+08:00","COMPLETE","PASS","paq8px-detected-sse=1","Complete R2 archive size; SHA-256 byte-exact roundtrip verified."
"e5-router","auto-k4","32","1","False","1","1","8","0","00010000","1025B343","4B1AC26C40AD4DA50312FD3B694D7E636FB768C2336FE773BC82D36424C27A4B","0:2,2:2,36:2,37:2","0","0","0","0","0","","","hybridzip-r2-e5-router-320dd1b-v1-auto-k4-b32-r1","r2-auto-k4","1","11","nci","64","inputs/64KiB/nci.bin","65536","B01B411AC3B5CE2FBF37242C0C59D2D236D2F7039937C1B1A0F18F4CC02549FE","archives/64KiB/nci.hz2","2503","5DA70F639D1BEAB67317B405F3FD29D6F219E1DD4410B26BDA4CB1A795F28B26","decoded/64KiB/nci.decoded","65536","B01B411AC3B5CE2FBF37242C0C59D2D236D2F7039937C1B1A0F18F4CC02549FE","25.9378077","9.0621611","540.9140625","361.76953125","540.9140625","74FF260A939B01673667723D8351AAEDB679339610009ECB23C70E373B862D9F","profile_id=2;mode=auto-k4;block_size=32768;zstd_level=19;lzma_level=9;threads=1;process_timeout_seconds=3600","""E:\MIXER\hybridzip\build\Release\hybridzip.exe"" c --profile=r2 --r2-mode=auto-k4 --block-size=32768 ""E:\MIXER\hybridzip\results\experiments\hybridzip-r2-e5-router-320dd1b-v1\children\hybridzip-r2-e5-router-320dd1b-v1-auto-k4-b32-r1\inputs\64KiB\nci.bin"" ""E:\MIXER\hybridzip\results\experiments\hybridzip-r2-e5-router-320dd1b-v1\children\hybridzip-r2-e5-router-320dd1b-v1-auto-k4-b32-r1\archives\64KiB\nci.hz2""","""E:\MIXER\hybridzip\build\Release\hybridzip.exe"" d ""E:\MIXER\hybridzip\results\experiments\hybridzip-r2-e5-router-320dd1b-v1\children\hybridzip-r2-e5-router-320dd1b-v1-auto-k4-b32-r1\archives\64KiB\nci.hz2"" ""E:\MIXER\hybridzip\results\experiments\hybridzip-r2-e5-router-320dd1b-v1\children\hybridzip-r2-e5-router-320dd1b-v1-auto-k4-b32-r1\decoded\64KiB\nci.decoded""","0","0","2026-08-28T20:07:45.6130767+08:00","COMPLETE","PASS","paq8px-detected-sse=2","Complete R2 archive size; SHA-256 byte-exact roundtrip verified."
"e5-router","auto-k4","32","1","False","1","1","16","0","00010000","1025B343","4B1AC26C40AD4DA50312FD3B694D7E636FB768C2336FE773BC82D36424C27A4B","0:4,2:4,36:4,37:4","0","0","0","0","0","","","hybridzip-r2-e5-router-320dd1b-v1-auto-k4-b32-r1","r2-auto-k4","1","12","nci","128","inputs/128KiB/nci.bin","131072","C8A1D610355E5EF900ED4C704DF14ADF1935D95DFD8F1740AC9FD90FC9BF5781","archives/128KiB/nci.hz2","5602","631CDFBF4570F690BB554A937094C21981AAE5EEE93B9082C081F6482614E843","decoded/128KiB/nci.decoded","131072","C8A1D610355E5EF900ED4C704DF14ADF1935D95DFD8F1740AC9FD90FC9BF5781","52.4764776","18.4076913","542.33984375","364.25","542.33984375","74FF260A939B01673667723D8351AAEDB679339610009ECB23C70E373B862D9F","profile_id=2;mode=auto-k4;block_size=32768;zstd_level=19;lzma_level=9;threads=1;process_timeout_seconds=3600","""E:\MIXER\hybridzip\build\Release\hybridzip.exe"" c --profile=r2 --r2-mode=auto-k4 --block-size=32768 ""E:\MIXER\hybridzip\results\experiments\hybridzip-r2-e5-router-320dd1b-v1\children\hybridzip-r2-e5-router-320dd1b-v1-auto-k4-b32-r1\inputs\128KiB\nci.bin"" ""E:\MIXER\hybridzip\results\experiments\hybridzip-r2-e5-router-320dd1b-v1\children\hybridzip-r2-e5-router-320dd1b-v1-auto-k4-b32-r1\archives\128KiB\nci.hz2""","""E:\MIXER\hybridzip\build\Release\hybridzip.exe"" d ""E:\MIXER\hybridzip\results\experiments\hybridzip-r2-e5-router-320dd1b-v1\children\hybridzip-r2-e5-router-320dd1b-v1-auto-k4-b32-r1\archives\128KiB\nci.hz2"" ""E:\MIXER\hybridzip\results\experiments\hybridzip-r2-e5-router-320dd1b-v1\children\hybridzip-r2-e5-router-320dd1b-v1-auto-k4-b32-r1\decoded\128KiB\nci.decoded""","0","0","2026-08-28T20:08:20.6831933+08:00","COMPLETE","PASS","paq8px-detected-sse=4","Complete R2 archive size; SHA-256 byte-exact roundtrip verified."
"e5-router","auto-k4","32","1","False","1","1","4","0","00010000","1025B343","4B1AC26C40AD4DA50312FD3B694D7E636FB768C2336FE773BC82D36424C27A4B","0:1,2:1,36:1,37:1","0","0","0","0","0","","","hybridzip-r2-e5-router-320dd1b-v1-auto-k4-b32-r1","r2-auto-k4","1","13","ooffice","32","inputs/32KiB/ooffice.bin","32768","2ACF9B4CAAEAC5814CDFEF0FA48A5ECE857C847DBDB7B44EEAB95CA3C098921C","archives/32KiB/ooffice.hz2","8097","6C8E58317D925D95EE18AC13E8B5A779830824F89E7EC4D00DECA2C48E7F671C","decoded/32KiB/ooffice.decoded","32768","2ACF9B4CAAEAC5814CDFEF0FA48A5ECE857C847DBDB7B44EEAB95CA3C098921C","29.1950209","14.3423666","551.31640625","551.1796875","551.31640625","74FF260A939B01673667723D8351AAEDB679339610009ECB23C70E373B862D9F","profile_id=2;mode=auto-k4;block_size=32768;zstd_level=19;lzma_level=9;threads=1;process_timeout_seconds=3600","""E:\MIXER\hybridzip\build\Release\hybridzip.exe"" c --profile=r2 --r2-mode=auto-k4 --block-size=32768 ""E:\MIXER\hybridzip\results\experiments\hybridzip-r2-e5-router-320dd1b-v1\children\hybridzip-r2-e5-router-320dd1b-v1-auto-k4-b32-r1\inputs\32KiB\ooffice.bin"" ""E:\MIXER\hybridzip\results\experiments\hybridzip-r2-e5-router-320dd1b-v1\children\hybridzip-r2-e5-router-320dd1b-v1-auto-k4-b32-r1\archives\32KiB\ooffice.hz2""","""E:\MIXER\hybridzip\build\Release\hybridzip.exe"" d ""E:\MIXER\hybridzip\results\experiments\hybridzip-r2-e5-router-320dd1b-v1\children\hybridzip-r2-e5-router-320dd1b-v1-auto-k4-b32-r1\archives\32KiB\ooffice.hz2"" ""E:\MIXER\hybridzip\results\experiments\hybridzip-r2-e5-router-320dd1b-v1\children\hybridzip-r2-e5-router-320dd1b-v1-auto-k4-b32-r1\decoded\32KiB\ooffice.decoded""","0","0","2026-08-28T20:09:31.6354654+08:00","COMPLETE","PASS","paq8px-generic-sse=1","Complete R2 archive size; SHA-256 byte-exact roundtrip verified."
"e5-router","auto-k4","32","1","False","1","1","8","0","00010000","1025B343","4B1AC26C40AD4DA50312FD3B694D7E636FB768C2336FE773BC82D36424C27A4B","0:2,2:2,36:2,37:2","0","0","0","0","0","","","hybridzip-r2-e5-router-320dd1b-v1-auto-k4-b32-r1","r2-auto-k4","1","14","ooffice","64","inputs/64KiB/ooffice.bin","65536","9D30521922187D0A26F56CF2DF85001F9585D0D4EC6A0A8797466AFCC367F825","archives/64KiB/ooffice.hz2","19877","6698AE564EDE7EB67734AC490F880D3F273F380599137168E3FB0D86CE65F409","decoded/64KiB/ooffice.decoded","65536","9D30521922187D0A26F56CF2DF85001F9585D0D4EC6A0A8797466AFCC367F825","63.5150249","31.5641466","551.28125","551.15234375","551.28125","74FF260A939B01673667723D8351AAEDB679339610009ECB23C70E373B862D9F","profile_id=2;mode=auto-k4;block_size=32768;zstd_level=19;lzma_level=9;threads=1;process_timeout_seconds=3600","""E:\MIXER\hybridzip\build\Release\hybridzip.exe"" c --profile=r2 --r2-mode=auto-k4 --block-size=32768 ""E:\MIXER\hybridzip\results\experiments\hybridzip-r2-e5-router-320dd1b-v1\children\hybridzip-r2-e5-router-320dd1b-v1-auto-k4-b32-r1\inputs\64KiB\ooffice.bin"" ""E:\MIXER\hybridzip\results\experiments\hybridzip-r2-e5-router-320dd1b-v1\children\hybridzip-r2-e5-router-320dd1b-v1-auto-k4-b32-r1\archives\64KiB\ooffice.hz2""","""E:\MIXER\hybridzip\build\Release\hybridzip.exe"" d ""E:\MIXER\hybridzip\results\experiments\hybridzip-r2-e5-router-320dd1b-v1\children\hybridzip-r2-e5-router-320dd1b-v1-auto-k4-b32-r1\archives\64KiB\ooffice.hz2"" ""E:\MIXER\hybridzip\results\experiments\hybridzip-r2-e5-router-320dd1b-v1\children\hybridzip-r2-e5-router-320dd1b-v1-auto-k4-b32-r1\decoded\64KiB\ooffice.decoded""","0","0","2026-08-28T20:10:15.2569660+08:00","COMPLETE","PASS","paq8px-generic-sse=1;paq8px-detected-sse=1","Complete R2 archive size; SHA-256 byte-exact roundtrip verified."
"e5-router","auto-k4","32","1","False","1","1","16","0","00010000","1025B343","4B1AC26C40AD4DA50312FD3B694D7E636FB768C2336FE773BC82D36424C27A4B","0:4,2:4,36:4,37:4","0","0","0","0","0","","","hybridzip-r2-e5-router-320dd1b-v1-auto-k4-b32-r1","r2-auto-k4","1","15","ooffice","128","inputs/128KiB/ooffice.bin","131072","09FA5F3EE5311528863F8C3FADA3B530CC24AC1D88128E4DB2BF434161879FEF","archives/128KiB/ooffice.hz2","44341","6A34DF9C70C69935D2CE253851F966282DC285AE1C8B235511D867B56CB6A635","decoded/128KiB/ooffice.decoded","131072","09FA5F3EE5311528863F8C3FADA3B530CC24AC1D88128E4DB2BF434161879FEF","131.6791627","66.4771055","551.23046875","551.16796875","551.23046875","74FF260A939B01673667723D8351AAEDB679339610009ECB23C70E373B862D9F","profile_id=2;mode=auto-k4;block_size=32768;zstd_level=19;lzma_level=9;threads=1;process_timeout_seconds=3600","""E:\MIXER\hybridzip\build\Release\hybridzip.exe"" c --profile=r2 --r2-mode=auto-k4 --block-size=32768 ""E:\MIXER\hybridzip\results\experiments\hybridzip-r2-e5-router-320dd1b-v1\children\hybridzip-r2-e5-router-320dd1b-v1-auto-k4-b32-r1\inputs\128KiB\ooffice.bin"" ""E:\MIXER\hybridzip\results\experiments\hybridzip-r2-e5-router-320dd1b-v1\children\hybridzip-r2-e5-router-320dd1b-v1-auto-k4-b32-r1\archives\128KiB\ooffice.hz2""","""E:\MIXER\hybridzip\build\Release\hybridzip.exe"" d ""E:\MIXER\hybridzip\results\experiments\hybridzip-r2-e5-router-320dd1b-v1\children\hybridzip-r2-e5-router-320dd1b-v1-auto-k4-b32-r1\archives\128KiB\ooffice.hz2"" ""E:\MIXER\hybridzip\results\experiments\hybridzip-r2-e5-router-320dd1b-v1\children\hybridzip-r2-e5-router-320dd1b-v1-auto-k4-b32-r1\decoded\128KiB\ooffice.decoded""","0","0","2026-08-28T20:11:50.4261813+08:00","COMPLETE","PASS","paq8px-generic-sse=1;paq8px-detected-sse=3","Complete R2 archive size; SHA-256 byte-exact roundtrip verified."
"e5-router","auto-k4","32","1","False","1","1","4","0","00010000","1025B343","4B1AC26C40AD4DA50312FD3B694D7E636FB768C2336FE773BC82D36424C27A4B","0:1,2:1,36:1,37:1","0","0","0","0","0","","","hybridzip-r2-e5-router-320dd1b-v1-auto-k4-b32-r1","r2-auto-k4","1","16","osdb","32","inputs/32KiB/osdb.bin","32768","03B2C20B777682CD960BCD893D7A4463161D9C0200FD1708B2EFAE32A259D0B7","archives/32KiB/osdb.hz2","11420","531C0C1C4F1878FB31F9AC37327933A6C2F7441905336E92A154CEE7D6E24525","decoded/32KiB/osdb.decoded","32768","03B2C20B777682CD960BCD893D7A4463161D9C0200FD1708B2EFAE32A259D0B7","30.9139228","15.4741068","548.42578125","548.3203125","548.42578125","74FF260A939B01673667723D8351AAEDB679339610009ECB23C70E373B862D9F","profile_id=2;mode=auto-k4;block_size=32768;zstd_level=19;lzma_level=9;threads=1;process_timeout_seconds=3600","""E:\MIXER\hybridzip\build\Release\hybridzip.exe"" c --profile=r2 --r2-mode=auto-k4 --block-size=32768 ""E:\MIXER\hybridzip\results\experiments\hybridzip-r2-e5-router-320dd1b-v1\children\hybridzip-r2-e5-router-320dd1b-v1-auto-k4-b32-r1\inputs\32KiB\osdb.bin"" ""E:\MIXER\hybridzip\results\experiments\hybridzip-r2-e5-router-320dd1b-v1\children\hybridzip-r2-e5-router-320dd1b-v1-auto-k4-b32-r1\archives\32KiB\osdb.hz2""","""E:\MIXER\hybridzip\build\Release\hybridzip.exe"" d ""E:\MIXER\hybridzip\results\experiments\hybridzip-r2-e5-router-320dd1b-v1\children\hybridzip-r2-e5-router-320dd1b-v1-auto-k4-b32-r1\archives\32KiB\osdb.hz2"" ""E:\MIXER\hybridzip\results\experiments\hybridzip-r2-e5-router-320dd1b-v1\children\hybridzip-r2-e5-router-320dd1b-v1-auto-k4-b32-r1\decoded\32KiB\osdb.decoded""","0","0","2026-08-28T20:15:08.6691829+08:00","COMPLETE","PASS","paq8px-generic-sse=1","Complete R2 archive size; SHA-256 byte-exact roundtrip verified."
"e5-router","auto-k4","32","1","False","1","1","8","0","00010000","1025B343","4B1AC26C40AD4DA50312FD3B694D7E636FB768C2336FE773BC82D36424C27A4B","0:2,2:2,36:2,37:2","0","0","0","0","0","","","hybridzip-r2-e5-router-320dd1b-v1-auto-k4-b32-r1","r2-auto-k4","1","17","osdb","64","inputs/64KiB/osdb.bin","65536","F8FE629325A07588118BA0B65880A87DED43EF249CCBC91F0E977BBACAE0C125","archives/64KiB/osdb.hz2","22841","94C7897B38B705D9F48D8F883DCF0A835647D2C9ECD88857A20F8D7ECE8B2E8E","decoded/64KiB/osdb.decoded","65536","F8FE629325A07588118BA0B65880A87DED43EF249CCBC91F0E977BBACAE0C125","61.9944842","31.0861359","548.8515625","548.5625","548.8515625","74FF260A939B01673667723D8351AAEDB679339610009ECB23C70E373B862D9F","profile_id=2;mode=auto-k4;block_size=32768;zstd_level=19;lzma_level=9;threads=1;process_timeout_seconds=3600","""E:\MIXER\hybridzip\build\Release\hybridzip.exe"" c --profile=r2 --r2-mode=auto-k4 --block-size=32768 ""E:\MIXER\hybridzip\results\experiments\hybridzip-r2-e5-router-320dd1b-v1\children\hybridzip-r2-e5-router-320dd1b-v1-auto-k4-b32-r1\inputs\64KiB\osdb.bin"" ""E:\MIXER\hybridzip\results\experiments\hybridzip-r2-e5-router-320dd1b-v1\children\hybridzip-r2-e5-router-320dd1b-v1-auto-k4-b32-r1\archives\64KiB\osdb.hz2""","""E:\MIXER\hybridzip\build\Release\hybridzip.exe"" d ""E:\MIXER\hybridzip\results\experiments\hybridzip-r2-e5-router-320dd1b-v1\children\hybridzip-r2-e5-router-320dd1b-v1-auto-k4-b32-r1\archives\64KiB\osdb.hz2"" ""E:\MIXER\hybridzip\results\experiments\hybridzip-r2-e5-router-320dd1b-v1\children\hybridzip-r2-e5-router-320dd1b-v1-auto-k4-b32-r1\decoded\64KiB\osdb.decoded""","0","0","2026-08-28T20:15:55.1218857+08:00","COMPLETE","PASS","paq8px-generic-sse=2","Complete R2 archive size; SHA-256 byte-exact roundtrip verified."
"e5-router","auto-k4","32","1","False","1","1","16","0","00010000","1025B343","4B1AC26C40AD4DA50312FD3B694D7E636FB768C2336FE773BC82D36424C27A4B","0:4,2:4,36:4,37:4","0","0","0","0","0","","","hybridzip-r2-e5-router-320dd1b-v1-auto-k4-b32-r1","r2-auto-k4","1","18","osdb","128","inputs/128KiB/osdb.bin","131072","D977E72AE13AEFC36A4B6171A895E26A0E6EEE447B1B9FBE868D7B1C046CC91F","archives/128KiB/osdb.hz2","45662","4AEDFB5A3C009F023E8DDB83BCBD8E98A1B233672F801C1CD88224498EB56218","decoded/128KiB/osdb.decoded","131072","D977E72AE13AEFC36A4B6171A895E26A0E6EEE447B1B9FBE868D7B1C046CC91F","124.0690471","61.6442956","548.87109375","548.546875","548.87109375","74FF260A939B01673667723D8351AAEDB679339610009ECB23C70E373B862D9F","profile_id=2;mode=auto-k4;block_size=32768;zstd_level=19;lzma_level=9;threads=1;process_timeout_seconds=3600","""E:\MIXER\hybridzip\build\Release\hybridzip.exe"" c --profile=r2 --r2-mode=auto-k4 --block-size=32768 ""E:\MIXER\hybridzip\results\experiments\hybridzip-r2-e5-router-320dd1b-v1\children\hybridzip-r2-e5-router-320dd1b-v1-auto-k4-b32-r1\inputs\128KiB\osdb.bin"" ""E:\MIXER\hybridzip\results\experiments\hybridzip-r2-e5-router-320dd1b-v1\children\hybridzip-r2-e5-router-320dd1b-v1-auto-k4-b32-r1\archives\128KiB\osdb.hz2""","""E:\MIXER\hybridzip\build\Release\hybridzip.exe"" d ""E:\MIXER\hybridzip\results\experiments\hybridzip-r2-e5-router-320dd1b-v1\children\hybridzip-r2-e5-router-320dd1b-v1-auto-k4-b32-r1\archives\128KiB\osdb.hz2"" ""E:\MIXER\hybridzip\results\experiments\hybridzip-r2-e5-router-320dd1b-v1\children\hybridzip-r2-e5-router-320dd1b-v1-auto-k4-b32-r1\decoded\128KiB\osdb.decoded""","0","0","2026-08-28T20:17:28.2723480+08:00","COMPLETE","PASS","paq8px-generic-sse=4","Complete R2 archive size; SHA-256 byte-exact roundtrip verified."
"e5-router","auto-k4","32","1","False","1","1","4","0","00010000","1025B343","4B1AC26C40AD4DA50312FD3B694D7E636FB768C2336FE773BC82D36424C27A4B","0:1,2:1,36:1,37:1","0","0","0","0","0","","","hybridzip-r2-e5-router-320dd1b-v1-auto-k4-b32-r1","r2-auto-k4","1","19","reymont","32","inputs/32KiB/reymont.bin","32768","9D5E4B9340C2260DAE7DDB01B3EDA58236FF2DE5E1FF4D56767AA840B6FB1A87","archives/32KiB/reymont.hz2","5679","064166BDEAEDFD7D25A7384C32DD9CAB3A5208BCC5A1B9F771CFF15C16824208","decoded/32KiB/reymont.decoded","32768","9D5E4B9340C2260DAE7DDB01B3EDA58236FF2DE5E1FF4D56767AA840B6FB1A87","19.0748904","6.5087407","544.9140625","369.16796875","544.9140625","74FF260A939B01673667723D8351AAEDB679339610009ECB23C70E373B862D9F","profile_id=2;mode=auto-k4;block_size=32768;zstd_level=19;lzma_level=9;threads=1;process_timeout_seconds=3600","""E:\MIXER\hybridzip\build\Release\hybridzip.exe"" c --profile=r2 --r2-mode=auto-k4 --block-size=32768 ""E:\MIXER\hybridzip\results\experiments\hybridzip-r2-e5-router-320dd1b-v1\children\hybridzip-r2-e5-router-320dd1b-v1-auto-k4-b32-r1\inputs\32KiB\reymont.bin"" ""E:\MIXER\hybridzip\results\experiments\hybridzip-r2-e5-router-320dd1b-v1\children\hybridzip-r2-e5-router-320dd1b-v1-auto-k4-b32-r1\archives\32KiB\reymont.hz2""","""E:\MIXER\hybridzip\build\Release\hybridzip.exe"" d ""E:\MIXER\hybridzip\results\experiments\hybridzip-r2-e5-router-320dd1b-v1\children\hybridzip-r2-e5-router-320dd1b-v1-auto-k4-b32-r1\archives\32KiB\reymont.hz2"" ""E:\MIXER\hybridzip\results\experiments\hybridzip-r2-e5-router-320dd1b-v1\children\hybridzip-r2-e5-router-320dd1b-v1-auto-k4-b32-r1\decoded\32KiB\reymont.decoded""","0","0","2026-08-28T20:20:34.0550312+08:00","COMPLETE","PASS","paq8px-detected-sse=1","Complete R2 archive size; SHA-256 byte-exact roundtrip verified."
"e5-router","auto-k4","32","1","False","1","1","8","0","00010000","1025B343","4B1AC26C40AD4DA50312FD3B694D7E636FB768C2336FE773BC82D36424C27A4B","0:2,2:2,36:2,37:2","0","0","0","0","0","","","hybridzip-r2-e5-router-320dd1b-v1-auto-k4-b32-r1","r2-auto-k4","1","20","reymont","64","inputs/64KiB/reymont.bin","65536","A5ECAAABB133F1ADF8DE6062BE6381D143E87F9F8050EEA9B5BE6F92B88C3C22","archives/64KiB/reymont.hz2","11624","0A0893E76360E81664941090D4BCCBF3A9970E35C458B29C60461E2CD05CC9F4","decoded/64KiB/reymont.decoded","65536","A5ECAAABB133F1ADF8DE6062BE6381D143E87F9F8050EEA9B5BE6F92B88C3C22","38.0945526","12.775333","544.8984375","369.12890625","544.8984375","74FF260A939B01673667723D8351AAEDB679339610009ECB23C70E373B862D9F","profile_id=2;mode=auto-k4;block_size=32768;zstd_level=19;lzma_level=9;threads=1;process_timeout_seconds=3600","""E:\MIXER\hybridzip\build\Release\hybridzip.exe"" c --profile=r2 --r2-mode=auto-k4 --block-size=32768 ""E:\MIXER\hybridzip\results\experiments\hybridzip-r2-e5-router-320dd1b-v1\children\hybridzip-r2-e5-router-320dd1b-v1-auto-k4-b32-r1\inputs\64KiB\reymont.bin"" ""E:\MIXER\hybridzip\results\experiments\hybridzip-r2-e5-router-320dd1b-v1\children\hybridzip-r2-e5-router-320dd1b-v1-auto-k4-b32-r1\archives\64KiB\reymont.hz2""","""E:\MIXER\hybridzip\build\Release\hybridzip.exe"" d ""E:\MIXER\hybridzip\results\experiments\hybridzip-r2-e5-router-320dd1b-v1\children\hybridzip-r2-e5-router-320dd1b-v1-auto-k4-b32-r1\archives\64KiB\reymont.hz2"" ""E:\MIXER\hybridzip\results\experiments\hybridzip-r2-e5-router-320dd1b-v1\children\hybridzip-r2-e5-router-320dd1b-v1-auto-k4-b32-r1\decoded\64KiB\reymont.decoded""","0","0","2026-08-28T20:20:59.7075519+08:00","COMPLETE","PASS","paq8px-detected-sse=2","Complete R2 archive size; SHA-256 byte-exact roundtrip verified."
"e5-router","auto-k4","32","1","False","1","1","16","0","00010000","1025B343","4B1AC26C40AD4DA50312FD3B694D7E636FB768C2336FE773BC82D36424C27A4B","0:4,2:4,36:4,37:4","0","0","0","0","0","","","hybridzip-r2-e5-router-320dd1b-v1-auto-k4-b32-r1","r2-auto-k4","1","21","reymont","128","inputs/128KiB/reymont.bin","131072","A6CA7478854C1E80DFEAF9FB3444B357F9D7625E55232FAE3B3632A5A1217DEA","archives/128KiB/reymont.hz2","23537","4ABDE659495F8AC0B85358F83046A63D4DCC580714CCEC2B053FCE32F6095AD7","decoded/128KiB/reymont.decoded","131072","A6CA7478854C1E80DFEAF9FB3444B357F9D7625E55232FAE3B3632A5A1217DEA","75.9840718","25.6375543","544.88671875","369.23046875","544.88671875","74FF260A939B01673667723D8351AAEDB679339610009ECB23C70E373B862D9F","profile_id=2;mode=auto-k4;block_size=32768;zstd_level=19;lzma_level=9;threads=1;process_timeout_seconds=3600","""E:\MIXER\hybridzip\build\Release\hybridzip.exe"" c --profile=r2 --r2-mode=auto-k4 --block-size=32768 ""E:\MIXER\hybridzip\results\experiments\hybridzip-r2-e5-router-320dd1b-v1\children\hybridzip-r2-e5-router-320dd1b-v1-auto-k4-b32-r1\inputs\128KiB\reymont.bin"" ""E:\MIXER\hybridzip\results\experiments\hybridzip-r2-e5-router-320dd1b-v1\children\hybridzip-r2-e5-router-320dd1b-v1-auto-k4-b32-r1\archives\128KiB\reymont.hz2""","""E:\MIXER\hybridzip\build\Release\hybridzip.exe"" d ""E:\MIXER\hybridzip\results\experiments\hybridzip-r2-e5-router-320dd1b-v1\children\hybridzip-r2-e5-router-320dd1b-v1-auto-k4-b32-r1\archives\128KiB\reymont.hz2"" ""E:\MIXER\hybridzip\results\experiments\hybridzip-r2-e5-router-320dd1b-v1\children\hybridzip-r2-e5-router-320dd1b-v1-auto-k4-b32-r1\decoded\128KiB\reymont.decoded""","0","0","2026-08-28T20:21:50.6483968+08:00","COMPLETE","PASS","paq8px-detected-sse=4","Complete R2 archive size; SHA-256 byte-exact roundtrip verified."
"e5-router","auto-k4","32","1","False","1","1","4","0","00010000","1025B343","4B1AC26C40AD4DA50312FD3B694D7E636FB768C2336FE773BC82D36424C27A4B","0:1,2:1,36:1,37:1","0","0","0","0","0","","","hybridzip-r2-e5-router-320dd1b-v1-auto-k4-b32-r1","r2-auto-k4","1","22","samba","32","inputs/32KiB/samba.bin","32768","9C4F5BEE544E4531E4946E62F796987418B4526911C34877EF282F14DD57AD12","archives/32KiB/samba.hz2","7956","557C146845CDFA6C9097D074218E604BE0DBD5F2944C814716458C9A1ECDC4C7","decoded/32KiB/samba.decoded","32768","9C4F5BEE544E4531E4946E62F796987418B4526911C34877EF282F14DD57AD12","27.8285797","13.9718116","545.34765625","545.234375","545.34765625","74FF260A939B01673667723D8351AAEDB679339610009ECB23C70E373B862D9F","profile_id=2;mode=auto-k4;block_size=32768;zstd_level=19;lzma_level=9;threads=1;process_timeout_seconds=3600","""E:\MIXER\hybridzip\build\Release\hybridzip.exe"" c --profile=r2 --r2-mode=auto-k4 --block-size=32768 ""E:\MIXER\hybridzip\results\experiments\hybridzip-r2-e5-router-320dd1b-v1\children\hybridzip-r2-e5-router-320dd1b-v1-auto-k4-b32-r1\inputs\32KiB\samba.bin"" ""E:\MIXER\hybridzip\results\experiments\hybridzip-r2-e5-router-320dd1b-v1\children\hybridzip-r2-e5-router-320dd1b-v1-auto-k4-b32-r1\archives\32KiB\samba.hz2""","""E:\MIXER\hybridzip\build\Release\hybridzip.exe"" d ""E:\MIXER\hybridzip\results\experiments\hybridzip-r2-e5-router-320dd1b-v1\children\hybridzip-r2-e5-router-320dd1b-v1-auto-k4-b32-r1\archives\32KiB\samba.hz2"" ""E:\MIXER\hybridzip\results\experiments\hybridzip-r2-e5-router-320dd1b-v1\children\hybridzip-r2-e5-router-320dd1b-v1-auto-k4-b32-r1\decoded\32KiB\samba.decoded""","0","0","2026-08-28T20:23:32.3423045+08:00","COMPLETE","PASS","paq8px-generic-sse=1","Complete R2 archive size; SHA-256 byte-exact roundtrip verified."
"e5-router","auto-k4","32","1","False","1","1","8","0","00010000","1025B343","4B1AC26C40AD4DA50312FD3B694D7E636FB768C2336FE773BC82D36424C27A4B","0:2,2:2,36:2,37:2","0","0","0","0","0","","","hybridzip-r2-e5-router-320dd1b-v1-auto-k4-b32-r1","r2-auto-k4","1","23","samba","64","inputs/64KiB/samba.bin","65536","3E0420984C0F260EA7350734600CEA9D8500B745E2E4B7DBD4D1DA1D1ADAC421","archives/64KiB/samba.hz2","16218","133820AA7677C5E5AB36015C545492C734AEF9EA7E2D3894F591946868F921D5","decoded/64KiB/samba.decoded","65536","3E0420984C0F260EA7350734600CEA9D8500B745E2E4B7DBD4D1DA1D1ADAC421","55.8648558","28.077672","545.58984375","545.34765625","545.58984375","74FF260A939B01673667723D8351AAEDB679339610009ECB23C70E373B862D9F","profile_id=2;mode=auto-k4;block_size=32768;zstd_level=19;lzma_level=9;threads=1;process_timeout_seconds=3600","""E:\MIXER\hybridzip\build\Release\hybridzip.exe"" c --profile=r2 --r2-mode=auto-k4 --block-size=32768 ""E:\MIXER\hybridzip\results\experiments\hybridzip-r2-e5-router-320dd1b-v1\children\hybridzip-r2-e5-router-320dd1b-v1-auto-k4-b32-r1\inputs\64KiB\samba.bin"" ""E:\MIXER\hybridzip\results\experiments\hybridzip-r2-e5-router-320dd1b-v1\children\hybridzip-r2-e5-router-320dd1b-v1-auto-k4-b32-r1\archives\64KiB\samba.hz2""","""E:\MIXER\hybridzip\build\Release\hybridzip.exe"" d ""E:\MIXER\hybridzip\results\experiments\hybridzip-r2-e5-router-320dd1b-v1\children\hybridzip-r2-e5-router-320dd1b-v1-auto-k4-b32-r1\archives\64KiB\samba.hz2"" ""E:\MIXER\hybridzip\results\experiments\hybridzip-r2-e5-router-320dd1b-v1\children\hybridzip-r2-e5-router-320dd1b-v1-auto-k4-b32-r1\decoded\64KiB\samba.decoded""","0","0","2026-08-28T20:24:14.2094685+08:00","COMPLETE","PASS","paq8px-generic-sse=2","Complete R2 archive size; SHA-256 byte-exact roundtrip verified."
"e5-router","auto-k4","32","1","False","1","1","16","0","00010000","1025B343","4B1AC26C40AD4DA50312FD3B694D7E636FB768C2336FE773BC82D36424C27A4B","0:4,2:4,36:4,37:4","0","0","0","0","0","","","hybridzip-r2-e5-router-320dd1b-v1-auto-k4-b32-r1","r2-auto-k4","1","24","samba","128","inputs/128KiB/samba.bin","131072","F3B8C4AD35BC6CF21977895D6F04A22B1422605942FA5AFE35CE28B2A221D7E8","archives/128KiB/samba.hz2","32979","E22B0EE6880F9C819E29B188F25EB6737C6118ED81910B03FA9FB221B2F8CB72","decoded/128KiB/samba.decoded","131072","F3B8C4AD35BC6CF21977895D6F04A22B1422605942FA5AFE35CE28B2A221D7E8","96.1398219","47.3594814","545.62109375","545.28515625","545.62109375","74FF260A939B01673667723D8351AAEDB679339610009ECB23C70E373B862D9F","profile_id=2;mode=auto-k4;block_size=32768;zstd_level=19;lzma_level=9;threads=1;process_timeout_seconds=3600","""E:\MIXER\hybridzip\build\Release\hybridzip.exe"" c --profile=r2 --r2-mode=auto-k4 --block-size=32768 ""E:\MIXER\hybridzip\results\experiments\hybridzip-r2-e5-router-320dd1b-v1\children\hybridzip-r2-e5-router-320dd1b-v1-auto-k4-b32-r1\inputs\128KiB\samba.bin"" ""E:\MIXER\hybridzip\results\experiments\hybridzip-r2-e5-router-320dd1b-v1\children\hybridzip-r2-e5-router-320dd1b-v1-auto-k4-b32-r1\archives\128KiB\samba.hz2""","""E:\MIXER\hybridzip\build\Release\hybridzip.exe"" d ""E:\MIXER\hybridzip\results\experiments\hybridzip-r2-e5-router-320dd1b-v1\children\hybridzip-r2-e5-router-320dd1b-v1-auto-k4-b32-r1\archives\128KiB\samba.hz2"" ""E:\MIXER\hybridzip\results\experiments\hybridzip-r2-e5-router-320dd1b-v1\children\hybridzip-r2-e5-router-320dd1b-v1-auto-k4-b32-r1\decoded\128KiB\samba.decoded""","0","0","2026-08-28T20:25:38.2201405+08:00","COMPLETE","PASS","paq8px-generic-sse=3;paq8px-detected-sse=1","Complete R2 archive size; SHA-256 byte-exact roundtrip verified."
"e5-router","auto-k4","32","1","False","1","1","4","0","00010000","1025B343","4B1AC26C40AD4DA50312FD3B694D7E636FB768C2336FE773BC82D36424C27A4B","0:1,2:1,36:1,37:1","0","0","0","0","0","","","hybridzip-r2-e5-router-320dd1b-v1-auto-k4-b32-r1","r2-auto-k4","1","25","sao","32","inputs/32KiB/sao.bin","32768","95677430CAD4F000506BC5EE22815C3F4E13D64B477ED506B78D5D9ACFB50CCD","archives/32KiB/sao.hz2","18805","F2051C527BDC64B7FF932E6902A9812845F68FB987886C197ECDF0BD665E1CD4","decoded/32KiB/sao.decoded","32768","95677430CAD4F000506BC5EE22815C3F4E13D64B477ED506B78D5D9ACFB50CCD","35.0712925","17.4130934","548.8046875","548.671875","548.8046875","74FF260A939B01673667723D8351AAEDB679339610009ECB23C70E373B862D9F","profile_id=2;mode=auto-k4;block_size=32768;zstd_level=19;lzma_level=9;threads=1;process_timeout_seconds=3600","""E:\MIXER\hybridzip\build\Release\hybridzip.exe"" c --profile=r2 --r2-mode=auto-k4 --block-size=32768 ""E:\MIXER\hybridzip\results\experiments\hybridzip-r2-e5-router-320dd1b-v1\children\hybridzip-r2-e5-router-320dd1b-v1-auto-k4-b32-r1\inputs\32KiB\sao.bin"" ""E:\MIXER\hybridzip\results\experiments\hybridzip-r2-e5-router-320dd1b-v1\children\hybridzip-r2-e5-router-320dd1b-v1-auto-k4-b32-r1\archives\32KiB\sao.hz2""","""E:\MIXER\hybridzip\build\Release\hybridzip.exe"" d ""E:\MIXER\hybridzip\results\experiments\hybridzip-r2-e5-router-320dd1b-v1\children\hybridzip-r2-e5-router-320dd1b-v1-auto-k4-b32-r1\archives\32KiB\sao.hz2"" ""E:\MIXER\hybridzip\results\experiments\hybridzip-r2-e5-router-320dd1b-v1\children\hybridzip-r2-e5-router-320dd1b-v1-auto-k4-b32-r1\decoded\32KiB\sao.decoded""","0","0","2026-08-28T20:28:01.7878171+08:00","COMPLETE","PASS","paq8px-generic-sse=1","Complete R2 archive size; SHA-256 byte-exact roundtrip verified."
"e5-router","auto-k4","32","1","False","1","1","8","0","00010000","1025B343","4B1AC26C40AD4DA50312FD3B694D7E636FB768C2336FE773BC82D36424C27A4B","0:2,2:2,36:2,37:2","0","0","0","0","0","","","hybridzip-r2-e5-router-320dd1b-v1-auto-k4-b32-r1","r2-auto-k4","1","26","sao","64","inputs/64KiB/sao.bin","65536","17CBD7166A47786139F60BA33B4E771CE0154F6FA56986883D129BC23F78EBEE","archives/64KiB/sao.hz2","37238","53591C114A6BBA4D65651D5E7C6F19EC624864672A2ED3EE7CD8595298CDC3C7","decoded/64KiB/sao.decoded","65536","17CBD7166A47786139F60BA33B4E771CE0154F6FA56986883D129BC23F78EBEE","69.7715266","34.8546754","549.1875","548.83984375","549.1875","74FF260A939B01673667723D8351AAEDB679339610009ECB23C70E373B862D9F","profile_id=2;mode=auto-k4;block_size=32768;zstd_level=19;lzma_level=9;threads=1;process_timeout_seconds=3600","""E:\MIXER\hybridzip\build\Release\hybridzip.exe"" c --profile=r2 --r2-mode=auto-k4 --block-size=32768 ""E:\MIXER\hybridzip\results\experiments\hybridzip-r2-e5-router-320dd1b-v1\children\hybridzip-r2-e5-router-320dd1b-v1-auto-k4-b32-r1\inputs\64KiB\sao.bin"" ""E:\MIXER\hybridzip\results\experiments\hybridzip-r2-e5-router-320dd1b-v1\children\hybridzip-r2-e5-router-320dd1b-v1-auto-k4-b32-r1\archives\64KiB\sao.hz2""","""E:\MIXER\hybridzip\build\Release\hybridzip.exe"" d ""E:\MIXER\hybridzip\results\experiments\hybridzip-r2-e5-router-320dd1b-v1\children\hybridzip-r2-e5-router-320dd1b-v1-auto-k4-b32-r1\archives\64KiB\sao.hz2"" ""E:\MIXER\hybridzip\results\experiments\hybridzip-r2-e5-router-320dd1b-v1\children\hybridzip-r2-e5-router-320dd1b-v1-auto-k4-b32-r1\decoded\64KiB\sao.decoded""","0","0","2026-08-28T20:28:54.3427100+08:00","COMPLETE","PASS","paq8px-generic-sse=2","Complete R2 archive size; SHA-256 byte-exact roundtrip verified."
"e5-router","auto-k4","32","1","False","1","1","16","0","00010000","1025B343","4B1AC26C40AD4DA50312FD3B694D7E636FB768C2336FE773BC82D36424C27A4B","0:4,2:4,36:4,37:4","0","0","0","0","0","","","hybridzip-r2-e5-router-320dd1b-v1-auto-k4-b32-r1","r2-auto-k4","1","27","sao","128","inputs/128KiB/sao.bin","131072","75E535B42DB7505118D8B19C7C42C1F49C5542ADDC9DBC13383953659F675CE0","archives/128KiB/sao.hz2","74133","8B4978F96CD45C7287E046B980F9D3D1F334790C8A2C776F2A5582FFD980191C","decoded/128KiB/sao.decoded","131072","75E535B42DB7505118D8B19C7C42C1F49C5542ADDC9DBC13383953659F675CE0","138.6386017","69.3489756","549.34765625","549.0390625","549.34765625","74FF260A939B01673667723D8351AAEDB679339610009ECB23C70E373B862D9F","profile_id=2;mode=auto-k4;block_size=32768;zstd_level=19;lzma_level=9;threads=1;process_timeout_seconds=3600","""E:\MIXER\hybridzip\build\Release\hybridzip.exe"" c --profile=r2 --r2-mode=auto-k4 --block-size=32768 ""E:\MIXER\hybridzip\results\experiments\hybridzip-r2-e5-router-320dd1b-v1\children\hybridzip-r2-e5-router-320dd1b-v1-auto-k4-b32-r1\inputs\128KiB\sao.bin"" ""E:\MIXER\hybridzip\results\experiments\hybridzip-r2-e5-router-320dd1b-v1\children\hybridzip-r2-e5-router-320dd1b-v1-auto-k4-b32-r1\archives\128KiB\sao.hz2""","""E:\MIXER\hybridzip\build\Release\hybridzip.exe"" d ""E:\MIXER\hybridzip\results\experiments\hybridzip-r2-e5-router-320dd1b-v1\children\hybridzip-r2-e5-router-320dd1b-v1-auto-k4-b32-r1\archives\128KiB\sao.hz2"" ""E:\MIXER\hybridzip\results\experiments\hybridzip-r2-e5-router-320dd1b-v1\children\hybridzip-r2-e5-router-320dd1b-v1-auto-k4-b32-r1\decoded\128KiB\sao.decoded""","0","0","2026-08-28T20:30:39.0369834+08:00","COMPLETE","PASS","paq8px-generic-sse=4","Complete R2 archive size; SHA-256 byte-exact roundtrip verified."
"e5-router","auto-k4","32","1","False","1","1","4","0","00010000","1025B343","4B1AC26C40AD4DA50312FD3B694D7E636FB768C2336FE773BC82D36424C27A4B","0:1,2:1,36:1,37:1","0","0","0","0","0","","","hybridzip-r2-e5-router-320dd1b-v1-auto-k4-b32-r1","r2-auto-k4","1","28","webster","32","inputs/32KiB/webster.bin","32768","774D224695AF4057353F72602BB96CD2AFEEA059AC7737535645F11596FCA85E","archives/32KiB/webster.hz2","9258","82F165E498709848BB88AAFA42C857918BF864A622ABAA31DF3A47A29E0DD6B2","decoded/32KiB/webster.decoded","32768","774D224695AF4057353F72602BB96CD2AFEEA059AC7737535645F11596FCA85E","23.1927605","7.8018604","546.75390625","369.765625","546.75390625","74FF260A939B01673667723D8351AAEDB679339610009ECB23C70E373B862D9F","profile_id=2;mode=auto-k4;block_size=32768;zstd_level=19;lzma_level=9;threads=1;process_timeout_seconds=3600","""E:\MIXER\hybridzip\build\Release\hybridzip.exe"" c --profile=r2 --r2-mode=auto-k4 --block-size=32768 ""E:\MIXER\hybridzip\results\experiments\hybridzip-r2-e5-router-320dd1b-v1\children\hybridzip-r2-e5-router-320dd1b-v1-auto-k4-b32-r1\inputs\32KiB\webster.bin"" ""E:\MIXER\hybridzip\results\experiments\hybridzip-r2-e5-router-320dd1b-v1\children\hybridzip-r2-e5-router-320dd1b-v1-auto-k4-b32-r1\archives\32KiB\webster.hz2""","""E:\MIXER\hybridzip\build\Release\hybridzip.exe"" d ""E:\MIXER\hybridzip\results\experiments\hybridzip-r2-e5-router-320dd1b-v1\children\hybridzip-r2-e5-router-320dd1b-v1-auto-k4-b32-r1\archives\32KiB\webster.hz2"" ""E:\MIXER\hybridzip\results\experiments\hybridzip-r2-e5-router-320dd1b-v1\children\hybridzip-r2-e5-router-320dd1b-v1-auto-k4-b32-r1\decoded\32KiB\webster.decoded""","0","0","2026-08-28T20:34:07.0924536+08:00","COMPLETE","PASS","paq8px-detected-sse=1","Complete R2 archive size; SHA-256 byte-exact roundtrip verified."
"e5-router","auto-k4","32","1","False","1","1","8","0","00010000","1025B343","4B1AC26C40AD4DA50312FD3B694D7E636FB768C2336FE773BC82D36424C27A4B","0:2,2:2,36:2,37:2","0","0","0","0","0","","","hybridzip-r2-e5-router-320dd1b-v1-auto-k4-b32-r1","r2-auto-k4","1","29","webster","64","inputs/64KiB/webster.bin","65536","262258811321382F9E4F44D2184B6B7FED0336CF831446D8336C47D6CCC2B32E","archives/64KiB/webster.hz2","16386","2309796CD059D9C6900875CFBDF6F23D49004A74B83DD00B75F7B49B379A4D1F","decoded/64KiB/webster.decoded","65536","262258811321382F9E4F44D2184B6B7FED0336CF831446D8336C47D6CCC2B32E","43.9096305","14.8476063","546.7421875","369.73828125","546.7421875","74FF260A939B01673667723D8351AAEDB679339610009ECB23C70E373B862D9F","profile_id=2;mode=auto-k4;block_size=32768;zstd_level=19;lzma_level=9;threads=1;process_timeout_seconds=3600","""E:\MIXER\hybridzip\build\Release\hybridzip.exe"" c --profile=r2 --r2-mode=auto-k4 --block-size=32768 ""E:\MIXER\hybridzip\results\experiments\hybridzip-r2-e5-router-320dd1b-v1\children\hybridzip-r2-e5-router-320dd1b-v1-auto-k4-b32-r1\inputs\64KiB\webster.bin"" ""E:\MIXER\hybridzip\results\experiments\hybridzip-r2-e5-router-320dd1b-v1\children\hybridzip-r2-e5-router-320dd1b-v1-auto-k4-b32-r1\archives\64KiB\webster.hz2""","""E:\MIXER\hybridzip\build\Release\hybridzip.exe"" d ""E:\MIXER\hybridzip\results\experiments\hybridzip-r2-e5-router-320dd1b-v1\children\hybridzip-r2-e5-router-320dd1b-v1-auto-k4-b32-r1\archives\64KiB\webster.hz2"" ""E:\MIXER\hybridzip\results\experiments\hybridzip-r2-e5-router-320dd1b-v1\children\hybridzip-r2-e5-router-320dd1b-v1-auto-k4-b32-r1\decoded\64KiB\webster.decoded""","0","0","2026-08-28T20:34:38.1597194+08:00","COMPLETE","PASS","paq8px-detected-sse=2","Complete R2 archive size; SHA-256 byte-exact roundtrip verified."
"e5-router","auto-k4","32","1","False","1","1","16","0","00010000","1025B343","4B1AC26C40AD4DA50312FD3B694D7E636FB768C2336FE773BC82D36424C27A4B","0:4,2:4,36:4,37:4","0","0","0","0","0","","","hybridzip-r2-e5-router-320dd1b-v1-auto-k4-b32-r1","r2-auto-k4","1","30","webster","128","inputs/128KiB/webster.bin","131072","C069C1FDCA99BC5C44F06D134CD0CDA60315DD631AA6564733B2CE0E6D59305C","archives/128KiB/webster.hz2","30242","208509B4B5B3105FC8720BA2463A921F7F7C704F5C39E5E28AAA9D3CE4CEEECA","decoded/128KiB/webster.decoded","131072","C069C1FDCA99BC5C44F06D134CD0CDA60315DD631AA6564733B2CE0E6D59305C","84.7021562","28.7941364","546.76171875","369.78515625","546.76171875","74FF260A939B01673667723D8351AAEDB679339610009ECB23C70E373B862D9F","profile_id=2;mode=auto-k4;block_size=32768;zstd_level=19;lzma_level=9;threads=1;process_timeout_seconds=3600","""E:\MIXER\hybridzip\build\Release\hybridzip.exe"" c --profile=r2 --r2-mode=auto-k4 --block-size=32768 ""E:\MIXER\hybridzip\results\experiments\hybridzip-r2-e5-router-320dd1b-v1\children\hybridzip-r2-e5-router-320dd1b-v1-auto-k4-b32-r1\inputs\128KiB\webster.bin"" ""E:\MIXER\hybridzip\results\experiments\hybridzip-r2-e5-router-320dd1b-v1\children\hybridzip-r2-e5-router-320dd1b-v1-auto-k4-b32-r1\archives\128KiB\webster.hz2""","""E:\MIXER\hybridzip\build\Release\hybridzip.exe"" d ""E:\MIXER\hybridzip\results\experiments\hybridzip-r2-e5-router-320dd1b-v1\children\hybridzip-r2-e5-router-320dd1b-v1-auto-k4-b32-r1\archives\128KiB\webster.hz2"" ""E:\MIXER\hybridzip\results\experiments\hybridzip-r2-e5-router-320dd1b-v1\children\hybridzip-r2-e5-router-320dd1b-v1-auto-k4-b32-r1\decoded\128KiB\webster.decoded""","0","0","2026-08-28T20:35:36.9890190+08:00","COMPLETE","PASS","paq8px-detected-sse=4","Complete R2 archive size; SHA-256 byte-exact roundtrip verified."
"e5-router","auto-k4","32","1","False","1","1","4","0","00010000","1025B343","4B1AC26C40AD4DA50312FD3B694D7E636FB768C2336FE773BC82D36424C27A4B","0:1,2:1,36:1,37:1","0","0","0","0","0","","","hybridzip-r2-e5-router-320dd1b-v1-auto-k4-b32-r1","r2-auto-k4","1","31","x-ray","32","inputs/32KiB/x-ray.bin","32768","10511AA63DFBD9C0DDBFEFE36068740103D4BA1116E214154A0772057D7E9314","archives/32KiB/x-ray.hz2","14702","7A42F5E3021F2D74A0EB1AA0493B4A1A020327428389D7C79EF9707CCAC35324","decoded/32KiB/x-ray.decoded","32768","10511AA63DFBD9C0DDBFEFE36068740103D4BA1116E214154A0772057D7E9314","29.0475377","14.5370262","547.21484375","547.0390625","547.21484375","74FF260A939B01673667723D8351AAEDB679339610009ECB23C70E373B862D9F","profile_id=2;mode=auto-k4;block_size=32768;zstd_level=19;lzma_level=9;threads=1;process_timeout_seconds=3600","""E:\MIXER\hybridzip\build\Release\hybridzip.exe"" c --profile=r2 --r2-mode=auto-k4 --block-size=32768 ""E:\MIXER\hybridzip\results\experiments\hybridzip-r2-e5-router-320dd1b-v1\children\hybridzip-r2-e5-router-320dd1b-v1-auto-k4-b32-r1\inputs\32KiB\x-ray.bin"" ""E:\MIXER\hybridzip\results\experiments\hybridzip-r2-e5-router-320dd1b-v1\children\hybridzip-r2-e5-router-320dd1b-v1-auto-k4-b32-r1\archives\32KiB\x-ray.hz2""","""E:\MIXER\hybridzip\build\Release\hybridzip.exe"" d ""E:\MIXER\hybridzip\results\experiments\hybridzip-r2-e5-router-320dd1b-v1\children\hybridzip-r2-e5-router-320dd1b-v1-auto-k4-b32-r1\archives\32KiB\x-ray.hz2"" ""E:\MIXER\hybridzip\results\experiments\hybridzip-r2-e5-router-320dd1b-v1\children\hybridzip-r2-e5-router-320dd1b-v1-auto-k4-b32-r1\decoded\32KiB\x-ray.decoded""","0","0","2026-08-28T20:37:30.5605677+08:00","COMPLETE","PASS","paq8px-generic-sse=1","Complete R2 archive size; SHA-256 byte-exact roundtrip verified."
"e5-router","auto-k4","32","1","False","1","1","8","0","00010000","1025B343","4B1AC26C40AD4DA50312FD3B694D7E636FB768C2336FE773BC82D36424C27A4B","0:2,2:2,36:2,37:2","0","0","0","0","0","","","hybridzip-r2-e5-router-320dd1b-v1-auto-k4-b32-r1","r2-auto-k4","1","32","x-ray","64","inputs/64KiB/x-ray.bin","65536","B5A07146616BCD7C2D10071D41E07D204DE0AC629C4CA37D8E867FF00574D0D8","archives/64KiB/x-ray.hz2","29399","F9AE1C6F0428F92774756E7FFB8171DA1DE4782F4E5BC4D259E32982AD297B4D","decoded/64KiB/x-ray.decoded","65536","B5A07146616BCD7C2D10071D41E07D204DE0AC629C4CA37D8E867FF00574D0D8","59.2970846","29.0959462","547.3828125","547.07421875","547.3828125","74FF260A939B01673667723D8351AAEDB679339610009ECB23C70E373B862D9F","profile_id=2;mode=auto-k4;block_size=32768;zstd_level=19;lzma_level=9;threads=1;process_timeout_seconds=3600","""E:\MIXER\hybridzip\build\Release\hybridzip.exe"" c --profile=r2 --r2-mode=auto-k4 --block-size=32768 ""E:\MIXER\hybridzip\results\experiments\hybridzip-r2-e5-router-320dd1b-v1\children\hybridzip-r2-e5-router-320dd1b-v1-auto-k4-b32-r1\inputs\64KiB\x-ray.bin"" ""E:\MIXER\hybridzip\results\experiments\hybridzip-r2-e5-router-320dd1b-v1\children\hybridzip-r2-e5-router-320dd1b-v1-auto-k4-b32-r1\archives\64KiB\x-ray.hz2""","""E:\MIXER\hybridzip\build\Release\hybridzip.exe"" d ""E:\MIXER\hybridzip\results\experiments\hybridzip-r2-e5-router-320dd1b-v1\children\hybridzip-r2-e5-router-320dd1b-v1-auto-k4-b32-r1\archives\64KiB\x-ray.hz2"" ""E:\MIXER\hybridzip\results\experiments\hybridzip-r2-e5-router-320dd1b-v1\children\hybridzip-r2-e5-router-320dd1b-v1-auto-k4-b32-r1\decoded\64KiB\x-ray.decoded""","0","0","2026-08-28T20:38:14.2123729+08:00","COMPLETE","PASS","paq8px-generic-sse=2","Complete R2 archive size; SHA-256 byte-exact roundtrip verified."
"e5-router","auto-k4","32","1","False","1","1","16","0","00010000","1025B343","4B1AC26C40AD4DA50312FD3B694D7E636FB768C2336FE773BC82D36424C27A4B","0:4,2:4,36:4,37:4","0","0","0","0","0","","","hybridzip-r2-e5-router-320dd1b-v1-auto-k4-b32-r1","r2-auto-k4","1","33","x-ray","128","inputs/128KiB/x-ray.bin","131072","7A65B793FB2A694C20686275A899B304445473528F7C998BE26F8C68EB18F76E","archives/128KiB/x-ray.hz2","58525","04439987E444AC18DBAE1020D405CC6E2B92D8045A045295E1F7E66E3DFB4939","decoded/128KiB/x-ray.decoded","131072","7A65B793FB2A694C20686275A899B304445473528F7C998BE26F8C68EB18F76E","116.2212438","58.0191896","547.4375","547.09765625","547.4375","74FF260A939B01673667723D8351AAEDB679339610009ECB23C70E373B862D9F","profile_id=2;mode=auto-k4;block_size=32768;zstd_level=19;lzma_level=9;threads=1;process_timeout_seconds=3600","""E:\MIXER\hybridzip\build\Release\hybridzip.exe"" c --profile=r2 --r2-mode=auto-k4 --block-size=32768 ""E:\MIXER\hybridzip\results\experiments\hybridzip-r2-e5-router-320dd1b-v1\children\hybridzip-r2-e5-router-320dd1b-v1-auto-k4-b32-r1\inputs\128KiB\x-ray.bin"" ""E:\MIXER\hybridzip\results\experiments\hybridzip-r2-e5-router-320dd1b-v1\children\hybridzip-r2-e5-router-320dd1b-v1-auto-k4-b32-r1\archives\128KiB\x-ray.hz2""","""E:\MIXER\hybridzip\build\Release\hybridzip.exe"" d ""E:\MIXER\hybridzip\results\experiments\hybridzip-r2-e5-router-320dd1b-v1\children\hybridzip-r2-e5-router-320dd1b-v1-auto-k4-b32-r1\archives\128KiB\x-ray.hz2"" ""E:\MIXER\hybridzip\results\experiments\hybridzip-r2-e5-router-320dd1b-v1\children\hybridzip-r2-e5-router-320dd1b-v1-auto-k4-b32-r1\decoded\128KiB\x-ray.decoded""","0","0","2026-08-28T20:39:42.6795550+08:00","COMPLETE","PASS","paq8px-generic-sse=4","Complete R2 archive size; SHA-256 byte-exact roundtrip verified."
"e5-router","auto-k4","32","1","False","1","1","4","0","00010000","1025B343","4B1AC26C40AD4DA50312FD3B694D7E636FB768C2336FE773BC82D36424C27A4B","0:1,2:1,36:1,37:1","0","0","0","0","0","","","hybridzip-r2-e5-router-320dd1b-v1-auto-k4-b32-r1","r2-auto-k4","1","34","xml","32","inputs/32KiB/xml.bin","32768","C2F7F129956F8D6FC3D0E3595D93F98D5270B6F5BC4AB5E70F45867822EFDD71","archives/32KiB/xml.hz2","1441","E86CAEABDB7A3613F62A84446E1F67B6E78306E4884BF63D05C2D9832C85AE6F","decoded/32KiB/xml.decoded","32768","C2F7F129956F8D6FC3D0E3595D93F98D5270B6F5BC4AB5E70F45867822EFDD71","18.9582886","9.487488","542.90234375","542.78125","542.90234375","74FF260A939B01673667723D8351AAEDB679339610009ECB23C70E373B862D9F","profile_id=2;mode=auto-k4;block_size=32768;zstd_level=19;lzma_level=9;threads=1;process_timeout_seconds=3600","""E:\MIXER\hybridzip\build\Release\hybridzip.exe"" c --profile=r2 --r2-mode=auto-k4 --block-size=32768 ""E:\MIXER\hybridzip\results\experiments\hybridzip-r2-e5-router-320dd1b-v1\children\hybridzip-r2-e5-router-320dd1b-v1-auto-k4-b32-r1\inputs\32KiB\xml.bin"" ""E:\MIXER\hybridzip\results\experiments\hybridzip-r2-e5-router-320dd1b-v1\children\hybridzip-r2-e5-router-320dd1b-v1-auto-k4-b32-r1\archives\32KiB\xml.hz2""","""E:\MIXER\hybridzip\build\Release\hybridzip.exe"" d ""E:\MIXER\hybridzip\results\experiments\hybridzip-r2-e5-router-320dd1b-v1\children\hybridzip-r2-e5-router-320dd1b-v1-auto-k4-b32-r1\archives\32KiB\xml.hz2"" ""E:\MIXER\hybridzip\results\experiments\hybridzip-r2-e5-router-320dd1b-v1\children\hybridzip-r2-e5-router-320dd1b-v1-auto-k4-b32-r1\decoded\32KiB\xml.decoded""","0","0","2026-08-28T20:42:36.9885959+08:00","COMPLETE","PASS","paq8px-generic-sse=1","Complete R2 archive size; SHA-256 byte-exact roundtrip verified."
"e5-router","auto-k4","32","1","False","1","1","8","0","00010000","1025B343","4B1AC26C40AD4DA50312FD3B694D7E636FB768C2336FE773BC82D36424C27A4B","0:2,2:2,36:2,37:2","0","0","0","0","0","","","hybridzip-r2-e5-router-320dd1b-v1-auto-k4-b32-r1","r2-auto-k4","1","35","xml","64","inputs/64KiB/xml.bin","65536","E32AFF2BEBF00105A17DD57F5490C1986D17543CEE837B42EB56B3E0E6F8E7F1","archives/64KiB/xml.hz2","2784","C32ED3152F4B8E8FDDBE2E8EE10392B6146B893B0D8CA09A203870B105D69065","decoded/64KiB/xml.decoded","65536","E32AFF2BEBF00105A17DD57F5490C1986D17543CEE837B42EB56B3E0E6F8E7F1","33.4077382","18.8263104","542.9921875","542.77734375","542.9921875","74FF260A939B01673667723D8351AAEDB679339610009ECB23C70E373B862D9F","profile_id=2;mode=auto-k4;block_size=32768;zstd_level=19;lzma_level=9;threads=1;process_timeout_seconds=3600","""E:\MIXER\hybridzip\build\Release\hybridzip.exe"" c --profile=r2 --r2-mode=auto-k4 --block-size=32768 ""E:\MIXER\hybridzip\results\experiments\hybridzip-r2-e5-router-320dd1b-v1\children\hybridzip-r2-e5-router-320dd1b-v1-auto-k4-b32-r1\inputs\64KiB\xml.bin"" ""E:\MIXER\hybridzip\results\experiments\hybridzip-r2-e5-router-320dd1b-v1\children\hybridzip-r2-e5-router-320dd1b-v1-auto-k4-b32-r1\archives\64KiB\xml.hz2""","""E:\MIXER\hybridzip\build\Release\hybridzip.exe"" d ""E:\MIXER\hybridzip\results\experiments\hybridzip-r2-e5-router-320dd1b-v1\children\hybridzip-r2-e5-router-320dd1b-v1-auto-k4-b32-r1\archives\64KiB\xml.hz2"" ""E:\MIXER\hybridzip\results\experiments\hybridzip-r2-e5-router-320dd1b-v1\children\hybridzip-r2-e5-router-320dd1b-v1-auto-k4-b32-r1\decoded\64KiB\xml.decoded""","0","0","2026-08-28T20:43:05.5017224+08:00","COMPLETE","PASS","paq8px-generic-sse=2","Complete R2 archive size; SHA-256 byte-exact roundtrip verified."
"e5-router","auto-k4","32","1","False","1","1","16","0","00010000","1025B343","4B1AC26C40AD4DA50312FD3B694D7E636FB768C2336FE773BC82D36424C27A4B","0:4,2:4,36:4,37:4","0","0","0","0","0","","","hybridzip-r2-e5-router-320dd1b-v1-auto-k4-b32-r1","r2-auto-k4","1","36","xml","128","inputs/128KiB/xml.bin","131072","5FA29C746885F2EEB98734218475915A78092CCB3B0F68B08861EE210E5B6E25","archives/128KiB/xml.hz2","5721","9E090AFD83693FE8548B66801680609CAECBDBED62D7F5E7E14EBE14B03F9A01","decoded/128KiB/xml.decoded","131072","5FA29C746885F2EEB98734218475915A78092CCB3B0F68B08861EE210E5B6E25","65.4392303","37.8510984","543.44921875","543.1640625","543.44921875","74FF260A939B01673667723D8351AAEDB679339610009ECB23C70E373B862D9F","profile_id=2;mode=auto-k4;block_size=32768;zstd_level=19;lzma_level=9;threads=1;process_timeout_seconds=3600","""E:\MIXER\hybridzip\build\Release\hybridzip.exe"" c --profile=r2 --r2-mode=auto-k4 --block-size=32768 ""E:\MIXER\hybridzip\results\experiments\hybridzip-r2-e5-router-320dd1b-v1\children\hybridzip-r2-e5-router-320dd1b-v1-auto-k4-b32-r1\inputs\128KiB\xml.bin"" ""E:\MIXER\hybridzip\results\experiments\hybridzip-r2-e5-router-320dd1b-v1\children\hybridzip-r2-e5-router-320dd1b-v1-auto-k4-b32-r1\archives\128KiB\xml.hz2""","""E:\MIXER\hybridzip\build\Release\hybridzip.exe"" d ""E:\MIXER\hybridzip\results\experiments\hybridzip-r2-e5-router-320dd1b-v1\children\hybridzip-r2-e5-router-320dd1b-v1-auto-k4-b32-r1\archives\128KiB\xml.hz2"" ""E:\MIXER\hybridzip\results\experiments\hybridzip-r2-e5-router-320dd1b-v1\children\hybridzip-r2-e5-router-320dd1b-v1-auto-k4-b32-r1\decoded\128KiB\xml.decoded""","0","0","2026-08-28T20:43:57.8044972+08:00","COMPLETE","PASS","paq8px-generic-sse=4","Complete R2 archive size; SHA-256 byte-exact roundtrip verified."
"e5-router","auto-k8","32","1","False","1","1","8","0","00010000","1025B343","4B1AC26C40AD4DA50312FD3B694D7E636FB768C2336FE773BC82D36424C27A4B","0:1,2:1,4:1,6:1,19:1,28:1,36:1,37:1","0","0","0","0","0","","","hybridzip-r2-e5-router-320dd1b-v1-auto-k8-b32-r1","r2-auto-k8","1","1","dickens","32","inputs/32KiB/dickens.bin","32768","FC42DCB9849222C8704C9DCAE606D075B389B66244FB215035148D6409EC0B31","archives/32KiB/dickens.hz2","9598","9BE685F918147AFF7BBAACA81E3A8176253CD9BBB57047C383360BE028A6360F","decoded/32KiB/dickens.decoded","32768","FC42DCB9849222C8704C9DCAE606D075B389B66244FB215035148D6409EC0B31","22.9052997","7.7041307","546.38671875","369.37109375","546.38671875","74FF260A939B01673667723D8351AAEDB679339610009ECB23C70E373B862D9F","profile_id=2;mode=auto-k8;block_size=32768;zstd_level=19;lzma_level=9;threads=1;process_timeout_seconds=3600","""E:\MIXER\hybridzip\build\Release\hybridzip.exe"" c --profile=r2 --r2-mode=auto-k8 --block-size=32768 ""E:\MIXER\hybridzip\results\experiments\hybridzip-r2-e5-router-320dd1b-v1\children\hybridzip-r2-e5-router-320dd1b-v1-auto-k8-b32-r1\inputs\32KiB\dickens.bin"" ""E:\MIXER\hybridzip\results\experiments\hybridzip-r2-e5-router-320dd1b-v1\children\hybridzip-r2-e5-router-320dd1b-v1-auto-k8-b32-r1\archives\32KiB\dickens.hz2""","""E:\MIXER\hybridzip\build\Release\hybridzip.exe"" d ""E:\MIXER\hybridzip\results\experiments\hybridzip-r2-e5-router-320dd1b-v1\children\hybridzip-r2-e5-router-320dd1b-v1-auto-k8-b32-r1\archives\32KiB\dickens.hz2"" ""E:\MIXER\hybridzip\results\experiments\hybridzip-r2-e5-router-320dd1b-v1\children\hybridzip-r2-e5-router-320dd1b-v1-auto-k8-b32-r1\decoded\32KiB\dickens.decoded""","0","0","2026-08-28T20:45:42.4704602+08:00","COMPLETE","PASS","paq8px-detected-sse=1","Complete R2 archive size; SHA-256 byte-exact roundtrip verified."
"e5-router","auto-k8","32","1","False","1","1","16","0","00010000","1025B343","4B1AC26C40AD4DA50312FD3B694D7E636FB768C2336FE773BC82D36424C27A4B","0:2,2:2,4:2,6:2,19:2,28:2,36:2,37:2","0","0","0","0","0","","","hybridzip-r2-e5-router-320dd1b-v1-auto-k8-b32-r1","r2-auto-k8","1","2","dickens","64","inputs/64KiB/dickens.bin","65536","134AD989A7B8B40C900A3B9C0F4895317DFD827D9E6E933895B08D2F4A8A8293","archives/64KiB/dickens.hz2","19066","434C1716E826710E8AF23A2B8948CF6FAEB7AF3F9F60EBA966BD73DCFB2D88F7","decoded/64KiB/dickens.decoded","65536","134AD989A7B8B40C900A3B9C0F4895317DFD827D9E6E933895B08D2F4A8A8293","45.5138585","15.1796932","547.04296875","369.3671875","547.04296875","74FF260A939B01673667723D8351AAEDB679339610009ECB23C70E373B862D9F","profile_id=2;mode=auto-k8;block_size=32768;zstd_level=19;lzma_level=9;threads=1;process_timeout_seconds=3600","""E:\MIXER\hybridzip\build\Release\hybridzip.exe"" c --profile=r2 --r2-mode=auto-k8 --block-size=32768 ""E:\MIXER\hybridzip\results\experiments\hybridzip-r2-e5-router-320dd1b-v1\children\hybridzip-r2-e5-router-320dd1b-v1-auto-k8-b32-r1\inputs\64KiB\dickens.bin"" ""E:\MIXER\hybridzip\results\experiments\hybridzip-r2-e5-router-320dd1b-v1\children\hybridzip-r2-e5-router-320dd1b-v1-auto-k8-b32-r1\archives\64KiB\dickens.hz2""","""E:\MIXER\hybridzip\build\Release\hybridzip.exe"" d ""E:\MIXER\hybridzip\results\experiments\hybridzip-r2-e5-router-320dd1b-v1\children\hybridzip-r2-e5-router-320dd1b-v1-auto-k8-b32-r1\archives\64KiB\dickens.hz2"" ""E:\MIXER\hybridzip\results\experiments\hybridzip-r2-e5-router-320dd1b-v1\children\hybridzip-r2-e5-router-320dd1b-v1-auto-k8-b32-r1\decoded\64KiB\dickens.decoded""","0","0","2026-08-28T20:46:13.1427582+08:00","COMPLETE","PASS","paq8px-detected-sse=2","Complete R2 archive size; SHA-256 byte-exact roundtrip verified."
"e5-router","auto-k8","32","1","False","1","1","32","0","00010000","1025B343","4B1AC26C40AD4DA50312FD3B694D7E636FB768C2336FE773BC82D36424C27A4B","0:4,2:4,4:4,6:4,19:4,28:4,36:4,37:4","0","0","0","0","0","","","hybridzip-r2-e5-router-320dd1b-v1-auto-k8-b32-r1","r2-auto-k8","1","3","dickens","128","inputs/128KiB/dickens.bin","131072","20E33FCC8FAA96DC32A2D0921115C0F363E64C598A5847CE1A3876E356D59872","archives/128KiB/dickens.hz2","37827","CC8CE205C1A84F99FEAADE8154EDC5024B1F1967C09A8FCDB97FB3FBF9FEFB84","decoded/128KiB/dickens.decoded","131072","20E33FCC8FAA96DC32A2D0921115C0F363E64C598A5847CE1A3876E356D59872","88.7009294","29.0238154","547.0625","369.390625","547.0625","74FF260A939B01673667723D8351AAEDB679339610009ECB23C70E373B862D9F","profile_id=2;mode=auto-k8;block_size=32768;zstd_level=19;lzma_level=9;threads=1;process_timeout_seconds=3600","""E:\MIXER\hybridzip\build\Release\hybridzip.exe"" c --profile=r2 --r2-mode=auto-k8 --block-size=32768 ""E:\MIXER\hybridzip\results\experiments\hybridzip-r2-e5-router-320dd1b-v1\children\hybridzip-r2-e5-router-320dd1b-v1-auto-k8-b32-r1\inputs\128KiB\dickens.bin"" ""E:\MIXER\hybridzip\results\experiments\hybridzip-r2-e5-router-320dd1b-v1\children\hybridzip-r2-e5-router-320dd1b-v1-auto-k8-b32-r1\archives\128KiB\dickens.hz2""","""E:\MIXER\hybridzip\build\Release\hybridzip.exe"" d ""E:\MIXER\hybridzip\results\experiments\hybridzip-r2-e5-router-320dd1b-v1\children\hybridzip-r2-e5-router-320dd1b-v1-auto-k8-b32-r1\archives\128KiB\dickens.hz2"" ""E:\MIXER\hybridzip\results\experiments\hybridzip-r2-e5-router-320dd1b-v1\children\hybridzip-r2-e5-router-320dd1b-v1-auto-k8-b32-r1\decoded\128KiB\dickens.decoded""","0","0","2026-08-28T20:47:13.9072962+08:00","COMPLETE","PASS","paq8px-detected-sse=4","Complete R2 archive size; SHA-256 byte-exact roundtrip verified."
"e5-router","auto-k8","32","1","False","1","1","8","0","00010000","1025B343","4B1AC26C40AD4DA50312FD3B694D7E636FB768C2336FE773BC82D36424C27A4B","0:1,2:1,3:1,4:1,10:1,12:1,36:1,37:1","0","0","0","0","0","","","hybridzip-r2-e5-router-320dd1b-v1-auto-k8-b32-r1","r2-auto-k8","1","4","mozilla","32","inputs/32KiB/mozilla.bin","32768","9DDEEF36CA0CA55B72FE3376D005926DFF3400A2ADE6EAE18482D8017D8645DB","archives/32KiB/mozilla.hz2","6256","E92F3C1568356B4964F123744751422F277F607FD0492A2109AEDA3136D11B08","decoded/32KiB/mozilla.decoded","32768","9DDEEF36CA0CA55B72FE3376D005926DFF3400A2ADE6EAE18482D8017D8645DB","23.8394542","11.803116","734.06640625","734","734.06640625","74FF260A939B01673667723D8351AAEDB679339610009ECB23C70E373B862D9F","profile_id=2;mode=auto-k8;block_size=32768;zstd_level=19;lzma_level=9;threads=1;process_timeout_seconds=3600","""E:\MIXER\hybridzip\build\Release\hybridzip.exe"" c --profile=r2 --r2-mode=auto-k8 --block-size=32768 ""E:\MIXER\hybridzip\results\experiments\hybridzip-r2-e5-router-320dd1b-v1\children\hybridzip-r2-e5-router-320dd1b-v1-auto-k8-b32-r1\inputs\32KiB\mozilla.bin"" ""E:\MIXER\hybridzip\results\experiments\hybridzip-r2-e5-router-320dd1b-v1\children\hybridzip-r2-e5-router-320dd1b-v1-auto-k8-b32-r1\archives\32KiB\mozilla.hz2""","""E:\MIXER\hybridzip\build\Release\hybridzip.exe"" d ""E:\MIXER\hybridzip\results\experiments\hybridzip-r2-e5-router-320dd1b-v1\children\hybridzip-r2-e5-router-320dd1b-v1-auto-k8-b32-r1\archives\32KiB\mozilla.hz2"" ""E:\MIXER\hybridzip\results\experiments\hybridzip-r2-e5-router-320dd1b-v1\children\hybridzip-r2-e5-router-320dd1b-v1-auto-k8-b32-r1\decoded\32KiB\mozilla.decoded""","0","0","2026-08-28T20:49:11.7001196+08:00","COMPLETE","PASS","paq8px-detected-sse=1","Complete R2 archive size; SHA-256 byte-exact roundtrip verified."
"e5-router","auto-k8","32","1","False","1","1","16","0","00010000","1025B343","4B1AC26C40AD4DA50312FD3B694D7E636FB768C2336FE773BC82D36424C27A4B","0:2,2:2,3:2,4:2,10:2,12:2,36:2,37:2","0","0","0","0","0","","","hybridzip-r2-e5-router-320dd1b-v1-auto-k8-b32-r1","r2-auto-k8","1","5","mozilla","64","inputs/64KiB/mozilla.bin","65536","B0050240663F54371D372303EEABA0A59AB0758BCD565F4F639D06561E6BC996","archives/64KiB/mozilla.hz2","10357","EAC5DC361F7B6B80CA4B524842220F9B6F8360163665B0084B0EC586A7BFEB3E","decoded/64KiB/mozilla.decoded","65536","B0050240663F54371D372303EEABA0A59AB0758BCD565F4F639D06561E6BC996","42.630145","20.9780979","734.078125","733.984375","734.078125","74FF260A939B01673667723D8351AAEDB679339610009ECB23C70E373B862D9F","profile_id=2;mode=auto-k8;block_size=32768;zstd_level=19;lzma_level=9;threads=1;process_timeout_seconds=3600","""E:\MIXER\hybridzip\build\Release\hybridzip.exe"" c --profile=r2 --r2-mode=auto-k8 --block-size=32768 ""E:\MIXER\hybridzip\results\experiments\hybridzip-r2-e5-router-320dd1b-v1\children\hybridzip-r2-e5-router-320dd1b-v1-auto-k8-b32-r1\inputs\64KiB\mozilla.bin"" ""E:\MIXER\hybridzip\results\experiments\hybridzip-r2-e5-router-320dd1b-v1\children\hybridzip-r2-e5-router-320dd1b-v1-auto-k8-b32-r1\archives\64KiB\mozilla.hz2""","""E:\MIXER\hybridzip\build\Release\hybridzip.exe"" d ""E:\MIXER\hybridzip\results\experiments\hybridzip-r2-e5-router-320dd1b-v1\children\hybridzip-r2-e5-router-320dd1b-v1-auto-k8-b32-r1\archives\64KiB\mozilla.hz2"" ""E:\MIXER\hybridzip\results\experiments\hybridzip-r2-e5-router-320dd1b-v1\children\hybridzip-r2-e5-router-320dd1b-v1-auto-k8-b32-r1\decoded\64KiB\mozilla.decoded""","0","0","2026-08-28T20:49:47.4104052+08:00","COMPLETE","PASS","paq8px-generic-sse=1;paq8px-detected-sse=1","Complete R2 archive size; SHA-256 byte-exact roundtrip verified."
"e5-router","auto-k8","32","1","False","1","1","32","0","00010000","1025B343","4B1AC26C40AD4DA50312FD3B694D7E636FB768C2336FE773BC82D36424C27A4B","0:4,2:4,3:4,4:4,10:4,12:4,36:4,37:4","0","0","0","0","0","","","hybridzip-r2-e5-router-320dd1b-v1-auto-k8-b32-r1","r2-auto-k8","1","6","mozilla","128","inputs/128KiB/mozilla.bin","131072","85CDBEA98382DB12E9A21FF90E1907452712D074000A6B855D2CA215FA591EB4","archives/128KiB/mozilla.hz2","15881","CBE6838A681442B2B658D1DB933496D64721E30546E580A5E546FC922A349127","decoded/128KiB/mozilla.decoded","131072","85CDBEA98382DB12E9A21FF90E1907452712D074000A6B855D2CA215FA591EB4","76.9759997","40.1074945","734.08203125","733.99609375","734.08203125","74FF260A939B01673667723D8351AAEDB679339610009ECB23C70E373B862D9F","profile_id=2;mode=auto-k8;block_size=32768;zstd_level=19;lzma_level=9;threads=1;process_timeout_seconds=3600","""E:\MIXER\hybridzip\build\Release\hybridzip.exe"" c --profile=r2 --r2-mode=auto-k8 --block-size=32768 ""E:\MIXER\hybridzip\results\experiments\hybridzip-r2-e5-router-320dd1b-v1\children\hybridzip-r2-e5-router-320dd1b-v1-auto-k8-b32-r1\inputs\128KiB\mozilla.bin"" ""E:\MIXER\hybridzip\results\experiments\hybridzip-r2-e5-router-320dd1b-v1\children\hybridzip-r2-e5-router-320dd1b-v1-auto-k8-b32-r1\archives\128KiB\mozilla.hz2""","""E:\MIXER\hybridzip\build\Release\hybridzip.exe"" d ""E:\MIXER\hybridzip\results\experiments\hybridzip-r2-e5-router-320dd1b-v1\children\hybridzip-r2-e5-router-320dd1b-v1-auto-k8-b32-r1\archives\128KiB\mozilla.hz2"" ""E:\MIXER\hybridzip\results\experiments\hybridzip-r2-e5-router-320dd1b-v1\children\hybridzip-r2-e5-router-320dd1b-v1-auto-k8-b32-r1\decoded\128KiB\mozilla.decoded""","0","0","2026-08-28T20:50:51.0852801+08:00","COMPLETE","PASS","paq8px-generic-sse=3;paq8px-detected-sse=1","Complete R2 archive size; SHA-256 byte-exact roundtrip verified."
"e5-router","auto-k8","32","1","False","1","1","8","0","00010000","1025B343","4B1AC26C40AD4DA50312FD3B694D7E636FB768C2336FE773BC82D36424C27A4B","0:1,2:1,3:1,4:1,10:1,12:1,36:1,37:1","0","0","0","0","0","","","hybridzip-r2-e5-router-320dd1b-v1-auto-k8-b32-r1","r2-auto-k8","1","7","mr","32","inputs/32KiB/mr.bin","32768","3BB287B0AF65F777AB00C14E362B4D1962087260556001BBEE0689AA10D9F76A","archives/32KiB/mr.hz2","5167","251D84CCB4751BDBA9662CBDE45D9E8B6235F8E106FF950D0D0F36372C81E16D","decoded/32KiB/mr.decoded","32768","3BB287B0AF65F777AB00C14E362B4D1962087260556001BBEE0689AA10D9F76A","19.468473","9.8210855","545.92578125","545.734375","545.92578125","74FF260A939B01673667723D8351AAEDB679339610009ECB23C70E373B862D9F","profile_id=2;mode=auto-k8;block_size=32768;zstd_level=19;lzma_level=9;threads=1;process_timeout_seconds=3600","""E:\MIXER\hybridzip\build\Release\hybridzip.exe"" c --profile=r2 --r2-mode=auto-k8 --block-size=32768 ""E:\MIXER\hybridzip\results\experiments\hybridzip-r2-e5-router-320dd1b-v1\children\hybridzip-r2-e5-router-320dd1b-v1-auto-k8-b32-r1\inputs\32KiB\mr.bin"" ""E:\MIXER\hybridzip\results\experiments\hybridzip-r2-e5-router-320dd1b-v1\children\hybridzip-r2-e5-router-320dd1b-v1-auto-k8-b32-r1\archives\32KiB\mr.hz2""","""E:\MIXER\hybridzip\build\Release\hybridzip.exe"" d ""E:\MIXER\hybridzip\results\experiments\hybridzip-r2-e5-router-320dd1b-v1\children\hybridzip-r2-e5-router-320dd1b-v1-auto-k8-b32-r1\archives\32KiB\mr.hz2"" ""E:\MIXER\hybridzip\results\experiments\hybridzip-r2-e5-router-320dd1b-v1\children\hybridzip-r2-e5-router-320dd1b-v1-auto-k8-b32-r1\decoded\32KiB\mr.decoded""","0","0","2026-08-28T20:52:48.2364908+08:00","COMPLETE","PASS","paq8px-generic-sse=1","Complete R2 archive size; SHA-256 byte-exact roundtrip verified."
"e5-router","auto-k8","32","1","False","1","1","16","0","00010000","1025B343","4B1AC26C40AD4DA50312FD3B694D7E636FB768C2336FE773BC82D36424C27A4B","0:2,2:2,3:2,4:2,10:2,12:2,36:2,37:2","0","0","0","0","0","","","hybridzip-r2-e5-router-320dd1b-v1-auto-k8-b32-r1","r2-auto-k8","1","8","mr","64","inputs/64KiB/mr.bin","65536","CAB7B6408934009A4BBFEDB57BEB4943BF5478CF8B3688D01F004E0422EBC651","archives/64KiB/mr.hz2","10817","C17AEC1E2F750EE902E699EB2F1D1DD937F598327735351DC4CC2394E00B16FD","decoded/64KiB/mr.decoded","65536","CAB7B6408934009A4BBFEDB57BEB4943BF5478CF8B3688D01F004E0422EBC651","37.7592452","18.7386549","545.93359375","545.75390625","545.93359375","74FF260A939B01673667723D8351AAEDB679339610009ECB23C70E373B862D9F","profile_id=2;mode=auto-k8;block_size=32768;zstd_level=19;lzma_level=9;threads=1;process_timeout_seconds=3600","""E:\MIXER\hybridzip\build\Release\hybridzip.exe"" c --profile=r2 --r2-mode=auto-k8 --block-size=32768 ""E:\MIXER\hybridzip\results\experiments\hybridzip-r2-e5-router-320dd1b-v1\children\hybridzip-r2-e5-router-320dd1b-v1-auto-k8-b32-r1\inputs\64KiB\mr.bin"" ""E:\MIXER\hybridzip\results\experiments\hybridzip-r2-e5-router-320dd1b-v1\children\hybridzip-r2-e5-router-320dd1b-v1-auto-k8-b32-r1\archives\64KiB\mr.hz2""","""E:\MIXER\hybridzip\build\Release\hybridzip.exe"" d ""E:\MIXER\hybridzip\results\experiments\hybridzip-r2-e5-router-320dd1b-v1\children\hybridzip-r2-e5-router-320dd1b-v1-auto-k8-b32-r1\archives\64KiB\mr.hz2"" ""E:\MIXER\hybridzip\results\experiments\hybridzip-r2-e5-router-320dd1b-v1\children\hybridzip-r2-e5-router-320dd1b-v1-auto-k8-b32-r1\decoded\64KiB\mr.decoded""","0","0","2026-08-28T20:53:17.6011222+08:00","COMPLETE","PASS","paq8px-generic-sse=2","Complete R2 archive size; SHA-256 byte-exact roundtrip verified."
"e5-router","auto-k8","32","1","False","1","1","32","0","00010000","1025B343","4B1AC26C40AD4DA50312FD3B694D7E636FB768C2336FE773BC82D36424C27A4B","0:4,2:4,3:4,4:4,10:4,12:4,36:4,37:4","0","0","0","0","0","","","hybridzip-r2-e5-router-320dd1b-v1-auto-k8-b32-r1","r2-auto-k8","1","9","mr","128","inputs/128KiB/mr.bin","131072","473A6A883480C7B2E69402AD888AC07B347C2DF61C6AA0D84E8B8130A27792EA","archives/128KiB/mr.hz2","22033","968C02440DB4FE9DE2B11BA320D3188369EC7417442774F057E04EE2AB2CEF23","decoded/128KiB/mr.decoded","131072","473A6A883480C7B2E69402AD888AC07B347C2DF61C6AA0D84E8B8130A27792EA","112.5548451","62.7509583","545.91015625","545.7890625","545.91015625","74FF260A939B01673667723D8351AAEDB679339610009ECB23C70E373B862D9F","profile_id=2;mode=auto-k8;block_size=32768;zstd_level=19;lzma_level=9;threads=1;process_timeout_seconds=3600","""E:\MIXER\hybridzip\build\Release\hybridzip.exe"" c --profile=r2 --r2-mode=auto-k8 --block-size=32768 ""E:\MIXER\hybridzip\results\experiments\hybridzip-r2-e5-router-320dd1b-v1\children\hybridzip-r2-e5-router-320dd1b-v1-auto-k8-b32-r1\inputs\128KiB\mr.bin"" ""E:\MIXER\hybridzip\results\experiments\hybridzip-r2-e5-router-320dd1b-v1\children\hybridzip-r2-e5-router-320dd1b-v1-auto-k8-b32-r1\archives\128KiB\mr.hz2""","""E:\MIXER\hybridzip\build\Release\hybridzip.exe"" d ""E:\MIXER\hybridzip\results\experiments\hybridzip-r2-e5-router-320dd1b-v1\children\hybridzip-r2-e5-router-320dd1b-v1-auto-k8-b32-r1\archives\128KiB\mr.hz2"" ""E:\MIXER\hybridzip\results\experiments\hybridzip-r2-e5-router-320dd1b-v1\children\hybridzip-r2-e5-router-320dd1b-v1-auto-k8-b32-r1\decoded\128KiB\mr.decoded""","0","0","2026-08-28T20:54:14.1724401+08:00","COMPLETE","PASS","paq8px-generic-sse=4","Complete R2 archive size; SHA-256 byte-exact roundtrip verified."
"e5-router","auto-k8","32","1","False","1","1","8","0","00010000","1025B343","4B1AC26C40AD4DA50312FD3B694D7E636FB768C2336FE773BC82D36424C27A4B","0:1,2:1,4:1,6:1,19:1,28:1,36:1,37:1","0","0","0","0","0","","","hybridzip-r2-e5-router-320dd1b-v1-auto-k8-b32-r1","r2-auto-k8","1","10","nci","32","inputs/32KiB/nci.bin","32768","0D3034FE8B0E573DE1439ED98CE409B83B13E5895085C9BFB0BF980F4962FB79","archives/32KiB/nci.hz2","1341","4DCBABC4AA4D3E8AEF5FF91D34DFE87F67F440AECF1BD49B5EE2EF4282A9A983","decoded/32KiB/nci.decoded","32768","0D3034FE8B0E573DE1439ED98CE409B83B13E5895085C9BFB0BF980F4962FB79","16.3133038","4.5117375","540.87890625","361.7734375","540.87890625","74FF260A939B01673667723D8351AAEDB679339610009ECB23C70E373B862D9F","profile_id=2;mode=auto-k8;block_size=32768;zstd_level=19;lzma_level=9;threads=1;process_timeout_seconds=3600","""E:\MIXER\hybridzip\build\Release\hybridzip.exe"" c --profile=r2 --r2-mode=auto-k8 --block-size=32768 ""E:\MIXER\hybridzip\results\experiments\hybridzip-r2-e5-router-320dd1b-v1\children\hybridzip-r2-e5-router-320dd1b-v1-auto-k8-b32-r1\inputs\32KiB\nci.bin"" ""E:\MIXER\hybridzip\results\experiments\hybridzip-r2-e5-router-320dd1b-v1\children\hybridzip-r2-e5-router-320dd1b-v1-auto-k8-b32-r1\archives\32KiB\nci.hz2""","""E:\MIXER\hybridzip\build\Release\hybridzip.exe"" d ""E:\MIXER\hybridzip\results\experiments\hybridzip-r2-e5-router-320dd1b-v1\children\hybridzip-r2-e5-router-320dd1b-v1-auto-k8-b32-r1\archives\32KiB\nci.hz2"" ""E:\MIXER\hybridzip\results\experiments\hybridzip-r2-e5-router-320dd1b-v1\children\hybridzip-r2-e5-router-320dd1b-v1-auto-k8-b32-r1\decoded\32KiB\nci.decoded""","0","0","2026-08-28T20:57:09.5654817+08:00","COMPLETE","PASS","paq8px-detected-sse=1","Complete R2 archive size; SHA-256 byte-exact roundtrip verified."
"e5-router","auto-k8","32","1","False","1","1","16","0","00010000","1025B343","4B1AC26C40AD4DA50312FD3B694D7E636FB768C2336FE773BC82D36424C27A4B","0:2,2:2,4:2,6:2,19:2,28:2,36:2,37:2","0","0","0","0","0","","","hybridzip-r2-e5-router-320dd1b-v1-auto-k8-b32-r1","r2-auto-k8","1","11","nci","64","inputs/64KiB/nci.bin","65536","B01B411AC3B5CE2FBF37242C0C59D2D236D2F7039937C1B1A0F18F4CC02549FE","archives/64KiB/nci.hz2","2503","5DA70F639D1BEAB67317B405F3FD29D6F219E1DD4410B26BDA4CB1A795F28B26","decoded/64KiB/nci.decoded","65536","B01B411AC3B5CE2FBF37242C0C59D2D236D2F7039937C1B1A0F18F4CC02549FE","36.4865359","9.1898314","541.57421875","361.77734375","541.57421875","74FF260A939B01673667723D8351AAEDB679339610009ECB23C70E373B862D9F","profile_id=2;mode=auto-k8;block_size=32768;zstd_level=19;lzma_level=9;threads=1;process_timeout_seconds=3600","""E:\MIXER\hybridzip\build\Release\hybridzip.exe"" c --profile=r2 --r2-mode=auto-k8 --block-size=32768 ""E:\MIXER\hybridzip\results\experiments\hybridzip-r2-e5-router-320dd1b-v1\children\hybridzip-r2-e5-router-320dd1b-v1-auto-k8-b32-r1\inputs\64KiB\nci.bin"" ""E:\MIXER\hybridzip\results\experiments\hybridzip-r2-e5-router-320dd1b-v1\children\hybridzip-r2-e5-router-320dd1b-v1-auto-k8-b32-r1\archives\64KiB\nci.hz2""","""E:\MIXER\hybridzip\build\Release\hybridzip.exe"" d ""E:\MIXER\hybridzip\results\experiments\hybridzip-r2-e5-router-320dd1b-v1\children\hybridzip-r2-e5-router-320dd1b-v1-auto-k8-b32-r1\archives\64KiB\nci.hz2"" ""E:\MIXER\hybridzip\results\experiments\hybridzip-r2-e5-router-320dd1b-v1\children\hybridzip-r2-e5-router-320dd1b-v1-auto-k8-b32-r1\decoded\64KiB\nci.decoded""","0","0","2026-08-28T20:57:30.4877687+08:00","COMPLETE","PASS","paq8px-detected-sse=2","Complete R2 archive size; SHA-256 byte-exact roundtrip verified."
"e5-router","auto-k8","32","1","False","1","1","32","0","00010000","1025B343","4B1AC26C40AD4DA50312FD3B694D7E636FB768C2336FE773BC82D36424C27A4B","0:4,2:4,4:4,6:4,19:4,28:4,36:4,37:4","0","0","0","0","0","","","hybridzip-r2-e5-router-320dd1b-v1-auto-k8-b32-r1","r2-auto-k8","1","12","nci","128","inputs/128KiB/nci.bin","131072","C8A1D610355E5EF900ED4C704DF14ADF1935D95DFD8F1740AC9FD90FC9BF5781","archives/128KiB/nci.hz2","5602","631CDFBF4570F690BB554A937094C21981AAE5EEE93B9082C081F6482614E843","decoded/128KiB/nci.decoded","131072","C8A1D610355E5EF900ED4C704DF14ADF1935D95DFD8F1740AC9FD90FC9BF5781","79.6041654","24.1001411","543.015625","364.26171875","543.015625","74FF260A939B01673667723D8351AAEDB679339610009ECB23C70E373B862D9F","profile_id=2;mode=auto-k8;block_size=32768;zstd_level=19;lzma_level=9;threads=1;process_timeout_seconds=3600","""E:\MIXER\hybridzip\build\Release\hybridzip.exe"" c --profile=r2 --r2-mode=auto-k8 --block-size=32768 ""E:\MIXER\hybridzip\results\experiments\hybridzip-r2-e5-router-320dd1b-v1\children\hybridzip-r2-e5-router-320dd1b-v1-auto-k8-b32-r1\inputs\128KiB\nci.bin"" ""E:\MIXER\hybridzip\results\experiments\hybridzip-r2-e5-router-320dd1b-v1\children\hybridzip-r2-e5-router-320dd1b-v1-auto-k8-b32-r1\archives\128KiB\nci.hz2""","""E:\MIXER\hybridzip\build\Release\hybridzip.exe"" d ""E:\MIXER\hybridzip\results\experiments\hybridzip-r2-e5-router-320dd1b-v1\children\hybridzip-r2-e5-router-320dd1b-v1-auto-k8-b32-r1\archives\128KiB\nci.hz2"" ""E:\MIXER\hybridzip\results\experiments\hybridzip-r2-e5-router-320dd1b-v1\children\hybridzip-r2-e5-router-320dd1b-v1-auto-k8-b32-r1\decoded\128KiB\nci.decoded""","0","0","2026-08-28T20:58:16.2536716+08:00","COMPLETE","PASS","paq8px-detected-sse=4","Complete R2 archive size; SHA-256 byte-exact roundtrip verified."
"e5-router","auto-k8","32","1","False","1","1","8","0","00010000","1025B343","4B1AC26C40AD4DA50312FD3B694D7E636FB768C2336FE773BC82D36424C27A4B","0:1,2:1,3:1,4:1,10:1,12:1,36:1,37:1","0","0","0","0","0","","","hybridzip-r2-e5-router-320dd1b-v1-auto-k8-b32-r1","r2-auto-k8","1","13","ooffice","32","inputs/32KiB/ooffice.bin","32768","2ACF9B4CAAEAC5814CDFEF0FA48A5ECE857C847DBDB7B44EEAB95CA3C098921C","archives/32KiB/ooffice.hz2","8097","6C8E58317D925D95EE18AC13E8B5A779830824F89E7EC4D00DECA2C48E7F671C","decoded/32KiB/ooffice.decoded","32768","2ACF9B4CAAEAC5814CDFEF0FA48A5ECE857C847DBDB7B44EEAB95CA3C098921C","41.2083451","17.8893502","551.2421875","551.15234375","551.2421875","74FF260A939B01673667723D8351AAEDB679339610009ECB23C70E373B862D9F","profile_id=2;mode=auto-k8;block_size=32768;zstd_level=19;lzma_level=9;threads=1;process_timeout_seconds=3600","""E:\MIXER\hybridzip\build\Release\hybridzip.exe"" c --profile=r2 --r2-mode=auto-k8 --block-size=32768 ""E:\MIXER\hybridzip\results\experiments\hybridzip-r2-e5-router-320dd1b-v1\children\hybridzip-r2-e5-router-320dd1b-v1-auto-k8-b32-r1\inputs\32KiB\ooffice.bin"" ""E:\MIXER\hybridzip\results\experiments\hybridzip-r2-e5-router-320dd1b-v1\children\hybridzip-r2-e5-router-320dd1b-v1-auto-k8-b32-r1\archives\32KiB\ooffice.hz2""","""E:\MIXER\hybridzip\build\Release\hybridzip.exe"" d ""E:\MIXER\hybridzip\results\experiments\hybridzip-r2-e5-router-320dd1b-v1\children\hybridzip-r2-e5-router-320dd1b-v1-auto-k8-b32-r1\archives\32KiB\ooffice.hz2"" ""E:\MIXER\hybridzip\results\experiments\hybridzip-r2-e5-router-320dd1b-v1\children\hybridzip-r2-e5-router-320dd1b-v1-auto-k8-b32-r1\decoded\32KiB\ooffice.decoded""","0","0","2026-08-28T21:00:00.0454838+08:00","COMPLETE","PASS","paq8px-generic-sse=1","Complete R2 archive size; SHA-256 byte-exact roundtrip verified."
"e5-router","auto-k8","32","1","False","1","1","16","0","00010000","1025B343","4B1AC26C40AD4DA50312FD3B694D7E636FB768C2336FE773BC82D36424C27A4B","0:2,2:2,3:2,4:2,10:2,12:2,36:2,37:2","0","0","0","0","0","","","hybridzip-r2-e5-router-320dd1b-v1-auto-k8-b32-r1","r2-auto-k8","1","14","ooffice","64","inputs/64KiB/ooffice.bin","65536","9D30521922187D0A26F56CF2DF85001F9585D0D4EC6A0A8797466AFCC367F825","archives/64KiB/ooffice.hz2","19877","6698AE564EDE7EB67734AC490F880D3F273F380599137168E3FB0D86CE65F409","decoded/64KiB/ooffice.decoded","65536","9D30521922187D0A26F56CF2DF85001F9585D0D4EC6A0A8797466AFCC367F825","98.6536316","46.2473662","551.2421875","551.15234375","551.2421875","74FF260A939B01673667723D8351AAEDB679339610009ECB23C70E373B862D9F","profile_id=2;mode=auto-k8;block_size=32768;zstd_level=19;lzma_level=9;threads=1;process_timeout_seconds=3600","""E:\MIXER\hybridzip\build\Release\hybridzip.exe"" c --profile=r2 --r2-mode=auto-k8 --block-size=32768 ""E:\MIXER\hybridzip\results\experiments\hybridzip-r2-e5-router-320dd1b-v1\children\hybridzip-r2-e5-router-320dd1b-v1-auto-k8-b32-r1\inputs\64KiB\ooffice.bin"" ""E:\MIXER\hybridzip\results\experiments\hybridzip-r2-e5-router-320dd1b-v1\children\hybridzip-r2-e5-router-320dd1b-v1-auto-k8-b32-r1\archives\64KiB\ooffice.hz2""","""E:\MIXER\hybridzip\build\Release\hybridzip.exe"" d ""E:\MIXER\hybridzip\results\experiments\hybridzip-r2-e5-router-320dd1b-v1\children\hybridzip-r2-e5-router-320dd1b-v1-auto-k8-b32-r1\archives\64KiB\ooffice.hz2"" ""E:\MIXER\hybridzip\results\experiments\hybridzip-r2-e5-router-320dd1b-v1\children\hybridzip-r2-e5-router-320dd1b-v1-auto-k8-b32-r1\decoded\64KiB\ooffice.decoded""","0","0","2026-08-28T21:00:59.2552205+08:00","COMPLETE","PASS","paq8px-generic-sse=1;paq8px-detected-sse=1","Complete R2 archive size; SHA-256 byte-exact roundtrip verified."
"e5-router","auto-k8","32","1","False","1","1","32","0","00010000","1025B343","4B1AC26C40AD4DA50312FD3B694D7E636FB768C2336FE773BC82D36424C27A4B","0:4,2:4,3:4,4:4,10:4,12:4,36:4,37:4","0","0","0","0","0","","","hybridzip-r2-e5-router-320dd1b-v1-auto-k8-b32-r1","r2-auto-k8","1","15","ooffice","128","inputs/128KiB/ooffice.bin","131072","09FA5F3EE5311528863F8C3FADA3B530CC24AC1D88128E4DB2BF434161879FEF","archives/128KiB/ooffice.hz2","44341","6A34DF9C70C69935D2CE253851F966282DC285AE1C8B235511D867B56CB6A635","decoded/128KiB/ooffice.decoded","131072","09FA5F3EE5311528863F8C3FADA3B530CC24AC1D88128E4DB2BF434161879FEF","211.3187377","104.5370733","551.23828125","551.18359375","551.23828125","74FF260A939B01673667723D8351AAEDB679339610009ECB23C70E373B862D9F","profile_id=2;mode=auto-k8;block_size=32768;zstd_level=19;lzma_level=9;threads=1;process_timeout_seconds=3600","""E:\MIXER\hybridzip\build\Release\hybridzip.exe"" c --profile=r2 --r2-mode=auto-k8 --block-size=32768 ""E:\MIXER\hybridzip\results\experiments\hybridzip-r2-e5-router-320dd1b-v1\children\hybridzip-r2-e5-router-320dd1b-v1-auto-k8-b32-r1\inputs\128KiB\ooffice.bin"" ""E:\MIXER\hybridzip\results\experiments\hybridzip-r2-e5-router-320dd1b-v1\children\hybridzip-r2-e5-router-320dd1b-v1-auto-k8-b32-r1\archives\128KiB\ooffice.hz2""","""E:\MIXER\hybridzip\build\Release\hybridzip.exe"" d ""E:\MIXER\hybridzip\results\experiments\hybridzip-r2-e5-router-320dd1b-v1\children\hybridzip-r2-e5-router-320dd1b-v1-auto-k8-b32-r1\archives\128KiB\ooffice.hz2"" ""E:\MIXER\hybridzip\results\experiments\hybridzip-r2-e5-router-320dd1b-v1\children\hybridzip-r2-e5-router-320dd1b-v1-auto-k8-b32-r1\decoded\128KiB\ooffice.decoded""","0","0","2026-08-28T21:03:24.2659058+08:00","COMPLETE","PASS","paq8px-generic-sse=1;paq8px-detected-sse=3","Complete R2 archive size; SHA-256 byte-exact roundtrip verified."
"e5-router","auto-k8","32","1","False","1","1","8","0","00010000","1025B343","4B1AC26C40AD4DA50312FD3B694D7E636FB768C2336FE773BC82D36424C27A4B","0:1,2:1,4:1,6:1,19:1,28:1,36:1,37:1","0","0","0","0","0","","","hybridzip-r2-e5-router-320dd1b-v1-auto-k8-b32-r1","r2-auto-k8","1","16","osdb","32","inputs/32KiB/osdb.bin","32768","03B2C20B777682CD960BCD893D7A4463161D9C0200FD1708B2EFAE32A259D0B7","archives/32KiB/osdb.hz2","11420","531C0C1C4F1878FB31F9AC37327933A6C2F7441905336E92A154CEE7D6E24525","decoded/32KiB/osdb.decoded","32768","03B2C20B777682CD960BCD893D7A4463161D9C0200FD1708B2EFAE32A259D0B7","46.4544168","22.6051565","548.37109375","548.28125","548.37109375","74FF260A939B01673667723D8351AAEDB679339610009ECB23C70E373B862D9F","profile_id=2;mode=auto-k8;block_size=32768;zstd_level=19;lzma_level=9;threads=1;process_timeout_seconds=3600","""E:\MIXER\hybridzip\build\Release\hybridzip.exe"" c --profile=r2 --r2-mode=auto-k8 --block-size=32768 ""E:\MIXER\hybridzip\results\experiments\hybridzip-r2-e5-router-320dd1b-v1\children\hybridzip-r2-e5-router-320dd1b-v1-auto-k8-b32-r1\inputs\32KiB\osdb.bin"" ""E:\MIXER\hybridzip\results\experiments\hybridzip-r2-e5-router-320dd1b-v1\children\hybridzip-r2-e5-router-320dd1b-v1-auto-k8-b32-r1\archives\32KiB\osdb.hz2""","""E:\MIXER\hybridzip\build\Release\hybridzip.exe"" d ""E:\MIXER\hybridzip\results\experiments\hybridzip-r2-e5-router-320dd1b-v1\children\hybridzip-r2-e5-router-320dd1b-v1-auto-k8-b32-r1\archives\32KiB\osdb.hz2"" ""E:\MIXER\hybridzip\results\experiments\hybridzip-r2-e5-router-320dd1b-v1\children\hybridzip-r2-e5-router-320dd1b-v1-auto-k8-b32-r1\decoded\32KiB\osdb.decoded""","0","0","2026-08-28T21:08:40.2323438+08:00","COMPLETE","PASS","paq8px-generic-sse=1","Complete R2 archive size; SHA-256 byte-exact roundtrip verified."
"e5-router","auto-k8","32","1","False","1","1","16","0","00010000","1025B343","4B1AC26C40AD4DA50312FD3B694D7E636FB768C2336FE773BC82D36424C27A4B","0:2,2:2,4:2,6:2,19:2,28:2,36:2,37:2","0","0","0","0","0","","","hybridzip-r2-e5-router-320dd1b-v1-auto-k8-b32-r1","r2-auto-k8","1","17","osdb","64","inputs/64KiB/osdb.bin","65536","F8FE629325A07588118BA0B65880A87DED43EF249CCBC91F0E977BBACAE0C125","archives/64KiB/osdb.hz2","22841","94C7897B38B705D9F48D8F883DCF0A835647D2C9ECD88857A20F8D7ECE8B2E8E","decoded/64KiB/osdb.decoded","65536","F8FE629325A07588118BA0B65880A87DED43EF249CCBC91F0E977BBACAE0C125","67.8257736","35.4545666","549.50390625","548.5625","549.50390625","74FF260A939B01673667723D8351AAEDB679339610009ECB23C70E373B862D9F","profile_id=2;mode=auto-k8;block_size=32768;zstd_level=19;lzma_level=9;threads=1;process_timeout_seconds=3600","""E:\MIXER\hybridzip\build\Release\hybridzip.exe"" c --profile=r2 --r2-mode=auto-k8 --block-size=32768 ""E:\MIXER\hybridzip\results\experiments\hybridzip-r2-e5-router-320dd1b-v1\children\hybridzip-r2-e5-router-320dd1b-v1-auto-k8-b32-r1\inputs\64KiB\osdb.bin"" ""E:\MIXER\hybridzip\results\experiments\hybridzip-r2-e5-router-320dd1b-v1\children\hybridzip-r2-e5-router-320dd1b-v1-auto-k8-b32-r1\archives\64KiB\osdb.hz2""","""E:\MIXER\hybridzip\build\Release\hybridzip.exe"" d ""E:\MIXER\hybridzip\results\experiments\hybridzip-r2-e5-router-320dd1b-v1\children\hybridzip-r2-e5-router-320dd1b-v1-auto-k8-b32-r1\archives\64KiB\osdb.hz2"" ""E:\MIXER\hybridzip\results\experiments\hybridzip-r2-e5-router-320dd1b-v1\children\hybridzip-r2-e5-router-320dd1b-v1-auto-k8-b32-r1\decoded\64KiB\osdb.decoded""","0","0","2026-08-28T21:09:49.3873874+08:00","COMPLETE","PASS","paq8px-generic-sse=2","Complete R2 archive size; SHA-256 byte-exact roundtrip verified."
"e5-router","auto-k8","32","1","False","1","1","32","0","00010000","1025B343","4B1AC26C40AD4DA50312FD3B694D7E636FB768C2336FE773BC82D36424C27A4B","0:4,2:4,4:4,6:4,19:4,28:4,36:4,37:4","0","0","0","0","0","","","hybridzip-r2-e5-router-320dd1b-v1-auto-k8-b32-r1","r2-auto-k8","1","18","osdb","128","inputs/128KiB/osdb.bin","131072","D977E72AE13AEFC36A4B6171A895E26A0E6EEE447B1B9FBE868D7B1C046CC91F","archives/128KiB/osdb.hz2","45662","4AEDFB5A3C009F023E8DDB83BCBD8E98A1B233672F801C1CD88224498EB56218","decoded/128KiB/osdb.decoded","131072","D977E72AE13AEFC36A4B6171A895E26A0E6EEE447B1B9FBE868D7B1C046CC91F","131.7213561","63.0180537","549.5234375","548.5703125","549.5234375","74FF260A939B01673667723D8351AAEDB679339610009ECB23C70E373B862D9F","profile_id=2;mode=auto-k8;block_size=32768;zstd_level=19;lzma_level=9;threads=1;process_timeout_seconds=3600","""E:\MIXER\hybridzip\build\Release\hybridzip.exe"" c --profile=r2 --r2-mode=auto-k8 --block-size=32768 ""E:\MIXER\hybridzip\results\experiments\hybridzip-r2-e5-router-320dd1b-v1\children\hybridzip-r2-e5-router-320dd1b-v1-auto-k8-b32-r1\inputs\128KiB\osdb.bin"" ""E:\MIXER\hybridzip\results\experiments\hybridzip-r2-e5-router-320dd1b-v1\children\hybridzip-r2-e5-router-320dd1b-v1-auto-k8-b32-r1\archives\128KiB\osdb.hz2""","""E:\MIXER\hybridzip\build\Release\hybridzip.exe"" d ""E:\MIXER\hybridzip\results\experiments\hybridzip-r2-e5-router-320dd1b-v1\children\hybridzip-r2-e5-router-320dd1b-v1-auto-k8-b32-r1\archives\128KiB\osdb.hz2"" ""E:\MIXER\hybridzip\results\experiments\hybridzip-r2-e5-router-320dd1b-v1\children\hybridzip-r2-e5-router-320dd1b-v1-auto-k8-b32-r1\decoded\128KiB\osdb.decoded""","0","0","2026-08-28T21:11:32.7426684+08:00","COMPLETE","PASS","paq8px-generic-sse=4","Complete R2 archive size; SHA-256 byte-exact roundtrip verified."
"e5-router","auto-k8","32","1","False","1","1","8","0","00010000","1025B343","4B1AC26C40AD4DA50312FD3B694D7E636FB768C2336FE773BC82D36424C27A4B","0:1,2:1,4:1,6:1,19:1,28:1,36:1,37:1","0","0","0","0","0","","","hybridzip-r2-e5-router-320dd1b-v1-auto-k8-b32-r1","r2-auto-k8","1","19","reymont","32","inputs/32KiB/reymont.bin","32768","9D5E4B9340C2260DAE7DDB01B3EDA58236FF2DE5E1FF4D56767AA840B6FB1A87","archives/32KiB/reymont.hz2","5679","064166BDEAEDFD7D25A7384C32DD9CAB3A5208BCC5A1B9F771CFF15C16824208","decoded/32KiB/reymont.decoded","32768","9D5E4B9340C2260DAE7DDB01B3EDA58236FF2DE5E1FF4D56767AA840B6FB1A87","19.7703851","6.7652827","544.765625","369.11328125","544.765625","74FF260A939B01673667723D8351AAEDB679339610009ECB23C70E373B862D9F","profile_id=2;mode=auto-k8;block_size=32768;zstd_level=19;lzma_level=9;threads=1;process_timeout_seconds=3600","""E:\MIXER\hybridzip\build\Release\hybridzip.exe"" c --profile=r2 --r2-mode=auto-k8 --block-size=32768 ""E:\MIXER\hybridzip\results\experiments\hybridzip-r2-e5-router-320dd1b-v1\children\hybridzip-r2-e5-router-320dd1b-v1-auto-k8-b32-r1\inputs\32KiB\reymont.bin"" ""E:\MIXER\hybridzip\results\experiments\hybridzip-r2-e5-router-320dd1b-v1\children\hybridzip-r2-e5-router-320dd1b-v1-auto-k8-b32-r1\archives\32KiB\reymont.hz2""","""E:\MIXER\hybridzip\build\Release\hybridzip.exe"" d ""E:\MIXER\hybridzip\results\experiments\hybridzip-r2-e5-router-320dd1b-v1\children\hybridzip-r2-e5-router-320dd1b-v1-auto-k8-b32-r1\archives\32KiB\reymont.hz2"" ""E:\MIXER\hybridzip\results\experiments\hybridzip-r2-e5-router-320dd1b-v1\children\hybridzip-r2-e5-router-320dd1b-v1-auto-k8-b32-r1\decoded\32KiB\reymont.decoded""","0","0","2026-08-28T21:14:47.5544664+08:00","COMPLETE","PASS","paq8px-detected-sse=1","Complete R2 archive size; SHA-256 byte-exact roundtrip verified."
"e5-router","auto-k8","32","1","False","1","1","16","0","00010000","1025B343","4B1AC26C40AD4DA50312FD3B694D7E636FB768C2336FE773BC82D36424C27A4B","0:2,2:2,4:2,6:2,19:2,28:2,36:2,37:2","0","0","0","0","0","","","hybridzip-r2-e5-router-320dd1b-v1-auto-k8-b32-r1","r2-auto-k8","1","20","reymont","64","inputs/64KiB/reymont.bin","65536","A5ECAAABB133F1ADF8DE6062BE6381D143E87F9F8050EEA9B5BE6F92B88C3C22","archives/64KiB/reymont.hz2","11624","0A0893E76360E81664941090D4BCCBF3A9970E35C458B29C60461E2CD05CC9F4","decoded/64KiB/reymont.decoded","65536","A5ECAAABB133F1ADF8DE6062BE6381D143E87F9F8050EEA9B5BE6F92B88C3C22","38.7512153","13.1930121","545.49609375","369.12109375","545.49609375","74FF260A939B01673667723D8351AAEDB679339610009ECB23C70E373B862D9F","profile_id=2;mode=auto-k8;block_size=32768;zstd_level=19;lzma_level=9;threads=1;process_timeout_seconds=3600","""E:\MIXER\hybridzip\build\Release\hybridzip.exe"" c --profile=r2 --r2-mode=auto-k8 --block-size=32768 ""E:\MIXER\hybridzip\results\experiments\hybridzip-r2-e5-router-320dd1b-v1\children\hybridzip-r2-e5-router-320dd1b-v1-auto-k8-b32-r1\inputs\64KiB\reymont.bin"" ""E:\MIXER\hybridzip\results\experiments\hybridzip-r2-e5-router-320dd1b-v1\children\hybridzip-r2-e5-router-320dd1b-v1-auto-k8-b32-r1\archives\64KiB\reymont.hz2""","""E:\MIXER\hybridzip\build\Release\hybridzip.exe"" d ""E:\MIXER\hybridzip\results\experiments\hybridzip-r2-e5-router-320dd1b-v1\children\hybridzip-r2-e5-router-320dd1b-v1-auto-k8-b32-r1\archives\64KiB\reymont.hz2"" ""E:\MIXER\hybridzip\results\experiments\hybridzip-r2-e5-router-320dd1b-v1\children\hybridzip-r2-e5-router-320dd1b-v1-auto-k8-b32-r1\decoded\64KiB\reymont.decoded""","0","0","2026-08-28T21:15:14.1827133+08:00","COMPLETE","PASS","paq8px-detected-sse=2","Complete R2 archive size; SHA-256 byte-exact roundtrip verified."
"e5-router","auto-k8","32","1","False","1","1","32","0","00010000","1025B343","4B1AC26C40AD4DA50312FD3B694D7E636FB768C2336FE773BC82D36424C27A4B","0:4,2:4,4:4,6:4,19:4,28:4,36:4,37:4","0","0","0","0","0","","","hybridzip-r2-e5-router-320dd1b-v1-auto-k8-b32-r1","r2-auto-k8","1","21","reymont","128","inputs/128KiB/reymont.bin","131072","A6CA7478854C1E80DFEAF9FB3444B357F9D7625E55232FAE3B3632A5A1217DEA","archives/128KiB/reymont.hz2","23537","4ABDE659495F8AC0B85358F83046A63D4DCC580714CCEC2B053FCE32F6095AD7","decoded/128KiB/reymont.decoded","131072","A6CA7478854C1E80DFEAF9FB3444B357F9D7625E55232FAE3B3632A5A1217DEA","77.4811666","26.1857052","544.99609375","369.171875","544.99609375","74FF260A939B01673667723D8351AAEDB679339610009ECB23C70E373B862D9F","profile_id=2;mode=auto-k8;block_size=32768;zstd_level=19;lzma_level=9;threads=1;process_timeout_seconds=3600","""E:\MIXER\hybridzip\build\Release\hybridzip.exe"" c --profile=r2 --r2-mode=auto-k8 --block-size=32768 ""E:\MIXER\hybridzip\results\experiments\hybridzip-r2-e5-router-320dd1b-v1\children\hybridzip-r2-e5-router-320dd1b-v1-auto-k8-b32-r1\inputs\128KiB\reymont.bin"" ""E:\MIXER\hybridzip\results\experiments\hybridzip-r2-e5-router-320dd1b-v1\children\hybridzip-r2-e5-router-320dd1b-v1-auto-k8-b32-r1\archives\128KiB\reymont.hz2""","""E:\MIXER\hybridzip\build\Release\hybridzip.exe"" d ""E:\MIXER\hybridzip\results\experiments\hybridzip-r2-e5-router-320dd1b-v1\children\hybridzip-r2-e5-router-320dd1b-v1-auto-k8-b32-r1\archives\128KiB\reymont.hz2"" ""E:\MIXER\hybridzip\results\experiments\hybridzip-r2-e5-router-320dd1b-v1\children\hybridzip-r2-e5-router-320dd1b-v1-auto-k8-b32-r1\decoded\128KiB\reymont.decoded""","0","0","2026-08-28T21:16:06.1998273+08:00","COMPLETE","PASS","paq8px-detected-sse=4","Complete R2 archive size; SHA-256 byte-exact roundtrip verified."
"e5-router","auto-k8","32","1","False","1","1","8","0","00010000","1025B343","4B1AC26C40AD4DA50312FD3B694D7E636FB768C2336FE773BC82D36424C27A4B","0:1,2:1,4:1,6:1,19:1,28:1,36:1,37:1","0","0","0","0","0","","","hybridzip-r2-e5-router-320dd1b-v1-auto-k8-b32-r1","r2-auto-k8","1","22","samba","32","inputs/32KiB/samba.bin","32768","9C4F5BEE544E4531E4946E62F796987418B4526911C34877EF282F14DD57AD12","archives/32KiB/samba.hz2","7956","557C146845CDFA6C9097D074218E604BE0DBD5F2944C814716458C9A1ECDC4C7","decoded/32KiB/samba.decoded","32768","9C4F5BEE544E4531E4946E62F796987418B4526911C34877EF282F14DD57AD12","28.5165783","14.7609465","545.3671875","545.2421875","545.3671875","74FF260A939B01673667723D8351AAEDB679339610009ECB23C70E373B862D9F","profile_id=2;mode=auto-k8;block_size=32768;zstd_level=19;lzma_level=9;threads=1;process_timeout_seconds=3600","""E:\MIXER\hybridzip\build\Release\hybridzip.exe"" c --profile=r2 --r2-mode=auto-k8 --block-size=32768 ""E:\MIXER\hybridzip\results\experiments\hybridzip-r2-e5-router-320dd1b-v1\children\hybridzip-r2-e5-router-320dd1b-v1-auto-k8-b32-r1\inputs\32KiB\samba.bin"" ""E:\MIXER\hybridzip\results\experiments\hybridzip-r2-e5-router-320dd1b-v1\children\hybridzip-r2-e5-router-320dd1b-v1-auto-k8-b32-r1\archives\32KiB\samba.hz2""","""E:\MIXER\hybridzip\build\Release\hybridzip.exe"" d ""E:\MIXER\hybridzip\results\experiments\hybridzip-r2-e5-router-320dd1b-v1\children\hybridzip-r2-e5-router-320dd1b-v1-auto-k8-b32-r1\archives\32KiB\samba.hz2"" ""E:\MIXER\hybridzip\results\experiments\hybridzip-r2-e5-router-320dd1b-v1\children\hybridzip-r2-e5-router-320dd1b-v1-auto-k8-b32-r1\decoded\32KiB\samba.decoded""","0","0","2026-08-28T21:17:49.9382854+08:00","COMPLETE","PASS","paq8px-generic-sse=1","Complete R2 archive size; SHA-256 byte-exact roundtrip verified."
"e5-router","auto-k8","32","1","False","1","1","16","0","00010000","1025B343","4B1AC26C40AD4DA50312FD3B694D7E636FB768C2336FE773BC82D36424C27A4B","0:2,2:2,4:2,6:2,19:2,28:2,36:2,37:2","0","0","0","0","0","","","hybridzip-r2-e5-router-320dd1b-v1-auto-k8-b32-r1","r2-auto-k8","1","23","samba","64","inputs/64KiB/samba.bin","65536","3E0420984C0F260EA7350734600CEA9D8500B745E2E4B7DBD4D1DA1D1ADAC421","archives/64KiB/samba.hz2","16218","133820AA7677C5E5AB36015C545492C734AEF9EA7E2D3894F591946868F921D5","decoded/64KiB/samba.decoded","65536","3E0420984C0F260EA7350734600CEA9D8500B745E2E4B7DBD4D1DA1D1ADAC421","78.8699906","38.7670793","546.1953125","545.25390625","546.1953125","74FF260A939B01673667723D8351AAEDB679339610009ECB23C70E373B862D9F","profile_id=2;mode=auto-k8;block_size=32768;zstd_level=19;lzma_level=9;threads=1;process_timeout_seconds=3600","""E:\MIXER\hybridzip\build\Release\hybridzip.exe"" c --profile=r2 --r2-mode=auto-k8 --block-size=32768 ""E:\MIXER\hybridzip\results\experiments\hybridzip-r2-e5-router-320dd1b-v1\children\hybridzip-r2-e5-router-320dd1b-v1-auto-k8-b32-r1\inputs\64KiB\samba.bin"" ""E:\MIXER\hybridzip\results\experiments\hybridzip-r2-e5-router-320dd1b-v1\children\hybridzip-r2-e5-router-320dd1b-v1-auto-k8-b32-r1\archives\64KiB\samba.hz2""","""E:\MIXER\hybridzip\build\Release\hybridzip.exe"" d ""E:\MIXER\hybridzip\results\experiments\hybridzip-r2-e5-router-320dd1b-v1\children\hybridzip-r2-e5-router-320dd1b-v1-auto-k8-b32-r1\archives\64KiB\samba.hz2"" ""E:\MIXER\hybridzip\results\experiments\hybridzip-r2-e5-router-320dd1b-v1\children\hybridzip-r2-e5-router-320dd1b-v1-auto-k8-b32-r1\decoded\64KiB\samba.decoded""","0","0","2026-08-28T21:18:33.2941838+08:00","COMPLETE","PASS","paq8px-generic-sse=2","Complete R2 archive size; SHA-256 byte-exact roundtrip verified."
"e5-router","auto-k8","32","1","False","1","1","32","0","00010000","1025B343","4B1AC26C40AD4DA50312FD3B694D7E636FB768C2336FE773BC82D36424C27A4B","0:4,2:4,4:4,6:4,19:4,28:4,36:4,37:4","0","0","0","0","0","","","hybridzip-r2-e5-router-320dd1b-v1-auto-k8-b32-r1","r2-auto-k8","1","24","samba","128","inputs/128KiB/samba.bin","131072","F3B8C4AD35BC6CF21977895D6F04A22B1422605942FA5AFE35CE28B2A221D7E8","archives/128KiB/samba.hz2","32979","E22B0EE6880F9C819E29B188F25EB6737C6118ED81910B03FA9FB221B2F8CB72","decoded/128KiB/samba.decoded","131072","F3B8C4AD35BC6CF21977895D6F04A22B1422605942FA5AFE35CE28B2A221D7E8","143.917194","67.9846566","546.24609375","545.3125","546.24609375","74FF260A939B01673667723D8351AAEDB679339610009ECB23C70E373B862D9F","profile_id=2;mode=auto-k8;block_size=32768;zstd_level=19;lzma_level=9;threads=1;process_timeout_seconds=3600","""E:\MIXER\hybridzip\build\Release\hybridzip.exe"" c --profile=r2 --r2-mode=auto-k8 --block-size=32768 ""E:\MIXER\hybridzip\results\experiments\hybridzip-r2-e5-router-320dd1b-v1\children\hybridzip-r2-e5-router-320dd1b-v1-auto-k8-b32-r1\inputs\128KiB\samba.bin"" ""E:\MIXER\hybridzip\results\experiments\hybridzip-r2-e5-router-320dd1b-v1\children\hybridzip-r2-e5-router-320dd1b-v1-auto-k8-b32-r1\archives\128KiB\samba.hz2""","""E:\MIXER\hybridzip\build\Release\hybridzip.exe"" d ""E:\MIXER\hybridzip\results\experiments\hybridzip-r2-e5-router-320dd1b-v1\children\hybridzip-r2-e5-router-320dd1b-v1-auto-k8-b32-r1\archives\128KiB\samba.hz2"" ""E:\MIXER\hybridzip\results\experiments\hybridzip-r2-e5-router-320dd1b-v1\children\hybridzip-r2-e5-router-320dd1b-v1-auto-k8-b32-r1\decoded\128KiB\samba.decoded""","0","0","2026-08-28T21:20:31.0145195+08:00","COMPLETE","PASS","paq8px-generic-sse=3;paq8px-detected-sse=1","Complete R2 archive size; SHA-256 byte-exact roundtrip verified."
"e5-router","auto-k8","32","1","False","1","1","8","0","00010000","1025B343","4B1AC26C40AD4DA50312FD3B694D7E636FB768C2336FE773BC82D36424C27A4B","0:1,2:1,3:1,4:1,27:1,28:1,36:1,37:1","0","0","0","0","0","","","hybridzip-r2-e5-router-320dd1b-v1-auto-k8-b32-r1","r2-auto-k8","1","25","sao","32","inputs/32KiB/sao.bin","32768","95677430CAD4F000506BC5EE22815C3F4E13D64B477ED506B78D5D9ACFB50CCD","archives/32KiB/sao.hz2","18805","F2051C527BDC64B7FF932E6902A9812845F68FB987886C197ECDF0BD665E1CD4","decoded/32KiB/sao.decoded","32768","95677430CAD4F000506BC5EE22815C3F4E13D64B477ED506B78D5D9ACFB50CCD","48.6354979","21.4321993","548.84765625","548.65625","548.84765625","74FF260A939B01673667723D8351AAEDB679339610009ECB23C70E373B862D9F","profile_id=2;mode=auto-k8;block_size=32768;zstd_level=19;lzma_level=9;threads=1;process_timeout_seconds=3600","""E:\MIXER\hybridzip\build\Release\hybridzip.exe"" c --profile=r2 --r2-mode=auto-k8 --block-size=32768 ""E:\MIXER\hybridzip\results\experiments\hybridzip-r2-e5-router-320dd1b-v1\children\hybridzip-r2-e5-router-320dd1b-v1-auto-k8-b32-r1\inputs\32KiB\sao.bin"" ""E:\MIXER\hybridzip\results\experiments\hybridzip-r2-e5-router-320dd1b-v1\children\hybridzip-r2-e5-router-320dd1b-v1-auto-k8-b32-r1\archives\32KiB\sao.hz2""","""E:\MIXER\hybridzip\build\Release\hybridzip.exe"" d ""E:\MIXER\hybridzip\results\experiments\hybridzip-r2-e5-router-320dd1b-v1\children\hybridzip-r2-e5-router-320dd1b-v1-auto-k8-b32-r1\archives\32KiB\sao.hz2"" ""E:\MIXER\hybridzip\results\experiments\hybridzip-r2-e5-router-320dd1b-v1\children\hybridzip-r2-e5-router-320dd1b-v1-auto-k8-b32-r1\decoded\32KiB\sao.decoded""","0","0","2026-08-28T21:24:03.0075573+08:00","COMPLETE","PASS","paq8px-generic-sse=1","Complete R2 archive size; SHA-256 byte-exact roundtrip verified."
"e5-router","auto-k8","32","1","False","1","1","16","0","00010000","1025B343","4B1AC26C40AD4DA50312FD3B694D7E636FB768C2336FE773BC82D36424C27A4B","0:2,2:2,3:2,4:2,27:2,28:2,36:2,37:2","0","0","0","0","0","","","hybridzip-r2-e5-router-320dd1b-v1-auto-k8-b32-r1","r2-auto-k8","1","26","sao","64","inputs/64KiB/sao.bin","65536","17CBD7166A47786139F60BA33B4E771CE0154F6FA56986883D129BC23F78EBEE","archives/64KiB/sao.hz2","37238","53591C114A6BBA4D65651D5E7C6F19EC624864672A2ED3EE7CD8595298CDC3C7","decoded/64KiB/sao.decoded","65536","17CBD7166A47786139F60BA33B4E771CE0154F6FA56986883D129BC23F78EBEE","87.9697375","36.9519177","549.26171875","548.875","549.26171875","74FF260A939B01673667723D8351AAEDB679339610009ECB23C70E373B862D9F","profile_id=2;mode=auto-k8;block_size=32768;zstd_level=19;lzma_level=9;threads=1;process_timeout_seconds=3600","""E:\MIXER\hybridzip\build\Release\hybridzip.exe"" c --profile=r2 --r2-mode=auto-k8 --block-size=32768 ""E:\MIXER\hybridzip\results\experiments\hybridzip-r2-e5-router-320dd1b-v1\children\hybridzip-r2-e5-router-320dd1b-v1-auto-k8-b32-r1\inputs\64KiB\sao.bin"" ""E:\MIXER\hybridzip\results\experiments\hybridzip-r2-e5-router-320dd1b-v1\children\hybridzip-r2-e5-router-320dd1b-v1-auto-k8-b32-r1\archives\64KiB\sao.hz2""","""E:\MIXER\hybridzip\build\Release\hybridzip.exe"" d ""E:\MIXER\hybridzip\results\experiments\hybridzip-r2-e5-router-320dd1b-v1\children\hybridzip-r2-e5-router-320dd1b-v1-auto-k8-b32-r1\archives\64KiB\sao.hz2"" ""E:\MIXER\hybridzip\results\experiments\hybridzip-r2-e5-router-320dd1b-v1\children\hybridzip-r2-e5-router-320dd1b-v1-auto-k8-b32-r1\decoded\64KiB\sao.decoded""","0","0","2026-08-28T21:25:13.1634785+08:00","COMPLETE","PASS","paq8px-generic-sse=2","Complete R2 archive size; SHA-256 byte-exact roundtrip verified."
"e5-router","auto-k8","32","1","False","1","1","32","0","00010000","1025B343","4B1AC26C40AD4DA50312FD3B694D7E636FB768C2336FE773BC82D36424C27A4B","0:4,2:4,3:4,4:4,27:4,28:4,36:4,37:4","0","0","0","0","0","","","hybridzip-r2-e5-router-320dd1b-v1-auto-k8-b32-r1","r2-auto-k8","1","27","sao","128","inputs/128KiB/sao.bin","131072","75E535B42DB7505118D8B19C7C42C1F49C5542ADDC9DBC13383953659F675CE0","archives/128KiB/sao.hz2","74133","8B4978F96CD45C7287E046B980F9D3D1F334790C8A2C776F2A5582FFD980191C","decoded/128KiB/sao.decoded","131072","75E535B42DB7505118D8B19C7C42C1F49C5542ADDC9DBC13383953659F675CE0","204.8099659","99.9395948","549.41796875","548.99609375","549.41796875","74FF260A939B01673667723D8351AAEDB679339610009ECB23C70E373B862D9F","profile_id=2;mode=auto-k8;block_size=32768;zstd_level=19;lzma_level=9;threads=1;process_timeout_seconds=3600","""E:\MIXER\hybridzip\build\Release\hybridzip.exe"" c --profile=r2 --r2-mode=auto-k8 --block-size=32768 ""E:\MIXER\hybridzip\results\experiments\hybridzip-r2-e5-router-320dd1b-v1\children\hybridzip-r2-e5-router-320dd1b-v1-auto-k8-b32-r1\inputs\128KiB\sao.bin"" ""E:\MIXER\hybridzip\results\experiments\hybridzip-r2-e5-router-320dd1b-v1\children\hybridzip-r2-e5-router-320dd1b-v1-auto-k8-b32-r1\archives\128KiB\sao.hz2""","""E:\MIXER\hybridzip\build\Release\hybridzip.exe"" d ""E:\MIXER\hybridzip\results\experiments\hybridzip-r2-e5-router-320dd1b-v1\children\hybridzip-r2-e5-router-320dd1b-v1-auto-k8-b32-r1\archives\128KiB\sao.hz2"" ""E:\MIXER\hybridzip\results\experiments\hybridzip-r2-e5-router-320dd1b-v1\children\hybridzip-r2-e5-router-320dd1b-v1-auto-k8-b32-r1\decoded\128KiB\sao.decoded""","0","0","2026-08-28T21:27:18.1627705+08:00","COMPLETE","PASS","paq8px-generic-sse=4","Complete R2 archive size; SHA-256 byte-exact roundtrip verified."
"e5-router","auto-k8","32","1","False","1","1","8","0","00010000","1025B343","4B1AC26C40AD4DA50312FD3B694D7E636FB768C2336FE773BC82D36424C27A4B","0:1,2:1,4:1,6:1,19:1,28:1,36:1,37:1","0","0","0","0","0","","","hybridzip-r2-e5-router-320dd1b-v1-auto-k8-b32-r1","r2-auto-k8","1","28","webster","32","inputs/32KiB/webster.bin","32768","774D224695AF4057353F72602BB96CD2AFEEA059AC7737535645F11596FCA85E","archives/32KiB/webster.hz2","9258","82F165E498709848BB88AAFA42C857918BF864A622ABAA31DF3A47A29E0DD6B2","decoded/32KiB/webster.decoded","32768","774D224695AF4057353F72602BB96CD2AFEEA059AC7737535645F11596FCA85E","29.7341075","7.2942421","546.71875","369.76953125","546.71875","74FF260A939B01673667723D8351AAEDB679339610009ECB23C70E373B862D9F","profile_id=2;mode=auto-k8;block_size=32768;zstd_level=19;lzma_level=9;threads=1;process_timeout_seconds=3600","""E:\MIXER\hybridzip\build\Release\hybridzip.exe"" c --profile=r2 --r2-mode=auto-k8 --block-size=32768 ""E:\MIXER\hybridzip\results\experiments\hybridzip-r2-e5-router-320dd1b-v1\children\hybridzip-r2-e5-router-320dd1b-v1-auto-k8-b32-r1\inputs\32KiB\webster.bin"" ""E:\MIXER\hybridzip\results\experiments\hybridzip-r2-e5-router-320dd1b-v1\children\hybridzip-r2-e5-router-320dd1b-v1-auto-k8-b32-r1\archives\32KiB\webster.hz2""","""E:\MIXER\hybridzip\build\Release\hybridzip.exe"" d ""E:\MIXER\hybridzip\results\experiments\hybridzip-r2-e5-router-320dd1b-v1\children\hybridzip-r2-e5-router-320dd1b-v1-auto-k8-b32-r1\archives\32KiB\webster.hz2"" ""E:\MIXER\hybridzip\results\experiments\hybridzip-r2-e5-router-320dd1b-v1\children\hybridzip-r2-e5-router-320dd1b-v1-auto-k8-b32-r1\decoded\32KiB\webster.decoded""","0","0","2026-08-28T21:32:22.9927067+08:00","COMPLETE","PASS","paq8px-detected-sse=1","Complete R2 archive size; SHA-256 byte-exact roundtrip verified."
"e5-router","auto-k8","32","1","False","1","1","16","0","00010000","1025B343","4B1AC26C40AD4DA50312FD3B694D7E636FB768C2336FE773BC82D36424C27A4B","0:2,2:2,4:2,6:2,19:2,28:2,36:2,37:2","0","0","0","0","0","","","hybridzip-r2-e5-router-320dd1b-v1-auto-k8-b32-r1","r2-auto-k8","1","29","webster","64","inputs/64KiB/webster.bin","65536","262258811321382F9E4F44D2184B6B7FED0336CF831446D8336C47D6CCC2B32E","archives/64KiB/webster.hz2","16386","2309796CD059D9C6900875CFBDF6F23D49004A74B83DD00B75F7B49B379A4D1F","decoded/64KiB/webster.decoded","65536","262258811321382F9E4F44D2184B6B7FED0336CF831446D8336C47D6CCC2B32E","61.6106074","17.5639788","546.75390625","369.89453125","546.75390625","74FF260A939B01673667723D8351AAEDB679339610009ECB23C70E373B862D9F","profile_id=2;mode=auto-k8;block_size=32768;zstd_level=19;lzma_level=9;threads=1;process_timeout_seconds=3600","""E:\MIXER\hybridzip\build\Release\hybridzip.exe"" c --profile=r2 --r2-mode=auto-k8 --block-size=32768 ""E:\MIXER\hybridzip\results\experiments\hybridzip-r2-e5-router-320dd1b-v1\children\hybridzip-r2-e5-router-320dd1b-v1-auto-k8-b32-r1\inputs\64KiB\webster.bin"" ""E:\MIXER\hybridzip\results\experiments\hybridzip-r2-e5-router-320dd1b-v1\children\hybridzip-r2-e5-router-320dd1b-v1-auto-k8-b32-r1\archives\64KiB\webster.hz2""","""E:\MIXER\hybridzip\build\Release\hybridzip.exe"" d ""E:\MIXER\hybridzip\results\experiments\hybridzip-r2-e5-router-320dd1b-v1\children\hybridzip-r2-e5-router-320dd1b-v1-auto-k8-b32-r1\archives\64KiB\webster.hz2"" ""E:\MIXER\hybridzip\results\experiments\hybridzip-r2-e5-router-320dd1b-v1\children\hybridzip-r2-e5-router-320dd1b-v1-auto-k8-b32-r1\decoded\64KiB\webster.decoded""","0","0","2026-08-28T21:33:00.7967960+08:00","COMPLETE","PASS","paq8px-detected-sse=2","Complete R2 archive size; SHA-256 byte-exact roundtrip verified."
"e5-router","auto-k8","32","1","False","1","1","32","0","00010000","1025B343","4B1AC26C40AD4DA50312FD3B694D7E636FB768C2336FE773BC82D36424C27A4B","0:4,2:4,4:4,6:4,19:4,28:4,36:4,37:4","0","0","0","0","0","","","hybridzip-r2-e5-router-320dd1b-v1-auto-k8-b32-r1","r2-auto-k8","1","30","webster","128","inputs/128KiB/webster.bin","131072","C069C1FDCA99BC5C44F06D134CD0CDA60315DD631AA6564733B2CE0E6D59305C","archives/128KiB/webster.hz2","30242","208509B4B5B3105FC8720BA2463A921F7F7C704F5C39E5E28AAA9D3CE4CEEECA","decoded/128KiB/webster.decoded","131072","C069C1FDCA99BC5C44F06D134CD0CDA60315DD631AA6564733B2CE0E6D59305C","125.1034958","38.9109191","546.7265625","369.796875","546.7265625","74FF260A939B01673667723D8351AAEDB679339610009ECB23C70E373B862D9F","profile_id=2;mode=auto-k8;block_size=32768;zstd_level=19;lzma_level=9;threads=1;process_timeout_seconds=3600","""E:\MIXER\hybridzip\build\Release\hybridzip.exe"" c --profile=r2 --r2-mode=auto-k8 --block-size=32768 ""E:\MIXER\hybridzip\results\experiments\hybridzip-r2-e5-router-320dd1b-v1\children\hybridzip-r2-e5-router-320dd1b-v1-auto-k8-b32-r1\inputs\128KiB\webster.bin"" ""E:\MIXER\hybridzip\results\experiments\hybridzip-r2-e5-router-320dd1b-v1\children\hybridzip-r2-e5-router-320dd1b-v1-auto-k8-b32-r1\archives\128KiB\webster.hz2""","""E:\MIXER\hybridzip\build\Release\hybridzip.exe"" d ""E:\MIXER\hybridzip\results\experiments\hybridzip-r2-e5-router-320dd1b-v1\children\hybridzip-r2-e5-router-320dd1b-v1-auto-k8-b32-r1\archives\128KiB\webster.hz2"" ""E:\MIXER\hybridzip\results\experiments\hybridzip-r2-e5-router-320dd1b-v1\children\hybridzip-r2-e5-router-320dd1b-v1-auto-k8-b32-r1\decoded\128KiB\webster.decoded""","0","0","2026-08-28T21:34:20.0642223+08:00","COMPLETE","PASS","paq8px-detected-sse=4","Complete R2 archive size; SHA-256 byte-exact roundtrip verified."
"e5-router","auto-k8","32","1","False","1","1","8","0","00010000","1025B343","4B1AC26C40AD4DA50312FD3B694D7E636FB768C2336FE773BC82D36424C27A4B","0:1,2:1,3:1,4:1,10:1,12:1,36:1,37:1","0","0","0","0","0","","","hybridzip-r2-e5-router-320dd1b-v1-auto-k8-b32-r1","r2-auto-k8","1","31","x-ray","32","inputs/32KiB/x-ray.bin","32768","10511AA63DFBD9C0DDBFEFE36068740103D4BA1116E214154A0772057D7E9314","archives/32KiB/x-ray.hz2","14702","7A42F5E3021F2D74A0EB1AA0493B4A1A020327428389D7C79EF9707CCAC35324","decoded/32KiB/x-ray.decoded","32768","10511AA63DFBD9C0DDBFEFE36068740103D4BA1116E214154A0772057D7E9314","40.4547159","17.511521","547.19921875","547.03515625","547.19921875","74FF260A939B01673667723D8351AAEDB679339610009ECB23C70E373B862D9F","profile_id=2;mode=auto-k8;block_size=32768;zstd_level=19;lzma_level=9;threads=1;process_timeout_seconds=3600","""E:\MIXER\hybridzip\build\Release\hybridzip.exe"" c --profile=r2 --r2-mode=auto-k8 --block-size=32768 ""E:\MIXER\hybridzip\results\experiments\hybridzip-r2-e5-router-320dd1b-v1\children\hybridzip-r2-e5-router-320dd1b-v1-auto-k8-b32-r1\inputs\32KiB\x-ray.bin"" ""E:\MIXER\hybridzip\results\experiments\hybridzip-r2-e5-router-320dd1b-v1\children\hybridzip-r2-e5-router-320dd1b-v1-auto-k8-b32-r1\archives\32KiB\x-ray.hz2""","""E:\MIXER\hybridzip\build\Release\hybridzip.exe"" d ""E:\MIXER\hybridzip\results\experiments\hybridzip-r2-e5-router-320dd1b-v1\children\hybridzip-r2-e5-router-320dd1b-v1-auto-k8-b32-r1\archives\32KiB\x-ray.hz2"" ""E:\MIXER\hybridzip\results\experiments\hybridzip-r2-e5-router-320dd1b-v1\children\hybridzip-r2-e5-router-320dd1b-v1-auto-k8-b32-r1\decoded\32KiB\x-ray.decoded""","0","0","2026-08-28T21:37:04.1743987+08:00","COMPLETE","PASS","paq8px-generic-sse=1","Complete R2 archive size; SHA-256 byte-exact roundtrip verified."
"e5-router","auto-k8","32","1","False","1","1","16","0","00010000","1025B343","4B1AC26C40AD4DA50312FD3B694D7E636FB768C2336FE773BC82D36424C27A4B","0:2,2:2,3:2,4:2,10:2,12:2,36:2,37:2","0","0","0","0","0","","","hybridzip-r2-e5-router-320dd1b-v1-auto-k8-b32-r1","r2-auto-k8","1","32","x-ray","64","inputs/64KiB/x-ray.bin","65536","B5A07146616BCD7C2D10071D41E07D204DE0AC629C4CA37D8E867FF00574D0D8","archives/64KiB/x-ray.hz2","29399","F9AE1C6F0428F92774756E7FFB8171DA1DE4782F4E5BC4D259E32982AD297B4D","decoded/64KiB/x-ray.decoded","65536","B5A07146616BCD7C2D10071D41E07D204DE0AC629C4CA37D8E867FF00574D0D8","85.1975922","40.546067","547.42578125","547.08203125","547.42578125","74FF260A939B01673667723D8351AAEDB679339610009ECB23C70E373B862D9F","profile_id=2;mode=auto-k8;block_size=32768;zstd_level=19;lzma_level=9;threads=1;process_timeout_seconds=3600","""E:\MIXER\hybridzip\build\Release\hybridzip.exe"" c --profile=r2 --r2-mode=auto-k8 --block-size=32768 ""E:\MIXER\hybridzip\results\experiments\hybridzip-r2-e5-router-320dd1b-v1\children\hybridzip-r2-e5-router-320dd1b-v1-auto-k8-b32-r1\inputs\64KiB\x-ray.bin"" ""E:\MIXER\hybridzip\results\experiments\hybridzip-r2-e5-router-320dd1b-v1\children\hybridzip-r2-e5-router-320dd1b-v1-auto-k8-b32-r1\archives\64KiB\x-ray.hz2""","""E:\MIXER\hybridzip\build\Release\hybridzip.exe"" d ""E:\MIXER\hybridzip\results\experiments\hybridzip-r2-e5-router-320dd1b-v1\children\hybridzip-r2-e5-router-320dd1b-v1-auto-k8-b32-r1\archives\64KiB\x-ray.hz2"" ""E:\MIXER\hybridzip\results\experiments\hybridzip-r2-e5-router-320dd1b-v1\children\hybridzip-r2-e5-router-320dd1b-v1-auto-k8-b32-r1\decoded\64KiB\x-ray.decoded""","0","0","2026-08-28T21:38:02.2367184+08:00","COMPLETE","PASS","paq8px-generic-sse=2","Complete R2 archive size; SHA-256 byte-exact roundtrip verified."
"e5-router","auto-k8","32","1","False","1","1","32","0","00010000","1025B343","4B1AC26C40AD4DA50312FD3B694D7E636FB768C2336FE773BC82D36424C27A4B","0:4,2:4,3:4,4:4,10:4,12:4,36:4,37:4","0","0","0","0","0","","","hybridzip-r2-e5-router-320dd1b-v1-auto-k8-b32-r1","r2-auto-k8","1","33","x-ray","128","inputs/128KiB/x-ray.bin","131072","7A65B793FB2A694C20686275A899B304445473528F7C998BE26F8C68EB18F76E","archives/128KiB/x-ray.hz2","58525","04439987E444AC18DBAE1020D405CC6E2B92D8045A045295E1F7E66E3DFB4939","decoded/128KiB/x-ray.decoded","131072","7A65B793FB2A694C20686275A899B304445473528F7C998BE26F8C68EB18F76E","153.5840002","82.1402915","547.5234375","547.1171875","547.5234375","74FF260A939B01673667723D8351AAEDB679339610009ECB23C70E373B862D9F","profile_id=2;mode=auto-k8;block_size=32768;zstd_level=19;lzma_level=9;threads=1;process_timeout_seconds=3600","""E:\MIXER\hybridzip\build\Release\hybridzip.exe"" c --profile=r2 --r2-mode=auto-k8 --block-size=32768 ""E:\MIXER\hybridzip\results\experiments\hybridzip-r2-e5-router-320dd1b-v1\children\hybridzip-r2-e5-router-320dd1b-v1-auto-k8-b32-r1\inputs\128KiB\x-ray.bin"" ""E:\MIXER\hybridzip\results\experiments\hybridzip-r2-e5-router-320dd1b-v1\children\hybridzip-r2-e5-router-320dd1b-v1-auto-k8-b32-r1\archives\128KiB\x-ray.hz2""","""E:\MIXER\hybridzip\build\Release\hybridzip.exe"" d ""E:\MIXER\hybridzip\results\experiments\hybridzip-r2-e5-router-320dd1b-v1\children\hybridzip-r2-e5-router-320dd1b-v1-auto-k8-b32-r1\archives\128KiB\x-ray.hz2"" ""E:\MIXER\hybridzip\results\experiments\hybridzip-r2-e5-router-320dd1b-v1\children\hybridzip-r2-e5-router-320dd1b-v1-auto-k8-b32-r1\decoded\128KiB\x-ray.decoded""","0","0","2026-08-28T21:40:08.0674981+08:00","COMPLETE","PASS","paq8px-generic-sse=4","Complete R2 archive size; SHA-256 byte-exact roundtrip verified."
"e5-router","auto-k8","32","1","False","1","1","8","0","00010000","1025B343","4B1AC26C40AD4DA50312FD3B694D7E636FB768C2336FE773BC82D36424C27A4B","0:1,2:1,4:1,6:1,19:1,28:1,36:1,37:1","0","0","0","0","0","","","hybridzip-r2-e5-router-320dd1b-v1-auto-k8-b32-r1","r2-auto-k8","1","34","xml","32","inputs/32KiB/xml.bin","32768","C2F7F129956F8D6FC3D0E3595D93F98D5270B6F5BC4AB5E70F45867822EFDD71","archives/32KiB/xml.hz2","1441","E86CAEABDB7A3613F62A84446E1F67B6E78306E4884BF63D05C2D9832C85AE6F","decoded/32KiB/xml.decoded","32768","C2F7F129956F8D6FC3D0E3595D93F98D5270B6F5BC4AB5E70F45867822EFDD71","23.8996631","9.5345928","542.91015625","542.765625","542.91015625","74FF260A939B01673667723D8351AAEDB679339610009ECB23C70E373B862D9F","profile_id=2;mode=auto-k8;block_size=32768;zstd_level=19;lzma_level=9;threads=1;process_timeout_seconds=3600","""E:\MIXER\hybridzip\build\Release\hybridzip.exe"" c --profile=r2 --r2-mode=auto-k8 --block-size=32768 ""E:\MIXER\hybridzip\results\experiments\hybridzip-r2-e5-router-320dd1b-v1\children\hybridzip-r2-e5-router-320dd1b-v1-auto-k8-b32-r1\inputs\32KiB\xml.bin"" ""E:\MIXER\hybridzip\results\experiments\hybridzip-r2-e5-router-320dd1b-v1\children\hybridzip-r2-e5-router-320dd1b-v1-auto-k8-b32-r1\archives\32KiB\xml.hz2""","""E:\MIXER\hybridzip\build\Release\hybridzip.exe"" d ""E:\MIXER\hybridzip\results\experiments\hybridzip-r2-e5-router-320dd1b-v1\children\hybridzip-r2-e5-router-320dd1b-v1-auto-k8-b32-r1\archives\32KiB\xml.hz2"" ""E:\MIXER\hybridzip\results\experiments\hybridzip-r2-e5-router-320dd1b-v1\children\hybridzip-r2-e5-router-320dd1b-v1-auto-k8-b32-r1\decoded\32KiB\xml.decoded""","0","0","2026-08-28T21:44:03.8722983+08:00","COMPLETE","PASS","paq8px-generic-sse=1","Complete R2 archive size; SHA-256 byte-exact roundtrip verified."
"e5-router","auto-k8","32","1","False","1","1","16","0","00010000","1025B343","4B1AC26C40AD4DA50312FD3B694D7E636FB768C2336FE773BC82D36424C27A4B","0:2,2:2,4:2,6:2,19:2,28:2,36:2,37:2","0","0","0","0","0","","","hybridzip-r2-e5-router-320dd1b-v1-auto-k8-b32-r1","r2-auto-k8","1","35","xml","64","inputs/64KiB/xml.bin","65536","E32AFF2BEBF00105A17DD57F5490C1986D17543CEE837B42EB56B3E0E6F8E7F1","archives/64KiB/xml.hz2","2784","C32ED3152F4B8E8FDDBE2E8EE10392B6146B893B0D8CA09A203870B105D69065","decoded/64KiB/xml.decoded","65536","E32AFF2BEBF00105A17DD57F5490C1986D17543CEE837B42EB56B3E0E6F8E7F1","46.7016754","24.2709703","543.6171875","542.78125","543.6171875","74FF260A939B01673667723D8351AAEDB679339610009ECB23C70E373B862D9F","profile_id=2;mode=auto-k8;block_size=32768;zstd_level=19;lzma_level=9;threads=1;process_timeout_seconds=3600","""E:\MIXER\hybridzip\build\Release\hybridzip.exe"" c --profile=r2 --r2-mode=auto-k8 --block-size=32768 ""E:\MIXER\hybridzip\results\experiments\hybridzip-r2-e5-router-320dd1b-v1\children\hybridzip-r2-e5-router-320dd1b-v1-auto-k8-b32-r1\inputs\64KiB\xml.bin"" ""E:\MIXER\hybridzip\results\experiments\hybridzip-r2-e5-router-320dd1b-v1\children\hybridzip-r2-e5-router-320dd1b-v1-auto-k8-b32-r1\archives\64KiB\xml.hz2""","""E:\MIXER\hybridzip\build\Release\hybridzip.exe"" d ""E:\MIXER\hybridzip\results\experiments\hybridzip-r2-e5-router-320dd1b-v1\children\hybridzip-r2-e5-router-320dd1b-v1-auto-k8-b32-r1\archives\64KiB\xml.hz2"" ""E:\MIXER\hybridzip\results\experiments\hybridzip-r2-e5-router-320dd1b-v1\children\hybridzip-r2-e5-router-320dd1b-v1-auto-k8-b32-r1\decoded\64KiB\xml.decoded""","0","0","2026-08-28T21:44:37.4801908+08:00","COMPLETE","PASS","paq8px-generic-sse=2","Complete R2 archive size; SHA-256 byte-exact roundtrip verified."
"e5-router","auto-k8","32","1","False","1","1","32","0","00010000","1025B343","4B1AC26C40AD4DA50312FD3B694D7E636FB768C2336FE773BC82D36424C27A4B","0:4,2:4,4:4,6:4,19:4,28:4,36:4,37:4","0","0","0","0","0","","","hybridzip-r2-e5-router-320dd1b-v1-auto-k8-b32-r1","r2-auto-k8","1","36","xml","128","inputs/128KiB/xml.bin","131072","5FA29C746885F2EEB98734218475915A78092CCB3B0F68B08861EE210E5B6E25","archives/128KiB/xml.hz2","5721","9E090AFD83693FE8548B66801680609CAECBDBED62D7F5E7E14EBE14B03F9A01","decoded/128KiB/xml.decoded","131072","5FA29C746885F2EEB98734218475915A78092CCB3B0F68B08861EE210E5B6E25","95.8720993","52.8238647","544.109375","543.359375","544.109375","74FF260A939B01673667723D8351AAEDB679339610009ECB23C70E373B862D9F","profile_id=2;mode=auto-k8;block_size=32768;zstd_level=19;lzma_level=9;threads=1;process_timeout_seconds=3600","""E:\MIXER\hybridzip\build\Release\hybridzip.exe"" c --profile=r2 --r2-mode=auto-k8 --block-size=32768 ""E:\MIXER\hybridzip\results\experiments\hybridzip-r2-e5-router-320dd1b-v1\children\hybridzip-r2-e5-router-320dd1b-v1-auto-k8-b32-r1\inputs\128KiB\xml.bin"" ""E:\MIXER\hybridzip\results\experiments\hybridzip-r2-e5-router-320dd1b-v1\children\hybridzip-r2-e5-router-320dd1b-v1-auto-k8-b32-r1\archives\128KiB\xml.hz2""","""E:\MIXER\hybridzip\build\Release\hybridzip.exe"" d ""E:\MIXER\hybridzip\results\experiments\hybridzip-r2-e5-router-320dd1b-v1\children\hybridzip-r2-e5-router-320dd1b-v1-auto-k8-b32-r1\archives\128KiB\xml.hz2"" ""E:\MIXER\hybridzip\results\experiments\hybridzip-r2-e5-router-320dd1b-v1\children\hybridzip-r2-e5-router-320dd1b-v1-auto-k8-b32-r1\decoded\128KiB\xml.decoded""","0","0","2026-08-28T21:45:48.5380975+08:00","COMPLETE","PASS","paq8px-generic-sse=4","Complete R2 archive size; SHA-256 byte-exact roundtrip verified."
"e5-router","auto","64","1","False","1","1","30","1","00010000","1025B343","4B1AC26C40AD4DA50312FD3B694D7E636FB768C2336FE773BC82D36424C27A4B","0:1,1:1,2:1,3:1,4:1,5:1,6:1,7:1,8:1,19:1,20:1,21:1,22:1,23:1,25:1,26:1,27:1,28:1,29:1,30:1,31:1,32:1,33:1,34:1,35:1,36:1,37:1,39:1,40:1,41:1","0","0","0","0","0","","","hybridzip-r2-e5-router-320dd1b-v1-auto-b64-r1","r2-auto","1","1","dickens","32","inputs/32KiB/dickens.bin","32768","FC42DCB9849222C8704C9DCAE606D075B389B66244FB215035148D6409EC0B31","archives/32KiB/dickens.hz2","9598","D2F18FE2DA6D57CD3F403DF0F3F29D5382FBB0EF7A2F00E196EF3557DD9CED63","decoded/32KiB/dickens.decoded","32768","FC42DCB9849222C8704C9DCAE606D075B389B66244FB215035148D6409EC0B31","209.227213","8.0839404","547.5859375","369.40625","547.5859375","74FF260A939B01673667723D8351AAEDB679339610009ECB23C70E373B862D9F","profile_id=2;mode=auto;block_size=65536;zstd_level=19;lzma_level=9;threads=1;process_timeout_seconds=3600","""E:\MIXER\hybridzip\build\Release\hybridzip.exe"" c --profile=r2 --r2-mode=auto --block-size=65536 ""E:\MIXER\hybridzip\results\experiments\hybridzip-r2-e5-router-320dd1b-v1\children\hybridzip-r2-e5-router-320dd1b-v1-auto-b64-r1\inputs\32KiB\dickens.bin"" ""E:\MIXER\hybridzip\results\experiments\hybridzip-r2-e5-router-320dd1b-v1\children\hybridzip-r2-e5-router-320dd1b-v1-auto-b64-r1\archives\32KiB\dickens.hz2""","""E:\MIXER\hybridzip\build\Release\hybridzip.exe"" d ""E:\MIXER\hybridzip\results\experiments\hybridzip-r2-e5-router-320dd1b-v1\children\hybridzip-r2-e5-router-320dd1b-v1-auto-b64-r1\archives\32KiB\dickens.hz2"" ""E:\MIXER\hybridzip\results\experiments\hybridzip-r2-e5-router-320dd1b-v1\children\hybridzip-r2-e5-router-320dd1b-v1-auto-b64-r1\decoded\32KiB\dickens.decoded""","0","0","2026-08-28T21:48:18.6468056+08:00","COMPLETE","PASS","paq8px-detected-sse=1","Complete R2 archive size; SHA-256 byte-exact roundtrip verified."
"e5-router","auto","64","1","False","1","1","30","1","00010000","1025B343","4B1AC26C40AD4DA50312FD3B694D7E636FB768C2336FE773BC82D36424C27A4B","0:1,1:1,2:1,3:1,4:1,5:1,6:1,7:1,8:1,19:1,20:1,21:1,22:1,23:1,25:1,26:1,27:1,28:1,29:1,30:1,31:1,32:1,33:1,34:1,35:1,36:1,37:1,39:1,40:1,41:1","0","0","0","0","0","","","hybridzip-r2-e5-router-320dd1b-v1-auto-b64-r1","r2-auto","1","2","dickens","64","inputs/64KiB/dickens.bin","65536","134AD989A7B8B40C900A3B9C0F4895317DFD827D9E6E933895B08D2F4A8A8293","archives/64KiB/dickens.hz2","17844","9EBFDDCBCC6995702D324605D8E8CEAC8BE4547C0C14BFAEC671D1285512E602","decoded/64KiB/dickens.decoded","65536","134AD989A7B8B40C900A3B9C0F4895317DFD827D9E6E933895B08D2F4A8A8293","400.0961248","17.2437496","548.2265625","370.015625","548.2265625","74FF260A939B01673667723D8351AAEDB679339610009ECB23C70E373B862D9F","profile_id=2;mode=auto;block_size=65536;zstd_level=19;lzma_level=9;threads=1;process_timeout_seconds=3600","""E:\MIXER\hybridzip\build\Release\hybridzip.exe"" c --profile=r2 --r2-mode=auto --block-size=65536 ""E:\MIXER\hybridzip\results\experiments\hybridzip-r2-e5-router-320dd1b-v1\children\hybridzip-r2-e5-router-320dd1b-v1-auto-b64-r1\inputs\64KiB\dickens.bin"" ""E:\MIXER\hybridzip\results\experiments\hybridzip-r2-e5-router-320dd1b-v1\children\hybridzip-r2-e5-router-320dd1b-v1-auto-b64-r1\archives\64KiB\dickens.hz2""","""E:\MIXER\hybridzip\build\Release\hybridzip.exe"" d ""E:\MIXER\hybridzip\results\experiments\hybridzip-r2-e5-router-320dd1b-v1\children\hybridzip-r2-e5-router-320dd1b-v1-auto-b64-r1\archives\64KiB\dickens.hz2"" ""E:\MIXER\hybridzip\results\experiments\hybridzip-r2-e5-router-320dd1b-v1\children\hybridzip-r2-e5-router-320dd1b-v1-auto-b64-r1\decoded\64KiB\dickens.decoded""","0","0","2026-08-28T21:51:56.0322374+08:00","COMPLETE","PASS","paq8px-detected-sse=1","Complete R2 archive size; SHA-256 byte-exact roundtrip verified."
"e5-router","auto","64","1","False","1","1","60","1","00010000","1025B343","4B1AC26C40AD4DA50312FD3B694D7E636FB768C2336FE773BC82D36424C27A4B","0:2,1:2,2:2,3:2,4:2,5:2,6:2,7:2,8:2,19:2,20:2,21:2,22:2,23:2,25:2,26:2,27:2,28:2,29:2,30:2,31:2,32:2,33:2,34:2,35:2,36:2,37:2,39:2,40:2,41:2","0","0","0","0","0","","","hybridzip-r2-e5-router-320dd1b-v1-auto-b64-r1","r2-auto","1","3","dickens","128","inputs/128KiB/dickens.bin","131072","20E33FCC8FAA96DC32A2D0921115C0F363E64C598A5847CE1A3876E356D59872","archives/128KiB/dickens.hz2","35166","8C0B678557066B3C1ADBACA2E450004573FDEE5901BABCDE59A526FD02E621F1","decoded/128KiB/dickens.decoded","131072","20E33FCC8FAA96DC32A2D0921115C0F363E64C598A5847CE1A3876E356D59872","968.2745209","38.865586","549.37109375","370.01953125","549.37109375","74FF260A939B01673667723D8351AAEDB679339610009ECB23C70E373B862D9F","profile_id=2;mode=auto;block_size=65536;zstd_level=19;lzma_level=9;threads=1;process_timeout_seconds=3600","""E:\MIXER\hybridzip\build\Release\hybridzip.exe"" c --profile=r2 --r2-mode=auto --block-size=65536 ""E:\MIXER\hybridzip\results\experiments\hybridzip-r2-e5-router-320dd1b-v1\children\hybridzip-r2-e5-router-320dd1b-v1-auto-b64-r1\inputs\128KiB\dickens.bin"" ""E:\MIXER\hybridzip\results\experiments\hybridzip-r2-e5-router-320dd1b-v1\children\hybridzip-r2-e5-router-320dd1b-v1-auto-b64-r1\archives\128KiB\dickens.hz2""","""E:\MIXER\hybridzip\build\Release\hybridzip.exe"" d ""E:\MIXER\hybridzip\results\experiments\hybridzip-r2-e5-router-320dd1b-v1\children\hybridzip-r2-e5-router-320dd1b-v1-auto-b64-r1\archives\128KiB\dickens.hz2"" ""E:\MIXER\hybridzip\results\experiments\hybridzip-r2-e5-router-320dd1b-v1\children\hybridzip-r2-e5-router-320dd1b-v1-auto-b64-r1\decoded\128KiB\dickens.decoded""","0","0","2026-08-28T21:58:53.4585191+08:00","COMPLETE","PASS","paq8px-detected-sse=2","Complete R2 archive size; SHA-256 byte-exact roundtrip verified."
"e5-router","auto","64","1","False","1","1","34","1","00010000","1025B343","4B1AC26C40AD4DA50312FD3B694D7E636FB768C2336FE773BC82D36424C27A4B","0:1,1:1,2:1,3:1,4:1,5:1,6:1,7:1,8:1,10:1,11:1,12:1,13:1,14:1,16:1,21:1,22:1,23:1,24:1,26:1,27:1,28:1,29:1,30:1,31:1,32:1,33:1,34:1,35:1,36:1,37:1,39:1,40:1,42:1","0","0","0","0","0","","","hybridzip-r2-e5-router-320dd1b-v1-auto-b64-r1","r2-auto","1","4","mozilla","32","inputs/32KiB/mozilla.bin","32768","9DDEEF36CA0CA55B72FE3376D005926DFF3400A2ADE6EAE18482D8017D8645DB","archives/32KiB/mozilla.hz2","6256","2807DAFB32E2409DC96ACFC3AFE991B6F375ACEF6F0EAA118945C7E5DC66DCBD","decoded/32KiB/mozilla.decoded","32768","9DDEEF36CA0CA55B72FE3376D005926DFF3400A2ADE6EAE18482D8017D8645DB","260.5763561","12.7889564","735.28515625","733.98828125","735.28515625","74FF260A939B01673667723D8351AAEDB679339610009ECB23C70E373B862D9F","profile_id=2;mode=auto;block_size=65536;zstd_level=19;lzma_level=9;threads=1;process_timeout_seconds=3600","""E:\MIXER\hybridzip\build\Release\hybridzip.exe"" c --profile=r2 --r2-mode=auto --block-size=65536 ""E:\MIXER\hybridzip\results\experiments\hybridzip-r2-e5-router-320dd1b-v1\children\hybridzip-r2-e5-router-320dd1b-v1-auto-b64-r1\inputs\32KiB\mozilla.bin"" ""E:\MIXER\hybridzip\results\experiments\hybridzip-r2-e5-router-320dd1b-v1\children\hybridzip-r2-e5-router-320dd1b-v1-auto-b64-r1\archives\32KiB\mozilla.hz2""","""E:\MIXER\hybridzip\build\Release\hybridzip.exe"" d ""E:\MIXER\hybridzip\results\experiments\hybridzip-r2-e5-router-320dd1b-v1\children\hybridzip-r2-e5-router-320dd1b-v1-auto-b64-r1\archives\32KiB\mozilla.hz2"" ""E:\MIXER\hybridzip\results\experiments\hybridzip-r2-e5-router-320dd1b-v1\children\hybridzip-r2-e5-router-320dd1b-v1-auto-b64-r1\decoded\32KiB\mozilla.decoded""","0","0","2026-08-28T22:15:40.6860945+08:00","COMPLETE","PASS","paq8px-detected-sse=1","Complete R2 archive size; SHA-256 byte-exact roundtrip verified."
"e5-router","auto","64","1","False","1","1","34","1","00010000","1025B343","4B1AC26C40AD4DA50312FD3B694D7E636FB768C2336FE773BC82D36424C27A4B","0:1,1:1,2:1,3:1,4:1,5:1,6:1,7:1,8:1,10:1,11:1,12:1,13:1,14:1,16:1,17:1,18:1,23:1,24:1,27:1,28:1,29:1,30:1,31:1,32:1,33:1,34:1,35:1,36:1,37:1,38:1,39:1,40:1,42:1","0","0","0","0","0","","","hybridzip-r2-e5-router-320dd1b-v1-auto-b64-r1","r2-auto","1","5","mozilla","64","inputs/64KiB/mozilla.bin","65536","B0050240663F54371D372303EEABA0A59AB0758BCD565F4F639D06561E6BC996","archives/64KiB/mozilla.hz2","8856","72F9C4CCB74A7194B95A0882E07C905DAA9153229805D00B379F4758F67901A9","decoded/64KiB/mozilla.decoded","65536","B0050240663F54371D372303EEABA0A59AB0758BCD565F4F639D06561E6BC996","350.1731377","28.8096151","735.71484375","551.5859375","735.71484375","74FF260A939B01673667723D8351AAEDB679339610009ECB23C70E373B862D9F","profile_id=2;mode=auto;block_size=65536;zstd_level=19;lzma_level=9;threads=1;process_timeout_seconds=3600","""E:\MIXER\hybridzip\build\Release\hybridzip.exe"" c --profile=r2 --r2-mode=auto --block-size=65536 ""E:\MIXER\hybridzip\results\experiments\hybridzip-r2-e5-router-320dd1b-v1\children\hybridzip-r2-e5-router-320dd1b-v1-auto-b64-r1\inputs\64KiB\mozilla.bin"" ""E:\MIXER\hybridzip\results\experiments\hybridzip-r2-e5-router-320dd1b-v1\children\hybridzip-r2-e5-router-320dd1b-v1-auto-b64-r1\archives\64KiB\mozilla.hz2""","""E:\MIXER\hybridzip\build\Release\hybridzip.exe"" d ""E:\MIXER\hybridzip\results\experiments\hybridzip-r2-e5-router-320dd1b-v1\children\hybridzip-r2-e5-router-320dd1b-v1-auto-b64-r1\archives\64KiB\mozilla.hz2"" ""E:\MIXER\hybridzip\results\experiments\hybridzip-r2-e5-router-320dd1b-v1\children\hybridzip-r2-e5-router-320dd1b-v1-auto-b64-r1\decoded\64KiB\mozilla.decoded""","0","0","2026-08-28T22:20:14.1420772+08:00","COMPLETE","PASS","paq8px-generic-sse=1","Complete R2 archive size; SHA-256 byte-exact roundtrip verified."
"e5-router","auto","64","1","False","1","1","68","1","00010000","1025B343","4B1AC26C40AD4DA50312FD3B694D7E636FB768C2336FE773BC82D36424C27A4B","0:2,1:2,2:2,3:2,4:2,5:2,6:2,7:2,8:2,10:2,11:2,12:2,13:2,14:2,16:2,17:2,18:2,23:2,24:2,27:2,28:2,29:2,30:2,31:2,32:2,33:2,34:2,35:2,36:2,37:2,38:2,39:2,40:2,42:2","0","0","0","0","0","","","hybridzip-r2-e5-router-320dd1b-v1-auto-b64-r1","r2-auto","1","6","mozilla","128","inputs/128KiB/mozilla.bin","131072","85CDBEA98382DB12E9A21FF90E1907452712D074000A6B855D2CA215FA591EB4","archives/128KiB/mozilla.hz2","13598","94BF323AC4CCE0F2D2DB6C2C751B350EF61F7BB14FC71CFFFEBF410DBF41349C","decoded/128KiB/mozilla.decoded","131072","85CDBEA98382DB12E9A21FF90E1907452712D074000A6B855D2CA215FA591EB4","697.9495418","54.4774427","735.8046875","551.59765625","735.8046875","74FF260A939B01673667723D8351AAEDB679339610009ECB23C70E373B862D9F","profile_id=2;mode=auto;block_size=65536;zstd_level=19;lzma_level=9;threads=1;process_timeout_seconds=3600","""E:\MIXER\hybridzip\build\Release\hybridzip.exe"" c --profile=r2 --r2-mode=auto --block-size=65536 ""E:\MIXER\hybridzip\results\experiments\hybridzip-r2-e5-router-320dd1b-v1\children\hybridzip-r2-e5-router-320dd1b-v1-auto-b64-r1\inputs\128KiB\mozilla.bin"" ""E:\MIXER\hybridzip\results\experiments\hybridzip-r2-e5-router-320dd1b-v1\children\hybridzip-r2-e5-router-320dd1b-v1-auto-b64-r1\archives\128KiB\mozilla.hz2""","""E:\MIXER\hybridzip\build\Release\hybridzip.exe"" d ""E:\MIXER\hybridzip\results\experiments\hybridzip-r2-e5-router-320dd1b-v1\children\hybridzip-r2-e5-router-320dd1b-v1-auto-b64-r1\archives\128KiB\mozilla.hz2"" ""E:\MIXER\hybridzip\results\experiments\hybridzip-r2-e5-router-320dd1b-v1\children\hybridzip-r2-e5-router-320dd1b-v1-auto-b64-r1\decoded\128KiB\mozilla.decoded""","0","0","2026-08-28T22:26:33.2104040+08:00","COMPLETE","PASS","paq8px-generic-sse=2","Complete R2 archive size; SHA-256 byte-exact roundtrip verified."
"e5-router","auto","64","1","False","1","1","34","1","00010000","1025B343","4B1AC26C40AD4DA50312FD3B694D7E636FB768C2336FE773BC82D36424C27A4B","0:1,1:1,2:1,3:1,4:1,5:1,6:1,7:1,8:1,10:1,11:1,12:1,13:1,14:1,16:1,17:1,18:1,23:1,24:1,27:1,28:1,29:1,30:1,31:1,32:1,33:1,34:1,35:1,36:1,37:1,38:1,39:1,40:1,42:1","0","0","0","0","0","","","hybridzip-r2-e5-router-320dd1b-v1-auto-b64-r1","r2-auto","1","7","mr","32","inputs/32KiB/mr.bin","32768","3BB287B0AF65F777AB00C14E362B4D1962087260556001BBEE0689AA10D9F76A","archives/32KiB/mr.hz2","5167","D8829619579EE8A74831852783153665BDB91F535C609EE18FFBFDBB50F719B1","decoded/32KiB/mr.decoded","32768","3BB287B0AF65F777AB00C14E362B4D1962087260556001BBEE0689AA10D9F76A","173.5110642","10.2629518","547.078125","545.7578125","547.078125","74FF260A939B01673667723D8351AAEDB679339610009ECB23C70E373B862D9F","profile_id=2;mode=auto;block_size=65536;zstd_level=19;lzma_level=9;threads=1;process_timeout_seconds=3600","""E:\MIXER\hybridzip\build\Release\hybridzip.exe"" c --profile=r2 --r2-mode=auto --block-size=65536 ""E:\MIXER\hybridzip\results\experiments\hybridzip-r2-e5-router-320dd1b-v1\children\hybridzip-r2-e5-router-320dd1b-v1-auto-b64-r1\inputs\32KiB\mr.bin"" ""E:\MIXER\hybridzip\results\experiments\hybridzip-r2-e5-router-320dd1b-v1\children\hybridzip-r2-e5-router-320dd1b-v1-auto-b64-r1\archives\32KiB\mr.hz2""","""E:\MIXER\hybridzip\build\Release\hybridzip.exe"" d ""E:\MIXER\hybridzip\results\experiments\hybridzip-r2-e5-router-320dd1b-v1\children\hybridzip-r2-e5-router-320dd1b-v1-auto-b64-r1\archives\32KiB\mr.hz2"" ""E:\MIXER\hybridzip\results\experiments\hybridzip-r2-e5-router-320dd1b-v1\children\hybridzip-r2-e5-router-320dd1b-v1-auto-b64-r1\decoded\32KiB\mr.decoded""","0","0","2026-08-28T22:39:05.7193772+08:00","COMPLETE","PASS","paq8px-generic-sse=1","Complete R2 archive size; SHA-256 byte-exact roundtrip verified."
"e5-router","auto","64","1","False","1","1","34","1","00010000","1025B343","4B1AC26C40AD4DA50312FD3B694D7E636FB768C2336FE773BC82D36424C27A4B","0:1,1:1,2:1,3:1,4:1,5:1,6:1,7:1,8:1,10:1,11:1,12:1,13:1,14:1,16:1,17:1,18:1,23:1,24:1,27:1,28:1,29:1,30:1,31:1,32:1,33:1,34:1,35:1,36:1,37:1,38:1,39:1,40:1,42:1","0","0","0","0","0","","","hybridzip-r2-e5-router-320dd1b-v1-auto-b64-r1","r2-auto","1","8","mr","64","inputs/64KiB/mr.bin","65536","CAB7B6408934009A4BBFEDB57BEB4943BF5478CF8B3688D01F004E0422EBC651","archives/64KiB/mr.hz2","10732","DDC9BECE8F1EFA2291399EBC9F5604456E9204AA575D3D6EAD7FB428ACD4CA4C","decoded/64KiB/mr.decoded","65536","CAB7B6408934009A4BBFEDB57BEB4943BF5478CF8B3688D01F004E0422EBC651","370.6603325","33.994336","547.73828125","545.9609375","547.73828125","74FF260A939B01673667723D8351AAEDB679339610009ECB23C70E373B862D9F","profile_id=2;mode=auto;block_size=65536;zstd_level=19;lzma_level=9;threads=1;process_timeout_seconds=3600","""E:\MIXER\hybridzip\build\Release\hybridzip.exe"" c --profile=r2 --r2-mode=auto --block-size=65536 ""E:\MIXER\hybridzip\results\experiments\hybridzip-r2-e5-router-320dd1b-v1\children\hybridzip-r2-e5-router-320dd1b-v1-auto-b64-r1\inputs\64KiB\mr.bin"" ""E:\MIXER\hybridzip\results\experiments\hybridzip-r2-e5-router-320dd1b-v1\children\hybridzip-r2-e5-router-320dd1b-v1-auto-b64-r1\archives\64KiB\mr.hz2""","""E:\MIXER\hybridzip\build\Release\hybridzip.exe"" d ""E:\MIXER\hybridzip\results\experiments\hybridzip-r2-e5-router-320dd1b-v1\children\hybridzip-r2-e5-router-320dd1b-v1-auto-b64-r1\archives\64KiB\mr.hz2"" ""E:\MIXER\hybridzip\results\experiments\hybridzip-r2-e5-router-320dd1b-v1\children\hybridzip-r2-e5-router-320dd1b-v1-auto-b64-r1\decoded\64KiB\mr.decoded""","0","0","2026-08-28T22:42:09.5775047+08:00","COMPLETE","PASS","paq8px-generic-sse=1","Complete R2 archive size; SHA-256 byte-exact roundtrip verified."
"e5-router","auto","64","1","False","1","1","68","1","00010000","1025B343","4B1AC26C40AD4DA50312FD3B694D7E636FB768C2336FE773BC82D36424C27A4B","0:2,1:2,2:2,3:2,4:2,5:2,6:2,7:2,8:2,10:2,11:2,12:2,13:2,14:2,16:2,17:2,18:2,23:2,24:2,27:2,28:2,29:2,30:2,31:2,32:2,33:2,34:2,35:2,36:2,37:2,38:2,39:2,40:2,42:2","0","0","0","0","0","","","hybridzip-r2-e5-router-320dd1b-v1-auto-b64-r1","r2-auto","1","9","mr","128","inputs/128KiB/mr.bin","131072","473A6A883480C7B2E69402AD888AC07B347C2DF61C6AA0D84E8B8130A27792EA","archives/128KiB/mr.hz2","21814","BD767D1E761570C1349A5124FECCDCE81E6CA3C923F79D4A80B5C2C3D48E0E3B","decoded/128KiB/mr.decoded","131072","473A6A883480C7B2E69402AD888AC07B347C2DF61C6AA0D84E8B8130A27792EA","675.5379085","63.4183374","547.7734375","545.9765625","547.7734375","74FF260A939B01673667723D8351AAEDB679339610009ECB23C70E373B862D9F","profile_id=2;mode=auto;block_size=65536;zstd_level=19;lzma_level=9;threads=1;process_timeout_seconds=3600","""E:\MIXER\hybridzip\build\Release\hybridzip.exe"" c --profile=r2 --r2-mode=auto --block-size=65536 ""E:\MIXER\hybridzip\results\experiments\hybridzip-r2-e5-router-320dd1b-v1\children\hybridzip-r2-e5-router-320dd1b-v1-auto-b64-r1\inputs\128KiB\mr.bin"" ""E:\MIXER\hybridzip\results\experiments\hybridzip-r2-e5-router-320dd1b-v1\children\hybridzip-r2-e5-router-320dd1b-v1-auto-b64-r1\archives\128KiB\mr.hz2""","""E:\MIXER\hybridzip\build\Release\hybridzip.exe"" d ""E:\MIXER\hybridzip\results\experiments\hybridzip-r2-e5-router-320dd1b-v1\children\hybridzip-r2-e5-router-320dd1b-v1-auto-b64-r1\archives\128KiB\mr.hz2"" ""E:\MIXER\hybridzip\results\experiments\hybridzip-r2-e5-router-320dd1b-v1\children\hybridzip-r2-e5-router-320dd1b-v1-auto-b64-r1\decoded\128KiB\mr.decoded""","0","0","2026-08-28T22:48:54.3166901+08:00","COMPLETE","PASS","paq8px-generic-sse=2","Complete R2 archive size; SHA-256 byte-exact roundtrip verified."
"e5-router","auto","64","1","False","1","1","37","1","00010000","1025B343","4B1AC26C40AD4DA50312FD3B694D7E636FB768C2336FE773BC82D36424C27A4B","0:1,1:1,2:1,3:1,4:1,5:1,6:1,7:1,8:1,10:1,11:1,12:1,13:1,16:1,19:1,20:1,21:1,22:1,23:1,24:1,25:1,26:1,27:1,28:1,29:1,30:1,31:1,32:1,33:1,34:1,35:1,36:1,37:1,39:1,40:1,41:1,42:1","0","0","0","0","0","","","hybridzip-r2-e5-router-320dd1b-v1-auto-b64-r1","r2-auto","1","10","nci","32","inputs/32KiB/nci.bin","32768","0D3034FE8B0E573DE1439ED98CE409B83B13E5895085C9BFB0BF980F4962FB79","archives/32KiB/nci.hz2","1341","678E33A41DCF66B8D195990EC59425F468F104AB64BA868623DCE6783BF92DDA","decoded/32KiB/nci.decoded","32768","0D3034FE8B0E573DE1439ED98CE409B83B13E5895085C9BFB0BF980F4962FB79","223.2331277","4.0503397","542.11328125","361.76953125","542.11328125","74FF260A939B01673667723D8351AAEDB679339610009ECB23C70E373B862D9F","profile_id=2;mode=auto;block_size=65536;zstd_level=19;lzma_level=9;threads=1;process_timeout_seconds=3600","""E:\MIXER\hybridzip\build\Release\hybridzip.exe"" c --profile=r2 --r2-mode=auto --block-size=65536 ""E:\MIXER\hybridzip\results\experiments\hybridzip-r2-e5-router-320dd1b-v1\children\hybridzip-r2-e5-router-320dd1b-v1-auto-b64-r1\inputs\32KiB\nci.bin"" ""E:\MIXER\hybridzip\results\experiments\hybridzip-r2-e5-router-320dd1b-v1\children\hybridzip-r2-e5-router-320dd1b-v1-auto-b64-r1\archives\32KiB\nci.hz2""","""E:\MIXER\hybridzip\build\Release\hybridzip.exe"" d ""E:\MIXER\hybridzip\results\experiments\hybridzip-r2-e5-router-320dd1b-v1\children\hybridzip-r2-e5-router-320dd1b-v1-auto-b64-r1\archives\32KiB\nci.hz2"" ""E:\MIXER\hybridzip\results\experiments\hybridzip-r2-e5-router-320dd1b-v1\children\hybridzip-r2-e5-router-320dd1b-v1-auto-b64-r1\decoded\32KiB\nci.decoded""","0","0","2026-08-28T23:01:13.3573099+08:00","COMPLETE","PASS","paq8px-detected-sse=1","Complete R2 archive size; SHA-256 byte-exact roundtrip verified."
"e5-router","auto","64","1","False","1","1","37","1","00010000","1025B343","4B1AC26C40AD4DA50312FD3B694D7E636FB768C2336FE773BC82D36424C27A4B","0:1,1:1,2:1,3:1,4:1,5:1,6:1,7:1,8:1,10:1,11:1,12:1,13:1,16:1,19:1,20:1,21:1,22:1,23:1,24:1,25:1,26:1,27:1,28:1,29:1,30:1,31:1,32:1,33:1,34:1,35:1,36:1,37:1,39:1,40:1,41:1,42:1","0","0","0","0","0","","","hybridzip-r2-e5-router-320dd1b-v1-auto-b64-r1","r2-auto","1","11","nci","64","inputs/64KiB/nci.bin","65536","B01B411AC3B5CE2FBF37242C0C59D2D236D2F7039937C1B1A0F18F4CC02549FE","archives/64KiB/nci.hz2","2058","A647C28FCE20ED4B7B5082627DE6AFFC1187BFB23D03C752A3298CDDB2805BE4","decoded/64KiB/nci.decoded","65536","B01B411AC3B5CE2FBF37242C0C59D2D236D2F7039937C1B1A0F18F4CC02549FE","321.6033549","8.4502486","543.66796875","369.54296875","543.66796875","74FF260A939B01673667723D8351AAEDB679339610009ECB23C70E373B862D9F","profile_id=2;mode=auto;block_size=65536;zstd_level=19;lzma_level=9;threads=1;process_timeout_seconds=3600","""E:\MIXER\hybridzip\build\Release\hybridzip.exe"" c --profile=r2 --r2-mode=auto --block-size=65536 ""E:\MIXER\hybridzip\results\experiments\hybridzip-r2-e5-router-320dd1b-v1\children\hybridzip-r2-e5-router-320dd1b-v1-auto-b64-r1\inputs\64KiB\nci.bin"" ""E:\MIXER\hybridzip\results\experiments\hybridzip-r2-e5-router-320dd1b-v1\children\hybridzip-r2-e5-router-320dd1b-v1-auto-b64-r1\archives\64KiB\nci.hz2""","""E:\MIXER\hybridzip\build\Release\hybridzip.exe"" d ""E:\MIXER\hybridzip\results\experiments\hybridzip-r2-e5-router-320dd1b-v1\children\hybridzip-r2-e5-router-320dd1b-v1-auto-b64-r1\archives\64KiB\nci.hz2"" ""E:\MIXER\hybridzip\results\experiments\hybridzip-r2-e5-router-320dd1b-v1\children\hybridzip-r2-e5-router-320dd1b-v1-auto-b64-r1\decoded\64KiB\nci.decoded""","0","0","2026-08-28T23:05:00.7242246+08:00","COMPLETE","PASS","paq8px-detected-sse=1","Complete R2 archive size; SHA-256 byte-exact roundtrip verified."
"e5-router","auto","64","1","False","1","1","74","1","00010000","1025B343","4B1AC26C40AD4DA50312FD3B694D7E636FB768C2336FE773BC82D36424C27A4B","0:2,1:2,2:2,3:2,4:2,5:2,6:2,7:2,8:2,10:2,11:2,12:2,13:2,16:2,19:2,20:2,21:2,22:2,23:2,24:2,25:2,26:2,27:2,28:2,29:2,30:2,31:2,32:2,33:2,34:2,35:2,36:2,37:2,39:2,40:2,41:2,42:2","0","0","0","0","0","","","hybridzip-r2-e5-router-320dd1b-v1-auto-b64-r1","r2-auto","1","12","nci","128","inputs/128KiB/nci.bin","131072","C8A1D610355E5EF900ED4C704DF14ADF1935D95DFD8F1740AC9FD90FC9BF5781","archives/128KiB/nci.hz2","4773","E34010CAD2FE534BEC16A93C39D4E8300CC3B7BDB86359CE54A1B364B4B4329A","decoded/128KiB/nci.decoded","131072","C8A1D610355E5EF900ED4C704DF14ADF1935D95DFD8F1740AC9FD90FC9BF5781","610.6258453","17.2461367","547.03125","366.39453125","547.03125","74FF260A939B01673667723D8351AAEDB679339610009ECB23C70E373B862D9F","profile_id=2;mode=auto;block_size=65536;zstd_level=19;lzma_level=9;threads=1;process_timeout_seconds=3600","""E:\MIXER\hybridzip\build\Release\hybridzip.exe"" c --profile=r2 --r2-mode=auto --block-size=65536 ""E:\MIXER\hybridzip\results\experiments\hybridzip-r2-e5-router-320dd1b-v1\children\hybridzip-r2-e5-router-320dd1b-v1-auto-b64-r1\inputs\128KiB\nci.bin"" ""E:\MIXER\hybridzip\results\experiments\hybridzip-r2-e5-router-320dd1b-v1\children\hybridzip-r2-e5-router-320dd1b-v1-auto-b64-r1\archives\128KiB\nci.hz2""","""E:\MIXER\hybridzip\build\Release\hybridzip.exe"" d ""E:\MIXER\hybridzip\results\experiments\hybridzip-r2-e5-router-320dd1b-v1\children\hybridzip-r2-e5-router-320dd1b-v1-auto-b64-r1\archives\128KiB\nci.hz2"" ""E:\MIXER\hybridzip\results\experiments\hybridzip-r2-e5-router-320dd1b-v1\children\hybridzip-r2-e5-router-320dd1b-v1-auto-b64-r1\decoded\128KiB\nci.decoded""","0","0","2026-08-28T23:10:31.0605079+08:00","COMPLETE","PASS","paq8px-detected-sse=2","Complete R2 archive size; SHA-256 byte-exact roundtrip verified."
"e5-router","auto","64","1","False","1","1","34","1","00010000","1025B343","4B1AC26C40AD4DA50312FD3B694D7E636FB768C2336FE773BC82D36424C27A4B","0:1,1:1,2:1,3:1,4:1,5:1,6:1,7:1,8:1,9:1,10:1,11:1,12:1,13:1,14:1,15:1,16:1,18:1,24:1,27:1,28:1,29:1,30:1,31:1,32:1,33:1,34:1,35:1,36:1,37:1,38:1,39:1,40:1,42:1","0","0","0","0","0","","","hybridzip-r2-e5-router-320dd1b-v1-auto-b64-r1","r2-auto","1","13","ooffice","32","inputs/32KiB/ooffice.bin","32768","2ACF9B4CAAEAC5814CDFEF0FA48A5ECE857C847DBDB7B44EEAB95CA3C098921C","archives/32KiB/ooffice.hz2","8097","0F4DE6DD6DE3130274BD45710A1EA770DB2A0CC044725E23D98928AD989F6630","decoded/32KiB/ooffice.decoded","32768","2ACF9B4CAAEAC5814CDFEF0FA48A5ECE857C847DBDB7B44EEAB95CA3C098921C","160.5936057","17.3896861","552.78125","551.1875","552.78125","74FF260A939B01673667723D8351AAEDB679339610009ECB23C70E373B862D9F","profile_id=2;mode=auto;block_size=65536;zstd_level=19;lzma_level=9;threads=1;process_timeout_seconds=3600","""E:\MIXER\hybridzip\build\Release\hybridzip.exe"" c --profile=r2 --r2-mode=auto --block-size=65536 ""E:\MIXER\hybridzip\results\experiments\hybridzip-r2-e5-router-320dd1b-v1\children\hybridzip-r2-e5-router-320dd1b-v1-auto-b64-r1\inputs\32KiB\ooffice.bin"" ""E:\MIXER\hybridzip\results\experiments\hybridzip-r2-e5-router-320dd1b-v1\children\hybridzip-r2-e5-router-320dd1b-v1-auto-b64-r1\archives\32KiB\ooffice.hz2""","""E:\MIXER\hybridzip\build\Release\hybridzip.exe"" d ""E:\MIXER\hybridzip\results\experiments\hybridzip-r2-e5-router-320dd1b-v1\children\hybridzip-r2-e5-router-320dd1b-v1-auto-b64-r1\archives\32KiB\ooffice.hz2"" ""E:\MIXER\hybridzip\results\experiments\hybridzip-r2-e5-router-320dd1b-v1\children\hybridzip-r2-e5-router-320dd1b-v1-auto-b64-r1\decoded\32KiB\ooffice.decoded""","0","0","2026-08-28T23:20:59.0140020+08:00","COMPLETE","PASS","paq8px-generic-sse=1","Complete R2 archive size; SHA-256 byte-exact roundtrip verified."
"e5-router","auto","64","1","False","1","1","33","1","00010000","1025B343","4B1AC26C40AD4DA50312FD3B694D7E636FB768C2336FE773BC82D36424C27A4B","0:1,1:1,2:1,3:1,4:1,5:1,6:1,7:1,8:1,9:1,10:1,11:1,12:1,13:1,14:1,15:1,16:1,18:1,27:1,28:1,29:1,30:1,31:1,32:1,33:1,34:1,35:1,36:1,37:1,38:1,39:1,40:1,42:1","0","0","0","0","0","","","hybridzip-r2-e5-router-320dd1b-v1-auto-b64-r1","r2-auto","1","14","ooffice","64","inputs/64KiB/ooffice.bin","65536","9D30521922187D0A26F56CF2DF85001F9585D0D4EC6A0A8797466AFCC367F825","archives/64KiB/ooffice.hz2","19134","C0B99FE8D82BEB28A1931CE7ED7B499CC7E02E8FCDA8C6B3B54DBB6F9120942C","decoded/64KiB/ooffice.decoded","65536","9D30521922187D0A26F56CF2DF85001F9585D0D4EC6A0A8797466AFCC367F825","342.1200292","42.7009791","554.0859375","552.7421875","554.0859375","74FF260A939B01673667723D8351AAEDB679339610009ECB23C70E373B862D9F","profile_id=2;mode=auto;block_size=65536;zstd_level=19;lzma_level=9;threads=1;process_timeout_seconds=3600","""E:\MIXER\hybridzip\build\Release\hybridzip.exe"" c --profile=r2 --r2-mode=auto --block-size=65536 ""E:\MIXER\hybridzip\results\experiments\hybridzip-r2-e5-router-320dd1b-v1\children\hybridzip-r2-e5-router-320dd1b-v1-auto-b64-r1\inputs\64KiB\ooffice.bin"" ""E:\MIXER\hybridzip\results\experiments\hybridzip-r2-e5-router-320dd1b-v1\children\hybridzip-r2-e5-router-320dd1b-v1-auto-b64-r1\archives\64KiB\ooffice.hz2""","""E:\MIXER\hybridzip\build\Release\hybridzip.exe"" d ""E:\MIXER\hybridzip\results\experiments\hybridzip-r2-e5-router-320dd1b-v1\children\hybridzip-r2-e5-router-320dd1b-v1-auto-b64-r1\archives\64KiB\ooffice.hz2"" ""E:\MIXER\hybridzip\results\experiments\hybridzip-r2-e5-router-320dd1b-v1\children\hybridzip-r2-e5-router-320dd1b-v1-auto-b64-r1\decoded\64KiB\ooffice.decoded""","0","0","2026-08-28T23:23:57.1176183+08:00","COMPLETE","PASS","paq8px-detected-sse=1","Complete R2 archive size; SHA-256 byte-exact roundtrip verified."
"e5-router","auto","64","1","False","1","1","64","1","00010000","1025B343","4B1AC26C40AD4DA50312FD3B694D7E636FB768C2336FE773BC82D36424C27A4B","0:2,1:2,2:2,3:2,4:2,5:2,6:2,7:2,8:2,9:2,10:2,11:2,12:2,13:2,14:2,15:2,16:2,18:1,27:2,28:2,29:2,30:2,31:2,32:2,33:2,34:2,35:2,36:2,37:2,38:1,39:2,40:2,42:2","0","0","0","0","0","","","hybridzip-r2-e5-router-320dd1b-v1-auto-b64-r1","r2-auto","1","15","ooffice","128","inputs/128KiB/ooffice.bin","131072","09FA5F3EE5311528863F8C3FADA3B530CC24AC1D88128E4DB2BF434161879FEF","archives/128KiB/ooffice.hz2","42441","FF68CFA071A3E97BF179CC371A9078C89D621074E2548B7B5D56A7B296D76465","decoded/128KiB/ooffice.decoded","131072","09FA5F3EE5311528863F8C3FADA3B530CC24AC1D88128E4DB2BF434161879FEF","695.0992269","92.2150773","555.08203125","552.7421875","555.08203125","74FF260A939B01673667723D8351AAEDB679339610009ECB23C70E373B862D9F","profile_id=2;mode=auto;block_size=65536;zstd_level=19;lzma_level=9;threads=1;process_timeout_seconds=3600","""E:\MIXER\hybridzip\build\Release\hybridzip.exe"" c --profile=r2 --r2-mode=auto --block-size=65536 ""E:\MIXER\hybridzip\results\experiments\hybridzip-r2-e5-router-320dd1b-v1\children\hybridzip-r2-e5-router-320dd1b-v1-auto-b64-r1\inputs\128KiB\ooffice.bin"" ""E:\MIXER\hybridzip\results\experiments\hybridzip-r2-e5-router-320dd1b-v1\children\hybridzip-r2-e5-router-320dd1b-v1-auto-b64-r1\archives\128KiB\ooffice.hz2""","""E:\MIXER\hybridzip\build\Release\hybridzip.exe"" d ""E:\MIXER\hybridzip\results\experiments\hybridzip-r2-e5-router-320dd1b-v1\children\hybridzip-r2-e5-router-320dd1b-v1-auto-b64-r1\archives\128KiB\ooffice.hz2"" ""E:\MIXER\hybridzip\results\experiments\hybridzip-r2-e5-router-320dd1b-v1\children\hybridzip-r2-e5-router-320dd1b-v1-auto-b64-r1\decoded\128KiB\ooffice.decoded""","0","0","2026-08-28T23:30:22.0379359+08:00","COMPLETE","PASS","paq8px-detected-sse=2","Complete R2 archive size; SHA-256 byte-exact roundtrip verified."
"e5-router","auto","64","1","False","1","1","30","1","00010000","1025B343","4B1AC26C40AD4DA50312FD3B694D7E636FB768C2336FE773BC82D36424C27A4B","0:1,1:1,2:1,3:1,4:1,5:1,6:1,7:1,8:1,14:1,19:1,21:1,22:1,23:1,25:1,26:1,27:1,28:1,29:1,30:1,31:1,32:1,33:1,34:1,35:1,36:1,37:1,39:1,40:1,41:1","0","0","0","0","0","","","hybridzip-r2-e5-router-320dd1b-v1-auto-b64-r1","r2-auto","1","16","osdb","32","inputs/32KiB/osdb.bin","32768","03B2C20B777682CD960BCD893D7A4463161D9C0200FD1708B2EFAE32A259D0B7","archives/32KiB/osdb.hz2","11420","279669EBF23548953045419EF810A7AAF44162FCBFEB0D3F970FE485F709E9EA","decoded/32KiB/osdb.decoded","32768","03B2C20B777682CD960BCD893D7A4463161D9C0200FD1708B2EFAE32A259D0B7","270.8115596","17.8769028","549.91796875","548.296875","549.91796875","74FF260A939B01673667723D8351AAEDB679339610009ECB23C70E373B862D9F","profile_id=2;mode=auto;block_size=65536;zstd_level=19;lzma_level=9;threads=1;process_timeout_seconds=3600","""E:\MIXER\hybridzip\build\Release\hybridzip.exe"" c --profile=r2 --r2-mode=auto --block-size=65536 ""E:\MIXER\hybridzip\results\experiments\hybridzip-r2-e5-router-320dd1b-v1\children\hybridzip-r2-e5-router-320dd1b-v1-auto-b64-r1\inputs\32KiB\osdb.bin"" ""E:\MIXER\hybridzip\results\experiments\hybridzip-r2-e5-router-320dd1b-v1\children\hybridzip-r2-e5-router-320dd1b-v1-auto-b64-r1\archives\32KiB\osdb.hz2""","""E:\MIXER\hybridzip\build\Release\hybridzip.exe"" d ""E:\MIXER\hybridzip\results\experiments\hybridzip-r2-e5-router-320dd1b-v1\children\hybridzip-r2-e5-router-320dd1b-v1-auto-b64-r1\archives\32KiB\osdb.hz2"" ""E:\MIXER\hybridzip\results\experiments\hybridzip-r2-e5-router-320dd1b-v1\children\hybridzip-r2-e5-router-320dd1b-v1-auto-b64-r1\decoded\32KiB\osdb.decoded""","0","0","2026-08-28T23:43:29.4532589+08:00","COMPLETE","PASS","paq8px-generic-sse=1","Complete R2 archive size; SHA-256 byte-exact roundtrip verified."
"e5-router","auto","64","1","False","1","1","30","1","00010000","1025B343","4B1AC26C40AD4DA50312FD3B694D7E636FB768C2336FE773BC82D36424C27A4B","0:1,1:1,2:1,3:1,4:1,5:1,6:1,7:1,8:1,14:1,19:1,21:1,22:1,23:1,25:1,26:1,27:1,28:1,29:1,30:1,31:1,32:1,33:1,34:1,35:1,36:1,37:1,39:1,40:1,41:1","0","0","0","0","0","","","hybridzip-r2-e5-router-320dd1b-v1-auto-b64-r1","r2-auto","1","17","osdb","64","inputs/64KiB/osdb.bin","65536","F8FE629325A07588118BA0B65880A87DED43EF249CCBC91F0E977BBACAE0C125","archives/64KiB/osdb.hz2","18994","41D55EEDD7DBFC38DEB629A8FF61F547B78898D691F4EF34E343A61C35247550","decoded/64KiB/osdb.decoded","65536","F8FE629325A07588118BA0B65880A87DED43EF249CCBC91F0E977BBACAE0C125","541.0075656","38.3747275","551.45703125","549.75390625","551.45703125","74FF260A939B01673667723D8351AAEDB679339610009ECB23C70E373B862D9F","profile_id=2;mode=auto;block_size=65536;zstd_level=19;lzma_level=9;threads=1;process_timeout_seconds=3600","""E:\MIXER\hybridzip\build\Release\hybridzip.exe"" c --profile=r2 --r2-mode=auto --block-size=65536 ""E:\MIXER\hybridzip\results\experiments\hybridzip-r2-e5-router-320dd1b-v1\children\hybridzip-r2-e5-router-320dd1b-v1-auto-b64-r1\inputs\64KiB\osdb.bin"" ""E:\MIXER\hybridzip\results\experiments\hybridzip-r2-e5-router-320dd1b-v1\children\hybridzip-r2-e5-router-320dd1b-v1-auto-b64-r1\archives\64KiB\osdb.hz2""","""E:\MIXER\hybridzip\build\Release\hybridzip.exe"" d ""E:\MIXER\hybridzip\results\experiments\hybridzip-r2-e5-router-320dd1b-v1\children\hybridzip-r2-e5-router-320dd1b-v1-auto-b64-r1\archives\64KiB\osdb.hz2"" ""E:\MIXER\hybridzip\results\experiments\hybridzip-r2-e5-router-320dd1b-v1\children\hybridzip-r2-e5-router-320dd1b-v1-auto-b64-r1\decoded\64KiB\osdb.decoded""","0","0","2026-08-28T23:48:18.2317214+08:00","COMPLETE","PASS","paq8px-generic-sse=1","Complete R2 archive size; SHA-256 byte-exact roundtrip verified."
"e5-router","auto","64","1","False","1","1","60","1","00010000","1025B343","4B1AC26C40AD4DA50312FD3B694D7E636FB768C2336FE773BC82D36424C27A4B","0:2,1:2,2:2,3:2,4:2,5:2,6:2,7:2,8:2,14:2,19:2,21:2,22:2,23:2,25:2,26:2,27:2,28:2,29:2,30:2,31:2,32:2,33:2,34:2,35:2,36:2,37:2,39:2,40:2,41:2","0","0","0","0","0","","","hybridzip-r2-e5-router-320dd1b-v1-auto-b64-r1","r2-auto","1","18","osdb","128","inputs/128KiB/osdb.bin","131072","D977E72AE13AEFC36A4B6171A895E26A0E6EEE447B1B9FBE868D7B1C046CC91F","archives/128KiB/osdb.hz2","38016","CC75DD75A733F90C78C2599A56E9C60DA98ED8A24EAF0F52271FA15B3E027CF4","decoded/128KiB/osdb.decoded","131072","D977E72AE13AEFC36A4B6171A895E26A0E6EEE447B1B9FBE868D7B1C046CC91F","1097.9273726","84.8787849","554.1015625","549.8125","554.1015625","74FF260A939B01673667723D8351AAEDB679339610009ECB23C70E373B862D9F","profile_id=2;mode=auto;block_size=65536;zstd_level=19;lzma_level=9;threads=1;process_timeout_seconds=3600","""E:\MIXER\hybridzip\build\Release\hybridzip.exe"" c --profile=r2 --r2-mode=auto --block-size=65536 ""E:\MIXER\hybridzip\results\experiments\hybridzip-r2-e5-router-320dd1b-v1\children\hybridzip-r2-e5-router-320dd1b-v1-auto-b64-r1\inputs\128KiB\osdb.bin"" ""E:\MIXER\hybridzip\results\experiments\hybridzip-r2-e5-router-320dd1b-v1\children\hybridzip-r2-e5-router-320dd1b-v1-auto-b64-r1\archives\128KiB\osdb.hz2""","""E:\MIXER\hybridzip\build\Release\hybridzip.exe"" d ""E:\MIXER\hybridzip\results\experiments\hybridzip-r2-e5-router-320dd1b-v1\children\hybridzip-r2-e5-router-320dd1b-v1-auto-b64-r1\archives\128KiB\osdb.hz2"" ""E:\MIXER\hybridzip\results\experiments\hybridzip-r2-e5-router-320dd1b-v1\children\hybridzip-r2-e5-router-320dd1b-v1-auto-b64-r1\decoded\128KiB\osdb.decoded""","0","0","2026-08-28T23:57:57.7011812+08:00","COMPLETE","PASS","paq8px-generic-sse=2","Complete R2 archive size; SHA-256 byte-exact roundtrip verified."
"e5-router","auto","64","1","False","1","1","30","1","00010000","1025B343","4B1AC26C40AD4DA50312FD3B694D7E636FB768C2336FE773BC82D36424C27A4B","0:1,1:1,2:1,3:1,4:1,5:1,6:1,7:1,8:1,19:1,20:1,21:1,22:1,23:1,25:1,26:1,27:1,28:1,29:1,30:1,31:1,32:1,33:1,34:1,35:1,36:1,37:1,39:1,40:1,41:1","0","0","0","0","0","","","hybridzip-r2-e5-router-320dd1b-v1-auto-b64-r1","r2-auto","1","19","reymont","32","inputs/32KiB/reymont.bin","32768","9D5E4B9340C2260DAE7DDB01B3EDA58236FF2DE5E1FF4D56767AA840B6FB1A87","archives/32KiB/reymont.hz2","5679","C28FE6E7FA1F83DD6A4C0455BDC672B0B5CA34DFEB791738578F5F52E8FBCD17","decoded/32KiB/reymont.decoded","32768","9D5E4B9340C2260DAE7DDB01B3EDA58236FF2DE5E1FF4D56767AA840B6FB1A87","232.0863707","5.9169128","545.828125","369.14453125","545.828125","74FF260A939B01673667723D8351AAEDB679339610009ECB23C70E373B862D9F","profile_id=2;mode=auto;block_size=65536;zstd_level=19;lzma_level=9;threads=1;process_timeout_seconds=3600","""E:\MIXER\hybridzip\build\Release\hybridzip.exe"" c --profile=r2 --r2-mode=auto --block-size=65536 ""E:\MIXER\hybridzip\results\experiments\hybridzip-r2-e5-router-320dd1b-v1\children\hybridzip-r2-e5-router-320dd1b-v1-auto-b64-r1\inputs\32KiB\reymont.bin"" ""E:\MIXER\hybridzip\results\experiments\hybridzip-r2-e5-router-320dd1b-v1\children\hybridzip-r2-e5-router-320dd1b-v1-auto-b64-r1\archives\32KiB\reymont.hz2""","""E:\MIXER\hybridzip\build\Release\hybridzip.exe"" d ""E:\MIXER\hybridzip\results\experiments\hybridzip-r2-e5-router-320dd1b-v1\children\hybridzip-r2-e5-router-320dd1b-v1-auto-b64-r1\archives\32KiB\reymont.hz2"" ""E:\MIXER\hybridzip\results\experiments\hybridzip-r2-e5-router-320dd1b-v1\children\hybridzip-r2-e5-router-320dd1b-v1-auto-b64-r1\decoded\32KiB\reymont.decoded""","0","0","2026-08-29T00:17:40.5952483+08:00","COMPLETE","PASS","paq8px-detected-sse=1","Complete R2 archive size; SHA-256 byte-exact roundtrip verified."
"e5-router","auto","64","1","False","1","1","29","1","00010000","1025B343","4B1AC26C40AD4DA50312FD3B694D7E636FB768C2336FE773BC82D36424C27A4B","0:1,1:1,2:1,3:1,4:1,5:1,6:1,7:1,8:1,19:1,21:1,22:1,23:1,25:1,26:1,27:1,28:1,29:1,30:1,31:1,32:1,33:1,34:1,35:1,36:1,37:1,39:1,40:1,41:1","0","0","0","0","0","","","hybridzip-r2-e5-router-320dd1b-v1-auto-b64-r1","r2-auto","1","20","reymont","64","inputs/64KiB/reymont.bin","65536","A5ECAAABB133F1ADF8DE6062BE6381D143E87F9F8050EEA9B5BE6F92B88C3C22","archives/64KiB/reymont.hz2","10629","4D47217E410F82C8489A1BD62A2720C7EF3C950137EAD6C3AE2079EB49F89984","decoded/64KiB/reymont.decoded","65536","A5ECAAABB133F1ADF8DE6062BE6381D143E87F9F8050EEA9B5BE6F92B88C3C22","472.3096986","14.106817","546.390625","369.77734375","546.390625","74FF260A939B01673667723D8351AAEDB679339610009ECB23C70E373B862D9F","profile_id=2;mode=auto;block_size=65536;zstd_level=19;lzma_level=9;threads=1;process_timeout_seconds=3600","""E:\MIXER\hybridzip\build\Release\hybridzip.exe"" c --profile=r2 --r2-mode=auto --block-size=65536 ""E:\MIXER\hybridzip\results\experiments\hybridzip-r2-e5-router-320dd1b-v1\children\hybridzip-r2-e5-router-320dd1b-v1-auto-b64-r1\inputs\64KiB\reymont.bin"" ""E:\MIXER\hybridzip\results\experiments\hybridzip-r2-e5-router-320dd1b-v1\children\hybridzip-r2-e5-router-320dd1b-v1-auto-b64-r1\archives\64KiB\reymont.hz2""","""E:\MIXER\hybridzip\build\Release\hybridzip.exe"" d ""E:\MIXER\hybridzip\results\experiments\hybridzip-r2-e5-router-320dd1b-v1\children\hybridzip-r2-e5-router-320dd1b-v1-auto-b64-r1\archives\64KiB\reymont.hz2"" ""E:\MIXER\hybridzip\results\experiments\hybridzip-r2-e5-router-320dd1b-v1\children\hybridzip-r2-e5-router-320dd1b-v1-auto-b64-r1\decoded\64KiB\reymont.decoded""","0","0","2026-08-29T00:21:38.7011128+08:00","COMPLETE","PASS","paq8px-detected-sse=1","Complete R2 archive size; SHA-256 byte-exact roundtrip verified."
"e5-router","auto","64","1","False","1","1","58","1","00010000","1025B343","4B1AC26C40AD4DA50312FD3B694D7E636FB768C2336FE773BC82D36424C27A4B","0:2,1:2,2:2,3:2,4:2,5:2,6:2,7:2,8:2,19:2,21:2,22:2,23:2,25:2,26:2,27:2,28:2,29:2,30:2,31:2,32:2,33:2,34:2,35:2,36:2,37:2,39:2,40:2,41:2","0","0","0","0","0","","","hybridzip-r2-e5-router-320dd1b-v1-auto-b64-r1","r2-auto","1","21","reymont","128","inputs/128KiB/reymont.bin","131072","A6CA7478854C1E80DFEAF9FB3444B357F9D7625E55232FAE3B3632A5A1217DEA","archives/128KiB/reymont.hz2","21488","2C59D363C21720E1731685FE5B134406AA0ECE324EEBF0D27A0376638D7F7601","decoded/128KiB/reymont.decoded","131072","A6CA7478854C1E80DFEAF9FB3444B357F9D7625E55232FAE3B3632A5A1217DEA","946.7288133","33.7774856","548.5234375","369.82421875","548.5234375","74FF260A939B01673667723D8351AAEDB679339610009ECB23C70E373B862D9F","profile_id=2;mode=auto;block_size=65536;zstd_level=19;lzma_level=9;threads=1;process_timeout_seconds=3600","""E:\MIXER\hybridzip\build\Release\hybridzip.exe"" c --profile=r2 --r2-mode=auto --block-size=65536 ""E:\MIXER\hybridzip\results\experiments\hybridzip-r2-e5-router-320dd1b-v1\children\hybridzip-r2-e5-router-320dd1b-v1-auto-b64-r1\inputs\128KiB\reymont.bin"" ""E:\MIXER\hybridzip\results\experiments\hybridzip-r2-e5-router-320dd1b-v1\children\hybridzip-r2-e5-router-320dd1b-v1-auto-b64-r1\archives\128KiB\reymont.hz2""","""E:\MIXER\hybridzip\build\Release\hybridzip.exe"" d ""E:\MIXER\hybridzip\results\experiments\hybridzip-r2-e5-router-320dd1b-v1\children\hybridzip-r2-e5-router-320dd1b-v1-auto-b64-r1\archives\128KiB\reymont.hz2"" ""E:\MIXER\hybridzip\results\experiments\hybridzip-r2-e5-router-320dd1b-v1\children\hybridzip-r2-e5-router-320dd1b-v1-auto-b64-r1\decoded\128KiB\reymont.decoded""","0","0","2026-08-29T00:29:45.2050891+08:00","COMPLETE","PASS","paq8px-detected-sse=2","Complete R2 archive size; SHA-256 byte-exact roundtrip verified."
"e5-router","auto","64","1","False","1","1","38","1","00010000","1025B343","4B1AC26C40AD4DA50312FD3B694D7E636FB768C2336FE773BC82D36424C27A4B","0:1,1:1,2:1,3:1,4:1,5:1,6:1,7:1,8:1,10:1,11:1,12:1,13:1,14:1,16:1,19:1,20:1,21:1,22:1,23:1,24:1,25:1,26:1,27:1,28:1,29:1,30:1,31:1,32:1,33:1,34:1,35:1,36:1,37:1,39:1,40:1,41:1,42:1","0","0","0","0","0","","","hybridzip-r2-e5-router-320dd1b-v1-auto-b64-r1","r2-auto","1","22","samba","32","inputs/32KiB/samba.bin","32768","9C4F5BEE544E4531E4946E62F796987418B4526911C34877EF282F14DD57AD12","archives/32KiB/samba.hz2","7956","34AFF36D5F1B58FF637F6382E16DD199165902F5EAEE2815EFB1EB18C3B38BF2","decoded/32KiB/samba.decoded","32768","9C4F5BEE544E4531E4946E62F796987418B4526911C34877EF282F14DD57AD12","249.47953","16.3025514","546.5546875","545.2265625","546.5546875","74FF260A939B01673667723D8351AAEDB679339610009ECB23C70E373B862D9F","profile_id=2;mode=auto;block_size=65536;zstd_level=19;lzma_level=9;threads=1;process_timeout_seconds=3600","""E:\MIXER\hybridzip\build\Release\hybridzip.exe"" c --profile=r2 --r2-mode=auto --block-size=65536 ""E:\MIXER\hybridzip\results\experiments\hybridzip-r2-e5-router-320dd1b-v1\children\hybridzip-r2-e5-router-320dd1b-v1-auto-b64-r1\inputs\32KiB\samba.bin"" ""E:\MIXER\hybridzip\results\experiments\hybridzip-r2-e5-router-320dd1b-v1\children\hybridzip-r2-e5-router-320dd1b-v1-auto-b64-r1\archives\32KiB\samba.hz2""","""E:\MIXER\hybridzip\build\Release\hybridzip.exe"" d ""E:\MIXER\hybridzip\results\experiments\hybridzip-r2-e5-router-320dd1b-v1\children\hybridzip-r2-e5-router-320dd1b-v1-auto-b64-r1\archives\32KiB\samba.hz2"" ""E:\MIXER\hybridzip\results\experiments\hybridzip-r2-e5-router-320dd1b-v1\children\hybridzip-r2-e5-router-320dd1b-v1-auto-b64-r1\decoded\32KiB\samba.decoded""","0","0","2026-08-29T00:46:05.8100869+08:00","COMPLETE","PASS","paq8px-generic-sse=1","Complete R2 archive size; SHA-256 byte-exact roundtrip verified."
"e5-router","auto","64","1","False","1","1","38","1","00010000","1025B343","4B1AC26C40AD4DA50312FD3B694D7E636FB768C2336FE773BC82D36424C27A4B","0:1,1:1,2:1,3:1,4:1,5:1,6:1,7:1,8:1,10:1,11:1,12:1,13:1,14:1,16:1,19:1,20:1,21:1,22:1,23:1,24:1,25:1,26:1,27:1,28:1,29:1,30:1,31:1,32:1,33:1,34:1,35:1,36:1,37:1,39:1,40:1,41:1,42:1","0","0","0","0","0","","","hybridzip-r2-e5-router-320dd1b-v1-auto-b64-r1","r2-auto","1","23","samba","64","inputs/64KiB/samba.bin","65536","3E0420984C0F260EA7350734600CEA9D8500B745E2E4B7DBD4D1DA1D1ADAC421","archives/64KiB/samba.hz2","15270","A6FFF810458AC7E88A2AA177A15F855A2F012AA9FCAD3BF64170DF9A6A472A79","decoded/64KiB/samba.decoded","65536","3E0420984C0F260EA7350734600CEA9D8500B745E2E4B7DBD4D1DA1D1ADAC421","508.1202711","36.8084474","547.14453125","545.6171875","547.14453125","74FF260A939B01673667723D8351AAEDB679339610009ECB23C70E373B862D9F","profile_id=2;mode=auto;block_size=65536;zstd_level=19;lzma_level=9;threads=1;process_timeout_seconds=3600","""E:\MIXER\hybridzip\build\Release\hybridzip.exe"" c --profile=r2 --r2-mode=auto --block-size=65536 ""E:\MIXER\hybridzip\results\experiments\hybridzip-r2-e5-router-320dd1b-v1\children\hybridzip-r2-e5-router-320dd1b-v1-auto-b64-r1\inputs\64KiB\samba.bin"" ""E:\MIXER\hybridzip\results\experiments\hybridzip-r2-e5-router-320dd1b-v1\children\hybridzip-r2-e5-router-320dd1b-v1-auto-b64-r1\archives\64KiB\samba.hz2""","""E:\MIXER\hybridzip\build\Release\hybridzip.exe"" d ""E:\MIXER\hybridzip\results\experiments\hybridzip-r2-e5-router-320dd1b-v1\children\hybridzip-r2-e5-router-320dd1b-v1-auto-b64-r1\archives\64KiB\samba.hz2"" ""E:\MIXER\hybridzip\results\experiments\hybridzip-r2-e5-router-320dd1b-v1\children\hybridzip-r2-e5-router-320dd1b-v1-auto-b64-r1\decoded\64KiB\samba.decoded""","0","0","2026-08-29T00:50:31.6907578+08:00","COMPLETE","PASS","paq8px-generic-sse=1","Complete R2 archive size; SHA-256 byte-exact roundtrip verified."
"e5-router","auto","64","1","False","1","1","69","1","00010000","1025B343","4B1AC26C40AD4DA50312FD3B694D7E636FB768C2336FE773BC82D36424C27A4B","0:2,1:2,2:2,3:2,4:2,5:2,6:2,7:2,8:2,10:1,11:1,12:1,13:1,14:2,16:1,19:2,20:2,21:2,22:2,23:2,24:1,25:2,26:2,27:2,28:2,29:2,30:2,31:2,32:2,33:2,34:2,35:2,36:2,37:2,39:2,40:2,41:2,42:1","0","0","0","0","0","","","hybridzip-r2-e5-router-320dd1b-v1-auto-b64-r1","r2-auto","1","24","samba","128","inputs/128KiB/samba.bin","131072","F3B8C4AD35BC6CF21977895D6F04A22B1422605942FA5AFE35CE28B2A221D7E8","archives/128KiB/samba.hz2","31779","8AD989C3783D4DB208C00354D03067D57658FFA726B1F9ED1A52A9FA07EAE9EB","decoded/128KiB/samba.decoded","131072","F3B8C4AD35BC6CF21977895D6F04A22B1422605942FA5AFE35CE28B2A221D7E8","1011.4981257","71.5383125","550.2578125","545.80859375","550.2578125","74FF260A939B01673667723D8351AAEDB679339610009ECB23C70E373B862D9F","profile_id=2;mode=auto;block_size=65536;zstd_level=19;lzma_level=9;threads=1;process_timeout_seconds=3600","""E:\MIXER\hybridzip\build\Release\hybridzip.exe"" c --profile=r2 --r2-mode=auto --block-size=65536 ""E:\MIXER\hybridzip\results\experiments\hybridzip-r2-e5-router-320dd1b-v1\children\hybridzip-r2-e5-router-320dd1b-v1-auto-b64-r1\inputs\128KiB\samba.bin"" ""E:\MIXER\hybridzip\results\experiments\hybridzip-r2-e5-router-320dd1b-v1\children\hybridzip-r2-e5-router-320dd1b-v1-auto-b64-r1\archives\128KiB\samba.hz2""","""E:\MIXER\hybridzip\build\Release\hybridzip.exe"" d ""E:\MIXER\hybridzip\results\experiments\hybridzip-r2-e5-router-320dd1b-v1\children\hybridzip-r2-e5-router-320dd1b-v1-auto-b64-r1\archives\128KiB\samba.hz2"" ""E:\MIXER\hybridzip\results\experiments\hybridzip-r2-e5-router-320dd1b-v1\children\hybridzip-r2-e5-router-320dd1b-v1-auto-b64-r1\decoded\128KiB\samba.decoded""","0","0","2026-08-29T00:59:36.7084661+08:00","COMPLETE","PASS","paq8px-generic-sse=2","Complete R2 archive size; SHA-256 byte-exact roundtrip verified."
"e5-router","auto","64","1","False","1","1","29","1","00010000","1025B343","4B1AC26C40AD4DA50312FD3B694D7E636FB768C2336FE773BC82D36424C27A4B","0:1,1:1,2:1,3:1,4:1,5:1,6:1,7:1,8:1,9:1,14:1,15:1,21:1,22:1,23:1,26:1,27:1,28:1,29:1,30:1,31:1,32:1,33:1,34:1,35:1,36:1,37:1,39:1,40:1","0","0","0","0","0","","","hybridzip-r2-e5-router-320dd1b-v1-auto-b64-r1","r2-auto","1","25","sao","32","inputs/32KiB/sao.bin","32768","95677430CAD4F000506BC5EE22815C3F4E13D64B477ED506B78D5D9ACFB50CCD","archives/32KiB/sao.hz2","18805","DA4A8EC1A5A6279964CD1712287BF2E06E0A4AA4BE289B524CEC178266B4CFA9","decoded/32KiB/sao.decoded","32768","95677430CAD4F000506BC5EE22815C3F4E13D64B477ED506B78D5D9ACFB50CCD","269.5782756","20.7846685","550.2578125","548.69140625","550.2578125","74FF260A939B01673667723D8351AAEDB679339610009ECB23C70E373B862D9F","profile_id=2;mode=auto;block_size=65536;zstd_level=19;lzma_level=9;threads=1;process_timeout_seconds=3600","""E:\MIXER\hybridzip\build\Release\hybridzip.exe"" c --profile=r2 --r2-mode=auto --block-size=65536 ""E:\MIXER\hybridzip\results\experiments\hybridzip-r2-e5-router-320dd1b-v1\children\hybridzip-r2-e5-router-320dd1b-v1-auto-b64-r1\inputs\32KiB\sao.bin"" ""E:\MIXER\hybridzip\results\experiments\hybridzip-r2-e5-router-320dd1b-v1\children\hybridzip-r2-e5-router-320dd1b-v1-auto-b64-r1\archives\32KiB\sao.hz2""","""E:\MIXER\hybridzip\build\Release\hybridzip.exe"" d ""E:\MIXER\hybridzip\results\experiments\hybridzip-r2-e5-router-320dd1b-v1\children\hybridzip-r2-e5-router-320dd1b-v1-auto-b64-r1\archives\32KiB\sao.hz2"" ""E:\MIXER\hybridzip\results\experiments\hybridzip-r2-e5-router-320dd1b-v1\children\hybridzip-r2-e5-router-320dd1b-v1-auto-b64-r1\decoded\32KiB\sao.decoded""","0","0","2026-08-29T01:17:39.8293015+08:00","COMPLETE","PASS","paq8px-generic-sse=1","Complete R2 archive size; SHA-256 byte-exact roundtrip verified."
"e5-router","auto","64","1","False","1","1","29","1","00010000","1025B343","4B1AC26C40AD4DA50312FD3B694D7E636FB768C2336FE773BC82D36424C27A4B","0:1,1:1,2:1,3:1,4:1,5:1,6:1,7:1,8:1,9:1,14:1,15:1,21:1,22:1,23:1,26:1,27:1,28:1,29:1,30:1,31:1,32:1,33:1,34:1,35:1,36:1,37:1,39:1,40:1","0","0","0","0","0","","","hybridzip-r2-e5-router-320dd1b-v1-auto-b64-r1","r2-auto","1","26","sao","64","inputs/64KiB/sao.bin","65536","17CBD7166A47786139F60BA33B4E771CE0154F6FA56986883D129BC23F78EBEE","archives/64KiB/sao.hz2","36379","D4FC29916794BC9ED48EB4CF19978074720A997795B269FEA8DF4F2E640E32F3","decoded/64KiB/sao.decoded","65536","17CBD7166A47786139F60BA33B4E771CE0154F6FA56986883D129BC23F78EBEE","543.0435832","45.5560488","560.51171875","550.35546875","560.51171875","74FF260A939B01673667723D8351AAEDB679339610009ECB23C70E373B862D9F","profile_id=2;mode=auto;block_size=65536;zstd_level=19;lzma_level=9;threads=1;process_timeout_seconds=3600","""E:\MIXER\hybridzip\build\Release\hybridzip.exe"" c --profile=r2 --r2-mode=auto --block-size=65536 ""E:\MIXER\hybridzip\results\experiments\hybridzip-r2-e5-router-320dd1b-v1\children\hybridzip-r2-e5-router-320dd1b-v1-auto-b64-r1\inputs\64KiB\sao.bin"" ""E:\MIXER\hybridzip\results\experiments\hybridzip-r2-e5-router-320dd1b-v1\children\hybridzip-r2-e5-router-320dd1b-v1-auto-b64-r1\archives\64KiB\sao.hz2""","""E:\MIXER\hybridzip\build\Release\hybridzip.exe"" d ""E:\MIXER\hybridzip\results\experiments\hybridzip-r2-e5-router-320dd1b-v1\children\hybridzip-r2-e5-router-320dd1b-v1-auto-b64-r1\archives\64KiB\sao.hz2"" ""E:\MIXER\hybridzip\results\experiments\hybridzip-r2-e5-router-320dd1b-v1\children\hybridzip-r2-e5-router-320dd1b-v1-auto-b64-r1\decoded\64KiB\sao.decoded""","0","0","2026-08-29T01:22:30.2831646+08:00","COMPLETE","PASS","paq8px-generic-sse=1","Complete R2 archive size; SHA-256 byte-exact roundtrip verified."
"e5-router","auto","64","1","False","1","1","58","1","00010000","1025B343","4B1AC26C40AD4DA50312FD3B694D7E636FB768C2336FE773BC82D36424C27A4B","0:2,1:2,2:2,3:2,4:2,5:2,6:2,7:2,8:2,9:2,14:2,15:2,21:2,22:2,23:2,26:2,27:2,28:2,29:2,30:2,31:2,32:2,33:2,34:2,35:2,36:2,37:2,39:2,40:2","0","0","0","0","0","","","hybridzip-r2-e5-router-320dd1b-v1-auto-b64-r1","r2-auto","1","27","sao","128","inputs/128KiB/sao.bin","131072","75E535B42DB7505118D8B19C7C42C1F49C5542ADDC9DBC13383953659F675CE0","archives/128KiB/sao.hz2","72422","449E49C8E5AB20AA54E50A51DC0551B1C0276159BAD19243053090A5492653FA","decoded/128KiB/sao.decoded","131072","75E535B42DB7505118D8B19C7C42C1F49C5542ADDC9DBC13383953659F675CE0","1095.283737","96.187158","564.734375","550.41015625","564.734375","74FF260A939B01673667723D8351AAEDB679339610009ECB23C70E373B862D9F","profile_id=2;mode=auto;block_size=65536;zstd_level=19;lzma_level=9;threads=1;process_timeout_seconds=3600","""E:\MIXER\hybridzip\build\Release\hybridzip.exe"" c --profile=r2 --r2-mode=auto --block-size=65536 ""E:\MIXER\hybridzip\results\experiments\hybridzip-r2-e5-router-320dd1b-v1\children\hybridzip-r2-e5-router-320dd1b-v1-auto-b64-r1\inputs\128KiB\sao.bin"" ""E:\MIXER\hybridzip\results\experiments\hybridzip-r2-e5-router-320dd1b-v1\children\hybridzip-r2-e5-router-320dd1b-v1-auto-b64-r1\archives\128KiB\sao.hz2""","""E:\MIXER\hybridzip\build\Release\hybridzip.exe"" d ""E:\MIXER\hybridzip\results\experiments\hybridzip-r2-e5-router-320dd1b-v1\children\hybridzip-r2-e5-router-320dd1b-v1-auto-b64-r1\archives\128KiB\sao.hz2"" ""E:\MIXER\hybridzip\results\experiments\hybridzip-r2-e5-router-320dd1b-v1\children\hybridzip-r2-e5-router-320dd1b-v1-auto-b64-r1\decoded\128KiB\sao.decoded""","0","0","2026-08-29T01:32:18.9690082+08:00","COMPLETE","PASS","paq8px-generic-sse=2","Complete R2 archive size; SHA-256 byte-exact roundtrip verified."
"e5-router","auto","64","1","False","1","1","31","1","00010000","1025B343","4B1AC26C40AD4DA50312FD3B694D7E636FB768C2336FE773BC82D36424C27A4B","0:1,1:1,2:1,3:1,4:1,5:1,6:1,7:1,8:1,14:1,19:1,20:1,21:1,22:1,23:1,25:1,26:1,27:1,28:1,29:1,30:1,31:1,32:1,33:1,34:1,35:1,36:1,37:1,39:1,40:1,41:1","0","0","0","0","0","","","hybridzip-r2-e5-router-320dd1b-v1-auto-b64-r1","r2-auto","1","28","webster","32","inputs/32KiB/webster.bin","32768","774D224695AF4057353F72602BB96CD2AFEEA059AC7737535645F11596FCA85E","archives/32KiB/webster.hz2","9258","FF169CC35A4AAC4EAE6ADCBAE2DB460122900288473B991B114A5BCCA57BF530","decoded/32KiB/webster.decoded","32768","774D224695AF4057353F72602BB96CD2AFEEA059AC7737535645F11596FCA85E","240.8980579","6.9913294","547.93359375","369.76953125","547.93359375","74FF260A939B01673667723D8351AAEDB679339610009ECB23C70E373B862D9F","profile_id=2;mode=auto;block_size=65536;zstd_level=19;lzma_level=9;threads=1;process_timeout_seconds=3600","""E:\MIXER\hybridzip\build\Release\hybridzip.exe"" c --profile=r2 --r2-mode=auto --block-size=65536 ""E:\MIXER\hybridzip\results\experiments\hybridzip-r2-e5-router-320dd1b-v1\children\hybridzip-r2-e5-router-320dd1b-v1-auto-b64-r1\inputs\32KiB\webster.bin"" ""E:\MIXER\hybridzip\results\experiments\hybridzip-r2-e5-router-320dd1b-v1\children\hybridzip-r2-e5-router-320dd1b-v1-auto-b64-r1\archives\32KiB\webster.hz2""","""E:\MIXER\hybridzip\build\Release\hybridzip.exe"" d ""E:\MIXER\hybridzip\results\experiments\hybridzip-r2-e5-router-320dd1b-v1\children\hybridzip-r2-e5-router-320dd1b-v1-auto-b64-r1\archives\32KiB\webster.hz2"" ""E:\MIXER\hybridzip\results\experiments\hybridzip-r2-e5-router-320dd1b-v1\children\hybridzip-r2-e5-router-320dd1b-v1-auto-b64-r1\decoded\32KiB\webster.decoded""","0","0","2026-08-29T01:52:10.5290362+08:00","COMPLETE","PASS","paq8px-detected-sse=1","Complete R2 archive size; SHA-256 byte-exact roundtrip verified."
"e5-router","auto","64","1","False","1","1","31","1","00010000","1025B343","4B1AC26C40AD4DA50312FD3B694D7E636FB768C2336FE773BC82D36424C27A4B","0:1,1:1,2:1,3:1,4:1,5:1,6:1,7:1,8:1,14:1,19:1,20:1,21:1,22:1,23:1,25:1,26:1,27:1,28:1,29:1,30:1,31:1,32:1,33:1,34:1,35:1,36:1,37:1,39:1,40:1,41:1","0","0","0","0","0","","","hybridzip-r2-e5-router-320dd1b-v1-auto-b64-r1","r2-auto","1","29","webster","64","inputs/64KiB/webster.bin","65536","262258811321382F9E4F44D2184B6B7FED0336CF831446D8336C47D6CCC2B32E","archives/64KiB/webster.hz2","15190","172DD6248607E9EE1855BCE801128E339D016119B95D3265917F4FE70C5D76DD","decoded/64KiB/webster.decoded","65536","262258811321382F9E4F44D2184B6B7FED0336CF831446D8336C47D6CCC2B32E","484.8325094","16.65428","548.3671875","370.265625","548.3671875","74FF260A939B01673667723D8351AAEDB679339610009ECB23C70E373B862D9F","profile_id=2;mode=auto;block_size=65536;zstd_level=19;lzma_level=9;threads=1;process_timeout_seconds=3600","""E:\MIXER\hybridzip\build\Release\hybridzip.exe"" c --profile=r2 --r2-mode=auto --block-size=65536 ""E:\MIXER\hybridzip\results\experiments\hybridzip-r2-e5-router-320dd1b-v1\children\hybridzip-r2-e5-router-320dd1b-v1-auto-b64-r1\inputs\64KiB\webster.bin"" ""E:\MIXER\hybridzip\results\experiments\hybridzip-r2-e5-router-320dd1b-v1\children\hybridzip-r2-e5-router-320dd1b-v1-auto-b64-r1\archives\64KiB\webster.hz2""","""E:\MIXER\hybridzip\build\Release\hybridzip.exe"" d ""E:\MIXER\hybridzip\results\experiments\hybridzip-r2-e5-router-320dd1b-v1\children\hybridzip-r2-e5-router-320dd1b-v1-auto-b64-r1\archives\64KiB\webster.hz2"" ""E:\MIXER\hybridzip\results\experiments\hybridzip-r2-e5-router-320dd1b-v1\children\hybridzip-r2-e5-router-320dd1b-v1-auto-b64-r1\decoded\64KiB\webster.decoded""","0","0","2026-08-29T01:56:19.2203112+08:00","COMPLETE","PASS","paq8px-detected-sse=1","Complete R2 archive size; SHA-256 byte-exact roundtrip verified."
"e5-router","auto","64","1","False","1","1","61","1","00010000","1025B343","4B1AC26C40AD4DA50312FD3B694D7E636FB768C2336FE773BC82D36424C27A4B","0:2,1:2,2:2,3:2,4:2,5:2,6:2,7:2,8:2,14:1,19:2,20:2,21:2,22:2,23:2,25:2,26:2,27:2,28:2,29:2,30:2,31:2,32:2,33:2,34:2,35:2,36:2,37:2,39:2,40:2,41:2","0","0","0","0","0","","","hybridzip-r2-e5-router-320dd1b-v1-auto-b64-r1","r2-auto","1","30","webster","128","inputs/128KiB/webster.bin","131072","C069C1FDCA99BC5C44F06D134CD0CDA60315DD631AA6564733B2CE0E6D59305C","archives/128KiB/webster.hz2","27768","0F20967713B252F421BC995ECB9B64B60B77B710E60BE2DB75E685B41F83B9C4","decoded/128KiB/webster.decoded","131072","C069C1FDCA99BC5C44F06D134CD0CDA60315DD631AA6564733B2CE0E6D59305C","970.0871603","36.3372911","549.80859375","370.26953125","549.80859375","74FF260A939B01673667723D8351AAEDB679339610009ECB23C70E373B862D9F","profile_id=2;mode=auto;block_size=65536;zstd_level=19;lzma_level=9;threads=1;process_timeout_seconds=3600","""E:\MIXER\hybridzip\build\Release\hybridzip.exe"" c --profile=r2 --r2-mode=auto --block-size=65536 ""E:\MIXER\hybridzip\results\experiments\hybridzip-r2-e5-router-320dd1b-v1\children\hybridzip-r2-e5-router-320dd1b-v1-auto-b64-r1\inputs\128KiB\webster.bin"" ""E:\MIXER\hybridzip\results\experiments\hybridzip-r2-e5-router-320dd1b-v1\children\hybridzip-r2-e5-router-320dd1b-v1-auto-b64-r1\archives\128KiB\webster.hz2""","""E:\MIXER\hybridzip\build\Release\hybridzip.exe"" d ""E:\MIXER\hybridzip\results\experiments\hybridzip-r2-e5-router-320dd1b-v1\children\hybridzip-r2-e5-router-320dd1b-v1-auto-b64-r1\archives\128KiB\webster.hz2"" ""E:\MIXER\hybridzip\results\experiments\hybridzip-r2-e5-router-320dd1b-v1\children\hybridzip-r2-e5-router-320dd1b-v1-auto-b64-r1\decoded\128KiB\webster.decoded""","0","0","2026-08-29T02:04:40.7989811+08:00","COMPLETE","PASS","paq8px-detected-sse=2","Complete R2 archive size; SHA-256 byte-exact roundtrip verified."
"e5-router","auto","64","1","False","1","1","31","1","00010000","1025B343","4B1AC26C40AD4DA50312FD3B694D7E636FB768C2336FE773BC82D36424C27A4B","0:1,1:1,2:1,3:1,4:1,5:1,10:1,11:1,12:1,13:1,14:1,16:1,17:1,18:1,23:1,24:1,27:1,28:1,29:1,30:1,31:1,32:1,33:1,34:1,35:1,36:1,37:1,38:1,39:1,40:1,42:1","0","0","0","0","0","","","hybridzip-r2-e5-router-320dd1b-v1-auto-b64-r1","r2-auto","1","31","x-ray","32","inputs/32KiB/x-ray.bin","32768","10511AA63DFBD9C0DDBFEFE36068740103D4BA1116E214154A0772057D7E9314","archives/32KiB/x-ray.hz2","14702","4461FC9A23988B440292DDA38C4EACC1AAD23FD665E51C8399899F7CD60A4A2B","decoded/32KiB/x-ray.decoded","32768","10511AA63DFBD9C0DDBFEFE36068740103D4BA1116E214154A0772057D7E9314","180.5154812","16.7852769","548.38671875","547.0859375","548.38671875","74FF260A939B01673667723D8351AAEDB679339610009ECB23C70E373B862D9F","profile_id=2;mode=auto;block_size=65536;zstd_level=19;lzma_level=9;threads=1;process_timeout_seconds=3600","""E:\MIXER\hybridzip\build\Release\hybridzip.exe"" c --profile=r2 --r2-mode=auto --block-size=65536 ""E:\MIXER\hybridzip\results\experiments\hybridzip-r2-e5-router-320dd1b-v1\children\hybridzip-r2-e5-router-320dd1b-v1-auto-b64-r1\inputs\32KiB\x-ray.bin"" ""E:\MIXER\hybridzip\results\experiments\hybridzip-r2-e5-router-320dd1b-v1\children\hybridzip-r2-e5-router-320dd1b-v1-auto-b64-r1\archives\32KiB\x-ray.hz2""","""E:\MIXER\hybridzip\build\Release\hybridzip.exe"" d ""E:\MIXER\hybridzip\results\experiments\hybridzip-r2-e5-router-320dd1b-v1\children\hybridzip-r2-e5-router-320dd1b-v1-auto-b64-r1\archives\32KiB\x-ray.hz2"" ""E:\MIXER\hybridzip\results\experiments\hybridzip-r2-e5-router-320dd1b-v1\children\hybridzip-r2-e5-router-320dd1b-v1-auto-b64-r1\decoded\32KiB\x-ray.decoded""","0","0","2026-08-29T02:21:27.3181132+08:00","COMPLETE","PASS","paq8px-generic-sse=1","Complete R2 archive size; SHA-256 byte-exact roundtrip verified."
"e5-router","auto","64","1","False","1","1","31","1","00010000","1025B343","4B1AC26C40AD4DA50312FD3B694D7E636FB768C2336FE773BC82D36424C27A4B","0:1,1:1,2:1,3:1,4:1,5:1,10:1,11:1,12:1,13:1,14:1,16:1,17:1,18:1,23:1,24:1,27:1,28:1,29:1,30:1,31:1,32:1,33:1,34:1,35:1,36:1,37:1,38:1,39:1,40:1,42:1","0","0","0","0","0","","","hybridzip-r2-e5-router-320dd1b-v1-auto-b64-r1","r2-auto","1","32","x-ray","64","inputs/64KiB/x-ray.bin","65536","B5A07146616BCD7C2D10071D41E07D204DE0AC629C4CA37D8E867FF00574D0D8","archives/64KiB/x-ray.hz2","29135","587BB5747D4F4CC5A0B43DC884844C0507801F09A63CCD83442C430977E33F25","decoded/64KiB/x-ray.decoded","65536","B5A07146616BCD7C2D10071D41E07D204DE0AC629C4CA37D8E867FF00574D0D8","369.7813442","38.8749441","565.28125","547.35546875","565.28125","74FF260A939B01673667723D8351AAEDB679339610009ECB23C70E373B862D9F","profile_id=2;mode=auto;block_size=65536;zstd_level=19;lzma_level=9;threads=1;process_timeout_seconds=3600","""E:\MIXER\hybridzip\build\Release\hybridzip.exe"" c --profile=r2 --r2-mode=auto --block-size=65536 ""E:\MIXER\hybridzip\results\experiments\hybridzip-r2-e5-router-320dd1b-v1\children\hybridzip-r2-e5-router-320dd1b-v1-auto-b64-r1\inputs\64KiB\x-ray.bin"" ""E:\MIXER\hybridzip\results\experiments\hybridzip-r2-e5-router-320dd1b-v1\children\hybridzip-r2-e5-router-320dd1b-v1-auto-b64-r1\archives\64KiB\x-ray.hz2""","""E:\MIXER\hybridzip\build\Release\hybridzip.exe"" d ""E:\MIXER\hybridzip\results\experiments\hybridzip-r2-e5-router-320dd1b-v1\children\hybridzip-r2-e5-router-320dd1b-v1-auto-b64-r1\archives\64KiB\x-ray.hz2"" ""E:\MIXER\hybridzip\results\experiments\hybridzip-r2-e5-router-320dd1b-v1\children\hybridzip-r2-e5-router-320dd1b-v1-auto-b64-r1\decoded\64KiB\x-ray.decoded""","0","0","2026-08-29T02:24:44.7088389+08:00","COMPLETE","PASS","paq8px-generic-sse=1","Complete R2 archive size; SHA-256 byte-exact roundtrip verified."
"e5-router","auto","64","1","False","1","1","67","1","00010000","1025B343","4B1AC26C40AD4DA50312FD3B694D7E636FB768C2336FE773BC82D36424C27A4B","0:2,1:2,2:2,3:2,4:2,5:2,6:1,7:1,8:1,9:1,10:2,11:2,12:2,13:2,14:2,15:1,16:2,17:2,18:2,23:2,24:2,27:2,28:2,29:2,30:2,31:2,32:2,33:2,34:2,35:2,36:2,37:2,38:2,39:2,40:2,42:2","0","0","0","0","0","","","hybridzip-r2-e5-router-320dd1b-v1-auto-b64-r1","r2-auto","1","33","x-ray","128","inputs/128KiB/x-ray.bin","131072","7A65B793FB2A694C20686275A899B304445473528F7C998BE26F8C68EB18F76E","archives/128KiB/x-ray.hz2","58000","08BF2BD4A1EE399D55EE62B0EDE098EFE17A41D42CFD1DEBC0ACBDD9DB318229","decoded/128KiB/x-ray.decoded","131072","7A65B793FB2A694C20686275A899B304445473528F7C998BE26F8C68EB18F76E","748.0535827","83.1610328","567.9140625","547.35546875","567.9140625","74FF260A939B01673667723D8351AAEDB679339610009ECB23C70E373B862D9F","profile_id=2;mode=auto;block_size=65536;zstd_level=19;lzma_level=9;threads=1;process_timeout_seconds=3600","""E:\MIXER\hybridzip\build\Release\hybridzip.exe"" c --profile=r2 --r2-mode=auto --block-size=65536 ""E:\MIXER\hybridzip\results\experiments\hybridzip-r2-e5-router-320dd1b-v1\children\hybridzip-r2-e5-router-320dd1b-v1-auto-b64-r1\inputs\128KiB\x-ray.bin"" ""E:\MIXER\hybridzip\results\experiments\hybridzip-r2-e5-router-320dd1b-v1\children\hybridzip-r2-e5-router-320dd1b-v1-auto-b64-r1\archives\128KiB\x-ray.hz2""","""E:\MIXER\hybridzip\build\Release\hybridzip.exe"" d ""E:\MIXER\hybridzip\results\experiments\hybridzip-r2-e5-router-320dd1b-v1\children\hybridzip-r2-e5-router-320dd1b-v1-auto-b64-r1\archives\128KiB\x-ray.hz2"" ""E:\MIXER\hybridzip\results\experiments\hybridzip-r2-e5-router-320dd1b-v1\children\hybridzip-r2-e5-router-320dd1b-v1-auto-b64-r1\decoded\128KiB\x-ray.decoded""","0","0","2026-08-29T02:31:33.4501749+08:00","COMPLETE","PASS","paq8px-generic-sse=2","Complete R2 archive size; SHA-256 byte-exact roundtrip verified."
"e5-router","auto","64","1","False","1","1","31","1","00010000","1025B343","4B1AC26C40AD4DA50312FD3B694D7E636FB768C2336FE773BC82D36424C27A4B","0:1,1:1,2:1,3:1,4:1,5:1,6:1,7:1,8:1,14:1,19:1,20:1,21:1,22:1,23:1,25:1,26:1,27:1,28:1,29:1,30:1,31:1,32:1,33:1,34:1,35:1,36:1,37:1,39:1,40:1,41:1","0","0","0","0","0","","","hybridzip-r2-e5-router-320dd1b-v1-auto-b64-r1","r2-auto","1","34","xml","32","inputs/32KiB/xml.bin","32768","C2F7F129956F8D6FC3D0E3595D93F98D5270B6F5BC4AB5E70F45867822EFDD71","archives/32KiB/xml.hz2","1441","E59754FDD28F8E5842444453A77AEE01BD3DB80EE222C1B2F0059961891EE5EC","decoded/32KiB/xml.decoded","32768","C2F7F129956F8D6FC3D0E3595D93F98D5270B6F5BC4AB5E70F45867822EFDD71","229.5235676","8.8099622","544.078125","542.76171875","544.078125","74FF260A939B01673667723D8351AAEDB679339610009ECB23C70E373B862D9F","profile_id=2;mode=auto;block_size=65536;zstd_level=19;lzma_level=9;threads=1;process_timeout_seconds=3600","""E:\MIXER\hybridzip\build\Release\hybridzip.exe"" c --profile=r2 --r2-mode=auto --block-size=65536 ""E:\MIXER\hybridzip\results\experiments\hybridzip-r2-e5-router-320dd1b-v1\children\hybridzip-r2-e5-router-320dd1b-v1-auto-b64-r1\inputs\32KiB\xml.bin"" ""E:\MIXER\hybridzip\results\experiments\hybridzip-r2-e5-router-320dd1b-v1\children\hybridzip-r2-e5-router-320dd1b-v1-auto-b64-r1\archives\32KiB\xml.hz2""","""E:\MIXER\hybridzip\build\Release\hybridzip.exe"" d ""E:\MIXER\hybridzip\results\experiments\hybridzip-r2-e5-router-320dd1b-v1\children\hybridzip-r2-e5-router-320dd1b-v1-auto-b64-r1\archives\32KiB\xml.hz2"" ""E:\MIXER\hybridzip\results\experiments\hybridzip-r2-e5-router-320dd1b-v1\children\hybridzip-r2-e5-router-320dd1b-v1-auto-b64-r1\decoded\32KiB\xml.decoded""","0","0","2026-08-29T02:45:24.7553243+08:00","COMPLETE","PASS","paq8px-generic-sse=1","Complete R2 archive size; SHA-256 byte-exact roundtrip verified."
"e5-router","auto","64","1","False","1","1","31","1","00010000","1025B343","4B1AC26C40AD4DA50312FD3B694D7E636FB768C2336FE773BC82D36424C27A4B","0:1,1:1,2:1,3:1,4:1,5:1,6:1,7:1,8:1,14:1,19:1,20:1,21:1,22:1,23:1,25:1,26:1,27:1,28:1,29:1,30:1,31:1,32:1,33:1,34:1,35:1,36:1,37:1,39:1,40:1,41:1","0","0","0","0","0","","","hybridzip-r2-e5-router-320dd1b-v1-auto-b64-r1","r2-auto","1","35","xml","64","inputs/64KiB/xml.bin","65536","E32AFF2BEBF00105A17DD57F5490C1986D17543CEE837B42EB56B3E0E6F8E7F1","archives/64KiB/xml.hz2","2272","654B2F730F19072BF446943F1B3D91FEC40E36A2FEBB1E36579039DC6C69EEB0","decoded/64KiB/xml.decoded","65536","E32AFF2BEBF00105A17DD57F5490C1986D17543CEE837B42EB56B3E0E6F8E7F1","465.64702","21.5466012","545.11328125","543.765625","545.11328125","74FF260A939B01673667723D8351AAEDB679339610009ECB23C70E373B862D9F","profile_id=2;mode=auto;block_size=65536;zstd_level=19;lzma_level=9;threads=1;process_timeout_seconds=3600","""E:\MIXER\hybridzip\build\Release\hybridzip.exe"" c --profile=r2 --r2-mode=auto --block-size=65536 ""E:\MIXER\hybridzip\results\experiments\hybridzip-r2-e5-router-320dd1b-v1\children\hybridzip-r2-e5-router-320dd1b-v1-auto-b64-r1\inputs\64KiB\xml.bin"" ""E:\MIXER\hybridzip\results\experiments\hybridzip-r2-e5-router-320dd1b-v1\children\hybridzip-r2-e5-router-320dd1b-v1-auto-b64-r1\archives\64KiB\xml.hz2""","""E:\MIXER\hybridzip\build\Release\hybridzip.exe"" d ""E:\MIXER\hybridzip\results\experiments\hybridzip-r2-e5-router-320dd1b-v1\children\hybridzip-r2-e5-router-320dd1b-v1-auto-b64-r1\archives\64KiB\xml.hz2"" ""E:\MIXER\hybridzip\results\experiments\hybridzip-r2-e5-router-320dd1b-v1\children\hybridzip-r2-e5-router-320dd1b-v1-auto-b64-r1\decoded\64KiB\xml.decoded""","0","0","2026-08-29T02:49:23.2644595+08:00","COMPLETE","PASS","paq8px-generic-sse=1","Complete R2 archive size; SHA-256 byte-exact roundtrip verified."
"e5-router","auto","64","1","False","1","1","62","1","00010000","1025B343","4B1AC26C40AD4DA50312FD3B694D7E636FB768C2336FE773BC82D36424C27A4B","0:2,1:2,2:2,3:2,4:2,5:2,6:2,7:2,8:2,14:2,19:2,20:2,21:2,22:2,23:2,25:2,26:2,27:2,28:2,29:2,30:2,31:2,32:2,33:2,34:2,35:2,36:2,37:2,39:2,40:2,41:2","0","0","0","0","0","","","hybridzip-r2-e5-router-320dd1b-v1-auto-b64-r1","r2-auto","1","36","xml","128","inputs/128KiB/xml.bin","131072","5FA29C746885F2EEB98734218475915A78092CCB3B0F68B08861EE210E5B6E25","archives/128KiB/xml.hz2","4770","39E17A1E2E5C63EFB36F07A53380B3542E39C97BFF55932AC4055C2F1959D173","decoded/128KiB/xml.decoded","131072","5FA29C746885F2EEB98734218475915A78092CCB3B0F68B08861EE210E5B6E25","932.5049777","48.8316382","547.79296875","544.23046875","547.79296875","74FF260A939B01673667723D8351AAEDB679339610009ECB23C70E373B862D9F","profile_id=2;mode=auto;block_size=65536;zstd_level=19;lzma_level=9;threads=1;process_timeout_seconds=3600","""E:\MIXER\hybridzip\build\Release\hybridzip.exe"" c --profile=r2 --r2-mode=auto --block-size=65536 ""E:\MIXER\hybridzip\results\experiments\hybridzip-r2-e5-router-320dd1b-v1\children\hybridzip-r2-e5-router-320dd1b-v1-auto-b64-r1\inputs\128KiB\xml.bin"" ""E:\MIXER\hybridzip\results\experiments\hybridzip-r2-e5-router-320dd1b-v1\children\hybridzip-r2-e5-router-320dd1b-v1-auto-b64-r1\archives\128KiB\xml.hz2""","""E:\MIXER\hybridzip\build\Release\hybridzip.exe"" d ""E:\MIXER\hybridzip\results\experiments\hybridzip-r2-e5-router-320dd1b-v1\children\hybridzip-r2-e5-router-320dd1b-v1-auto-b64-r1\archives\128KiB\xml.hz2"" ""E:\MIXER\hybridzip\results\experiments\hybridzip-r2-e5-router-320dd1b-v1\children\hybridzip-r2-e5-router-320dd1b-v1-auto-b64-r1\decoded\128KiB\xml.decoded""","0","0","2026-08-29T02:57:30.5436141+08:00","COMPLETE","PASS","paq8px-generic-sse=2","Complete R2 archive size; SHA-256 byte-exact roundtrip verified."
"e5-router","auto-k2","64","1","False","1","1","2","0","00010000","1025B343","4B1AC26C40AD4DA50312FD3B694D7E636FB768C2336FE773BC82D36424C27A4B","0:1,36:1","0","0","0","0","0","","","hybridzip-r2-e5-router-320dd1b-v1-auto-k2-b64-r1","r2-auto-k2","1","1","dickens","32","inputs/32KiB/dickens.bin","32768","FC42DCB9849222C8704C9DCAE606D075B389B66244FB215035148D6409EC0B31","archives/32KiB/dickens.hz2","9688","0F1C9FD01D909A1425ACEB4FF87F8DDB4C27CAE508363E519723C9BA4B045479","decoded/32KiB/dickens.decoded","32768","FC42DCB9849222C8704C9DCAE606D075B389B66244FB215035148D6409EC0B31","17.5727272","17.7565832","546.375","546.3515625","546.375","74FF260A939B01673667723D8351AAEDB679339610009ECB23C70E373B862D9F","profile_id=2;mode=auto-k2;block_size=65536;zstd_level=19;lzma_level=9;threads=1;process_timeout_seconds=3600","""E:\MIXER\hybridzip\build\Release\hybridzip.exe"" c --profile=r2 --r2-mode=auto-k2 --block-size=65536 ""E:\MIXER\hybridzip\results\experiments\hybridzip-r2-e5-router-320dd1b-v1\children\hybridzip-r2-e5-router-320dd1b-v1-auto-k2-b64-r1\inputs\32KiB\dickens.bin"" ""E:\MIXER\hybridzip\results\experiments\hybridzip-r2-e5-router-320dd1b-v1\children\hybridzip-r2-e5-router-320dd1b-v1-auto-k2-b64-r1\archives\32KiB\dickens.hz2""","""E:\MIXER\hybridzip\build\Release\hybridzip.exe"" d ""E:\MIXER\hybridzip\results\experiments\hybridzip-r2-e5-router-320dd1b-v1\children\hybridzip-r2-e5-router-320dd1b-v1-auto-k2-b64-r1\archives\32KiB\dickens.hz2"" ""E:\MIXER\hybridzip\results\experiments\hybridzip-r2-e5-router-320dd1b-v1\children\hybridzip-r2-e5-router-320dd1b-v1-auto-k2-b64-r1\decoded\32KiB\dickens.decoded""","0","0","2026-08-29T03:13:53.3505363+08:00","COMPLETE","PASS","paq8px-generic-sse=1","Complete R2 archive size; SHA-256 byte-exact roundtrip verified."
"e5-router","auto-k2","64","1","False","1","1","2","0","00010000","1025B343","4B1AC26C40AD4DA50312FD3B694D7E636FB768C2336FE773BC82D36424C27A4B","0:1,36:1","0","0","0","0","0","","","hybridzip-r2-e5-router-320dd1b-v1-auto-k2-b64-r1","r2-auto-k2","1","2","dickens","64","inputs/64KiB/dickens.bin","65536","134AD989A7B8B40C900A3B9C0F4895317DFD827D9E6E933895B08D2F4A8A8293","archives/64KiB/dickens.hz2","18022","88A5CC201E72D5DE775A742547B6E28A3B4D99E12A01F00FF2B54AD8BB0514C0","decoded/64KiB/dickens.decoded","65536","134AD989A7B8B40C900A3B9C0F4895317DFD827D9E6E933895B08D2F4A8A8293","39.4277092","39.4752393","546.70703125","546.578125","546.70703125","74FF260A939B01673667723D8351AAEDB679339610009ECB23C70E373B862D9F","profile_id=2;mode=auto-k2;block_size=65536;zstd_level=19;lzma_level=9;threads=1;process_timeout_seconds=3600","""E:\MIXER\hybridzip\build\Release\hybridzip.exe"" c --profile=r2 --r2-mode=auto-k2 --block-size=65536 ""E:\MIXER\hybridzip\results\experiments\hybridzip-r2-e5-router-320dd1b-v1\children\hybridzip-r2-e5-router-320dd1b-v1-auto-k2-b64-r1\inputs\64KiB\dickens.bin"" ""E:\MIXER\hybridzip\results\experiments\hybridzip-r2-e5-router-320dd1b-v1\children\hybridzip-r2-e5-router-320dd1b-v1-auto-k2-b64-r1\archives\64KiB\dickens.hz2""","""E:\MIXER\hybridzip\build\Release\hybridzip.exe"" d ""E:\MIXER\hybridzip\results\experiments\hybridzip-r2-e5-router-320dd1b-v1\children\hybridzip-r2-e5-router-320dd1b-v1-auto-k2-b64-r1\archives\64KiB\dickens.hz2"" ""E:\MIXER\hybridzip\results\experiments\hybridzip-r2-e5-router-320dd1b-v1\children\hybridzip-r2-e5-router-320dd1b-v1-auto-k2-b64-r1\decoded\64KiB\dickens.decoded""","0","0","2026-08-29T03:14:28.7533918+08:00","COMPLETE","PASS","paq8px-generic-sse=1","Complete R2 archive size; SHA-256 byte-exact roundtrip verified."
"e5-router","auto-k2","64","1","False","1","1","4","0","00010000","1025B343","4B1AC26C40AD4DA50312FD3B694D7E636FB768C2336FE773BC82D36424C27A4B","0:2,36:2","0","0","0","0","0","","","hybridzip-r2-e5-router-320dd1b-v1-auto-k2-b64-r1","r2-auto-k2","1","3","dickens","128","inputs/128KiB/dickens.bin","131072","20E33FCC8FAA96DC32A2D0921115C0F363E64C598A5847CE1A3876E356D59872","archives/128KiB/dickens.hz2","35502","92A16957116648E49C8AA922FA5A27947776D1D4D641F8FA957490825E28B5C1","decoded/128KiB/dickens.decoded","131072","20E33FCC8FAA96DC32A2D0921115C0F363E64C598A5847CE1A3876E356D59872","83.1254657","82.9452823","546.77734375","546.578125","546.77734375","74FF260A939B01673667723D8351AAEDB679339610009ECB23C70E373B862D9F","profile_id=2;mode=auto-k2;block_size=65536;zstd_level=19;lzma_level=9;threads=1;process_timeout_seconds=3600","""E:\MIXER\hybridzip\build\Release\hybridzip.exe"" c --profile=r2 --r2-mode=auto-k2 --block-size=65536 ""E:\MIXER\hybridzip\results\experiments\hybridzip-r2-e5-router-320dd1b-v1\children\hybridzip-r2-e5-router-320dd1b-v1-auto-k2-b64-r1\inputs\128KiB\dickens.bin"" ""E:\MIXER\hybridzip\results\experiments\hybridzip-r2-e5-router-320dd1b-v1\children\hybridzip-r2-e5-router-320dd1b-v1-auto-k2-b64-r1\archives\128KiB\dickens.hz2""","""E:\MIXER\hybridzip\build\Release\hybridzip.exe"" d ""E:\MIXER\hybridzip\results\experiments\hybridzip-r2-e5-router-320dd1b-v1\children\hybridzip-r2-e5-router-320dd1b-v1-auto-k2-b64-r1\archives\128KiB\dickens.hz2"" ""E:\MIXER\hybridzip\results\experiments\hybridzip-r2-e5-router-320dd1b-v1\children\hybridzip-r2-e5-router-320dd1b-v1-auto-k2-b64-r1\decoded\128KiB\dickens.decoded""","0","0","2026-08-29T03:15:47.7437936+08:00","COMPLETE","PASS","paq8px-generic-sse=2","Complete R2 archive size; SHA-256 byte-exact roundtrip verified."
"e5-router","auto-k2","64","1","False","1","1","2","0","00010000","1025B343","4B1AC26C40AD4DA50312FD3B694D7E636FB768C2336FE773BC82D36424C27A4B","0:1,36:1","0","0","0","0","0","","","hybridzip-r2-e5-router-320dd1b-v1-auto-k2-b64-r1","r2-auto-k2","1","4","mozilla","32","inputs/32KiB/mozilla.bin","32768","9DDEEF36CA0CA55B72FE3376D005926DFF3400A2ADE6EAE18482D8017D8645DB","archives/32KiB/mozilla.hz2","6285","767BDB5510FA585D0496E03DEA3BD0263804C9BEEA661D083BB8B23941C9CBC3","decoded/32KiB/mozilla.decoded","32768","9DDEEF36CA0CA55B72FE3376D005926DFF3400A2ADE6EAE18482D8017D8645DB","13.6135512","13.5174892","550.45703125","550.390625","550.45703125","74FF260A939B01673667723D8351AAEDB679339610009ECB23C70E373B862D9F","profile_id=2;mode=auto-k2;block_size=65536;zstd_level=19;lzma_level=9;threads=1;process_timeout_seconds=3600","""E:\MIXER\hybridzip\build\Release\hybridzip.exe"" c --profile=r2 --r2-mode=auto-k2 --block-size=65536 ""E:\MIXER\hybridzip\results\experiments\hybridzip-r2-e5-router-320dd1b-v1\children\hybridzip-r2-e5-router-320dd1b-v1-auto-k2-b64-r1\inputs\32KiB\mozilla.bin"" ""E:\MIXER\hybridzip\results\experiments\hybridzip-r2-e5-router-320dd1b-v1\children\hybridzip-r2-e5-router-320dd1b-v1-auto-k2-b64-r1\archives\32KiB\mozilla.hz2""","""E:\MIXER\hybridzip\build\Release\hybridzip.exe"" d ""E:\MIXER\hybridzip\results\experiments\hybridzip-r2-e5-router-320dd1b-v1\children\hybridzip-r2-e5-router-320dd1b-v1-auto-k2-b64-r1\archives\32KiB\mozilla.hz2"" ""E:\MIXER\hybridzip\results\experiments\hybridzip-r2-e5-router-320dd1b-v1\children\hybridzip-r2-e5-router-320dd1b-v1-auto-k2-b64-r1\decoded\32KiB\mozilla.decoded""","0","0","2026-08-29T03:18:33.9018855+08:00","COMPLETE","PASS","paq8px-generic-sse=1","Complete R2 archive size; SHA-256 byte-exact roundtrip verified."
"e5-router","auto-k2","64","1","False","1","1","2","0","00010000","1025B343","4B1AC26C40AD4DA50312FD3B694D7E636FB768C2336FE773BC82D36424C27A4B","0:1,36:1","0","0","0","0","0","","","hybridzip-r2-e5-router-320dd1b-v1-auto-k2-b64-r1","r2-auto-k2","1","5","mozilla","64","inputs/64KiB/mozilla.bin","65536","B0050240663F54371D372303EEABA0A59AB0758BCD565F4F639D06561E6BC996","archives/64KiB/mozilla.hz2","8856","72F9C4CCB74A7194B95A0882E07C905DAA9153229805D00B379F4758F67901A9","decoded/64KiB/mozilla.decoded","65536","B0050240663F54371D372303EEABA0A59AB0758BCD565F4F639D06561E6BC996","27.6171145","27.7954916","551.71484375","551.58203125","551.71484375","74FF260A939B01673667723D8351AAEDB679339610009ECB23C70E373B862D9F","profile_id=2;mode=auto-k2;block_size=65536;zstd_level=19;lzma_level=9;threads=1;process_timeout_seconds=3600","""E:\MIXER\hybridzip\build\Release\hybridzip.exe"" c --profile=r2 --r2-mode=auto-k2 --block-size=65536 ""E:\MIXER\hybridzip\results\experiments\hybridzip-r2-e5-router-320dd1b-v1\children\hybridzip-r2-e5-router-320dd1b-v1-auto-k2-b64-r1\inputs\64KiB\mozilla.bin"" ""E:\MIXER\hybridzip\results\experiments\hybridzip-r2-e5-router-320dd1b-v1\children\hybridzip-r2-e5-router-320dd1b-v1-auto-k2-b64-r1\archives\64KiB\mozilla.hz2""","""E:\MIXER\hybridzip\build\Release\hybridzip.exe"" d ""E:\MIXER\hybridzip\results\experiments\hybridzip-r2-e5-router-320dd1b-v1\children\hybridzip-r2-e5-router-320dd1b-v1-auto-k2-b64-r1\archives\64KiB\mozilla.hz2"" ""E:\MIXER\hybridzip\results\experiments\hybridzip-r2-e5-router-320dd1b-v1\children\hybridzip-r2-e5-router-320dd1b-v1-auto-k2-b64-r1\decoded\64KiB\mozilla.decoded""","0","0","2026-08-29T03:19:01.1244355+08:00","COMPLETE","PASS","paq8px-generic-sse=1","Complete R2 archive size; SHA-256 byte-exact roundtrip verified."
"e5-router","auto-k2","64","1","False","1","1","4","0","00010000","1025B343","4B1AC26C40AD4DA50312FD3B694D7E636FB768C2336FE773BC82D36424C27A4B","0:2,36:2","0","0","0","0","0","","","hybridzip-r2-e5-router-320dd1b-v1-auto-k2-b64-r1","r2-auto-k2","1","6","mozilla","128","inputs/128KiB/mozilla.bin","131072","85CDBEA98382DB12E9A21FF90E1907452712D074000A6B855D2CA215FA591EB4","archives/128KiB/mozilla.hz2","13598","94BF323AC4CCE0F2D2DB6C2C751B350EF61F7BB14FC71CFFFEBF410DBF41349C","decoded/128KiB/mozilla.decoded","131072","85CDBEA98382DB12E9A21FF90E1907452712D074000A6B855D2CA215FA591EB4","54.7949349","54.3606091","551.71875","551.61328125","551.71875","74FF260A939B01673667723D8351AAEDB679339610009ECB23C70E373B862D9F","profile_id=2;mode=auto-k2;block_size=65536;zstd_level=19;lzma_level=9;threads=1;process_timeout_seconds=3600","""E:\MIXER\hybridzip\build\Release\hybridzip.exe"" c --profile=r2 --r2-mode=auto-k2 --block-size=65536 ""E:\MIXER\hybridzip\results\experiments\hybridzip-r2-e5-router-320dd1b-v1\children\hybridzip-r2-e5-router-320dd1b-v1-auto-k2-b64-r1\inputs\128KiB\mozilla.bin"" ""E:\MIXER\hybridzip\results\experiments\hybridzip-r2-e5-router-320dd1b-v1\children\hybridzip-r2-e5-router-320dd1b-v1-auto-k2-b64-r1\archives\128KiB\mozilla.hz2""","""E:\MIXER\hybridzip\build\Release\hybridzip.exe"" d ""E:\MIXER\hybridzip\results\experiments\hybridzip-r2-e5-router-320dd1b-v1\children\hybridzip-r2-e5-router-320dd1b-v1-auto-k2-b64-r1\archives\128KiB\mozilla.hz2"" ""E:\MIXER\hybridzip\results\experiments\hybridzip-r2-e5-router-320dd1b-v1\children\hybridzip-r2-e5-router-320dd1b-v1-auto-k2-b64-r1\decoded\128KiB\mozilla.decoded""","0","0","2026-08-29T03:19:56.6225623+08:00","COMPLETE","PASS","paq8px-generic-sse=2","Complete R2 archive size; SHA-256 byte-exact roundtrip verified."
"e5-router","auto-k2","64","1","False","1","1","2","0","00010000","1025B343","4B1AC26C40AD4DA50312FD3B694D7E636FB768C2336FE773BC82D36424C27A4B","0:1,36:1","0","0","0","0","0","","","hybridzip-r2-e5-router-320dd1b-v1-auto-k2-b64-r1","r2-auto-k2","1","7","mr","32","inputs/32KiB/mr.bin","32768","3BB287B0AF65F777AB00C14E362B4D1962087260556001BBEE0689AA10D9F76A","archives/32KiB/mr.hz2","5167","D8829619579EE8A74831852783153665BDB91F535C609EE18FFBFDBB50F719B1","decoded/32KiB/mr.decoded","32768","3BB287B0AF65F777AB00C14E362B4D1962087260556001BBEE0689AA10D9F76A","10.766","10.8150837","545.859375","545.77734375","545.859375","74FF260A939B01673667723D8351AAEDB679339610009ECB23C70E373B862D9F","profile_id=2;mode=auto-k2;block_size=65536;zstd_level=19;lzma_level=9;threads=1;process_timeout_seconds=3600","""E:\MIXER\hybridzip\build\Release\hybridzip.exe"" c --profile=r2 --r2-mode=auto-k2 --block-size=65536 ""E:\MIXER\hybridzip\results\experiments\hybridzip-r2-e5-router-320dd1b-v1\children\hybridzip-r2-e5-router-320dd1b-v1-auto-k2-b64-r1\inputs\32KiB\mr.bin"" ""E:\MIXER\hybridzip\results\experiments\hybridzip-r2-e5-router-320dd1b-v1\children\hybridzip-r2-e5-router-320dd1b-v1-auto-k2-b64-r1\archives\32KiB\mr.hz2""","""E:\MIXER\hybridzip\build\Release\hybridzip.exe"" d ""E:\MIXER\hybridzip\results\experiments\hybridzip-r2-e5-router-320dd1b-v1\children\hybridzip-r2-e5-router-320dd1b-v1-auto-k2-b64-r1\archives\32KiB\mr.hz2"" ""E:\MIXER\hybridzip\results\experiments\hybridzip-r2-e5-router-320dd1b-v1\children\hybridzip-r2-e5-router-320dd1b-v1-auto-k2-b64-r1\decoded\32KiB\mr.decoded""","0","0","2026-08-29T03:21:45.8626112+08:00","COMPLETE","PASS","paq8px-generic-sse=1","Complete R2 archive size; SHA-256 byte-exact roundtrip verified."
"e5-router","auto-k2","64","1","False","1","1","2","0","00010000","1025B343","4B1AC26C40AD4DA50312FD3B694D7E636FB768C2336FE773BC82D36424C27A4B","0:1,36:1","0","0","0","0","0","","","hybridzip-r2-e5-router-320dd1b-v1-auto-k2-b64-r1","r2-auto-k2","1","8","mr","64","inputs/64KiB/mr.bin","65536","CAB7B6408934009A4BBFEDB57BEB4943BF5478CF8B3688D01F004E0422EBC651","archives/64KiB/mr.hz2","10732","DDC9BECE8F1EFA2291399EBC9F5604456E9204AA575D3D6EAD7FB428ACD4CA4C","decoded/64KiB/mr.decoded","65536","CAB7B6408934009A4BBFEDB57BEB4943BF5478CF8B3688D01F004E0422EBC651","34.3314943","34.2931564","546.08984375","545.9765625","546.08984375","74FF260A939B01673667723D8351AAEDB679339610009ECB23C70E373B862D9F","profile_id=2;mode=auto-k2;block_size=65536;zstd_level=19;lzma_level=9;threads=1;process_timeout_seconds=3600","""E:\MIXER\hybridzip\build\Release\hybridzip.exe"" c --profile=r2 --r2-mode=auto-k2 --block-size=65536 ""E:\MIXER\hybridzip\results\experiments\hybridzip-r2-e5-router-320dd1b-v1\children\hybridzip-r2-e5-router-320dd1b-v1-auto-k2-b64-r1\inputs\64KiB\mr.bin"" ""E:\MIXER\hybridzip\results\experiments\hybridzip-r2-e5-router-320dd1b-v1\children\hybridzip-r2-e5-router-320dd1b-v1-auto-k2-b64-r1\archives\64KiB\mr.hz2""","""E:\MIXER\hybridzip\build\Release\hybridzip.exe"" d ""E:\MIXER\hybridzip\results\experiments\hybridzip-r2-e5-router-320dd1b-v1\children\hybridzip-r2-e5-router-320dd1b-v1-auto-k2-b64-r1\archives\64KiB\mr.hz2"" ""E:\MIXER\hybridzip\results\experiments\hybridzip-r2-e5-router-320dd1b-v1\children\hybridzip-r2-e5-router-320dd1b-v1-auto-k2-b64-r1\decoded\64KiB\mr.decoded""","0","0","2026-08-29T03:22:07.5331908+08:00","COMPLETE","PASS","paq8px-generic-sse=1","Complete R2 archive size; SHA-256 byte-exact roundtrip verified."
"e5-router","auto-k2","64","1","False","1","1","4","0","00010000","1025B343","4B1AC26C40AD4DA50312FD3B694D7E636FB768C2336FE773BC82D36424C27A4B","0:2,36:2","0","0","0","0","0","","","hybridzip-r2-e5-router-320dd1b-v1-auto-k2-b64-r1","r2-auto-k2","1","9","mr","128","inputs/128KiB/mr.bin","131072","473A6A883480C7B2E69402AD888AC07B347C2DF61C6AA0D84E8B8130A27792EA","archives/128KiB/mr.hz2","21814","BD767D1E761570C1349A5124FECCDCE81E6CA3C923F79D4A80B5C2C3D48E0E3B","decoded/128KiB/mr.decoded","131072","473A6A883480C7B2E69402AD888AC07B347C2DF61C6AA0D84E8B8130A27792EA","63.4018036","63.3438616","546.0859375","545.98046875","546.0859375","74FF260A939B01673667723D8351AAEDB679339610009ECB23C70E373B862D9F","profile_id=2;mode=auto-k2;block_size=65536;zstd_level=19;lzma_level=9;threads=1;process_timeout_seconds=3600","""E:\MIXER\hybridzip\build\Release\hybridzip.exe"" c --profile=r2 --r2-mode=auto-k2 --block-size=65536 ""E:\MIXER\hybridzip\results\experiments\hybridzip-r2-e5-router-320dd1b-v1\children\hybridzip-r2-e5-router-320dd1b-v1-auto-k2-b64-r1\inputs\128KiB\mr.bin"" ""E:\MIXER\hybridzip\results\experiments\hybridzip-r2-e5-router-320dd1b-v1\children\hybridzip-r2-e5-router-320dd1b-v1-auto-k2-b64-r1\archives\128KiB\mr.hz2""","""E:\MIXER\hybridzip\build\Release\hybridzip.exe"" d ""E:\MIXER\hybridzip\results\experiments\hybridzip-r2-e5-router-320dd1b-v1\children\hybridzip-r2-e5-router-320dd1b-v1-auto-k2-b64-r1\archives\128KiB\mr.hz2"" ""E:\MIXER\hybridzip\results\experiments\hybridzip-r2-e5-router-320dd1b-v1\children\hybridzip-r2-e5-router-320dd1b-v1-auto-k2-b64-r1\decoded\128KiB\mr.decoded""","0","0","2026-08-29T03:23:16.2432164+08:00","COMPLETE","PASS","paq8px-generic-sse=2","Complete R2 archive size; SHA-256 byte-exact roundtrip verified."
"e5-router","auto-k2","64","1","False","1","1","2","0","00010000","1025B343","4B1AC26C40AD4DA50312FD3B694D7E636FB768C2336FE773BC82D36424C27A4B","0:1,36:1","0","0","0","0","0","","","hybridzip-r2-e5-router-320dd1b-v1-auto-k2-b64-r1","r2-auto-k2","1","10","nci","32","inputs/32KiB/nci.bin","32768","0D3034FE8B0E573DE1439ED98CE409B83B13E5895085C9BFB0BF980F4962FB79","archives/32KiB/nci.hz2","1369","0D76894ABC6E54B889E31C8BEEBD45BE910D8D5E0A30DFA67DB9D547D760CA55","decoded/32KiB/nci.decoded","32768","0D3034FE8B0E573DE1439ED98CE409B83B13E5895085C9BFB0BF980F4962FB79","7.5950485","7.6288035","540.90234375","540.8125","540.90234375","74FF260A939B01673667723D8351AAEDB679339610009ECB23C70E373B862D9F","profile_id=2;mode=auto-k2;block_size=65536;zstd_level=19;lzma_level=9;threads=1;process_timeout_seconds=3600","""E:\MIXER\hybridzip\build\Release\hybridzip.exe"" c --profile=r2 --r2-mode=auto-k2 --block-size=65536 ""E:\MIXER\hybridzip\results\experiments\hybridzip-r2-e5-router-320dd1b-v1\children\hybridzip-r2-e5-router-320dd1b-v1-auto-k2-b64-r1\inputs\32KiB\nci.bin"" ""E:\MIXER\hybridzip\results\experiments\hybridzip-r2-e5-router-320dd1b-v1\children\hybridzip-r2-e5-router-320dd1b-v1-auto-k2-b64-r1\archives\32KiB\nci.hz2""","""E:\MIXER\hybridzip\build\Release\hybridzip.exe"" d ""E:\MIXER\hybridzip\results\experiments\hybridzip-r2-e5-router-320dd1b-v1\children\hybridzip-r2-e5-router-320dd1b-v1-auto-k2-b64-r1\archives\32KiB\nci.hz2"" ""E:\MIXER\hybridzip\results\experiments\hybridzip-r2-e5-router-320dd1b-v1\children\hybridzip-r2-e5-router-320dd1b-v1-auto-k2-b64-r1\decoded\32KiB\nci.decoded""","0","0","2026-08-29T03:25:23.0752039+08:00","COMPLETE","PASS","paq8px-generic-sse=1","Complete R2 archive size; SHA-256 byte-exact roundtrip verified."
"e5-router","auto-k2","64","1","False","1","1","2","0","00010000","1025B343","4B1AC26C40AD4DA50312FD3B694D7E636FB768C2336FE773BC82D36424C27A4B","0:1,36:1","0","0","0","0","0","","","hybridzip-r2-e5-router-320dd1b-v1-auto-k2-b64-r1","r2-auto-k2","1","11","nci","64","inputs/64KiB/nci.bin","65536","B01B411AC3B5CE2FBF37242C0C59D2D236D2F7039937C1B1A0F18F4CC02549FE","archives/64KiB/nci.hz2","2142","E09EC66953B8F6DA9C3F144B60080488BB808FFC30605D841FD237811F9A22D5","decoded/64KiB/nci.decoded","65536","B01B411AC3B5CE2FBF37242C0C59D2D236D2F7039937C1B1A0F18F4CC02549FE","19.2939782","19.1384606","542.40234375","542.32421875","542.40234375","74FF260A939B01673667723D8351AAEDB679339610009ECB23C70E373B862D9F","profile_id=2;mode=auto-k2;block_size=65536;zstd_level=19;lzma_level=9;threads=1;process_timeout_seconds=3600","""E:\MIXER\hybridzip\build\Release\hybridzip.exe"" c --profile=r2 --r2-mode=auto-k2 --block-size=65536 ""E:\MIXER\hybridzip\results\experiments\hybridzip-r2-e5-router-320dd1b-v1\children\hybridzip-r2-e5-router-320dd1b-v1-auto-k2-b64-r1\inputs\64KiB\nci.bin"" ""E:\MIXER\hybridzip\results\experiments\hybridzip-r2-e5-router-320dd1b-v1\children\hybridzip-r2-e5-router-320dd1b-v1-auto-k2-b64-r1\archives\64KiB\nci.hz2""","""E:\MIXER\hybridzip\build\Release\hybridzip.exe"" d ""E:\MIXER\hybridzip\results\experiments\hybridzip-r2-e5-router-320dd1b-v1\children\hybridzip-r2-e5-router-320dd1b-v1-auto-k2-b64-r1\archives\64KiB\nci.hz2"" ""E:\MIXER\hybridzip\results\experiments\hybridzip-r2-e5-router-320dd1b-v1\children\hybridzip-r2-e5-router-320dd1b-v1-auto-k2-b64-r1\decoded\64KiB\nci.decoded""","0","0","2026-08-29T03:25:38.3829174+08:00","COMPLETE","PASS","paq8px-generic-sse=1","Complete R2 archive size; SHA-256 byte-exact roundtrip verified."
"e5-router","auto-k2","64","1","False","1","1","4","0","00010000","1025B343","4B1AC26C40AD4DA50312FD3B694D7E636FB768C2336FE773BC82D36424C27A4B","0:2,36:2","0","0","0","0","0","","","hybridzip-r2-e5-router-320dd1b-v1-auto-k2-b64-r1","r2-auto-k2","1","12","nci","128","inputs/128KiB/nci.bin","131072","C8A1D610355E5EF900ED4C704DF14ADF1935D95DFD8F1740AC9FD90FC9BF5781","archives/128KiB/nci.hz2","4947","35EFA5B9B8D4D5B4038DCF213720C8299D39CBBB3166E08E7206C4184F003C77","decoded/128KiB/nci.decoded","131072","C8A1D610355E5EF900ED4C704DF14ADF1935D95DFD8F1740AC9FD90FC9BF5781","44.9014703","44.8890962","543.28515625","543.0703125","543.28515625","74FF260A939B01673667723D8351AAEDB679339610009ECB23C70E373B862D9F","profile_id=2;mode=auto-k2;block_size=65536;zstd_level=19;lzma_level=9;threads=1;process_timeout_seconds=3600","""E:\MIXER\hybridzip\build\Release\hybridzip.exe"" c --profile=r2 --r2-mode=auto-k2 --block-size=65536 ""E:\MIXER\hybridzip\results\experiments\hybridzip-r2-e5-router-320dd1b-v1\children\hybridzip-r2-e5-router-320dd1b-v1-auto-k2-b64-r1\inputs\128KiB\nci.bin"" ""E:\MIXER\hybridzip\results\experiments\hybridzip-r2-e5-router-320dd1b-v1\children\hybridzip-r2-e5-router-320dd1b-v1-auto-k2-b64-r1\archives\128KiB\nci.hz2""","""E:\MIXER\hybridzip\build\Release\hybridzip.exe"" d ""E:\MIXER\hybridzip\results\experiments\hybridzip-r2-e5-router-320dd1b-v1\children\hybridzip-r2-e5-router-320dd1b-v1-auto-k2-b64-r1\archives\128KiB\nci.hz2"" ""E:\MIXER\hybridzip\results\experiments\hybridzip-r2-e5-router-320dd1b-v1\children\hybridzip-r2-e5-router-320dd1b-v1-auto-k2-b64-r1\decoded\128KiB\nci.decoded""","0","0","2026-08-29T03:26:16.8992132+08:00","COMPLETE","PASS","paq8px-generic-sse=2","Complete R2 archive size; SHA-256 byte-exact roundtrip verified."
"e5-router","auto-k2","64","1","False","1","1","2","0","00010000","1025B343","4B1AC26C40AD4DA50312FD3B694D7E636FB768C2336FE773BC82D36424C27A4B","0:1,36:1","0","0","0","0","0","","","hybridzip-r2-e5-router-320dd1b-v1-auto-k2-b64-r1","r2-auto-k2","1","13","ooffice","32","inputs/32KiB/ooffice.bin","32768","2ACF9B4CAAEAC5814CDFEF0FA48A5ECE857C847DBDB7B44EEAB95CA3C098921C","archives/32KiB/ooffice.hz2","8097","0F4DE6DD6DE3130274BD45710A1EA770DB2A0CC044725E23D98928AD989F6630","decoded/32KiB/ooffice.decoded","32768","2ACF9B4CAAEAC5814CDFEF0FA48A5ECE857C847DBDB7B44EEAB95CA3C098921C","16.0831715","16.3221191","551.24609375","551.1875","551.24609375","74FF260A939B01673667723D8351AAEDB679339610009ECB23C70E373B862D9F","profile_id=2;mode=auto-k2;block_size=65536;zstd_level=19;lzma_level=9;threads=1;process_timeout_seconds=3600","""E:\MIXER\hybridzip\build\Release\hybridzip.exe"" c --profile=r2 --r2-mode=auto-k2 --block-size=65536 ""E:\MIXER\hybridzip\results\experiments\hybridzip-r2-e5-router-320dd1b-v1\children\hybridzip-r2-e5-router-320dd1b-v1-auto-k2-b64-r1\inputs\32KiB\ooffice.bin"" ""E:\MIXER\hybridzip\results\experiments\hybridzip-r2-e5-router-320dd1b-v1\children\hybridzip-r2-e5-router-320dd1b-v1-auto-k2-b64-r1\archives\32KiB\ooffice.hz2""","""E:\MIXER\hybridzip\build\Release\hybridzip.exe"" d ""E:\MIXER\hybridzip\results\experiments\hybridzip-r2-e5-router-320dd1b-v1\children\hybridzip-r2-e5-router-320dd1b-v1-auto-k2-b64-r1\archives\32KiB\ooffice.hz2"" ""E:\MIXER\hybridzip\results\experiments\hybridzip-r2-e5-router-320dd1b-v1\children\hybridzip-r2-e5-router-320dd1b-v1-auto-k2-b64-r1\decoded\32KiB\ooffice.decoded""","0","0","2026-08-29T03:27:46.7731673+08:00","COMPLETE","PASS","paq8px-generic-sse=1","Complete R2 archive size; SHA-256 byte-exact roundtrip verified."
"e5-router","auto-k2","64","1","False","1","1","2","0","00010000","1025B343","4B1AC26C40AD4DA50312FD3B694D7E636FB768C2336FE773BC82D36424C27A4B","0:1,36:1","0","0","0","0","0","","","hybridzip-r2-e5-router-320dd1b-v1-auto-k2-b64-r1","r2-auto-k2","1","14","ooffice","64","inputs/64KiB/ooffice.bin","65536","9D30521922187D0A26F56CF2DF85001F9585D0D4EC6A0A8797466AFCC367F825","archives/64KiB/ooffice.hz2","19206","52182C03D97DD5FE2C766B08B366698EEE601826F4CA74CF160D11772E5A643A","decoded/64KiB/ooffice.decoded","65536","9D30521922187D0A26F56CF2DF85001F9585D0D4EC6A0A8797466AFCC367F825","41.059872","40.9313177","552.78125","552.6640625","552.78125","74FF260A939B01673667723D8351AAEDB679339610009ECB23C70E373B862D9F","profile_id=2;mode=auto-k2;block_size=65536;zstd_level=19;lzma_level=9;threads=1;process_timeout_seconds=3600","""E:\MIXER\hybridzip\build\Release\hybridzip.exe"" c --profile=r2 --r2-mode=auto-k2 --block-size=65536 ""E:\MIXER\hybridzip\results\experiments\hybridzip-r2-e5-router-320dd1b-v1\children\hybridzip-r2-e5-router-320dd1b-v1-auto-k2-b64-r1\inputs\64KiB\ooffice.bin"" ""E:\MIXER\hybridzip\results\experiments\hybridzip-r2-e5-router-320dd1b-v1\children\hybridzip-r2-e5-router-320dd1b-v1-auto-k2-b64-r1\archives\64KiB\ooffice.hz2""","""E:\MIXER\hybridzip\build\Release\hybridzip.exe"" d ""E:\MIXER\hybridzip\results\experiments\hybridzip-r2-e5-router-320dd1b-v1\children\hybridzip-r2-e5-router-320dd1b-v1-auto-k2-b64-r1\archives\64KiB\ooffice.hz2"" ""E:\MIXER\hybridzip\results\experiments\hybridzip-r2-e5-router-320dd1b-v1\children\hybridzip-r2-e5-router-320dd1b-v1-auto-k2-b64-r1\decoded\64KiB\ooffice.decoded""","0","0","2026-08-29T03:28:19.2732205+08:00","COMPLETE","PASS","paq8px-generic-sse=1","Complete R2 archive size; SHA-256 byte-exact roundtrip verified."
"e5-router","auto-k2","64","1","False","1","1","4","0","00010000","1025B343","4B1AC26C40AD4DA50312FD3B694D7E636FB768C2336FE773BC82D36424C27A4B","0:2,36:2","0","0","0","0","0","","","hybridzip-r2-e5-router-320dd1b-v1-auto-k2-b64-r1","r2-auto-k2","1","15","ooffice","128","inputs/128KiB/ooffice.bin","131072","09FA5F3EE5311528863F8C3FADA3B530CC24AC1D88128E4DB2BF434161879FEF","archives/128KiB/ooffice.hz2","42656","6A440D4388BFC6D9C904CFE22FF5B66EF466AD7EF86FEE825C4CB58DDE2BFD1B","decoded/128KiB/ooffice.decoded","131072","09FA5F3EE5311528863F8C3FADA3B530CC24AC1D88128E4DB2BF434161879FEF","91.6466195","91.6801478","552.78515625","552.67578125","552.78515625","74FF260A939B01673667723D8351AAEDB679339610009ECB23C70E373B862D9F","profile_id=2;mode=auto-k2;block_size=65536;zstd_level=19;lzma_level=9;threads=1;process_timeout_seconds=3600","""E:\MIXER\hybridzip\build\Release\hybridzip.exe"" c --profile=r2 --r2-mode=auto-k2 --block-size=65536 ""E:\MIXER\hybridzip\results\experiments\hybridzip-r2-e5-router-320dd1b-v1\children\hybridzip-r2-e5-router-320dd1b-v1-auto-k2-b64-r1\inputs\128KiB\ooffice.bin"" ""E:\MIXER\hybridzip\results\experiments\hybridzip-r2-e5-router-320dd1b-v1\children\hybridzip-r2-e5-router-320dd1b-v1-auto-k2-b64-r1\archives\128KiB\ooffice.hz2""","""E:\MIXER\hybridzip\build\Release\hybridzip.exe"" d ""E:\MIXER\hybridzip\results\experiments\hybridzip-r2-e5-router-320dd1b-v1\children\hybridzip-r2-e5-router-320dd1b-v1-auto-k2-b64-r1\archives\128KiB\ooffice.hz2"" ""E:\MIXER\hybridzip\results\experiments\hybridzip-r2-e5-router-320dd1b-v1\children\hybridzip-r2-e5-router-320dd1b-v1-auto-k2-b64-r1\decoded\128KiB\ooffice.decoded""","0","0","2026-08-29T03:29:41.3593365+08:00","COMPLETE","PASS","paq8px-generic-sse=2","Complete R2 archive size; SHA-256 byte-exact roundtrip verified."
"e5-router","auto-k2","64","1","False","1","1","2","0","00010000","1025B343","4B1AC26C40AD4DA50312FD3B694D7E636FB768C2336FE773BC82D36424C27A4B","0:1,36:1","0","0","0","0","0","","","hybridzip-r2-e5-router-320dd1b-v1-auto-k2-b64-r1","r2-auto-k2","1","16","osdb","32","inputs/32KiB/osdb.bin","32768","03B2C20B777682CD960BCD893D7A4463161D9C0200FD1708B2EFAE32A259D0B7","archives/32KiB/osdb.hz2","11420","279669EBF23548953045419EF810A7AAF44162FCBFEB0D3F970FE485F709E9EA","decoded/32KiB/osdb.decoded","32768","03B2C20B777682CD960BCD893D7A4463161D9C0200FD1708B2EFAE32A259D0B7","17.9084292","17.971702","548.39453125","548.3046875","548.39453125","74FF260A939B01673667723D8351AAEDB679339610009ECB23C70E373B862D9F","profile_id=2;mode=auto-k2;block_size=65536;zstd_level=19;lzma_level=9;threads=1;process_timeout_seconds=3600","""E:\MIXER\hybridzip\build\Release\hybridzip.exe"" c --profile=r2 --r2-mode=auto-k2 --block-size=65536 ""E:\MIXER\hybridzip\results\experiments\hybridzip-r2-e5-router-320dd1b-v1\children\hybridzip-r2-e5-router-320dd1b-v1-auto-k2-b64-r1\inputs\32KiB\osdb.bin"" ""E:\MIXER\hybridzip\results\experiments\hybridzip-r2-e5-router-320dd1b-v1\children\hybridzip-r2-e5-router-320dd1b-v1-auto-k2-b64-r1\archives\32KiB\osdb.hz2""","""E:\MIXER\hybridzip\build\Release\hybridzip.exe"" d ""E:\MIXER\hybridzip\results\experiments\hybridzip-r2-e5-router-320dd1b-v1\children\hybridzip-r2-e5-router-320dd1b-v1-auto-k2-b64-r1\archives\32KiB\osdb.hz2"" ""E:\MIXER\hybridzip\results\experiments\hybridzip-r2-e5-router-320dd1b-v1\children\hybridzip-r2-e5-router-320dd1b-v1-auto-k2-b64-r1\decoded\32KiB\osdb.decoded""","0","0","2026-08-29T03:32:44.7821963+08:00","COMPLETE","PASS","paq8px-generic-sse=1","Complete R2 archive size; SHA-256 byte-exact roundtrip verified."
"e5-router","auto-k2","64","1","False","1","1","2","0","00010000","1025B343","4B1AC26C40AD4DA50312FD3B694D7E636FB768C2336FE773BC82D36424C27A4B","0:1,36:1","0","0","0","0","0","","","hybridzip-r2-e5-router-320dd1b-v1-auto-k2-b64-r1","r2-auto-k2","1","17","osdb","64","inputs/64KiB/osdb.bin","65536","F8FE629325A07588118BA0B65880A87DED43EF249CCBC91F0E977BBACAE0C125","archives/64KiB/osdb.hz2","18994","41D55EEDD7DBFC38DEB629A8FF61F547B78898D691F4EF34E343A61C35247550","decoded/64KiB/osdb.decoded","65536","F8FE629325A07588118BA0B65880A87DED43EF249CCBC91F0E977BBACAE0C125","37.925777","37.8548769","549.87890625","549.75390625","549.87890625","74FF260A939B01673667723D8351AAEDB679339610009ECB23C70E373B862D9F","profile_id=2;mode=auto-k2;block_size=65536;zstd_level=19;lzma_level=9;threads=1;process_timeout_seconds=3600","""E:\MIXER\hybridzip\build\Release\hybridzip.exe"" c --profile=r2 --r2-mode=auto-k2 --block-size=65536 ""E:\MIXER\hybridzip\results\experiments\hybridzip-r2-e5-router-320dd1b-v1\children\hybridzip-r2-e5-router-320dd1b-v1-auto-k2-b64-r1\inputs\64KiB\osdb.bin"" ""E:\MIXER\hybridzip\results\experiments\hybridzip-r2-e5-router-320dd1b-v1\children\hybridzip-r2-e5-router-320dd1b-v1-auto-k2-b64-r1\archives\64KiB\osdb.hz2""","""E:\MIXER\hybridzip\build\Release\hybridzip.exe"" d ""E:\MIXER\hybridzip\results\experiments\hybridzip-r2-e5-router-320dd1b-v1\children\hybridzip-r2-e5-router-320dd1b-v1-auto-k2-b64-r1\archives\64KiB\osdb.hz2"" ""E:\MIXER\hybridzip\results\experiments\hybridzip-r2-e5-router-320dd1b-v1\children\hybridzip-r2-e5-router-320dd1b-v1-auto-k2-b64-r1\decoded\64KiB\osdb.decoded""","0","0","2026-08-29T03:33:20.7473342+08:00","COMPLETE","PASS","paq8px-generic-sse=1","Complete R2 archive size; SHA-256 byte-exact roundtrip verified."
"e5-router","auto-k2","64","1","False","1","1","4","0","00010000","1025B343","4B1AC26C40AD4DA50312FD3B694D7E636FB768C2336FE773BC82D36424C27A4B","0:2,36:2","0","0","0","0","0","","","hybridzip-r2-e5-router-320dd1b-v1-auto-k2-b64-r1","r2-auto-k2","1","18","osdb","128","inputs/128KiB/osdb.bin","131072","D977E72AE13AEFC36A4B6171A895E26A0E6EEE447B1B9FBE868D7B1C046CC91F","archives/128KiB/osdb.hz2","38016","CC75DD75A733F90C78C2599A56E9C60DA98ED8A24EAF0F52271FA15B3E027CF4","decoded/128KiB/osdb.decoded","131072","D977E72AE13AEFC36A4B6171A895E26A0E6EEE447B1B9FBE868D7B1C046CC91F","81.280099","81.6933593","549.87109375","549.74609375","549.87109375","74FF260A939B01673667723D8351AAEDB679339610009ECB23C70E373B862D9F","profile_id=2;mode=auto-k2;block_size=65536;zstd_level=19;lzma_level=9;threads=1;process_timeout_seconds=3600","""E:\MIXER\hybridzip\build\Release\hybridzip.exe"" c --profile=r2 --r2-mode=auto-k2 --block-size=65536 ""E:\MIXER\hybridzip\results\experiments\hybridzip-r2-e5-router-320dd1b-v1\children\hybridzip-r2-e5-router-320dd1b-v1-auto-k2-b64-r1\inputs\128KiB\osdb.bin"" ""E:\MIXER\hybridzip\results\experiments\hybridzip-r2-e5-router-320dd1b-v1\children\hybridzip-r2-e5-router-320dd1b-v1-auto-k2-b64-r1\archives\128KiB\osdb.hz2""","""E:\MIXER\hybridzip\build\Release\hybridzip.exe"" d ""E:\MIXER\hybridzip\results\experiments\hybridzip-r2-e5-router-320dd1b-v1\children\hybridzip-r2-e5-router-320dd1b-v1-auto-k2-b64-r1\archives\128KiB\osdb.hz2"" ""E:\MIXER\hybridzip\results\experiments\hybridzip-r2-e5-router-320dd1b-v1\children\hybridzip-r2-e5-router-320dd1b-v1-auto-k2-b64-r1\decoded\128KiB\osdb.decoded""","0","0","2026-08-29T03:34:36.6124322+08:00","COMPLETE","PASS","paq8px-generic-sse=2","Complete R2 archive size; SHA-256 byte-exact roundtrip verified."
"e5-router","auto-k2","64","1","False","1","1","2","0","00010000","1025B343","4B1AC26C40AD4DA50312FD3B694D7E636FB768C2336FE773BC82D36424C27A4B","0:1,36:1","0","0","0","0","0","","","hybridzip-r2-e5-router-320dd1b-v1-auto-k2-b64-r1","r2-auto-k2","1","19","reymont","32","inputs/32KiB/reymont.bin","32768","9D5E4B9340C2260DAE7DDB01B3EDA58236FF2DE5E1FF4D56767AA840B6FB1A87","archives/32KiB/reymont.hz2","5726","EA4AB625E8821A6F170BA13D1A746AD523F2EACB80060C172F33F3E029656836","decoded/32KiB/reymont.decoded","32768","9D5E4B9340C2260DAE7DDB01B3EDA58236FF2DE5E1FF4D56767AA840B6FB1A87","13.6623249","13.5923208","544.8515625","544.65234375","544.8515625","74FF260A939B01673667723D8351AAEDB679339610009ECB23C70E373B862D9F","profile_id=2;mode=auto-k2;block_size=65536;zstd_level=19;lzma_level=9;threads=1;process_timeout_seconds=3600","""E:\MIXER\hybridzip\build\Release\hybridzip.exe"" c --profile=r2 --r2-mode=auto-k2 --block-size=65536 ""E:\MIXER\hybridzip\results\experiments\hybridzip-r2-e5-router-320dd1b-v1\children\hybridzip-r2-e5-router-320dd1b-v1-auto-k2-b64-r1\inputs\32KiB\reymont.bin"" ""E:\MIXER\hybridzip\results\experiments\hybridzip-r2-e5-router-320dd1b-v1\children\hybridzip-r2-e5-router-320dd1b-v1-auto-k2-b64-r1\archives\32KiB\reymont.hz2""","""E:\MIXER\hybridzip\build\Release\hybridzip.exe"" d ""E:\MIXER\hybridzip\results\experiments\hybridzip-r2-e5-router-320dd1b-v1\children\hybridzip-r2-e5-router-320dd1b-v1-auto-k2-b64-r1\archives\32KiB\reymont.hz2"" ""E:\MIXER\hybridzip\results\experiments\hybridzip-r2-e5-router-320dd1b-v1\children\hybridzip-r2-e5-router-320dd1b-v1-auto-k2-b64-r1\decoded\32KiB\reymont.decoded""","0","0","2026-08-29T03:37:19.6845820+08:00","COMPLETE","PASS","paq8px-generic-sse=1","Complete R2 archive size; SHA-256 byte-exact roundtrip verified."
"e5-router","auto-k2","64","1","False","1","1","2","0","00010000","1025B343","4B1AC26C40AD4DA50312FD3B694D7E636FB768C2336FE773BC82D36424C27A4B","0:1,36:1","0","0","0","0","0","","","hybridzip-r2-e5-router-320dd1b-v1-auto-k2-b64-r1","r2-auto-k2","1","20","reymont","64","inputs/64KiB/reymont.bin","65536","A5ECAAABB133F1ADF8DE6062BE6381D143E87F9F8050EEA9B5BE6F92B88C3C22","archives/64KiB/reymont.hz2","10718","AABDA8C5161275A9F473FF99F87225DB4B32F3659B24F6CEC5D846A94B471A70","decoded/64KiB/reymont.decoded","65536","A5ECAAABB133F1ADF8DE6062BE6381D143E87F9F8050EEA9B5BE6F92B88C3C22","31.3420517","31.2630649","545.2578125","545.046875","545.2578125","74FF260A939B01673667723D8351AAEDB679339610009ECB23C70E373B862D9F","profile_id=2;mode=auto-k2;block_size=65536;zstd_level=19;lzma_level=9;threads=1;process_timeout_seconds=3600","""E:\MIXER\hybridzip\build\Release\hybridzip.exe"" c --profile=r2 --r2-mode=auto-k2 --block-size=65536 ""E:\MIXER\hybridzip\results\experiments\hybridzip-r2-e5-router-320dd1b-v1\children\hybridzip-r2-e5-router-320dd1b-v1-auto-k2-b64-r1\inputs\64KiB\reymont.bin"" ""E:\MIXER\hybridzip\results\experiments\hybridzip-r2-e5-router-320dd1b-v1\children\hybridzip-r2-e5-router-320dd1b-v1-auto-k2-b64-r1\archives\64KiB\reymont.hz2""","""E:\MIXER\hybridzip\build\Release\hybridzip.exe"" d ""E:\MIXER\hybridzip\results\experiments\hybridzip-r2-e5-router-320dd1b-v1\children\hybridzip-r2-e5-router-320dd1b-v1-auto-k2-b64-r1\archives\64KiB\reymont.hz2"" ""E:\MIXER\hybridzip\results\experiments\hybridzip-r2-e5-router-320dd1b-v1\children\hybridzip-r2-e5-router-320dd1b-v1-auto-k2-b64-r1\decoded\64KiB\reymont.decoded""","0","0","2026-08-29T03:37:47.0300997+08:00","COMPLETE","PASS","paq8px-generic-sse=1","Complete R2 archive size; SHA-256 byte-exact roundtrip verified."
"e5-router","auto-k2","64","1","False","1","1","4","0","00010000","1025B343","4B1AC26C40AD4DA50312FD3B694D7E636FB768C2336FE773BC82D36424C27A4B","0:2,36:2","0","0","0","0","0","","","hybridzip-r2-e5-router-320dd1b-v1-auto-k2-b64-r1","r2-auto-k2","1","21","reymont","128","inputs/128KiB/reymont.bin","131072","A6CA7478854C1E80DFEAF9FB3444B357F9D7625E55232FAE3B3632A5A1217DEA","archives/128KiB/reymont.hz2","21669","5C7656D9C512D593B02E54CB33CE9C8DAA61C36645A53669C839046E754345AC","decoded/128KiB/reymont.decoded","131072","A6CA7478854C1E80DFEAF9FB3444B357F9D7625E55232FAE3B3632A5A1217DEA","68.2914383","68.4179639","545.15625","545.15234375","545.15625","74FF260A939B01673667723D8351AAEDB679339610009ECB23C70E373B862D9F","profile_id=2;mode=auto-k2;block_size=65536;zstd_level=19;lzma_level=9;threads=1;process_timeout_seconds=3600","""E:\MIXER\hybridzip\build\Release\hybridzip.exe"" c --profile=r2 --r2-mode=auto-k2 --block-size=65536 ""E:\MIXER\hybridzip\results\experiments\hybridzip-r2-e5-router-320dd1b-v1\children\hybridzip-r2-e5-router-320dd1b-v1-auto-k2-b64-r1\inputs\128KiB\reymont.bin"" ""E:\MIXER\hybridzip\results\experiments\hybridzip-r2-e5-router-320dd1b-v1\children\hybridzip-r2-e5-router-320dd1b-v1-auto-k2-b64-r1\archives\128KiB\reymont.hz2""","""E:\MIXER\hybridzip\build\Release\hybridzip.exe"" d ""E:\MIXER\hybridzip\results\experiments\hybridzip-r2-e5-router-320dd1b-v1\children\hybridzip-r2-e5-router-320dd1b-v1-auto-k2-b64-r1\archives\128KiB\reymont.hz2"" ""E:\MIXER\hybridzip\results\experiments\hybridzip-r2-e5-router-320dd1b-v1\children\hybridzip-r2-e5-router-320dd1b-v1-auto-k2-b64-r1\decoded\128KiB\reymont.decoded""","0","0","2026-08-29T03:38:49.7185697+08:00","COMPLETE","PASS","paq8px-generic-sse=2","Complete R2 archive size; SHA-256 byte-exact roundtrip verified."
"e5-router","auto-k2","64","1","False","1","1","2","0","00010000","1025B343","4B1AC26C40AD4DA50312FD3B694D7E636FB768C2336FE773BC82D36424C27A4B","0:1,36:1","0","0","0","0","0","","","hybridzip-r2-e5-router-320dd1b-v1-auto-k2-b64-r1","r2-auto-k2","1","22","samba","32","inputs/32KiB/samba.bin","32768","9C4F5BEE544E4531E4946E62F796987418B4526911C34877EF282F14DD57AD12","archives/32KiB/samba.hz2","7956","34AFF36D5F1B58FF637F6382E16DD199165902F5EAEE2815EFB1EB18C3B38BF2","decoded/32KiB/samba.decoded","32768","9C4F5BEE544E4531E4946E62F796987418B4526911C34877EF282F14DD57AD12","15.9114014","15.8222943","545.3203125","545.21484375","545.3203125","74FF260A939B01673667723D8351AAEDB679339610009ECB23C70E373B862D9F","profile_id=2;mode=auto-k2;block_size=65536;zstd_level=19;lzma_level=9;threads=1;process_timeout_seconds=3600","""E:\MIXER\hybridzip\build\Release\hybridzip.exe"" c --profile=r2 --r2-mode=auto-k2 --block-size=65536 ""E:\MIXER\hybridzip\results\experiments\hybridzip-r2-e5-router-320dd1b-v1\children\hybridzip-r2-e5-router-320dd1b-v1-auto-k2-b64-r1\inputs\32KiB\samba.bin"" ""E:\MIXER\hybridzip\results\experiments\hybridzip-r2-e5-router-320dd1b-v1\children\hybridzip-r2-e5-router-320dd1b-v1-auto-k2-b64-r1\archives\32KiB\samba.hz2""","""E:\MIXER\hybridzip\build\Release\hybridzip.exe"" d ""E:\MIXER\hybridzip\results\experiments\hybridzip-r2-e5-router-320dd1b-v1\children\hybridzip-r2-e5-router-320dd1b-v1-auto-k2-b64-r1\archives\32KiB\samba.hz2"" ""E:\MIXER\hybridzip\results\experiments\hybridzip-r2-e5-router-320dd1b-v1\children\hybridzip-r2-e5-router-320dd1b-v1-auto-k2-b64-r1\decoded\32KiB\samba.decoded""","0","0","2026-08-29T03:41:06.5154962+08:00","COMPLETE","PASS","paq8px-generic-sse=1","Complete R2 archive size; SHA-256 byte-exact roundtrip verified."
"e5-router","auto-k2","64","1","False","1","1","2","0","00010000","1025B343","4B1AC26C40AD4DA50312FD3B694D7E636FB768C2336FE773BC82D36424C27A4B","0:1,36:1","0","0","0","0","0","","","hybridzip-r2-e5-router-320dd1b-v1-auto-k2-b64-r1","r2-auto-k2","1","23","samba","64","inputs/64KiB/samba.bin","65536","3E0420984C0F260EA7350734600CEA9D8500B745E2E4B7DBD4D1DA1D1ADAC421","archives/64KiB/samba.hz2","15270","A6FFF810458AC7E88A2AA177A15F855A2F012AA9FCAD3BF64170DF9A6A472A79","decoded/64KiB/samba.decoded","65536","3E0420984C0F260EA7350734600CEA9D8500B745E2E4B7DBD4D1DA1D1ADAC421","36.3749394","36.4848715","545.734375","545.609375","545.734375","74FF260A939B01673667723D8351AAEDB679339610009ECB23C70E373B862D9F","profile_id=2;mode=auto-k2;block_size=65536;zstd_level=19;lzma_level=9;threads=1;process_timeout_seconds=3600","""E:\MIXER\hybridzip\build\Release\hybridzip.exe"" c --profile=r2 --r2-mode=auto-k2 --block-size=65536 ""E:\MIXER\hybridzip\results\experiments\hybridzip-r2-e5-router-320dd1b-v1\children\hybridzip-r2-e5-router-320dd1b-v1-auto-k2-b64-r1\inputs\64KiB\samba.bin"" ""E:\MIXER\hybridzip\results\experiments\hybridzip-r2-e5-router-320dd1b-v1\children\hybridzip-r2-e5-router-320dd1b-v1-auto-k2-b64-r1\archives\64KiB\samba.hz2""","""E:\MIXER\hybridzip\build\Release\hybridzip.exe"" d ""E:\MIXER\hybridzip\results\experiments\hybridzip-r2-e5-router-320dd1b-v1\children\hybridzip-r2-e5-router-320dd1b-v1-auto-k2-b64-r1\archives\64KiB\samba.hz2"" ""E:\MIXER\hybridzip\results\experiments\hybridzip-r2-e5-router-320dd1b-v1\children\hybridzip-r2-e5-router-320dd1b-v1-auto-k2-b64-r1\decoded\64KiB\samba.decoded""","0","0","2026-08-29T03:41:38.3330580+08:00","COMPLETE","PASS","paq8px-generic-sse=1","Complete R2 archive size; SHA-256 byte-exact roundtrip verified."
"e5-router","auto-k2","64","1","False","1","1","4","0","00010000","1025B343","4B1AC26C40AD4DA50312FD3B694D7E636FB768C2336FE773BC82D36424C27A4B","0:2,36:2","0","0","0","0","0","","","hybridzip-r2-e5-router-320dd1b-v1-auto-k2-b64-r1","r2-auto-k2","1","24","samba","128","inputs/128KiB/samba.bin","131072","F3B8C4AD35BC6CF21977895D6F04A22B1422605942FA5AFE35CE28B2A221D7E8","archives/128KiB/samba.hz2","31779","8AD989C3783D4DB208C00354D03067D57658FFA726B1F9ED1A52A9FA07EAE9EB","decoded/128KiB/samba.decoded","131072","F3B8C4AD35BC6CF21977895D6F04A22B1422605942FA5AFE35CE28B2A221D7E8","71.6419711","71.7807342","545.921875","545.80859375","545.921875","74FF260A939B01673667723D8351AAEDB679339610009ECB23C70E373B862D9F","profile_id=2;mode=auto-k2;block_size=65536;zstd_level=19;lzma_level=9;threads=1;process_timeout_seconds=3600","""E:\MIXER\hybridzip\build\Release\hybridzip.exe"" c --profile=r2 --r2-mode=auto-k2 --block-size=65536 ""E:\MIXER\hybridzip\results\experiments\hybridzip-r2-e5-router-320dd1b-v1\children\hybridzip-r2-e5-router-320dd1b-v1-auto-k2-b64-r1\inputs\128KiB\samba.bin"" ""E:\MIXER\hybridzip\results\experiments\hybridzip-r2-e5-router-320dd1b-v1\children\hybridzip-r2-e5-router-320dd1b-v1-auto-k2-b64-r1\archives\128KiB\samba.hz2""","""E:\MIXER\hybridzip\build\Release\hybridzip.exe"" d ""E:\MIXER\hybridzip\results\experiments\hybridzip-r2-e5-router-320dd1b-v1\children\hybridzip-r2-e5-router-320dd1b-v1-auto-k2-b64-r1\archives\128KiB\samba.hz2"" ""E:\MIXER\hybridzip\results\experiments\hybridzip-r2-e5-router-320dd1b-v1\children\hybridzip-r2-e5-router-320dd1b-v1-auto-k2-b64-r1\decoded\128KiB\samba.decoded""","0","0","2026-08-29T03:42:51.2773074+08:00","COMPLETE","PASS","paq8px-generic-sse=2","Complete R2 archive size; SHA-256 byte-exact roundtrip verified."
"e5-router","auto-k2","64","1","False","1","1","2","0","00010000","1025B343","4B1AC26C40AD4DA50312FD3B694D7E636FB768C2336FE773BC82D36424C27A4B","0:1,36:1","0","0","0","0","0","","","hybridzip-r2-e5-router-320dd1b-v1-auto-k2-b64-r1","r2-auto-k2","1","25","sao","32","inputs/32KiB/sao.bin","32768","95677430CAD4F000506BC5EE22815C3F4E13D64B477ED506B78D5D9ACFB50CCD","archives/32KiB/sao.hz2","18805","DA4A8EC1A5A6279964CD1712287BF2E06E0A4AA4BE289B524CEC178266B4CFA9","decoded/32KiB/sao.decoded","32768","95677430CAD4F000506BC5EE22815C3F4E13D64B477ED506B78D5D9ACFB50CCD","20.780423","20.7987438","548.7890625","548.68359375","548.7890625","74FF260A939B01673667723D8351AAEDB679339610009ECB23C70E373B862D9F","profile_id=2;mode=auto-k2;block_size=65536;zstd_level=19;lzma_level=9;threads=1;process_timeout_seconds=3600","""E:\MIXER\hybridzip\build\Release\hybridzip.exe"" c --profile=r2 --r2-mode=auto-k2 --block-size=65536 ""E:\MIXER\hybridzip\results\experiments\hybridzip-r2-e5-router-320dd1b-v1\children\hybridzip-r2-e5-router-320dd1b-v1-auto-k2-b64-r1\inputs\32KiB\sao.bin"" ""E:\MIXER\hybridzip\results\experiments\hybridzip-r2-e5-router-320dd1b-v1\children\hybridzip-r2-e5-router-320dd1b-v1-auto-k2-b64-r1\archives\32KiB\sao.hz2""","""E:\MIXER\hybridzip\build\Release\hybridzip.exe"" d ""E:\MIXER\hybridzip\results\experiments\hybridzip-r2-e5-router-320dd1b-v1\children\hybridzip-r2-e5-router-320dd1b-v1-auto-k2-b64-r1\archives\32KiB\sao.hz2"" ""E:\MIXER\hybridzip\results\experiments\hybridzip-r2-e5-router-320dd1b-v1\children\hybridzip-r2-e5-router-320dd1b-v1-auto-k2-b64-r1\decoded\32KiB\sao.decoded""","0","0","2026-08-29T03:45:14.7836200+08:00","COMPLETE","PASS","paq8px-generic-sse=1","Complete R2 archive size; SHA-256 byte-exact roundtrip verified."
"e5-router","auto-k2","64","1","False","1","1","2","0","00010000","1025B343","4B1AC26C40AD4DA50312FD3B694D7E636FB768C2336FE773BC82D36424C27A4B","0:1,36:1","0","0","0","0","0","","","hybridzip-r2-e5-router-320dd1b-v1-auto-k2-b64-r1","r2-auto-k2","1","26","sao","64","inputs/64KiB/sao.bin","65536","17CBD7166A47786139F60BA33B4E771CE0154F6FA56986883D129BC23F78EBEE","archives/64KiB/sao.hz2","36379","D4FC29916794BC9ED48EB4CF19978074720A997795B269FEA8DF4F2E640E32F3","decoded/64KiB/sao.decoded","65536","17CBD7166A47786139F60BA33B4E771CE0154F6FA56986883D129BC23F78EBEE","45.6433191","45.6169881","550.55078125","550.359375","550.55078125","74FF260A939B01673667723D8351AAEDB679339610009ECB23C70E373B862D9F","profile_id=2;mode=auto-k2;block_size=65536;zstd_level=19;lzma_level=9;threads=1;process_timeout_seconds=3600","""E:\MIXER\hybridzip\build\Release\hybridzip.exe"" c --profile=r2 --r2-mode=auto-k2 --block-size=65536 ""E:\MIXER\hybridzip\results\experiments\hybridzip-r2-e5-router-320dd1b-v1\children\hybridzip-r2-e5-router-320dd1b-v1-auto-k2-b64-r1\inputs\64KiB\sao.bin"" ""E:\MIXER\hybridzip\results\experiments\hybridzip-r2-e5-router-320dd1b-v1\children\hybridzip-r2-e5-router-320dd1b-v1-auto-k2-b64-r1\archives\64KiB\sao.hz2""","""E:\MIXER\hybridzip\build\Release\hybridzip.exe"" d ""E:\MIXER\hybridzip\results\experiments\hybridzip-r2-e5-router-320dd1b-v1\children\hybridzip-r2-e5-router-320dd1b-v1-auto-k2-b64-r1\archives\64KiB\sao.hz2"" ""E:\MIXER\hybridzip\results\experiments\hybridzip-r2-e5-router-320dd1b-v1\children\hybridzip-r2-e5-router-320dd1b-v1-auto-k2-b64-r1\decoded\64KiB\sao.decoded""","0","0","2026-08-29T03:45:56.4475811+08:00","COMPLETE","PASS","paq8px-generic-sse=1","Complete R2 archive size; SHA-256 byte-exact roundtrip verified."
"e5-router","auto-k2","64","1","False","1","1","4","0","00010000","1025B343","4B1AC26C40AD4DA50312FD3B694D7E636FB768C2336FE773BC82D36424C27A4B","0:2,36:2","0","0","0","0","0","","","hybridzip-r2-e5-router-320dd1b-v1-auto-k2-b64-r1","r2-auto-k2","1","27","sao","128","inputs/128KiB/sao.bin","131072","75E535B42DB7505118D8B19C7C42C1F49C5542ADDC9DBC13383953659F675CE0","archives/128KiB/sao.hz2","72422","449E49C8E5AB20AA54E50A51DC0551B1C0276159BAD19243053090A5492653FA","decoded/128KiB/sao.decoded","131072","75E535B42DB7505118D8B19C7C42C1F49C5542ADDC9DBC13383953659F675CE0","96.4066184","96.7293978","550.5546875","550.4140625","550.5546875","74FF260A939B01673667723D8351AAEDB679339610009ECB23C70E373B862D9F","profile_id=2;mode=auto-k2;block_size=65536;zstd_level=19;lzma_level=9;threads=1;process_timeout_seconds=3600","""E:\MIXER\hybridzip\build\Release\hybridzip.exe"" c --profile=r2 --r2-mode=auto-k2 --block-size=65536 ""E:\MIXER\hybridzip\results\experiments\hybridzip-r2-e5-router-320dd1b-v1\children\hybridzip-r2-e5-router-320dd1b-v1-auto-k2-b64-r1\inputs\128KiB\sao.bin"" ""E:\MIXER\hybridzip\results\experiments\hybridzip-r2-e5-router-320dd1b-v1\children\hybridzip-r2-e5-router-320dd1b-v1-auto-k2-b64-r1\archives\128KiB\sao.hz2""","""E:\MIXER\hybridzip\build\Release\hybridzip.exe"" d ""E:\MIXER\hybridzip\results\experiments\hybridzip-r2-e5-router-320dd1b-v1\children\hybridzip-r2-e5-router-320dd1b-v1-auto-k2-b64-r1\archives\128KiB\sao.hz2"" ""E:\MIXER\hybridzip\results\experiments\hybridzip-r2-e5-router-320dd1b-v1\children\hybridzip-r2-e5-router-320dd1b-v1-auto-k2-b64-r1\decoded\128KiB\sao.decoded""","0","0","2026-08-29T03:47:27.7957131+08:00","COMPLETE","PASS","paq8px-generic-sse=2","Complete R2 archive size; SHA-256 byte-exact roundtrip verified."
"e5-router","auto-k2","64","1","False","1","1","2","0","00010000","1025B343","4B1AC26C40AD4DA50312FD3B694D7E636FB768C2336FE773BC82D36424C27A4B","0:1,36:1","0","0","0","0","0","","","hybridzip-r2-e5-router-320dd1b-v1-auto-k2-b64-r1","r2-auto-k2","1","28","webster","32","inputs/32KiB/webster.bin","32768","774D224695AF4057353F72602BB96CD2AFEEA059AC7737535645F11596FCA85E","archives/32KiB/webster.hz2","9355","A3F1A65E62D61E8066EDD627DEF6DF468AF4D12DB3F399E21694C718818B6934","decoded/32KiB/webster.decoded","32768","774D224695AF4057353F72602BB96CD2AFEEA059AC7737535645F11596FCA85E","17.628532","17.5291367","546.765625","546.7890625","546.7890625","74FF260A939B01673667723D8351AAEDB679339610009ECB23C70E373B862D9F","profile_id=2;mode=auto-k2;block_size=65536;zstd_level=19;lzma_level=9;threads=1;process_timeout_seconds=3600","""E:\MIXER\hybridzip\build\Release\hybridzip.exe"" c --profile=r2 --r2-mode=auto-k2 --block-size=65536 ""E:\MIXER\hybridzip\results\experiments\hybridzip-r2-e5-router-320dd1b-v1\children\hybridzip-r2-e5-router-320dd1b-v1-auto-k2-b64-r1\inputs\32KiB\webster.bin"" ""E:\MIXER\hybridzip\results\experiments\hybridzip-r2-e5-router-320dd1b-v1\children\hybridzip-r2-e5-router-320dd1b-v1-auto-k2-b64-r1\archives\32KiB\webster.hz2""","""E:\MIXER\hybridzip\build\Release\hybridzip.exe"" d ""E:\MIXER\hybridzip\results\experiments\hybridzip-r2-e5-router-320dd1b-v1\children\hybridzip-r2-e5-router-320dd1b-v1-auto-k2-b64-r1\archives\32KiB\webster.hz2"" ""E:\MIXER\hybridzip\results\experiments\hybridzip-r2-e5-router-320dd1b-v1\children\hybridzip-r2-e5-router-320dd1b-v1-auto-k2-b64-r1\decoded\32KiB\webster.decoded""","0","0","2026-08-29T03:50:41.0175144+08:00","COMPLETE","PASS","paq8px-generic-sse=1","Complete R2 archive size; SHA-256 byte-exact roundtrip verified."
"e5-router","auto-k2","64","1","False","1","1","2","0","00010000","1025B343","4B1AC26C40AD4DA50312FD3B694D7E636FB768C2336FE773BC82D36424C27A4B","0:1,36:1","0","0","0","0","0","","","hybridzip-r2-e5-router-320dd1b-v1-auto-k2-b64-r1","r2-auto-k2","1","29","webster","64","inputs/64KiB/webster.bin","65536","262258811321382F9E4F44D2184B6B7FED0336CF831446D8336C47D6CCC2B32E","archives/64KiB/webster.hz2","15351","DE4CF603A77FA1B379D88A8203228F9B7DD8A9B6089D632FD5DC48223D808F12","decoded/64KiB/webster.decoded","65536","262258811321382F9E4F44D2184B6B7FED0336CF831446D8336C47D6CCC2B32E","37.4971958","37.5937851","547.04296875","546.91796875","547.04296875","74FF260A939B01673667723D8351AAEDB679339610009ECB23C70E373B862D9F","profile_id=2;mode=auto-k2;block_size=65536;zstd_level=19;lzma_level=9;threads=1;process_timeout_seconds=3600","""E:\MIXER\hybridzip\build\Release\hybridzip.exe"" c --profile=r2 --r2-mode=auto-k2 --block-size=65536 ""E:\MIXER\hybridzip\results\experiments\hybridzip-r2-e5-router-320dd1b-v1\children\hybridzip-r2-e5-router-320dd1b-v1-auto-k2-b64-r1\inputs\64KiB\webster.bin"" ""E:\MIXER\hybridzip\results\experiments\hybridzip-r2-e5-router-320dd1b-v1\children\hybridzip-r2-e5-router-320dd1b-v1-auto-k2-b64-r1\archives\64KiB\webster.hz2""","""E:\MIXER\hybridzip\build\Release\hybridzip.exe"" d ""E:\MIXER\hybridzip\results\experiments\hybridzip-r2-e5-router-320dd1b-v1\children\hybridzip-r2-e5-router-320dd1b-v1-auto-k2-b64-r1\archives\64KiB\webster.hz2"" ""E:\MIXER\hybridzip\results\experiments\hybridzip-r2-e5-router-320dd1b-v1\children\hybridzip-r2-e5-router-320dd1b-v1-auto-k2-b64-r1\decoded\64KiB\webster.decoded""","0","0","2026-08-29T03:51:16.2697346+08:00","COMPLETE","PASS","paq8px-generic-sse=1","Complete R2 archive size; SHA-256 byte-exact roundtrip verified."
"e5-router","auto-k2","64","1","False","1","1","4","0","00010000","1025B343","4B1AC26C40AD4DA50312FD3B694D7E636FB768C2336FE773BC82D36424C27A4B","0:2,36:2","0","0","0","0","0","","","hybridzip-r2-e5-router-320dd1b-v1-auto-k2-b64-r1","r2-auto-k2","1","30","webster","128","inputs/128KiB/webster.bin","131072","C069C1FDCA99BC5C44F06D134CD0CDA60315DD631AA6564733B2CE0E6D59305C","archives/128KiB/webster.hz2","28068","95A2DDACB9ADE2EDFF35C25D81C348A8DF1E164CB656808D66F566461BE034B6","decoded/128KiB/webster.decoded","131072","C069C1FDCA99BC5C44F06D134CD0CDA60315DD631AA6564733B2CE0E6D59305C","77.3066362","77.4030831","547.0390625","546.9296875","547.0390625","74FF260A939B01673667723D8351AAEDB679339610009ECB23C70E373B862D9F","profile_id=2;mode=auto-k2;block_size=65536;zstd_level=19;lzma_level=9;threads=1;process_timeout_seconds=3600","""E:\MIXER\hybridzip\build\Release\hybridzip.exe"" c --profile=r2 --r2-mode=auto-k2 --block-size=65536 ""E:\MIXER\hybridzip\results\experiments\hybridzip-r2-e5-router-320dd1b-v1\children\hybridzip-r2-e5-router-320dd1b-v1-auto-k2-b64-r1\inputs\128KiB\webster.bin"" ""E:\MIXER\hybridzip\results\experiments\hybridzip-r2-e5-router-320dd1b-v1\children\hybridzip-r2-e5-router-320dd1b-v1-auto-k2-b64-r1\archives\128KiB\webster.hz2""","""E:\MIXER\hybridzip\build\Release\hybridzip.exe"" d ""E:\MIXER\hybridzip\results\experiments\hybridzip-r2-e5-router-320dd1b-v1\children\hybridzip-r2-e5-router-320dd1b-v1-auto-k2-b64-r1\archives\128KiB\webster.hz2"" ""E:\MIXER\hybridzip\results\experiments\hybridzip-r2-e5-router-320dd1b-v1\children\hybridzip-r2-e5-router-320dd1b-v1-auto-k2-b64-r1\decoded\128KiB\webster.decoded""","0","0","2026-08-29T03:52:31.4507905+08:00","COMPLETE","PASS","paq8px-generic-sse=2","Complete R2 archive size; SHA-256 byte-exact roundtrip verified."
"e5-router","auto-k2","64","1","False","1","1","2","0","00010000","1025B343","4B1AC26C40AD4DA50312FD3B694D7E636FB768C2336FE773BC82D36424C27A4B","0:1,36:1","0","0","0","0","0","","","hybridzip-r2-e5-router-320dd1b-v1-auto-k2-b64-r1","r2-auto-k2","1","31","x-ray","32","inputs/32KiB/x-ray.bin","32768","10511AA63DFBD9C0DDBFEFE36068740103D4BA1116E214154A0772057D7E9314","archives/32KiB/x-ray.hz2","14702","4461FC9A23988B440292DDA38C4EACC1AAD23FD665E51C8399899F7CD60A4A2B","decoded/32KiB/x-ray.decoded","32768","10511AA63DFBD9C0DDBFEFE36068740103D4BA1116E214154A0772057D7E9314","16.9696116","16.9132177","547.15234375","547.046875","547.15234375","74FF260A939B01673667723D8351AAEDB679339610009ECB23C70E373B862D9F","profile_id=2;mode=auto-k2;block_size=65536;zstd_level=19;lzma_level=9;threads=1;process_timeout_seconds=3600","""E:\MIXER\hybridzip\build\Release\hybridzip.exe"" c --profile=r2 --r2-mode=auto-k2 --block-size=65536 ""E:\MIXER\hybridzip\results\experiments\hybridzip-r2-e5-router-320dd1b-v1\children\hybridzip-r2-e5-router-320dd1b-v1-auto-k2-b64-r1\inputs\32KiB\x-ray.bin"" ""E:\MIXER\hybridzip\results\experiments\hybridzip-r2-e5-router-320dd1b-v1\children\hybridzip-r2-e5-router-320dd1b-v1-auto-k2-b64-r1\archives\32KiB\x-ray.hz2""","""E:\MIXER\hybridzip\build\Release\hybridzip.exe"" d ""E:\MIXER\hybridzip\results\experiments\hybridzip-r2-e5-router-320dd1b-v1\children\hybridzip-r2-e5-router-320dd1b-v1-auto-k2-b64-r1\archives\32KiB\x-ray.hz2"" ""E:\MIXER\hybridzip\results\experiments\hybridzip-r2-e5-router-320dd1b-v1\children\hybridzip-r2-e5-router-320dd1b-v1-auto-k2-b64-r1\decoded\32KiB\x-ray.decoded""","0","0","2026-08-29T03:55:06.2526681+08:00","COMPLETE","PASS","paq8px-generic-sse=1","Complete R2 archive size; SHA-256 byte-exact roundtrip verified."
"e5-router","auto-k2","64","1","False","1","1","2","0","00010000","1025B343","4B1AC26C40AD4DA50312FD3B694D7E636FB768C2336FE773BC82D36424C27A4B","0:1,36:1","0","0","0","0","0","","","hybridzip-r2-e5-router-320dd1b-v1-auto-k2-b64-r1","r2-auto-k2","1","32","x-ray","64","inputs/64KiB/x-ray.bin","65536","B5A07146616BCD7C2D10071D41E07D204DE0AC629C4CA37D8E867FF00574D0D8","archives/64KiB/x-ray.hz2","29135","587BB5747D4F4CC5A0B43DC884844C0507801F09A63CCD83442C430977E33F25","decoded/64KiB/x-ray.decoded","65536","B5A07146616BCD7C2D10071D41E07D204DE0AC629C4CA37D8E867FF00574D0D8","38.7178184","38.7721792","547.43359375","547.30078125","547.43359375","74FF260A939B01673667723D8351AAEDB679339610009ECB23C70E373B862D9F","profile_id=2;mode=auto-k2;block_size=65536;zstd_level=19;lzma_level=9;threads=1;process_timeout_seconds=3600","""E:\MIXER\hybridzip\build\Release\hybridzip.exe"" c --profile=r2 --r2-mode=auto-k2 --block-size=65536 ""E:\MIXER\hybridzip\results\experiments\hybridzip-r2-e5-router-320dd1b-v1\children\hybridzip-r2-e5-router-320dd1b-v1-auto-k2-b64-r1\inputs\64KiB\x-ray.bin"" ""E:\MIXER\hybridzip\results\experiments\hybridzip-r2-e5-router-320dd1b-v1\children\hybridzip-r2-e5-router-320dd1b-v1-auto-k2-b64-r1\archives\64KiB\x-ray.hz2""","""E:\MIXER\hybridzip\build\Release\hybridzip.exe"" d ""E:\MIXER\hybridzip\results\experiments\hybridzip-r2-e5-router-320dd1b-v1\children\hybridzip-r2-e5-router-320dd1b-v1-auto-k2-b64-r1\archives\64KiB\x-ray.hz2"" ""E:\MIXER\hybridzip\results\experiments\hybridzip-r2-e5-router-320dd1b-v1\children\hybridzip-r2-e5-router-320dd1b-v1-auto-k2-b64-r1\decoded\64KiB\x-ray.decoded""","0","0","2026-08-29T03:55:40.2196357+08:00","COMPLETE","PASS","paq8px-generic-sse=1","Complete R2 archive size; SHA-256 byte-exact roundtrip verified."
"e5-router","auto-k2","64","1","False","1","1","4","0","00010000","1025B343","4B1AC26C40AD4DA50312FD3B694D7E636FB768C2336FE773BC82D36424C27A4B","0:2,36:2","0","0","0","0","0","","","hybridzip-r2-e5-router-320dd1b-v1-auto-k2-b64-r1","r2-auto-k2","1","33","x-ray","128","inputs/128KiB/x-ray.bin","131072","7A65B793FB2A694C20686275A899B304445473528F7C998BE26F8C68EB18F76E","archives/128KiB/x-ray.hz2","58000","08BF2BD4A1EE399D55EE62B0EDE098EFE17A41D42CFD1DEBC0ACBDD9DB318229","decoded/128KiB/x-ray.decoded","131072","7A65B793FB2A694C20686275A899B304445473528F7C998BE26F8C68EB18F76E","83.2310796","83.3297199","547.46875","547.34765625","547.46875","74FF260A939B01673667723D8351AAEDB679339610009ECB23C70E373B862D9F","profile_id=2;mode=auto-k2;block_size=65536;zstd_level=19;lzma_level=9;threads=1;process_timeout_seconds=3600","""E:\MIXER\hybridzip\build\Release\hybridzip.exe"" c --profile=r2 --r2-mode=auto-k2 --block-size=65536 ""E:\MIXER\hybridzip\results\experiments\hybridzip-r2-e5-router-320dd1b-v1\children\hybridzip-r2-e5-router-320dd1b-v1-auto-k2-b64-r1\inputs\128KiB\x-ray.bin"" ""E:\MIXER\hybridzip\results\experiments\hybridzip-r2-e5-router-320dd1b-v1\children\hybridzip-r2-e5-router-320dd1b-v1-auto-k2-b64-r1\archives\128KiB\x-ray.hz2""","""E:\MIXER\hybridzip\build\Release\hybridzip.exe"" d ""E:\MIXER\hybridzip\results\experiments\hybridzip-r2-e5-router-320dd1b-v1\children\hybridzip-r2-e5-router-320dd1b-v1-auto-k2-b64-r1\archives\128KiB\x-ray.hz2"" ""E:\MIXER\hybridzip\results\experiments\hybridzip-r2-e5-router-320dd1b-v1\children\hybridzip-r2-e5-router-320dd1b-v1-auto-k2-b64-r1\decoded\128KiB\x-ray.decoded""","0","0","2026-08-29T03:56:57.7941771+08:00","COMPLETE","PASS","paq8px-generic-sse=2","Complete R2 archive size; SHA-256 byte-exact roundtrip verified."
"e5-router","auto-k2","64","1","False","1","1","2","0","00010000","1025B343","4B1AC26C40AD4DA50312FD3B694D7E636FB768C2336FE773BC82D36424C27A4B","0:1,36:1","0","0","0","0","0","","","hybridzip-r2-e5-router-320dd1b-v1-auto-k2-b64-r1","r2-auto-k2","1","34","xml","32","inputs/32KiB/xml.bin","32768","C2F7F129956F8D6FC3D0E3595D93F98D5270B6F5BC4AB5E70F45867822EFDD71","archives/32KiB/xml.hz2","1441","E59754FDD28F8E5842444453A77AEE01BD3DB80EE222C1B2F0059961891EE5EC","decoded/32KiB/xml.decoded","32768","C2F7F129956F8D6FC3D0E3595D93F98D5270B6F5BC4AB5E70F45867822EFDD71","8.9311436","8.8364382","542.84375","542.78515625","542.84375","74FF260A939B01673667723D8351AAEDB679339610009ECB23C70E373B862D9F","profile_id=2;mode=auto-k2;block_size=65536;zstd_level=19;lzma_level=9;threads=1;process_timeout_seconds=3600","""E:\MIXER\hybridzip\build\Release\hybridzip.exe"" c --profile=r2 --r2-mode=auto-k2 --block-size=65536 ""E:\MIXER\hybridzip\results\experiments\hybridzip-r2-e5-router-320dd1b-v1\children\hybridzip-r2-e5-router-320dd1b-v1-auto-k2-b64-r1\inputs\32KiB\xml.bin"" ""E:\MIXER\hybridzip\results\experiments\hybridzip-r2-e5-router-320dd1b-v1\children\hybridzip-r2-e5-router-320dd1b-v1-auto-k2-b64-r1\archives\32KiB\xml.hz2""","""E:\MIXER\hybridzip\build\Release\hybridzip.exe"" d ""E:\MIXER\hybridzip\results\experiments\hybridzip-r2-e5-router-320dd1b-v1\children\hybridzip-r2-e5-router-320dd1b-v1-auto-k2-b64-r1\archives\32KiB\xml.hz2"" ""E:\MIXER\hybridzip\results\experiments\hybridzip-r2-e5-router-320dd1b-v1\children\hybridzip-r2-e5-router-320dd1b-v1-auto-k2-b64-r1\decoded\32KiB\xml.decoded""","0","0","2026-08-29T03:59:44.4421052+08:00","COMPLETE","PASS","paq8px-generic-sse=1","Complete R2 archive size; SHA-256 byte-exact roundtrip verified."
"e5-router","auto-k2","64","1","False","1","1","2","0","00010000","1025B343","4B1AC26C40AD4DA50312FD3B694D7E636FB768C2336FE773BC82D36424C27A4B","0:1,36:1","0","0","0","0","0","","","hybridzip-r2-e5-router-320dd1b-v1-auto-k2-b64-r1","r2-auto-k2","1","35","xml","64","inputs/64KiB/xml.bin","65536","E32AFF2BEBF00105A17DD57F5490C1986D17543CEE837B42EB56B3E0E6F8E7F1","archives/64KiB/xml.hz2","2272","654B2F730F19072BF446943F1B3D91FEC40E36A2FEBB1E36579039DC6C69EEB0","decoded/64KiB/xml.decoded","65536","E32AFF2BEBF00105A17DD57F5490C1986D17543CEE837B42EB56B3E0E6F8E7F1","21.6804966","21.5878572","543.86328125","543.7578125","543.86328125","74FF260A939B01673667723D8351AAEDB679339610009ECB23C70E373B862D9F","profile_id=2;mode=auto-k2;block_size=65536;zstd_level=19;lzma_level=9;threads=1;process_timeout_seconds=3600","""E:\MIXER\hybridzip\build\Release\hybridzip.exe"" c --profile=r2 --r2-mode=auto-k2 --block-size=65536 ""E:\MIXER\hybridzip\results\experiments\hybridzip-r2-e5-router-320dd1b-v1\children\hybridzip-r2-e5-router-320dd1b-v1-auto-k2-b64-r1\inputs\64KiB\xml.bin"" ""E:\MIXER\hybridzip\results\experiments\hybridzip-r2-e5-router-320dd1b-v1\children\hybridzip-r2-e5-router-320dd1b-v1-auto-k2-b64-r1\archives\64KiB\xml.hz2""","""E:\MIXER\hybridzip\build\Release\hybridzip.exe"" d ""E:\MIXER\hybridzip\results\experiments\hybridzip-r2-e5-router-320dd1b-v1\children\hybridzip-r2-e5-router-320dd1b-v1-auto-k2-b64-r1\archives\64KiB\xml.hz2"" ""E:\MIXER\hybridzip\results\experiments\hybridzip-r2-e5-router-320dd1b-v1\children\hybridzip-r2-e5-router-320dd1b-v1-auto-k2-b64-r1\decoded\64KiB\xml.decoded""","0","0","2026-08-29T04:00:02.2945984+08:00","COMPLETE","PASS","paq8px-generic-sse=1","Complete R2 archive size; SHA-256 byte-exact roundtrip verified."
"e5-router","auto-k2","64","1","False","1","1","4","0","00010000","1025B343","4B1AC26C40AD4DA50312FD3B694D7E636FB768C2336FE773BC82D36424C27A4B","0:2,36:2","0","0","0","0","0","","","hybridzip-r2-e5-router-320dd1b-v1-auto-k2-b64-r1","r2-auto-k2","1","36","xml","128","inputs/128KiB/xml.bin","131072","5FA29C746885F2EEB98734218475915A78092CCB3B0F68B08861EE210E5B6E25","archives/128KiB/xml.hz2","4770","39E17A1E2E5C63EFB36F07A53380B3542E39C97BFF55932AC4055C2F1959D173","decoded/128KiB/xml.decoded","131072","5FA29C746885F2EEB98734218475915A78092CCB3B0F68B08861EE210E5B6E25","48.7660672","48.8487002","544.33984375","544.2265625","544.33984375","74FF260A939B01673667723D8351AAEDB679339610009ECB23C70E373B862D9F","profile_id=2;mode=auto-k2;block_size=65536;zstd_level=19;lzma_level=9;threads=1;process_timeout_seconds=3600","""E:\MIXER\hybridzip\build\Release\hybridzip.exe"" c --profile=r2 --r2-mode=auto-k2 --block-size=65536 ""E:\MIXER\hybridzip\results\experiments\hybridzip-r2-e5-router-320dd1b-v1\children\hybridzip-r2-e5-router-320dd1b-v1-auto-k2-b64-r1\inputs\128KiB\xml.bin"" ""E:\MIXER\hybridzip\results\experiments\hybridzip-r2-e5-router-320dd1b-v1\children\hybridzip-r2-e5-router-320dd1b-v1-auto-k2-b64-r1\archives\128KiB\xml.hz2""","""E:\MIXER\hybridzip\build\Release\hybridzip.exe"" d ""E:\MIXER\hybridzip\results\experiments\hybridzip-r2-e5-router-320dd1b-v1\children\hybridzip-r2-e5-router-320dd1b-v1-auto-k2-b64-r1\archives\128KiB\xml.hz2"" ""E:\MIXER\hybridzip\results\experiments\hybridzip-r2-e5-router-320dd1b-v1\children\hybridzip-r2-e5-router-320dd1b-v1-auto-k2-b64-r1\decoded\128KiB\xml.decoded""","0","0","2026-08-29T04:00:45.6468774+08:00","COMPLETE","PASS","paq8px-generic-sse=2","Complete R2 archive size; SHA-256 byte-exact roundtrip verified."
"e5-router","auto-k4","64","1","False","1","1","4","0","00010000","1025B343","4B1AC26C40AD4DA50312FD3B694D7E636FB768C2336FE773BC82D36424C27A4B","0:1,2:1,36:1,37:1","0","0","0","0","0","","","hybridzip-r2-e5-router-320dd1b-v1-auto-k4-b64-r1","r2-auto-k4","1","1","dickens","32","inputs/32KiB/dickens.bin","32768","FC42DCB9849222C8704C9DCAE606D075B389B66244FB215035148D6409EC0B31","archives/32KiB/dickens.hz2","9598","D2F18FE2DA6D57CD3F403DF0F3F29D5382FBB0EF7A2F00E196EF3557DD9CED63","decoded/32KiB/dickens.decoded","32768","FC42DCB9849222C8704C9DCAE606D075B389B66244FB215035148D6409EC0B31","29.1510528","6.9409631","546.43359375","369.390625","546.43359375","74FF260A939B01673667723D8351AAEDB679339610009ECB23C70E373B862D9F","profile_id=2;mode=auto-k4;block_size=65536;zstd_level=19;lzma_level=9;threads=1;process_timeout_seconds=3600","""E:\MIXER\hybridzip\build\Release\hybridzip.exe"" c --profile=r2 --r2-mode=auto-k4 --block-size=65536 ""E:\MIXER\hybridzip\results\experiments\hybridzip-r2-e5-router-320dd1b-v1\children\hybridzip-r2-e5-router-320dd1b-v1-auto-k4-b64-r1\inputs\32KiB\dickens.bin"" ""E:\MIXER\hybridzip\results\experiments\hybridzip-r2-e5-router-320dd1b-v1\children\hybridzip-r2-e5-router-320dd1b-v1-auto-k4-b64-r1\archives\32KiB\dickens.hz2""","""E:\MIXER\hybridzip\build\Release\hybridzip.exe"" d ""E:\MIXER\hybridzip\results\experiments\hybridzip-r2-e5-router-320dd1b-v1\children\hybridzip-r2-e5-router-320dd1b-v1-auto-k4-b64-r1\archives\32KiB\dickens.hz2"" ""E:\MIXER\hybridzip\results\experiments\hybridzip-r2-e5-router-320dd1b-v1\children\hybridzip-r2-e5-router-320dd1b-v1-auto-k4-b64-r1\decoded\32KiB\dickens.decoded""","0","0","2026-08-29T04:02:24.6540069+08:00","COMPLETE","PASS","paq8px-detected-sse=1","Complete R2 archive size; SHA-256 byte-exact roundtrip verified."
"e5-router","auto-k4","64","1","False","1","1","4","0","00010000","1025B343","4B1AC26C40AD4DA50312FD3B694D7E636FB768C2336FE773BC82D36424C27A4B","0:1,2:1,36:1,37:1","0","0","0","0","0","","","hybridzip-r2-e5-router-320dd1b-v1-auto-k4-b64-r1","r2-auto-k4","1","2","dickens","64","inputs/64KiB/dickens.bin","65536","134AD989A7B8B40C900A3B9C0F4895317DFD827D9E6E933895B08D2F4A8A8293","archives/64KiB/dickens.hz2","17844","9EBFDDCBCC6995702D324605D8E8CEAC8BE4547C0C14BFAEC671D1285512E602","decoded/64KiB/dickens.decoded","65536","134AD989A7B8B40C900A3B9C0F4895317DFD827D9E6E933895B08D2F4A8A8293","61.5597009","16.9807025","546.69921875","370.01171875","546.69921875","74FF260A939B01673667723D8351AAEDB679339610009ECB23C70E373B862D9F","profile_id=2;mode=auto-k4;block_size=65536;zstd_level=19;lzma_level=9;threads=1;process_timeout_seconds=3600","""E:\MIXER\hybridzip\build\Release\hybridzip.exe"" c --profile=r2 --r2-mode=auto-k4 --block-size=65536 ""E:\MIXER\hybridzip\results\experiments\hybridzip-r2-e5-router-320dd1b-v1\children\hybridzip-r2-e5-router-320dd1b-v1-auto-k4-b64-r1\inputs\64KiB\dickens.bin"" ""E:\MIXER\hybridzip\results\experiments\hybridzip-r2-e5-router-320dd1b-v1\children\hybridzip-r2-e5-router-320dd1b-v1-auto-k4-b64-r1\archives\64KiB\dickens.hz2""","""E:\MIXER\hybridzip\build\Release\hybridzip.exe"" d ""E:\MIXER\hybridzip\results\experiments\hybridzip-r2-e5-router-320dd1b-v1\children\hybridzip-r2-e5-router-320dd1b-v1-auto-k4-b64-r1\archives\64KiB\dickens.hz2"" ""E:\MIXER\hybridzip\results\experiments\hybridzip-r2-e5-router-320dd1b-v1\children\hybridzip-r2-e5-router-320dd1b-v1-auto-k4-b64-r1\decoded\64KiB\dickens.decoded""","0","0","2026-08-29T04:03:00.8196375+08:00","COMPLETE","PASS","paq8px-detected-sse=1","Complete R2 archive size; SHA-256 byte-exact roundtrip verified."
"e5-router","auto-k4","64","1","False","1","1","8","0","00010000","1025B343","4B1AC26C40AD4DA50312FD3B694D7E636FB768C2336FE773BC82D36424C27A4B","0:2,2:2,36:2,37:2","0","0","0","0","0","","","hybridzip-r2-e5-router-320dd1b-v1-auto-k4-b64-r1","r2-auto-k4","1","3","dickens","128","inputs/128KiB/dickens.bin","131072","20E33FCC8FAA96DC32A2D0921115C0F363E64C598A5847CE1A3876E356D59872","archives/128KiB/dickens.hz2","35166","8C0B678557066B3C1ADBACA2E450004573FDEE5901BABCDE59A526FD02E621F1","decoded/128KiB/dickens.decoded","131072","20E33FCC8FAA96DC32A2D0921115C0F363E64C598A5847CE1A3876E356D59872","127.1070817","38.9853249","546.7109375","370.015625","546.7109375","74FF260A939B01673667723D8351AAEDB679339610009ECB23C70E373B862D9F","profile_id=2;mode=auto-k4;block_size=65536;zstd_level=19;lzma_level=9;threads=1;process_timeout_seconds=3600","""E:\MIXER\hybridzip\build\Release\hybridzip.exe"" c --profile=r2 --r2-mode=auto-k4 --block-size=65536 ""E:\MIXER\hybridzip\results\experiments\hybridzip-r2-e5-router-320dd1b-v1\children\hybridzip-r2-e5-router-320dd1b-v1-auto-k4-b64-r1\inputs\128KiB\dickens.bin"" ""E:\MIXER\hybridzip\results\experiments\hybridzip-r2-e5-router-320dd1b-v1\children\hybridzip-r2-e5-router-320dd1b-v1-auto-k4-b64-r1\archives\128KiB\dickens.hz2""","""E:\MIXER\hybridzip\build\Release\hybridzip.exe"" d ""E:\MIXER\hybridzip\results\experiments\hybridzip-r2-e5-router-320dd1b-v1\children\hybridzip-r2-e5-router-320dd1b-v1-auto-k4-b64-r1\archives\128KiB\dickens.hz2"" ""E:\MIXER\hybridzip\results\experiments\hybridzip-r2-e5-router-320dd1b-v1\children\hybridzip-r2-e5-router-320dd1b-v1-auto-k4-b64-r1\decoded\128KiB\dickens.decoded""","0","0","2026-08-29T04:04:19.4441189+08:00","COMPLETE","PASS","paq8px-detected-sse=2","Complete R2 archive size; SHA-256 byte-exact roundtrip verified."
"e5-router","auto-k4","64","1","False","1","1","4","0","00010000","1025B343","4B1AC26C40AD4DA50312FD3B694D7E636FB768C2336FE773BC82D36424C27A4B","0:1,2:1,36:1,37:1","0","0","0","0","0","","","hybridzip-r2-e5-router-320dd1b-v1-auto-k4-b64-r1","r2-auto-k4","1","4","mozilla","32","inputs/32KiB/mozilla.bin","32768","9DDEEF36CA0CA55B72FE3376D005926DFF3400A2ADE6EAE18482D8017D8645DB","archives/32KiB/mozilla.hz2","6256","2807DAFB32E2409DC96ACFC3AFE991B6F375ACEF6F0EAA118945C7E5DC66DCBD","decoded/32KiB/mozilla.decoded","32768","9DDEEF36CA0CA55B72FE3376D005926DFF3400A2ADE6EAE18482D8017D8645DB","32.1664093","13.0062362","734.05078125","733.98828125","734.05078125","74FF260A939B01673667723D8351AAEDB679339610009ECB23C70E373B862D9F","profile_id=2;mode=auto-k4;block_size=65536;zstd_level=19;lzma_level=9;threads=1;process_timeout_seconds=3600","""E:\MIXER\hybridzip\build\Release\hybridzip.exe"" c --profile=r2 --r2-mode=auto-k4 --block-size=65536 ""E:\MIXER\hybridzip\results\experiments\hybridzip-r2-e5-router-320dd1b-v1\children\hybridzip-r2-e5-router-320dd1b-v1-auto-k4-b64-r1\inputs\32KiB\mozilla.bin"" ""E:\MIXER\hybridzip\results\experiments\hybridzip-r2-e5-router-320dd1b-v1\children\hybridzip-r2-e5-router-320dd1b-v1-auto-k4-b64-r1\archives\32KiB\mozilla.hz2""","""E:\MIXER\hybridzip\build\Release\hybridzip.exe"" d ""E:\MIXER\hybridzip\results\experiments\hybridzip-r2-e5-router-320dd1b-v1\children\hybridzip-r2-e5-router-320dd1b-v1-auto-k4-b64-r1\archives\32KiB\mozilla.hz2"" ""E:\MIXER\hybridzip\results\experiments\hybridzip-r2-e5-router-320dd1b-v1\children\hybridzip-r2-e5-router-320dd1b-v1-auto-k4-b64-r1\decoded\32KiB\mozilla.decoded""","0","0","2026-08-29T04:07:05.6249115+08:00","COMPLETE","PASS","paq8px-detected-sse=1","Complete R2 archive size; SHA-256 byte-exact roundtrip verified."
"e5-router","auto-k4","64","1","False","1","1","4","0","00010000","1025B343","4B1AC26C40AD4DA50312FD3B694D7E636FB768C2336FE773BC82D36424C27A4B","0:1,2:1,36:1,37:1","0","0","0","0","0","","","hybridzip-r2-e5-router-320dd1b-v1-auto-k4-b64-r1","r2-auto-k4","1","5","mozilla","64","inputs/64KiB/mozilla.bin","65536","B0050240663F54371D372303EEABA0A59AB0758BCD565F4F639D06561E6BC996","archives/64KiB/mozilla.hz2","8856","72F9C4CCB74A7194B95A0882E07C905DAA9153229805D00B379F4758F67901A9","decoded/64KiB/mozilla.decoded","65536","B0050240663F54371D372303EEABA0A59AB0758BCD565F4F639D06561E6BC996","60.9449577","27.5197155","734.08984375","551.59765625","734.08984375","74FF260A939B01673667723D8351AAEDB679339610009ECB23C70E373B862D9F","profile_id=2;mode=auto-k4;block_size=65536;zstd_level=19;lzma_level=9;threads=1;process_timeout_seconds=3600","""E:\MIXER\hybridzip\build\Release\hybridzip.exe"" c --profile=r2 --r2-mode=auto-k4 --block-size=65536 ""E:\MIXER\hybridzip\results\experiments\hybridzip-r2-e5-router-320dd1b-v1\children\hybridzip-r2-e5-router-320dd1b-v1-auto-k4-b64-r1\inputs\64KiB\mozilla.bin"" ""E:\MIXER\hybridzip\results\experiments\hybridzip-r2-e5-router-320dd1b-v1\children\hybridzip-r2-e5-router-320dd1b-v1-auto-k4-b64-r1\archives\64KiB\mozilla.hz2""","""E:\MIXER\hybridzip\build\Release\hybridzip.exe"" d ""E:\MIXER\hybridzip\results\experiments\hybridzip-r2-e5-router-320dd1b-v1\children\hybridzip-r2-e5-router-320dd1b-v1-auto-k4-b64-r1\archives\64KiB\mozilla.hz2"" ""E:\MIXER\hybridzip\results\experiments\hybridzip-r2-e5-router-320dd1b-v1\children\hybridzip-r2-e5-router-320dd1b-v1-auto-k4-b64-r1\decoded\64KiB\mozilla.decoded""","0","0","2026-08-29T04:07:50.8810264+08:00","COMPLETE","PASS","paq8px-generic-sse=1","Complete R2 archive size; SHA-256 byte-exact roundtrip verified."
"e5-router","auto-k4","64","1","False","1","1","8","0","00010000","1025B343","4B1AC26C40AD4DA50312FD3B694D7E636FB768C2336FE773BC82D36424C27A4B","0:2,2:2,36:2,37:2","0","0","0","0","0","","","hybridzip-r2-e5-router-320dd1b-v1-auto-k4-b64-r1","r2-auto-k4","1","6","mozilla","128","inputs/128KiB/mozilla.bin","131072","85CDBEA98382DB12E9A21FF90E1907452712D074000A6B855D2CA215FA591EB4","archives/128KiB/mozilla.hz2","13598","94BF323AC4CCE0F2D2DB6C2C751B350EF61F7BB14FC71CFFFEBF410DBF41349C","decoded/128KiB/mozilla.decoded","131072","85CDBEA98382DB12E9A21FF90E1907452712D074000A6B855D2CA215FA591EB4","115.9109122","54.2572516","734.06640625","551.6015625","734.06640625","74FF260A939B01673667723D8351AAEDB679339610009ECB23C70E373B862D9F","profile_id=2;mode=auto-k4;block_size=65536;zstd_level=19;lzma_level=9;threads=1;process_timeout_seconds=3600","""E:\MIXER\hybridzip\build\Release\hybridzip.exe"" c --profile=r2 --r2-mode=auto-k4 --block-size=65536 ""E:\MIXER\hybridzip\results\experiments\hybridzip-r2-e5-router-320dd1b-v1\children\hybridzip-r2-e5-router-320dd1b-v1-auto-k4-b64-r1\inputs\128KiB\mozilla.bin"" ""E:\MIXER\hybridzip\results\experiments\hybridzip-r2-e5-router-320dd1b-v1\children\hybridzip-r2-e5-router-320dd1b-v1-auto-k4-b64-r1\archives\128KiB\mozilla.hz2""","""E:\MIXER\hybridzip\build\Release\hybridzip.exe"" d ""E:\MIXER\hybridzip\results\experiments\hybridzip-r2-e5-router-320dd1b-v1\children\hybridzip-r2-e5-router-320dd1b-v1-auto-k4-b64-r1\archives\128KiB\mozilla.hz2"" ""E:\MIXER\hybridzip\results\experiments\hybridzip-r2-e5-router-320dd1b-v1\children\hybridzip-r2-e5-router-320dd1b-v1-auto-k4-b64-r1\decoded\128KiB\mozilla.decoded""","0","0","2026-08-29T04:09:19.4306998+08:00","COMPLETE","PASS","paq8px-generic-sse=2","Complete R2 archive size; SHA-256 byte-exact roundtrip verified."
"e5-router","auto-k4","64","1","False","1","1","4","0","00010000","1025B343","4B1AC26C40AD4DA50312FD3B694D7E636FB768C2336FE773BC82D36424C27A4B","0:1,2:1,36:1,37:1","0","0","0","0","0","","","hybridzip-r2-e5-router-320dd1b-v1-auto-k4-b64-r1","r2-auto-k4","1","7","mr","32","inputs/32KiB/mr.bin","32768","3BB287B0AF65F777AB00C14E362B4D1962087260556001BBEE0689AA10D9F76A","archives/32KiB/mr.hz2","5167","D8829619579EE8A74831852783153665BDB91F535C609EE18FFBFDBB50F719B1","decoded/32KiB/mr.decoded","32768","3BB287B0AF65F777AB00C14E362B4D1962087260556001BBEE0689AA10D9F76A","28.9662354","10.7770146","545.87890625","545.734375","545.87890625","74FF260A939B01673667723D8351AAEDB679339610009ECB23C70E373B862D9F","profile_id=2;mode=auto-k4;block_size=65536;zstd_level=19;lzma_level=9;threads=1;process_timeout_seconds=3600","""E:\MIXER\hybridzip\build\Release\hybridzip.exe"" c --profile=r2 --r2-mode=auto-k4 --block-size=65536 ""E:\MIXER\hybridzip\results\experiments\hybridzip-r2-e5-router-320dd1b-v1\children\hybridzip-r2-e5-router-320dd1b-v1-auto-k4-b64-r1\inputs\32KiB\mr.bin"" ""E:\MIXER\hybridzip\results\experiments\hybridzip-r2-e5-router-320dd1b-v1\children\hybridzip-r2-e5-router-320dd1b-v1-auto-k4-b64-r1\archives\32KiB\mr.hz2""","""E:\MIXER\hybridzip\build\Release\hybridzip.exe"" d ""E:\MIXER\hybridzip\results\experiments\hybridzip-r2-e5-router-320dd1b-v1\children\hybridzip-r2-e5-router-320dd1b-v1-auto-k4-b64-r1\archives\32KiB\mr.hz2"" ""E:\MIXER\hybridzip\results\experiments\hybridzip-r2-e5-router-320dd1b-v1\children\hybridzip-r2-e5-router-320dd1b-v1-auto-k4-b64-r1\decoded\32KiB\mr.decoded""","0","0","2026-08-29T04:12:09.6863644+08:00","COMPLETE","PASS","paq8px-generic-sse=1","Complete R2 archive size; SHA-256 byte-exact roundtrip verified."
"e5-router","auto-k4","64","1","False","1","1","4","0","00010000","1025B343","4B1AC26C40AD4DA50312FD3B694D7E636FB768C2336FE773BC82D36424C27A4B","0:1,2:1,36:1,37:1","0","0","0","0","0","","","hybridzip-r2-e5-router-320dd1b-v1-auto-k4-b64-r1","r2-auto-k4","1","8","mr","64","inputs/64KiB/mr.bin","65536","CAB7B6408934009A4BBFEDB57BEB4943BF5478CF8B3688D01F004E0422EBC651","archives/64KiB/mr.hz2","10732","DDC9BECE8F1EFA2291399EBC9F5604456E9204AA575D3D6EAD7FB428ACD4CA4C","decoded/64KiB/mr.decoded","65536","CAB7B6408934009A4BBFEDB57BEB4943BF5478CF8B3688D01F004E0422EBC651","75.9906212","34.340741","546.109375","546.01953125","546.109375","74FF260A939B01673667723D8351AAEDB679339610009ECB23C70E373B862D9F","profile_id=2;mode=auto-k4;block_size=65536;zstd_level=19;lzma_level=9;threads=1;process_timeout_seconds=3600","""E:\MIXER\hybridzip\build\Release\hybridzip.exe"" c --profile=r2 --r2-mode=auto-k4 --block-size=65536 ""E:\MIXER\hybridzip\results\experiments\hybridzip-r2-e5-router-320dd1b-v1\children\hybridzip-r2-e5-router-320dd1b-v1-auto-k4-b64-r1\inputs\64KiB\mr.bin"" ""E:\MIXER\hybridzip\results\experiments\hybridzip-r2-e5-router-320dd1b-v1\children\hybridzip-r2-e5-router-320dd1b-v1-auto-k4-b64-r1\archives\64KiB\mr.hz2""","""E:\MIXER\hybridzip\build\Release\hybridzip.exe"" d ""E:\MIXER\hybridzip\results\experiments\hybridzip-r2-e5-router-320dd1b-v1\children\hybridzip-r2-e5-router-320dd1b-v1-auto-k4-b64-r1\archives\64KiB\mr.hz2"" ""E:\MIXER\hybridzip\results\experiments\hybridzip-r2-e5-router-320dd1b-v1\children\hybridzip-r2-e5-router-320dd1b-v1-auto-k4-b64-r1\decoded\64KiB\mr.decoded""","0","0","2026-08-29T04:12:49.5192717+08:00","COMPLETE","PASS","paq8px-generic-sse=1","Complete R2 archive size; SHA-256 byte-exact roundtrip verified."
"e5-router","auto-k4","64","1","False","1","1","8","0","00010000","1025B343","4B1AC26C40AD4DA50312FD3B694D7E636FB768C2336FE773BC82D36424C27A4B","0:2,2:2,36:2,37:2","0","0","0","0","0","","","hybridzip-r2-e5-router-320dd1b-v1-auto-k4-b64-r1","r2-auto-k4","1","9","mr","128","inputs/128KiB/mr.bin","131072","473A6A883480C7B2E69402AD888AC07B347C2DF61C6AA0D84E8B8130A27792EA","archives/128KiB/mr.hz2","21814","BD767D1E761570C1349A5124FECCDCE81E6CA3C923F79D4A80B5C2C3D48E0E3B","decoded/128KiB/mr.decoded","131072","473A6A883480C7B2E69402AD888AC07B347C2DF61C6AA0D84E8B8130A27792EA","134.8444312","63.5430734","546.109375","545.98046875","546.109375","74FF260A939B01673667723D8351AAEDB679339610009ECB23C70E373B862D9F","profile_id=2;mode=auto-k4;block_size=65536;zstd_level=19;lzma_level=9;threads=1;process_timeout_seconds=3600","""E:\MIXER\hybridzip\build\Release\hybridzip.exe"" c --profile=r2 --r2-mode=auto-k4 --block-size=65536 ""E:\MIXER\hybridzip\results\experiments\hybridzip-r2-e5-router-320dd1b-v1\children\hybridzip-r2-e5-router-320dd1b-v1-auto-k4-b64-r1\inputs\128KiB\mr.bin"" ""E:\MIXER\hybridzip\results\experiments\hybridzip-r2-e5-router-320dd1b-v1\children\hybridzip-r2-e5-router-320dd1b-v1-auto-k4-b64-r1\archives\128KiB\mr.hz2""","""E:\MIXER\hybridzip\build\Release\hybridzip.exe"" d ""E:\MIXER\hybridzip\results\experiments\hybridzip-r2-e5-router-320dd1b-v1\children\hybridzip-r2-e5-router-320dd1b-v1-auto-k4-b64-r1\archives\128KiB\mr.hz2"" ""E:\MIXER\hybridzip\results\experiments\hybridzip-r2-e5-router-320dd1b-v1\children\hybridzip-r2-e5-router-320dd1b-v1-auto-k4-b64-r1\decoded\128KiB\mr.decoded""","0","0","2026-08-29T04:14:39.9314222+08:00","COMPLETE","PASS","paq8px-generic-sse=2","Complete R2 archive size; SHA-256 byte-exact roundtrip verified."
"e5-router","auto-k4","64","1","False","1","1","4","0","00010000","1025B343","4B1AC26C40AD4DA50312FD3B694D7E636FB768C2336FE773BC82D36424C27A4B","0:1,2:1,36:1,37:1","0","0","0","0","0","","","hybridzip-r2-e5-router-320dd1b-v1-auto-k4-b64-r1","r2-auto-k4","1","10","nci","32","inputs/32KiB/nci.bin","32768","0D3034FE8B0E573DE1439ED98CE409B83B13E5895085C9BFB0BF980F4962FB79","archives/32KiB/nci.hz2","1341","678E33A41DCF66B8D195990EC59425F468F104AB64BA868623DCE6783BF92DDA","decoded/32KiB/nci.decoded","32768","0D3034FE8B0E573DE1439ED98CE409B83B13E5895085C9BFB0BF980F4962FB79","13.9629344","4.1366421","540.875","361.7734375","540.875","74FF260A939B01673667723D8351AAEDB679339610009ECB23C70E373B862D9F","profile_id=2;mode=auto-k4;block_size=65536;zstd_level=19;lzma_level=9;threads=1;process_timeout_seconds=3600","""E:\MIXER\hybridzip\build\Release\hybridzip.exe"" c --profile=r2 --r2-mode=auto-k4 --block-size=65536 ""E:\MIXER\hybridzip\results\experiments\hybridzip-r2-e5-router-320dd1b-v1\children\hybridzip-r2-e5-router-320dd1b-v1-auto-k4-b64-r1\inputs\32KiB\nci.bin"" ""E:\MIXER\hybridzip\results\experiments\hybridzip-r2-e5-router-320dd1b-v1\children\hybridzip-r2-e5-router-320dd1b-v1-auto-k4-b64-r1\archives\32KiB\nci.hz2""","""E:\MIXER\hybridzip\build\Release\hybridzip.exe"" d ""E:\MIXER\hybridzip\results\experiments\hybridzip-r2-e5-router-320dd1b-v1\children\hybridzip-r2-e5-router-320dd1b-v1-auto-k4-b64-r1\archives\32KiB\nci.hz2"" ""E:\MIXER\hybridzip\results\experiments\hybridzip-r2-e5-router-320dd1b-v1\children\hybridzip-r2-e5-router-320dd1b-v1-auto-k4-b64-r1\decoded\32KiB\nci.decoded""","0","0","2026-08-29T04:17:58.4047999+08:00","COMPLETE","PASS","paq8px-detected-sse=1","Complete R2 archive size; SHA-256 byte-exact roundtrip verified."
"e5-router","auto-k4","64","1","False","1","1","4","0","00010000","1025B343","4B1AC26C40AD4DA50312FD3B694D7E636FB768C2336FE773BC82D36424C27A4B","0:1,2:1,36:1,37:1","0","0","0","0","0","","","hybridzip-r2-e5-router-320dd1b-v1-auto-k4-b64-r1","r2-auto-k4","1","11","nci","64","inputs/64KiB/nci.bin","65536","B01B411AC3B5CE2FBF37242C0C59D2D236D2F7039937C1B1A0F18F4CC02549FE","archives/64KiB/nci.hz2","2058","A647C28FCE20ED4B7B5082627DE6AFFC1187BFB23D03C752A3298CDDB2805BE4","decoded/64KiB/nci.decoded","65536","B01B411AC3B5CE2FBF37242C0C59D2D236D2F7039937C1B1A0F18F4CC02549FE","32.4802433","7.7703995","542.3984375","364.0859375","542.3984375","74FF260A939B01673667723D8351AAEDB679339610009ECB23C70E373B862D9F","profile_id=2;mode=auto-k4;block_size=65536;zstd_level=19;lzma_level=9;threads=1;process_timeout_seconds=3600","""E:\MIXER\hybridzip\build\Release\hybridzip.exe"" c --profile=r2 --r2-mode=auto-k4 --block-size=65536 ""E:\MIXER\hybridzip\results\experiments\hybridzip-r2-e5-router-320dd1b-v1\children\hybridzip-r2-e5-router-320dd1b-v1-auto-k4-b64-r1\inputs\64KiB\nci.bin"" ""E:\MIXER\hybridzip\results\experiments\hybridzip-r2-e5-router-320dd1b-v1\children\hybridzip-r2-e5-router-320dd1b-v1-auto-k4-b64-r1\archives\64KiB\nci.hz2""","""E:\MIXER\hybridzip\build\Release\hybridzip.exe"" d ""E:\MIXER\hybridzip\results\experiments\hybridzip-r2-e5-router-320dd1b-v1\children\hybridzip-r2-e5-router-320dd1b-v1-auto-k4-b64-r1\archives\64KiB\nci.hz2"" ""E:\MIXER\hybridzip\results\experiments\hybridzip-r2-e5-router-320dd1b-v1\children\hybridzip-r2-e5-router-320dd1b-v1-auto-k4-b64-r1\decoded\64KiB\nci.decoded""","0","0","2026-08-29T04:18:16.5856037+08:00","COMPLETE","PASS","paq8px-detected-sse=1","Complete R2 archive size; SHA-256 byte-exact roundtrip verified."
"e5-router","auto-k4","64","1","False","1","1","8","0","00010000","1025B343","4B1AC26C40AD4DA50312FD3B694D7E636FB768C2336FE773BC82D36424C27A4B","0:2,2:2,36:2,37:2","0","0","0","0","0","","","hybridzip-r2-e5-router-320dd1b-v1-auto-k4-b64-r1","r2-auto-k4","1","12","nci","128","inputs/128KiB/nci.bin","131072","C8A1D610355E5EF900ED4C704DF14ADF1935D95DFD8F1740AC9FD90FC9BF5781","archives/128KiB/nci.hz2","4773","E34010CAD2FE534BEC16A93C39D4E8300CC3B7BDB86359CE54A1B364B4B4329A","decoded/128KiB/nci.decoded","131072","C8A1D610355E5EF900ED4C704DF14ADF1935D95DFD8F1740AC9FD90FC9BF5781","71.7170775","21.157819","543.39453125","366.390625","543.39453125","74FF260A939B01673667723D8351AAEDB679339610009ECB23C70E373B862D9F","profile_id=2;mode=auto-k4;block_size=65536;zstd_level=19;lzma_level=9;threads=1;process_timeout_seconds=3600","""E:\MIXER\hybridzip\build\Release\hybridzip.exe"" c --profile=r2 --r2-mode=auto-k4 --block-size=65536 ""E:\MIXER\hybridzip\results\experiments\hybridzip-r2-e5-router-320dd1b-v1\children\hybridzip-r2-e5-router-320dd1b-v1-auto-k4-b64-r1\inputs\128KiB\nci.bin"" ""E:\MIXER\hybridzip\results\experiments\hybridzip-r2-e5-router-320dd1b-v1\children\hybridzip-r2-e5-router-320dd1b-v1-auto-k4-b64-r1\archives\128KiB\nci.hz2""","""E:\MIXER\hybridzip\build\Release\hybridzip.exe"" d ""E:\MIXER\hybridzip\results\experiments\hybridzip-r2-e5-router-320dd1b-v1\children\hybridzip-r2-e5-router-320dd1b-v1-auto-k4-b64-r1\archives\128KiB\nci.hz2"" ""E:\MIXER\hybridzip\results\experiments\hybridzip-r2-e5-router-320dd1b-v1\children\hybridzip-r2-e5-router-320dd1b-v1-auto-k4-b64-r1\decoded\128KiB\nci.decoded""","0","0","2026-08-29T04:18:56.9206978+08:00","COMPLETE","PASS","paq8px-detected-sse=2","Complete R2 archive size; SHA-256 byte-exact roundtrip verified."
"e5-router","auto-k4","64","1","False","1","1","4","0","00010000","1025B343","4B1AC26C40AD4DA50312FD3B694D7E636FB768C2336FE773BC82D36424C27A4B","0:1,2:1,36:1,37:1","0","0","0","0","0","","","hybridzip-r2-e5-router-320dd1b-v1-auto-k4-b64-r1","r2-auto-k4","1","13","ooffice","32","inputs/32KiB/ooffice.bin","32768","2ACF9B4CAAEAC5814CDFEF0FA48A5ECE857C847DBDB7B44EEAB95CA3C098921C","archives/32KiB/ooffice.hz2","8097","0F4DE6DD6DE3130274BD45710A1EA770DB2A0CC044725E23D98928AD989F6630","decoded/32KiB/ooffice.decoded","32768","2ACF9B4CAAEAC5814CDFEF0FA48A5ECE857C847DBDB7B44EEAB95CA3C098921C","38.0727862","16.1906059","551.28125","551.18359375","551.28125","74FF260A939B01673667723D8351AAEDB679339610009ECB23C70E373B862D9F","profile_id=2;mode=auto-k4;block_size=65536;zstd_level=19;lzma_level=9;threads=1;process_timeout_seconds=3600","""E:\MIXER\hybridzip\build\Release\hybridzip.exe"" c --profile=r2 --r2-mode=auto-k4 --block-size=65536 ""E:\MIXER\hybridzip\results\experiments\hybridzip-r2-e5-router-320dd1b-v1\children\hybridzip-r2-e5-router-320dd1b-v1-auto-k4-b64-r1\inputs\32KiB\ooffice.bin"" ""E:\MIXER\hybridzip\results\experiments\hybridzip-r2-e5-router-320dd1b-v1\children\hybridzip-r2-e5-router-320dd1b-v1-auto-k4-b64-r1\archives\32KiB\ooffice.hz2""","""E:\MIXER\hybridzip\build\Release\hybridzip.exe"" d ""E:\MIXER\hybridzip\results\experiments\hybridzip-r2-e5-router-320dd1b-v1\children\hybridzip-r2-e5-router-320dd1b-v1-auto-k4-b64-r1\archives\32KiB\ooffice.hz2"" ""E:\MIXER\hybridzip\results\experiments\hybridzip-r2-e5-router-320dd1b-v1\children\hybridzip-r2-e5-router-320dd1b-v1-auto-k4-b64-r1\decoded\32KiB\ooffice.decoded""","0","0","2026-08-29T04:20:29.8804555+08:00","COMPLETE","PASS","paq8px-generic-sse=1","Complete R2 archive size; SHA-256 byte-exact roundtrip verified."
"e5-router","auto-k4","64","1","False","1","1","4","0","00010000","1025B343","4B1AC26C40AD4DA50312FD3B694D7E636FB768C2336FE773BC82D36424C27A4B","0:1,2:1,36:1,37:1","0","0","0","0","0","","","hybridzip-r2-e5-router-320dd1b-v1-auto-k4-b64-r1","r2-auto-k4","1","14","ooffice","64","inputs/64KiB/ooffice.bin","65536","9D30521922187D0A26F56CF2DF85001F9585D0D4EC6A0A8797466AFCC367F825","archives/64KiB/ooffice.hz2","19134","C0B99FE8D82BEB28A1931CE7ED7B499CC7E02E8FCDA8C6B3B54DBB6F9120942C","decoded/64KiB/ooffice.decoded","65536","9D30521922187D0A26F56CF2DF85001F9585D0D4EC6A0A8797466AFCC367F825","87.3645091","41.0076941","552.86328125","552.7265625","552.86328125","74FF260A939B01673667723D8351AAEDB679339610009ECB23C70E373B862D9F","profile_id=2;mode=auto-k4;block_size=65536;zstd_level=19;lzma_level=9;threads=1;process_timeout_seconds=3600","""E:\MIXER\hybridzip\build\Release\hybridzip.exe"" c --profile=r2 --r2-mode=auto-k4 --block-size=65536 ""E:\MIXER\hybridzip\results\experiments\hybridzip-r2-e5-router-320dd1b-v1\children\hybridzip-r2-e5-router-320dd1b-v1-auto-k4-b64-r1\inputs\64KiB\ooffice.bin"" ""E:\MIXER\hybridzip\results\experiments\hybridzip-r2-e5-router-320dd1b-v1\children\hybridzip-r2-e5-router-320dd1b-v1-auto-k4-b64-r1\archives\64KiB\ooffice.hz2""","""E:\MIXER\hybridzip\build\Release\hybridzip.exe"" d ""E:\MIXER\hybridzip\results\experiments\hybridzip-r2-e5-router-320dd1b-v1\children\hybridzip-r2-e5-router-320dd1b-v1-auto-k4-b64-r1\archives\64KiB\ooffice.hz2"" ""E:\MIXER\hybridzip\results\experiments\hybridzip-r2-e5-router-320dd1b-v1\children\hybridzip-r2-e5-router-320dd1b-v1-auto-k4-b64-r1\decoded\64KiB\ooffice.decoded""","0","0","2026-08-29T04:21:24.2657551+08:00","COMPLETE","PASS","paq8px-detected-sse=1","Complete R2 archive size; SHA-256 byte-exact roundtrip verified."
"e5-router","auto-k4","64","1","False","1","1","8","0","00010000","1025B343","4B1AC26C40AD4DA50312FD3B694D7E636FB768C2336FE773BC82D36424C27A4B","0:2,2:2,36:2,37:2","0","0","0","0","0","","","hybridzip-r2-e5-router-320dd1b-v1-auto-k4-b64-r1","r2-auto-k4","1","15","ooffice","128","inputs/128KiB/ooffice.bin","131072","09FA5F3EE5311528863F8C3FADA3B530CC24AC1D88128E4DB2BF434161879FEF","archives/128KiB/ooffice.hz2","42441","FF68CFA071A3E97BF179CC371A9078C89D621074E2548B7B5D56A7B296D76465","decoded/128KiB/ooffice.decoded","131072","09FA5F3EE5311528863F8C3FADA3B530CC24AC1D88128E4DB2BF434161879FEF","188.713333","91.7565513","552.828125","552.7265625","552.828125","74FF260A939B01673667723D8351AAEDB679339610009ECB23C70E373B862D9F","profile_id=2;mode=auto-k4;block_size=65536;zstd_level=19;lzma_level=9;threads=1;process_timeout_seconds=3600","""E:\MIXER\hybridzip\build\Release\hybridzip.exe"" c --profile=r2 --r2-mode=auto-k4 --block-size=65536 ""E:\MIXER\hybridzip\results\experiments\hybridzip-r2-e5-router-320dd1b-v1\children\hybridzip-r2-e5-router-320dd1b-v1-auto-k4-b64-r1\inputs\128KiB\ooffice.bin"" ""E:\MIXER\hybridzip\results\experiments\hybridzip-r2-e5-router-320dd1b-v1\children\hybridzip-r2-e5-router-320dd1b-v1-auto-k4-b64-r1\archives\128KiB\ooffice.hz2""","""E:\MIXER\hybridzip\build\Release\hybridzip.exe"" d ""E:\MIXER\hybridzip\results\experiments\hybridzip-r2-e5-router-320dd1b-v1\children\hybridzip-r2-e5-router-320dd1b-v1-auto-k4-b64-r1\archives\128KiB\ooffice.hz2"" ""E:\MIXER\hybridzip\results\experiments\hybridzip-r2-e5-router-320dd1b-v1\children\hybridzip-r2-e5-router-320dd1b-v1-auto-k4-b64-r1\decoded\128KiB\ooffice.decoded""","0","0","2026-08-29T04:23:32.7336523+08:00","COMPLETE","PASS","paq8px-detected-sse=2","Complete R2 archive size; SHA-256 byte-exact roundtrip verified."
"e5-router","auto-k4","64","1","False","1","1","4","0","00010000","1025B343","4B1AC26C40AD4DA50312FD3B694D7E636FB768C2336FE773BC82D36424C27A4B","0:1,2:1,36:1,37:1","0","0","0","0","0","","","hybridzip-r2-e5-router-320dd1b-v1-auto-k4-b64-r1","r2-auto-k4","1","16","osdb","32","inputs/32KiB/osdb.bin","32768","03B2C20B777682CD960BCD893D7A4463161D9C0200FD1708B2EFAE32A259D0B7","archives/32KiB/osdb.hz2","11420","279669EBF23548953045419EF810A7AAF44162FCBFEB0D3F970FE485F709E9EA","decoded/32KiB/osdb.decoded","32768","03B2C20B777682CD960BCD893D7A4463161D9C0200FD1708B2EFAE32A259D0B7","41.5648743","18.1043136","548.38671875","548.3125","548.38671875","74FF260A939B01673667723D8351AAEDB679339610009ECB23C70E373B862D9F","profile_id=2;mode=auto-k4;block_size=65536;zstd_level=19;lzma_level=9;threads=1;process_timeout_seconds=3600","""E:\MIXER\hybridzip\build\Release\hybridzip.exe"" c --profile=r2 --r2-mode=auto-k4 --block-size=65536 ""E:\MIXER\hybridzip\results\experiments\hybridzip-r2-e5-router-320dd1b-v1\children\hybridzip-r2-e5-router-320dd1b-v1-auto-k4-b64-r1\inputs\32KiB\osdb.bin"" ""E:\MIXER\hybridzip\results\experiments\hybridzip-r2-e5-router-320dd1b-v1\children\hybridzip-r2-e5-router-320dd1b-v1-auto-k4-b64-r1\archives\32KiB\osdb.hz2""","""E:\MIXER\hybridzip\build\Release\hybridzip.exe"" d ""E:\MIXER\hybridzip\results\experiments\hybridzip-r2-e5-router-320dd1b-v1\children\hybridzip-r2-e5-router-320dd1b-v1-auto-k4-b64-r1\archives\32KiB\osdb.hz2"" ""E:\MIXER\hybridzip\results\experiments\hybridzip-r2-e5-router-320dd1b-v1\children\hybridzip-r2-e5-router-320dd1b-v1-auto-k4-b64-r1\decoded\32KiB\osdb.decoded""","0","0","2026-08-29T04:28:13.2960412+08:00","COMPLETE","PASS","paq8px-generic-sse=1","Complete R2 archive size; SHA-256 byte-exact roundtrip verified."
"e5-router","auto-k4","64","1","False","1","1","4","0","00010000","1025B343","4B1AC26C40AD4DA50312FD3B694D7E636FB768C2336FE773BC82D36424C27A4B","0:1,2:1,36:1,37:1","0","0","0","0","0","","","hybridzip-r2-e5-router-320dd1b-v1-auto-k4-b64-r1","r2-auto-k4","1","17","osdb","64","inputs/64KiB/osdb.bin","65536","F8FE629325A07588118BA0B65880A87DED43EF249CCBC91F0E977BBACAE0C125","archives/64KiB/osdb.hz2","18994","41D55EEDD7DBFC38DEB629A8FF61F547B78898D691F4EF34E343A61C35247550","decoded/64KiB/osdb.decoded","65536","F8FE629325A07588118BA0B65880A87DED43EF249CCBC91F0E977BBACAE0C125","81.2491242","37.7547027","549.91796875","549.8125","549.91796875","74FF260A939B01673667723D8351AAEDB679339610009ECB23C70E373B862D9F","profile_id=2;mode=auto-k4;block_size=65536;zstd_level=19;lzma_level=9;threads=1;process_timeout_seconds=3600","""E:\MIXER\hybridzip\build\Release\hybridzip.exe"" c --profile=r2 --r2-mode=auto-k4 --block-size=65536 ""E:\MIXER\hybridzip\results\experiments\hybridzip-r2-e5-router-320dd1b-v1\children\hybridzip-r2-e5-router-320dd1b-v1-auto-k4-b64-r1\inputs\64KiB\osdb.bin"" ""E:\MIXER\hybridzip\results\experiments\hybridzip-r2-e5-router-320dd1b-v1\children\hybridzip-r2-e5-router-320dd1b-v1-auto-k4-b64-r1\archives\64KiB\osdb.hz2""","""E:\MIXER\hybridzip\build\Release\hybridzip.exe"" d ""E:\MIXER\hybridzip\results\experiments\hybridzip-r2-e5-router-320dd1b-v1\children\hybridzip-r2-e5-router-320dd1b-v1-auto-k4-b64-r1\archives\64KiB\osdb.hz2"" ""E:\MIXER\hybridzip\results\experiments\hybridzip-r2-e5-router-320dd1b-v1\children\hybridzip-r2-e5-router-320dd1b-v1-auto-k4-b64-r1\decoded\64KiB\osdb.decoded""","0","0","2026-08-29T04:29:13.0481932+08:00","COMPLETE","PASS","paq8px-generic-sse=1","Complete R2 archive size; SHA-256 byte-exact roundtrip verified."
"e5-router","auto-k4","64","1","False","1","1","8","0","00010000","1025B343","4B1AC26C40AD4DA50312FD3B694D7E636FB768C2336FE773BC82D36424C27A4B","0:2,2:2,36:2,37:2","0","0","0","0","0","","","hybridzip-r2-e5-router-320dd1b-v1-auto-k4-b64-r1","r2-auto-k4","1","18","osdb","128","inputs/128KiB/osdb.bin","131072","D977E72AE13AEFC36A4B6171A895E26A0E6EEE447B1B9FBE868D7B1C046CC91F","archives/128KiB/osdb.hz2","38016","CC75DD75A733F90C78C2599A56E9C60DA98ED8A24EAF0F52271FA15B3E027CF4","decoded/128KiB/osdb.decoded","131072","D977E72AE13AEFC36A4B6171A895E26A0E6EEE447B1B9FBE868D7B1C046CC91F","168.5361115","81.337907","549.95703125","549.75","549.95703125","74FF260A939B01673667723D8351AAEDB679339610009ECB23C70E373B862D9F","profile_id=2;mode=auto-k4;block_size=65536;zstd_level=19;lzma_level=9;threads=1;process_timeout_seconds=3600","""E:\MIXER\hybridzip\build\Release\hybridzip.exe"" c --profile=r2 --r2-mode=auto-k4 --block-size=65536 ""E:\MIXER\hybridzip\results\experiments\hybridzip-r2-e5-router-320dd1b-v1\children\hybridzip-r2-e5-router-320dd1b-v1-auto-k4-b64-r1\inputs\128KiB\osdb.bin"" ""E:\MIXER\hybridzip\results\experiments\hybridzip-r2-e5-router-320dd1b-v1\children\hybridzip-r2-e5-router-320dd1b-v1-auto-k4-b64-r1\archives\128KiB\osdb.hz2""","""E:\MIXER\hybridzip\build\Release\hybridzip.exe"" d ""E:\MIXER\hybridzip\results\experiments\hybridzip-r2-e5-router-320dd1b-v1\children\hybridzip-r2-e5-router-320dd1b-v1-auto-k4-b64-r1\archives\128KiB\osdb.hz2"" ""E:\MIXER\hybridzip\results\experiments\hybridzip-r2-e5-router-320dd1b-v1\children\hybridzip-r2-e5-router-320dd1b-v1-auto-k4-b64-r1\decoded\128KiB\osdb.decoded""","0","0","2026-08-29T04:31:12.1375593+08:00","COMPLETE","PASS","paq8px-generic-sse=2","Complete R2 archive size; SHA-256 byte-exact roundtrip verified."
"e5-router","auto-k4","64","1","False","1","1","4","0","00010000","1025B343","4B1AC26C40AD4DA50312FD3B694D7E636FB768C2336FE773BC82D36424C27A4B","0:1,2:1,36:1,37:1","0","0","0","0","0","","","hybridzip-r2-e5-router-320dd1b-v1-auto-k4-b64-r1","r2-auto-k4","1","19","reymont","32","inputs/32KiB/reymont.bin","32768","9D5E4B9340C2260DAE7DDB01B3EDA58236FF2DE5E1FF4D56767AA840B6FB1A87","archives/32KiB/reymont.hz2","5679","C28FE6E7FA1F83DD6A4C0455BDC672B0B5CA34DFEB791738578F5F52E8FBCD17","decoded/32KiB/reymont.decoded","32768","9D5E4B9340C2260DAE7DDB01B3EDA58236FF2DE5E1FF4D56767AA840B6FB1A87","23.1299109","5.8003489","544.79296875","369.11328125","544.79296875","74FF260A939B01673667723D8351AAEDB679339610009ECB23C70E373B862D9F","profile_id=2;mode=auto-k4;block_size=65536;zstd_level=19;lzma_level=9;threads=1;process_timeout_seconds=3600","""E:\MIXER\hybridzip\build\Release\hybridzip.exe"" c --profile=r2 --r2-mode=auto-k4 --block-size=65536 ""E:\MIXER\hybridzip\results\experiments\hybridzip-r2-e5-router-320dd1b-v1\children\hybridzip-r2-e5-router-320dd1b-v1-auto-k4-b64-r1\inputs\32KiB\reymont.bin"" ""E:\MIXER\hybridzip\results\experiments\hybridzip-r2-e5-router-320dd1b-v1\children\hybridzip-r2-e5-router-320dd1b-v1-auto-k4-b64-r1\archives\32KiB\reymont.hz2""","""E:\MIXER\hybridzip\build\Release\hybridzip.exe"" d ""E:\MIXER\hybridzip\results\experiments\hybridzip-r2-e5-router-320dd1b-v1\children\hybridzip-r2-e5-router-320dd1b-v1-auto-k4-b64-r1\archives\32KiB\reymont.hz2"" ""E:\MIXER\hybridzip\results\experiments\hybridzip-r2-e5-router-320dd1b-v1\children\hybridzip-r2-e5-router-320dd1b-v1-auto-k4-b64-r1\decoded\32KiB\reymont.decoded""","0","0","2026-08-29T04:35:22.0969706+08:00","COMPLETE","PASS","paq8px-detected-sse=1","Complete R2 archive size; SHA-256 byte-exact roundtrip verified."
"e5-router","auto-k4","64","1","False","1","1","4","0","00010000","1025B343","4B1AC26C40AD4DA50312FD3B694D7E636FB768C2336FE773BC82D36424C27A4B","0:1,2:1,36:1,37:1","0","0","0","0","0","","","hybridzip-r2-e5-router-320dd1b-v1-auto-k4-b64-r1","r2-auto-k4","1","20","reymont","64","inputs/64KiB/reymont.bin","65536","A5ECAAABB133F1ADF8DE6062BE6381D143E87F9F8050EEA9B5BE6F92B88C3C22","archives/64KiB/reymont.hz2","10629","4D47217E410F82C8489A1BD62A2720C7EF3C950137EAD6C3AE2079EB49F89984","decoded/64KiB/reymont.decoded","65536","A5ECAAABB133F1ADF8DE6062BE6381D143E87F9F8050EEA9B5BE6F92B88C3C22","49.8686527","13.2489798","545.15625","369.8359375","545.15625","74FF260A939B01673667723D8351AAEDB679339610009ECB23C70E373B862D9F","profile_id=2;mode=auto-k4;block_size=65536;zstd_level=19;lzma_level=9;threads=1;process_timeout_seconds=3600","""E:\MIXER\hybridzip\build\Release\hybridzip.exe"" c --profile=r2 --r2-mode=auto-k4 --block-size=65536 ""E:\MIXER\hybridzip\results\experiments\hybridzip-r2-e5-router-320dd1b-v1\children\hybridzip-r2-e5-router-320dd1b-v1-auto-k4-b64-r1\inputs\64KiB\reymont.bin"" ""E:\MIXER\hybridzip\results\experiments\hybridzip-r2-e5-router-320dd1b-v1\children\hybridzip-r2-e5-router-320dd1b-v1-auto-k4-b64-r1\archives\64KiB\reymont.hz2""","""E:\MIXER\hybridzip\build\Release\hybridzip.exe"" d ""E:\MIXER\hybridzip\results\experiments\hybridzip-r2-e5-router-320dd1b-v1\children\hybridzip-r2-e5-router-320dd1b-v1-auto-k4-b64-r1\archives\64KiB\reymont.hz2"" ""E:\MIXER\hybridzip\results\experiments\hybridzip-r2-e5-router-320dd1b-v1\children\hybridzip-r2-e5-router-320dd1b-v1-auto-k4-b64-r1\decoded\64KiB\reymont.decoded""","0","0","2026-08-29T04:35:51.1173928+08:00","COMPLETE","PASS","paq8px-detected-sse=1","Complete R2 archive size; SHA-256 byte-exact roundtrip verified."
"e5-router","auto-k4","64","1","False","1","1","8","0","00010000","1025B343","4B1AC26C40AD4DA50312FD3B694D7E636FB768C2336FE773BC82D36424C27A4B","0:2,2:2,36:2,37:2","0","0","0","0","0","","","hybridzip-r2-e5-router-320dd1b-v1-auto-k4-b64-r1","r2-auto-k4","1","21","reymont","128","inputs/128KiB/reymont.bin","131072","A6CA7478854C1E80DFEAF9FB3444B357F9D7625E55232FAE3B3632A5A1217DEA","archives/128KiB/reymont.hz2","21488","2C59D363C21720E1731685FE5B134406AA0ECE324EEBF0D27A0376638D7F7601","decoded/128KiB/reymont.decoded","131072","A6CA7478854C1E80DFEAF9FB3444B357F9D7625E55232FAE3B3632A5A1217DEA","105.3192638","31.7564659","545.31640625","369.82421875","545.31640625","74FF260A939B01673667723D8351AAEDB679339610009ECB23C70E373B862D9F","profile_id=2;mode=auto-k4;block_size=65536;zstd_level=19;lzma_level=9;threads=1;process_timeout_seconds=3600","""E:\MIXER\hybridzip\build\Release\hybridzip.exe"" c --profile=r2 --r2-mode=auto-k4 --block-size=65536 ""E:\MIXER\hybridzip\results\experiments\hybridzip-r2-e5-router-320dd1b-v1\children\hybridzip-r2-e5-router-320dd1b-v1-auto-k4-b64-r1\inputs\128KiB\reymont.bin"" ""E:\MIXER\hybridzip\results\experiments\hybridzip-r2-e5-router-320dd1b-v1\children\hybridzip-r2-e5-router-320dd1b-v1-auto-k4-b64-r1\archives\128KiB\reymont.hz2""","""E:\MIXER\hybridzip\build\Release\hybridzip.exe"" d ""E:\MIXER\hybridzip\results\experiments\hybridzip-r2-e5-router-320dd1b-v1\children\hybridzip-r2-e5-router-320dd1b-v1-auto-k4-b64-r1\archives\128KiB\reymont.hz2"" ""E:\MIXER\hybridzip\results\experiments\hybridzip-r2-e5-router-320dd1b-v1\children\hybridzip-r2-e5-router-320dd1b-v1-auto-k4-b64-r1\decoded\128KiB\reymont.decoded""","0","0","2026-08-29T04:36:54.3201579+08:00","COMPLETE","PASS","paq8px-detected-sse=2","Complete R2 archive size; SHA-256 byte-exact roundtrip verified."
"e5-router","auto-k4","64","1","False","1","1","4","0","00010000","1025B343","4B1AC26C40AD4DA50312FD3B694D7E636FB768C2336FE773BC82D36424C27A4B","0:1,2:1,36:1,37:1","0","0","0","0","0","","","hybridzip-r2-e5-router-320dd1b-v1-auto-k4-b64-r1","r2-auto-k4","1","22","samba","32","inputs/32KiB/samba.bin","32768","9C4F5BEE544E4531E4946E62F796987418B4526911C34877EF282F14DD57AD12","archives/32KiB/samba.hz2","7956","34AFF36D5F1B58FF637F6382E16DD199165902F5EAEE2815EFB1EB18C3B38BF2","decoded/32KiB/samba.decoded","32768","9C4F5BEE544E4531E4946E62F796987418B4526911C34877EF282F14DD57AD12","37.1125171","15.9098181","545.30859375","545.18359375","545.30859375","74FF260A939B01673667723D8351AAEDB679339610009ECB23C70E373B862D9F","profile_id=2;mode=auto-k4;block_size=65536;zstd_level=19;lzma_level=9;threads=1;process_timeout_seconds=3600","""E:\MIXER\hybridzip\build\Release\hybridzip.exe"" c --profile=r2 --r2-mode=auto-k4 --block-size=65536 ""E:\MIXER\hybridzip\results\experiments\hybridzip-r2-e5-router-320dd1b-v1\children\hybridzip-r2-e5-router-320dd1b-v1-auto-k4-b64-r1\inputs\32KiB\samba.bin"" ""E:\MIXER\hybridzip\results\experiments\hybridzip-r2-e5-router-320dd1b-v1\children\hybridzip-r2-e5-router-320dd1b-v1-auto-k4-b64-r1\archives\32KiB\samba.hz2""","""E:\MIXER\hybridzip\build\Release\hybridzip.exe"" d ""E:\MIXER\hybridzip\results\experiments\hybridzip-r2-e5-router-320dd1b-v1\children\hybridzip-r2-e5-router-320dd1b-v1-auto-k4-b64-r1\archives\32KiB\samba.hz2"" ""E:\MIXER\hybridzip\results\experiments\hybridzip-r2-e5-router-320dd1b-v1\children\hybridzip-r2-e5-router-320dd1b-v1-auto-k4-b64-r1\decoded\32KiB\samba.decoded""","0","0","2026-08-29T04:39:11.4815589+08:00","COMPLETE","PASS","paq8px-generic-sse=1","Complete R2 archive size; SHA-256 byte-exact roundtrip verified."
"e5-router","auto-k4","64","1","False","1","1","4","0","00010000","1025B343","4B1AC26C40AD4DA50312FD3B694D7E636FB768C2336FE773BC82D36424C27A4B","0:1,2:1,36:1,37:1","0","0","0","0","0","","","hybridzip-r2-e5-router-320dd1b-v1-auto-k4-b64-r1","r2-auto-k4","1","23","samba","64","inputs/64KiB/samba.bin","65536","3E0420984C0F260EA7350734600CEA9D8500B745E2E4B7DBD4D1DA1D1ADAC421","archives/64KiB/samba.hz2","15270","A6FFF810458AC7E88A2AA177A15F855A2F012AA9FCAD3BF64170DF9A6A472A79","decoded/64KiB/samba.decoded","65536","3E0420984C0F260EA7350734600CEA9D8500B745E2E4B7DBD4D1DA1D1ADAC421","78.5624109","36.2842708","545.76171875","545.60546875","545.76171875","74FF260A939B01673667723D8351AAEDB679339610009ECB23C70E373B862D9F","profile_id=2;mode=auto-k4;block_size=65536;zstd_level=19;lzma_level=9;threads=1;process_timeout_seconds=3600","""E:\MIXER\hybridzip\build\Release\hybridzip.exe"" c --profile=r2 --r2-mode=auto-k4 --block-size=65536 ""E:\MIXER\hybridzip\results\experiments\hybridzip-r2-e5-router-320dd1b-v1\children\hybridzip-r2-e5-router-320dd1b-v1-auto-k4-b64-r1\inputs\64KiB\samba.bin"" ""E:\MIXER\hybridzip\results\experiments\hybridzip-r2-e5-router-320dd1b-v1\children\hybridzip-r2-e5-router-320dd1b-v1-auto-k4-b64-r1\archives\64KiB\samba.hz2""","""E:\MIXER\hybridzip\build\Release\hybridzip.exe"" d ""E:\MIXER\hybridzip\results\experiments\hybridzip-r2-e5-router-320dd1b-v1\children\hybridzip-r2-e5-router-320dd1b-v1-auto-k4-b64-r1\archives\64KiB\samba.hz2"" ""E:\MIXER\hybridzip\results\experiments\hybridzip-r2-e5-router-320dd1b-v1\children\hybridzip-r2-e5-router-320dd1b-v1-auto-k4-b64-r1\decoded\64KiB\samba.decoded""","0","0","2026-08-29T04:40:04.5880925+08:00","COMPLETE","PASS","paq8px-generic-sse=1","Complete R2 archive size; SHA-256 byte-exact roundtrip verified."
"e5-router","auto-k4","64","1","False","1","1","8","0","00010000","1025B343","4B1AC26C40AD4DA50312FD3B694D7E636FB768C2336FE773BC82D36424C27A4B","0:2,2:2,36:2,37:2","0","0","0","0","0","","","hybridzip-r2-e5-router-320dd1b-v1-auto-k4-b64-r1","r2-auto-k4","1","24","samba","128","inputs/128KiB/samba.bin","131072","F3B8C4AD35BC6CF21977895D6F04A22B1422605942FA5AFE35CE28B2A221D7E8","archives/128KiB/samba.hz2","31779","8AD989C3783D4DB208C00354D03067D57658FFA726B1F9ED1A52A9FA07EAE9EB","decoded/128KiB/samba.decoded","131072","F3B8C4AD35BC6CF21977895D6F04A22B1422605942FA5AFE35CE28B2A221D7E8","138.2687425","71.4702948","546.15625","545.80859375","546.15625","74FF260A939B01673667723D8351AAEDB679339610009ECB23C70E373B862D9F","profile_id=2;mode=auto-k4;block_size=65536;zstd_level=19;lzma_level=9;threads=1;process_timeout_seconds=3600","""E:\MIXER\hybridzip\build\Release\hybridzip.exe"" c --profile=r2 --r2-mode=auto-k4 --block-size=65536 ""E:\MIXER\hybridzip\results\experiments\hybridzip-r2-e5-router-320dd1b-v1\children\hybridzip-r2-e5-router-320dd1b-v1-auto-k4-b64-r1\inputs\128KiB\samba.bin"" ""E:\MIXER\hybridzip\results\experiments\hybridzip-r2-e5-router-320dd1b-v1\children\hybridzip-r2-e5-router-320dd1b-v1-auto-k4-b64-r1\archives\128KiB\samba.hz2""","""E:\MIXER\hybridzip\build\Release\hybridzip.exe"" d ""E:\MIXER\hybridzip\results\experiments\hybridzip-r2-e5-router-320dd1b-v1\children\hybridzip-r2-e5-router-320dd1b-v1-auto-k4-b64-r1\archives\128KiB\samba.hz2"" ""E:\MIXER\hybridzip\results\experiments\hybridzip-r2-e5-router-320dd1b-v1\children\hybridzip-r2-e5-router-320dd1b-v1-auto-k4-b64-r1\decoded\128KiB\samba.decoded""","0","0","2026-08-29T04:41:59.5165685+08:00","COMPLETE","PASS","paq8px-generic-sse=2","Complete R2 archive size; SHA-256 byte-exact roundtrip verified."
"e5-router","auto-k4","64","1","False","1","1","4","0","00010000","1025B343","4B1AC26C40AD4DA50312FD3B694D7E636FB768C2336FE773BC82D36424C27A4B","0:1,2:1,36:1,37:1","0","0","0","0","0","","","hybridzip-r2-e5-router-320dd1b-v1-auto-k4-b64-r1","r2-auto-k4","1","25","sao","32","inputs/32KiB/sao.bin","32768","95677430CAD4F000506BC5EE22815C3F4E13D64B477ED506B78D5D9ACFB50CCD","archives/32KiB/sao.hz2","18805","DA4A8EC1A5A6279964CD1712287BF2E06E0A4AA4BE289B524CEC178266B4CFA9","decoded/32KiB/sao.decoded","32768","95677430CAD4F000506BC5EE22815C3F4E13D64B477ED506B78D5D9ACFB50CCD","46.9744665","20.8788817","548.7890625","548.66796875","548.7890625","74FF260A939B01673667723D8351AAEDB679339610009ECB23C70E373B862D9F","profile_id=2;mode=auto-k4;block_size=65536;zstd_level=19;lzma_level=9;threads=1;process_timeout_seconds=3600","""E:\MIXER\hybridzip\build\Release\hybridzip.exe"" c --profile=r2 --r2-mode=auto-k4 --block-size=65536 ""E:\MIXER\hybridzip\results\experiments\hybridzip-r2-e5-router-320dd1b-v1\children\hybridzip-r2-e5-router-320dd1b-v1-auto-k4-b64-r1\inputs\32KiB\sao.bin"" ""E:\MIXER\hybridzip\results\experiments\hybridzip-r2-e5-router-320dd1b-v1\children\hybridzip-r2-e5-router-320dd1b-v1-auto-k4-b64-r1\archives\32KiB\sao.hz2""","""E:\MIXER\hybridzip\build\Release\hybridzip.exe"" d ""E:\MIXER\hybridzip\results\experiments\hybridzip-r2-e5-router-320dd1b-v1\children\hybridzip-r2-e5-router-320dd1b-v1-auto-k4-b64-r1\archives\32KiB\sao.hz2"" ""E:\MIXER\hybridzip\results\experiments\hybridzip-r2-e5-router-320dd1b-v1\children\hybridzip-r2-e5-router-320dd1b-v1-auto-k4-b64-r1\decoded\32KiB\sao.decoded""","0","0","2026-08-29T04:45:29.3433013+08:00","COMPLETE","PASS","paq8px-generic-sse=1","Complete R2 archive size; SHA-256 byte-exact roundtrip verified."
"e5-router","auto-k4","64","1","False","1","1","4","0","00010000","1025B343","4B1AC26C40AD4DA50312FD3B694D7E636FB768C2336FE773BC82D36424C27A4B","0:1,2:1,36:1,37:1","0","0","0","0","0","","","hybridzip-r2-e5-router-320dd1b-v1-auto-k4-b64-r1","r2-auto-k4","1","26","sao","64","inputs/64KiB/sao.bin","65536","17CBD7166A47786139F60BA33B4E771CE0154F6FA56986883D129BC23F78EBEE","archives/64KiB/sao.hz2","36379","D4FC29916794BC9ED48EB4CF19978074720A997795B269FEA8DF4F2E640E32F3","decoded/64KiB/sao.decoded","65536","17CBD7166A47786139F60BA33B4E771CE0154F6FA56986883D129BC23F78EBEE","96.5386314","45.5648394","550.55078125","550.359375","550.55078125","74FF260A939B01673667723D8351AAEDB679339610009ECB23C70E373B862D9F","profile_id=2;mode=auto-k4;block_size=65536;zstd_level=19;lzma_level=9;threads=1;process_timeout_seconds=3600","""E:\MIXER\hybridzip\build\Release\hybridzip.exe"" c --profile=r2 --r2-mode=auto-k4 --block-size=65536 ""E:\MIXER\hybridzip\results\experiments\hybridzip-r2-e5-router-320dd1b-v1\children\hybridzip-r2-e5-router-320dd1b-v1-auto-k4-b64-r1\inputs\64KiB\sao.bin"" ""E:\MIXER\hybridzip\results\experiments\hybridzip-r2-e5-router-320dd1b-v1\children\hybridzip-r2-e5-router-320dd1b-v1-auto-k4-b64-r1\archives\64KiB\sao.hz2""","""E:\MIXER\hybridzip\build\Release\hybridzip.exe"" d ""E:\MIXER\hybridzip\results\experiments\hybridzip-r2-e5-router-320dd1b-v1\children\hybridzip-r2-e5-router-320dd1b-v1-auto-k4-b64-r1\archives\64KiB\sao.hz2"" ""E:\MIXER\hybridzip\results\experiments\hybridzip-r2-e5-router-320dd1b-v1\children\hybridzip-r2-e5-router-320dd1b-v1-auto-k4-b64-r1\decoded\64KiB\sao.decoded""","0","0","2026-08-29T04:46:37.2817694+08:00","COMPLETE","PASS","paq8px-generic-sse=1","Complete R2 archive size; SHA-256 byte-exact roundtrip verified."
"e5-router","auto-k4","64","1","False","1","1","8","0","00010000","1025B343","4B1AC26C40AD4DA50312FD3B694D7E636FB768C2336FE773BC82D36424C27A4B","0:2,2:2,36:2,37:2","0","0","0","0","0","","","hybridzip-r2-e5-router-320dd1b-v1-auto-k4-b64-r1","r2-auto-k4","1","27","sao","128","inputs/128KiB/sao.bin","131072","75E535B42DB7505118D8B19C7C42C1F49C5542ADDC9DBC13383953659F675CE0","archives/128KiB/sao.hz2","72422","449E49C8E5AB20AA54E50A51DC0551B1C0276159BAD19243053090A5492653FA","decoded/128KiB/sao.decoded","131072","75E535B42DB7505118D8B19C7C42C1F49C5542ADDC9DBC13383953659F675CE0","198.4935331","96.3869784","550.77734375","550.4140625","550.77734375","74FF260A939B01673667723D8351AAEDB679339610009ECB23C70E373B862D9F","profile_id=2;mode=auto-k4;block_size=65536;zstd_level=19;lzma_level=9;threads=1;process_timeout_seconds=3600","""E:\MIXER\hybridzip\build\Release\hybridzip.exe"" c --profile=r2 --r2-mode=auto-k4 --block-size=65536 ""E:\MIXER\hybridzip\results\experiments\hybridzip-r2-e5-router-320dd1b-v1\children\hybridzip-r2-e5-router-320dd1b-v1-auto-k4-b64-r1\inputs\128KiB\sao.bin"" ""E:\MIXER\hybridzip\results\experiments\hybridzip-r2-e5-router-320dd1b-v1\children\hybridzip-r2-e5-router-320dd1b-v1-auto-k4-b64-r1\archives\128KiB\sao.hz2""","""E:\MIXER\hybridzip\build\Release\hybridzip.exe"" d ""E:\MIXER\hybridzip\results\experiments\hybridzip-r2-e5-router-320dd1b-v1\children\hybridzip-r2-e5-router-320dd1b-v1-auto-k4-b64-r1\archives\128KiB\sao.hz2"" ""E:\MIXER\hybridzip\results\experiments\hybridzip-r2-e5-router-320dd1b-v1\children\hybridzip-r2-e5-router-320dd1b-v1-auto-k4-b64-r1\decoded\128KiB\sao.decoded""","0","0","2026-08-29T04:48:59.4679599+08:00","COMPLETE","PASS","paq8px-generic-sse=2","Complete R2 archive size; SHA-256 byte-exact roundtrip verified."
"e5-router","auto-k4","64","1","False","1","1","4","0","00010000","1025B343","4B1AC26C40AD4DA50312FD3B694D7E636FB768C2336FE773BC82D36424C27A4B","0:1,2:1,36:1,37:1","0","0","0","0","0","","","hybridzip-r2-e5-router-320dd1b-v1-auto-k4-b64-r1","r2-auto-k4","1","28","webster","32","inputs/32KiB/webster.bin","32768","774D224695AF4057353F72602BB96CD2AFEEA059AC7737535645F11596FCA85E","archives/32KiB/webster.hz2","9258","FF169CC35A4AAC4EAE6ADCBAE2DB460122900288473B991B114A5BCCA57BF530","decoded/32KiB/webster.decoded","32768","774D224695AF4057353F72602BB96CD2AFEEA059AC7737535645F11596FCA85E","29.2591708","6.982835","546.734375","369.796875","546.734375","74FF260A939B01673667723D8351AAEDB679339610009ECB23C70E373B862D9F","profile_id=2;mode=auto-k4;block_size=65536;zstd_level=19;lzma_level=9;threads=1;process_timeout_seconds=3600","""E:\MIXER\hybridzip\build\Release\hybridzip.exe"" c --profile=r2 --r2-mode=auto-k4 --block-size=65536 ""E:\MIXER\hybridzip\results\experiments\hybridzip-r2-e5-router-320dd1b-v1\children\hybridzip-r2-e5-router-320dd1b-v1-auto-k4-b64-r1\inputs\32KiB\webster.bin"" ""E:\MIXER\hybridzip\results\experiments\hybridzip-r2-e5-router-320dd1b-v1\children\hybridzip-r2-e5-router-320dd1b-v1-auto-k4-b64-r1\archives\32KiB\webster.hz2""","""E:\MIXER\hybridzip\build\Release\hybridzip.exe"" d ""E:\MIXER\hybridzip\results\experiments\hybridzip-r2-e5-router-320dd1b-v1\children\hybridzip-r2-e5-router-320dd1b-v1-auto-k4-b64-r1\archives\32KiB\webster.hz2"" ""E:\MIXER\hybridzip\results\experiments\hybridzip-r2-e5-router-320dd1b-v1\children\hybridzip-r2-e5-router-320dd1b-v1-auto-k4-b64-r1\decoded\32KiB\webster.decoded""","0","0","2026-08-29T04:53:54.4332642+08:00","COMPLETE","PASS","paq8px-detected-sse=1","Complete R2 archive size; SHA-256 byte-exact roundtrip verified."
"e5-router","auto-k4","64","1","False","1","1","4","0","00010000","1025B343","4B1AC26C40AD4DA50312FD3B694D7E636FB768C2336FE773BC82D36424C27A4B","0:1,2:1,36:1,37:1","0","0","0","0","0","","","hybridzip-r2-e5-router-320dd1b-v1-auto-k4-b64-r1","r2-auto-k4","1","29","webster","64","inputs/64KiB/webster.bin","65536","262258811321382F9E4F44D2184B6B7FED0336CF831446D8336C47D6CCC2B32E","archives/64KiB/webster.hz2","15190","172DD6248607E9EE1855BCE801128E339D016119B95D3265917F4FE70C5D76DD","decoded/64KiB/webster.decoded","65536","262258811321382F9E4F44D2184B6B7FED0336CF831446D8336C47D6CCC2B32E","59.5177038","16.4335904","547.0390625","370.28515625","547.0390625","74FF260A939B01673667723D8351AAEDB679339610009ECB23C70E373B862D9F","profile_id=2;mode=auto-k4;block_size=65536;zstd_level=19;lzma_level=9;threads=1;process_timeout_seconds=3600","""E:\MIXER\hybridzip\build\Release\hybridzip.exe"" c --profile=r2 --r2-mode=auto-k4 --block-size=65536 ""E:\MIXER\hybridzip\results\experiments\hybridzip-r2-e5-router-320dd1b-v1\children\hybridzip-r2-e5-router-320dd1b-v1-auto-k4-b64-r1\inputs\64KiB\webster.bin"" ""E:\MIXER\hybridzip\results\experiments\hybridzip-r2-e5-router-320dd1b-v1\children\hybridzip-r2-e5-router-320dd1b-v1-auto-k4-b64-r1\archives\64KiB\webster.hz2""","""E:\MIXER\hybridzip\build\Release\hybridzip.exe"" d ""E:\MIXER\hybridzip\results\experiments\hybridzip-r2-e5-router-320dd1b-v1\children\hybridzip-r2-e5-router-320dd1b-v1-auto-k4-b64-r1\archives\64KiB\webster.hz2"" ""E:\MIXER\hybridzip\results\experiments\hybridzip-r2-e5-router-320dd1b-v1\children\hybridzip-r2-e5-router-320dd1b-v1-auto-k4-b64-r1\decoded\64KiB\webster.decoded""","0","0","2026-08-29T04:54:30.7689345+08:00","COMPLETE","PASS","paq8px-detected-sse=1","Complete R2 archive size; SHA-256 byte-exact roundtrip verified."
"e5-router","auto-k4","64","1","False","1","1","8","0","00010000","1025B343","4B1AC26C40AD4DA50312FD3B694D7E636FB768C2336FE773BC82D36424C27A4B","0:2,2:2,36:2,37:2","0","0","0","0","0","","","hybridzip-r2-e5-router-320dd1b-v1-auto-k4-b64-r1","r2-auto-k4","1","30","webster","128","inputs/128KiB/webster.bin","131072","C069C1FDCA99BC5C44F06D134CD0CDA60315DD631AA6564733B2CE0E6D59305C","archives/128KiB/webster.hz2","27768","0F20967713B252F421BC995ECB9B64B60B77B710E60BE2DB75E685B41F83B9C4","decoded/128KiB/webster.decoded","131072","C069C1FDCA99BC5C44F06D134CD0CDA60315DD631AA6564733B2CE0E6D59305C","119.24934","36.5645711","547.0234375","370.28125","547.0234375","74FF260A939B01673667723D8351AAEDB679339610009ECB23C70E373B862D9F","profile_id=2;mode=auto-k4;block_size=65536;zstd_level=19;lzma_level=9;threads=1;process_timeout_seconds=3600","""E:\MIXER\hybridzip\build\Release\hybridzip.exe"" c --profile=r2 --r2-mode=auto-k4 --block-size=65536 ""E:\MIXER\hybridzip\results\experiments\hybridzip-r2-e5-router-320dd1b-v1\children\hybridzip-r2-e5-router-320dd1b-v1-auto-k4-b64-r1\inputs\128KiB\webster.bin"" ""E:\MIXER\hybridzip\results\experiments\hybridzip-r2-e5-router-320dd1b-v1\children\hybridzip-r2-e5-router-320dd1b-v1-auto-k4-b64-r1\archives\128KiB\webster.hz2""","""E:\MIXER\hybridzip\build\Release\hybridzip.exe"" d ""E:\MIXER\hybridzip\results\experiments\hybridzip-r2-e5-router-320dd1b-v1\children\hybridzip-r2-e5-router-320dd1b-v1-auto-k4-b64-r1\archives\128KiB\webster.hz2"" ""E:\MIXER\hybridzip\results\experiments\hybridzip-r2-e5-router-320dd1b-v1\children\hybridzip-r2-e5-router-320dd1b-v1-auto-k4-b64-r1\decoded\128KiB\webster.decoded""","0","0","2026-08-29T04:55:46.8084352+08:00","COMPLETE","PASS","paq8px-detected-sse=2","Complete R2 archive size; SHA-256 byte-exact roundtrip verified."
"e5-router","auto-k4","64","1","False","1","1","4","0","00010000","1025B343","4B1AC26C40AD4DA50312FD3B694D7E636FB768C2336FE773BC82D36424C27A4B","0:1,2:1,36:1,37:1","0","0","0","0","0","","","hybridzip-r2-e5-router-320dd1b-v1-auto-k4-b64-r1","r2-auto-k4","1","31","x-ray","32","inputs/32KiB/x-ray.bin","32768","10511AA63DFBD9C0DDBFEFE36068740103D4BA1116E214154A0772057D7E9314","archives/32KiB/x-ray.hz2","14702","4461FC9A23988B440292DDA38C4EACC1AAD23FD665E51C8399899F7CD60A4A2B","decoded/32KiB/x-ray.decoded","32768","10511AA63DFBD9C0DDBFEFE36068740103D4BA1116E214154A0772057D7E9314","39.6639199","16.9003584","547.16015625","547.0234375","547.16015625","74FF260A939B01673667723D8351AAEDB679339610009ECB23C70E373B862D9F","profile_id=2;mode=auto-k4;block_size=65536;zstd_level=19;lzma_level=9;threads=1;process_timeout_seconds=3600","""E:\MIXER\hybridzip\build\Release\hybridzip.exe"" c --profile=r2 --r2-mode=auto-k4 --block-size=65536 ""E:\MIXER\hybridzip\results\experiments\hybridzip-r2-e5-router-320dd1b-v1\children\hybridzip-r2-e5-router-320dd1b-v1-auto-k4-b64-r1\inputs\32KiB\x-ray.bin"" ""E:\MIXER\hybridzip\results\experiments\hybridzip-r2-e5-router-320dd1b-v1\children\hybridzip-r2-e5-router-320dd1b-v1-auto-k4-b64-r1\archives\32KiB\x-ray.hz2""","""E:\MIXER\hybridzip\build\Release\hybridzip.exe"" d ""E:\MIXER\hybridzip\results\experiments\hybridzip-r2-e5-router-320dd1b-v1\children\hybridzip-r2-e5-router-320dd1b-v1-auto-k4-b64-r1\archives\32KiB\x-ray.hz2"" ""E:\MIXER\hybridzip\results\experiments\hybridzip-r2-e5-router-320dd1b-v1\children\hybridzip-r2-e5-router-320dd1b-v1-auto-k4-b64-r1\decoded\32KiB\x-ray.decoded""","0","0","2026-08-29T04:58:22.7134626+08:00","COMPLETE","PASS","paq8px-generic-sse=1","Complete R2 archive size; SHA-256 byte-exact roundtrip verified."
"e5-router","auto-k4","64","1","False","1","1","4","0","00010000","1025B343","4B1AC26C40AD4DA50312FD3B694D7E636FB768C2336FE773BC82D36424C27A4B","0:1,2:1,36:1,37:1","0","0","0","0","0","","","hybridzip-r2-e5-router-320dd1b-v1-auto-k4-b64-r1","r2-auto-k4","1","32","x-ray","64","inputs/64KiB/x-ray.bin","65536","B5A07146616BCD7C2D10071D41E07D204DE0AC629C4CA37D8E867FF00574D0D8","archives/64KiB/x-ray.hz2","29135","587BB5747D4F4CC5A0B43DC884844C0507801F09A63CCD83442C430977E33F25","decoded/64KiB/x-ray.decoded","65536","B5A07146616BCD7C2D10071D41E07D204DE0AC629C4CA37D8E867FF00574D0D8","83.3902984","38.7407574","547.47265625","547.29296875","547.47265625","74FF260A939B01673667723D8351AAEDB679339610009ECB23C70E373B862D9F","profile_id=2;mode=auto-k4;block_size=65536;zstd_level=19;lzma_level=9;threads=1;process_timeout_seconds=3600","""E:\MIXER\hybridzip\build\Release\hybridzip.exe"" c --profile=r2 --r2-mode=auto-k4 --block-size=65536 ""E:\MIXER\hybridzip\results\experiments\hybridzip-r2-e5-router-320dd1b-v1\children\hybridzip-r2-e5-router-320dd1b-v1-auto-k4-b64-r1\inputs\64KiB\x-ray.bin"" ""E:\MIXER\hybridzip\results\experiments\hybridzip-r2-e5-router-320dd1b-v1\children\hybridzip-r2-e5-router-320dd1b-v1-auto-k4-b64-r1\archives\64KiB\x-ray.hz2""","""E:\MIXER\hybridzip\build\Release\hybridzip.exe"" d ""E:\MIXER\hybridzip\results\experiments\hybridzip-r2-e5-router-320dd1b-v1\children\hybridzip-r2-e5-router-320dd1b-v1-auto-k4-b64-r1\archives\64KiB\x-ray.hz2"" ""E:\MIXER\hybridzip\results\experiments\hybridzip-r2-e5-router-320dd1b-v1\children\hybridzip-r2-e5-router-320dd1b-v1-auto-k4-b64-r1\decoded\64KiB\x-ray.decoded""","0","0","2026-08-29T04:59:19.3622958+08:00","COMPLETE","PASS","paq8px-generic-sse=1","Complete R2 archive size; SHA-256 byte-exact roundtrip verified."
"e5-router","auto-k4","64","1","False","1","1","8","0","00010000","1025B343","4B1AC26C40AD4DA50312FD3B694D7E636FB768C2336FE773BC82D36424C27A4B","0:2,2:2,36:2,37:2","0","0","0","0","0","","","hybridzip-r2-e5-router-320dd1b-v1-auto-k4-b64-r1","r2-auto-k4","1","33","x-ray","128","inputs/128KiB/x-ray.bin","131072","7A65B793FB2A694C20686275A899B304445473528F7C998BE26F8C68EB18F76E","archives/128KiB/x-ray.hz2","58000","08BF2BD4A1EE399D55EE62B0EDE098EFE17A41D42CFD1DEBC0ACBDD9DB318229","decoded/128KiB/x-ray.decoded","131072","7A65B793FB2A694C20686275A899B304445473528F7C998BE26F8C68EB18F76E","172.3484186","83.286772","547.6875","547.34765625","547.6875","74FF260A939B01673667723D8351AAEDB679339610009ECB23C70E373B862D9F","profile_id=2;mode=auto-k4;block_size=65536;zstd_level=19;lzma_level=9;threads=1;process_timeout_seconds=3600","""E:\MIXER\hybridzip\build\Release\hybridzip.exe"" c --profile=r2 --r2-mode=auto-k4 --block-size=65536 ""E:\MIXER\hybridzip\results\experiments\hybridzip-r2-e5-router-320dd1b-v1\children\hybridzip-r2-e5-router-320dd1b-v1-auto-k4-b64-r1\inputs\128KiB\x-ray.bin"" ""E:\MIXER\hybridzip\results\experiments\hybridzip-r2-e5-router-320dd1b-v1\children\hybridzip-r2-e5-router-320dd1b-v1-auto-k4-b64-r1\archives\128KiB\x-ray.hz2""","""E:\MIXER\hybridzip\build\Release\hybridzip.exe"" d ""E:\MIXER\hybridzip\results\experiments\hybridzip-r2-e5-router-320dd1b-v1\children\hybridzip-r2-e5-router-320dd1b-v1-auto-k4-b64-r1\archives\128KiB\x-ray.hz2"" ""E:\MIXER\hybridzip\results\experiments\hybridzip-r2-e5-router-320dd1b-v1\children\hybridzip-r2-e5-router-320dd1b-v1-auto-k4-b64-r1\decoded\128KiB\x-ray.decoded""","0","0","2026-08-29T05:01:21.5768760+08:00","COMPLETE","PASS","paq8px-generic-sse=2","Complete R2 archive size; SHA-256 byte-exact roundtrip verified."
"e5-router","auto-k4","64","1","False","1","1","4","0","00010000","1025B343","4B1AC26C40AD4DA50312FD3B694D7E636FB768C2336FE773BC82D36424C27A4B","0:1,2:1,36:1,37:1","0","0","0","0","0","","","hybridzip-r2-e5-router-320dd1b-v1-auto-k4-b64-r1","r2-auto-k4","1","34","xml","32","inputs/32KiB/xml.bin","32768","C2F7F129956F8D6FC3D0E3595D93F98D5270B6F5BC4AB5E70F45867822EFDD71","archives/32KiB/xml.hz2","1441","E59754FDD28F8E5842444453A77AEE01BD3DB80EE222C1B2F0059961891EE5EC","decoded/32KiB/xml.decoded","32768","C2F7F129956F8D6FC3D0E3595D93F98D5270B6F5BC4AB5E70F45867822EFDD71","22.7263153","8.8400751","543.02734375","542.7890625","543.02734375","74FF260A939B01673667723D8351AAEDB679339610009ECB23C70E373B862D9F","profile_id=2;mode=auto-k4;block_size=65536;zstd_level=19;lzma_level=9;threads=1;process_timeout_seconds=3600","""E:\MIXER\hybridzip\build\Release\hybridzip.exe"" c --profile=r2 --r2-mode=auto-k4 --block-size=65536 ""E:\MIXER\hybridzip\results\experiments\hybridzip-r2-e5-router-320dd1b-v1\children\hybridzip-r2-e5-router-320dd1b-v1-auto-k4-b64-r1\inputs\32KiB\xml.bin"" ""E:\MIXER\hybridzip\results\experiments\hybridzip-r2-e5-router-320dd1b-v1\children\hybridzip-r2-e5-router-320dd1b-v1-auto-k4-b64-r1\archives\32KiB\xml.hz2""","""E:\MIXER\hybridzip\build\Release\hybridzip.exe"" d ""E:\MIXER\hybridzip\results\experiments\hybridzip-r2-e5-router-320dd1b-v1\children\hybridzip-r2-e5-router-320dd1b-v1-auto-k4-b64-r1\archives\32KiB\xml.hz2"" ""E:\MIXER\hybridzip\results\experiments\hybridzip-r2-e5-router-320dd1b-v1\children\hybridzip-r2-e5-router-320dd1b-v1-auto-k4-b64-r1\decoded\32KiB\xml.decoded""","0","0","2026-08-29T05:05:37.2966782+08:00","COMPLETE","PASS","paq8px-generic-sse=1","Complete R2 archive size; SHA-256 byte-exact roundtrip verified."
"e5-router","auto-k4","64","1","False","1","1","4","0","00010000","1025B343","4B1AC26C40AD4DA50312FD3B694D7E636FB768C2336FE773BC82D36424C27A4B","0:1,2:1,36:1,37:1","0","0","0","0","0","","","hybridzip-r2-e5-router-320dd1b-v1-auto-k4-b64-r1","r2-auto-k4","1","35","xml","64","inputs/64KiB/xml.bin","65536","E32AFF2BEBF00105A17DD57F5490C1986D17543CEE837B42EB56B3E0E6F8E7F1","archives/64KiB/xml.hz2","2272","654B2F730F19072BF446943F1B3D91FEC40E36A2FEBB1E36579039DC6C69EEB0","decoded/64KiB/xml.decoded","65536","E32AFF2BEBF00105A17DD57F5490C1986D17543CEE837B42EB56B3E0E6F8E7F1","48.3103224","21.5624057","543.9921875","543.77734375","543.9921875","74FF260A939B01673667723D8351AAEDB679339610009ECB23C70E373B862D9F","profile_id=2;mode=auto-k4;block_size=65536;zstd_level=19;lzma_level=9;threads=1;process_timeout_seconds=3600","""E:\MIXER\hybridzip\build\Release\hybridzip.exe"" c --profile=r2 --r2-mode=auto-k4 --block-size=65536 ""E:\MIXER\hybridzip\results\experiments\hybridzip-r2-e5-router-320dd1b-v1\children\hybridzip-r2-e5-router-320dd1b-v1-auto-k4-b64-r1\inputs\64KiB\xml.bin"" ""E:\MIXER\hybridzip\results\experiments\hybridzip-r2-e5-router-320dd1b-v1\children\hybridzip-r2-e5-router-320dd1b-v1-auto-k4-b64-r1\archives\64KiB\xml.hz2""","""E:\MIXER\hybridzip\build\Release\hybridzip.exe"" d ""E:\MIXER\hybridzip\results\experiments\hybridzip-r2-e5-router-320dd1b-v1\children\hybridzip-r2-e5-router-320dd1b-v1-auto-k4-b64-r1\archives\64KiB\xml.hz2"" ""E:\MIXER\hybridzip\results\experiments\hybridzip-r2-e5-router-320dd1b-v1\children\hybridzip-r2-e5-router-320dd1b-v1-auto-k4-b64-r1\decoded\64KiB\xml.decoded""","0","0","2026-08-29T05:06:08.9507041+08:00","COMPLETE","PASS","paq8px-generic-sse=1","Complete R2 archive size; SHA-256 byte-exact roundtrip verified."
"e5-router","auto-k4","64","1","False","1","1","8","0","00010000","1025B343","4B1AC26C40AD4DA50312FD3B694D7E636FB768C2336FE773BC82D36424C27A4B","0:2,2:2,36:2,37:2","0","0","0","0","0","","","hybridzip-r2-e5-router-320dd1b-v1-auto-k4-b64-r1","r2-auto-k4","1","36","xml","128","inputs/128KiB/xml.bin","131072","5FA29C746885F2EEB98734218475915A78092CCB3B0F68B08861EE210E5B6E25","archives/128KiB/xml.hz2","4770","39E17A1E2E5C63EFB36F07A53380B3542E39C97BFF55932AC4055C2F1959D173","decoded/128KiB/xml.decoded","131072","5FA29C746885F2EEB98734218475915A78092CCB3B0F68B08861EE210E5B6E25","93.7861065","48.9578125","544.5234375","544.2265625","544.5234375","74FF260A939B01673667723D8351AAEDB679339610009ECB23C70E373B862D9F","profile_id=2;mode=auto-k4;block_size=65536;zstd_level=19;lzma_level=9;threads=1;process_timeout_seconds=3600","""E:\MIXER\hybridzip\build\Release\hybridzip.exe"" c --profile=r2 --r2-mode=auto-k4 --block-size=65536 ""E:\MIXER\hybridzip\results\experiments\hybridzip-r2-e5-router-320dd1b-v1\children\hybridzip-r2-e5-router-320dd1b-v1-auto-k4-b64-r1\inputs\128KiB\xml.bin"" ""E:\MIXER\hybridzip\results\experiments\hybridzip-r2-e5-router-320dd1b-v1\children\hybridzip-r2-e5-router-320dd1b-v1-auto-k4-b64-r1\archives\128KiB\xml.hz2""","""E:\MIXER\hybridzip\build\Release\hybridzip.exe"" d ""E:\MIXER\hybridzip\results\experiments\hybridzip-r2-e5-router-320dd1b-v1\children\hybridzip-r2-e5-router-320dd1b-v1-auto-k4-b64-r1\archives\128KiB\xml.hz2"" ""E:\MIXER\hybridzip\results\experiments\hybridzip-r2-e5-router-320dd1b-v1\children\hybridzip-r2-e5-router-320dd1b-v1-auto-k4-b64-r1\decoded\128KiB\xml.decoded""","0","0","2026-08-29T05:07:18.9102012+08:00","COMPLETE","PASS","paq8px-generic-sse=2","Complete R2 archive size; SHA-256 byte-exact roundtrip verified."
"e5-router","auto-k8","64","1","False","1","1","8","0","00010000","1025B343","4B1AC26C40AD4DA50312FD3B694D7E636FB768C2336FE773BC82D36424C27A4B","0:1,2:1,4:1,6:1,19:1,28:1,36:1,37:1","0","0","0","0","0","","","hybridzip-r2-e5-router-320dd1b-v1-auto-k8-b64-r1","r2-auto-k8","1","1","dickens","32","inputs/32KiB/dickens.bin","32768","FC42DCB9849222C8704C9DCAE606D075B389B66244FB215035148D6409EC0B31","archives/32KiB/dickens.hz2","9598","D2F18FE2DA6D57CD3F403DF0F3F29D5382FBB0EF7A2F00E196EF3557DD9CED63","decoded/32KiB/dickens.decoded","32768","FC42DCB9849222C8704C9DCAE606D075B389B66244FB215035148D6409EC0B31","29.367279","7.021936","546.37890625","369.3828125","546.37890625","74FF260A939B01673667723D8351AAEDB679339610009ECB23C70E373B862D9F","profile_id=2;mode=auto-k8;block_size=65536;zstd_level=19;lzma_level=9;threads=1;process_timeout_seconds=3600","""E:\MIXER\hybridzip\build\Release\hybridzip.exe"" c --profile=r2 --r2-mode=auto-k8 --block-size=65536 ""E:\MIXER\hybridzip\results\experiments\hybridzip-r2-e5-router-320dd1b-v1\children\hybridzip-r2-e5-router-320dd1b-v1-auto-k8-b64-r1\inputs\32KiB\dickens.bin"" ""E:\MIXER\hybridzip\results\experiments\hybridzip-r2-e5-router-320dd1b-v1\children\hybridzip-r2-e5-router-320dd1b-v1-auto-k8-b64-r1\archives\32KiB\dickens.hz2""","""E:\MIXER\hybridzip\build\Release\hybridzip.exe"" d ""E:\MIXER\hybridzip\results\experiments\hybridzip-r2-e5-router-320dd1b-v1\children\hybridzip-r2-e5-router-320dd1b-v1-auto-k8-b64-r1\archives\32KiB\dickens.hz2"" ""E:\MIXER\hybridzip\results\experiments\hybridzip-r2-e5-router-320dd1b-v1\children\hybridzip-r2-e5-router-320dd1b-v1-auto-k8-b64-r1\decoded\32KiB\dickens.decoded""","0","0","2026-08-29T05:09:43.0412843+08:00","COMPLETE","PASS","paq8px-detected-sse=1","Complete R2 archive size; SHA-256 byte-exact roundtrip verified."
"e5-router","auto-k8","64","1","False","1","1","8","0","00010000","1025B343","4B1AC26C40AD4DA50312FD3B694D7E636FB768C2336FE773BC82D36424C27A4B","0:1,2:1,4:1,6:1,19:1,28:1,36:1,37:1","0","0","0","0","0","","","hybridzip-r2-e5-router-320dd1b-v1-auto-k8-b64-r1","r2-auto-k8","1","2","dickens","64","inputs/64KiB/dickens.bin","65536","134AD989A7B8B40C900A3B9C0F4895317DFD827D9E6E933895B08D2F4A8A8293","archives/64KiB/dickens.hz2","17844","9EBFDDCBCC6995702D324605D8E8CEAC8BE4547C0C14BFAEC671D1285512E602","decoded/64KiB/dickens.decoded","65536","134AD989A7B8B40C900A3B9C0F4895317DFD827D9E6E933895B08D2F4A8A8293","61.7607903","17.0198387","546.71484375","370.01171875","546.71484375","74FF260A939B01673667723D8351AAEDB679339610009ECB23C70E373B862D9F","profile_id=2;mode=auto-k8;block_size=65536;zstd_level=19;lzma_level=9;threads=1;process_timeout_seconds=3600","""E:\MIXER\hybridzip\build\Release\hybridzip.exe"" c --profile=r2 --r2-mode=auto-k8 --block-size=65536 ""E:\MIXER\hybridzip\results\experiments\hybridzip-r2-e5-router-320dd1b-v1\children\hybridzip-r2-e5-router-320dd1b-v1-auto-k8-b64-r1\inputs\64KiB\dickens.bin"" ""E:\MIXER\hybridzip\results\experiments\hybridzip-r2-e5-router-320dd1b-v1\children\hybridzip-r2-e5-router-320dd1b-v1-auto-k8-b64-r1\archives\64KiB\dickens.hz2""","""E:\MIXER\hybridzip\build\Release\hybridzip.exe"" d ""E:\MIXER\hybridzip\results\experiments\hybridzip-r2-e5-router-320dd1b-v1\children\hybridzip-r2-e5-router-320dd1b-v1-auto-k8-b64-r1\archives\64KiB\dickens.hz2"" ""E:\MIXER\hybridzip\results\experiments\hybridzip-r2-e5-router-320dd1b-v1\children\hybridzip-r2-e5-router-320dd1b-v1-auto-k8-b64-r1\decoded\64KiB\dickens.decoded""","0","0","2026-08-29T05:10:19.5050571+08:00","COMPLETE","PASS","paq8px-detected-sse=1","Complete R2 archive size; SHA-256 byte-exact roundtrip verified."
"e5-router","auto-k8","64","1","False","1","1","16","0","00010000","1025B343","4B1AC26C40AD4DA50312FD3B694D7E636FB768C2336FE773BC82D36424C27A4B","0:2,2:2,4:2,6:2,19:2,28:2,36:2,37:2","0","0","0","0","0","","","hybridzip-r2-e5-router-320dd1b-v1-auto-k8-b64-r1","r2-auto-k8","1","3","dickens","128","inputs/128KiB/dickens.bin","131072","20E33FCC8FAA96DC32A2D0921115C0F363E64C598A5847CE1A3876E356D59872","archives/128KiB/dickens.hz2","35166","8C0B678557066B3C1ADBACA2E450004573FDEE5901BABCDE59A526FD02E621F1","decoded/128KiB/dickens.decoded","131072","20E33FCC8FAA96DC32A2D0921115C0F363E64C598A5847CE1A3876E356D59872","127.4811496","38.8933297","546.70703125","370.0234375","546.70703125","74FF260A939B01673667723D8351AAEDB679339610009ECB23C70E373B862D9F","profile_id=2;mode=auto-k8;block_size=65536;zstd_level=19;lzma_level=9;threads=1;process_timeout_seconds=3600","""E:\MIXER\hybridzip\build\Release\hybridzip.exe"" c --profile=r2 --r2-mode=auto-k8 --block-size=65536 ""E:\MIXER\hybridzip\results\experiments\hybridzip-r2-e5-router-320dd1b-v1\children\hybridzip-r2-e5-router-320dd1b-v1-auto-k8-b64-r1\inputs\128KiB\dickens.bin"" ""E:\MIXER\hybridzip\results\experiments\hybridzip-r2-e5-router-320dd1b-v1\children\hybridzip-r2-e5-router-320dd1b-v1-auto-k8-b64-r1\archives\128KiB\dickens.hz2""","""E:\MIXER\hybridzip\build\Release\hybridzip.exe"" d ""E:\MIXER\hybridzip\results\experiments\hybridzip-r2-e5-router-320dd1b-v1\children\hybridzip-r2-e5-router-320dd1b-v1-auto-k8-b64-r1\archives\128KiB\dickens.hz2"" ""E:\MIXER\hybridzip\results\experiments\hybridzip-r2-e5-router-320dd1b-v1\children\hybridzip-r2-e5-router-320dd1b-v1-auto-k8-b64-r1\decoded\128KiB\dickens.decoded""","0","0","2026-08-29T05:11:38.3707789+08:00","COMPLETE","PASS","paq8px-detected-sse=2","Complete R2 archive size; SHA-256 byte-exact roundtrip verified."
"e5-router","auto-k8","64","1","False","1","1","8","0","00010000","1025B343","4B1AC26C40AD4DA50312FD3B694D7E636FB768C2336FE773BC82D36424C27A4B","0:1,2:1,3:1,4:1,10:1,12:1,36:1,37:1","0","0","0","0","0","","","hybridzip-r2-e5-router-320dd1b-v1-auto-k8-b64-r1","r2-auto-k8","1","4","mozilla","32","inputs/32KiB/mozilla.bin","32768","9DDEEF36CA0CA55B72FE3376D005926DFF3400A2ADE6EAE18482D8017D8645DB","archives/32KiB/mozilla.hz2","6256","2807DAFB32E2409DC96ACFC3AFE991B6F375ACEF6F0EAA118945C7E5DC66DCBD","decoded/32KiB/mozilla.decoded","32768","9DDEEF36CA0CA55B72FE3376D005926DFF3400A2ADE6EAE18482D8017D8645DB","32.1875268","12.9662136","734.0390625","733.9921875","734.0390625","74FF260A939B01673667723D8351AAEDB679339610009ECB23C70E373B862D9F","profile_id=2;mode=auto-k8;block_size=65536;zstd_level=19;lzma_level=9;threads=1;process_timeout_seconds=3600","""E:\MIXER\hybridzip\build\Release\hybridzip.exe"" c --profile=r2 --r2-mode=auto-k8 --block-size=65536 ""E:\MIXER\hybridzip\results\experiments\hybridzip-r2-e5-router-320dd1b-v1\children\hybridzip-r2-e5-router-320dd1b-v1-auto-k8-b64-r1\inputs\32KiB\mozilla.bin"" ""E:\MIXER\hybridzip\results\experiments\hybridzip-r2-e5-router-320dd1b-v1\children\hybridzip-r2-e5-router-320dd1b-v1-auto-k8-b64-r1\archives\32KiB\mozilla.hz2""","""E:\MIXER\hybridzip\build\Release\hybridzip.exe"" d ""E:\MIXER\hybridzip\results\experiments\hybridzip-r2-e5-router-320dd1b-v1\children\hybridzip-r2-e5-router-320dd1b-v1-auto-k8-b64-r1\archives\32KiB\mozilla.hz2"" ""E:\MIXER\hybridzip\results\experiments\hybridzip-r2-e5-router-320dd1b-v1\children\hybridzip-r2-e5-router-320dd1b-v1-auto-k8-b64-r1\decoded\32KiB\mozilla.decoded""","0","0","2026-08-29T05:14:24.8311625+08:00","COMPLETE","PASS","paq8px-detected-sse=1","Complete R2 archive size; SHA-256 byte-exact roundtrip verified."
"e5-router","auto-k8","64","1","False","1","1","8","0","00010000","1025B343","4B1AC26C40AD4DA50312FD3B694D7E636FB768C2336FE773BC82D36424C27A4B","0:1,2:1,3:1,4:1,10:1,12:1,36:1,37:1","0","0","0","0","0","","","hybridzip-r2-e5-router-320dd1b-v1-auto-k8-b64-r1","r2-auto-k8","1","5","mozilla","64","inputs/64KiB/mozilla.bin","65536","B0050240663F54371D372303EEABA0A59AB0758BCD565F4F639D06561E6BC996","archives/64KiB/mozilla.hz2","8856","72F9C4CCB74A7194B95A0882E07C905DAA9153229805D00B379F4758F67901A9","decoded/64KiB/mozilla.decoded","65536","B0050240663F54371D372303EEABA0A59AB0758BCD565F4F639D06561E6BC996","60.8612386","27.587636","734.0703125","551.59765625","734.0703125","74FF260A939B01673667723D8351AAEDB679339610009ECB23C70E373B862D9F","profile_id=2;mode=auto-k8;block_size=65536;zstd_level=19;lzma_level=9;threads=1;process_timeout_seconds=3600","""E:\MIXER\hybridzip\build\Release\hybridzip.exe"" c --profile=r2 --r2-mode=auto-k8 --block-size=65536 ""E:\MIXER\hybridzip\results\experiments\hybridzip-r2-e5-router-320dd1b-v1\children\hybridzip-r2-e5-router-320dd1b-v1-auto-k8-b64-r1\inputs\64KiB\mozilla.bin"" ""E:\MIXER\hybridzip\results\experiments\hybridzip-r2-e5-router-320dd1b-v1\children\hybridzip-r2-e5-router-320dd1b-v1-auto-k8-b64-r1\archives\64KiB\mozilla.hz2""","""E:\MIXER\hybridzip\build\Release\hybridzip.exe"" d ""E:\MIXER\hybridzip\results\experiments\hybridzip-r2-e5-router-320dd1b-v1\children\hybridzip-r2-e5-router-320dd1b-v1-auto-k8-b64-r1\archives\64KiB\mozilla.hz2"" ""E:\MIXER\hybridzip\results\experiments\hybridzip-r2-e5-router-320dd1b-v1\children\hybridzip-r2-e5-router-320dd1b-v1-auto-k8-b64-r1\decoded\64KiB\mozilla.decoded""","0","0","2026-08-29T05:15:10.0664170+08:00","COMPLETE","PASS","paq8px-generic-sse=1","Complete R2 archive size; SHA-256 byte-exact roundtrip verified."
"e5-router","auto-k8","64","1","False","1","1","16","0","00010000","1025B343","4B1AC26C40AD4DA50312FD3B694D7E636FB768C2336FE773BC82D36424C27A4B","0:2,2:2,3:2,4:2,10:2,12:2,36:2,37:2","0","0","0","0","0","","","hybridzip-r2-e5-router-320dd1b-v1-auto-k8-b64-r1","r2-auto-k8","1","6","mozilla","128","inputs/128KiB/mozilla.bin","131072","85CDBEA98382DB12E9A21FF90E1907452712D074000A6B855D2CA215FA591EB4","archives/128KiB/mozilla.hz2","13598","94BF323AC4CCE0F2D2DB6C2C751B350EF61F7BB14FC71CFFFEBF410DBF41349C","decoded/128KiB/mozilla.decoded","131072","85CDBEA98382DB12E9A21FF90E1907452712D074000A6B855D2CA215FA591EB4","116.2686705","54.1972581","734.06640625","551.59765625","734.06640625","74FF260A939B01673667723D8351AAEDB679339610009ECB23C70E373B862D9F","profile_id=2;mode=auto-k8;block_size=65536;zstd_level=19;lzma_level=9;threads=1;process_timeout_seconds=3600","""E:\MIXER\hybridzip\build\Release\hybridzip.exe"" c --profile=r2 --r2-mode=auto-k8 --block-size=65536 ""E:\MIXER\hybridzip\results\experiments\hybridzip-r2-e5-router-320dd1b-v1\children\hybridzip-r2-e5-router-320dd1b-v1-auto-k8-b64-r1\inputs\128KiB\mozilla.bin"" ""E:\MIXER\hybridzip\results\experiments\hybridzip-r2-e5-router-320dd1b-v1\children\hybridzip-r2-e5-router-320dd1b-v1-auto-k8-b64-r1\archives\128KiB\mozilla.hz2""","""E:\MIXER\hybridzip\build\Release\hybridzip.exe"" d ""E:\MIXER\hybridzip\results\experiments\hybridzip-r2-e5-router-320dd1b-v1\children\hybridzip-r2-e5-router-320dd1b-v1-auto-k8-b64-r1\archives\128KiB\mozilla.hz2"" ""E:\MIXER\hybridzip\results\experiments\hybridzip-r2-e5-router-320dd1b-v1\children\hybridzip-r2-e5-router-320dd1b-v1-auto-k8-b64-r1\decoded\128KiB\mozilla.decoded""","0","0","2026-08-29T05:16:38.6011591+08:00","COMPLETE","PASS","paq8px-generic-sse=2","Complete R2 archive size; SHA-256 byte-exact roundtrip verified."
"e5-router","auto-k8","64","1","False","1","1","8","0","00010000","1025B343","4B1AC26C40AD4DA50312FD3B694D7E636FB768C2336FE773BC82D36424C27A4B","0:1,2:1,3:1,4:1,10:1,12:1,36:1,37:1","0","0","0","0","0","","","hybridzip-r2-e5-router-320dd1b-v1-auto-k8-b64-r1","r2-auto-k8","1","7","mr","32","inputs/32KiB/mr.bin","32768","3BB287B0AF65F777AB00C14E362B4D1962087260556001BBEE0689AA10D9F76A","archives/32KiB/mr.hz2","5167","D8829619579EE8A74831852783153665BDB91F535C609EE18FFBFDBB50F719B1","decoded/32KiB/mr.decoded","32768","3BB287B0AF65F777AB00C14E362B4D1962087260556001BBEE0689AA10D9F76A","29.0623706","10.7501071","545.88671875","545.78515625","545.88671875","74FF260A939B01673667723D8351AAEDB679339610009ECB23C70E373B862D9F","profile_id=2;mode=auto-k8;block_size=65536;zstd_level=19;lzma_level=9;threads=1;process_timeout_seconds=3600","""E:\MIXER\hybridzip\build\Release\hybridzip.exe"" c --profile=r2 --r2-mode=auto-k8 --block-size=65536 ""E:\MIXER\hybridzip\results\experiments\hybridzip-r2-e5-router-320dd1b-v1\children\hybridzip-r2-e5-router-320dd1b-v1-auto-k8-b64-r1\inputs\32KiB\mr.bin"" ""E:\MIXER\hybridzip\results\experiments\hybridzip-r2-e5-router-320dd1b-v1\children\hybridzip-r2-e5-router-320dd1b-v1-auto-k8-b64-r1\archives\32KiB\mr.hz2""","""E:\MIXER\hybridzip\build\Release\hybridzip.exe"" d ""E:\MIXER\hybridzip\results\experiments\hybridzip-r2-e5-router-320dd1b-v1\children\hybridzip-r2-e5-router-320dd1b-v1-auto-k8-b64-r1\archives\32KiB\mr.hz2"" ""E:\MIXER\hybridzip\results\experiments\hybridzip-r2-e5-router-320dd1b-v1\children\hybridzip-r2-e5-router-320dd1b-v1-auto-k8-b64-r1\decoded\32KiB\mr.decoded""","0","0","2026-08-29T05:19:29.1494680+08:00","COMPLETE","PASS","paq8px-generic-sse=1","Complete R2 archive size; SHA-256 byte-exact roundtrip verified."
"e5-router","auto-k8","64","1","False","1","1","8","0","00010000","1025B343","4B1AC26C40AD4DA50312FD3B694D7E636FB768C2336FE773BC82D36424C27A4B","0:1,2:1,3:1,4:1,10:1,12:1,36:1,37:1","0","0","0","0","0","","","hybridzip-r2-e5-router-320dd1b-v1-auto-k8-b64-r1","r2-auto-k8","1","8","mr","64","inputs/64KiB/mr.bin","65536","CAB7B6408934009A4BBFEDB57BEB4943BF5478CF8B3688D01F004E0422EBC651","archives/64KiB/mr.hz2","10732","DDC9BECE8F1EFA2291399EBC9F5604456E9204AA575D3D6EAD7FB428ACD4CA4C","decoded/64KiB/mr.decoded","65536","CAB7B6408934009A4BBFEDB57BEB4943BF5478CF8B3688D01F004E0422EBC651","76.354143","34.0726327","546.1171875","545.98046875","546.1171875","74FF260A939B01673667723D8351AAEDB679339610009ECB23C70E373B862D9F","profile_id=2;mode=auto-k8;block_size=65536;zstd_level=19;lzma_level=9;threads=1;process_timeout_seconds=3600","""E:\MIXER\hybridzip\build\Release\hybridzip.exe"" c --profile=r2 --r2-mode=auto-k8 --block-size=65536 ""E:\MIXER\hybridzip\results\experiments\hybridzip-r2-e5-router-320dd1b-v1\children\hybridzip-r2-e5-router-320dd1b-v1-auto-k8-b64-r1\inputs\64KiB\mr.bin"" ""E:\MIXER\hybridzip\results\experiments\hybridzip-r2-e5-router-320dd1b-v1\children\hybridzip-r2-e5-router-320dd1b-v1-auto-k8-b64-r1\archives\64KiB\mr.hz2""","""E:\MIXER\hybridzip\build\Release\hybridzip.exe"" d ""E:\MIXER\hybridzip\results\experiments\hybridzip-r2-e5-router-320dd1b-v1\children\hybridzip-r2-e5-router-320dd1b-v1-auto-k8-b64-r1\archives\64KiB\mr.hz2"" ""E:\MIXER\hybridzip\results\experiments\hybridzip-r2-e5-router-320dd1b-v1\children\hybridzip-r2-e5-router-320dd1b-v1-auto-k8-b64-r1\decoded\64KiB\mr.decoded""","0","0","2026-08-29T05:20:09.0449905+08:00","COMPLETE","PASS","paq8px-generic-sse=1","Complete R2 archive size; SHA-256 byte-exact roundtrip verified."
"e5-router","auto-k8","64","1","False","1","1","16","0","00010000","1025B343","4B1AC26C40AD4DA50312FD3B694D7E636FB768C2336FE773BC82D36424C27A4B","0:2,2:2,3:2,4:2,10:2,12:2,36:2,37:2","0","0","0","0","0","","","hybridzip-r2-e5-router-320dd1b-v1-auto-k8-b64-r1","r2-auto-k8","1","9","mr","128","inputs/128KiB/mr.bin","131072","473A6A883480C7B2E69402AD888AC07B347C2DF61C6AA0D84E8B8130A27792EA","archives/128KiB/mr.hz2","21814","BD767D1E761570C1349A5124FECCDCE81E6CA3C923F79D4A80B5C2C3D48E0E3B","decoded/128KiB/mr.decoded","131072","473A6A883480C7B2E69402AD888AC07B347C2DF61C6AA0D84E8B8130A27792EA","134.4032565","63.5983521","546.1171875","545.9765625","546.1171875","74FF260A939B01673667723D8351AAEDB679339610009ECB23C70E373B862D9F","profile_id=2;mode=auto-k8;block_size=65536;zstd_level=19;lzma_level=9;threads=1;process_timeout_seconds=3600","""E:\MIXER\hybridzip\build\Release\hybridzip.exe"" c --profile=r2 --r2-mode=auto-k8 --block-size=65536 ""E:\MIXER\hybridzip\results\experiments\hybridzip-r2-e5-router-320dd1b-v1\children\hybridzip-r2-e5-router-320dd1b-v1-auto-k8-b64-r1\inputs\128KiB\mr.bin"" ""E:\MIXER\hybridzip\results\experiments\hybridzip-r2-e5-router-320dd1b-v1\children\hybridzip-r2-e5-router-320dd1b-v1-auto-k8-b64-r1\archives\128KiB\mr.hz2""","""E:\MIXER\hybridzip\build\Release\hybridzip.exe"" d ""E:\MIXER\hybridzip\results\experiments\hybridzip-r2-e5-router-320dd1b-v1\children\hybridzip-r2-e5-router-320dd1b-v1-auto-k8-b64-r1\archives\128KiB\mr.hz2"" ""E:\MIXER\hybridzip\results\experiments\hybridzip-r2-e5-router-320dd1b-v1\children\hybridzip-r2-e5-router-320dd1b-v1-auto-k8-b64-r1\decoded\128KiB\mr.decoded""","0","0","2026-08-29T05:21:59.5571372+08:00","COMPLETE","PASS","paq8px-generic-sse=2","Complete R2 archive size; SHA-256 byte-exact roundtrip verified."
"e5-router","auto-k8","64","1","False","1","1","8","0","00010000","1025B343","4B1AC26C40AD4DA50312FD3B694D7E636FB768C2336FE773BC82D36424C27A4B","0:1,2:1,4:1,6:1,19:1,28:1,36:1,37:1","0","0","0","0","0","","","hybridzip-r2-e5-router-320dd1b-v1-auto-k8-b64-r1","r2-auto-k8","1","10","nci","32","inputs/32KiB/nci.bin","32768","0D3034FE8B0E573DE1439ED98CE409B83B13E5895085C9BFB0BF980F4962FB79","archives/32KiB/nci.hz2","1341","678E33A41DCF66B8D195990EC59425F468F104AB64BA868623DCE6783BF92DDA","decoded/32KiB/nci.decoded","32768","0D3034FE8B0E573DE1439ED98CE409B83B13E5895085C9BFB0BF980F4962FB79","14.0960071","4.0933085","540.890625","361.78515625","540.890625","74FF260A939B01673667723D8351AAEDB679339610009ECB23C70E373B862D9F","profile_id=2;mode=auto-k8;block_size=65536;zstd_level=19;lzma_level=9;threads=1;process_timeout_seconds=3600","""E:\MIXER\hybridzip\build\Release\hybridzip.exe"" c --profile=r2 --r2-mode=auto-k8 --block-size=65536 ""E:\MIXER\hybridzip\results\experiments\hybridzip-r2-e5-router-320dd1b-v1\children\hybridzip-r2-e5-router-320dd1b-v1-auto-k8-b64-r1\inputs\32KiB\nci.bin"" ""E:\MIXER\hybridzip\results\experiments\hybridzip-r2-e5-router-320dd1b-v1\children\hybridzip-r2-e5-router-320dd1b-v1-auto-k8-b64-r1\archives\32KiB\nci.hz2""","""E:\MIXER\hybridzip\build\Release\hybridzip.exe"" d ""E:\MIXER\hybridzip\results\experiments\hybridzip-r2-e5-router-320dd1b-v1\children\hybridzip-r2-e5-router-320dd1b-v1-auto-k8-b64-r1\archives\32KiB\nci.hz2"" ""E:\MIXER\hybridzip\results\experiments\hybridzip-r2-e5-router-320dd1b-v1\children\hybridzip-r2-e5-router-320dd1b-v1-auto-k8-b64-r1\decoded\32KiB\nci.decoded""","0","0","2026-08-29T05:25:17.6448504+08:00","COMPLETE","PASS","paq8px-detected-sse=1","Complete R2 archive size; SHA-256 byte-exact roundtrip verified."
"e5-router","auto-k8","64","1","False","1","1","8","0","00010000","1025B343","4B1AC26C40AD4DA50312FD3B694D7E636FB768C2336FE773BC82D36424C27A4B","0:1,2:1,4:1,6:1,19:1,28:1,36:1,37:1","0","0","0","0","0","","","hybridzip-r2-e5-router-320dd1b-v1-auto-k8-b64-r1","r2-auto-k8","1","11","nci","64","inputs/64KiB/nci.bin","65536","B01B411AC3B5CE2FBF37242C0C59D2D236D2F7039937C1B1A0F18F4CC02549FE","archives/64KiB/nci.hz2","2058","A647C28FCE20ED4B7B5082627DE6AFFC1187BFB23D03C752A3298CDDB2805BE4","decoded/64KiB/nci.decoded","65536","B01B411AC3B5CE2FBF37242C0C59D2D236D2F7039937C1B1A0F18F4CC02549FE","32.7022084","7.8765038","542.40234375","364.07421875","542.40234375","74FF260A939B01673667723D8351AAEDB679339610009ECB23C70E373B862D9F","profile_id=2;mode=auto-k8;block_size=65536;zstd_level=19;lzma_level=9;threads=1;process_timeout_seconds=3600","""E:\MIXER\hybridzip\build\Release\hybridzip.exe"" c --profile=r2 --r2-mode=auto-k8 --block-size=65536 ""E:\MIXER\hybridzip\results\experiments\hybridzip-r2-e5-router-320dd1b-v1\children\hybridzip-r2-e5-router-320dd1b-v1-auto-k8-b64-r1\inputs\64KiB\nci.bin"" ""E:\MIXER\hybridzip\results\experiments\hybridzip-r2-e5-router-320dd1b-v1\children\hybridzip-r2-e5-router-320dd1b-v1-auto-k8-b64-r1\archives\64KiB\nci.hz2""","""E:\MIXER\hybridzip\build\Release\hybridzip.exe"" d ""E:\MIXER\hybridzip\results\experiments\hybridzip-r2-e5-router-320dd1b-v1\children\hybridzip-r2-e5-router-320dd1b-v1-auto-k8-b64-r1\archives\64KiB\nci.hz2"" ""E:\MIXER\hybridzip\results\experiments\hybridzip-r2-e5-router-320dd1b-v1\children\hybridzip-r2-e5-router-320dd1b-v1-auto-k8-b64-r1\decoded\64KiB\nci.decoded""","0","0","2026-08-29T05:25:35.9161716+08:00","COMPLETE","PASS","paq8px-detected-sse=1","Complete R2 archive size; SHA-256 byte-exact roundtrip verified."
"e5-router","auto-k8","64","1","False","1","1","16","0","00010000","1025B343","4B1AC26C40AD4DA50312FD3B694D7E636FB768C2336FE773BC82D36424C27A4B","0:2,2:2,4:2,6:2,19:2,28:2,36:2,37:2","0","0","0","0","0","","","hybridzip-r2-e5-router-320dd1b-v1-auto-k8-b64-r1","r2-auto-k8","1","12","nci","128","inputs/128KiB/nci.bin","131072","C8A1D610355E5EF900ED4C704DF14ADF1935D95DFD8F1740AC9FD90FC9BF5781","archives/128KiB/nci.hz2","4773","E34010CAD2FE534BEC16A93C39D4E8300CC3B7BDB86359CE54A1B364B4B4329A","decoded/128KiB/nci.decoded","131072","C8A1D610355E5EF900ED4C704DF14ADF1935D95DFD8F1740AC9FD90FC9BF5781","71.6831542","20.8388173","544.05078125","366.33203125","544.05078125","74FF260A939B01673667723D8351AAEDB679339610009ECB23C70E373B862D9F","profile_id=2;mode=auto-k8;block_size=65536;zstd_level=19;lzma_level=9;threads=1;process_timeout_seconds=3600","""E:\MIXER\hybridzip\build\Release\hybridzip.exe"" c --profile=r2 --r2-mode=auto-k8 --block-size=65536 ""E:\MIXER\hybridzip\results\experiments\hybridzip-r2-e5-router-320dd1b-v1\children\hybridzip-r2-e5-router-320dd1b-v1-auto-k8-b64-r1\inputs\128KiB\nci.bin"" ""E:\MIXER\hybridzip\results\experiments\hybridzip-r2-e5-router-320dd1b-v1\children\hybridzip-r2-e5-router-320dd1b-v1-auto-k8-b64-r1\archives\128KiB\nci.hz2""","""E:\MIXER\hybridzip\build\Release\hybridzip.exe"" d ""E:\MIXER\hybridzip\results\experiments\hybridzip-r2-e5-router-320dd1b-v1\children\hybridzip-r2-e5-router-320dd1b-v1-auto-k8-b64-r1\archives\128KiB\nci.hz2"" ""E:\MIXER\hybridzip\results\experiments\hybridzip-r2-e5-router-320dd1b-v1\children\hybridzip-r2-e5-router-320dd1b-v1-auto-k8-b64-r1\decoded\128KiB\nci.decoded""","0","0","2026-08-29T05:26:16.5800159+08:00","COMPLETE","PASS","paq8px-detected-sse=2","Complete R2 archive size; SHA-256 byte-exact roundtrip verified."
"e5-router","auto-k8","64","1","False","1","1","8","0","00010000","1025B343","4B1AC26C40AD4DA50312FD3B694D7E636FB768C2336FE773BC82D36424C27A4B","0:1,2:1,3:1,4:1,10:1,12:1,36:1,37:1","0","0","0","0","0","","","hybridzip-r2-e5-router-320dd1b-v1-auto-k8-b64-r1","r2-auto-k8","1","13","ooffice","32","inputs/32KiB/ooffice.bin","32768","2ACF9B4CAAEAC5814CDFEF0FA48A5ECE857C847DBDB7B44EEAB95CA3C098921C","archives/32KiB/ooffice.hz2","8097","0F4DE6DD6DE3130274BD45710A1EA770DB2A0CC044725E23D98928AD989F6630","decoded/32KiB/ooffice.decoded","32768","2ACF9B4CAAEAC5814CDFEF0FA48A5ECE857C847DBDB7B44EEAB95CA3C098921C","38.1098116","16.2098687","551.2578125","551.14453125","551.2578125","74FF260A939B01673667723D8351AAEDB679339610009ECB23C70E373B862D9F","profile_id=2;mode=auto-k8;block_size=65536;zstd_level=19;lzma_level=9;threads=1;process_timeout_seconds=3600","""E:\MIXER\hybridzip\build\Release\hybridzip.exe"" c --profile=r2 --r2-mode=auto-k8 --block-size=65536 ""E:\MIXER\hybridzip\results\experiments\hybridzip-r2-e5-router-320dd1b-v1\children\hybridzip-r2-e5-router-320dd1b-v1-auto-k8-b64-r1\inputs\32KiB\ooffice.bin"" ""E:\MIXER\hybridzip\results\experiments\hybridzip-r2-e5-router-320dd1b-v1\children\hybridzip-r2-e5-router-320dd1b-v1-auto-k8-b64-r1\archives\32KiB\ooffice.hz2""","""E:\MIXER\hybridzip\build\Release\hybridzip.exe"" d ""E:\MIXER\hybridzip\results\experiments\hybridzip-r2-e5-router-320dd1b-v1\children\hybridzip-r2-e5-router-320dd1b-v1-auto-k8-b64-r1\archives\32KiB\ooffice.hz2"" ""E:\MIXER\hybridzip\results\experiments\hybridzip-r2-e5-router-320dd1b-v1\children\hybridzip-r2-e5-router-320dd1b-v1-auto-k8-b64-r1\decoded\32KiB\ooffice.decoded""","0","0","2026-08-29T05:27:49.1874989+08:00","COMPLETE","PASS","paq8px-generic-sse=1","Complete R2 archive size; SHA-256 byte-exact roundtrip verified."
"e5-router","auto-k8","64","1","False","1","1","8","0","00010000","1025B343","4B1AC26C40AD4DA50312FD3B694D7E636FB768C2336FE773BC82D36424C27A4B","0:1,2:1,3:1,4:1,10:1,12:1,36:1,37:1","0","0","0","0","0","","","hybridzip-r2-e5-router-320dd1b-v1-auto-k8-b64-r1","r2-auto-k8","1","14","ooffice","64","inputs/64KiB/ooffice.bin","65536","9D30521922187D0A26F56CF2DF85001F9585D0D4EC6A0A8797466AFCC367F825","archives/64KiB/ooffice.hz2","19134","C0B99FE8D82BEB28A1931CE7ED7B499CC7E02E8FCDA8C6B3B54DBB6F9120942C","decoded/64KiB/ooffice.decoded","65536","9D30521922187D0A26F56CF2DF85001F9585D0D4EC6A0A8797466AFCC367F825","87.6703053","41.0833131","552.8515625","552.73828125","552.8515625","74FF260A939B01673667723D8351AAEDB679339610009ECB23C70E373B862D9F","profile_id=2;mode=auto-k8;block_size=65536;zstd_level=19;lzma_level=9;threads=1;process_timeout_seconds=3600","""E:\MIXER\hybridzip\build\Release\hybridzip.exe"" c --profile=r2 --r2-mode=auto-k8 --block-size=65536 ""E:\MIXER\hybridzip\results\experiments\hybridzip-r2-e5-router-320dd1b-v1\children\hybridzip-r2-e5-router-320dd1b-v1-auto-k8-b64-r1\inputs\64KiB\ooffice.bin"" ""E:\MIXER\hybridzip\results\experiments\hybridzip-r2-e5-router-320dd1b-v1\children\hybridzip-r2-e5-router-320dd1b-v1-auto-k8-b64-r1\archives\64KiB\ooffice.hz2""","""E:\MIXER\hybridzip\build\Release\hybridzip.exe"" d ""E:\MIXER\hybridzip\results\experiments\hybridzip-r2-e5-router-320dd1b-v1\children\hybridzip-r2-e5-router-320dd1b-v1-auto-k8-b64-r1\archives\64KiB\ooffice.hz2"" ""E:\MIXER\hybridzip\results\experiments\hybridzip-r2-e5-router-320dd1b-v1\children\hybridzip-r2-e5-router-320dd1b-v1-auto-k8-b64-r1\decoded\64KiB\ooffice.decoded""","0","0","2026-08-29T05:28:43.6073521+08:00","COMPLETE","PASS","paq8px-detected-sse=1","Complete R2 archive size; SHA-256 byte-exact roundtrip verified."
"e5-router","auto-k8","64","1","False","1","1","16","0","00010000","1025B343","4B1AC26C40AD4DA50312FD3B694D7E636FB768C2336FE773BC82D36424C27A4B","0:2,2:2,3:2,4:2,10:2,12:2,36:2,37:2","0","0","0","0","0","","","hybridzip-r2-e5-router-320dd1b-v1-auto-k8-b64-r1","r2-auto-k8","1","15","ooffice","128","inputs/128KiB/ooffice.bin","131072","09FA5F3EE5311528863F8C3FADA3B530CC24AC1D88128E4DB2BF434161879FEF","archives/128KiB/ooffice.hz2","42441","FF68CFA071A3E97BF179CC371A9078C89D621074E2548B7B5D56A7B296D76465","decoded/128KiB/ooffice.decoded","131072","09FA5F3EE5311528863F8C3FADA3B530CC24AC1D88128E4DB2BF434161879FEF","188.8445342","91.6276264","552.8671875","552.7265625","552.8671875","74FF260A939B01673667723D8351AAEDB679339610009ECB23C70E373B862D9F","profile_id=2;mode=auto-k8;block_size=65536;zstd_level=19;lzma_level=9;threads=1;process_timeout_seconds=3600","""E:\MIXER\hybridzip\build\Release\hybridzip.exe"" c --profile=r2 --r2-mode=auto-k8 --block-size=65536 ""E:\MIXER\hybridzip\results\experiments\hybridzip-r2-e5-router-320dd1b-v1\children\hybridzip-r2-e5-router-320dd1b-v1-auto-k8-b64-r1\inputs\128KiB\ooffice.bin"" ""E:\MIXER\hybridzip\results\experiments\hybridzip-r2-e5-router-320dd1b-v1\children\hybridzip-r2-e5-router-320dd1b-v1-auto-k8-b64-r1\archives\128KiB\ooffice.hz2""","""E:\MIXER\hybridzip\build\Release\hybridzip.exe"" d ""E:\MIXER\hybridzip\results\experiments\hybridzip-r2-e5-router-320dd1b-v1\children\hybridzip-r2-e5-router-320dd1b-v1-auto-k8-b64-r1\archives\128KiB\ooffice.hz2"" ""E:\MIXER\hybridzip\results\experiments\hybridzip-r2-e5-router-320dd1b-v1\children\hybridzip-r2-e5-router-320dd1b-v1-auto-k8-b64-r1\decoded\128KiB\ooffice.decoded""","0","0","2026-08-29T05:30:52.4588747+08:00","COMPLETE","PASS","paq8px-detected-sse=2","Complete R2 archive size; SHA-256 byte-exact roundtrip verified."
"e5-router","auto-k8","64","1","False","1","1","8","0","00010000","1025B343","4B1AC26C40AD4DA50312FD3B694D7E636FB768C2336FE773BC82D36424C27A4B","0:1,2:1,4:1,6:1,19:1,28:1,36:1,37:1","0","0","0","0","0","","","hybridzip-r2-e5-router-320dd1b-v1-auto-k8-b64-r1","r2-auto-k8","1","16","osdb","32","inputs/32KiB/osdb.bin","32768","03B2C20B777682CD960BCD893D7A4463161D9C0200FD1708B2EFAE32A259D0B7","archives/32KiB/osdb.hz2","11420","279669EBF23548953045419EF810A7AAF44162FCBFEB0D3F970FE485F709E9EA","decoded/32KiB/osdb.decoded","32768","03B2C20B777682CD960BCD893D7A4463161D9C0200FD1708B2EFAE32A259D0B7","41.5406627","18.0265319","548.4296875","548.3046875","548.4296875","74FF260A939B01673667723D8351AAEDB679339610009ECB23C70E373B862D9F","profile_id=2;mode=auto-k8;block_size=65536;zstd_level=19;lzma_level=9;threads=1;process_timeout_seconds=3600","""E:\MIXER\hybridzip\build\Release\hybridzip.exe"" c --profile=r2 --r2-mode=auto-k8 --block-size=65536 ""E:\MIXER\hybridzip\results\experiments\hybridzip-r2-e5-router-320dd1b-v1\children\hybridzip-r2-e5-router-320dd1b-v1-auto-k8-b64-r1\inputs\32KiB\osdb.bin"" ""E:\MIXER\hybridzip\results\experiments\hybridzip-r2-e5-router-320dd1b-v1\children\hybridzip-r2-e5-router-320dd1b-v1-auto-k8-b64-r1\archives\32KiB\osdb.hz2""","""E:\MIXER\hybridzip\build\Release\hybridzip.exe"" d ""E:\MIXER\hybridzip\results\experiments\hybridzip-r2-e5-router-320dd1b-v1\children\hybridzip-r2-e5-router-320dd1b-v1-auto-k8-b64-r1\archives\32KiB\osdb.hz2"" ""E:\MIXER\hybridzip\results\experiments\hybridzip-r2-e5-router-320dd1b-v1\children\hybridzip-r2-e5-router-320dd1b-v1-auto-k8-b64-r1\decoded\32KiB\osdb.decoded""","0","0","2026-08-29T05:35:33.0248040+08:00","COMPLETE","PASS","paq8px-generic-sse=1","Complete R2 archive size; SHA-256 byte-exact roundtrip verified."
"e5-router","auto-k8","64","1","False","1","1","8","0","00010000","1025B343","4B1AC26C40AD4DA50312FD3B694D7E636FB768C2336FE773BC82D36424C27A4B","0:1,2:1,4:1,6:1,19:1,28:1,36:1,37:1","0","0","0","0","0","","","hybridzip-r2-e5-router-320dd1b-v1-auto-k8-b64-r1","r2-auto-k8","1","17","osdb","64","inputs/64KiB/osdb.bin","65536","F8FE629325A07588118BA0B65880A87DED43EF249CCBC91F0E977BBACAE0C125","archives/64KiB/osdb.hz2","18994","41D55EEDD7DBFC38DEB629A8FF61F547B78898D691F4EF34E343A61C35247550","decoded/64KiB/osdb.decoded","65536","F8FE629325A07588118BA0B65880A87DED43EF249CCBC91F0E977BBACAE0C125","81.3760898","37.8351897","549.921875","549.74609375","549.921875","74FF260A939B01673667723D8351AAEDB679339610009ECB23C70E373B862D9F","profile_id=2;mode=auto-k8;block_size=65536;zstd_level=19;lzma_level=9;threads=1;process_timeout_seconds=3600","""E:\MIXER\hybridzip\build\Release\hybridzip.exe"" c --profile=r2 --r2-mode=auto-k8 --block-size=65536 ""E:\MIXER\hybridzip\results\experiments\hybridzip-r2-e5-router-320dd1b-v1\children\hybridzip-r2-e5-router-320dd1b-v1-auto-k8-b64-r1\inputs\64KiB\osdb.bin"" ""E:\MIXER\hybridzip\results\experiments\hybridzip-r2-e5-router-320dd1b-v1\children\hybridzip-r2-e5-router-320dd1b-v1-auto-k8-b64-r1\archives\64KiB\osdb.hz2""","""E:\MIXER\hybridzip\build\Release\hybridzip.exe"" d ""E:\MIXER\hybridzip\results\experiments\hybridzip-r2-e5-router-320dd1b-v1\children\hybridzip-r2-e5-router-320dd1b-v1-auto-k8-b64-r1\archives\64KiB\osdb.hz2"" ""E:\MIXER\hybridzip\results\experiments\hybridzip-r2-e5-router-320dd1b-v1\children\hybridzip-r2-e5-router-320dd1b-v1-auto-k8-b64-r1\decoded\64KiB\osdb.decoded""","0","0","2026-08-29T05:36:32.6742283+08:00","COMPLETE","PASS","paq8px-generic-sse=1","Complete R2 archive size; SHA-256 byte-exact roundtrip verified."
"e5-router","auto-k8","64","1","False","1","1","16","0","00010000","1025B343","4B1AC26C40AD4DA50312FD3B694D7E636FB768C2336FE773BC82D36424C27A4B","0:2,2:2,4:2,6:2,19:2,28:2,36:2,37:2","0","0","0","0","0","","","hybridzip-r2-e5-router-320dd1b-v1-auto-k8-b64-r1","r2-auto-k8","1","18","osdb","128","inputs/128KiB/osdb.bin","131072","D977E72AE13AEFC36A4B6171A895E26A0E6EEE447B1B9FBE868D7B1C046CC91F","archives/128KiB/osdb.hz2","38016","CC75DD75A733F90C78C2599A56E9C60DA98ED8A24EAF0F52271FA15B3E027CF4","decoded/128KiB/osdb.decoded","131072","D977E72AE13AEFC36A4B6171A895E26A0E6EEE447B1B9FBE868D7B1C046CC91F","168.582935","81.4147072","550.6640625","549.75","550.6640625","74FF260A939B01673667723D8351AAEDB679339610009ECB23C70E373B862D9F","profile_id=2;mode=auto-k8;block_size=65536;zstd_level=19;lzma_level=9;threads=1;process_timeout_seconds=3600","""E:\MIXER\hybridzip\build\Release\hybridzip.exe"" c --profile=r2 --r2-mode=auto-k8 --block-size=65536 ""E:\MIXER\hybridzip\results\experiments\hybridzip-r2-e5-router-320dd1b-v1\children\hybridzip-r2-e5-router-320dd1b-v1-auto-k8-b64-r1\inputs\128KiB\osdb.bin"" ""E:\MIXER\hybridzip\results\experiments\hybridzip-r2-e5-router-320dd1b-v1\children\hybridzip-r2-e5-router-320dd1b-v1-auto-k8-b64-r1\archives\128KiB\osdb.hz2""","""E:\MIXER\hybridzip\build\Release\hybridzip.exe"" d ""E:\MIXER\hybridzip\results\experiments\hybridzip-r2-e5-router-320dd1b-v1\children\hybridzip-r2-e5-router-320dd1b-v1-auto-k8-b64-r1\archives\128KiB\osdb.hz2"" ""E:\MIXER\hybridzip\results\experiments\hybridzip-r2-e5-router-320dd1b-v1\children\hybridzip-r2-e5-router-320dd1b-v1-auto-k8-b64-r1\decoded\128KiB\osdb.decoded""","0","0","2026-08-29T05:38:31.9697787+08:00","COMPLETE","PASS","paq8px-generic-sse=2","Complete R2 archive size; SHA-256 byte-exact roundtrip verified."
"e5-router","auto-k8","64","1","False","1","1","8","0","00010000","1025B343","4B1AC26C40AD4DA50312FD3B694D7E636FB768C2336FE773BC82D36424C27A4B","0:1,2:1,4:1,6:1,19:1,28:1,36:1,37:1","0","0","0","0","0","","","hybridzip-r2-e5-router-320dd1b-v1-auto-k8-b64-r1","r2-auto-k8","1","19","reymont","32","inputs/32KiB/reymont.bin","32768","9D5E4B9340C2260DAE7DDB01B3EDA58236FF2DE5E1FF4D56767AA840B6FB1A87","archives/32KiB/reymont.hz2","5679","C28FE6E7FA1F83DD6A4C0455BDC672B0B5CA34DFEB791738578F5F52E8FBCD17","decoded/32KiB/reymont.decoded","32768","9D5E4B9340C2260DAE7DDB01B3EDA58236FF2DE5E1FF4D56767AA840B6FB1A87","23.4588281","5.7688615","544.73828125","369.140625","544.73828125","74FF260A939B01673667723D8351AAEDB679339610009ECB23C70E373B862D9F","profile_id=2;mode=auto-k8;block_size=65536;zstd_level=19;lzma_level=9;threads=1;process_timeout_seconds=3600","""E:\MIXER\hybridzip\build\Release\hybridzip.exe"" c --profile=r2 --r2-mode=auto-k8 --block-size=65536 ""E:\MIXER\hybridzip\results\experiments\hybridzip-r2-e5-router-320dd1b-v1\children\hybridzip-r2-e5-router-320dd1b-v1-auto-k8-b64-r1\inputs\32KiB\reymont.bin"" ""E:\MIXER\hybridzip\results\experiments\hybridzip-r2-e5-router-320dd1b-v1\children\hybridzip-r2-e5-router-320dd1b-v1-auto-k8-b64-r1\archives\32KiB\reymont.hz2""","""E:\MIXER\hybridzip\build\Release\hybridzip.exe"" d ""E:\MIXER\hybridzip\results\experiments\hybridzip-r2-e5-router-320dd1b-v1\children\hybridzip-r2-e5-router-320dd1b-v1-auto-k8-b64-r1\archives\32KiB\reymont.hz2"" ""E:\MIXER\hybridzip\results\experiments\hybridzip-r2-e5-router-320dd1b-v1\children\hybridzip-r2-e5-router-320dd1b-v1-auto-k8-b64-r1\decoded\32KiB\reymont.decoded""","0","0","2026-08-29T05:42:42.0618060+08:00","COMPLETE","PASS","paq8px-detected-sse=1","Complete R2 archive size; SHA-256 byte-exact roundtrip verified."
"e5-router","auto-k8","64","1","False","1","1","8","0","00010000","1025B343","4B1AC26C40AD4DA50312FD3B694D7E636FB768C2336FE773BC82D36424C27A4B","0:1,2:1,4:1,6:1,19:1,28:1,36:1,37:1","0","0","0","0","0","","","hybridzip-r2-e5-router-320dd1b-v1-auto-k8-b64-r1","r2-auto-k8","1","20","reymont","64","inputs/64KiB/reymont.bin","65536","A5ECAAABB133F1ADF8DE6062BE6381D143E87F9F8050EEA9B5BE6F92B88C3C22","archives/64KiB/reymont.hz2","10629","4D47217E410F82C8489A1BD62A2720C7EF3C950137EAD6C3AE2079EB49F89984","decoded/64KiB/reymont.decoded","65536","A5ECAAABB133F1ADF8DE6062BE6381D143E87F9F8050EEA9B5BE6F92B88C3C22","50.2489406","13.3879025","545.14453125","369.7890625","545.14453125","74FF260A939B01673667723D8351AAEDB679339610009ECB23C70E373B862D9F","profile_id=2;mode=auto-k8;block_size=65536;zstd_level=19;lzma_level=9;threads=1;process_timeout_seconds=3600","""E:\MIXER\hybridzip\build\Release\hybridzip.exe"" c --profile=r2 --r2-mode=auto-k8 --block-size=65536 ""E:\MIXER\hybridzip\results\experiments\hybridzip-r2-e5-router-320dd1b-v1\children\hybridzip-r2-e5-router-320dd1b-v1-auto-k8-b64-r1\inputs\64KiB\reymont.bin"" ""E:\MIXER\hybridzip\results\experiments\hybridzip-r2-e5-router-320dd1b-v1\children\hybridzip-r2-e5-router-320dd1b-v1-auto-k8-b64-r1\archives\64KiB\reymont.hz2""","""E:\MIXER\hybridzip\build\Release\hybridzip.exe"" d ""E:\MIXER\hybridzip\results\experiments\hybridzip-r2-e5-router-320dd1b-v1\children\hybridzip-r2-e5-router-320dd1b-v1-auto-k8-b64-r1\archives\64KiB\reymont.hz2"" ""E:\MIXER\hybridzip\results\experiments\hybridzip-r2-e5-router-320dd1b-v1\children\hybridzip-r2-e5-router-320dd1b-v1-auto-k8-b64-r1\decoded\64KiB\reymont.decoded""","0","0","2026-08-29T05:43:11.3807217+08:00","COMPLETE","PASS","paq8px-detected-sse=1","Complete R2 archive size; SHA-256 byte-exact roundtrip verified."
"e5-router","auto-k8","64","1","False","1","1","16","0","00010000","1025B343","4B1AC26C40AD4DA50312FD3B694D7E636FB768C2336FE773BC82D36424C27A4B","0:2,2:2,4:2,6:2,19:2,28:2,36:2,37:2","0","0","0","0","0","","","hybridzip-r2-e5-router-320dd1b-v1-auto-k8-b64-r1","r2-auto-k8","1","21","reymont","128","inputs/128KiB/reymont.bin","131072","A6CA7478854C1E80DFEAF9FB3444B357F9D7625E55232FAE3B3632A5A1217DEA","archives/128KiB/reymont.hz2","21488","2C59D363C21720E1731685FE5B134406AA0ECE324EEBF0D27A0376638D7F7601","decoded/128KiB/reymont.decoded","131072","A6CA7478854C1E80DFEAF9FB3444B357F9D7625E55232FAE3B3632A5A1217DEA","105.6282174","31.7635443","545.97265625","369.8125","545.97265625","74FF260A939B01673667723D8351AAEDB679339610009ECB23C70E373B862D9F","profile_id=2;mode=auto-k8;block_size=65536;zstd_level=19;lzma_level=9;threads=1;process_timeout_seconds=3600","""E:\MIXER\hybridzip\build\Release\hybridzip.exe"" c --profile=r2 --r2-mode=auto-k8 --block-size=65536 ""E:\MIXER\hybridzip\results\experiments\hybridzip-r2-e5-router-320dd1b-v1\children\hybridzip-r2-e5-router-320dd1b-v1-auto-k8-b64-r1\inputs\128KiB\reymont.bin"" ""E:\MIXER\hybridzip\results\experiments\hybridzip-r2-e5-router-320dd1b-v1\children\hybridzip-r2-e5-router-320dd1b-v1-auto-k8-b64-r1\archives\128KiB\reymont.hz2""","""E:\MIXER\hybridzip\build\Release\hybridzip.exe"" d ""E:\MIXER\hybridzip\results\experiments\hybridzip-r2-e5-router-320dd1b-v1\children\hybridzip-r2-e5-router-320dd1b-v1-auto-k8-b64-r1\archives\128KiB\reymont.hz2"" ""E:\MIXER\hybridzip\results\experiments\hybridzip-r2-e5-router-320dd1b-v1\children\hybridzip-r2-e5-router-320dd1b-v1-auto-k8-b64-r1\decoded\128KiB\reymont.decoded""","0","0","2026-08-29T05:44:15.1028486+08:00","COMPLETE","PASS","paq8px-detected-sse=2","Complete R2 archive size; SHA-256 byte-exact roundtrip verified."
"e5-router","auto-k8","64","1","False","1","1","8","0","00010000","1025B343","4B1AC26C40AD4DA50312FD3B694D7E636FB768C2336FE773BC82D36424C27A4B","0:1,2:1,4:1,6:1,19:1,28:1,36:1,37:1","0","0","0","0","0","","","hybridzip-r2-e5-router-320dd1b-v1-auto-k8-b64-r1","r2-auto-k8","1","22","samba","32","inputs/32KiB/samba.bin","32768","9C4F5BEE544E4531E4946E62F796987418B4526911C34877EF282F14DD57AD12","archives/32KiB/samba.hz2","7956","34AFF36D5F1B58FF637F6382E16DD199165902F5EAEE2815EFB1EB18C3B38BF2","decoded/32KiB/samba.decoded","32768","9C4F5BEE544E4531E4946E62F796987418B4526911C34877EF282F14DD57AD12","37.1968715","15.7703846","545.3046875","545.19921875","545.3046875","74FF260A939B01673667723D8351AAEDB679339610009ECB23C70E373B862D9F","profile_id=2;mode=auto-k8;block_size=65536;zstd_level=19;lzma_level=9;threads=1;process_timeout_seconds=3600","""E:\MIXER\hybridzip\build\Release\hybridzip.exe"" c --profile=r2 --r2-mode=auto-k8 --block-size=65536 ""E:\MIXER\hybridzip\results\experiments\hybridzip-r2-e5-router-320dd1b-v1\children\hybridzip-r2-e5-router-320dd1b-v1-auto-k8-b64-r1\inputs\32KiB\samba.bin"" ""E:\MIXER\hybridzip\results\experiments\hybridzip-r2-e5-router-320dd1b-v1\children\hybridzip-r2-e5-router-320dd1b-v1-auto-k8-b64-r1\archives\32KiB\samba.hz2""","""E:\MIXER\hybridzip\build\Release\hybridzip.exe"" d ""E:\MIXER\hybridzip\results\experiments\hybridzip-r2-e5-router-320dd1b-v1\children\hybridzip-r2-e5-router-320dd1b-v1-auto-k8-b64-r1\archives\32KiB\samba.hz2"" ""E:\MIXER\hybridzip\results\experiments\hybridzip-r2-e5-router-320dd1b-v1\children\hybridzip-r2-e5-router-320dd1b-v1-auto-k8-b64-r1\decoded\32KiB\samba.decoded""","0","0","2026-08-29T05:46:32.5810421+08:00","COMPLETE","PASS","paq8px-generic-sse=1","Complete R2 archive size; SHA-256 byte-exact roundtrip verified."
"e5-router","auto-k8","64","1","False","1","1","8","0","00010000","1025B343","4B1AC26C40AD4DA50312FD3B694D7E636FB768C2336FE773BC82D36424C27A4B","0:1,2:1,4:1,6:1,19:1,28:1,36:1,37:1","0","0","0","0","0","","","hybridzip-r2-e5-router-320dd1b-v1-auto-k8-b64-r1","r2-auto-k8","1","23","samba","64","inputs/64KiB/samba.bin","65536","3E0420984C0F260EA7350734600CEA9D8500B745E2E4B7DBD4D1DA1D1ADAC421","archives/64KiB/samba.hz2","15270","A6FFF810458AC7E88A2AA177A15F855A2F012AA9FCAD3BF64170DF9A6A472A79","decoded/64KiB/samba.decoded","65536","3E0420984C0F260EA7350734600CEA9D8500B745E2E4B7DBD4D1DA1D1ADAC421","78.3472338","36.3886397","545.78125","545.61328125","545.78125","74FF260A939B01673667723D8351AAEDB679339610009ECB23C70E373B862D9F","profile_id=2;mode=auto-k8;block_size=65536;zstd_level=19;lzma_level=9;threads=1;process_timeout_seconds=3600","""E:\MIXER\hybridzip\build\Release\hybridzip.exe"" c --profile=r2 --r2-mode=auto-k8 --block-size=65536 ""E:\MIXER\hybridzip\results\experiments\hybridzip-r2-e5-router-320dd1b-v1\children\hybridzip-r2-e5-router-320dd1b-v1-auto-k8-b64-r1\inputs\64KiB\samba.bin"" ""E:\MIXER\hybridzip\results\experiments\hybridzip-r2-e5-router-320dd1b-v1\children\hybridzip-r2-e5-router-320dd1b-v1-auto-k8-b64-r1\archives\64KiB\samba.hz2""","""E:\MIXER\hybridzip\build\Release\hybridzip.exe"" d ""E:\MIXER\hybridzip\results\experiments\hybridzip-r2-e5-router-320dd1b-v1\children\hybridzip-r2-e5-router-320dd1b-v1-auto-k8-b64-r1\archives\64KiB\samba.hz2"" ""E:\MIXER\hybridzip\results\experiments\hybridzip-r2-e5-router-320dd1b-v1\children\hybridzip-r2-e5-router-320dd1b-v1-auto-k8-b64-r1\decoded\64KiB\samba.decoded""","0","0","2026-08-29T05:47:25.6319832+08:00","COMPLETE","PASS","paq8px-generic-sse=1","Complete R2 archive size; SHA-256 byte-exact roundtrip verified."
"e5-router","auto-k8","64","1","False","1","1","16","0","00010000","1025B343","4B1AC26C40AD4DA50312FD3B694D7E636FB768C2336FE773BC82D36424C27A4B","0:2,2:2,4:2,6:2,19:2,28:2,36:2,37:2","0","0","0","0","0","","","hybridzip-r2-e5-router-320dd1b-v1-auto-k8-b64-r1","r2-auto-k8","1","24","samba","128","inputs/128KiB/samba.bin","131072","F3B8C4AD35BC6CF21977895D6F04A22B1422605942FA5AFE35CE28B2A221D7E8","archives/128KiB/samba.hz2","31779","8AD989C3783D4DB208C00354D03067D57658FFA726B1F9ED1A52A9FA07EAE9EB","decoded/128KiB/samba.decoded","131072","F3B8C4AD35BC6CF21977895D6F04A22B1422605942FA5AFE35CE28B2A221D7E8","138.5039097","71.6496183","546.796875","545.80859375","546.796875","74FF260A939B01673667723D8351AAEDB679339610009ECB23C70E373B862D9F","profile_id=2;mode=auto-k8;block_size=65536;zstd_level=19;lzma_level=9;threads=1;process_timeout_seconds=3600","""E:\MIXER\hybridzip\build\Release\hybridzip.exe"" c --profile=r2 --r2-mode=auto-k8 --block-size=65536 ""E:\MIXER\hybridzip\results\experiments\hybridzip-r2-e5-router-320dd1b-v1\children\hybridzip-r2-e5-router-320dd1b-v1-auto-k8-b64-r1\inputs\128KiB\samba.bin"" ""E:\MIXER\hybridzip\results\experiments\hybridzip-r2-e5-router-320dd1b-v1\children\hybridzip-r2-e5-router-320dd1b-v1-auto-k8-b64-r1\archives\128KiB\samba.hz2""","""E:\MIXER\hybridzip\build\Release\hybridzip.exe"" d ""E:\MIXER\hybridzip\results\experiments\hybridzip-r2-e5-router-320dd1b-v1\children\hybridzip-r2-e5-router-320dd1b-v1-auto-k8-b64-r1\archives\128KiB\samba.hz2"" ""E:\MIXER\hybridzip\results\experiments\hybridzip-r2-e5-router-320dd1b-v1\children\hybridzip-r2-e5-router-320dd1b-v1-auto-k8-b64-r1\decoded\128KiB\samba.decoded""","0","0","2026-08-29T05:49:20.4541572+08:00","COMPLETE","PASS","paq8px-generic-sse=2","Complete R2 archive size; SHA-256 byte-exact roundtrip verified."
"e5-router","auto-k8","64","1","False","1","1","8","0","00010000","1025B343","4B1AC26C40AD4DA50312FD3B694D7E636FB768C2336FE773BC82D36424C27A4B","0:1,2:1,3:1,4:1,27:1,28:1,36:1,37:1","0","0","0","0","0","","","hybridzip-r2-e5-router-320dd1b-v1-auto-k8-b64-r1","r2-auto-k8","1","25","sao","32","inputs/32KiB/sao.bin","32768","95677430CAD4F000506BC5EE22815C3F4E13D64B477ED506B78D5D9ACFB50CCD","archives/32KiB/sao.hz2","18805","DA4A8EC1A5A6279964CD1712287BF2E06E0A4AA4BE289B524CEC178266B4CFA9","decoded/32KiB/sao.decoded","32768","95677430CAD4F000506BC5EE22815C3F4E13D64B477ED506B78D5D9ACFB50CCD","47.0968561","20.6891734","548.8125","548.6796875","548.8125","74FF260A939B01673667723D8351AAEDB679339610009ECB23C70E373B862D9F","profile_id=2;mode=auto-k8;block_size=65536;zstd_level=19;lzma_level=9;threads=1;process_timeout_seconds=3600","""E:\MIXER\hybridzip\build\Release\hybridzip.exe"" c --profile=r2 --r2-mode=auto-k8 --block-size=65536 ""E:\MIXER\hybridzip\results\experiments\hybridzip-r2-e5-router-320dd1b-v1\children\hybridzip-r2-e5-router-320dd1b-v1-auto-k8-b64-r1\inputs\32KiB\sao.bin"" ""E:\MIXER\hybridzip\results\experiments\hybridzip-r2-e5-router-320dd1b-v1\children\hybridzip-r2-e5-router-320dd1b-v1-auto-k8-b64-r1\archives\32KiB\sao.hz2""","""E:\MIXER\hybridzip\build\Release\hybridzip.exe"" d ""E:\MIXER\hybridzip\results\experiments\hybridzip-r2-e5-router-320dd1b-v1\children\hybridzip-r2-e5-router-320dd1b-v1-auto-k8-b64-r1\archives\32KiB\sao.hz2"" ""E:\MIXER\hybridzip\results\experiments\hybridzip-r2-e5-router-320dd1b-v1\children\hybridzip-r2-e5-router-320dd1b-v1-auto-k8-b64-r1\decoded\32KiB\sao.decoded""","0","0","2026-08-29T05:52:50.6901817+08:00","COMPLETE","PASS","paq8px-generic-sse=1","Complete R2 archive size; SHA-256 byte-exact roundtrip verified."
"e5-router","auto-k8","64","1","False","1","1","8","0","00010000","1025B343","4B1AC26C40AD4DA50312FD3B694D7E636FB768C2336FE773BC82D36424C27A4B","0:1,2:1,3:1,4:1,27:1,28:1,36:1,37:1","0","0","0","0","0","","","hybridzip-r2-e5-router-320dd1b-v1-auto-k8-b64-r1","r2-auto-k8","1","26","sao","64","inputs/64KiB/sao.bin","65536","17CBD7166A47786139F60BA33B4E771CE0154F6FA56986883D129BC23F78EBEE","archives/64KiB/sao.hz2","36379","D4FC29916794BC9ED48EB4CF19978074720A997795B269FEA8DF4F2E640E32F3","decoded/64KiB/sao.decoded","65536","17CBD7166A47786139F60BA33B4E771CE0154F6FA56986883D129BC23F78EBEE","96.7152575","45.4492479","550.55859375","550.3671875","550.55859375","74FF260A939B01673667723D8351AAEDB679339610009ECB23C70E373B862D9F","profile_id=2;mode=auto-k8;block_size=65536;zstd_level=19;lzma_level=9;threads=1;process_timeout_seconds=3600","""E:\MIXER\hybridzip\build\Release\hybridzip.exe"" c --profile=r2 --r2-mode=auto-k8 --block-size=65536 ""E:\MIXER\hybridzip\results\experiments\hybridzip-r2-e5-router-320dd1b-v1\children\hybridzip-r2-e5-router-320dd1b-v1-auto-k8-b64-r1\inputs\64KiB\sao.bin"" ""E:\MIXER\hybridzip\results\experiments\hybridzip-r2-e5-router-320dd1b-v1\children\hybridzip-r2-e5-router-320dd1b-v1-auto-k8-b64-r1\archives\64KiB\sao.hz2""","""E:\MIXER\hybridzip\build\Release\hybridzip.exe"" d ""E:\MIXER\hybridzip\results\experiments\hybridzip-r2-e5-router-320dd1b-v1\children\hybridzip-r2-e5-router-320dd1b-v1-auto-k8-b64-r1\archives\64KiB\sao.hz2"" ""E:\MIXER\hybridzip\results\experiments\hybridzip-r2-e5-router-320dd1b-v1\children\hybridzip-r2-e5-router-320dd1b-v1-auto-k8-b64-r1\decoded\64KiB\sao.decoded""","0","0","2026-08-29T05:53:58.5623152+08:00","COMPLETE","PASS","paq8px-generic-sse=1","Complete R2 archive size; SHA-256 byte-exact roundtrip verified."
"e5-router","auto-k8","64","1","False","1","1","16","0","00010000","1025B343","4B1AC26C40AD4DA50312FD3B694D7E636FB768C2336FE773BC82D36424C27A4B","0:2,2:2,3:2,4:2,27:2,28:2,36:2,37:2","0","0","0","0","0","","","hybridzip-r2-e5-router-320dd1b-v1-auto-k8-b64-r1","r2-auto-k8","1","27","sao","128","inputs/128KiB/sao.bin","131072","75E535B42DB7505118D8B19C7C42C1F49C5542ADDC9DBC13383953659F675CE0","archives/128KiB/sao.hz2","72422","449E49C8E5AB20AA54E50A51DC0551B1C0276159BAD19243053090A5492653FA","decoded/128KiB/sao.decoded","131072","75E535B42DB7505118D8B19C7C42C1F49C5542ADDC9DBC13383953659F675CE0","198.1470186","96.5726441","550.90625","550.421875","550.90625","74FF260A939B01673667723D8351AAEDB679339610009ECB23C70E373B862D9F","profile_id=2;mode=auto-k8;block_size=65536;zstd_level=19;lzma_level=9;threads=1;process_timeout_seconds=3600","""E:\MIXER\hybridzip\build\Release\hybridzip.exe"" c --profile=r2 --r2-mode=auto-k8 --block-size=65536 ""E:\MIXER\hybridzip\results\experiments\hybridzip-r2-e5-router-320dd1b-v1\children\hybridzip-r2-e5-router-320dd1b-v1-auto-k8-b64-r1\inputs\128KiB\sao.bin"" ""E:\MIXER\hybridzip\results\experiments\hybridzip-r2-e5-router-320dd1b-v1\children\hybridzip-r2-e5-router-320dd1b-v1-auto-k8-b64-r1\archives\128KiB\sao.hz2""","""E:\MIXER\hybridzip\build\Release\hybridzip.exe"" d ""E:\MIXER\hybridzip\results\experiments\hybridzip-r2-e5-router-320dd1b-v1\children\hybridzip-r2-e5-router-320dd1b-v1-auto-k8-b64-r1\archives\128KiB\sao.hz2"" ""E:\MIXER\hybridzip\results\experiments\hybridzip-r2-e5-router-320dd1b-v1\children\hybridzip-r2-e5-router-320dd1b-v1-auto-k8-b64-r1\decoded\128KiB\sao.decoded""","0","0","2026-08-29T05:56:20.8102471+08:00","COMPLETE","PASS","paq8px-generic-sse=2","Complete R2 archive size; SHA-256 byte-exact roundtrip verified."
"e5-router","auto-k8","64","1","False","1","1","8","0","00010000","1025B343","4B1AC26C40AD4DA50312FD3B694D7E636FB768C2336FE773BC82D36424C27A4B","0:1,2:1,4:1,6:1,19:1,28:1,36:1,37:1","0","0","0","0","0","","","hybridzip-r2-e5-router-320dd1b-v1-auto-k8-b64-r1","r2-auto-k8","1","28","webster","32","inputs/32KiB/webster.bin","32768","774D224695AF4057353F72602BB96CD2AFEEA059AC7737535645F11596FCA85E","archives/32KiB/webster.hz2","9258","FF169CC35A4AAC4EAE6ADCBAE2DB460122900288473B991B114A5BCCA57BF530","decoded/32KiB/webster.decoded","32768","774D224695AF4057353F72602BB96CD2AFEEA059AC7737535645F11596FCA85E","29.2846516","6.9542804","546.7265625","369.75","546.7265625","74FF260A939B01673667723D8351AAEDB679339610009ECB23C70E373B862D9F","profile_id=2;mode=auto-k8;block_size=65536;zstd_level=19;lzma_level=9;threads=1;process_timeout_seconds=3600","""E:\MIXER\hybridzip\build\Release\hybridzip.exe"" c --profile=r2 --r2-mode=auto-k8 --block-size=65536 ""E:\MIXER\hybridzip\results\experiments\hybridzip-r2-e5-router-320dd1b-v1\children\hybridzip-r2-e5-router-320dd1b-v1-auto-k8-b64-r1\inputs\32KiB\webster.bin"" ""E:\MIXER\hybridzip\results\experiments\hybridzip-r2-e5-router-320dd1b-v1\children\hybridzip-r2-e5-router-320dd1b-v1-auto-k8-b64-r1\archives\32KiB\webster.hz2""","""E:\MIXER\hybridzip\build\Release\hybridzip.exe"" d ""E:\MIXER\hybridzip\results\experiments\hybridzip-r2-e5-router-320dd1b-v1\children\hybridzip-r2-e5-router-320dd1b-v1-auto-k8-b64-r1\archives\32KiB\webster.hz2"" ""E:\MIXER\hybridzip\results\experiments\hybridzip-r2-e5-router-320dd1b-v1\children\hybridzip-r2-e5-router-320dd1b-v1-auto-k8-b64-r1\decoded\32KiB\webster.decoded""","0","0","2026-08-29T06:01:15.6160431+08:00","COMPLETE","PASS","paq8px-detected-sse=1","Complete R2 archive size; SHA-256 byte-exact roundtrip verified."
"e5-router","auto-k8","64","1","False","1","1","8","0","00010000","1025B343","4B1AC26C40AD4DA50312FD3B694D7E636FB768C2336FE773BC82D36424C27A4B","0:1,2:1,4:1,6:1,19:1,28:1,36:1,37:1","0","0","0","0","0","","","hybridzip-r2-e5-router-320dd1b-v1-auto-k8-b64-r1","r2-auto-k8","1","29","webster","64","inputs/64KiB/webster.bin","65536","262258811321382F9E4F44D2184B6B7FED0336CF831446D8336C47D6CCC2B32E","archives/64KiB/webster.hz2","15190","172DD6248607E9EE1855BCE801128E339D016119B95D3265917F4FE70C5D76DD","decoded/64KiB/webster.decoded","65536","262258811321382F9E4F44D2184B6B7FED0336CF831446D8336C47D6CCC2B32E","59.3909279","16.3158368","547.04296875","370.28125","547.04296875","74FF260A939B01673667723D8351AAEDB679339610009ECB23C70E373B862D9F","profile_id=2;mode=auto-k8;block_size=65536;zstd_level=19;lzma_level=9;threads=1;process_timeout_seconds=3600","""E:\MIXER\hybridzip\build\Release\hybridzip.exe"" c --profile=r2 --r2-mode=auto-k8 --block-size=65536 ""E:\MIXER\hybridzip\results\experiments\hybridzip-r2-e5-router-320dd1b-v1\children\hybridzip-r2-e5-router-320dd1b-v1-auto-k8-b64-r1\inputs\64KiB\webster.bin"" ""E:\MIXER\hybridzip\results\experiments\hybridzip-r2-e5-router-320dd1b-v1\children\hybridzip-r2-e5-router-320dd1b-v1-auto-k8-b64-r1\archives\64KiB\webster.hz2""","""E:\MIXER\hybridzip\build\Release\hybridzip.exe"" d ""E:\MIXER\hybridzip\results\experiments\hybridzip-r2-e5-router-320dd1b-v1\children\hybridzip-r2-e5-router-320dd1b-v1-auto-k8-b64-r1\archives\64KiB\webster.hz2"" ""E:\MIXER\hybridzip\results\experiments\hybridzip-r2-e5-router-320dd1b-v1\children\hybridzip-r2-e5-router-320dd1b-v1-auto-k8-b64-r1\decoded\64KiB\webster.decoded""","0","0","2026-08-29T06:01:51.9503125+08:00","COMPLETE","PASS","paq8px-detected-sse=1","Complete R2 archive size; SHA-256 byte-exact roundtrip verified."
"e5-router","auto-k8","64","1","False","1","1","16","0","00010000","1025B343","4B1AC26C40AD4DA50312FD3B694D7E636FB768C2336FE773BC82D36424C27A4B","0:2,2:2,4:2,6:2,19:2,28:2,36:2,37:2","0","0","0","0","0","","","hybridzip-r2-e5-router-320dd1b-v1-auto-k8-b64-r1","r2-auto-k8","1","30","webster","128","inputs/128KiB/webster.bin","131072","C069C1FDCA99BC5C44F06D134CD0CDA60315DD631AA6564733B2CE0E6D59305C","archives/128KiB/webster.hz2","27768","0F20967713B252F421BC995ECB9B64B60B77B710E60BE2DB75E685B41F83B9C4","decoded/128KiB/webster.decoded","131072","C069C1FDCA99BC5C44F06D134CD0CDA60315DD631AA6564733B2CE0E6D59305C","119.5593278","36.4355005","547.0390625","370.28125","547.0390625","74FF260A939B01673667723D8351AAEDB679339610009ECB23C70E373B862D9F","profile_id=2;mode=auto-k8;block_size=65536;zstd_level=19;lzma_level=9;threads=1;process_timeout_seconds=3600","""E:\MIXER\hybridzip\build\Release\hybridzip.exe"" c --profile=r2 --r2-mode=auto-k8 --block-size=65536 ""E:\MIXER\hybridzip\results\experiments\hybridzip-r2-e5-router-320dd1b-v1\children\hybridzip-r2-e5-router-320dd1b-v1-auto-k8-b64-r1\inputs\128KiB\webster.bin"" ""E:\MIXER\hybridzip\results\experiments\hybridzip-r2-e5-router-320dd1b-v1\children\hybridzip-r2-e5-router-320dd1b-v1-auto-k8-b64-r1\archives\128KiB\webster.hz2""","""E:\MIXER\hybridzip\build\Release\hybridzip.exe"" d ""E:\MIXER\hybridzip\results\experiments\hybridzip-r2-e5-router-320dd1b-v1\children\hybridzip-r2-e5-router-320dd1b-v1-auto-k8-b64-r1\archives\128KiB\webster.hz2"" ""E:\MIXER\hybridzip\results\experiments\hybridzip-r2-e5-router-320dd1b-v1\children\hybridzip-r2-e5-router-320dd1b-v1-auto-k8-b64-r1\decoded\128KiB\webster.decoded""","0","0","2026-08-29T06:03:07.7527023+08:00","COMPLETE","PASS","paq8px-detected-sse=2","Complete R2 archive size; SHA-256 byte-exact roundtrip verified."
"e5-router","auto-k8","64","1","False","1","1","8","0","00010000","1025B343","4B1AC26C40AD4DA50312FD3B694D7E636FB768C2336FE773BC82D36424C27A4B","0:1,2:1,3:1,4:1,10:1,12:1,36:1,37:1","0","0","0","0","0","","","hybridzip-r2-e5-router-320dd1b-v1-auto-k8-b64-r1","r2-auto-k8","1","31","x-ray","32","inputs/32KiB/x-ray.bin","32768","10511AA63DFBD9C0DDBFEFE36068740103D4BA1116E214154A0772057D7E9314","archives/32KiB/x-ray.hz2","14702","4461FC9A23988B440292DDA38C4EACC1AAD23FD665E51C8399899F7CD60A4A2B","decoded/32KiB/x-ray.decoded","32768","10511AA63DFBD9C0DDBFEFE36068740103D4BA1116E214154A0772057D7E9314","39.464743","16.906717","547.17578125","547.06640625","547.17578125","74FF260A939B01673667723D8351AAEDB679339610009ECB23C70E373B862D9F","profile_id=2;mode=auto-k8;block_size=65536;zstd_level=19;lzma_level=9;threads=1;process_timeout_seconds=3600","""E:\MIXER\hybridzip\build\Release\hybridzip.exe"" c --profile=r2 --r2-mode=auto-k8 --block-size=65536 ""E:\MIXER\hybridzip\results\experiments\hybridzip-r2-e5-router-320dd1b-v1\children\hybridzip-r2-e5-router-320dd1b-v1-auto-k8-b64-r1\inputs\32KiB\x-ray.bin"" ""E:\MIXER\hybridzip\results\experiments\hybridzip-r2-e5-router-320dd1b-v1\children\hybridzip-r2-e5-router-320dd1b-v1-auto-k8-b64-r1\archives\32KiB\x-ray.hz2""","""E:\MIXER\hybridzip\build\Release\hybridzip.exe"" d ""E:\MIXER\hybridzip\results\experiments\hybridzip-r2-e5-router-320dd1b-v1\children\hybridzip-r2-e5-router-320dd1b-v1-auto-k8-b64-r1\archives\32KiB\x-ray.hz2"" ""E:\MIXER\hybridzip\results\experiments\hybridzip-r2-e5-router-320dd1b-v1\children\hybridzip-r2-e5-router-320dd1b-v1-auto-k8-b64-r1\decoded\32KiB\x-ray.decoded""","0","0","2026-08-29T06:05:43.8449540+08:00","COMPLETE","PASS","paq8px-generic-sse=1","Complete R2 archive size; SHA-256 byte-exact roundtrip verified."
"e5-router","auto-k8","64","1","False","1","1","8","0","00010000","1025B343","4B1AC26C40AD4DA50312FD3B694D7E636FB768C2336FE773BC82D36424C27A4B","0:1,2:1,3:1,4:1,10:1,12:1,36:1,37:1","0","0","0","0","0","","","hybridzip-r2-e5-router-320dd1b-v1-auto-k8-b64-r1","r2-auto-k8","1","32","x-ray","64","inputs/64KiB/x-ray.bin","65536","B5A07146616BCD7C2D10071D41E07D204DE0AC629C4CA37D8E867FF00574D0D8","archives/64KiB/x-ray.hz2","29135","587BB5747D4F4CC5A0B43DC884844C0507801F09A63CCD83442C430977E33F25","decoded/64KiB/x-ray.decoded","65536","B5A07146616BCD7C2D10071D41E07D204DE0AC629C4CA37D8E867FF00574D0D8","83.6390849","38.771103","547.47265625","547.29296875","547.47265625","74FF260A939B01673667723D8351AAEDB679339610009ECB23C70E373B862D9F","profile_id=2;mode=auto-k8;block_size=65536;zstd_level=19;lzma_level=9;threads=1;process_timeout_seconds=3600","""E:\MIXER\hybridzip\build\Release\hybridzip.exe"" c --profile=r2 --r2-mode=auto-k8 --block-size=65536 ""E:\MIXER\hybridzip\results\experiments\hybridzip-r2-e5-router-320dd1b-v1\children\hybridzip-r2-e5-router-320dd1b-v1-auto-k8-b64-r1\inputs\64KiB\x-ray.bin"" ""E:\MIXER\hybridzip\results\experiments\hybridzip-r2-e5-router-320dd1b-v1\children\hybridzip-r2-e5-router-320dd1b-v1-auto-k8-b64-r1\archives\64KiB\x-ray.hz2""","""E:\MIXER\hybridzip\build\Release\hybridzip.exe"" d ""E:\MIXER\hybridzip\results\experiments\hybridzip-r2-e5-router-320dd1b-v1\children\hybridzip-r2-e5-router-320dd1b-v1-auto-k8-b64-r1\archives\64KiB\x-ray.hz2"" ""E:\MIXER\hybridzip\results\experiments\hybridzip-r2-e5-router-320dd1b-v1\children\hybridzip-r2-e5-router-320dd1b-v1-auto-k8-b64-r1\decoded\64KiB\x-ray.decoded""","0","0","2026-08-29T06:06:40.3018304+08:00","COMPLETE","PASS","paq8px-generic-sse=1","Complete R2 archive size; SHA-256 byte-exact roundtrip verified."
"e5-router","auto-k8","64","1","False","1","1","16","0","00010000","1025B343","4B1AC26C40AD4DA50312FD3B694D7E636FB768C2336FE773BC82D36424C27A4B","0:2,2:2,3:2,4:2,10:2,12:2,36:2,37:2","0","0","0","0","0","","","hybridzip-r2-e5-router-320dd1b-v1-auto-k8-b64-r1","r2-auto-k8","1","33","x-ray","128","inputs/128KiB/x-ray.bin","131072","7A65B793FB2A694C20686275A899B304445473528F7C998BE26F8C68EB18F76E","archives/128KiB/x-ray.hz2","58000","08BF2BD4A1EE399D55EE62B0EDE098EFE17A41D42CFD1DEBC0ACBDD9DB318229","decoded/128KiB/x-ray.decoded","131072","7A65B793FB2A694C20686275A899B304445473528F7C998BE26F8C68EB18F76E","173.0639207","83.425933","547.78125","547.34765625","547.78125","74FF260A939B01673667723D8351AAEDB679339610009ECB23C70E373B862D9F","profile_id=2;mode=auto-k8;block_size=65536;zstd_level=19;lzma_level=9;threads=1;process_timeout_seconds=3600","""E:\MIXER\hybridzip\build\Release\hybridzip.exe"" c --profile=r2 --r2-mode=auto-k8 --block-size=65536 ""E:\MIXER\hybridzip\results\experiments\hybridzip-r2-e5-router-320dd1b-v1\children\hybridzip-r2-e5-router-320dd1b-v1-auto-k8-b64-r1\inputs\128KiB\x-ray.bin"" ""E:\MIXER\hybridzip\results\experiments\hybridzip-r2-e5-router-320dd1b-v1\children\hybridzip-r2-e5-router-320dd1b-v1-auto-k8-b64-r1\archives\128KiB\x-ray.hz2""","""E:\MIXER\hybridzip\build\Release\hybridzip.exe"" d ""E:\MIXER\hybridzip\results\experiments\hybridzip-r2-e5-router-320dd1b-v1\children\hybridzip-r2-e5-router-320dd1b-v1-auto-k8-b64-r1\archives\128KiB\x-ray.hz2"" ""E:\MIXER\hybridzip\results\experiments\hybridzip-r2-e5-router-320dd1b-v1\children\hybridzip-r2-e5-router-320dd1b-v1-auto-k8-b64-r1\decoded\128KiB\x-ray.decoded""","0","0","2026-08-29T06:08:42.7962360+08:00","COMPLETE","PASS","paq8px-generic-sse=2","Complete R2 archive size; SHA-256 byte-exact roundtrip verified."
"e5-router","auto-k8","64","1","False","1","1","8","0","00010000","1025B343","4B1AC26C40AD4DA50312FD3B694D7E636FB768C2336FE773BC82D36424C27A4B","0:1,2:1,4:1,6:1,19:1,28:1,36:1,37:1","0","0","0","0","0","","","hybridzip-r2-e5-router-320dd1b-v1-auto-k8-b64-r1","r2-auto-k8","1","34","xml","32","inputs/32KiB/xml.bin","32768","C2F7F129956F8D6FC3D0E3595D93F98D5270B6F5BC4AB5E70F45867822EFDD71","archives/32KiB/xml.hz2","1441","E59754FDD28F8E5842444453A77AEE01BD3DB80EE222C1B2F0059961891EE5EC","decoded/32KiB/xml.decoded","32768","C2F7F129956F8D6FC3D0E3595D93F98D5270B6F5BC4AB5E70F45867822EFDD71","22.8938485","8.7157964","542.90625","542.7734375","542.90625","74FF260A939B01673667723D8351AAEDB679339610009ECB23C70E373B862D9F","profile_id=2;mode=auto-k8;block_size=65536;zstd_level=19;lzma_level=9;threads=1;process_timeout_seconds=3600","""E:\MIXER\hybridzip\build\Release\hybridzip.exe"" c --profile=r2 --r2-mode=auto-k8 --block-size=65536 ""E:\MIXER\hybridzip\results\experiments\hybridzip-r2-e5-router-320dd1b-v1\children\hybridzip-r2-e5-router-320dd1b-v1-auto-k8-b64-r1\inputs\32KiB\xml.bin"" ""E:\MIXER\hybridzip\results\experiments\hybridzip-r2-e5-router-320dd1b-v1\children\hybridzip-r2-e5-router-320dd1b-v1-auto-k8-b64-r1\archives\32KiB\xml.hz2""","""E:\MIXER\hybridzip\build\Release\hybridzip.exe"" d ""E:\MIXER\hybridzip\results\experiments\hybridzip-r2-e5-router-320dd1b-v1\children\hybridzip-r2-e5-router-320dd1b-v1-auto-k8-b64-r1\archives\32KiB\xml.hz2"" ""E:\MIXER\hybridzip\results\experiments\hybridzip-r2-e5-router-320dd1b-v1\children\hybridzip-r2-e5-router-320dd1b-v1-auto-k8-b64-r1\decoded\32KiB\xml.decoded""","0","0","2026-08-29T06:12:59.3702816+08:00","COMPLETE","PASS","paq8px-generic-sse=1","Complete R2 archive size; SHA-256 byte-exact roundtrip verified."
"e5-router","auto-k8","64","1","False","1","1","8","0","00010000","1025B343","4B1AC26C40AD4DA50312FD3B694D7E636FB768C2336FE773BC82D36424C27A4B","0:1,2:1,4:1,6:1,19:1,28:1,36:1,37:1","0","0","0","0","0","","","hybridzip-r2-e5-router-320dd1b-v1-auto-k8-b64-r1","r2-auto-k8","1","35","xml","64","inputs/64KiB/xml.bin","65536","E32AFF2BEBF00105A17DD57F5490C1986D17543CEE837B42EB56B3E0E6F8E7F1","archives/64KiB/xml.hz2","2272","654B2F730F19072BF446943F1B3D91FEC40E36A2FEBB1E36579039DC6C69EEB0","decoded/64KiB/xml.decoded","65536","E32AFF2BEBF00105A17DD57F5490C1986D17543CEE837B42EB56B3E0E6F8E7F1","48.604624","21.5827973","543.87109375","543.7578125","543.87109375","74FF260A939B01673667723D8351AAEDB679339610009ECB23C70E373B862D9F","profile_id=2;mode=auto-k8;block_size=65536;zstd_level=19;lzma_level=9;threads=1;process_timeout_seconds=3600","""E:\MIXER\hybridzip\build\Release\hybridzip.exe"" c --profile=r2 --r2-mode=auto-k8 --block-size=65536 ""E:\MIXER\hybridzip\results\experiments\hybridzip-r2-e5-router-320dd1b-v1\children\hybridzip-r2-e5-router-320dd1b-v1-auto-k8-b64-r1\inputs\64KiB\xml.bin"" ""E:\MIXER\hybridzip\results\experiments\hybridzip-r2-e5-router-320dd1b-v1\children\hybridzip-r2-e5-router-320dd1b-v1-auto-k8-b64-r1\archives\64KiB\xml.hz2""","""E:\MIXER\hybridzip\build\Release\hybridzip.exe"" d ""E:\MIXER\hybridzip\results\experiments\hybridzip-r2-e5-router-320dd1b-v1\children\hybridzip-r2-e5-router-320dd1b-v1-auto-k8-b64-r1\archives\64KiB\xml.hz2"" ""E:\MIXER\hybridzip\results\experiments\hybridzip-r2-e5-router-320dd1b-v1\children\hybridzip-r2-e5-router-320dd1b-v1-auto-k8-b64-r1\decoded\64KiB\xml.decoded""","0","0","2026-08-29T06:13:31.0648615+08:00","COMPLETE","PASS","paq8px-generic-sse=1","Complete R2 archive size; SHA-256 byte-exact roundtrip verified."
"e5-router","auto-k8","64","1","False","1","1","16","0","00010000","1025B343","4B1AC26C40AD4DA50312FD3B694D7E636FB768C2336FE773BC82D36424C27A4B","0:2,2:2,4:2,6:2,19:2,28:2,36:2,37:2","0","0","0","0","0","","","hybridzip-r2-e5-router-320dd1b-v1-auto-k8-b64-r1","r2-auto-k8","1","36","xml","128","inputs/128KiB/xml.bin","131072","5FA29C746885F2EEB98734218475915A78092CCB3B0F68B08861EE210E5B6E25","archives/128KiB/xml.hz2","4770","39E17A1E2E5C63EFB36F07A53380B3542E39C97BFF55932AC4055C2F1959D173","decoded/128KiB/xml.decoded","131072","5FA29C746885F2EEB98734218475915A78092CCB3B0F68B08861EE210E5B6E25","94.1612375","48.8589687","545.1875","544.26171875","545.1875","74FF260A939B01673667723D8351AAEDB679339610009ECB23C70E373B862D9F","profile_id=2;mode=auto-k8;block_size=65536;zstd_level=19;lzma_level=9;threads=1;process_timeout_seconds=3600","""E:\MIXER\hybridzip\build\Release\hybridzip.exe"" c --profile=r2 --r2-mode=auto-k8 --block-size=65536 ""E:\MIXER\hybridzip\results\experiments\hybridzip-r2-e5-router-320dd1b-v1\children\hybridzip-r2-e5-router-320dd1b-v1-auto-k8-b64-r1\inputs\128KiB\xml.bin"" ""E:\MIXER\hybridzip\results\experiments\hybridzip-r2-e5-router-320dd1b-v1\children\hybridzip-r2-e5-router-320dd1b-v1-auto-k8-b64-r1\archives\128KiB\xml.hz2""","""E:\MIXER\hybridzip\build\Release\hybridzip.exe"" d ""E:\MIXER\hybridzip\results\experiments\hybridzip-r2-e5-router-320dd1b-v1\children\hybridzip-r2-e5-router-320dd1b-v1-auto-k8-b64-r1\archives\128KiB\xml.hz2"" ""E:\MIXER\hybridzip\results\experiments\hybridzip-r2-e5-router-320dd1b-v1\children\hybridzip-r2-e5-router-320dd1b-v1-auto-k8-b64-r1\decoded\128KiB\xml.decoded""","0","0","2026-08-29T06:14:41.3370460+08:00","COMPLETE","PASS","paq8px-generic-sse=2","Complete R2 archive size; SHA-256 byte-exact roundtrip verified."
"e5-router","auto","128","1","False","1","1","30","1","00010000","1025B343","4B1AC26C40AD4DA50312FD3B694D7E636FB768C2336FE773BC82D36424C27A4B","0:1,1:1,2:1,3:1,4:1,5:1,6:1,7:1,8:1,19:1,20:1,21:1,22:1,23:1,25:1,26:1,27:1,28:1,29:1,30:1,31:1,32:1,33:1,34:1,35:1,36:1,37:1,39:1,40:1,41:1","0","0","0","0","0","","","hybridzip-r2-e5-router-320dd1b-v1-auto-b128-r1","r2-auto","1","1","dickens","32","inputs/32KiB/dickens.bin","32768","FC42DCB9849222C8704C9DCAE606D075B389B66244FB215035148D6409EC0B31","archives/32KiB/dickens.hz2","9598","44136F0341639CE079C5A082FED3B13A7A7BB2E931FB12163E28AA649A182936","decoded/32KiB/dickens.decoded","32768","FC42DCB9849222C8704C9DCAE606D075B389B66244FB215035148D6409EC0B31","240.1799772","6.9471026","547.5703125","369.390625","547.5703125","74FF260A939B01673667723D8351AAEDB679339610009ECB23C70E373B862D9F","profile_id=2;mode=auto;block_size=131072;zstd_level=19;lzma_level=9;threads=1;process_timeout_seconds=3600","""E:\MIXER\hybridzip\build\Release\hybridzip.exe"" c --profile=r2 --r2-mode=auto --block-size=131072 ""E:\MIXER\hybridzip\results\experiments\hybridzip-r2-e5-router-320dd1b-v1\children\hybridzip-r2-e5-router-320dd1b-v1-auto-b128-r1\inputs\32KiB\dickens.bin"" ""E:\MIXER\hybridzip\results\experiments\hybridzip-r2-e5-router-320dd1b-v1\children\hybridzip-r2-e5-router-320dd1b-v1-auto-b128-r1\archives\32KiB\dickens.hz2""","""E:\MIXER\hybridzip\build\Release\hybridzip.exe"" d ""E:\MIXER\hybridzip\results\experiments\hybridzip-r2-e5-router-320dd1b-v1\children\hybridzip-r2-e5-router-320dd1b-v1-auto-b128-r1\archives\32KiB\dickens.hz2"" ""E:\MIXER\hybridzip\results\experiments\hybridzip-r2-e5-router-320dd1b-v1\children\hybridzip-r2-e5-router-320dd1b-v1-auto-b128-r1\decoded\32KiB\dickens.decoded""","0","0","2026-08-29T06:17:05.7457359+08:00","COMPLETE","PASS","paq8px-detected-sse=1","Complete R2 archive size; SHA-256 byte-exact roundtrip verified."
"e5-router","auto","128","1","False","1","1","30","1","00010000","1025B343","4B1AC26C40AD4DA50312FD3B694D7E636FB768C2336FE773BC82D36424C27A4B","0:1,1:1,2:1,3:1,4:1,5:1,6:1,7:1,8:1,19:1,20:1,21:1,22:1,23:1,25:1,26:1,27:1,28:1,29:1,30:1,31:1,32:1,33:1,34:1,35:1,36:1,37:1,39:1,40:1,41:1","0","0","0","0","0","","","hybridzip-r2-e5-router-320dd1b-v1-auto-b128-r1","r2-auto","1","2","dickens","64","inputs/64KiB/dickens.bin","65536","134AD989A7B8B40C900A3B9C0F4895317DFD827D9E6E933895B08D2F4A8A8293","archives/64KiB/dickens.hz2","17844","3BB3E667650011BB2D2F50D6350C7C9BDB764370DA4FF5641227D0CCCA8A51FA","decoded/64KiB/dickens.decoded","65536","134AD989A7B8B40C900A3B9C0F4895317DFD827D9E6E933895B08D2F4A8A8293","483.7173032","16.9908934","548.05078125","370.01953125","548.05078125","74FF260A939B01673667723D8351AAEDB679339610009ECB23C70E373B862D9F","profile_id=2;mode=auto;block_size=131072;zstd_level=19;lzma_level=9;threads=1;process_timeout_seconds=3600","""E:\MIXER\hybridzip\build\Release\hybridzip.exe"" c --profile=r2 --r2-mode=auto --block-size=131072 ""E:\MIXER\hybridzip\results\experiments\hybridzip-r2-e5-router-320dd1b-v1\children\hybridzip-r2-e5-router-320dd1b-v1-auto-b128-r1\inputs\64KiB\dickens.bin"" ""E:\MIXER\hybridzip\results\experiments\hybridzip-r2-e5-router-320dd1b-v1\children\hybridzip-r2-e5-router-320dd1b-v1-auto-b128-r1\archives\64KiB\dickens.hz2""","""E:\MIXER\hybridzip\build\Release\hybridzip.exe"" d ""E:\MIXER\hybridzip\results\experiments\hybridzip-r2-e5-router-320dd1b-v1\children\hybridzip-r2-e5-router-320dd1b-v1-auto-b128-r1\archives\64KiB\dickens.hz2"" ""E:\MIXER\hybridzip\results\experiments\hybridzip-r2-e5-router-320dd1b-v1\children\hybridzip-r2-e5-router-320dd1b-v1-auto-b128-r1\decoded\64KiB\dickens.decoded""","0","0","2026-08-29T06:21:12.9462245+08:00","COMPLETE","PASS","paq8px-detected-sse=1","Complete R2 archive size; SHA-256 byte-exact roundtrip verified."
"e5-router","auto","128","1","False","1","1","29","1","00010000","1025B343","4B1AC26C40AD4DA50312FD3B694D7E636FB768C2336FE773BC82D36424C27A4B","0:1,1:1,2:1,3:1,4:1,5:1,6:1,7:1,8:1,19:1,20:1,21:1,22:1,23:1,25:1,26:1,27:1,28:1,29:1,31:1,32:1,33:1,34:1,35:1,36:1,37:1,39:1,40:1,41:1","0","0","0","0","0","","","hybridzip-r2-e5-router-320dd1b-v1-auto-b128-r1","r2-auto","1","3","dickens","128","inputs/128KiB/dickens.bin","131072","20E33FCC8FAA96DC32A2D0921115C0F363E64C598A5847CE1A3876E356D59872","archives/128KiB/dickens.hz2","33028","A9E13980D3CAAC8EF7067DD22A15C1F745D5118F28B1C772FBCC90A939FB0A56","decoded/128KiB/dickens.decoded","131072","20E33FCC8FAA96DC32A2D0921115C0F363E64C598A5847CE1A3876E356D59872","961.6115538","37.9777476","548.5078125","370.44140625","548.5078125","74FF260A939B01673667723D8351AAEDB679339610009ECB23C70E373B862D9F","profile_id=2;mode=auto;block_size=131072;zstd_level=19;lzma_level=9;threads=1;process_timeout_seconds=3600","""E:\MIXER\hybridzip\build\Release\hybridzip.exe"" c --profile=r2 --r2-mode=auto --block-size=131072 ""E:\MIXER\hybridzip\results\experiments\hybridzip-r2-e5-router-320dd1b-v1\children\hybridzip-r2-e5-router-320dd1b-v1-auto-b128-r1\inputs\128KiB\dickens.bin"" ""E:\MIXER\hybridzip\results\experiments\hybridzip-r2-e5-router-320dd1b-v1\children\hybridzip-r2-e5-router-320dd1b-v1-auto-b128-r1\archives\128KiB\dickens.hz2""","""E:\MIXER\hybridzip\build\Release\hybridzip.exe"" d ""E:\MIXER\hybridzip\results\experiments\hybridzip-r2-e5-router-320dd1b-v1\children\hybridzip-r2-e5-router-320dd1b-v1-auto-b128-r1\archives\128KiB\dickens.hz2"" ""E:\MIXER\hybridzip\results\experiments\hybridzip-r2-e5-router-320dd1b-v1\children\hybridzip-r2-e5-router-320dd1b-v1-auto-b128-r1\decoded\128KiB\dickens.decoded""","0","0","2026-08-29T06:29:33.7369866+08:00","COMPLETE","PASS","paq8px-detected-sse=1","Complete R2 archive size; SHA-256 byte-exact roundtrip verified."
"e5-router","auto","128","1","False","1","1","34","1","00010000","1025B343","4B1AC26C40AD4DA50312FD3B694D7E636FB768C2336FE773BC82D36424C27A4B","0:1,1:1,2:1,3:1,4:1,5:1,6:1,7:1,8:1,10:1,11:1,12:1,13:1,14:1,16:1,21:1,22:1,23:1,24:1,26:1,27:1,28:1,29:1,30:1,31:1,32:1,33:1,34:1,35:1,36:1,37:1,39:1,40:1,42:1","0","0","0","0","0","","","hybridzip-r2-e5-router-320dd1b-v1-auto-b128-r1","r2-auto","1","4","mozilla","32","inputs/32KiB/mozilla.bin","32768","9DDEEF36CA0CA55B72FE3376D005926DFF3400A2ADE6EAE18482D8017D8645DB","archives/32KiB/mozilla.hz2","6256","D901470B3D411489C12E75C38D3098AA7C93CA967459C70EEE62F6827BA20A03","decoded/32KiB/mozilla.decoded","32768","9DDEEF36CA0CA55B72FE3376D005926DFF3400A2ADE6EAE18482D8017D8645DB","264.5163114","13.094469","735.5625","734.00390625","735.5625","74FF260A939B01673667723D8351AAEDB679339610009ECB23C70E373B862D9F","profile_id=2;mode=auto;block_size=131072;zstd_level=19;lzma_level=9;threads=1;process_timeout_seconds=3600","""E:\MIXER\hybridzip\build\Release\hybridzip.exe"" c --profile=r2 --r2-mode=auto --block-size=131072 ""E:\MIXER\hybridzip\results\experiments\hybridzip-r2-e5-router-320dd1b-v1\children\hybridzip-r2-e5-router-320dd1b-v1-auto-b128-r1\inputs\32KiB\mozilla.bin"" ""E:\MIXER\hybridzip\results\experiments\hybridzip-r2-e5-router-320dd1b-v1\children\hybridzip-r2-e5-router-320dd1b-v1-auto-b128-r1\archives\32KiB\mozilla.hz2""","""E:\MIXER\hybridzip\build\Release\hybridzip.exe"" d ""E:\MIXER\hybridzip\results\experiments\hybridzip-r2-e5-router-320dd1b-v1\children\hybridzip-r2-e5-router-320dd1b-v1-auto-b128-r1\archives\32KiB\mozilla.hz2"" ""E:\MIXER\hybridzip\results\experiments\hybridzip-r2-e5-router-320dd1b-v1\children\hybridzip-r2-e5-router-320dd1b-v1-auto-b128-r1\decoded\32KiB\mozilla.decoded""","0","0","2026-08-29T06:46:13.4154662+08:00","COMPLETE","PASS","paq8px-detected-sse=1","Complete R2 archive size; SHA-256 byte-exact roundtrip verified."
"e5-router","auto","128","1","False","1","1","34","1","00010000","1025B343","4B1AC26C40AD4DA50312FD3B694D7E636FB768C2336FE773BC82D36424C27A4B","0:1,1:1,2:1,3:1,4:1,5:1,6:1,7:1,8:1,10:1,11:1,12:1,13:1,14:1,16:1,17:1,18:1,23:1,24:1,27:1,28:1,29:1,30:1,31:1,32:1,33:1,34:1,35:1,36:1,37:1,38:1,39:1,40:1,42:1","0","0","0","0","0","","","hybridzip-r2-e5-router-320dd1b-v1-auto-b128-r1","r2-auto","1","5","mozilla","64","inputs/64KiB/mozilla.bin","65536","B0050240663F54371D372303EEABA0A59AB0758BCD565F4F639D06561E6BC996","archives/64KiB/mozilla.hz2","8856","82380D8CD12E0FFBBD323D4E8C256CF889F1B6F40FB07126AB5ECEE344D4F4B1","decoded/64KiB/mozilla.decoded","65536","B0050240663F54371D372303EEABA0A59AB0758BCD565F4F639D06561E6BC996","353.6939619","27.6382856","735.47265625","551.60546875","735.47265625","74FF260A939B01673667723D8351AAEDB679339610009ECB23C70E373B862D9F","profile_id=2;mode=auto;block_size=131072;zstd_level=19;lzma_level=9;threads=1;process_timeout_seconds=3600","""E:\MIXER\hybridzip\build\Release\hybridzip.exe"" c --profile=r2 --r2-mode=auto --block-size=131072 ""E:\MIXER\hybridzip\results\experiments\hybridzip-r2-e5-router-320dd1b-v1\children\hybridzip-r2-e5-router-320dd1b-v1-auto-b128-r1\inputs\64KiB\mozilla.bin"" ""E:\MIXER\hybridzip\results\experiments\hybridzip-r2-e5-router-320dd1b-v1\children\hybridzip-r2-e5-router-320dd1b-v1-auto-b128-r1\archives\64KiB\mozilla.hz2""","""E:\MIXER\hybridzip\build\Release\hybridzip.exe"" d ""E:\MIXER\hybridzip\results\experiments\hybridzip-r2-e5-router-320dd1b-v1\children\hybridzip-r2-e5-router-320dd1b-v1-auto-b128-r1\archives\64KiB\mozilla.hz2"" ""E:\MIXER\hybridzip\results\experiments\hybridzip-r2-e5-router-320dd1b-v1\children\hybridzip-r2-e5-router-320dd1b-v1-auto-b128-r1\decoded\64KiB\mozilla.decoded""","0","0","2026-08-29T06:50:51.1104898+08:00","COMPLETE","PASS","paq8px-generic-sse=1","Complete R2 archive size; SHA-256 byte-exact roundtrip verified."
"e5-router","auto","128","1","False","1","1","33","1","00010000","1025B343","4B1AC26C40AD4DA50312FD3B694D7E636FB768C2336FE773BC82D36424C27A4B","0:1,1:1,2:1,3:1,4:1,5:1,6:1,7:1,8:1,10:1,11:1,12:1,13:1,14:1,16:1,17:1,18:1,23:1,24:1,27:1,28:1,29:1,31:1,32:1,33:1,34:1,35:1,36:1,37:1,38:1,39:1,40:1,42:1","0","0","0","0","0","","","hybridzip-r2-e5-router-320dd1b-v1-auto-b128-r1","r2-auto","1","6","mozilla","128","inputs/128KiB/mozilla.bin","131072","85CDBEA98382DB12E9A21FF90E1907452712D074000A6B855D2CA215FA591EB4","archives/128KiB/mozilla.hz2","11547","2CD0F9727305FC7FFE0DF2094871CA991D48454CAD224998EA0781DE4450C712","decoded/128KiB/mozilla.decoded","131072","85CDBEA98382DB12E9A21FF90E1907452712D074000A6B855D2CA215FA591EB4","684.7365203","52.6128986","735.5703125","552.09375","735.5703125","74FF260A939B01673667723D8351AAEDB679339610009ECB23C70E373B862D9F","profile_id=2;mode=auto;block_size=131072;zstd_level=19;lzma_level=9;threads=1;process_timeout_seconds=3600","""E:\MIXER\hybridzip\build\Release\hybridzip.exe"" c --profile=r2 --r2-mode=auto --block-size=131072 ""E:\MIXER\hybridzip\results\experiments\hybridzip-r2-e5-router-320dd1b-v1\children\hybridzip-r2-e5-router-320dd1b-v1-auto-b128-r1\inputs\128KiB\mozilla.bin"" ""E:\MIXER\hybridzip\results\experiments\hybridzip-r2-e5-router-320dd1b-v1\children\hybridzip-r2-e5-router-320dd1b-v1-auto-b128-r1\archives\128KiB\mozilla.hz2""","""E:\MIXER\hybridzip\build\Release\hybridzip.exe"" d ""E:\MIXER\hybridzip\results\experiments\hybridzip-r2-e5-router-320dd1b-v1\children\hybridzip-r2-e5-router-320dd1b-v1-auto-b128-r1\archives\128KiB\mozilla.hz2"" ""E:\MIXER\hybridzip\results\experiments\hybridzip-r2-e5-router-320dd1b-v1\children\hybridzip-r2-e5-router-320dd1b-v1-auto-b128-r1\decoded\128KiB\mozilla.decoded""","0","0","2026-08-29T06:57:12.5255745+08:00","COMPLETE","PASS","paq8px-generic-sse=1","Complete R2 archive size; SHA-256 byte-exact roundtrip verified."
"e5-router","auto","128","1","False","1","1","34","1","00010000","1025B343","4B1AC26C40AD4DA50312FD3B694D7E636FB768C2336FE773BC82D36424C27A4B","0:1,1:1,2:1,3:1,4:1,5:1,6:1,7:1,8:1,10:1,11:1,12:1,13:1,14:1,16:1,17:1,18:1,23:1,24:1,27:1,28:1,29:1,30:1,31:1,32:1,33:1,34:1,35:1,36:1,37:1,38:1,39:1,40:1,42:1","0","0","0","0","0","","","hybridzip-r2-e5-router-320dd1b-v1-auto-b128-r1","r2-auto","1","7","mr","32","inputs/32KiB/mr.bin","32768","3BB287B0AF65F777AB00C14E362B4D1962087260556001BBEE0689AA10D9F76A","archives/32KiB/mr.hz2","5167","91574564041EA572342466ADFD1B610CB3F87F4D6387D30AB49DE2A259F4FBAB","decoded/32KiB/mr.decoded","32768","3BB287B0AF65F777AB00C14E362B4D1962087260556001BBEE0689AA10D9F76A","174.0201265","10.6437485","547.0703125","545.7265625","547.0703125","74FF260A939B01673667723D8351AAEDB679339610009ECB23C70E373B862D9F","profile_id=2;mode=auto;block_size=131072;zstd_level=19;lzma_level=9;threads=1;process_timeout_seconds=3600","""E:\MIXER\hybridzip\build\Release\hybridzip.exe"" c --profile=r2 --r2-mode=auto --block-size=131072 ""E:\MIXER\hybridzip\results\experiments\hybridzip-r2-e5-router-320dd1b-v1\children\hybridzip-r2-e5-router-320dd1b-v1-auto-b128-r1\inputs\32KiB\mr.bin"" ""E:\MIXER\hybridzip\results\experiments\hybridzip-r2-e5-router-320dd1b-v1\children\hybridzip-r2-e5-router-320dd1b-v1-auto-b128-r1\archives\32KiB\mr.hz2""","""E:\MIXER\hybridzip\build\Release\hybridzip.exe"" d ""E:\MIXER\hybridzip\results\experiments\hybridzip-r2-e5-router-320dd1b-v1\children\hybridzip-r2-e5-router-320dd1b-v1-auto-b128-r1\archives\32KiB\mr.hz2"" ""E:\MIXER\hybridzip\results\experiments\hybridzip-r2-e5-router-320dd1b-v1\children\hybridzip-r2-e5-router-320dd1b-v1-auto-b128-r1\decoded\32KiB\mr.decoded""","0","0","2026-08-29T07:09:29.9569477+08:00","COMPLETE","PASS","paq8px-generic-sse=1","Complete R2 archive size; SHA-256 byte-exact roundtrip verified."
"e5-router","auto","128","1","False","1","1","34","1","00010000","1025B343","4B1AC26C40AD4DA50312FD3B694D7E636FB768C2336FE773BC82D36424C27A4B","0:1,1:1,2:1,3:1,4:1,5:1,6:1,7:1,8:1,10:1,11:1,12:1,13:1,14:1,16:1,17:1,18:1,23:1,24:1,27:1,28:1,29:1,30:1,31:1,32:1,33:1,34:1,35:1,36:1,37:1,38:1,39:1,40:1,42:1","0","0","0","0","0","","","hybridzip-r2-e5-router-320dd1b-v1-auto-b128-r1","r2-auto","1","8","mr","64","inputs/64KiB/mr.bin","65536","CAB7B6408934009A4BBFEDB57BEB4943BF5478CF8B3688D01F004E0422EBC651","archives/64KiB/mr.hz2","10732","298403FE9E90A34621C0BFB7343DB9B53E7C8634DB102279A7FA8C1D09AA0A75","decoded/64KiB/mr.decoded","65536","CAB7B6408934009A4BBFEDB57BEB4943BF5478CF8B3688D01F004E0422EBC651","368.8063695","34.3122716","547.76171875","545.9765625","547.76171875","74FF260A939B01673667723D8351AAEDB679339610009ECB23C70E373B862D9F","profile_id=2;mode=auto;block_size=131072;zstd_level=19;lzma_level=9;threads=1;process_timeout_seconds=3600","""E:\MIXER\hybridzip\build\Release\hybridzip.exe"" c --profile=r2 --r2-mode=auto --block-size=131072 ""E:\MIXER\hybridzip\results\experiments\hybridzip-r2-e5-router-320dd1b-v1\children\hybridzip-r2-e5-router-320dd1b-v1-auto-b128-r1\inputs\64KiB\mr.bin"" ""E:\MIXER\hybridzip\results\experiments\hybridzip-r2-e5-router-320dd1b-v1\children\hybridzip-r2-e5-router-320dd1b-v1-auto-b128-r1\archives\64KiB\mr.hz2""","""E:\MIXER\hybridzip\build\Release\hybridzip.exe"" d ""E:\MIXER\hybridzip\results\experiments\hybridzip-r2-e5-router-320dd1b-v1\children\hybridzip-r2-e5-router-320dd1b-v1-auto-b128-r1\archives\64KiB\mr.hz2"" ""E:\MIXER\hybridzip\results\experiments\hybridzip-r2-e5-router-320dd1b-v1\children\hybridzip-r2-e5-router-320dd1b-v1-auto-b128-r1\decoded\64KiB\mr.decoded""","0","0","2026-08-29T07:12:34.7033868+08:00","COMPLETE","PASS","paq8px-generic-sse=1","Complete R2 archive size; SHA-256 byte-exact roundtrip verified."
"e5-router","auto","128","1","False","1","1","33","1","00010000","1025B343","4B1AC26C40AD4DA50312FD3B694D7E636FB768C2336FE773BC82D36424C27A4B","0:1,1:1,2:1,3:1,4:1,5:1,6:1,7:1,8:1,10:1,11:1,12:1,13:1,14:1,16:1,17:1,18:1,23:1,24:1,27:1,28:1,29:1,31:1,32:1,33:1,34:1,35:1,36:1,37:1,38:1,39:1,40:1,42:1","0","0","0","0","0","","","hybridzip-r2-e5-router-320dd1b-v1-auto-b128-r1","r2-auto","1","9","mr","128","inputs/128KiB/mr.bin","131072","473A6A883480C7B2E69402AD888AC07B347C2DF61C6AA0D84E8B8130A27792EA","archives/128KiB/mr.hz2","21642","E429C8D95188BAFD2669B2C9A1634084751A40A6006A08BC8AC01AD3599A653B","decoded/128KiB/mr.decoded","131072","473A6A883480C7B2E69402AD888AC07B347C2DF61C6AA0D84E8B8130A27792EA","750.690317","80.9235782","547.5703125","546.171875","547.5703125","74FF260A939B01673667723D8351AAEDB679339610009ECB23C70E373B862D9F","profile_id=2;mode=auto;block_size=131072;zstd_level=19;lzma_level=9;threads=1;process_timeout_seconds=3600","""E:\MIXER\hybridzip\build\Release\hybridzip.exe"" c --profile=r2 --r2-mode=auto --block-size=131072 ""E:\MIXER\hybridzip\results\experiments\hybridzip-r2-e5-router-320dd1b-v1\children\hybridzip-r2-e5-router-320dd1b-v1-auto-b128-r1\inputs\128KiB\mr.bin"" ""E:\MIXER\hybridzip\results\experiments\hybridzip-r2-e5-router-320dd1b-v1\children\hybridzip-r2-e5-router-320dd1b-v1-auto-b128-r1\archives\128KiB\mr.hz2""","""E:\MIXER\hybridzip\build\Release\hybridzip.exe"" d ""E:\MIXER\hybridzip\results\experiments\hybridzip-r2-e5-router-320dd1b-v1\children\hybridzip-r2-e5-router-320dd1b-v1-auto-b128-r1\archives\128KiB\mr.hz2"" ""E:\MIXER\hybridzip\results\experiments\hybridzip-r2-e5-router-320dd1b-v1\children\hybridzip-r2-e5-router-320dd1b-v1-auto-b128-r1\decoded\128KiB\mr.decoded""","0","0","2026-08-29T07:19:17.9061007+08:00","COMPLETE","PASS","paq8px-generic-sse=1","Complete R2 archive size; SHA-256 byte-exact roundtrip verified."
"e5-router","auto","128","1","False","1","1","37","1","00010000","1025B343","4B1AC26C40AD4DA50312FD3B694D7E636FB768C2336FE773BC82D36424C27A4B","0:1,1:1,2:1,3:1,4:1,5:1,6:1,7:1,8:1,10:1,11:1,12:1,13:1,16:1,19:1,20:1,21:1,22:1,23:1,24:1,25:1,26:1,27:1,28:1,29:1,30:1,31:1,32:1,33:1,34:1,35:1,36:1,37:1,39:1,40:1,41:1,42:1","0","0","0","0","0","","","hybridzip-r2-e5-router-320dd1b-v1-auto-b128-r1","r2-auto","1","10","nci","32","inputs/32KiB/nci.bin","32768","0D3034FE8B0E573DE1439ED98CE409B83B13E5895085C9BFB0BF980F4962FB79","archives/32KiB/nci.hz2","1341","12ED9ABAFB7487BA1AB51377FEF1FDE06D0172E278C245B84D94DEAC9DFFCB16","decoded/32KiB/nci.decoded","32768","0D3034FE8B0E573DE1439ED98CE409B83B13E5895085C9BFB0BF980F4962FB79","223.3737149","4.0407759","542.08984375","361.78125","542.08984375","74FF260A939B01673667723D8351AAEDB679339610009ECB23C70E373B862D9F","profile_id=2;mode=auto;block_size=131072;zstd_level=19;lzma_level=9;threads=1;process_timeout_seconds=3600","""E:\MIXER\hybridzip\build\Release\hybridzip.exe"" c --profile=r2 --r2-mode=auto --block-size=131072 ""E:\MIXER\hybridzip\results\experiments\hybridzip-r2-e5-router-320dd1b-v1\children\hybridzip-r2-e5-router-320dd1b-v1-auto-b128-r1\inputs\32KiB\nci.bin"" ""E:\MIXER\hybridzip\results\experiments\hybridzip-r2-e5-router-320dd1b-v1\children\hybridzip-r2-e5-router-320dd1b-v1-auto-b128-r1\archives\32KiB\nci.hz2""","""E:\MIXER\hybridzip\build\Release\hybridzip.exe"" d ""E:\MIXER\hybridzip\results\experiments\hybridzip-r2-e5-router-320dd1b-v1\children\hybridzip-r2-e5-router-320dd1b-v1-auto-b128-r1\archives\32KiB\nci.hz2"" ""E:\MIXER\hybridzip\results\experiments\hybridzip-r2-e5-router-320dd1b-v1\children\hybridzip-r2-e5-router-320dd1b-v1-auto-b128-r1\decoded\32KiB\nci.decoded""","0","0","2026-08-29T07:33:09.6853136+08:00","COMPLETE","PASS","paq8px-detected-sse=1","Complete R2 archive size; SHA-256 byte-exact roundtrip verified."
"e5-router","auto","128","1","False","1","1","37","1","00010000","1025B343","4B1AC26C40AD4DA50312FD3B694D7E636FB768C2336FE773BC82D36424C27A4B","0:1,1:1,2:1,3:1,4:1,5:1,6:1,7:1,8:1,10:1,11:1,12:1,13:1,16:1,19:1,20:1,21:1,22:1,23:1,24:1,25:1,26:1,27:1,28:1,29:1,30:1,31:1,32:1,33:1,34:1,35:1,36:1,37:1,39:1,40:1,41:1,42:1","0","0","0","0","0","","","hybridzip-r2-e5-router-320dd1b-v1-auto-b128-r1","r2-auto","1","11","nci","64","inputs/64KiB/nci.bin","65536","B01B411AC3B5CE2FBF37242C0C59D2D236D2F7039937C1B1A0F18F4CC02549FE","archives/64KiB/nci.hz2","2058","DCE349EB43B90ED9E769B97E36CF9024BEA7E06BA38EF95A9D0621B26E7C50DB","decoded/64KiB/nci.decoded","65536","B01B411AC3B5CE2FBF37242C0C59D2D236D2F7039937C1B1A0F18F4CC02549FE","450.3168865","7.8082893","543.7109375","364.0859375","543.7109375","74FF260A939B01673667723D8351AAEDB679339610009ECB23C70E373B862D9F","profile_id=2;mode=auto;block_size=131072;zstd_level=19;lzma_level=9;threads=1;process_timeout_seconds=3600","""E:\MIXER\hybridzip\build\Release\hybridzip.exe"" c --profile=r2 --r2-mode=auto --block-size=131072 ""E:\MIXER\hybridzip\results\experiments\hybridzip-r2-e5-router-320dd1b-v1\children\hybridzip-r2-e5-router-320dd1b-v1-auto-b128-r1\inputs\64KiB\nci.bin"" ""E:\MIXER\hybridzip\results\experiments\hybridzip-r2-e5-router-320dd1b-v1\children\hybridzip-r2-e5-router-320dd1b-v1-auto-b128-r1\archives\64KiB\nci.hz2""","""E:\MIXER\hybridzip\build\Release\hybridzip.exe"" d ""E:\MIXER\hybridzip\results\experiments\hybridzip-r2-e5-router-320dd1b-v1\children\hybridzip-r2-e5-router-320dd1b-v1-auto-b128-r1\archives\64KiB\nci.hz2"" ""E:\MIXER\hybridzip\results\experiments\hybridzip-r2-e5-router-320dd1b-v1\children\hybridzip-r2-e5-router-320dd1b-v1-auto-b128-r1\decoded\64KiB\nci.decoded""","0","0","2026-08-29T07:36:57.1845840+08:00","COMPLETE","PASS","paq8px-detected-sse=1","Complete R2 archive size; SHA-256 byte-exact roundtrip verified."
"e5-router","auto","128","1","False","1","1","36","1","00010000","1025B343","4B1AC26C40AD4DA50312FD3B694D7E636FB768C2336FE773BC82D36424C27A4B","0:1,1:1,2:1,3:1,4:1,5:1,6:1,7:1,8:1,10:1,11:1,12:1,13:1,16:1,19:1,20:1,21:1,22:1,23:1,24:1,25:1,26:1,27:1,28:1,29:1,31:1,32:1,33:1,34:1,35:1,36:1,37:1,39:1,40:1,41:1,42:1","0","0","0","0","0","","","hybridzip-r2-e5-router-320dd1b-v1-auto-b128-r1","r2-auto","1","12","nci","128","inputs/128KiB/nci.bin","131072","C8A1D610355E5EF900ED4C704DF14ADF1935D95DFD8F1740AC9FD90FC9BF5781","archives/128KiB/nci.hz2","4231","820AFC16E251CF908FD48995260DC0AB6D6484AFC6D41FB72F278719C97070AB","decoded/128KiB/nci.decoded","131072","C8A1D610355E5EF900ED4C704DF14ADF1935D95DFD8F1740AC9FD90FC9BF5781","903.0265717","20.4166437","545.1484375","367.78125","545.1484375","74FF260A939B01673667723D8351AAEDB679339610009ECB23C70E373B862D9F","profile_id=2;mode=auto;block_size=131072;zstd_level=19;lzma_level=9;threads=1;process_timeout_seconds=3600","""E:\MIXER\hybridzip\build\Release\hybridzip.exe"" c --profile=r2 --r2-mode=auto --block-size=131072 ""E:\MIXER\hybridzip\results\experiments\hybridzip-r2-e5-router-320dd1b-v1\children\hybridzip-r2-e5-router-320dd1b-v1-auto-b128-r1\inputs\128KiB\nci.bin"" ""E:\MIXER\hybridzip\results\experiments\hybridzip-r2-e5-router-320dd1b-v1\children\hybridzip-r2-e5-router-320dd1b-v1-auto-b128-r1\archives\128KiB\nci.hz2""","""E:\MIXER\hybridzip\build\Release\hybridzip.exe"" d ""E:\MIXER\hybridzip\results\experiments\hybridzip-r2-e5-router-320dd1b-v1\children\hybridzip-r2-e5-router-320dd1b-v1-auto-b128-r1\archives\128KiB\nci.hz2"" ""E:\MIXER\hybridzip\results\experiments\hybridzip-r2-e5-router-320dd1b-v1\children\hybridzip-r2-e5-router-320dd1b-v1-auto-b128-r1\decoded\128KiB\nci.decoded""","0","0","2026-08-29T07:44:35.3970577+08:00","COMPLETE","PASS","paq8px-detected-sse=1","Complete R2 archive size; SHA-256 byte-exact roundtrip verified."
"e5-router","auto","128","1","False","1","1","34","1","00010000","1025B343","4B1AC26C40AD4DA50312FD3B694D7E636FB768C2336FE773BC82D36424C27A4B","0:1,1:1,2:1,3:1,4:1,5:1,6:1,7:1,8:1,9:1,10:1,11:1,12:1,13:1,14:1,15:1,16:1,18:1,24:1,27:1,28:1,29:1,30:1,31:1,32:1,33:1,34:1,35:1,36:1,37:1,38:1,39:1,40:1,42:1","0","0","0","0","0","","","hybridzip-r2-e5-router-320dd1b-v1-auto-b128-r1","r2-auto","1","13","ooffice","32","inputs/32KiB/ooffice.bin","32768","2ACF9B4CAAEAC5814CDFEF0FA48A5ECE857C847DBDB7B44EEAB95CA3C098921C","archives/32KiB/ooffice.hz2","8097","BE789E8DAD367762274C2F18209F256AA93D6C360CFE6A29FD6BF0263F172BCD","decoded/32KiB/ooffice.decoded","32768","2ACF9B4CAAEAC5814CDFEF0FA48A5ECE857C847DBDB7B44EEAB95CA3C098921C","158.3435531","16.2701029","552.484375","551.1875","552.484375","74FF260A939B01673667723D8351AAEDB679339610009ECB23C70E373B862D9F","profile_id=2;mode=auto;block_size=131072;zstd_level=19;lzma_level=9;threads=1;process_timeout_seconds=3600","""E:\MIXER\hybridzip\build\Release\hybridzip.exe"" c --profile=r2 --r2-mode=auto --block-size=131072 ""E:\MIXER\hybridzip\results\experiments\hybridzip-r2-e5-router-320dd1b-v1\children\hybridzip-r2-e5-router-320dd1b-v1-auto-b128-r1\inputs\32KiB\ooffice.bin"" ""E:\MIXER\hybridzip\results\experiments\hybridzip-r2-e5-router-320dd1b-v1\children\hybridzip-r2-e5-router-320dd1b-v1-auto-b128-r1\archives\32KiB\ooffice.hz2""","""E:\MIXER\hybridzip\build\Release\hybridzip.exe"" d ""E:\MIXER\hybridzip\results\experiments\hybridzip-r2-e5-router-320dd1b-v1\children\hybridzip-r2-e5-router-320dd1b-v1-auto-b128-r1\archives\32KiB\ooffice.hz2"" ""E:\MIXER\hybridzip\results\experiments\hybridzip-r2-e5-router-320dd1b-v1\children\hybridzip-r2-e5-router-320dd1b-v1-auto-b128-r1\decoded\32KiB\ooffice.decoded""","0","0","2026-08-29T07:59:58.9270203+08:00","COMPLETE","PASS","paq8px-generic-sse=1","Complete R2 archive size; SHA-256 byte-exact roundtrip verified."
"e5-router","auto","128","1","False","1","1","33","1","00010000","1025B343","4B1AC26C40AD4DA50312FD3B694D7E636FB768C2336FE773BC82D36424C27A4B","0:1,1:1,2:1,3:1,4:1,5:1,6:1,7:1,8:1,9:1,10:1,11:1,12:1,13:1,14:1,15:1,16:1,18:1,27:1,28:1,29:1,30:1,31:1,32:1,33:1,34:1,35:1,36:1,37:1,38:1,39:1,40:1,42:1","0","0","0","0","0","","","hybridzip-r2-e5-router-320dd1b-v1-auto-b128-r1","r2-auto","1","14","ooffice","64","inputs/64KiB/ooffice.bin","65536","9D30521922187D0A26F56CF2DF85001F9585D0D4EC6A0A8797466AFCC367F825","archives/64KiB/ooffice.hz2","19134","923B02EDB226F2377CB979CFF1C5371D3909C392B98774ECF8D769185421962D","decoded/64KiB/ooffice.decoded","65536","9D30521922187D0A26F56CF2DF85001F9585D0D4EC6A0A8797466AFCC367F825","330.0222216","40.98319","554.296875","552.734375","554.296875","74FF260A939B01673667723D8351AAEDB679339610009ECB23C70E373B862D9F","profile_id=2;mode=auto;block_size=131072;zstd_level=19;lzma_level=9;threads=1;process_timeout_seconds=3600","""E:\MIXER\hybridzip\build\Release\hybridzip.exe"" c --profile=r2 --r2-mode=auto --block-size=131072 ""E:\MIXER\hybridzip\results\experiments\hybridzip-r2-e5-router-320dd1b-v1\children\hybridzip-r2-e5-router-320dd1b-v1-auto-b128-r1\inputs\64KiB\ooffice.bin"" ""E:\MIXER\hybridzip\results\experiments\hybridzip-r2-e5-router-320dd1b-v1\children\hybridzip-r2-e5-router-320dd1b-v1-auto-b128-r1\archives\64KiB\ooffice.hz2""","""E:\MIXER\hybridzip\build\Release\hybridzip.exe"" d ""E:\MIXER\hybridzip\results\experiments\hybridzip-r2-e5-router-320dd1b-v1\children\hybridzip-r2-e5-router-320dd1b-v1-auto-b128-r1\archives\64KiB\ooffice.hz2"" ""E:\MIXER\hybridzip\results\experiments\hybridzip-r2-e5-router-320dd1b-v1\children\hybridzip-r2-e5-router-320dd1b-v1-auto-b128-r1\decoded\64KiB\ooffice.decoded""","0","0","2026-08-29T08:02:53.6618740+08:00","COMPLETE","PASS","paq8px-detected-sse=1","Complete R2 archive size; SHA-256 byte-exact roundtrip verified."
"e5-router","auto","128","1","False","1","1","30","1","00010000","1025B343","4B1AC26C40AD4DA50312FD3B694D7E636FB768C2336FE773BC82D36424C27A4B","0:1,1:1,2:1,3:1,4:1,5:1,6:1,7:1,8:1,9:1,10:1,11:1,12:1,13:1,14:1,15:1,16:1,27:1,28:1,29:1,31:1,32:1,33:1,34:1,35:1,36:1,37:1,39:1,40:1,42:1","0","0","0","0","0","","","hybridzip-r2-e5-router-320dd1b-v1-auto-b128-r1","r2-auto","1","15","ooffice","128","inputs/128KiB/ooffice.bin","131072","09FA5F3EE5311528863F8C3FADA3B530CC24AC1D88128E4DB2BF434161879FEF","archives/128KiB/ooffice.hz2","41067","6DB470826081EA44252E8560BF4E9F49FB19BE61DBBFE0FEDCD64195D800810D","decoded/128KiB/ooffice.decoded","131072","09FA5F3EE5311528863F8C3FADA3B530CC24AC1D88128E4DB2BF434161879FEF","669.5981608","90.4595507","555.56640625","553.69140625","555.56640625","74FF260A939B01673667723D8351AAEDB679339610009ECB23C70E373B862D9F","profile_id=2;mode=auto;block_size=131072;zstd_level=19;lzma_level=9;threads=1;process_timeout_seconds=3600","""E:\MIXER\hybridzip\build\Release\hybridzip.exe"" c --profile=r2 --r2-mode=auto --block-size=131072 ""E:\MIXER\hybridzip\results\experiments\hybridzip-r2-e5-router-320dd1b-v1\children\hybridzip-r2-e5-router-320dd1b-v1-auto-b128-r1\inputs\128KiB\ooffice.bin"" ""E:\MIXER\hybridzip\results\experiments\hybridzip-r2-e5-router-320dd1b-v1\children\hybridzip-r2-e5-router-320dd1b-v1-auto-b128-r1\archives\128KiB\ooffice.hz2""","""E:\MIXER\hybridzip\build\Release\hybridzip.exe"" d ""E:\MIXER\hybridzip\results\experiments\hybridzip-r2-e5-router-320dd1b-v1\children\hybridzip-r2-e5-router-320dd1b-v1-auto-b128-r1\archives\128KiB\ooffice.hz2"" ""E:\MIXER\hybridzip\results\experiments\hybridzip-r2-e5-router-320dd1b-v1\children\hybridzip-r2-e5-router-320dd1b-v1-auto-b128-r1\decoded\128KiB\ooffice.decoded""","0","0","2026-08-29T08:09:04.7595638+08:00","COMPLETE","PASS","paq8px-detected-sse=1","Complete R2 archive size; SHA-256 byte-exact roundtrip verified."
"e5-router","auto","128","1","False","1","1","30","1","00010000","1025B343","4B1AC26C40AD4DA50312FD3B694D7E636FB768C2336FE773BC82D36424C27A4B","0:1,1:1,2:1,3:1,4:1,5:1,6:1,7:1,8:1,14:1,19:1,21:1,22:1,23:1,25:1,26:1,27:1,28:1,29:1,30:1,31:1,32:1,33:1,34:1,35:1,36:1,37:1,39:1,40:1,41:1","0","0","0","0","0","","","hybridzip-r2-e5-router-320dd1b-v1-auto-b128-r1","r2-auto","1","16","osdb","32","inputs/32KiB/osdb.bin","32768","03B2C20B777682CD960BCD893D7A4463161D9C0200FD1708B2EFAE32A259D0B7","archives/32KiB/osdb.hz2","11420","CDBC934653B82CBD36E03B58A1E2E5E177EA85AE2B08017CA574145ACF5C4BCF","decoded/32KiB/osdb.decoded","32768","03B2C20B777682CD960BCD893D7A4463161D9C0200FD1708B2EFAE32A259D0B7","274.4319784","18.1504508","549.953125","548.3125","549.953125","74FF260A939B01673667723D8351AAEDB679339610009ECB23C70E373B862D9F","profile_id=2;mode=auto;block_size=131072;zstd_level=19;lzma_level=9;threads=1;process_timeout_seconds=3600","""E:\MIXER\hybridzip\build\Release\hybridzip.exe"" c --profile=r2 --r2-mode=auto --block-size=131072 ""E:\MIXER\hybridzip\results\experiments\hybridzip-r2-e5-router-320dd1b-v1\children\hybridzip-r2-e5-router-320dd1b-v1-auto-b128-r1\inputs\32KiB\osdb.bin"" ""E:\MIXER\hybridzip\results\experiments\hybridzip-r2-e5-router-320dd1b-v1\children\hybridzip-r2-e5-router-320dd1b-v1-auto-b128-r1\archives\32KiB\osdb.hz2""","""E:\MIXER\hybridzip\build\Release\hybridzip.exe"" d ""E:\MIXER\hybridzip\results\experiments\hybridzip-r2-e5-router-320dd1b-v1\children\hybridzip-r2-e5-router-320dd1b-v1-auto-b128-r1\archives\32KiB\osdb.hz2"" ""E:\MIXER\hybridzip\results\experiments\hybridzip-r2-e5-router-320dd1b-v1\children\hybridzip-r2-e5-router-320dd1b-v1-auto-b128-r1\decoded\32KiB\osdb.decoded""","0","0","2026-08-29T08:21:44.9114331+08:00","COMPLETE","PASS","paq8px-generic-sse=1","Complete R2 archive size; SHA-256 byte-exact roundtrip verified."
"e5-router","auto","128","1","False","1","1","30","1","00010000","1025B343","4B1AC26C40AD4DA50312FD3B694D7E636FB768C2336FE773BC82D36424C27A4B","0:1,1:1,2:1,3:1,4:1,5:1,6:1,7:1,8:1,14:1,19:1,21:1,22:1,23:1,25:1,26:1,27:1,28:1,29:1,30:1,31:1,32:1,33:1,34:1,35:1,36:1,37:1,39:1,40:1,41:1","0","0","0","0","0","","","hybridzip-r2-e5-router-320dd1b-v1-auto-b128-r1","r2-auto","1","17","osdb","64","inputs/64KiB/osdb.bin","65536","F8FE629325A07588118BA0B65880A87DED43EF249CCBC91F0E977BBACAE0C125","archives/64KiB/osdb.hz2","18994","723D65E516780E16F25BD5CD931002B37C3FA49457AD4CB501B82497B9B17891","decoded/64KiB/osdb.decoded","65536","F8FE629325A07588118BA0B65880A87DED43EF249CCBC91F0E977BBACAE0C125","550.3799779","39.7145554","551.51171875","549.7421875","551.51171875","74FF260A939B01673667723D8351AAEDB679339610009ECB23C70E373B862D9F","profile_id=2;mode=auto;block_size=131072;zstd_level=19;lzma_level=9;threads=1;process_timeout_seconds=3600","""E:\MIXER\hybridzip\build\Release\hybridzip.exe"" c --profile=r2 --r2-mode=auto --block-size=131072 ""E:\MIXER\hybridzip\results\experiments\hybridzip-r2-e5-router-320dd1b-v1\children\hybridzip-r2-e5-router-320dd1b-v1-auto-b128-r1\inputs\64KiB\osdb.bin"" ""E:\MIXER\hybridzip\results\experiments\hybridzip-r2-e5-router-320dd1b-v1\children\hybridzip-r2-e5-router-320dd1b-v1-auto-b128-r1\archives\64KiB\osdb.hz2""","""E:\MIXER\hybridzip\build\Release\hybridzip.exe"" d ""E:\MIXER\hybridzip\results\experiments\hybridzip-r2-e5-router-320dd1b-v1\children\hybridzip-r2-e5-router-320dd1b-v1-auto-b128-r1\archives\64KiB\osdb.hz2"" ""E:\MIXER\hybridzip\results\experiments\hybridzip-r2-e5-router-320dd1b-v1\children\hybridzip-r2-e5-router-320dd1b-v1-auto-b128-r1\decoded\64KiB\osdb.decoded""","0","0","2026-08-29T08:26:37.5783257+08:00","COMPLETE","PASS","paq8px-generic-sse=1","Complete R2 archive size; SHA-256 byte-exact roundtrip verified."
"e5-router","auto","128","1","False","1","1","29","1","00010000","1025B343","4B1AC26C40AD4DA50312FD3B694D7E636FB768C2336FE773BC82D36424C27A4B","0:1,1:1,2:1,3:1,4:1,5:1,6:1,7:1,8:1,14:1,19:1,21:1,22:1,23:1,25:1,26:1,27:1,28:1,29:1,31:1,32:1,33:1,34:1,35:1,36:1,37:1,39:1,40:1,41:1","0","0","0","0","0","","","hybridzip-r2-e5-router-320dd1b-v1-auto-b128-r1","r2-auto","1","18","osdb","128","inputs/128KiB/osdb.bin","131072","D977E72AE13AEFC36A4B6171A895E26A0E6EEE447B1B9FBE868D7B1C046CC91F","archives/128KiB/osdb.hz2","33602","936B50A78F628B04493635488D37F2B7DEEF01733766B037B78F48C54359E7F2","decoded/128KiB/osdb.decoded","131072","D977E72AE13AEFC36A4B6171A895E26A0E6EEE447B1B9FBE868D7B1C046CC91F","1090.2776613","76.4647302","552.6015625","550.8203125","552.6015625","74FF260A939B01673667723D8351AAEDB679339610009ECB23C70E373B862D9F","profile_id=2;mode=auto;block_size=131072;zstd_level=19;lzma_level=9;threads=1;process_timeout_seconds=3600","""E:\MIXER\hybridzip\build\Release\hybridzip.exe"" c --profile=r2 --r2-mode=auto --block-size=131072 ""E:\MIXER\hybridzip\results\experiments\hybridzip-r2-e5-router-320dd1b-v1\children\hybridzip-r2-e5-router-320dd1b-v1-auto-b128-r1\inputs\128KiB\osdb.bin"" ""E:\MIXER\hybridzip\results\experiments\hybridzip-r2-e5-router-320dd1b-v1\children\hybridzip-r2-e5-router-320dd1b-v1-auto-b128-r1\archives\128KiB\osdb.hz2""","""E:\MIXER\hybridzip\build\Release\hybridzip.exe"" d ""E:\MIXER\hybridzip\results\experiments\hybridzip-r2-e5-router-320dd1b-v1\children\hybridzip-r2-e5-router-320dd1b-v1-auto-b128-r1\archives\128KiB\osdb.hz2"" ""E:\MIXER\hybridzip\results\experiments\hybridzip-r2-e5-router-320dd1b-v1\children\hybridzip-r2-e5-router-320dd1b-v1-auto-b128-r1\decoded\128KiB\osdb.decoded""","0","0","2026-08-29T08:36:27.7607126+08:00","COMPLETE","PASS","paq8px-generic-sse=1","Complete R2 archive size; SHA-256 byte-exact roundtrip verified."
"e5-router","auto","128","1","False","1","1","30","1","00010000","1025B343","4B1AC26C40AD4DA50312FD3B694D7E636FB768C2336FE773BC82D36424C27A4B","0:1,1:1,2:1,3:1,4:1,5:1,6:1,7:1,8:1,19:1,20:1,21:1,22:1,23:1,25:1,26:1,27:1,28:1,29:1,30:1,31:1,32:1,33:1,34:1,35:1,36:1,37:1,39:1,40:1,41:1","0","0","0","0","0","","","hybridzip-r2-e5-router-320dd1b-v1-auto-b128-r1","r2-auto","1","19","reymont","32","inputs/32KiB/reymont.bin","32768","9D5E4B9340C2260DAE7DDB01B3EDA58236FF2DE5E1FF4D56767AA840B6FB1A87","archives/32KiB/reymont.hz2","5679","6B4BA13253C365E37E6B88F947429E09B4CF50A3ED11F1DBC8718CD2AEED316E","decoded/32KiB/reymont.decoded","32768","9D5E4B9340C2260DAE7DDB01B3EDA58236FF2DE5E1FF4D56767AA840B6FB1A87","234.1826646","5.9276685","545.9921875","369.16015625","545.9921875","74FF260A939B01673667723D8351AAEDB679339610009ECB23C70E373B862D9F","profile_id=2;mode=auto;block_size=131072;zstd_level=19;lzma_level=9;threads=1;process_timeout_seconds=3600","""E:\MIXER\hybridzip\build\Release\hybridzip.exe"" c --profile=r2 --r2-mode=auto --block-size=131072 ""E:\MIXER\hybridzip\results\experiments\hybridzip-r2-e5-router-320dd1b-v1\children\hybridzip-r2-e5-router-320dd1b-v1-auto-b128-r1\inputs\32KiB\reymont.bin"" ""E:\MIXER\hybridzip\results\experiments\hybridzip-r2-e5-router-320dd1b-v1\children\hybridzip-r2-e5-router-320dd1b-v1-auto-b128-r1\archives\32KiB\reymont.hz2""","""E:\MIXER\hybridzip\build\Release\hybridzip.exe"" d ""E:\MIXER\hybridzip\results\experiments\hybridzip-r2-e5-router-320dd1b-v1\children\hybridzip-r2-e5-router-320dd1b-v1-auto-b128-r1\archives\32KiB\reymont.hz2"" ""E:\MIXER\hybridzip\results\experiments\hybridzip-r2-e5-router-320dd1b-v1\children\hybridzip-r2-e5-router-320dd1b-v1-auto-b128-r1\decoded\32KiB\reymont.decoded""","0","0","2026-08-29T08:55:54.5932728+08:00","COMPLETE","PASS","paq8px-detected-sse=1","Complete R2 archive size; SHA-256 byte-exact roundtrip verified."
"e5-router","auto","128","1","False","1","1","29","1","00010000","1025B343","4B1AC26C40AD4DA50312FD3B694D7E636FB768C2336FE773BC82D36424C27A4B","0:1,1:1,2:1,3:1,4:1,5:1,6:1,7:1,8:1,19:1,21:1,22:1,23:1,25:1,26:1,27:1,28:1,29:1,30:1,31:1,32:1,33:1,34:1,35:1,36:1,37:1,39:1,40:1,41:1","0","0","0","0","0","","","hybridzip-r2-e5-router-320dd1b-v1-auto-b128-r1","r2-auto","1","20","reymont","64","inputs/64KiB/reymont.bin","65536","A5ECAAABB133F1ADF8DE6062BE6381D143E87F9F8050EEA9B5BE6F92B88C3C22","archives/64KiB/reymont.hz2","10629","A04AFB92FC9482AB9A576740537E9FC14C7A35A4BDA6BAA950E703A026628D21","decoded/64KiB/reymont.decoded","65536","A5ECAAABB133F1ADF8DE6062BE6381D143E87F9F8050EEA9B5BE6F92B88C3C22","474.4976169","13.5666353","546.69921875","369.78125","546.69921875","74FF260A939B01673667723D8351AAEDB679339610009ECB23C70E373B862D9F","profile_id=2;mode=auto;block_size=131072;zstd_level=19;lzma_level=9;threads=1;process_timeout_seconds=3600","""E:\MIXER\hybridzip\build\Release\hybridzip.exe"" c --profile=r2 --r2-mode=auto --block-size=131072 ""E:\MIXER\hybridzip\results\experiments\hybridzip-r2-e5-router-320dd1b-v1\children\hybridzip-r2-e5-router-320dd1b-v1-auto-b128-r1\inputs\64KiB\reymont.bin"" ""E:\MIXER\hybridzip\results\experiments\hybridzip-r2-e5-router-320dd1b-v1\children\hybridzip-r2-e5-router-320dd1b-v1-auto-b128-r1\archives\64KiB\reymont.hz2""","""E:\MIXER\hybridzip\build\Release\hybridzip.exe"" d ""E:\MIXER\hybridzip\results\experiments\hybridzip-r2-e5-router-320dd1b-v1\children\hybridzip-r2-e5-router-320dd1b-v1-auto-b128-r1\archives\64KiB\reymont.hz2"" ""E:\MIXER\hybridzip\results\experiments\hybridzip-r2-e5-router-320dd1b-v1\children\hybridzip-r2-e5-router-320dd1b-v1-auto-b128-r1\decoded\64KiB\reymont.decoded""","0","0","2026-08-29T08:59:54.7949367+08:00","COMPLETE","PASS","paq8px-detected-sse=1","Complete R2 archive size; SHA-256 byte-exact roundtrip verified."
"e5-router","auto","128","1","False","1","1","28","1","00010000","1025B343","4B1AC26C40AD4DA50312FD3B694D7E636FB768C2336FE773BC82D36424C27A4B","0:1,1:1,2:1,3:1,4:1,5:1,6:1,7:1,8:1,19:1,21:1,22:1,23:1,25:1,26:1,27:1,28:1,29:1,31:1,32:1,33:1,34:1,35:1,36:1,37:1,39:1,40:1,41:1","0","0","0","0","0","","","hybridzip-r2-e5-router-320dd1b-v1-auto-b128-r1","r2-auto","1","21","reymont","128","inputs/128KiB/reymont.bin","131072","A6CA7478854C1E80DFEAF9FB3444B357F9D7625E55232FAE3B3632A5A1217DEA","archives/128KiB/reymont.hz2","19991","DE1F50B5C9E2E007CBB912234742195C11E01AA7FB246964D2B65A2A774D7265","decoded/128KiB/reymont.decoded","131072","A6CA7478854C1E80DFEAF9FB3444B357F9D7625E55232FAE3B3632A5A1217DEA","791.4374492","22.8345712","546.78515625","370.1953125","546.78515625","74FF260A939B01673667723D8351AAEDB679339610009ECB23C70E373B862D9F","profile_id=2;mode=auto;block_size=131072;zstd_level=19;lzma_level=9;threads=1;process_timeout_seconds=3600","""E:\MIXER\hybridzip\build\Release\hybridzip.exe"" c --profile=r2 --r2-mode=auto --block-size=131072 ""E:\MIXER\hybridzip\results\experiments\hybridzip-r2-e5-router-320dd1b-v1\children\hybridzip-r2-e5-router-320dd1b-v1-auto-b128-r1\inputs\128KiB\reymont.bin"" ""E:\MIXER\hybridzip\results\experiments\hybridzip-r2-e5-router-320dd1b-v1\children\hybridzip-r2-e5-router-320dd1b-v1-auto-b128-r1\archives\128KiB\reymont.hz2""","""E:\MIXER\hybridzip\build\Release\hybridzip.exe"" d ""E:\MIXER\hybridzip\results\experiments\hybridzip-r2-e5-router-320dd1b-v1\children\hybridzip-r2-e5-router-320dd1b-v1-auto-b128-r1\archives\128KiB\reymont.hz2"" ""E:\MIXER\hybridzip\results\experiments\hybridzip-r2-e5-router-320dd1b-v1\children\hybridzip-r2-e5-router-320dd1b-v1-auto-b128-r1\decoded\128KiB\reymont.decoded""","0","0","2026-08-29T09:08:02.9460527+08:00","COMPLETE","PASS","paq8px-detected-sse=1","Complete R2 archive size; SHA-256 byte-exact roundtrip verified."
"e5-router","auto","128","1","False","1","1","38","1","00010000","1025B343","4B1AC26C40AD4DA50312FD3B694D7E636FB768C2336FE773BC82D36424C27A4B","0:1,1:1,2:1,3:1,4:1,5:1,6:1,7:1,8:1,10:1,11:1,12:1,13:1,14:1,16:1,19:1,20:1,21:1,22:1,23:1,24:1,25:1,26:1,27:1,28:1,29:1,30:1,31:1,32:1,33:1,34:1,35:1,36:1,37:1,39:1,40:1,41:1,42:1","0","0","0","0","0","","","hybridzip-r2-e5-router-320dd1b-v1-auto-b128-r1","r2-auto","1","22","samba","32","inputs/32KiB/samba.bin","32768","9C4F5BEE544E4531E4946E62F796987418B4526911C34877EF282F14DD57AD12","archives/32KiB/samba.hz2","7956","73956285FFC2574A980D1DE0715E0BDF2A57CC0C267D97D93600253CA1E38770","decoded/32KiB/samba.decoded","32768","9C4F5BEE544E4531E4946E62F796987418B4526911C34877EF282F14DD57AD12","166.778608","12.3762057","546.63671875","545.19921875","546.63671875","74FF260A939B01673667723D8351AAEDB679339610009ECB23C70E373B862D9F","profile_id=2;mode=auto;block_size=131072;zstd_level=19;lzma_level=9;threads=1;process_timeout_seconds=3600","""E:\MIXER\hybridzip\build\Release\hybridzip.exe"" c --profile=r2 --r2-mode=auto --block-size=131072 ""E:\MIXER\hybridzip\results\experiments\hybridzip-r2-e5-router-320dd1b-v1\children\hybridzip-r2-e5-router-320dd1b-v1-auto-b128-r1\inputs\32KiB\samba.bin"" ""E:\MIXER\hybridzip\results\experiments\hybridzip-r2-e5-router-320dd1b-v1\children\hybridzip-r2-e5-router-320dd1b-v1-auto-b128-r1\archives\32KiB\samba.hz2""","""E:\MIXER\hybridzip\build\Release\hybridzip.exe"" d ""E:\MIXER\hybridzip\results\experiments\hybridzip-r2-e5-router-320dd1b-v1\children\hybridzip-r2-e5-router-320dd1b-v1-auto-b128-r1\archives\32KiB\samba.hz2"" ""E:\MIXER\hybridzip\results\experiments\hybridzip-r2-e5-router-320dd1b-v1\children\hybridzip-r2-e5-router-320dd1b-v1-auto-b128-r1\decoded\32KiB\samba.decoded""","0","0","2026-08-29T09:21:37.2884241+08:00","COMPLETE","PASS","paq8px-generic-sse=1","Complete R2 archive size; SHA-256 byte-exact roundtrip verified."
"e5-router","auto","128","1","False","1","1","38","1","00010000","1025B343","4B1AC26C40AD4DA50312FD3B694D7E636FB768C2336FE773BC82D36424C27A4B","0:1,1:1,2:1,3:1,4:1,5:1,6:1,7:1,8:1,10:1,11:1,12:1,13:1,14:1,16:1,19:1,20:1,21:1,22:1,23:1,24:1,25:1,26:1,27:1,28:1,29:1,30:1,31:1,32:1,33:1,34:1,35:1,36:1,37:1,39:1,40:1,41:1,42:1","0","0","0","0","0","","","hybridzip-r2-e5-router-320dd1b-v1-auto-b128-r1","r2-auto","1","23","samba","64","inputs/64KiB/samba.bin","65536","3E0420984C0F260EA7350734600CEA9D8500B745E2E4B7DBD4D1DA1D1ADAC421","archives/64KiB/samba.hz2","15270","1480A4FDD8E4DEE599C20077CFCA07C8A8AF4454FF2CA9C9061A14E18555D941","decoded/64KiB/samba.decoded","65536","3E0420984C0F260EA7350734600CEA9D8500B745E2E4B7DBD4D1DA1D1ADAC421","259.6202581","24.5528878","547.359375","545.6484375","547.359375","74FF260A939B01673667723D8351AAEDB679339610009ECB23C70E373B862D9F","profile_id=2;mode=auto;block_size=131072;zstd_level=19;lzma_level=9;threads=1;process_timeout_seconds=3600","""E:\MIXER\hybridzip\build\Release\hybridzip.exe"" c --profile=r2 --r2-mode=auto --block-size=131072 ""E:\MIXER\hybridzip\results\experiments\hybridzip-r2-e5-router-320dd1b-v1\children\hybridzip-r2-e5-router-320dd1b-v1-auto-b128-r1\inputs\64KiB\samba.bin"" ""E:\MIXER\hybridzip\results\experiments\hybridzip-r2-e5-router-320dd1b-v1\children\hybridzip-r2-e5-router-320dd1b-v1-auto-b128-r1\archives\64KiB\samba.hz2""","""E:\MIXER\hybridzip\build\Release\hybridzip.exe"" d ""E:\MIXER\hybridzip\results\experiments\hybridzip-r2-e5-router-320dd1b-v1\children\hybridzip-r2-e5-router-320dd1b-v1-auto-b128-r1\archives\64KiB\samba.hz2"" ""E:\MIXER\hybridzip\results\experiments\hybridzip-r2-e5-router-320dd1b-v1\children\hybridzip-r2-e5-router-320dd1b-v1-auto-b128-r1\decoded\64KiB\samba.decoded""","0","0","2026-08-29T09:24:36.5094765+08:00","COMPLETE","PASS","paq8px-generic-sse=1","Complete R2 archive size; SHA-256 byte-exact roundtrip verified."
"e5-router","auto","128","1","False","1","1","30","1","00010000","1025B343","4B1AC26C40AD4DA50312FD3B694D7E636FB768C2336FE773BC82D36424C27A4B","0:1,1:1,2:1,3:1,4:1,5:1,6:1,7:1,8:1,14:1,19:1,20:1,21:1,22:1,23:1,25:1,26:1,27:1,28:1,29:1,31:1,32:1,33:1,34:1,35:1,36:1,37:1,39:1,40:1,41:1","0","0","0","0","0","","","hybridzip-r2-e5-router-320dd1b-v1-auto-b128-r1","r2-auto","1","24","samba","128","inputs/128KiB/samba.bin","131072","F3B8C4AD35BC6CF21977895D6F04A22B1422605942FA5AFE35CE28B2A221D7E8","archives/128KiB/samba.hz2","31518","DE93A3DB0733E3A8AD3FBA10C1FA53993810FA401429FC01DB9C9290E527622F","decoded/128KiB/samba.decoded","131072","F3B8C4AD35BC6CF21977895D6F04A22B1422605942FA5AFE35CE28B2A221D7E8","784.5660339","47.775113","548.515625","546.76171875","548.515625","74FF260A939B01673667723D8351AAEDB679339610009ECB23C70E373B862D9F","profile_id=2;mode=auto;block_size=131072;zstd_level=19;lzma_level=9;threads=1;process_timeout_seconds=3600","""E:\MIXER\hybridzip\build\Release\hybridzip.exe"" c --profile=r2 --r2-mode=auto --block-size=131072 ""E:\MIXER\hybridzip\results\experiments\hybridzip-r2-e5-router-320dd1b-v1\children\hybridzip-r2-e5-router-320dd1b-v1-auto-b128-r1\inputs\128KiB\samba.bin"" ""E:\MIXER\hybridzip\results\experiments\hybridzip-r2-e5-router-320dd1b-v1\children\hybridzip-r2-e5-router-320dd1b-v1-auto-b128-r1\archives\128KiB\samba.hz2""","""E:\MIXER\hybridzip\build\Release\hybridzip.exe"" d ""E:\MIXER\hybridzip\results\experiments\hybridzip-r2-e5-router-320dd1b-v1\children\hybridzip-r2-e5-router-320dd1b-v1-auto-b128-r1\archives\128KiB\samba.hz2"" ""E:\MIXER\hybridzip\results\experiments\hybridzip-r2-e5-router-320dd1b-v1\children\hybridzip-r2-e5-router-320dd1b-v1-auto-b128-r1\decoded\128KiB\samba.decoded""","0","0","2026-08-29T09:29:20.7451494+08:00","COMPLETE","PASS","paq8px-generic-sse=1","Complete R2 archive size; SHA-256 byte-exact roundtrip verified."
"e5-router","auto","128","1","False","1","1","29","1","00010000","1025B343","4B1AC26C40AD4DA50312FD3B694D7E636FB768C2336FE773BC82D36424C27A4B","0:1,1:1,2:1,3:1,4:1,5:1,6:1,7:1,8:1,9:1,14:1,15:1,21:1,22:1,23:1,26:1,27:1,28:1,29:1,30:1,31:1,32:1,33:1,34:1,35:1,36:1,37:1,39:1,40:1","0","0","0","0","0","","","hybridzip-r2-e5-router-320dd1b-v1-auto-b128-r1","r2-auto","1","25","sao","32","inputs/32KiB/sao.bin","32768","95677430CAD4F000506BC5EE22815C3F4E13D64B477ED506B78D5D9ACFB50CCD","archives/32KiB/sao.hz2","18805","AA4590751F8AEC01D4300541A9C594D25E92C3847765433975A01EF62FECD1E5","decoded/32KiB/sao.decoded","32768","95677430CAD4F000506BC5EE22815C3F4E13D64B477ED506B78D5D9ACFB50CCD","151.2762544","19.8727829","550.0859375","548.65234375","550.0859375","74FF260A939B01673667723D8351AAEDB679339610009ECB23C70E373B862D9F","profile_id=2;mode=auto;block_size=131072;zstd_level=19;lzma_level=9;threads=1;process_timeout_seconds=3600","""E:\MIXER\hybridzip\build\Release\hybridzip.exe"" c --profile=r2 --r2-mode=auto --block-size=131072 ""E:\MIXER\hybridzip\results\experiments\hybridzip-r2-e5-router-320dd1b-v1\children\hybridzip-r2-e5-router-320dd1b-v1-auto-b128-r1\inputs\32KiB\sao.bin"" ""E:\MIXER\hybridzip\results\experiments\hybridzip-r2-e5-router-320dd1b-v1\children\hybridzip-r2-e5-router-320dd1b-v1-auto-b128-r1\archives\32KiB\sao.hz2""","""E:\MIXER\hybridzip\build\Release\hybridzip.exe"" d ""E:\MIXER\hybridzip\results\experiments\hybridzip-r2-e5-router-320dd1b-v1\children\hybridzip-r2-e5-router-320dd1b-v1-auto-b128-r1\archives\32KiB\sao.hz2"" ""E:\MIXER\hybridzip\results\experiments\hybridzip-r2-e5-router-320dd1b-v1\children\hybridzip-r2-e5-router-320dd1b-v1-auto-b128-r1\decoded\32KiB\sao.decoded""","0","0","2026-08-29T09:43:13.1572311+08:00","COMPLETE","PASS","paq8px-generic-sse=1","Complete R2 archive size; SHA-256 byte-exact roundtrip verified."
"e5-router","auto","128","1","False","1","1","29","1","00010000","1025B343","4B1AC26C40AD4DA50312FD3B694D7E636FB768C2336FE773BC82D36424C27A4B","0:1,1:1,2:1,3:1,4:1,5:1,6:1,7:1,8:1,9:1,14:1,15:1,21:1,22:1,23:1,26:1,27:1,28:1,29:1,30:1,31:1,32:1,33:1,34:1,35:1,36:1,37:1,39:1,40:1","0","0","0","0","0","","","hybridzip-r2-e5-router-320dd1b-v1-auto-b128-r1","r2-auto","1","26","sao","64","inputs/64KiB/sao.bin","65536","17CBD7166A47786139F60BA33B4E771CE0154F6FA56986883D129BC23F78EBEE","archives/64KiB/sao.hz2","36379","36A13BF37476869127B816C992076FA166DBE26975430904C0379B1D26A4EDF7","decoded/64KiB/sao.decoded","65536","17CBD7166A47786139F60BA33B4E771CE0154F6FA56986883D129BC23F78EBEE","377.6078768","48.6329317","560.40625","550.35546875","560.40625","74FF260A939B01673667723D8351AAEDB679339610009ECB23C70E373B862D9F","profile_id=2;mode=auto;block_size=131072;zstd_level=19;lzma_level=9;threads=1;process_timeout_seconds=3600","""E:\MIXER\hybridzip\build\Release\hybridzip.exe"" c --profile=r2 --r2-mode=auto --block-size=131072 ""E:\MIXER\hybridzip\results\experiments\hybridzip-r2-e5-router-320dd1b-v1\children\hybridzip-r2-e5-router-320dd1b-v1-auto-b128-r1\inputs\64KiB\sao.bin"" ""E:\MIXER\hybridzip\results\experiments\hybridzip-r2-e5-router-320dd1b-v1\children\hybridzip-r2-e5-router-320dd1b-v1-auto-b128-r1\archives\64KiB\sao.hz2""","""E:\MIXER\hybridzip\build\Release\hybridzip.exe"" d ""E:\MIXER\hybridzip\results\experiments\hybridzip-r2-e5-router-320dd1b-v1\children\hybridzip-r2-e5-router-320dd1b-v1-auto-b128-r1\archives\64KiB\sao.hz2"" ""E:\MIXER\hybridzip\results\experiments\hybridzip-r2-e5-router-320dd1b-v1\children\hybridzip-r2-e5-router-320dd1b-v1-auto-b128-r1\decoded\64KiB\sao.decoded""","0","0","2026-08-29T09:46:04.3730737+08:00","COMPLETE","PASS","paq8px-generic-sse=1","Complete R2 archive size; SHA-256 byte-exact roundtrip verified."
"e5-router","auto","128","1","False","1","1","28","1","00010000","1025B343","4B1AC26C40AD4DA50312FD3B694D7E636FB768C2336FE773BC82D36424C27A4B","0:1,1:1,2:1,3:1,4:1,5:1,6:1,7:1,8:1,9:1,14:1,15:1,21:1,22:1,23:1,26:1,27:1,28:1,29:1,31:1,32:1,33:1,34:1,35:1,36:1,37:1,39:1,40:1","0","0","0","0","0","","","hybridzip-r2-e5-router-320dd1b-v1-auto-b128-r1","r2-auto","1","27","sao","128","inputs/128KiB/sao.bin","131072","75E535B42DB7505118D8B19C7C42C1F49C5542ADDC9DBC13383953659F675CE0","archives/128KiB/sao.hz2","71243","5AFC2AB6A0F3B2773F38E68381DF4CD10D502D60F73B846F3F2CF9D6F9776FC6","decoded/128KiB/sao.decoded","131072","75E535B42DB7505118D8B19C7C42C1F49C5542ADDC9DBC13383953659F675CE0","848.7317405","66.2426114","553.65234375","551.6484375","553.65234375","74FF260A939B01673667723D8351AAEDB679339610009ECB23C70E373B862D9F","profile_id=2;mode=auto;block_size=131072;zstd_level=19;lzma_level=9;threads=1;process_timeout_seconds=3600","""E:\MIXER\hybridzip\build\Release\hybridzip.exe"" c --profile=r2 --r2-mode=auto --block-size=131072 ""E:\MIXER\hybridzip\results\experiments\hybridzip-r2-e5-router-320dd1b-v1\children\hybridzip-r2-e5-router-320dd1b-v1-auto-b128-r1\inputs\128KiB\sao.bin"" ""E:\MIXER\hybridzip\results\experiments\hybridzip-r2-e5-router-320dd1b-v1\children\hybridzip-r2-e5-router-320dd1b-v1-auto-b128-r1\archives\128KiB\sao.hz2""","""E:\MIXER\hybridzip\build\Release\hybridzip.exe"" d ""E:\MIXER\hybridzip\results\experiments\hybridzip-r2-e5-router-320dd1b-v1\children\hybridzip-r2-e5-router-320dd1b-v1-auto-b128-r1\archives\128KiB\sao.hz2"" ""E:\MIXER\hybridzip\results\experiments\hybridzip-r2-e5-router-320dd1b-v1\children\hybridzip-r2-e5-router-320dd1b-v1-auto-b128-r1\decoded\128KiB\sao.decoded""","0","0","2026-08-29T09:53:10.6961757+08:00","COMPLETE","PASS","paq8px-generic-sse=1","Complete R2 archive size; SHA-256 byte-exact roundtrip verified."
"e5-router","auto","128","1","False","1","1","31","1","00010000","1025B343","4B1AC26C40AD4DA50312FD3B694D7E636FB768C2336FE773BC82D36424C27A4B","0:1,1:1,2:1,3:1,4:1,5:1,6:1,7:1,8:1,14:1,19:1,20:1,21:1,22:1,23:1,25:1,26:1,27:1,28:1,29:1,30:1,31:1,32:1,33:1,34:1,35:1,36:1,37:1,39:1,40:1,41:1","0","0","0","0","0","","","hybridzip-r2-e5-router-320dd1b-v1-auto-b128-r1","r2-auto","1","28","webster","32","inputs/32KiB/webster.bin","32768","774D224695AF4057353F72602BB96CD2AFEEA059AC7737535645F11596FCA85E","archives/32KiB/webster.hz2","9258","47D5B7887C4F4A198782DBCEF906E4E8B19077A01F51413C9942A1C36AF13D85","decoded/32KiB/webster.decoded","32768","774D224695AF4057353F72602BB96CD2AFEEA059AC7737535645F11596FCA85E","132.8986499","7.8015474","547.984375","369.7890625","547.984375","74FF260A939B01673667723D8351AAEDB679339610009ECB23C70E373B862D9F","profile_id=2;mode=auto;block_size=131072;zstd_level=19;lzma_level=9;threads=1;process_timeout_seconds=3600","""E:\MIXER\hybridzip\build\Release\hybridzip.exe"" c --profile=r2 --r2-mode=auto --block-size=131072 ""E:\MIXER\hybridzip\results\experiments\hybridzip-r2-e5-router-320dd1b-v1\children\hybridzip-r2-e5-router-320dd1b-v1-auto-b128-r1\inputs\32KiB\webster.bin"" ""E:\MIXER\hybridzip\results\experiments\hybridzip-r2-e5-router-320dd1b-v1\children\hybridzip-r2-e5-router-320dd1b-v1-auto-b128-r1\archives\32KiB\webster.hz2""","""E:\MIXER\hybridzip\build\Release\hybridzip.exe"" d ""E:\MIXER\hybridzip\results\experiments\hybridzip-r2-e5-router-320dd1b-v1\children\hybridzip-r2-e5-router-320dd1b-v1-auto-b128-r1\archives\32KiB\webster.hz2"" ""E:\MIXER\hybridzip\results\experiments\hybridzip-r2-e5-router-320dd1b-v1\children\hybridzip-r2-e5-router-320dd1b-v1-auto-b128-r1\decoded\32KiB\webster.decoded""","0","0","2026-08-29T10:08:25.7420440+08:00","COMPLETE","PASS","paq8px-detected-sse=1","Complete R2 archive size; SHA-256 byte-exact roundtrip verified."
"e5-router","auto","128","1","False","1","1","31","1","00010000","1025B343","4B1AC26C40AD4DA50312FD3B694D7E636FB768C2336FE773BC82D36424C27A4B","0:1,1:1,2:1,3:1,4:1,5:1,6:1,7:1,8:1,14:1,19:1,20:1,21:1,22:1,23:1,25:1,26:1,27:1,28:1,29:1,30:1,31:1,32:1,33:1,34:1,35:1,36:1,37:1,39:1,40:1,41:1","0","0","0","0","0","","","hybridzip-r2-e5-router-320dd1b-v1-auto-b128-r1","r2-auto","1","29","webster","64","inputs/64KiB/webster.bin","65536","262258811321382F9E4F44D2184B6B7FED0336CF831446D8336C47D6CCC2B32E","archives/64KiB/webster.hz2","15190","4E7707E28C6EF213E635636B6A36E691BC490F8A721EE589CF50A8465FBB8D21","decoded/64KiB/webster.decoded","65536","262258811321382F9E4F44D2184B6B7FED0336CF831446D8336C47D6CCC2B32E","448.0861656","14.5728444","548.32421875","370.28125","548.32421875","74FF260A939B01673667723D8351AAEDB679339610009ECB23C70E373B862D9F","profile_id=2;mode=auto;block_size=131072;zstd_level=19;lzma_level=9;threads=1;process_timeout_seconds=3600","""E:\MIXER\hybridzip\build\Release\hybridzip.exe"" c --profile=r2 --r2-mode=auto --block-size=131072 ""E:\MIXER\hybridzip\results\experiments\hybridzip-r2-e5-router-320dd1b-v1\children\hybridzip-r2-e5-router-320dd1b-v1-auto-b128-r1\inputs\64KiB\webster.bin"" ""E:\MIXER\hybridzip\results\experiments\hybridzip-r2-e5-router-320dd1b-v1\children\hybridzip-r2-e5-router-320dd1b-v1-auto-b128-r1\archives\64KiB\webster.hz2""","""E:\MIXER\hybridzip\build\Release\hybridzip.exe"" d ""E:\MIXER\hybridzip\results\experiments\hybridzip-r2-e5-router-320dd1b-v1\children\hybridzip-r2-e5-router-320dd1b-v1-auto-b128-r1\archives\64KiB\webster.hz2"" ""E:\MIXER\hybridzip\results\experiments\hybridzip-r2-e5-router-320dd1b-v1\children\hybridzip-r2-e5-router-320dd1b-v1-auto-b128-r1\decoded\64KiB\webster.decoded""","0","0","2026-08-29T10:10:46.5173721+08:00","COMPLETE","PASS","paq8px-detected-sse=1","Complete R2 archive size; SHA-256 byte-exact roundtrip verified."
"e5-router","auto","128","1","False","1","1","30","1","00010000","1025B343","4B1AC26C40AD4DA50312FD3B694D7E636FB768C2336FE773BC82D36424C27A4B","0:1,1:1,2:1,3:1,4:1,5:1,6:1,7:1,8:1,14:1,19:1,20:1,21:1,22:1,23:1,25:1,26:1,27:1,28:1,29:1,31:1,32:1,33:1,34:1,35:1,36:1,37:1,39:1,40:1,41:1","0","0","0","0","0","","","hybridzip-r2-e5-router-320dd1b-v1-auto-b128-r1","r2-auto","1","30","webster","128","inputs/128KiB/webster.bin","131072","C069C1FDCA99BC5C44F06D134CD0CDA60315DD631AA6564733B2CE0E6D59305C","archives/128KiB/webster.hz2","25871","DF27DF6F3908A76C03E0E328ED86CBAF08F7283FCE0D3C24A827AA7117DAB796","decoded/128KiB/webster.decoded","131072","C069C1FDCA99BC5C44F06D134CD0CDA60315DD631AA6564733B2CE0E6D59305C","828.6025885","71.6097072","548.91796875","370.55078125","548.91796875","74FF260A939B01673667723D8351AAEDB679339610009ECB23C70E373B862D9F","profile_id=2;mode=auto;block_size=131072;zstd_level=19;lzma_level=9;threads=1;process_timeout_seconds=3600","""E:\MIXER\hybridzip\build\Release\hybridzip.exe"" c --profile=r2 --r2-mode=auto --block-size=131072 ""E:\MIXER\hybridzip\results\experiments\hybridzip-r2-e5-router-320dd1b-v1\children\hybridzip-r2-e5-router-320dd1b-v1-auto-b128-r1\inputs\128KiB\webster.bin"" ""E:\MIXER\hybridzip\results\experiments\hybridzip-r2-e5-router-320dd1b-v1\children\hybridzip-r2-e5-router-320dd1b-v1-auto-b128-r1\archives\128KiB\webster.hz2""","""E:\MIXER\hybridzip\build\Release\hybridzip.exe"" d ""E:\MIXER\hybridzip\results\experiments\hybridzip-r2-e5-router-320dd1b-v1\children\hybridzip-r2-e5-router-320dd1b-v1-auto-b128-r1\archives\128KiB\webster.hz2"" ""E:\MIXER\hybridzip\results\experiments\hybridzip-r2-e5-router-320dd1b-v1\children\hybridzip-r2-e5-router-320dd1b-v1-auto-b128-r1\decoded\128KiB\webster.decoded""","0","0","2026-08-29T10:18:29.2499971+08:00","COMPLETE","PASS","paq8px-detected-sse=1","Complete R2 archive size; SHA-256 byte-exact roundtrip verified."
"e5-router","auto","128","1","False","1","1","31","1","00010000","1025B343","4B1AC26C40AD4DA50312FD3B694D7E636FB768C2336FE773BC82D36424C27A4B","0:1,1:1,2:1,3:1,4:1,5:1,10:1,11:1,12:1,13:1,14:1,16:1,17:1,18:1,23:1,24:1,27:1,28:1,29:1,30:1,31:1,32:1,33:1,34:1,35:1,36:1,37:1,38:1,39:1,40:1,42:1","0","0","0","0","0","","","hybridzip-r2-e5-router-320dd1b-v1-auto-b128-r1","r2-auto","1","31","x-ray","32","inputs/32KiB/x-ray.bin","32768","10511AA63DFBD9C0DDBFEFE36068740103D4BA1116E214154A0772057D7E9314","archives/32KiB/x-ray.hz2","14702","FBB4651DDE492F0875B891D7CC3338FBCB7FFB51BCF4D010F0D40F4EFD495E88","decoded/32KiB/x-ray.decoded","32768","10511AA63DFBD9C0DDBFEFE36068740103D4BA1116E214154A0772057D7E9314","205.4188944","16.2107406","548.03515625","547.0390625","548.03515625","74FF260A939B01673667723D8351AAEDB679339610009ECB23C70E373B862D9F","profile_id=2;mode=auto;block_size=131072;zstd_level=19;lzma_level=9;threads=1;process_timeout_seconds=3600","""E:\MIXER\hybridzip\build\Release\hybridzip.exe"" c --profile=r2 --r2-mode=auto --block-size=131072 ""E:\MIXER\hybridzip\results\experiments\hybridzip-r2-e5-router-320dd1b-v1\children\hybridzip-r2-e5-router-320dd1b-v1-auto-b128-r1\inputs\32KiB\x-ray.bin"" ""E:\MIXER\hybridzip\results\experiments\hybridzip-r2-e5-router-320dd1b-v1\children\hybridzip-r2-e5-router-320dd1b-v1-auto-b128-r1\archives\32KiB\x-ray.hz2""","""E:\MIXER\hybridzip\build\Release\hybridzip.exe"" d ""E:\MIXER\hybridzip\results\experiments\hybridzip-r2-e5-router-320dd1b-v1\children\hybridzip-r2-e5-router-320dd1b-v1-auto-b128-r1\archives\32KiB\x-ray.hz2"" ""E:\MIXER\hybridzip\results\experiments\hybridzip-r2-e5-router-320dd1b-v1\children\hybridzip-r2-e5-router-320dd1b-v1-auto-b128-r1\decoded\32KiB\x-ray.decoded""","0","0","2026-08-29T10:33:29.5800424+08:00","COMPLETE","PASS","paq8px-generic-sse=1","Complete R2 archive size; SHA-256 byte-exact roundtrip verified."
"e5-router","auto","128","1","False","1","1","31","1","00010000","1025B343","4B1AC26C40AD4DA50312FD3B694D7E636FB768C2336FE773BC82D36424C27A4B","0:1,1:1,2:1,3:1,4:1,5:1,10:1,11:1,12:1,13:1,14:1,16:1,17:1,18:1,23:1,24:1,27:1,28:1,29:1,30:1,31:1,32:1,33:1,34:1,35:1,36:1,37:1,38:1,39:1,40:1,42:1","0","0","0","0","0","","","hybridzip-r2-e5-router-320dd1b-v1-auto-b128-r1","r2-auto","1","32","x-ray","64","inputs/64KiB/x-ray.bin","65536","B5A07146616BCD7C2D10071D41E07D204DE0AC629C4CA37D8E867FF00574D0D8","archives/64KiB/x-ray.hz2","29135","6707A85129F440189A9107FFA363A7441B4D641E10AF00F6A6616A4C1474CFFA","decoded/64KiB/x-ray.decoded","65536","B5A07146616BCD7C2D10071D41E07D204DE0AC629C4CA37D8E867FF00574D0D8","235.0651525","28.2088678","564.90625","547.3203125","564.90625","74FF260A939B01673667723D8351AAEDB679339610009ECB23C70E373B862D9F","profile_id=2;mode=auto;block_size=131072;zstd_level=19;lzma_level=9;threads=1;process_timeout_seconds=3600","""E:\MIXER\hybridzip\build\Release\hybridzip.exe"" c --profile=r2 --r2-mode=auto --block-size=131072 ""E:\MIXER\hybridzip\results\experiments\hybridzip-r2-e5-router-320dd1b-v1\children\hybridzip-r2-e5-router-320dd1b-v1-auto-b128-r1\inputs\64KiB\x-ray.bin"" ""E:\MIXER\hybridzip\results\experiments\hybridzip-r2-e5-router-320dd1b-v1\children\hybridzip-r2-e5-router-320dd1b-v1-auto-b128-r1\archives\64KiB\x-ray.hz2""","""E:\MIXER\hybridzip\build\Release\hybridzip.exe"" d ""E:\MIXER\hybridzip\results\experiments\hybridzip-r2-e5-router-320dd1b-v1\children\hybridzip-r2-e5-router-320dd1b-v1-auto-b128-r1\archives\64KiB\x-ray.hz2"" ""E:\MIXER\hybridzip\results\experiments\hybridzip-r2-e5-router-320dd1b-v1\children\hybridzip-r2-e5-router-320dd1b-v1-auto-b128-r1\decoded\64KiB\x-ray.decoded""","0","0","2026-08-29T10:37:11.3043398+08:00","COMPLETE","PASS","paq8px-generic-sse=1","Complete R2 archive size; SHA-256 byte-exact roundtrip verified."
"e5-router","auto","128","1","False","1","1","35","1","00010000","1025B343","4B1AC26C40AD4DA50312FD3B694D7E636FB768C2336FE773BC82D36424C27A4B","0:1,1:1,2:1,3:1,4:1,5:1,6:1,7:1,8:1,9:1,10:1,11:1,12:1,13:1,14:1,15:1,16:1,17:1,18:1,23:1,24:1,27:1,28:1,29:1,31:1,32:1,33:1,34:1,35:1,36:1,37:1,38:1,39:1,40:1,42:1","0","0","0","0","0","","","hybridzip-r2-e5-router-320dd1b-v1-auto-b128-r1","r2-auto","1","33","x-ray","128","inputs/128KiB/x-ray.bin","131072","7A65B793FB2A694C20686275A899B304445473528F7C998BE26F8C68EB18F76E","archives/128KiB/x-ray.hz2","57609","CE1259B7ED86C86B3A3D1011B686E20162543CEB0E21837ACD17622A355875B4","decoded/128KiB/x-ray.decoded","131072","7A65B793FB2A694C20686275A899B304445473528F7C998BE26F8C68EB18F76E","408.0027026","56.3475328","549.3203125","547.5390625","549.3203125","74FF260A939B01673667723D8351AAEDB679339610009ECB23C70E373B862D9F","profile_id=2;mode=auto;block_size=131072;zstd_level=19;lzma_level=9;threads=1;process_timeout_seconds=3600","""E:\MIXER\hybridzip\build\Release\hybridzip.exe"" c --profile=r2 --r2-mode=auto --block-size=131072 ""E:\MIXER\hybridzip\results\experiments\hybridzip-r2-e5-router-320dd1b-v1\children\hybridzip-r2-e5-router-320dd1b-v1-auto-b128-r1\inputs\128KiB\x-ray.bin"" ""E:\MIXER\hybridzip\results\experiments\hybridzip-r2-e5-router-320dd1b-v1\children\hybridzip-r2-e5-router-320dd1b-v1-auto-b128-r1\archives\128KiB\x-ray.hz2""","""E:\MIXER\hybridzip\build\Release\hybridzip.exe"" d ""E:\MIXER\hybridzip\results\experiments\hybridzip-r2-e5-router-320dd1b-v1\children\hybridzip-r2-e5-router-320dd1b-v1-auto-b128-r1\archives\128KiB\x-ray.hz2"" ""E:\MIXER\hybridzip\results\experiments\hybridzip-r2-e5-router-320dd1b-v1\children\hybridzip-r2-e5-router-320dd1b-v1-auto-b128-r1\decoded\128KiB\x-ray.decoded""","0","0","2026-08-29T10:41:34.6524294+08:00","COMPLETE","PASS","paq8px-generic-sse=1","Complete R2 archive size; SHA-256 byte-exact roundtrip verified."
"e5-router","auto","128","1","False","1","1","31","1","00010000","1025B343","4B1AC26C40AD4DA50312FD3B694D7E636FB768C2336FE773BC82D36424C27A4B","0:1,1:1,2:1,3:1,4:1,5:1,6:1,7:1,8:1,14:1,19:1,20:1,21:1,22:1,23:1,25:1,26:1,27:1,28:1,29:1,30:1,31:1,32:1,33:1,34:1,35:1,36:1,37:1,39:1,40:1,41:1","0","0","0","0","0","","","hybridzip-r2-e5-router-320dd1b-v1-auto-b128-r1","r2-auto","1","34","xml","32","inputs/32KiB/xml.bin","32768","C2F7F129956F8D6FC3D0E3595D93F98D5270B6F5BC4AB5E70F45867822EFDD71","archives/32KiB/xml.hz2","1441","E28005BAF327E507AFAA0CC7457278DD4A954CAA00CD955353D59E194A94F8F9","decoded/32KiB/xml.decoded","32768","C2F7F129956F8D6FC3D0E3595D93F98D5270B6F5BC4AB5E70F45867822EFDD71","128.7168149","9.3937931","544.30078125","542.7890625","544.30078125","74FF260A939B01673667723D8351AAEDB679339610009ECB23C70E373B862D9F","profile_id=2;mode=auto;block_size=131072;zstd_level=19;lzma_level=9;threads=1;process_timeout_seconds=3600","""E:\MIXER\hybridzip\build\Release\hybridzip.exe"" c --profile=r2 --r2-mode=auto --block-size=131072 ""E:\MIXER\hybridzip\results\experiments\hybridzip-r2-e5-router-320dd1b-v1\children\hybridzip-r2-e5-router-320dd1b-v1-auto-b128-r1\inputs\32KiB\xml.bin"" ""E:\MIXER\hybridzip\results\experiments\hybridzip-r2-e5-router-320dd1b-v1\children\hybridzip-r2-e5-router-320dd1b-v1-auto-b128-r1\archives\32KiB\xml.hz2""","""E:\MIXER\hybridzip\build\Release\hybridzip.exe"" d ""E:\MIXER\hybridzip\results\experiments\hybridzip-r2-e5-router-320dd1b-v1\children\hybridzip-r2-e5-router-320dd1b-v1-auto-b128-r1\archives\32KiB\xml.hz2"" ""E:\MIXER\hybridzip\results\experiments\hybridzip-r2-e5-router-320dd1b-v1\children\hybridzip-r2-e5-router-320dd1b-v1-auto-b128-r1\decoded\32KiB\xml.decoded""","0","0","2026-08-29T10:49:19.0754314+08:00","COMPLETE","PASS","paq8px-generic-sse=1","Complete R2 archive size; SHA-256 byte-exact roundtrip verified."
"e5-router","auto","128","1","False","1","1","31","1","00010000","1025B343","4B1AC26C40AD4DA50312FD3B694D7E636FB768C2336FE773BC82D36424C27A4B","0:1,1:1,2:1,3:1,4:1,5:1,6:1,7:1,8:1,14:1,19:1,20:1,21:1,22:1,23:1,25:1,26:1,27:1,28:1,29:1,30:1,31:1,32:1,33:1,34:1,35:1,36:1,37:1,39:1,40:1,41:1","0","0","0","0","0","","","hybridzip-r2-e5-router-320dd1b-v1-auto-b128-r1","r2-auto","1","35","xml","64","inputs/64KiB/xml.bin","65536","E32AFF2BEBF00105A17DD57F5490C1986D17543CEE837B42EB56B3E0E6F8E7F1","archives/64KiB/xml.hz2","2272","4DC96A4AFEAF4C6EC00900A739CBC4B86870A5BB1936BB460E686E34CFE2FD4E","decoded/64KiB/xml.decoded","65536","E32AFF2BEBF00105A17DD57F5490C1986D17543CEE837B42EB56B3E0E6F8E7F1","255.5287954","18.223516","545.41015625","543.75","545.41015625","74FF260A939B01673667723D8351AAEDB679339610009ECB23C70E373B862D9F","profile_id=2;mode=auto;block_size=131072;zstd_level=19;lzma_level=9;threads=1;process_timeout_seconds=3600","""E:\MIXER\hybridzip\build\Release\hybridzip.exe"" c --profile=r2 --r2-mode=auto --block-size=131072 ""E:\MIXER\hybridzip\results\experiments\hybridzip-r2-e5-router-320dd1b-v1\children\hybridzip-r2-e5-router-320dd1b-v1-auto-b128-r1\inputs\64KiB\xml.bin"" ""E:\MIXER\hybridzip\results\experiments\hybridzip-r2-e5-router-320dd1b-v1\children\hybridzip-r2-e5-router-320dd1b-v1-auto-b128-r1\archives\64KiB\xml.hz2""","""E:\MIXER\hybridzip\build\Release\hybridzip.exe"" d ""E:\MIXER\hybridzip\results\experiments\hybridzip-r2-e5-router-320dd1b-v1\children\hybridzip-r2-e5-router-320dd1b-v1-auto-b128-r1\archives\64KiB\xml.hz2"" ""E:\MIXER\hybridzip\results\experiments\hybridzip-r2-e5-router-320dd1b-v1\children\hybridzip-r2-e5-router-320dd1b-v1-auto-b128-r1\decoded\64KiB\xml.decoded""","0","0","2026-08-29T10:51:37.2559089+08:00","COMPLETE","PASS","paq8px-generic-sse=1","Complete R2 archive size; SHA-256 byte-exact roundtrip verified."
"e5-router","auto","128","1","False","1","1","30","1","00010000","1025B343","4B1AC26C40AD4DA50312FD3B694D7E636FB768C2336FE773BC82D36424C27A4B","0:1,1:1,2:1,3:1,4:1,5:1,6:1,7:1,8:1,14:1,19:1,20:1,21:1,22:1,23:1,25:1,26:1,27:1,28:1,29:1,31:1,32:1,33:1,34:1,35:1,36:1,37:1,39:1,40:1,41:1","0","0","0","0","0","","","hybridzip-r2-e5-router-320dd1b-v1-auto-b128-r1","r2-auto","1","36","xml","128","inputs/128KiB/xml.bin","131072","5FA29C746885F2EEB98734218475915A78092CCB3B0F68B08861EE210E5B6E25","archives/128KiB/xml.hz2","4180","138D0413FF8504E63930499F85D413B0D77F1211CBC0F8615A55AC595091B502","decoded/128KiB/xml.decoded","131072","5FA29C746885F2EEB98734218475915A78092CCB3B0F68B08861EE210E5B6E25","547.5806915","46.1311097","546.47265625","544.7578125","546.47265625","74FF260A939B01673667723D8351AAEDB679339610009ECB23C70E373B862D9F","profile_id=2;mode=auto;block_size=131072;zstd_level=19;lzma_level=9;threads=1;process_timeout_seconds=3600","""E:\MIXER\hybridzip\build\Release\hybridzip.exe"" c --profile=r2 --r2-mode=auto --block-size=131072 ""E:\MIXER\hybridzip\results\experiments\hybridzip-r2-e5-router-320dd1b-v1\children\hybridzip-r2-e5-router-320dd1b-v1-auto-b128-r1\inputs\128KiB\xml.bin"" ""E:\MIXER\hybridzip\results\experiments\hybridzip-r2-e5-router-320dd1b-v1\children\hybridzip-r2-e5-router-320dd1b-v1-auto-b128-r1\archives\128KiB\xml.hz2""","""E:\MIXER\hybridzip\build\Release\hybridzip.exe"" d ""E:\MIXER\hybridzip\results\experiments\hybridzip-r2-e5-router-320dd1b-v1\children\hybridzip-r2-e5-router-320dd1b-v1-auto-b128-r1\archives\128KiB\xml.hz2"" ""E:\MIXER\hybridzip\results\experiments\hybridzip-r2-e5-router-320dd1b-v1\children\hybridzip-r2-e5-router-320dd1b-v1-auto-b128-r1\decoded\128KiB\xml.decoded""","0","0","2026-08-29T10:56:11.0789487+08:00","COMPLETE","PASS","paq8px-generic-sse=1","Complete R2 archive size; SHA-256 byte-exact roundtrip verified."
"e5-router","auto-k2","128","1","False","1","1","2","0","00010000","1025B343","4B1AC26C40AD4DA50312FD3B694D7E636FB768C2336FE773BC82D36424C27A4B","0:1,36:1","0","0","0","0","0","","","hybridzip-r2-e5-router-320dd1b-v1-auto-k2-b128-r1","r2-auto-k2","1","1","dickens","32","inputs/32KiB/dickens.bin","32768","FC42DCB9849222C8704C9DCAE606D075B389B66244FB215035148D6409EC0B31","archives/32KiB/dickens.hz2","9688","1906D74F79E5AE0749E4F8A7C2B29A04FAAB30B74342116974206CFD5526D73F","decoded/32KiB/dickens.decoded","32768","FC42DCB9849222C8704C9DCAE606D075B389B66244FB215035148D6409EC0B31","16.7969796","18.2744659","546.390625","546.3046875","546.390625","74FF260A939B01673667723D8351AAEDB679339610009ECB23C70E373B862D9F","profile_id=2;mode=auto-k2;block_size=131072;zstd_level=19;lzma_level=9;threads=1;process_timeout_seconds=3600","""E:\MIXER\hybridzip\build\Release\hybridzip.exe"" c --profile=r2 --r2-mode=auto-k2 --block-size=131072 ""E:\MIXER\hybridzip\results\experiments\hybridzip-r2-e5-router-320dd1b-v1\children\hybridzip-r2-e5-router-320dd1b-v1-auto-k2-b128-r1\inputs\32KiB\dickens.bin"" ""E:\MIXER\hybridzip\results\experiments\hybridzip-r2-e5-router-320dd1b-v1\children\hybridzip-r2-e5-router-320dd1b-v1-auto-k2-b128-r1\archives\32KiB\dickens.hz2""","""E:\MIXER\hybridzip\build\Release\hybridzip.exe"" d ""E:\MIXER\hybridzip\results\experiments\hybridzip-r2-e5-router-320dd1b-v1\children\hybridzip-r2-e5-router-320dd1b-v1-auto-k2-b128-r1\archives\32KiB\dickens.hz2"" ""E:\MIXER\hybridzip\results\experiments\hybridzip-r2-e5-router-320dd1b-v1\children\hybridzip-r2-e5-router-320dd1b-v1-auto-k2-b128-r1\decoded\32KiB\dickens.decoded""","0","0","2026-08-29T11:06:06.2612105+08:00","COMPLETE","PASS","paq8px-generic-sse=1","Complete R2 archive size; SHA-256 byte-exact roundtrip verified."
"e5-router","auto-k2","128","1","False","1","1","2","0","00010000","1025B343","4B1AC26C40AD4DA50312FD3B694D7E636FB768C2336FE773BC82D36424C27A4B","0:1,36:1","0","0","0","0","0","","","hybridzip-r2-e5-router-320dd1b-v1-auto-k2-b128-r1","r2-auto-k2","1","2","dickens","64","inputs/64KiB/dickens.bin","65536","134AD989A7B8B40C900A3B9C0F4895317DFD827D9E6E933895B08D2F4A8A8293","archives/64KiB/dickens.hz2","18022","07790F8DC8D9D4494791EF7A3ACCA5FBECBDE91C88C64DBC35447105FF791C0B","decoded/64KiB/dickens.decoded","65536","134AD989A7B8B40C900A3B9C0F4895317DFD827D9E6E933895B08D2F4A8A8293","30.3817017","34.9403373","546.7109375","546.59375","546.7109375","74FF260A939B01673667723D8351AAEDB679339610009ECB23C70E373B862D9F","profile_id=2;mode=auto-k2;block_size=131072;zstd_level=19;lzma_level=9;threads=1;process_timeout_seconds=3600","""E:\MIXER\hybridzip\build\Release\hybridzip.exe"" c --profile=r2 --r2-mode=auto-k2 --block-size=131072 ""E:\MIXER\hybridzip\results\experiments\hybridzip-r2-e5-router-320dd1b-v1\children\hybridzip-r2-e5-router-320dd1b-v1-auto-k2-b128-r1\inputs\64KiB\dickens.bin"" ""E:\MIXER\hybridzip\results\experiments\hybridzip-r2-e5-router-320dd1b-v1\children\hybridzip-r2-e5-router-320dd1b-v1-auto-k2-b128-r1\archives\64KiB\dickens.hz2""","""E:\MIXER\hybridzip\build\Release\hybridzip.exe"" d ""E:\MIXER\hybridzip\results\experiments\hybridzip-r2-e5-router-320dd1b-v1\children\hybridzip-r2-e5-router-320dd1b-v1-auto-k2-b128-r1\archives\64KiB\dickens.hz2"" ""E:\MIXER\hybridzip\results\experiments\hybridzip-r2-e5-router-320dd1b-v1\children\hybridzip-r2-e5-router-320dd1b-v1-auto-k2-b128-r1\decoded\64KiB\dickens.decoded""","0","0","2026-08-29T11:06:41.4049713+08:00","COMPLETE","PASS","paq8px-generic-sse=1","Complete R2 archive size; SHA-256 byte-exact roundtrip verified."
"e5-router","auto-k2","128","1","False","1","1","2","0","00010000","1025B343","4B1AC26C40AD4DA50312FD3B694D7E636FB768C2336FE773BC82D36424C27A4B","0:1,36:1","0","0","0","0","0","","","hybridzip-r2-e5-router-320dd1b-v1-auto-k2-b128-r1","r2-auto-k2","1","3","dickens","128","inputs/128KiB/dickens.bin","131072","20E33FCC8FAA96DC32A2D0921115C0F363E64C598A5847CE1A3876E356D59872","archives/128KiB/dickens.hz2","33381","F380E26E3C0B105D6B7C3D4D4F8A655A76AAF0F0C69508B6BDF0576DB738E92C","decoded/128KiB/dickens.decoded","131072","20E33FCC8FAA96DC32A2D0921115C0F363E64C598A5847CE1A3876E356D59872","62.1346282","61.6175699","547.171875","546.98046875","547.171875","74FF260A939B01673667723D8351AAEDB679339610009ECB23C70E373B862D9F","profile_id=2;mode=auto-k2;block_size=131072;zstd_level=19;lzma_level=9;threads=1;process_timeout_seconds=3600","""E:\MIXER\hybridzip\build\Release\hybridzip.exe"" c --profile=r2 --r2-mode=auto-k2 --block-size=131072 ""E:\MIXER\hybridzip\results\experiments\hybridzip-r2-e5-router-320dd1b-v1\children\hybridzip-r2-e5-router-320dd1b-v1-auto-k2-b128-r1\inputs\128KiB\dickens.bin"" ""E:\MIXER\hybridzip\results\experiments\hybridzip-r2-e5-router-320dd1b-v1\children\hybridzip-r2-e5-router-320dd1b-v1-auto-k2-b128-r1\archives\128KiB\dickens.hz2""","""E:\MIXER\hybridzip\build\Release\hybridzip.exe"" d ""E:\MIXER\hybridzip\results\experiments\hybridzip-r2-e5-router-320dd1b-v1\children\hybridzip-r2-e5-router-320dd1b-v1-auto-k2-b128-r1\archives\128KiB\dickens.hz2"" ""E:\MIXER\hybridzip\results\experiments\hybridzip-r2-e5-router-320dd1b-v1\children\hybridzip-r2-e5-router-320dd1b-v1-auto-k2-b128-r1\decoded\128KiB\dickens.decoded""","0","0","2026-08-29T11:07:46.7976235+08:00","COMPLETE","PASS","paq8px-generic-sse=1","Complete R2 archive size; SHA-256 byte-exact roundtrip verified."
"e5-router","auto-k2","128","1","False","1","1","2","0","00010000","1025B343","4B1AC26C40AD4DA50312FD3B694D7E636FB768C2336FE773BC82D36424C27A4B","0:1,36:1","0","0","0","0","0","","","hybridzip-r2-e5-router-320dd1b-v1-auto-k2-b128-r1","r2-auto-k2","1","4","mozilla","32","inputs/32KiB/mozilla.bin","32768","9DDEEF36CA0CA55B72FE3376D005926DFF3400A2ADE6EAE18482D8017D8645DB","archives/32KiB/mozilla.hz2","6285","C4DA68F9ED1918489361010C1D816D6FB3DE3862B111F46E9F0A94AC5B26FB11","decoded/32KiB/mozilla.decoded","32768","9DDEEF36CA0CA55B72FE3376D005926DFF3400A2ADE6EAE18482D8017D8645DB","12.4396152","12.4614022","550.484375","550.38671875","550.484375","74FF260A939B01673667723D8351AAEDB679339610009ECB23C70E373B862D9F","profile_id=2;mode=auto-k2;block_size=131072;zstd_level=19;lzma_level=9;threads=1;process_timeout_seconds=3600","""E:\MIXER\hybridzip\build\Release\hybridzip.exe"" c --profile=r2 --r2-mode=auto-k2 --block-size=131072 ""E:\MIXER\hybridzip\results\experiments\hybridzip-r2-e5-router-320dd1b-v1\children\hybridzip-r2-e5-router-320dd1b-v1-auto-k2-b128-r1\inputs\32KiB\mozilla.bin"" ""E:\MIXER\hybridzip\results\experiments\hybridzip-r2-e5-router-320dd1b-v1\children\hybridzip-r2-e5-router-320dd1b-v1-auto-k2-b128-r1\archives\32KiB\mozilla.hz2""","""E:\MIXER\hybridzip\build\Release\hybridzip.exe"" d ""E:\MIXER\hybridzip\results\experiments\hybridzip-r2-e5-router-320dd1b-v1\children\hybridzip-r2-e5-router-320dd1b-v1-auto-k2-b128-r1\archives\32KiB\mozilla.hz2"" ""E:\MIXER\hybridzip\results\experiments\hybridzip-r2-e5-router-320dd1b-v1\children\hybridzip-r2-e5-router-320dd1b-v1-auto-k2-b128-r1\decoded\32KiB\mozilla.decoded""","0","0","2026-08-29T11:09:50.6228723+08:00","COMPLETE","PASS","paq8px-generic-sse=1","Complete R2 archive size; SHA-256 byte-exact roundtrip verified."
"e5-router","auto-k2","128","1","False","1","1","2","0","00010000","1025B343","4B1AC26C40AD4DA50312FD3B694D7E636FB768C2336FE773BC82D36424C27A4B","0:1,36:1","0","0","0","0","0","","","hybridzip-r2-e5-router-320dd1b-v1-auto-k2-b128-r1","r2-auto-k2","1","5","mozilla","64","inputs/64KiB/mozilla.bin","65536","B0050240663F54371D372303EEABA0A59AB0758BCD565F4F639D06561E6BC996","archives/64KiB/mozilla.hz2","8856","82380D8CD12E0FFBBD323D4E8C256CF889F1B6F40FB07126AB5ECEE344D4F4B1","decoded/64KiB/mozilla.decoded","65536","B0050240663F54371D372303EEABA0A59AB0758BCD565F4F639D06561E6BC996","21.5330909","24.0179354","551.7109375","551.58984375","551.7109375","74FF260A939B01673667723D8351AAEDB679339610009ECB23C70E373B862D9F","profile_id=2;mode=auto-k2;block_size=131072;zstd_level=19;lzma_level=9;threads=1;process_timeout_seconds=3600","""E:\MIXER\hybridzip\build\Release\hybridzip.exe"" c --profile=r2 --r2-mode=auto-k2 --block-size=131072 ""E:\MIXER\hybridzip\results\experiments\hybridzip-r2-e5-router-320dd1b-v1\children\hybridzip-r2-e5-router-320dd1b-v1-auto-k2-b128-r1\inputs\64KiB\mozilla.bin"" ""E:\MIXER\hybridzip\results\experiments\hybridzip-r2-e5-router-320dd1b-v1\children\hybridzip-r2-e5-router-320dd1b-v1-auto-k2-b128-r1\archives\64KiB\mozilla.hz2""","""E:\MIXER\hybridzip\build\Release\hybridzip.exe"" d ""E:\MIXER\hybridzip\results\experiments\hybridzip-r2-e5-router-320dd1b-v1\children\hybridzip-r2-e5-router-320dd1b-v1-auto-k2-b128-r1\archives\64KiB\mozilla.hz2"" ""E:\MIXER\hybridzip\results\experiments\hybridzip-r2-e5-router-320dd1b-v1\children\hybridzip-r2-e5-router-320dd1b-v1-auto-k2-b128-r1\decoded\64KiB\mozilla.decoded""","0","0","2026-08-29T11:10:15.5928501+08:00","COMPLETE","PASS","paq8px-generic-sse=1","Complete R2 archive size; SHA-256 byte-exact roundtrip verified."
"e5-router","auto-k2","128","1","False","1","1","2","0","00010000","1025B343","4B1AC26C40AD4DA50312FD3B694D7E636FB768C2336FE773BC82D36424C27A4B","0:1,36:1","0","0","0","0","0","","","hybridzip-r2-e5-router-320dd1b-v1-auto-k2-b128-r1","r2-auto-k2","1","6","mozilla","128","inputs/128KiB/mozilla.bin","131072","85CDBEA98382DB12E9A21FF90E1907452712D074000A6B855D2CA215FA591EB4","archives/128KiB/mozilla.hz2","11547","2CD0F9727305FC7FFE0DF2094871CA991D48454CAD224998EA0781DE4450C712","decoded/128KiB/mozilla.decoded","131072","85CDBEA98382DB12E9A21FF90E1907452712D074000A6B855D2CA215FA591EB4","60.5946033","54.7289213","552.26953125","552.08203125","552.26953125","74FF260A939B01673667723D8351AAEDB679339610009ECB23C70E373B862D9F","profile_id=2;mode=auto-k2;block_size=131072;zstd_level=19;lzma_level=9;threads=1;process_timeout_seconds=3600","""E:\MIXER\hybridzip\build\Release\hybridzip.exe"" c --profile=r2 --r2-mode=auto-k2 --block-size=131072 ""E:\MIXER\hybridzip\results\experiments\hybridzip-r2-e5-router-320dd1b-v1\children\hybridzip-r2-e5-router-320dd1b-v1-auto-k2-b128-r1\inputs\128KiB\mozilla.bin"" ""E:\MIXER\hybridzip\results\experiments\hybridzip-r2-e5-router-320dd1b-v1\children\hybridzip-r2-e5-router-320dd1b-v1-auto-k2-b128-r1\archives\128KiB\mozilla.hz2""","""E:\MIXER\hybridzip\build\Release\hybridzip.exe"" d ""E:\MIXER\hybridzip\results\experiments\hybridzip-r2-e5-router-320dd1b-v1\children\hybridzip-r2-e5-router-320dd1b-v1-auto-k2-b128-r1\archives\128KiB\mozilla.hz2"" ""E:\MIXER\hybridzip\results\experiments\hybridzip-r2-e5-router-320dd1b-v1\children\hybridzip-r2-e5-router-320dd1b-v1-auto-k2-b128-r1\decoded\128KiB\mozilla.decoded""","0","0","2026-08-29T11:11:01.2235774+08:00","COMPLETE","PASS","paq8px-generic-sse=1","Complete R2 archive size; SHA-256 byte-exact roundtrip verified."
"e5-router","auto-k2","128","1","False","1","1","2","0","00010000","1025B343","4B1AC26C40AD4DA50312FD3B694D7E636FB768C2336FE773BC82D36424C27A4B","0:1,36:1","0","0","0","0","0","","","hybridzip-r2-e5-router-320dd1b-v1-auto-k2-b128-r1","r2-auto-k2","1","7","mr","32","inputs/32KiB/mr.bin","32768","3BB287B0AF65F777AB00C14E362B4D1962087260556001BBEE0689AA10D9F76A","archives/32KiB/mr.hz2","5167","91574564041EA572342466ADFD1B610CB3F87F4D6387D30AB49DE2A259F4FBAB","decoded/32KiB/mr.decoded","32768","3BB287B0AF65F777AB00C14E362B4D1962087260556001BBEE0689AA10D9F76A","12.7274941","11.8949586","545.83984375","545.7890625","545.83984375","74FF260A939B01673667723D8351AAEDB679339610009ECB23C70E373B862D9F","profile_id=2;mode=auto-k2;block_size=131072;zstd_level=19;lzma_level=9;threads=1;process_timeout_seconds=3600","""E:\MIXER\hybridzip\build\Release\hybridzip.exe"" c --profile=r2 --r2-mode=auto-k2 --block-size=131072 ""E:\MIXER\hybridzip\results\experiments\hybridzip-r2-e5-router-320dd1b-v1\children\hybridzip-r2-e5-router-320dd1b-v1-auto-k2-b128-r1\inputs\32KiB\mr.bin"" ""E:\MIXER\hybridzip\results\experiments\hybridzip-r2-e5-router-320dd1b-v1\children\hybridzip-r2-e5-router-320dd1b-v1-auto-k2-b128-r1\archives\32KiB\mr.hz2""","""E:\MIXER\hybridzip\build\Release\hybridzip.exe"" d ""E:\MIXER\hybridzip\results\experiments\hybridzip-r2-e5-router-320dd1b-v1\children\hybridzip-r2-e5-router-320dd1b-v1-auto-k2-b128-r1\archives\32KiB\mr.hz2"" ""E:\MIXER\hybridzip\results\experiments\hybridzip-r2-e5-router-320dd1b-v1\children\hybridzip-r2-e5-router-320dd1b-v1-auto-k2-b128-r1\decoded\32KiB\mr.decoded""","0","0","2026-08-29T11:12:56.6331993+08:00","COMPLETE","PASS","paq8px-generic-sse=1","Complete R2 archive size; SHA-256 byte-exact roundtrip verified."
"e5-router","auto-k2","128","1","False","1","1","2","0","00010000","1025B343","4B1AC26C40AD4DA50312FD3B694D7E636FB768C2336FE773BC82D36424C27A4B","0:1,36:1","0","0","0","0","0","","","hybridzip-r2-e5-router-320dd1b-v1-auto-k2-b128-r1","r2-auto-k2","1","8","mr","64","inputs/64KiB/mr.bin","65536","CAB7B6408934009A4BBFEDB57BEB4943BF5478CF8B3688D01F004E0422EBC651","archives/64KiB/mr.hz2","10732","298403FE9E90A34621C0BFB7343DB9B53E7C8634DB102279A7FA8C1D09AA0A75","decoded/64KiB/mr.decoded","65536","CAB7B6408934009A4BBFEDB57BEB4943BF5478CF8B3688D01F004E0422EBC651","35.9961288","35.6778749","546.078125","545.97265625","546.078125","74FF260A939B01673667723D8351AAEDB679339610009ECB23C70E373B862D9F","profile_id=2;mode=auto-k2;block_size=131072;zstd_level=19;lzma_level=9;threads=1;process_timeout_seconds=3600","""E:\MIXER\hybridzip\build\Release\hybridzip.exe"" c --profile=r2 --r2-mode=auto-k2 --block-size=131072 ""E:\MIXER\hybridzip\results\experiments\hybridzip-r2-e5-router-320dd1b-v1\children\hybridzip-r2-e5-router-320dd1b-v1-auto-k2-b128-r1\inputs\64KiB\mr.bin"" ""E:\MIXER\hybridzip\results\experiments\hybridzip-r2-e5-router-320dd1b-v1\children\hybridzip-r2-e5-router-320dd1b-v1-auto-k2-b128-r1\archives\64KiB\mr.hz2""","""E:\MIXER\hybridzip\build\Release\hybridzip.exe"" d ""E:\MIXER\hybridzip\results\experiments\hybridzip-r2-e5-router-320dd1b-v1\children\hybridzip-r2-e5-router-320dd1b-v1-auto-k2-b128-r1\archives\64KiB\mr.hz2"" ""E:\MIXER\hybridzip\results\experiments\hybridzip-r2-e5-router-320dd1b-v1\children\hybridzip-r2-e5-router-320dd1b-v1-auto-k2-b128-r1\decoded\64KiB\mr.decoded""","0","0","2026-08-29T11:13:21.3446719+08:00","COMPLETE","PASS","paq8px-generic-sse=1","Complete R2 archive size; SHA-256 byte-exact roundtrip verified."
"e5-router","auto-k2","128","1","False","1","1","2","0","00010000","1025B343","4B1AC26C40AD4DA50312FD3B694D7E636FB768C2336FE773BC82D36424C27A4B","0:1,36:1","0","0","0","0","0","","","hybridzip-r2-e5-router-320dd1b-v1-auto-k2-b128-r1","r2-auto-k2","1","9","mr","128","inputs/128KiB/mr.bin","131072","473A6A883480C7B2E69402AD888AC07B347C2DF61C6AA0D84E8B8130A27792EA","archives/128KiB/mr.hz2","21642","E429C8D95188BAFD2669B2C9A1634084751A40A6006A08BC8AC01AD3599A653B","decoded/128KiB/mr.decoded","131072","473A6A883480C7B2E69402AD888AC07B347C2DF61C6AA0D84E8B8130A27792EA","84.4023034","84.6557565","546.3515625","546.1640625","546.3515625","74FF260A939B01673667723D8351AAEDB679339610009ECB23C70E373B862D9F","profile_id=2;mode=auto-k2;block_size=131072;zstd_level=19;lzma_level=9;threads=1;process_timeout_seconds=3600","""E:\MIXER\hybridzip\build\Release\hybridzip.exe"" c --profile=r2 --r2-mode=auto-k2 --block-size=131072 ""E:\MIXER\hybridzip\results\experiments\hybridzip-r2-e5-router-320dd1b-v1\children\hybridzip-r2-e5-router-320dd1b-v1-auto-k2-b128-r1\inputs\128KiB\mr.bin"" ""E:\MIXER\hybridzip\results\experiments\hybridzip-r2-e5-router-320dd1b-v1\children\hybridzip-r2-e5-router-320dd1b-v1-auto-k2-b128-r1\archives\128KiB\mr.hz2""","""E:\MIXER\hybridzip\build\Release\hybridzip.exe"" d ""E:\MIXER\hybridzip\results\experiments\hybridzip-r2-e5-router-320dd1b-v1\children\hybridzip-r2-e5-router-320dd1b-v1-auto-k2-b128-r1\archives\128KiB\mr.hz2"" ""E:\MIXER\hybridzip\results\experiments\hybridzip-r2-e5-router-320dd1b-v1\children\hybridzip-r2-e5-router-320dd1b-v1-auto-k2-b128-r1\decoded\128KiB\mr.decoded""","0","0","2026-08-29T11:14:33.1048168+08:00","COMPLETE","PASS","paq8px-generic-sse=1","Complete R2 archive size; SHA-256 byte-exact roundtrip verified."
"e5-router","auto-k2","128","1","False","1","1","2","0","00010000","1025B343","4B1AC26C40AD4DA50312FD3B694D7E636FB768C2336FE773BC82D36424C27A4B","0:1,36:1","0","0","0","0","0","","","hybridzip-r2-e5-router-320dd1b-v1-auto-k2-b128-r1","r2-auto-k2","1","10","nci","32","inputs/32KiB/nci.bin","32768","0D3034FE8B0E573DE1439ED98CE409B83B13E5895085C9BFB0BF980F4962FB79","archives/32KiB/nci.hz2","1369","348D054B283BF6A752E41093218E1871BF463EFC3E39C4B7EC3EF8BB5DA47D47","decoded/32KiB/nci.decoded","32768","0D3034FE8B0E573DE1439ED98CE409B83B13E5895085C9BFB0BF980F4962FB79","7.9869569","8.0272951","540.8828125","540.8125","540.8828125","74FF260A939B01673667723D8351AAEDB679339610009ECB23C70E373B862D9F","profile_id=2;mode=auto-k2;block_size=131072;zstd_level=19;lzma_level=9;threads=1;process_timeout_seconds=3600","""E:\MIXER\hybridzip\build\Release\hybridzip.exe"" c --profile=r2 --r2-mode=auto-k2 --block-size=131072 ""E:\MIXER\hybridzip\results\experiments\hybridzip-r2-e5-router-320dd1b-v1\children\hybridzip-r2-e5-router-320dd1b-v1-auto-k2-b128-r1\inputs\32KiB\nci.bin"" ""E:\MIXER\hybridzip\results\experiments\hybridzip-r2-e5-router-320dd1b-v1\children\hybridzip-r2-e5-router-320dd1b-v1-auto-k2-b128-r1\archives\32KiB\nci.hz2""","""E:\MIXER\hybridzip\build\Release\hybridzip.exe"" d ""E:\MIXER\hybridzip\results\experiments\hybridzip-r2-e5-router-320dd1b-v1\children\hybridzip-r2-e5-router-320dd1b-v1-auto-k2-b128-r1\archives\32KiB\nci.hz2"" ""E:\MIXER\hybridzip\results\experiments\hybridzip-r2-e5-router-320dd1b-v1\children\hybridzip-r2-e5-router-320dd1b-v1-auto-k2-b128-r1\decoded\32KiB\nci.decoded""","0","0","2026-08-29T11:17:22.2525976+08:00","COMPLETE","PASS","paq8px-generic-sse=1","Complete R2 archive size; SHA-256 byte-exact roundtrip verified."
"e5-router","auto-k2","128","1","False","1","1","2","0","00010000","1025B343","4B1AC26C40AD4DA50312FD3B694D7E636FB768C2336FE773BC82D36424C27A4B","0:1,36:1","0","0","0","0","0","","","hybridzip-r2-e5-router-320dd1b-v1-auto-k2-b128-r1","r2-auto-k2","1","11","nci","64","inputs/64KiB/nci.bin","65536","B01B411AC3B5CE2FBF37242C0C59D2D236D2F7039937C1B1A0F18F4CC02549FE","archives/64KiB/nci.hz2","2142","FDDE39252BAB4612C5A1AD11B66537E2BE4221C42FC516F3D792ACCA6BF328BF","decoded/64KiB/nci.decoded","65536","B01B411AC3B5CE2FBF37242C0C59D2D236D2F7039937C1B1A0F18F4CC02549FE","20.8554052","19.8440957","542.40625","542.29296875","542.40625","74FF260A939B01673667723D8351AAEDB679339610009ECB23C70E373B862D9F","profile_id=2;mode=auto-k2;block_size=131072;zstd_level=19;lzma_level=9;threads=1;process_timeout_seconds=3600","""E:\MIXER\hybridzip\build\Release\hybridzip.exe"" c --profile=r2 --r2-mode=auto-k2 --block-size=131072 ""E:\MIXER\hybridzip\results\experiments\hybridzip-r2-e5-router-320dd1b-v1\children\hybridzip-r2-e5-router-320dd1b-v1-auto-k2-b128-r1\inputs\64KiB\nci.bin"" ""E:\MIXER\hybridzip\results\experiments\hybridzip-r2-e5-router-320dd1b-v1\children\hybridzip-r2-e5-router-320dd1b-v1-auto-k2-b128-r1\archives\64KiB\nci.hz2""","""E:\MIXER\hybridzip\build\Release\hybridzip.exe"" d ""E:\MIXER\hybridzip\results\experiments\hybridzip-r2-e5-router-320dd1b-v1\children\hybridzip-r2-e5-router-320dd1b-v1-auto-k2-b128-r1\archives\64KiB\nci.hz2"" ""E:\MIXER\hybridzip\results\experiments\hybridzip-r2-e5-router-320dd1b-v1\children\hybridzip-r2-e5-router-320dd1b-v1-auto-k2-b128-r1\decoded\64KiB\nci.decoded""","0","0","2026-08-29T11:17:38.3544587+08:00","COMPLETE","PASS","paq8px-generic-sse=1","Complete R2 archive size; SHA-256 byte-exact roundtrip verified."
"e5-router","auto-k2","128","1","False","1","1","2","0","00010000","1025B343","4B1AC26C40AD4DA50312FD3B694D7E636FB768C2336FE773BC82D36424C27A4B","0:1,36:1","0","0","0","0","0","","","hybridzip-r2-e5-router-320dd1b-v1-auto-k2-b128-r1","r2-auto-k2","1","12","nci","128","inputs/128KiB/nci.bin","131072","C8A1D610355E5EF900ED4C704DF14ADF1935D95DFD8F1740AC9FD90FC9BF5781","archives/128KiB/nci.hz2","4399","38716A3C5CA0F3F3B88E2329CF2CB4C409D88BF4D24F61C00163D075E4790998","decoded/128KiB/nci.decoded","131072","C8A1D610355E5EF900ED4C704DF14ADF1935D95DFD8F1740AC9FD90FC9BF5781","45.4272318","45.2192325","544.02734375","543.890625","544.02734375","74FF260A939B01673667723D8351AAEDB679339610009ECB23C70E373B862D9F","profile_id=2;mode=auto-k2;block_size=131072;zstd_level=19;lzma_level=9;threads=1;process_timeout_seconds=3600","""E:\MIXER\hybridzip\build\Release\hybridzip.exe"" c --profile=r2 --r2-mode=auto-k2 --block-size=131072 ""E:\MIXER\hybridzip\results\experiments\hybridzip-r2-e5-router-320dd1b-v1\children\hybridzip-r2-e5-router-320dd1b-v1-auto-k2-b128-r1\inputs\128KiB\nci.bin"" ""E:\MIXER\hybridzip\results\experiments\hybridzip-r2-e5-router-320dd1b-v1\children\hybridzip-r2-e5-router-320dd1b-v1-auto-k2-b128-r1\archives\128KiB\nci.hz2""","""E:\MIXER\hybridzip\build\Release\hybridzip.exe"" d ""E:\MIXER\hybridzip\results\experiments\hybridzip-r2-e5-router-320dd1b-v1\children\hybridzip-r2-e5-router-320dd1b-v1-auto-k2-b128-r1\archives\128KiB\nci.hz2"" ""E:\MIXER\hybridzip\results\experiments\hybridzip-r2-e5-router-320dd1b-v1\children\hybridzip-r2-e5-router-320dd1b-v1-auto-k2-b128-r1\decoded\128KiB\nci.decoded""","0","0","2026-08-29T11:18:19.1423134+08:00","COMPLETE","PASS","paq8px-generic-sse=1","Complete R2 archive size; SHA-256 byte-exact roundtrip verified."
"e5-router","auto-k2","128","1","False","1","1","2","0","00010000","1025B343","4B1AC26C40AD4DA50312FD3B694D7E636FB768C2336FE773BC82D36424C27A4B","0:1,36:1","0","0","0","0","0","","","hybridzip-r2-e5-router-320dd1b-v1-auto-k2-b128-r1","r2-auto-k2","1","13","ooffice","32","inputs/32KiB/ooffice.bin","32768","2ACF9B4CAAEAC5814CDFEF0FA48A5ECE857C847DBDB7B44EEAB95CA3C098921C","archives/32KiB/ooffice.hz2","8097","BE789E8DAD367762274C2F18209F256AA93D6C360CFE6A29FD6BF0263F172BCD","decoded/32KiB/ooffice.decoded","32768","2ACF9B4CAAEAC5814CDFEF0FA48A5ECE857C847DBDB7B44EEAB95CA3C098921C","16.8653754","17.0665479","551.23828125","551.14453125","551.23828125","74FF260A939B01673667723D8351AAEDB679339610009ECB23C70E373B862D9F","profile_id=2;mode=auto-k2;block_size=131072;zstd_level=19;lzma_level=9;threads=1;process_timeout_seconds=3600","""E:\MIXER\hybridzip\build\Release\hybridzip.exe"" c --profile=r2 --r2-mode=auto-k2 --block-size=131072 ""E:\MIXER\hybridzip\results\experiments\hybridzip-r2-e5-router-320dd1b-v1\children\hybridzip-r2-e5-router-320dd1b-v1-auto-k2-b128-r1\inputs\32KiB\ooffice.bin"" ""E:\MIXER\hybridzip\results\experiments\hybridzip-r2-e5-router-320dd1b-v1\children\hybridzip-r2-e5-router-320dd1b-v1-auto-k2-b128-r1\archives\32KiB\ooffice.hz2""","""E:\MIXER\hybridzip\build\Release\hybridzip.exe"" d ""E:\MIXER\hybridzip\results\experiments\hybridzip-r2-e5-router-320dd1b-v1\children\hybridzip-r2-e5-router-320dd1b-v1-auto-k2-b128-r1\archives\32KiB\ooffice.hz2"" ""E:\MIXER\hybridzip\results\experiments\hybridzip-r2-e5-router-320dd1b-v1\children\hybridzip-r2-e5-router-320dd1b-v1-auto-k2-b128-r1\decoded\32KiB\ooffice.decoded""","0","0","2026-08-29T11:19:49.8787760+08:00","COMPLETE","PASS","paq8px-generic-sse=1","Complete R2 archive size; SHA-256 byte-exact roundtrip verified."
"e5-router","auto-k2","128","1","False","1","1","2","0","00010000","1025B343","4B1AC26C40AD4DA50312FD3B694D7E636FB768C2336FE773BC82D36424C27A4B","0:1,36:1","0","0","0","0","0","","","hybridzip-r2-e5-router-320dd1b-v1-auto-k2-b128-r1","r2-auto-k2","1","14","ooffice","64","inputs/64KiB/ooffice.bin","65536","9D30521922187D0A26F56CF2DF85001F9585D0D4EC6A0A8797466AFCC367F825","archives/64KiB/ooffice.hz2","19206","6FF43DBDB66D6B8310720F304C18962301DD1C4598DD3605A79AE81A97CBCD75","decoded/64KiB/ooffice.decoded","65536","9D30521922187D0A26F56CF2DF85001F9585D0D4EC6A0A8797466AFCC367F825","42.4655632","42.4823366","552.7890625","552.6640625","552.7890625","74FF260A939B01673667723D8351AAEDB679339610009ECB23C70E373B862D9F","profile_id=2;mode=auto-k2;block_size=131072;zstd_level=19;lzma_level=9;threads=1;process_timeout_seconds=3600","""E:\MIXER\hybridzip\build\Release\hybridzip.exe"" c --profile=r2 --r2-mode=auto-k2 --block-size=131072 ""E:\MIXER\hybridzip\results\experiments\hybridzip-r2-e5-router-320dd1b-v1\children\hybridzip-r2-e5-router-320dd1b-v1-auto-k2-b128-r1\inputs\64KiB\ooffice.bin"" ""E:\MIXER\hybridzip\results\experiments\hybridzip-r2-e5-router-320dd1b-v1\children\hybridzip-r2-e5-router-320dd1b-v1-auto-k2-b128-r1\archives\64KiB\ooffice.hz2""","""E:\MIXER\hybridzip\build\Release\hybridzip.exe"" d ""E:\MIXER\hybridzip\results\experiments\hybridzip-r2-e5-router-320dd1b-v1\children\hybridzip-r2-e5-router-320dd1b-v1-auto-k2-b128-r1\archives\64KiB\ooffice.hz2"" ""E:\MIXER\hybridzip\results\experiments\hybridzip-r2-e5-router-320dd1b-v1\children\hybridzip-r2-e5-router-320dd1b-v1-auto-k2-b128-r1\decoded\64KiB\ooffice.decoded""","0","0","2026-08-29T11:20:23.9321680+08:00","COMPLETE","PASS","paq8px-generic-sse=1","Complete R2 archive size; SHA-256 byte-exact roundtrip verified."
"e5-router","auto-k2","128","1","False","1","1","2","0","00010000","1025B343","4B1AC26C40AD4DA50312FD3B694D7E636FB768C2336FE773BC82D36424C27A4B","0:1,36:1","0","0","0","0","0","","","hybridzip-r2-e5-router-320dd1b-v1-auto-k2-b128-r1","r2-auto-k2","1","15","ooffice","128","inputs/128KiB/ooffice.bin","131072","09FA5F3EE5311528863F8C3FADA3B530CC24AC1D88128E4DB2BF434161879FEF","archives/128KiB/ooffice.hz2","41289","599DDA8E1263A48B392D2E351C911EC611837850CC33FBF263C8D1C74DC746A4","decoded/128KiB/ooffice.decoded","131072","09FA5F3EE5311528863F8C3FADA3B530CC24AC1D88128E4DB2BF434161879FEF","92.5564015","93.8174441","553.8046875","553.64453125","553.8046875","74FF260A939B01673667723D8351AAEDB679339610009ECB23C70E373B862D9F","profile_id=2;mode=auto-k2;block_size=131072;zstd_level=19;lzma_level=9;threads=1;process_timeout_seconds=3600","""E:\MIXER\hybridzip\build\Release\hybridzip.exe"" c --profile=r2 --r2-mode=auto-k2 --block-size=131072 ""E:\MIXER\hybridzip\results\experiments\hybridzip-r2-e5-router-320dd1b-v1\children\hybridzip-r2-e5-router-320dd1b-v1-auto-k2-b128-r1\inputs\128KiB\ooffice.bin"" ""E:\MIXER\hybridzip\results\experiments\hybridzip-r2-e5-router-320dd1b-v1\children\hybridzip-r2-e5-router-320dd1b-v1-auto-k2-b128-r1\archives\128KiB\ooffice.hz2""","""E:\MIXER\hybridzip\build\Release\hybridzip.exe"" d ""E:\MIXER\hybridzip\results\experiments\hybridzip-r2-e5-router-320dd1b-v1\children\hybridzip-r2-e5-router-320dd1b-v1-auto-k2-b128-r1\archives\128KiB\ooffice.hz2"" ""E:\MIXER\hybridzip\results\experiments\hybridzip-r2-e5-router-320dd1b-v1\children\hybridzip-r2-e5-router-320dd1b-v1-auto-k2-b128-r1\decoded\128KiB\ooffice.decoded""","0","0","2026-08-29T11:21:48.9810383+08:00","COMPLETE","PASS","paq8px-generic-sse=1","Complete R2 archive size; SHA-256 byte-exact roundtrip verified."
"e5-router","auto-k2","128","1","False","1","1","2","0","00010000","1025B343","4B1AC26C40AD4DA50312FD3B694D7E636FB768C2336FE773BC82D36424C27A4B","0:1,36:1","0","0","0","0","0","","","hybridzip-r2-e5-router-320dd1b-v1-auto-k2-b128-r1","r2-auto-k2","1","16","osdb","32","inputs/32KiB/osdb.bin","32768","03B2C20B777682CD960BCD893D7A4463161D9C0200FD1708B2EFAE32A259D0B7","archives/32KiB/osdb.hz2","11420","CDBC934653B82CBD36E03B58A1E2E5E177EA85AE2B08017CA574145ACF5C4BCF","decoded/32KiB/osdb.decoded","32768","03B2C20B777682CD960BCD893D7A4463161D9C0200FD1708B2EFAE32A259D0B7","18.3234384","18.7335706","548.3671875","548.29296875","548.3671875","74FF260A939B01673667723D8351AAEDB679339610009ECB23C70E373B862D9F","profile_id=2;mode=auto-k2;block_size=131072;zstd_level=19;lzma_level=9;threads=1;process_timeout_seconds=3600","""E:\MIXER\hybridzip\build\Release\hybridzip.exe"" c --profile=r2 --r2-mode=auto-k2 --block-size=131072 ""E:\MIXER\hybridzip\results\experiments\hybridzip-r2-e5-router-320dd1b-v1\children\hybridzip-r2-e5-router-320dd1b-v1-auto-k2-b128-r1\inputs\32KiB\osdb.bin"" ""E:\MIXER\hybridzip\results\experiments\hybridzip-r2-e5-router-320dd1b-v1\children\hybridzip-r2-e5-router-320dd1b-v1-auto-k2-b128-r1\archives\32KiB\osdb.hz2""","""E:\MIXER\hybridzip\build\Release\hybridzip.exe"" d ""E:\MIXER\hybridzip\results\experiments\hybridzip-r2-e5-router-320dd1b-v1\children\hybridzip-r2-e5-router-320dd1b-v1-auto-k2-b128-r1\archives\32KiB\osdb.hz2"" ""E:\MIXER\hybridzip\results\experiments\hybridzip-r2-e5-router-320dd1b-v1\children\hybridzip-r2-e5-router-320dd1b-v1-auto-k2-b128-r1\decoded\32KiB\osdb.decoded""","0","0","2026-08-29T11:24:55.4510939+08:00","COMPLETE","PASS","paq8px-generic-sse=1","Complete R2 archive size; SHA-256 byte-exact roundtrip verified."
"e5-router","auto-k2","128","1","False","1","1","2","0","00010000","1025B343","4B1AC26C40AD4DA50312FD3B694D7E636FB768C2336FE773BC82D36424C27A4B","0:1,36:1","0","0","0","0","0","","","hybridzip-r2-e5-router-320dd1b-v1-auto-k2-b128-r1","r2-auto-k2","1","17","osdb","64","inputs/64KiB/osdb.bin","65536","F8FE629325A07588118BA0B65880A87DED43EF249CCBC91F0E977BBACAE0C125","archives/64KiB/osdb.hz2","18994","723D65E516780E16F25BD5CD931002B37C3FA49457AD4CB501B82497B9B17891","decoded/64KiB/osdb.decoded","65536","F8FE629325A07588118BA0B65880A87DED43EF249CCBC91F0E977BBACAE0C125","39.6045838","39.541717","549.875","549.75390625","549.875","74FF260A939B01673667723D8351AAEDB679339610009ECB23C70E373B862D9F","profile_id=2;mode=auto-k2;block_size=131072;zstd_level=19;lzma_level=9;threads=1;process_timeout_seconds=3600","""E:\MIXER\hybridzip\build\Release\hybridzip.exe"" c --profile=r2 --r2-mode=auto-k2 --block-size=131072 ""E:\MIXER\hybridzip\results\experiments\hybridzip-r2-e5-router-320dd1b-v1\children\hybridzip-r2-e5-router-320dd1b-v1-auto-k2-b128-r1\inputs\64KiB\osdb.bin"" ""E:\MIXER\hybridzip\results\experiments\hybridzip-r2-e5-router-320dd1b-v1\children\hybridzip-r2-e5-router-320dd1b-v1-auto-k2-b128-r1\archives\64KiB\osdb.hz2""","""E:\MIXER\hybridzip\build\Release\hybridzip.exe"" d ""E:\MIXER\hybridzip\results\experiments\hybridzip-r2-e5-router-320dd1b-v1\children\hybridzip-r2-e5-router-320dd1b-v1-auto-k2-b128-r1\archives\64KiB\osdb.hz2"" ""E:\MIXER\hybridzip\results\experiments\hybridzip-r2-e5-router-320dd1b-v1\children\hybridzip-r2-e5-router-320dd1b-v1-auto-k2-b128-r1\decoded\64KiB\osdb.decoded""","0","0","2026-08-29T11:25:32.5970296+08:00","COMPLETE","PASS","paq8px-generic-sse=1","Complete R2 archive size; SHA-256 byte-exact roundtrip verified."
"e5-router","auto-k2","128","1","False","1","1","2","0","00010000","1025B343","4B1AC26C40AD4DA50312FD3B694D7E636FB768C2336FE773BC82D36424C27A4B","0:1,36:1","0","0","0","0","0","","","hybridzip-r2-e5-router-320dd1b-v1-auto-k2-b128-r1","r2-auto-k2","1","18","osdb","128","inputs/128KiB/osdb.bin","131072","D977E72AE13AEFC36A4B6171A895E26A0E6EEE447B1B9FBE868D7B1C046CC91F","archives/128KiB/osdb.hz2","33602","936B50A78F628B04493635488D37F2B7DEEF01733766B037B78F48C54359E7F2","decoded/128KiB/osdb.decoded","131072","D977E72AE13AEFC36A4B6171A895E26A0E6EEE447B1B9FBE868D7B1C046CC91F","78.8422466","53.7400913","551.01171875","550.796875","551.01171875","74FF260A939B01673667723D8351AAEDB679339610009ECB23C70E373B862D9F","profile_id=2;mode=auto-k2;block_size=131072;zstd_level=19;lzma_level=9;threads=1;process_timeout_seconds=3600","""E:\MIXER\hybridzip\build\Release\hybridzip.exe"" c --profile=r2 --r2-mode=auto-k2 --block-size=131072 ""E:\MIXER\hybridzip\results\experiments\hybridzip-r2-e5-router-320dd1b-v1\children\hybridzip-r2-e5-router-320dd1b-v1-auto-k2-b128-r1\inputs\128KiB\osdb.bin"" ""E:\MIXER\hybridzip\results\experiments\hybridzip-r2-e5-router-320dd1b-v1\children\hybridzip-r2-e5-router-320dd1b-v1-auto-k2-b128-r1\archives\128KiB\osdb.hz2""","""E:\MIXER\hybridzip\build\Release\hybridzip.exe"" d ""E:\MIXER\hybridzip\results\experiments\hybridzip-r2-e5-router-320dd1b-v1\children\hybridzip-r2-e5-router-320dd1b-v1-auto-k2-b128-r1\archives\128KiB\osdb.hz2"" ""E:\MIXER\hybridzip\results\experiments\hybridzip-r2-e5-router-320dd1b-v1\children\hybridzip-r2-e5-router-320dd1b-v1-auto-k2-b128-r1\decoded\128KiB\osdb.decoded""","0","0","2026-08-29T11:26:51.8327179+08:00","COMPLETE","PASS","paq8px-generic-sse=1","Complete R2 archive size; SHA-256 byte-exact roundtrip verified."
"e5-router","auto-k2","128","1","False","1","1","2","0","00010000","1025B343","4B1AC26C40AD4DA50312FD3B694D7E636FB768C2336FE773BC82D36424C27A4B","0:1,36:1","0","0","0","0","0","","","hybridzip-r2-e5-router-320dd1b-v1-auto-k2-b128-r1","r2-auto-k2","1","19","reymont","32","inputs/32KiB/reymont.bin","32768","9D5E4B9340C2260DAE7DDB01B3EDA58236FF2DE5E1FF4D56767AA840B6FB1A87","archives/32KiB/reymont.hz2","5726","3476952C32EDDFDC2830A9A2A80DE8ED869EC3F91CB92B7319CBDF7059ABAEFF","decoded/32KiB/reymont.decoded","32768","9D5E4B9340C2260DAE7DDB01B3EDA58236FF2DE5E1FF4D56767AA840B6FB1A87","12.500013","12.4188966","544.7734375","544.6953125","544.7734375","74FF260A939B01673667723D8351AAEDB679339610009ECB23C70E373B862D9F","profile_id=2;mode=auto-k2;block_size=131072;zstd_level=19;lzma_level=9;threads=1;process_timeout_seconds=3600","""E:\MIXER\hybridzip\build\Release\hybridzip.exe"" c --profile=r2 --r2-mode=auto-k2 --block-size=131072 ""E:\MIXER\hybridzip\results\experiments\hybridzip-r2-e5-router-320dd1b-v1\children\hybridzip-r2-e5-router-320dd1b-v1-auto-k2-b128-r1\inputs\32KiB\reymont.bin"" ""E:\MIXER\hybridzip\results\experiments\hybridzip-r2-e5-router-320dd1b-v1\children\hybridzip-r2-e5-router-320dd1b-v1-auto-k2-b128-r1\archives\32KiB\reymont.hz2""","""E:\MIXER\hybridzip\build\Release\hybridzip.exe"" d ""E:\MIXER\hybridzip\results\experiments\hybridzip-r2-e5-router-320dd1b-v1\children\hybridzip-r2-e5-router-320dd1b-v1-auto-k2-b128-r1\archives\32KiB\reymont.hz2"" ""E:\MIXER\hybridzip\results\experiments\hybridzip-r2-e5-router-320dd1b-v1\children\hybridzip-r2-e5-router-320dd1b-v1-auto-k2-b128-r1\decoded\32KiB\reymont.decoded""","0","0","2026-08-29T11:29:04.4910433+08:00","COMPLETE","PASS","paq8px-generic-sse=1","Complete R2 archive size; SHA-256 byte-exact roundtrip verified."
"e5-router","auto-k2","128","1","False","1","1","2","0","00010000","1025B343","4B1AC26C40AD4DA50312FD3B694D7E636FB768C2336FE773BC82D36424C27A4B","0:1,36:1","0","0","0","0","0","","","hybridzip-r2-e5-router-320dd1b-v1-auto-k2-b128-r1","r2-auto-k2","1","20","reymont","64","inputs/64KiB/reymont.bin","65536","A5ECAAABB133F1ADF8DE6062BE6381D143E87F9F8050EEA9B5BE6F92B88C3C22","archives/64KiB/reymont.hz2","10718","D9D35AC721B3CA149C1A159C663995689B6DDCECF3A3EBBC04ACA889E32B5DE1","decoded/64KiB/reymont.decoded","65536","A5ECAAABB133F1ADF8DE6062BE6381D143E87F9F8050EEA9B5BE6F92B88C3C22","24.2341457","24.2080665","545.18359375","545.05859375","545.18359375","74FF260A939B01673667723D8351AAEDB679339610009ECB23C70E373B862D9F","profile_id=2;mode=auto-k2;block_size=131072;zstd_level=19;lzma_level=9;threads=1;process_timeout_seconds=3600","""E:\MIXER\hybridzip\build\Release\hybridzip.exe"" c --profile=r2 --r2-mode=auto-k2 --block-size=131072 ""E:\MIXER\hybridzip\results\experiments\hybridzip-r2-e5-router-320dd1b-v1\children\hybridzip-r2-e5-router-320dd1b-v1-auto-k2-b128-r1\inputs\64KiB\reymont.bin"" ""E:\MIXER\hybridzip\results\experiments\hybridzip-r2-e5-router-320dd1b-v1\children\hybridzip-r2-e5-router-320dd1b-v1-auto-k2-b128-r1\archives\64KiB\reymont.hz2""","""E:\MIXER\hybridzip\build\Release\hybridzip.exe"" d ""E:\MIXER\hybridzip\results\experiments\hybridzip-r2-e5-router-320dd1b-v1\children\hybridzip-r2-e5-router-320dd1b-v1-auto-k2-b128-r1\archives\64KiB\reymont.hz2"" ""E:\MIXER\hybridzip\results\experiments\hybridzip-r2-e5-router-320dd1b-v1\children\hybridzip-r2-e5-router-320dd1b-v1-auto-k2-b128-r1\decoded\64KiB\reymont.decoded""","0","0","2026-08-29T11:29:29.4910338+08:00","COMPLETE","PASS","paq8px-generic-sse=1","Complete R2 archive size; SHA-256 byte-exact roundtrip verified."
"e5-router","auto-k2","128","1","False","1","1","2","0","00010000","1025B343","4B1AC26C40AD4DA50312FD3B694D7E636FB768C2336FE773BC82D36424C27A4B","0:1,36:1","0","0","0","0","0","","","hybridzip-r2-e5-router-320dd1b-v1-auto-k2-b128-r1","r2-auto-k2","1","21","reymont","128","inputs/128KiB/reymont.bin","131072","A6CA7478854C1E80DFEAF9FB3444B357F9D7625E55232FAE3B3632A5A1217DEA","archives/128KiB/reymont.hz2","20174","6C9B2EAAC1F41767C89DF8B8FF8B2332F9E2E480504925AF3892811F23E24835","decoded/128KiB/reymont.decoded","131072","A6CA7478854C1E80DFEAF9FB3444B357F9D7625E55232FAE3B3632A5A1217DEA","47.6552873","47.5222694","545.57421875","545.4921875","545.57421875","74FF260A939B01673667723D8351AAEDB679339610009ECB23C70E373B862D9F","profile_id=2;mode=auto-k2;block_size=131072;zstd_level=19;lzma_level=9;threads=1;process_timeout_seconds=3600","""E:\MIXER\hybridzip\build\Release\hybridzip.exe"" c --profile=r2 --r2-mode=auto-k2 --block-size=131072 ""E:\MIXER\hybridzip\results\experiments\hybridzip-r2-e5-router-320dd1b-v1\children\hybridzip-r2-e5-router-320dd1b-v1-auto-k2-b128-r1\inputs\128KiB\reymont.bin"" ""E:\MIXER\hybridzip\results\experiments\hybridzip-r2-e5-router-320dd1b-v1\children\hybridzip-r2-e5-router-320dd1b-v1-auto-k2-b128-r1\archives\128KiB\reymont.hz2""","""E:\MIXER\hybridzip\build\Release\hybridzip.exe"" d ""E:\MIXER\hybridzip\results\experiments\hybridzip-r2-e5-router-320dd1b-v1\children\hybridzip-r2-e5-router-320dd1b-v1-auto-k2-b128-r1\archives\128KiB\reymont.hz2"" ""E:\MIXER\hybridzip\results\experiments\hybridzip-r2-e5-router-320dd1b-v1\children\hybridzip-r2-e5-router-320dd1b-v1-auto-k2-b128-r1\decoded\128KiB\reymont.decoded""","0","0","2026-08-29T11:30:18.0034986+08:00","COMPLETE","PASS","paq8px-generic-sse=1","Complete R2 archive size; SHA-256 byte-exact roundtrip verified."
"e5-router","auto-k2","128","1","False","1","1","2","0","00010000","1025B343","4B1AC26C40AD4DA50312FD3B694D7E636FB768C2336FE773BC82D36424C27A4B","0:1,36:1","0","0","0","0","0","","","hybridzip-r2-e5-router-320dd1b-v1-auto-k2-b128-r1","r2-auto-k2","1","22","samba","32","inputs/32KiB/samba.bin","32768","9C4F5BEE544E4531E4946E62F796987418B4526911C34877EF282F14DD57AD12","archives/32KiB/samba.hz2","7956","73956285FFC2574A980D1DE0715E0BDF2A57CC0C267D97D93600253CA1E38770","decoded/32KiB/samba.decoded","32768","9C4F5BEE544E4531E4946E62F796987418B4526911C34877EF282F14DD57AD12","13.6309494","14.2874731","545.30078125","545.21875","545.30078125","74FF260A939B01673667723D8351AAEDB679339610009ECB23C70E373B862D9F","profile_id=2;mode=auto-k2;block_size=131072;zstd_level=19;lzma_level=9;threads=1;process_timeout_seconds=3600","""E:\MIXER\hybridzip\build\Release\hybridzip.exe"" c --profile=r2 --r2-mode=auto-k2 --block-size=131072 ""E:\MIXER\hybridzip\results\experiments\hybridzip-r2-e5-router-320dd1b-v1\children\hybridzip-r2-e5-router-320dd1b-v1-auto-k2-b128-r1\inputs\32KiB\samba.bin"" ""E:\MIXER\hybridzip\results\experiments\hybridzip-r2-e5-router-320dd1b-v1\children\hybridzip-r2-e5-router-320dd1b-v1-auto-k2-b128-r1\archives\32KiB\samba.hz2""","""E:\MIXER\hybridzip\build\Release\hybridzip.exe"" d ""E:\MIXER\hybridzip\results\experiments\hybridzip-r2-e5-router-320dd1b-v1\children\hybridzip-r2-e5-router-320dd1b-v1-auto-k2-b128-r1\archives\32KiB\samba.hz2"" ""E:\MIXER\hybridzip\results\experiments\hybridzip-r2-e5-router-320dd1b-v1\children\hybridzip-r2-e5-router-320dd1b-v1-auto-k2-b128-r1\decoded\32KiB\samba.decoded""","0","0","2026-08-29T11:31:53.2525685+08:00","COMPLETE","PASS","paq8px-generic-sse=1","Complete R2 archive size; SHA-256 byte-exact roundtrip verified."
"e5-router","auto-k2","128","1","False","1","1","2","0","00010000","1025B343","4B1AC26C40AD4DA50312FD3B694D7E636FB768C2336FE773BC82D36424C27A4B","0:1,36:1","0","0","0","0","0","","","hybridzip-r2-e5-router-320dd1b-v1-auto-k2-b128-r1","r2-auto-k2","1","23","samba","64","inputs/64KiB/samba.bin","65536","3E0420984C0F260EA7350734600CEA9D8500B745E2E4B7DBD4D1DA1D1ADAC421","archives/64KiB/samba.hz2","15270","1480A4FDD8E4DEE599C20077CFCA07C8A8AF4454FF2CA9C9061A14E18555D941","decoded/64KiB/samba.decoded","65536","3E0420984C0F260EA7350734600CEA9D8500B745E2E4B7DBD4D1DA1D1ADAC421","27.0731238","37.496231","545.76953125","545.609375","545.76953125","74FF260A939B01673667723D8351AAEDB679339610009ECB23C70E373B862D9F","profile_id=2;mode=auto-k2;block_size=131072;zstd_level=19;lzma_level=9;threads=1;process_timeout_seconds=3600","""E:\MIXER\hybridzip\build\Release\hybridzip.exe"" c --profile=r2 --r2-mode=auto-k2 --block-size=131072 ""E:\MIXER\hybridzip\results\experiments\hybridzip-r2-e5-router-320dd1b-v1\children\hybridzip-r2-e5-router-320dd1b-v1-auto-k2-b128-r1\inputs\64KiB\samba.bin"" ""E:\MIXER\hybridzip\results\experiments\hybridzip-r2-e5-router-320dd1b-v1\children\hybridzip-r2-e5-router-320dd1b-v1-auto-k2-b128-r1\archives\64KiB\samba.hz2""","""E:\MIXER\hybridzip\build\Release\hybridzip.exe"" d ""E:\MIXER\hybridzip\results\experiments\hybridzip-r2-e5-router-320dd1b-v1\children\hybridzip-r2-e5-router-320dd1b-v1-auto-k2-b128-r1\archives\64KiB\samba.hz2"" ""E:\MIXER\hybridzip\results\experiments\hybridzip-r2-e5-router-320dd1b-v1\children\hybridzip-r2-e5-router-320dd1b-v1-auto-k2-b128-r1\decoded\64KiB\samba.decoded""","0","0","2026-08-29T11:32:21.2463406+08:00","COMPLETE","PASS","paq8px-generic-sse=1","Complete R2 archive size; SHA-256 byte-exact roundtrip verified."
"e5-router","auto-k2","128","1","False","1","1","2","0","00010000","1025B343","4B1AC26C40AD4DA50312FD3B694D7E636FB768C2336FE773BC82D36424C27A4B","0:1,36:1","0","0","0","0","0","","","hybridzip-r2-e5-router-320dd1b-v1-auto-k2-b128-r1","r2-auto-k2","1","24","samba","128","inputs/128KiB/samba.bin","131072","F3B8C4AD35BC6CF21977895D6F04A22B1422605942FA5AFE35CE28B2A221D7E8","archives/128KiB/samba.hz2","31518","DE93A3DB0733E3A8AD3FBA10C1FA53993810FA401429FC01DB9C9290E527622F","decoded/128KiB/samba.decoded","131072","F3B8C4AD35BC6CF21977895D6F04A22B1422605942FA5AFE35CE28B2A221D7E8","73.4105146","75.876185","546.89453125","546.7421875","546.89453125","74FF260A939B01673667723D8351AAEDB679339610009ECB23C70E373B862D9F","profile_id=2;mode=auto-k2;block_size=131072;zstd_level=19;lzma_level=9;threads=1;process_timeout_seconds=3600","""E:\MIXER\hybridzip\build\Release\hybridzip.exe"" c --profile=r2 --r2-mode=auto-k2 --block-size=131072 ""E:\MIXER\hybridzip\results\experiments\hybridzip-r2-e5-router-320dd1b-v1\children\hybridzip-r2-e5-router-320dd1b-v1-auto-k2-b128-r1\inputs\128KiB\samba.bin"" ""E:\MIXER\hybridzip\results\experiments\hybridzip-r2-e5-router-320dd1b-v1\children\hybridzip-r2-e5-router-320dd1b-v1-auto-k2-b128-r1\archives\128KiB\samba.hz2""","""E:\MIXER\hybridzip\build\Release\hybridzip.exe"" d ""E:\MIXER\hybridzip\results\experiments\hybridzip-r2-e5-router-320dd1b-v1\children\hybridzip-r2-e5-router-320dd1b-v1-auto-k2-b128-r1\archives\128KiB\samba.hz2"" ""E:\MIXER\hybridzip\results\experiments\hybridzip-r2-e5-router-320dd1b-v1\children\hybridzip-r2-e5-router-320dd1b-v1-auto-k2-b128-r1\decoded\128KiB\samba.decoded""","0","0","2026-08-29T11:33:25.8936431+08:00","COMPLETE","PASS","paq8px-generic-sse=1","Complete R2 archive size; SHA-256 byte-exact roundtrip verified."
"e5-router","auto-k2","128","1","False","1","1","2","0","00010000","1025B343","4B1AC26C40AD4DA50312FD3B694D7E636FB768C2336FE773BC82D36424C27A4B","0:1,36:1","0","0","0","0","0","","","hybridzip-r2-e5-router-320dd1b-v1-auto-k2-b128-r1","r2-auto-k2","1","25","sao","32","inputs/32KiB/sao.bin","32768","95677430CAD4F000506BC5EE22815C3F4E13D64B477ED506B78D5D9ACFB50CCD","archives/32KiB/sao.hz2","18805","AA4590751F8AEC01D4300541A9C594D25E92C3847765433975A01EF62FECD1E5","decoded/32KiB/sao.decoded","32768","95677430CAD4F000506BC5EE22815C3F4E13D64B477ED506B78D5D9ACFB50CCD","21.2052541","25.697966","548.75","548.69921875","548.75","74FF260A939B01673667723D8351AAEDB679339610009ECB23C70E373B862D9F","profile_id=2;mode=auto-k2;block_size=131072;zstd_level=19;lzma_level=9;threads=1;process_timeout_seconds=3600","""E:\MIXER\hybridzip\build\Release\hybridzip.exe"" c --profile=r2 --r2-mode=auto-k2 --block-size=131072 ""E:\MIXER\hybridzip\results\experiments\hybridzip-r2-e5-router-320dd1b-v1\children\hybridzip-r2-e5-router-320dd1b-v1-auto-k2-b128-r1\inputs\32KiB\sao.bin"" ""E:\MIXER\hybridzip\results\experiments\hybridzip-r2-e5-router-320dd1b-v1\children\hybridzip-r2-e5-router-320dd1b-v1-auto-k2-b128-r1\archives\32KiB\sao.hz2""","""E:\MIXER\hybridzip\build\Release\hybridzip.exe"" d ""E:\MIXER\hybridzip\results\experiments\hybridzip-r2-e5-router-320dd1b-v1\children\hybridzip-r2-e5-router-320dd1b-v1-auto-k2-b128-r1\archives\32KiB\sao.hz2"" ""E:\MIXER\hybridzip\results\experiments\hybridzip-r2-e5-router-320dd1b-v1\children\hybridzip-r2-e5-router-320dd1b-v1-auto-k2-b128-r1\decoded\32KiB\sao.decoded""","0","0","2026-08-29T11:35:55.2576252+08:00","COMPLETE","PASS","paq8px-generic-sse=1","Complete R2 archive size; SHA-256 byte-exact roundtrip verified."
"e5-router","auto-k2","128","1","False","1","1","2","0","00010000","1025B343","4B1AC26C40AD4DA50312FD3B694D7E636FB768C2336FE773BC82D36424C27A4B","0:1,36:1","0","0","0","0","0","","","hybridzip-r2-e5-router-320dd1b-v1-auto-k2-b128-r1","r2-auto-k2","1","26","sao","64","inputs/64KiB/sao.bin","65536","17CBD7166A47786139F60BA33B4E771CE0154F6FA56986883D129BC23F78EBEE","archives/64KiB/sao.hz2","36379","36A13BF37476869127B816C992076FA166DBE26975430904C0379B1D26A4EDF7","decoded/64KiB/sao.decoded","65536","17CBD7166A47786139F60BA33B4E771CE0154F6FA56986883D129BC23F78EBEE","53.0982542","51.6543812","550.515625","550.36328125","550.515625","74FF260A939B01673667723D8351AAEDB679339610009ECB23C70E373B862D9F","profile_id=2;mode=auto-k2;block_size=131072;zstd_level=19;lzma_level=9;threads=1;process_timeout_seconds=3600","""E:\MIXER\hybridzip\build\Release\hybridzip.exe"" c --profile=r2 --r2-mode=auto-k2 --block-size=131072 ""E:\MIXER\hybridzip\results\experiments\hybridzip-r2-e5-router-320dd1b-v1\children\hybridzip-r2-e5-router-320dd1b-v1-auto-k2-b128-r1\inputs\64KiB\sao.bin"" ""E:\MIXER\hybridzip\results\experiments\hybridzip-r2-e5-router-320dd1b-v1\children\hybridzip-r2-e5-router-320dd1b-v1-auto-k2-b128-r1\archives\64KiB\sao.hz2""","""E:\MIXER\hybridzip\build\Release\hybridzip.exe"" d ""E:\MIXER\hybridzip\results\experiments\hybridzip-r2-e5-router-320dd1b-v1\children\hybridzip-r2-e5-router-320dd1b-v1-auto-k2-b128-r1\archives\64KiB\sao.hz2"" ""E:\MIXER\hybridzip\results\experiments\hybridzip-r2-e5-router-320dd1b-v1\children\hybridzip-r2-e5-router-320dd1b-v1-auto-k2-b128-r1\decoded\64KiB\sao.decoded""","0","0","2026-08-29T11:36:42.2649689+08:00","COMPLETE","PASS","paq8px-generic-sse=1","Complete R2 archive size; SHA-256 byte-exact roundtrip verified."
"e5-router","auto-k2","128","1","False","1","1","2","0","00010000","1025B343","4B1AC26C40AD4DA50312FD3B694D7E636FB768C2336FE773BC82D36424C27A4B","0:1,36:1","0","0","0","0","0","","","hybridzip-r2-e5-router-320dd1b-v1-auto-k2-b128-r1","r2-auto-k2","1","27","sao","128","inputs/128KiB/sao.bin","131072","75E535B42DB7505118D8B19C7C42C1F49C5542ADDC9DBC13383953659F675CE0","archives/128KiB/sao.hz2","71243","5AFC2AB6A0F3B2773F38E68381DF4CD10D502D60F73B846F3F2CF9D6F9776FC6","decoded/128KiB/sao.decoded","131072","75E535B42DB7505118D8B19C7C42C1F49C5542ADDC9DBC13383953659F675CE0","109.376221","108.5972052","551.8671875","551.66015625","551.8671875","74FF260A939B01673667723D8351AAEDB679339610009ECB23C70E373B862D9F","profile_id=2;mode=auto-k2;block_size=131072;zstd_level=19;lzma_level=9;threads=1;process_timeout_seconds=3600","""E:\MIXER\hybridzip\build\Release\hybridzip.exe"" c --profile=r2 --r2-mode=auto-k2 --block-size=131072 ""E:\MIXER\hybridzip\results\experiments\hybridzip-r2-e5-router-320dd1b-v1\children\hybridzip-r2-e5-router-320dd1b-v1-auto-k2-b128-r1\inputs\128KiB\sao.bin"" ""E:\MIXER\hybridzip\results\experiments\hybridzip-r2-e5-router-320dd1b-v1\children\hybridzip-r2-e5-router-320dd1b-v1-auto-k2-b128-r1\archives\128KiB\sao.hz2""","""E:\MIXER\hybridzip\build\Release\hybridzip.exe"" d ""E:\MIXER\hybridzip\results\experiments\hybridzip-r2-e5-router-320dd1b-v1\children\hybridzip-r2-e5-router-320dd1b-v1-auto-k2-b128-r1\archives\128KiB\sao.hz2"" ""E:\MIXER\hybridzip\results\experiments\hybridzip-r2-e5-router-320dd1b-v1\children\hybridzip-r2-e5-router-320dd1b-v1-auto-k2-b128-r1\decoded\128KiB\sao.decoded""","0","0","2026-08-29T11:38:27.1134944+08:00","COMPLETE","PASS","paq8px-generic-sse=1","Complete R2 archive size; SHA-256 byte-exact roundtrip verified."
"e5-router","auto-k2","128","1","False","1","1","2","0","00010000","1025B343","4B1AC26C40AD4DA50312FD3B694D7E636FB768C2336FE773BC82D36424C27A4B","0:1,36:1","0","0","0","0","0","","","hybridzip-r2-e5-router-320dd1b-v1-auto-k2-b128-r1","r2-auto-k2","1","28","webster","32","inputs/32KiB/webster.bin","32768","774D224695AF4057353F72602BB96CD2AFEEA059AC7737535645F11596FCA85E","archives/32KiB/webster.hz2","9355","33B5AE1ABEAFEAC5DEB9407501253629232233C9664DFD41A2C454C6279D00C5","decoded/32KiB/webster.decoded","32768","774D224695AF4057353F72602BB96CD2AFEEA059AC7737535645F11596FCA85E","19.9393139","20.0506499","546.72265625","546.66796875","546.72265625","74FF260A939B01673667723D8351AAEDB679339610009ECB23C70E373B862D9F","profile_id=2;mode=auto-k2;block_size=131072;zstd_level=19;lzma_level=9;threads=1;process_timeout_seconds=3600","""E:\MIXER\hybridzip\build\Release\hybridzip.exe"" c --profile=r2 --r2-mode=auto-k2 --block-size=131072 ""E:\MIXER\hybridzip\results\experiments\hybridzip-r2-e5-router-320dd1b-v1\children\hybridzip-r2-e5-router-320dd1b-v1-auto-k2-b128-r1\inputs\32KiB\webster.bin"" ""E:\MIXER\hybridzip\results\experiments\hybridzip-r2-e5-router-320dd1b-v1\children\hybridzip-r2-e5-router-320dd1b-v1-auto-k2-b128-r1\archives\32KiB\webster.hz2""","""E:\MIXER\hybridzip\build\Release\hybridzip.exe"" d ""E:\MIXER\hybridzip\results\experiments\hybridzip-r2-e5-router-320dd1b-v1\children\hybridzip-r2-e5-router-320dd1b-v1-auto-k2-b128-r1\archives\32KiB\webster.hz2"" ""E:\MIXER\hybridzip\results\experiments\hybridzip-r2-e5-router-320dd1b-v1\children\hybridzip-r2-e5-router-320dd1b-v1-auto-k2-b128-r1\decoded\32KiB\webster.decoded""","0","0","2026-08-29T11:42:05.1868654+08:00","COMPLETE","PASS","paq8px-generic-sse=1","Complete R2 archive size; SHA-256 byte-exact roundtrip verified."
"e5-router","auto-k2","128","1","False","1","1","2","0","00010000","1025B343","4B1AC26C40AD4DA50312FD3B694D7E636FB768C2336FE773BC82D36424C27A4B","0:1,36:1","0","0","0","0","0","","","hybridzip-r2-e5-router-320dd1b-v1-auto-k2-b128-r1","r2-auto-k2","1","29","webster","64","inputs/64KiB/webster.bin","65536","262258811321382F9E4F44D2184B6B7FED0336CF831446D8336C47D6CCC2B32E","archives/64KiB/webster.hz2","15351","08192EEA5BFA1330FB479D5A607897F05A26FAFD970B1CABA45B28397A164881","decoded/64KiB/webster.decoded","65536","262258811321382F9E4F44D2184B6B7FED0336CF831446D8336C47D6CCC2B32E","43.7076752","44.1141935","547.0390625","546.9140625","547.0390625","74FF260A939B01673667723D8351AAEDB679339610009ECB23C70E373B862D9F","profile_id=2;mode=auto-k2;block_size=131072;zstd_level=19;lzma_level=9;threads=1;process_timeout_seconds=3600","""E:\MIXER\hybridzip\build\Release\hybridzip.exe"" c --profile=r2 --r2-mode=auto-k2 --block-size=131072 ""E:\MIXER\hybridzip\results\experiments\hybridzip-r2-e5-router-320dd1b-v1\children\hybridzip-r2-e5-router-320dd1b-v1-auto-k2-b128-r1\inputs\64KiB\webster.bin"" ""E:\MIXER\hybridzip\results\experiments\hybridzip-r2-e5-router-320dd1b-v1\children\hybridzip-r2-e5-router-320dd1b-v1-auto-k2-b128-r1\archives\64KiB\webster.hz2""","""E:\MIXER\hybridzip\build\Release\hybridzip.exe"" d ""E:\MIXER\hybridzip\results\experiments\hybridzip-r2-e5-router-320dd1b-v1\children\hybridzip-r2-e5-router-320dd1b-v1-auto-k2-b128-r1\archives\64KiB\webster.hz2"" ""E:\MIXER\hybridzip\results\experiments\hybridzip-r2-e5-router-320dd1b-v1\children\hybridzip-r2-e5-router-320dd1b-v1-auto-k2-b128-r1\decoded\64KiB\webster.decoded""","0","0","2026-08-29T11:42:46.0248170+08:00","COMPLETE","PASS","paq8px-generic-sse=1","Complete R2 archive size; SHA-256 byte-exact roundtrip verified."
"e5-router","auto-k2","128","1","False","1","1","2","0","00010000","1025B343","4B1AC26C40AD4DA50312FD3B694D7E636FB768C2336FE773BC82D36424C27A4B","0:1,36:1","0","0","0","0","0","","","hybridzip-r2-e5-router-320dd1b-v1-auto-k2-b128-r1","r2-auto-k2","1","30","webster","128","inputs/128KiB/webster.bin","131072","C069C1FDCA99BC5C44F06D134CD0CDA60315DD631AA6564733B2CE0E6D59305C","archives/128KiB/webster.hz2","26170","075A597235F7871575A31FC8BF4ACEB8F1816F51D1EA33A4159CF7DB49AE42A9","decoded/128KiB/webster.decoded","131072","C069C1FDCA99BC5C44F06D134CD0CDA60315DD631AA6564733B2CE0E6D59305C","89.4046142","86.3644094","547.41015625","547.20703125","547.41015625","74FF260A939B01673667723D8351AAEDB679339610009ECB23C70E373B862D9F","profile_id=2;mode=auto-k2;block_size=131072;zstd_level=19;lzma_level=9;threads=1;process_timeout_seconds=3600","""E:\MIXER\hybridzip\build\Release\hybridzip.exe"" c --profile=r2 --r2-mode=auto-k2 --block-size=131072 ""E:\MIXER\hybridzip\results\experiments\hybridzip-r2-e5-router-320dd1b-v1\children\hybridzip-r2-e5-router-320dd1b-v1-auto-k2-b128-r1\inputs\128KiB\webster.bin"" ""E:\MIXER\hybridzip\results\experiments\hybridzip-r2-e5-router-320dd1b-v1\children\hybridzip-r2-e5-router-320dd1b-v1-auto-k2-b128-r1\archives\128KiB\webster.hz2""","""E:\MIXER\hybridzip\build\Release\hybridzip.exe"" d ""E:\MIXER\hybridzip\results\experiments\hybridzip-r2-e5-router-320dd1b-v1\children\hybridzip-r2-e5-router-320dd1b-v1-auto-k2-b128-r1\archives\128KiB\webster.hz2"" ""E:\MIXER\hybridzip\results\experiments\hybridzip-r2-e5-router-320dd1b-v1\children\hybridzip-r2-e5-router-320dd1b-v1-auto-k2-b128-r1\decoded\128KiB\webster.decoded""","0","0","2026-08-29T11:44:13.9479779+08:00","COMPLETE","PASS","paq8px-generic-sse=1","Complete R2 archive size; SHA-256 byte-exact roundtrip verified."
"e5-router","auto-k2","128","1","False","1","1","2","0","00010000","1025B343","4B1AC26C40AD4DA50312FD3B694D7E636FB768C2336FE773BC82D36424C27A4B","0:1,36:1","0","0","0","0","0","","","hybridzip-r2-e5-router-320dd1b-v1-auto-k2-b128-r1","r2-auto-k2","1","31","x-ray","32","inputs/32KiB/x-ray.bin","32768","10511AA63DFBD9C0DDBFEFE36068740103D4BA1116E214154A0772057D7E9314","archives/32KiB/x-ray.hz2","14702","FBB4651DDE492F0875B891D7CC3338FBCB7FFB51BCF4D010F0D40F4EFD495E88","decoded/32KiB/x-ray.decoded","32768","10511AA63DFBD9C0DDBFEFE36068740103D4BA1116E214154A0772057D7E9314","19.2074933","19.8634709","547.1328125","547.08203125","547.1328125","74FF260A939B01673667723D8351AAEDB679339610009ECB23C70E373B862D9F","profile_id=2;mode=auto-k2;block_size=131072;zstd_level=19;lzma_level=9;threads=1;process_timeout_seconds=3600","""E:\MIXER\hybridzip\build\Release\hybridzip.exe"" c --profile=r2 --r2-mode=auto-k2 --block-size=131072 ""E:\MIXER\hybridzip\results\experiments\hybridzip-r2-e5-router-320dd1b-v1\children\hybridzip-r2-e5-router-320dd1b-v1-auto-k2-b128-r1\inputs\32KiB\x-ray.bin"" ""E:\MIXER\hybridzip\results\experiments\hybridzip-r2-e5-router-320dd1b-v1\children\hybridzip-r2-e5-router-320dd1b-v1-auto-k2-b128-r1\archives\32KiB\x-ray.hz2""","""E:\MIXER\hybridzip\build\Release\hybridzip.exe"" d ""E:\MIXER\hybridzip\results\experiments\hybridzip-r2-e5-router-320dd1b-v1\children\hybridzip-r2-e5-router-320dd1b-v1-auto-k2-b128-r1\archives\32KiB\x-ray.hz2"" ""E:\MIXER\hybridzip\results\experiments\hybridzip-r2-e5-router-320dd1b-v1\children\hybridzip-r2-e5-router-320dd1b-v1-auto-k2-b128-r1\decoded\32KiB\x-ray.decoded""","0","0","2026-08-29T11:47:09.8225255+08:00","COMPLETE","PASS","paq8px-generic-sse=1","Complete R2 archive size; SHA-256 byte-exact roundtrip verified."
"e5-router","auto-k2","128","1","False","1","1","2","0","00010000","1025B343","4B1AC26C40AD4DA50312FD3B694D7E636FB768C2336FE773BC82D36424C27A4B","0:1,36:1","0","0","0","0","0","","","hybridzip-r2-e5-router-320dd1b-v1-auto-k2-b128-r1","r2-auto-k2","1","32","x-ray","64","inputs/64KiB/x-ray.bin","65536","B5A07146616BCD7C2D10071D41E07D204DE0AC629C4CA37D8E867FF00574D0D8","archives/64KiB/x-ray.hz2","29135","6707A85129F440189A9107FFA363A7441B4D641E10AF00F6A6616A4C1474CFFA","decoded/64KiB/x-ray.decoded","65536","B5A07146616BCD7C2D10071D41E07D204DE0AC629C4CA37D8E867FF00574D0D8","44.6752773","44.4683471","547.41796875","547.296875","547.41796875","74FF260A939B01673667723D8351AAEDB679339610009ECB23C70E373B862D9F","profile_id=2;mode=auto-k2;block_size=131072;zstd_level=19;lzma_level=9;threads=1;process_timeout_seconds=3600","""E:\MIXER\hybridzip\build\Release\hybridzip.exe"" c --profile=r2 --r2-mode=auto-k2 --block-size=131072 ""E:\MIXER\hybridzip\results\experiments\hybridzip-r2-e5-router-320dd1b-v1\children\hybridzip-r2-e5-router-320dd1b-v1-auto-k2-b128-r1\inputs\64KiB\x-ray.bin"" ""E:\MIXER\hybridzip\results\experiments\hybridzip-r2-e5-router-320dd1b-v1\children\hybridzip-r2-e5-router-320dd1b-v1-auto-k2-b128-r1\archives\64KiB\x-ray.hz2""","""E:\MIXER\hybridzip\build\Release\hybridzip.exe"" d ""E:\MIXER\hybridzip\results\experiments\hybridzip-r2-e5-router-320dd1b-v1\children\hybridzip-r2-e5-router-320dd1b-v1-auto-k2-b128-r1\archives\64KiB\x-ray.hz2"" ""E:\MIXER\hybridzip\results\experiments\hybridzip-r2-e5-router-320dd1b-v1\children\hybridzip-r2-e5-router-320dd1b-v1-auto-k2-b128-r1\decoded\64KiB\x-ray.decoded""","0","0","2026-08-29T11:47:48.9958562+08:00","COMPLETE","PASS","paq8px-generic-sse=1","Complete R2 archive size; SHA-256 byte-exact roundtrip verified."
"e5-router","auto-k2","128","1","False","1","1","2","0","00010000","1025B343","4B1AC26C40AD4DA50312FD3B694D7E636FB768C2336FE773BC82D36424C27A4B","0:1,36:1","0","0","0","0","0","","","hybridzip-r2-e5-router-320dd1b-v1-auto-k2-b128-r1","r2-auto-k2","1","33","x-ray","128","inputs/128KiB/x-ray.bin","131072","7A65B793FB2A694C20686275A899B304445473528F7C998BE26F8C68EB18F76E","archives/128KiB/x-ray.hz2","57609","CE1259B7ED86C86B3A3D1011B686E20162543CEB0E21837ACD17622A355875B4","decoded/128KiB/x-ray.decoded","131072","7A65B793FB2A694C20686275A899B304445473528F7C998BE26F8C68EB18F76E","96.1030203","91.781793","547.71875","547.53125","547.71875","74FF260A939B01673667723D8351AAEDB679339610009ECB23C70E373B862D9F","profile_id=2;mode=auto-k2;block_size=131072;zstd_level=19;lzma_level=9;threads=1;process_timeout_seconds=3600","""E:\MIXER\hybridzip\build\Release\hybridzip.exe"" c --profile=r2 --r2-mode=auto-k2 --block-size=131072 ""E:\MIXER\hybridzip\results\experiments\hybridzip-r2-e5-router-320dd1b-v1\children\hybridzip-r2-e5-router-320dd1b-v1-auto-k2-b128-r1\inputs\128KiB\x-ray.bin"" ""E:\MIXER\hybridzip\results\experiments\hybridzip-r2-e5-router-320dd1b-v1\children\hybridzip-r2-e5-router-320dd1b-v1-auto-k2-b128-r1\archives\128KiB\x-ray.hz2""","""E:\MIXER\hybridzip\build\Release\hybridzip.exe"" d ""E:\MIXER\hybridzip\results\experiments\hybridzip-r2-e5-router-320dd1b-v1\children\hybridzip-r2-e5-router-320dd1b-v1-auto-k2-b128-r1\archives\128KiB\x-ray.hz2"" ""E:\MIXER\hybridzip\results\experiments\hybridzip-r2-e5-router-320dd1b-v1\children\hybridzip-r2-e5-router-320dd1b-v1-auto-k2-b128-r1\decoded\128KiB\x-ray.decoded""","0","0","2026-08-29T11:49:18.2321799+08:00","COMPLETE","PASS","paq8px-generic-sse=1","Complete R2 archive size; SHA-256 byte-exact roundtrip verified."
"e5-router","auto-k2","128","1","False","1","1","2","0","00010000","1025B343","4B1AC26C40AD4DA50312FD3B694D7E636FB768C2336FE773BC82D36424C27A4B","0:1,36:1","0","0","0","0","0","","","hybridzip-r2-e5-router-320dd1b-v1-auto-k2-b128-r1","r2-auto-k2","1","34","xml","32","inputs/32KiB/xml.bin","32768","C2F7F129956F8D6FC3D0E3595D93F98D5270B6F5BC4AB5E70F45867822EFDD71","archives/32KiB/xml.hz2","1441","E28005BAF327E507AFAA0CC7457278DD4A954CAA00CD955353D59E194A94F8F9","decoded/32KiB/xml.decoded","32768","C2F7F129956F8D6FC3D0E3595D93F98D5270B6F5BC4AB5E70F45867822EFDD71","9.3587552","9.4468775","542.859375","542.78125","542.859375","74FF260A939B01673667723D8351AAEDB679339610009ECB23C70E373B862D9F","profile_id=2;mode=auto-k2;block_size=131072;zstd_level=19;lzma_level=9;threads=1;process_timeout_seconds=3600","""E:\MIXER\hybridzip\build\Release\hybridzip.exe"" c --profile=r2 --r2-mode=auto-k2 --block-size=131072 ""E:\MIXER\hybridzip\results\experiments\hybridzip-r2-e5-router-320dd1b-v1\children\hybridzip-r2-e5-router-320dd1b-v1-auto-k2-b128-r1\inputs\32KiB\xml.bin"" ""E:\MIXER\hybridzip\results\experiments\hybridzip-r2-e5-router-320dd1b-v1\children\hybridzip-r2-e5-router-320dd1b-v1-auto-k2-b128-r1\archives\32KiB\xml.hz2""","""E:\MIXER\hybridzip\build\Release\hybridzip.exe"" d ""E:\MIXER\hybridzip\results\experiments\hybridzip-r2-e5-router-320dd1b-v1\children\hybridzip-r2-e5-router-320dd1b-v1-auto-k2-b128-r1\archives\32KiB\xml.hz2"" ""E:\MIXER\hybridzip\results\experiments\hybridzip-r2-e5-router-320dd1b-v1\children\hybridzip-r2-e5-router-320dd1b-v1-auto-k2-b128-r1\decoded\32KiB\xml.decoded""","0","0","2026-08-29T11:52:26.2108322+08:00","COMPLETE","PASS","paq8px-generic-sse=1","Complete R2 archive size; SHA-256 byte-exact roundtrip verified."
"e5-router","auto-k2","128","1","False","1","1","2","0","00010000","1025B343","4B1AC26C40AD4DA50312FD3B694D7E636FB768C2336FE773BC82D36424C27A4B","0:1,36:1","0","0","0","0","0","","","hybridzip-r2-e5-router-320dd1b-v1-auto-k2-b128-r1","r2-auto-k2","1","35","xml","64","inputs/64KiB/xml.bin","65536","E32AFF2BEBF00105A17DD57F5490C1986D17543CEE837B42EB56B3E0E6F8E7F1","archives/64KiB/xml.hz2","2272","4DC96A4AFEAF4C6EC00900A739CBC4B86870A5BB1936BB460E686E34CFE2FD4E","decoded/64KiB/xml.decoded","65536","E32AFF2BEBF00105A17DD57F5490C1986D17543CEE837B42EB56B3E0E6F8E7F1","23.8477641","23.9033891","543.87109375","543.75","543.87109375","74FF260A939B01673667723D8351AAEDB679339610009ECB23C70E373B862D9F","profile_id=2;mode=auto-k2;block_size=131072;zstd_level=19;lzma_level=9;threads=1;process_timeout_seconds=3600","""E:\MIXER\hybridzip\build\Release\hybridzip.exe"" c --profile=r2 --r2-mode=auto-k2 --block-size=131072 ""E:\MIXER\hybridzip\results\experiments\hybridzip-r2-e5-router-320dd1b-v1\children\hybridzip-r2-e5-router-320dd1b-v1-auto-k2-b128-r1\inputs\64KiB\xml.bin"" ""E:\MIXER\hybridzip\results\experiments\hybridzip-r2-e5-router-320dd1b-v1\children\hybridzip-r2-e5-router-320dd1b-v1-auto-k2-b128-r1\archives\64KiB\xml.hz2""","""E:\MIXER\hybridzip\build\Release\hybridzip.exe"" d ""E:\MIXER\hybridzip\results\experiments\hybridzip-r2-e5-router-320dd1b-v1\children\hybridzip-r2-e5-router-320dd1b-v1-auto-k2-b128-r1\archives\64KiB\xml.hz2"" ""E:\MIXER\hybridzip\results\experiments\hybridzip-r2-e5-router-320dd1b-v1\children\hybridzip-r2-e5-router-320dd1b-v1-auto-k2-b128-r1\decoded\64KiB\xml.decoded""","0","0","2026-08-29T11:52:45.1156832+08:00","COMPLETE","PASS","paq8px-generic-sse=1","Complete R2 archive size; SHA-256 byte-exact roundtrip verified."
"e5-router","auto-k2","128","1","False","1","1","2","0","00010000","1025B343","4B1AC26C40AD4DA50312FD3B694D7E636FB768C2336FE773BC82D36424C27A4B","0:1,36:1","0","0","0","0","0","","","hybridzip-r2-e5-router-320dd1b-v1-auto-k2-b128-r1","r2-auto-k2","1","36","xml","128","inputs/128KiB/xml.bin","131072","5FA29C746885F2EEB98734218475915A78092CCB3B0F68B08861EE210E5B6E25","archives/128KiB/xml.hz2","4180","138D0413FF8504E63930499F85D413B0D77F1211CBC0F8615A55AC595091B502","decoded/128KiB/xml.decoded","131072","5FA29C746885F2EEB98734218475915A78092CCB3B0F68B08861EE210E5B6E25","53.0740971","52.9537096","544.94140625","544.75390625","544.94140625","74FF260A939B01673667723D8351AAEDB679339610009ECB23C70E373B862D9F","profile_id=2;mode=auto-k2;block_size=131072;zstd_level=19;lzma_level=9;threads=1;process_timeout_seconds=3600","""E:\MIXER\hybridzip\build\Release\hybridzip.exe"" c --profile=r2 --r2-mode=auto-k2 --block-size=131072 ""E:\MIXER\hybridzip\results\experiments\hybridzip-r2-e5-router-320dd1b-v1\children\hybridzip-r2-e5-router-320dd1b-v1-auto-k2-b128-r1\inputs\128KiB\xml.bin"" ""E:\MIXER\hybridzip\results\experiments\hybridzip-r2-e5-router-320dd1b-v1\children\hybridzip-r2-e5-router-320dd1b-v1-auto-k2-b128-r1\archives\128KiB\xml.hz2""","""E:\MIXER\hybridzip\build\Release\hybridzip.exe"" d ""E:\MIXER\hybridzip\results\experiments\hybridzip-r2-e5-router-320dd1b-v1\children\hybridzip-r2-e5-router-320dd1b-v1-auto-k2-b128-r1\archives\128KiB\xml.hz2"" ""E:\MIXER\hybridzip\results\experiments\hybridzip-r2-e5-router-320dd1b-v1\children\hybridzip-r2-e5-router-320dd1b-v1-auto-k2-b128-r1\decoded\128KiB\xml.decoded""","0","0","2026-08-29T11:53:32.9623717+08:00","COMPLETE","PASS","paq8px-generic-sse=1","Complete R2 archive size; SHA-256 byte-exact roundtrip verified."
"e5-router","auto-k4","128","1","False","1","1","4","0","00010000","1025B343","4B1AC26C40AD4DA50312FD3B694D7E636FB768C2336FE773BC82D36424C27A4B","0:1,2:1,36:1,37:1","0","0","0","0","0","","","hybridzip-r2-e5-router-320dd1b-v1-auto-k4-b128-r1","r2-auto-k4","1","1","dickens","32","inputs/32KiB/dickens.bin","32768","FC42DCB9849222C8704C9DCAE606D075B389B66244FB215035148D6409EC0B31","archives/32KiB/dickens.hz2","9598","44136F0341639CE079C5A082FED3B13A7A7BB2E931FB12163E28AA649A182936","decoded/32KiB/dickens.decoded","32768","FC42DCB9849222C8704C9DCAE606D075B389B66244FB215035148D6409EC0B31","32.6241587","7.1953534","546.40625","369.375","546.40625","74FF260A939B01673667723D8351AAEDB679339610009ECB23C70E373B862D9F","profile_id=2;mode=auto-k4;block_size=131072;zstd_level=19;lzma_level=9;threads=1;process_timeout_seconds=3600","""E:\MIXER\hybridzip\build\Release\hybridzip.exe"" c --profile=r2 --r2-mode=auto-k4 --block-size=131072 ""E:\MIXER\hybridzip\results\experiments\hybridzip-r2-e5-router-320dd1b-v1\children\hybridzip-r2-e5-router-320dd1b-v1-auto-k4-b128-r1\inputs\32KiB\dickens.bin"" ""E:\MIXER\hybridzip\results\experiments\hybridzip-r2-e5-router-320dd1b-v1\children\hybridzip-r2-e5-router-320dd1b-v1-auto-k4-b128-r1\archives\32KiB\dickens.hz2""","""E:\MIXER\hybridzip\build\Release\hybridzip.exe"" d ""E:\MIXER\hybridzip\results\experiments\hybridzip-r2-e5-router-320dd1b-v1\children\hybridzip-r2-e5-router-320dd1b-v1-auto-k4-b128-r1\archives\32KiB\dickens.hz2"" ""E:\MIXER\hybridzip\results\experiments\hybridzip-r2-e5-router-320dd1b-v1\children\hybridzip-r2-e5-router-320dd1b-v1-auto-k4-b128-r1\decoded\32KiB\dickens.decoded""","0","0","2026-08-29T11:55:20.6356387+08:00","COMPLETE","PASS","paq8px-detected-sse=1","Complete R2 archive size; SHA-256 byte-exact roundtrip verified."
"e5-router","auto-k4","128","1","False","1","1","4","0","00010000","1025B343","4B1AC26C40AD4DA50312FD3B694D7E636FB768C2336FE773BC82D36424C27A4B","0:1,2:1,36:1,37:1","0","0","0","0","0","","","hybridzip-r2-e5-router-320dd1b-v1-auto-k4-b128-r1","r2-auto-k4","1","2","dickens","64","inputs/64KiB/dickens.bin","65536","134AD989A7B8B40C900A3B9C0F4895317DFD827D9E6E933895B08D2F4A8A8293","archives/64KiB/dickens.hz2","17844","3BB3E667650011BB2D2F50D6350C7C9BDB764370DA4FF5641227D0CCCA8A51FA","decoded/64KiB/dickens.decoded","65536","134AD989A7B8B40C900A3B9C0F4895317DFD827D9E6E933895B08D2F4A8A8293","68.6020765","18.9668598","546.7109375","370.0234375","546.7109375","74FF260A939B01673667723D8351AAEDB679339610009ECB23C70E373B862D9F","profile_id=2;mode=auto-k4;block_size=131072;zstd_level=19;lzma_level=9;threads=1;process_timeout_seconds=3600","""E:\MIXER\hybridzip\build\Release\hybridzip.exe"" c --profile=r2 --r2-mode=auto-k4 --block-size=131072 ""E:\MIXER\hybridzip\results\experiments\hybridzip-r2-e5-router-320dd1b-v1\children\hybridzip-r2-e5-router-320dd1b-v1-auto-k4-b128-r1\inputs\64KiB\dickens.bin"" ""E:\MIXER\hybridzip\results\experiments\hybridzip-r2-e5-router-320dd1b-v1\children\hybridzip-r2-e5-router-320dd1b-v1-auto-k4-b128-r1\archives\64KiB\dickens.hz2""","""E:\MIXER\hybridzip\build\Release\hybridzip.exe"" d ""E:\MIXER\hybridzip\results\experiments\hybridzip-r2-e5-router-320dd1b-v1\children\hybridzip-r2-e5-router-320dd1b-v1-auto-k4-b128-r1\archives\64KiB\dickens.hz2"" ""E:\MIXER\hybridzip\results\experiments\hybridzip-r2-e5-router-320dd1b-v1\children\hybridzip-r2-e5-router-320dd1b-v1-auto-k4-b128-r1\decoded\64KiB\dickens.decoded""","0","0","2026-08-29T11:56:00.5374058+08:00","COMPLETE","PASS","paq8px-detected-sse=1","Complete R2 archive size; SHA-256 byte-exact roundtrip verified."
"e5-router","auto-k4","128","1","False","1","1","4","0","00010000","1025B343","4B1AC26C40AD4DA50312FD3B694D7E636FB768C2336FE773BC82D36424C27A4B","0:1,2:1,36:1,37:1","0","0","0","0","0","","","hybridzip-r2-e5-router-320dd1b-v1-auto-k4-b128-r1","r2-auto-k4","1","3","dickens","128","inputs/128KiB/dickens.bin","131072","20E33FCC8FAA96DC32A2D0921115C0F363E64C598A5847CE1A3876E356D59872","archives/128KiB/dickens.hz2","33028","A9E13980D3CAAC8EF7067DD22A15C1F745D5118F28B1C772FBCC90A939FB0A56","decoded/128KiB/dickens.decoded","131072","20E33FCC8FAA96DC32A2D0921115C0F363E64C598A5847CE1A3876E356D59872","139.269204","42.2535446","547.12890625","370.38671875","547.12890625","74FF260A939B01673667723D8351AAEDB679339610009ECB23C70E373B862D9F","profile_id=2;mode=auto-k4;block_size=131072;zstd_level=19;lzma_level=9;threads=1;process_timeout_seconds=3600","""E:\MIXER\hybridzip\build\Release\hybridzip.exe"" c --profile=r2 --r2-mode=auto-k4 --block-size=131072 ""E:\MIXER\hybridzip\results\experiments\hybridzip-r2-e5-router-320dd1b-v1\children\hybridzip-r2-e5-router-320dd1b-v1-auto-k4-b128-r1\inputs\128KiB\dickens.bin"" ""E:\MIXER\hybridzip\results\experiments\hybridzip-r2-e5-router-320dd1b-v1\children\hybridzip-r2-e5-router-320dd1b-v1-auto-k4-b128-r1\archives\128KiB\dickens.hz2""","""E:\MIXER\hybridzip\build\Release\hybridzip.exe"" d ""E:\MIXER\hybridzip\results\experiments\hybridzip-r2-e5-router-320dd1b-v1\children\hybridzip-r2-e5-router-320dd1b-v1-auto-k4-b128-r1\archives\128KiB\dickens.hz2"" ""E:\MIXER\hybridzip\results\experiments\hybridzip-r2-e5-router-320dd1b-v1\children\hybridzip-r2-e5-router-320dd1b-v1-auto-k4-b128-r1\decoded\128KiB\dickens.decoded""","0","0","2026-08-29T11:57:28.2065589+08:00","COMPLETE","PASS","paq8px-detected-sse=1","Complete R2 archive size; SHA-256 byte-exact roundtrip verified."
"e5-router","auto-k4","128","1","False","1","1","4","0","00010000","1025B343","4B1AC26C40AD4DA50312FD3B694D7E636FB768C2336FE773BC82D36424C27A4B","0:1,2:1,36:1,37:1","0","0","0","0","0","","","hybridzip-r2-e5-router-320dd1b-v1-auto-k4-b128-r1","r2-auto-k4","1","4","mozilla","32","inputs/32KiB/mozilla.bin","32768","9DDEEF36CA0CA55B72FE3376D005926DFF3400A2ADE6EAE18482D8017D8645DB","archives/32KiB/mozilla.hz2","6256","D901470B3D411489C12E75C38D3098AA7C93CA967459C70EEE62F6827BA20A03","decoded/32KiB/mozilla.decoded","32768","9DDEEF36CA0CA55B72FE3376D005926DFF3400A2ADE6EAE18482D8017D8645DB","35.1964983","14.0555865","734.0390625","733.9921875","734.0390625","74FF260A939B01673667723D8351AAEDB679339610009ECB23C70E373B862D9F","profile_id=2;mode=auto-k4;block_size=131072;zstd_level=19;lzma_level=9;threads=1;process_timeout_seconds=3600","""E:\MIXER\hybridzip\build\Release\hybridzip.exe"" c --profile=r2 --r2-mode=auto-k4 --block-size=131072 ""E:\MIXER\hybridzip\results\experiments\hybridzip-r2-e5-router-320dd1b-v1\children\hybridzip-r2-e5-router-320dd1b-v1-auto-k4-b128-r1\inputs\32KiB\mozilla.bin"" ""E:\MIXER\hybridzip\results\experiments\hybridzip-r2-e5-router-320dd1b-v1\children\hybridzip-r2-e5-router-320dd1b-v1-auto-k4-b128-r1\archives\32KiB\mozilla.hz2""","""E:\MIXER\hybridzip\build\Release\hybridzip.exe"" d ""E:\MIXER\hybridzip\results\experiments\hybridzip-r2-e5-router-320dd1b-v1\children\hybridzip-r2-e5-router-320dd1b-v1-auto-k4-b128-r1\archives\32KiB\mozilla.hz2"" ""E:\MIXER\hybridzip\results\experiments\hybridzip-r2-e5-router-320dd1b-v1\children\hybridzip-r2-e5-router-320dd1b-v1-auto-k4-b128-r1\decoded\32KiB\mozilla.decoded""","0","0","2026-08-29T12:00:29.8217512+08:00","COMPLETE","PASS","paq8px-detected-sse=1","Complete R2 archive size; SHA-256 byte-exact roundtrip verified."
"e5-router","auto-k4","128","1","False","1","1","4","0","00010000","1025B343","4B1AC26C40AD4DA50312FD3B694D7E636FB768C2336FE773BC82D36424C27A4B","0:1,2:1,36:1,37:1","0","0","0","0","0","","","hybridzip-r2-e5-router-320dd1b-v1-auto-k4-b128-r1","r2-auto-k4","1","5","mozilla","64","inputs/64KiB/mozilla.bin","65536","B0050240663F54371D372303EEABA0A59AB0758BCD565F4F639D06561E6BC996","archives/64KiB/mozilla.hz2","8856","82380D8CD12E0FFBBD323D4E8C256CF889F1B6F40FB07126AB5ECEE344D4F4B1","decoded/64KiB/mozilla.decoded","65536","B0050240663F54371D372303EEABA0A59AB0758BCD565F4F639D06561E6BC996","68.1632131","34.2134911","734.07421875","551.57421875","734.07421875","74FF260A939B01673667723D8351AAEDB679339610009ECB23C70E373B862D9F","profile_id=2;mode=auto-k4;block_size=131072;zstd_level=19;lzma_level=9;threads=1;process_timeout_seconds=3600","""E:\MIXER\hybridzip\build\Release\hybridzip.exe"" c --profile=r2 --r2-mode=auto-k4 --block-size=131072 ""E:\MIXER\hybridzip\results\experiments\hybridzip-r2-e5-router-320dd1b-v1\children\hybridzip-r2-e5-router-320dd1b-v1-auto-k4-b128-r1\inputs\64KiB\mozilla.bin"" ""E:\MIXER\hybridzip\results\experiments\hybridzip-r2-e5-router-320dd1b-v1\children\hybridzip-r2-e5-router-320dd1b-v1-auto-k4-b128-r1\archives\64KiB\mozilla.hz2""","""E:\MIXER\hybridzip\build\Release\hybridzip.exe"" d ""E:\MIXER\hybridzip\results\experiments\hybridzip-r2-e5-router-320dd1b-v1\children\hybridzip-r2-e5-router-320dd1b-v1-auto-k4-b128-r1\archives\64KiB\mozilla.hz2"" ""E:\MIXER\hybridzip\results\experiments\hybridzip-r2-e5-router-320dd1b-v1\children\hybridzip-r2-e5-router-320dd1b-v1-auto-k4-b128-r1\decoded\64KiB\mozilla.decoded""","0","0","2026-08-29T12:01:19.1704922+08:00","COMPLETE","PASS","paq8px-generic-sse=1","Complete R2 archive size; SHA-256 byte-exact roundtrip verified."
"e5-router","auto-k4","128","1","False","1","1","4","0","00010000","1025B343","4B1AC26C40AD4DA50312FD3B694D7E636FB768C2336FE773BC82D36424C27A4B","0:1,2:1,36:1,37:1","0","0","0","0","0","","","hybridzip-r2-e5-router-320dd1b-v1-auto-k4-b128-r1","r2-auto-k4","1","6","mozilla","128","inputs/128KiB/mozilla.bin","131072","85CDBEA98382DB12E9A21FF90E1907452712D074000A6B855D2CA215FA591EB4","archives/128KiB/mozilla.hz2","11547","2CD0F9727305FC7FFE0DF2094871CA991D48454CAD224998EA0781DE4450C712","decoded/128KiB/mozilla.decoded","131072","85CDBEA98382DB12E9A21FF90E1907452712D074000A6B855D2CA215FA591EB4","129.249426","64.4395244","734.14453125","552.06640625","734.14453125","74FF260A939B01673667723D8351AAEDB679339610009ECB23C70E373B862D9F","profile_id=2;mode=auto-k4;block_size=131072;zstd_level=19;lzma_level=9;threads=1;process_timeout_seconds=3600","""E:\MIXER\hybridzip\build\Release\hybridzip.exe"" c --profile=r2 --r2-mode=auto-k4 --block-size=131072 ""E:\MIXER\hybridzip\results\experiments\hybridzip-r2-e5-router-320dd1b-v1\children\hybridzip-r2-e5-router-320dd1b-v1-auto-k4-b128-r1\inputs\128KiB\mozilla.bin"" ""E:\MIXER\hybridzip\results\experiments\hybridzip-r2-e5-router-320dd1b-v1\children\hybridzip-r2-e5-router-320dd1b-v1-auto-k4-b128-r1\archives\128KiB\mozilla.hz2""","""E:\MIXER\hybridzip\build\Release\hybridzip.exe"" d ""E:\MIXER\hybridzip\results\experiments\hybridzip-r2-e5-router-320dd1b-v1\children\hybridzip-r2-e5-router-320dd1b-v1-auto-k4-b128-r1\archives\128KiB\mozilla.hz2"" ""E:\MIXER\hybridzip\results\experiments\hybridzip-r2-e5-router-320dd1b-v1\children\hybridzip-r2-e5-router-320dd1b-v1-auto-k4-b128-r1\decoded\128KiB\mozilla.decoded""","0","0","2026-08-29T12:03:01.6408643+08:00","COMPLETE","PASS","paq8px-generic-sse=1","Complete R2 archive size; SHA-256 byte-exact roundtrip verified."
"e5-router","auto-k4","128","1","False","1","1","4","0","00010000","1025B343","4B1AC26C40AD4DA50312FD3B694D7E636FB768C2336FE773BC82D36424C27A4B","0:1,2:1,36:1,37:1","0","0","0","0","0","","","hybridzip-r2-e5-router-320dd1b-v1-auto-k4-b128-r1","r2-auto-k4","1","7","mr","32","inputs/32KiB/mr.bin","32768","3BB287B0AF65F777AB00C14E362B4D1962087260556001BBEE0689AA10D9F76A","archives/32KiB/mr.hz2","5167","91574564041EA572342466ADFD1B610CB3F87F4D6387D30AB49DE2A259F4FBAB","decoded/32KiB/mr.decoded","32768","3BB287B0AF65F777AB00C14E362B4D1962087260556001BBEE0689AA10D9F76A","32.1392382","11.5879769","545.890625","545.7421875","545.890625","74FF260A939B01673667723D8351AAEDB679339610009ECB23C70E373B862D9F","profile_id=2;mode=auto-k4;block_size=131072;zstd_level=19;lzma_level=9;threads=1;process_timeout_seconds=3600","""E:\MIXER\hybridzip\build\Release\hybridzip.exe"" c --profile=r2 --r2-mode=auto-k4 --block-size=131072 ""E:\MIXER\hybridzip\results\experiments\hybridzip-r2-e5-router-320dd1b-v1\children\hybridzip-r2-e5-router-320dd1b-v1-auto-k4-b128-r1\inputs\32KiB\mr.bin"" ""E:\MIXER\hybridzip\results\experiments\hybridzip-r2-e5-router-320dd1b-v1\children\hybridzip-r2-e5-router-320dd1b-v1-auto-k4-b128-r1\archives\32KiB\mr.hz2""","""E:\MIXER\hybridzip\build\Release\hybridzip.exe"" d ""E:\MIXER\hybridzip\results\experiments\hybridzip-r2-e5-router-320dd1b-v1\children\hybridzip-r2-e5-router-320dd1b-v1-auto-k4-b128-r1\archives\32KiB\mr.hz2"" ""E:\MIXER\hybridzip\results\experiments\hybridzip-r2-e5-router-320dd1b-v1\children\hybridzip-r2-e5-router-320dd1b-v1-auto-k4-b128-r1\decoded\32KiB\mr.decoded""","0","0","2026-08-29T12:06:15.4255635+08:00","COMPLETE","PASS","paq8px-generic-sse=1","Complete R2 archive size; SHA-256 byte-exact roundtrip verified."
"e5-router","auto-k4","128","1","False","1","1","4","0","00010000","1025B343","4B1AC26C40AD4DA50312FD3B694D7E636FB768C2336FE773BC82D36424C27A4B","0:1,2:1,36:1,37:1","0","0","0","0","0","","","hybridzip-r2-e5-router-320dd1b-v1-auto-k4-b128-r1","r2-auto-k4","1","8","mr","64","inputs/64KiB/mr.bin","65536","CAB7B6408934009A4BBFEDB57BEB4943BF5478CF8B3688D01F004E0422EBC651","archives/64KiB/mr.hz2","10732","298403FE9E90A34621C0BFB7343DB9B53E7C8634DB102279A7FA8C1D09AA0A75","decoded/64KiB/mr.decoded","65536","CAB7B6408934009A4BBFEDB57BEB4943BF5478CF8B3688D01F004E0422EBC651","86.7354417","39.9997322","546.11328125","545.95703125","546.11328125","74FF260A939B01673667723D8351AAEDB679339610009ECB23C70E373B862D9F","profile_id=2;mode=auto-k4;block_size=131072;zstd_level=19;lzma_level=9;threads=1;process_timeout_seconds=3600","""E:\MIXER\hybridzip\build\Release\hybridzip.exe"" c --profile=r2 --r2-mode=auto-k4 --block-size=131072 ""E:\MIXER\hybridzip\results\experiments\hybridzip-r2-e5-router-320dd1b-v1\children\hybridzip-r2-e5-router-320dd1b-v1-auto-k4-b128-r1\inputs\64KiB\mr.bin"" ""E:\MIXER\hybridzip\results\experiments\hybridzip-r2-e5-router-320dd1b-v1\children\hybridzip-r2-e5-router-320dd1b-v1-auto-k4-b128-r1\archives\64KiB\mr.hz2""","""E:\MIXER\hybridzip\build\Release\hybridzip.exe"" d ""E:\MIXER\hybridzip\results\experiments\hybridzip-r2-e5-router-320dd1b-v1\children\hybridzip-r2-e5-router-320dd1b-v1-auto-k4-b128-r1\archives\64KiB\mr.hz2"" ""E:\MIXER\hybridzip\results\experiments\hybridzip-r2-e5-router-320dd1b-v1\children\hybridzip-r2-e5-router-320dd1b-v1-auto-k4-b128-r1\decoded\64KiB\mr.decoded""","0","0","2026-08-29T12:06:59.2481811+08:00","COMPLETE","PASS","paq8px-generic-sse=1","Complete R2 archive size; SHA-256 byte-exact roundtrip verified."
"e5-router","auto-k4","128","1","False","1","1","4","0","00010000","1025B343","4B1AC26C40AD4DA50312FD3B694D7E636FB768C2336FE773BC82D36424C27A4B","0:1,2:1,36:1,37:1","0","0","0","0","0","","","hybridzip-r2-e5-router-320dd1b-v1-auto-k4-b128-r1","r2-auto-k4","1","9","mr","128","inputs/128KiB/mr.bin","131072","473A6A883480C7B2E69402AD888AC07B347C2DF61C6AA0D84E8B8130A27792EA","archives/128KiB/mr.hz2","21642","E429C8D95188BAFD2669B2C9A1634084751A40A6006A08BC8AC01AD3599A653B","decoded/128KiB/mr.decoded","131072","473A6A883480C7B2E69402AD888AC07B347C2DF61C6AA0D84E8B8130A27792EA","198.6252671","95.1831924","546.34375","546.17578125","546.34375","74FF260A939B01673667723D8351AAEDB679339610009ECB23C70E373B862D9F","profile_id=2;mode=auto-k4;block_size=131072;zstd_level=19;lzma_level=9;threads=1;process_timeout_seconds=3600","""E:\MIXER\hybridzip\build\Release\hybridzip.exe"" c --profile=r2 --r2-mode=auto-k4 --block-size=131072 ""E:\MIXER\hybridzip\results\experiments\hybridzip-r2-e5-router-320dd1b-v1\children\hybridzip-r2-e5-router-320dd1b-v1-auto-k4-b128-r1\inputs\128KiB\mr.bin"" ""E:\MIXER\hybridzip\results\experiments\hybridzip-r2-e5-router-320dd1b-v1\children\hybridzip-r2-e5-router-320dd1b-v1-auto-k4-b128-r1\archives\128KiB\mr.hz2""","""E:\MIXER\hybridzip\build\Release\hybridzip.exe"" d ""E:\MIXER\hybridzip\results\experiments\hybridzip-r2-e5-router-320dd1b-v1\children\hybridzip-r2-e5-router-320dd1b-v1-auto-k4-b128-r1\archives\128KiB\mr.hz2"" ""E:\MIXER\hybridzip\results\experiments\hybridzip-r2-e5-router-320dd1b-v1\children\hybridzip-r2-e5-router-320dd1b-v1-auto-k4-b128-r1\decoded\128KiB\mr.decoded""","0","0","2026-08-29T12:09:06.0789129+08:00","COMPLETE","PASS","paq8px-generic-sse=1","Complete R2 archive size; SHA-256 byte-exact roundtrip verified."
"e5-router","auto-k4","128","1","False","1","1","4","0","00010000","1025B343","4B1AC26C40AD4DA50312FD3B694D7E636FB768C2336FE773BC82D36424C27A4B","0:1,2:1,36:1,37:1","0","0","0","0","0","","","hybridzip-r2-e5-router-320dd1b-v1-auto-k4-b128-r1","r2-auto-k4","1","10","nci","32","inputs/32KiB/nci.bin","32768","0D3034FE8B0E573DE1439ED98CE409B83B13E5895085C9BFB0BF980F4962FB79","archives/32KiB/nci.hz2","1341","12ED9ABAFB7487BA1AB51377FEF1FDE06D0172E278C245B84D94DEAC9DFFCB16","decoded/32KiB/nci.decoded","32768","0D3034FE8B0E573DE1439ED98CE409B83B13E5895085C9BFB0BF980F4962FB79","16.7461849","4.4055725","540.87109375","361.77734375","540.87109375","74FF260A939B01673667723D8351AAEDB679339610009ECB23C70E373B862D9F","profile_id=2;mode=auto-k4;block_size=131072;zstd_level=19;lzma_level=9;threads=1;process_timeout_seconds=3600","""E:\MIXER\hybridzip\build\Release\hybridzip.exe"" c --profile=r2 --r2-mode=auto-k4 --block-size=131072 ""E:\MIXER\hybridzip\results\experiments\hybridzip-r2-e5-router-320dd1b-v1\children\hybridzip-r2-e5-router-320dd1b-v1-auto-k4-b128-r1\inputs\32KiB\nci.bin"" ""E:\MIXER\hybridzip\results\experiments\hybridzip-r2-e5-router-320dd1b-v1\children\hybridzip-r2-e5-router-320dd1b-v1-auto-k4-b128-r1\archives\32KiB\nci.hz2""","""E:\MIXER\hybridzip\build\Release\hybridzip.exe"" d ""E:\MIXER\hybridzip\results\experiments\hybridzip-r2-e5-router-320dd1b-v1\children\hybridzip-r2-e5-router-320dd1b-v1-auto-k4-b128-r1\archives\32KiB\nci.hz2"" ""E:\MIXER\hybridzip\results\experiments\hybridzip-r2-e5-router-320dd1b-v1\children\hybridzip-r2-e5-router-320dd1b-v1-auto-k4-b128-r1\decoded\32KiB\nci.decoded""","0","0","2026-08-29T12:13:59.9843666+08:00","COMPLETE","PASS","paq8px-detected-sse=1","Complete R2 archive size; SHA-256 byte-exact roundtrip verified."
"e5-router","auto-k4","128","1","False","1","1","4","0","00010000","1025B343","4B1AC26C40AD4DA50312FD3B694D7E636FB768C2336FE773BC82D36424C27A4B","0:1,2:1,36:1,37:1","0","0","0","0","0","","","hybridzip-r2-e5-router-320dd1b-v1-auto-k4-b128-r1","r2-auto-k4","1","11","nci","64","inputs/64KiB/nci.bin","65536","B01B411AC3B5CE2FBF37242C0C59D2D236D2F7039937C1B1A0F18F4CC02549FE","archives/64KiB/nci.hz2","2058","DCE349EB43B90ED9E769B97E36CF9024BEA7E06BA38EF95A9D0621B26E7C50DB","decoded/64KiB/nci.decoded","65536","B01B411AC3B5CE2FBF37242C0C59D2D236D2F7039937C1B1A0F18F4CC02549FE","37.4413859","8.7698159","542.40234375","364.0703125","542.40234375","74FF260A939B01673667723D8351AAEDB679339610009ECB23C70E373B862D9F","profile_id=2;mode=auto-k4;block_size=131072;zstd_level=19;lzma_level=9;threads=1;process_timeout_seconds=3600","""E:\MIXER\hybridzip\build\Release\hybridzip.exe"" c --profile=r2 --r2-mode=auto-k4 --block-size=131072 ""E:\MIXER\hybridzip\results\experiments\hybridzip-r2-e5-router-320dd1b-v1\children\hybridzip-r2-e5-router-320dd1b-v1-auto-k4-b128-r1\inputs\64KiB\nci.bin"" ""E:\MIXER\hybridzip\results\experiments\hybridzip-r2-e5-router-320dd1b-v1\children\hybridzip-r2-e5-router-320dd1b-v1-auto-k4-b128-r1\archives\64KiB\nci.hz2""","""E:\MIXER\hybridzip\build\Release\hybridzip.exe"" d ""E:\MIXER\hybridzip\results\experiments\hybridzip-r2-e5-router-320dd1b-v1\children\hybridzip-r2-e5-router-320dd1b-v1-auto-k4-b128-r1\archives\64KiB\nci.hz2"" ""E:\MIXER\hybridzip\results\experiments\hybridzip-r2-e5-router-320dd1b-v1\children\hybridzip-r2-e5-router-320dd1b-v1-auto-k4-b128-r1\decoded\64KiB\nci.decoded""","0","0","2026-08-29T12:14:21.2327184+08:00","COMPLETE","PASS","paq8px-detected-sse=1","Complete R2 archive size; SHA-256 byte-exact roundtrip verified."
"e5-router","auto-k4","128","1","False","1","1","4","0","00010000","1025B343","4B1AC26C40AD4DA50312FD3B694D7E636FB768C2336FE773BC82D36424C27A4B","0:1,2:1,36:1,37:1","0","0","0","0","0","","","hybridzip-r2-e5-router-320dd1b-v1-auto-k4-b128-r1","r2-auto-k4","1","12","nci","128","inputs/128KiB/nci.bin","131072","C8A1D610355E5EF900ED4C704DF14ADF1935D95DFD8F1740AC9FD90FC9BF5781","archives/128KiB/nci.hz2","4231","820AFC16E251CF908FD48995260DC0AB6D6484AFC6D41FB72F278719C97070AB","decoded/128KiB/nci.decoded","131072","C8A1D610355E5EF900ED4C704DF14ADF1935D95DFD8F1740AC9FD90FC9BF5781","77.5548142","16.9155125","544.0625","367.765625","544.0625","74FF260A939B01673667723D8351AAEDB679339610009ECB23C70E373B862D9F","profile_id=2;mode=auto-k4;block_size=131072;zstd_level=19;lzma_level=9;threads=1;process_timeout_seconds=3600","""E:\MIXER\hybridzip\build\Release\hybridzip.exe"" c --profile=r2 --r2-mode=auto-k4 --block-size=131072 ""E:\MIXER\hybridzip\results\experiments\hybridzip-r2-e5-router-320dd1b-v1\children\hybridzip-r2-e5-router-320dd1b-v1-auto-k4-b128-r1\inputs\128KiB\nci.bin"" ""E:\MIXER\hybridzip\results\experiments\hybridzip-r2-e5-router-320dd1b-v1\children\hybridzip-r2-e5-router-320dd1b-v1-auto-k4-b128-r1\archives\128KiB\nci.hz2""","""E:\MIXER\hybridzip\build\Release\hybridzip.exe"" d ""E:\MIXER\hybridzip\results\experiments\hybridzip-r2-e5-router-320dd1b-v1\children\hybridzip-r2-e5-router-320dd1b-v1-auto-k4-b128-r1\archives\128KiB\nci.hz2"" ""E:\MIXER\hybridzip\results\experiments\hybridzip-r2-e5-router-320dd1b-v1\children\hybridzip-r2-e5-router-320dd1b-v1-auto-k4-b128-r1\decoded\128KiB\nci.decoded""","0","0","2026-08-29T12:15:07.5375008+08:00","COMPLETE","PASS","paq8px-detected-sse=1","Complete R2 archive size; SHA-256 byte-exact roundtrip verified."
"e5-router","auto-k4","128","1","False","1","1","4","0","00010000","1025B343","4B1AC26C40AD4DA50312FD3B694D7E636FB768C2336FE773BC82D36424C27A4B","0:1,2:1,36:1,37:1","0","0","0","0","0","","","hybridzip-r2-e5-router-320dd1b-v1-auto-k4-b128-r1","r2-auto-k4","1","13","ooffice","32","inputs/32KiB/ooffice.bin","32768","2ACF9B4CAAEAC5814CDFEF0FA48A5ECE857C847DBDB7B44EEAB95CA3C098921C","archives/32KiB/ooffice.hz2","8097","BE789E8DAD367762274C2F18209F256AA93D6C360CFE6A29FD6BF0263F172BCD","decoded/32KiB/ooffice.decoded","32768","2ACF9B4CAAEAC5814CDFEF0FA48A5ECE857C847DBDB7B44EEAB95CA3C098921C","32.473985","17.0305629","551.26171875","551.1875","551.26171875","74FF260A939B01673667723D8351AAEDB679339610009ECB23C70E373B862D9F","profile_id=2;mode=auto-k4;block_size=131072;zstd_level=19;lzma_level=9;threads=1;process_timeout_seconds=3600","""E:\MIXER\hybridzip\build\Release\hybridzip.exe"" c --profile=r2 --r2-mode=auto-k4 --block-size=131072 ""E:\MIXER\hybridzip\results\experiments\hybridzip-r2-e5-router-320dd1b-v1\children\hybridzip-r2-e5-router-320dd1b-v1-auto-k4-b128-r1\inputs\32KiB\ooffice.bin"" ""E:\MIXER\hybridzip\results\experiments\hybridzip-r2-e5-router-320dd1b-v1\children\hybridzip-r2-e5-router-320dd1b-v1-auto-k4-b128-r1\archives\32KiB\ooffice.hz2""","""E:\MIXER\hybridzip\build\Release\hybridzip.exe"" d ""E:\MIXER\hybridzip\results\experiments\hybridzip-r2-e5-router-320dd1b-v1\children\hybridzip-r2-e5-router-320dd1b-v1-auto-k4-b128-r1\archives\32KiB\ooffice.hz2"" ""E:\MIXER\hybridzip\results\experiments\hybridzip-r2-e5-router-320dd1b-v1\children\hybridzip-r2-e5-router-320dd1b-v1-auto-k4-b128-r1\decoded\32KiB\ooffice.decoded""","0","0","2026-08-29T12:16:42.0845199+08:00","COMPLETE","PASS","paq8px-generic-sse=1","Complete R2 archive size; SHA-256 byte-exact roundtrip verified."
"e5-router","auto-k4","128","1","False","1","1","4","0","00010000","1025B343","4B1AC26C40AD4DA50312FD3B694D7E636FB768C2336FE773BC82D36424C27A4B","0:1,2:1,36:1,37:1","0","0","0","0","0","","","hybridzip-r2-e5-router-320dd1b-v1-auto-k4-b128-r1","r2-auto-k4","1","14","ooffice","64","inputs/64KiB/ooffice.bin","65536","9D30521922187D0A26F56CF2DF85001F9585D0D4EC6A0A8797466AFCC367F825","archives/64KiB/ooffice.hz2","19134","923B02EDB226F2377CB979CFF1C5371D3909C392B98774ECF8D769185421962D","decoded/64KiB/ooffice.decoded","65536","9D30521922187D0A26F56CF2DF85001F9585D0D4EC6A0A8797466AFCC367F825","92.2119088","43.3180633","552.8671875","552.74609375","552.8671875","74FF260A939B01673667723D8351AAEDB679339610009ECB23C70E373B862D9F","profile_id=2;mode=auto-k4;block_size=131072;zstd_level=19;lzma_level=9;threads=1;process_timeout_seconds=3600","""E:\MIXER\hybridzip\build\Release\hybridzip.exe"" c --profile=r2 --r2-mode=auto-k4 --block-size=131072 ""E:\MIXER\hybridzip\results\experiments\hybridzip-r2-e5-router-320dd1b-v1\children\hybridzip-r2-e5-router-320dd1b-v1-auto-k4-b128-r1\inputs\64KiB\ooffice.bin"" ""E:\MIXER\hybridzip\results\experiments\hybridzip-r2-e5-router-320dd1b-v1\children\hybridzip-r2-e5-router-320dd1b-v1-auto-k4-b128-r1\archives\64KiB\ooffice.hz2""","""E:\MIXER\hybridzip\build\Release\hybridzip.exe"" d ""E:\MIXER\hybridzip\results\experiments\hybridzip-r2-e5-router-320dd1b-v1\children\hybridzip-r2-e5-router-320dd1b-v1-auto-k4-b128-r1\archives\64KiB\ooffice.hz2"" ""E:\MIXER\hybridzip\results\experiments\hybridzip-r2-e5-router-320dd1b-v1\children\hybridzip-r2-e5-router-320dd1b-v1-auto-k4-b128-r1\decoded\64KiB\ooffice.decoded""","0","0","2026-08-29T12:17:31.6847796+08:00","COMPLETE","PASS","paq8px-detected-sse=1","Complete R2 archive size; SHA-256 byte-exact roundtrip verified."
"e5-router","auto-k4","128","1","False","1","1","4","0","00010000","1025B343","4B1AC26C40AD4DA50312FD3B694D7E636FB768C2336FE773BC82D36424C27A4B","0:1,2:1,36:1,37:1","0","0","0","0","0","","","hybridzip-r2-e5-router-320dd1b-v1-auto-k4-b128-r1","r2-auto-k4","1","15","ooffice","128","inputs/128KiB/ooffice.bin","131072","09FA5F3EE5311528863F8C3FADA3B530CC24AC1D88128E4DB2BF434161879FEF","archives/128KiB/ooffice.hz2","41067","6DB470826081EA44252E8560BF4E9F49FB19BE61DBBFE0FEDCD64195D800810D","decoded/128KiB/ooffice.decoded","131072","09FA5F3EE5311528863F8C3FADA3B530CC24AC1D88128E4DB2BF434161879FEF","169.8112044","105.9172345","553.86328125","553.73828125","553.86328125","74FF260A939B01673667723D8351AAEDB679339610009ECB23C70E373B862D9F","profile_id=2;mode=auto-k4;block_size=131072;zstd_level=19;lzma_level=9;threads=1;process_timeout_seconds=3600","""E:\MIXER\hybridzip\build\Release\hybridzip.exe"" c --profile=r2 --r2-mode=auto-k4 --block-size=131072 ""E:\MIXER\hybridzip\results\experiments\hybridzip-r2-e5-router-320dd1b-v1\children\hybridzip-r2-e5-router-320dd1b-v1-auto-k4-b128-r1\inputs\128KiB\ooffice.bin"" ""E:\MIXER\hybridzip\results\experiments\hybridzip-r2-e5-router-320dd1b-v1\children\hybridzip-r2-e5-router-320dd1b-v1-auto-k4-b128-r1\archives\128KiB\ooffice.hz2""","""E:\MIXER\hybridzip\build\Release\hybridzip.exe"" d ""E:\MIXER\hybridzip\results\experiments\hybridzip-r2-e5-router-320dd1b-v1\children\hybridzip-r2-e5-router-320dd1b-v1-auto-k4-b128-r1\archives\128KiB\ooffice.hz2"" ""E:\MIXER\hybridzip\results\experiments\hybridzip-r2-e5-router-320dd1b-v1\children\hybridzip-r2-e5-router-320dd1b-v1-auto-k4-b128-r1\decoded\128KiB\ooffice.decoded""","0","0","2026-08-29T12:19:47.3132877+08:00","COMPLETE","PASS","paq8px-detected-sse=1","Complete R2 archive size; SHA-256 byte-exact roundtrip verified."
"e5-router","auto-k4","128","1","False","1","1","4","0","00010000","1025B343","4B1AC26C40AD4DA50312FD3B694D7E636FB768C2336FE773BC82D36424C27A4B","0:1,2:1,36:1,37:1","0","0","0","0","0","","","hybridzip-r2-e5-router-320dd1b-v1-auto-k4-b128-r1","r2-auto-k4","1","16","osdb","32","inputs/32KiB/osdb.bin","32768","03B2C20B777682CD960BCD893D7A4463161D9C0200FD1708B2EFAE32A259D0B7","archives/32KiB/osdb.hz2","11420","CDBC934653B82CBD36E03B58A1E2E5E177EA85AE2B08017CA574145ACF5C4BCF","decoded/32KiB/osdb.decoded","32768","03B2C20B777682CD960BCD893D7A4463161D9C0200FD1708B2EFAE32A259D0B7","48.647864","20.5408721","548.4375","548.30078125","548.4375","74FF260A939B01673667723D8351AAEDB679339610009ECB23C70E373B862D9F","profile_id=2;mode=auto-k4;block_size=131072;zstd_level=19;lzma_level=9;threads=1;process_timeout_seconds=3600","""E:\MIXER\hybridzip\build\Release\hybridzip.exe"" c --profile=r2 --r2-mode=auto-k4 --block-size=131072 ""E:\MIXER\hybridzip\results\experiments\hybridzip-r2-e5-router-320dd1b-v1\children\hybridzip-r2-e5-router-320dd1b-v1-auto-k4-b128-r1\inputs\32KiB\osdb.bin"" ""E:\MIXER\hybridzip\results\experiments\hybridzip-r2-e5-router-320dd1b-v1\children\hybridzip-r2-e5-router-320dd1b-v1-auto-k4-b128-r1\archives\32KiB\osdb.hz2""","""E:\MIXER\hybridzip\build\Release\hybridzip.exe"" d ""E:\MIXER\hybridzip\results\experiments\hybridzip-r2-e5-router-320dd1b-v1\children\hybridzip-r2-e5-router-320dd1b-v1-auto-k4-b128-r1\archives\32KiB\osdb.hz2"" ""E:\MIXER\hybridzip\results\experiments\hybridzip-r2-e5-router-320dd1b-v1\children\hybridzip-r2-e5-router-320dd1b-v1-auto-k4-b128-r1\decoded\32KiB\osdb.decoded""","0","0","2026-08-29T12:24:23.1430477+08:00","COMPLETE","PASS","paq8px-generic-sse=1","Complete R2 archive size; SHA-256 byte-exact roundtrip verified."
"e5-router","auto-k4","128","1","False","1","1","4","0","00010000","1025B343","4B1AC26C40AD4DA50312FD3B694D7E636FB768C2336FE773BC82D36424C27A4B","0:1,2:1,36:1,37:1","0","0","0","0","0","","","hybridzip-r2-e5-router-320dd1b-v1-auto-k4-b128-r1","r2-auto-k4","1","17","osdb","64","inputs/64KiB/osdb.bin","65536","F8FE629325A07588118BA0B65880A87DED43EF249CCBC91F0E977BBACAE0C125","archives/64KiB/osdb.hz2","18994","723D65E516780E16F25BD5CD931002B37C3FA49457AD4CB501B82497B9B17891","decoded/64KiB/osdb.decoded","65536","F8FE629325A07588118BA0B65880A87DED43EF249CCBC91F0E977BBACAE0C125","94.8744024","43.6319741","549.93359375","549.75390625","549.93359375","74FF260A939B01673667723D8351AAEDB679339610009ECB23C70E373B862D9F","profile_id=2;mode=auto-k4;block_size=131072;zstd_level=19;lzma_level=9;threads=1;process_timeout_seconds=3600","""E:\MIXER\hybridzip\build\Release\hybridzip.exe"" c --profile=r2 --r2-mode=auto-k4 --block-size=131072 ""E:\MIXER\hybridzip\results\experiments\hybridzip-r2-e5-router-320dd1b-v1\children\hybridzip-r2-e5-router-320dd1b-v1-auto-k4-b128-r1\inputs\64KiB\osdb.bin"" ""E:\MIXER\hybridzip\results\experiments\hybridzip-r2-e5-router-320dd1b-v1\children\hybridzip-r2-e5-router-320dd1b-v1-auto-k4-b128-r1\archives\64KiB\osdb.hz2""","""E:\MIXER\hybridzip\build\Release\hybridzip.exe"" d ""E:\MIXER\hybridzip\results\experiments\hybridzip-r2-e5-router-320dd1b-v1\children\hybridzip-r2-e5-router-320dd1b-v1-auto-k4-b128-r1\archives\64KiB\osdb.hz2"" ""E:\MIXER\hybridzip\results\experiments\hybridzip-r2-e5-router-320dd1b-v1\children\hybridzip-r2-e5-router-320dd1b-v1-auto-k4-b128-r1\decoded\64KiB\osdb.decoded""","0","0","2026-08-29T12:25:32.4208317+08:00","COMPLETE","PASS","paq8px-generic-sse=1","Complete R2 archive size; SHA-256 byte-exact roundtrip verified."
"e5-router","auto-k4","128","1","False","1","1","4","0","00010000","1025B343","4B1AC26C40AD4DA50312FD3B694D7E636FB768C2336FE773BC82D36424C27A4B","0:1,2:1,36:1,37:1","0","0","0","0","0","","","hybridzip-r2-e5-router-320dd1b-v1-auto-k4-b128-r1","r2-auto-k4","1","18","osdb","128","inputs/128KiB/osdb.bin","131072","D977E72AE13AEFC36A4B6171A895E26A0E6EEE447B1B9FBE868D7B1C046CC91F","archives/128KiB/osdb.hz2","33602","936B50A78F628B04493635488D37F2B7DEEF01733766B037B78F48C54359E7F2","decoded/128KiB/osdb.decoded","131072","D977E72AE13AEFC36A4B6171A895E26A0E6EEE447B1B9FBE868D7B1C046CC91F","186.8492339","90.2691267","551.0234375","550.8359375","551.0234375","74FF260A939B01673667723D8351AAEDB679339610009ECB23C70E373B862D9F","profile_id=2;mode=auto-k4;block_size=131072;zstd_level=19;lzma_level=9;threads=1;process_timeout_seconds=3600","""E:\MIXER\hybridzip\build\Release\hybridzip.exe"" c --profile=r2 --r2-mode=auto-k4 --block-size=131072 ""E:\MIXER\hybridzip\results\experiments\hybridzip-r2-e5-router-320dd1b-v1\children\hybridzip-r2-e5-router-320dd1b-v1-auto-k4-b128-r1\inputs\128KiB\osdb.bin"" ""E:\MIXER\hybridzip\results\experiments\hybridzip-r2-e5-router-320dd1b-v1\children\hybridzip-r2-e5-router-320dd1b-v1-auto-k4-b128-r1\archives\128KiB\osdb.hz2""","""E:\MIXER\hybridzip\build\Release\hybridzip.exe"" d ""E:\MIXER\hybridzip\results\experiments\hybridzip-r2-e5-router-320dd1b-v1\children\hybridzip-r2-e5-router-320dd1b-v1-auto-k4-b128-r1\archives\128KiB\osdb.hz2"" ""E:\MIXER\hybridzip\results\experiments\hybridzip-r2-e5-router-320dd1b-v1\children\hybridzip-r2-e5-router-320dd1b-v1-auto-k4-b128-r1\decoded\128KiB\osdb.decoded""","0","0","2026-08-29T12:27:51.0217842+08:00","COMPLETE","PASS","paq8px-generic-sse=1","Complete R2 archive size; SHA-256 byte-exact roundtrip verified."
"e5-router","auto-k4","128","1","False","1","1","4","0","00010000","1025B343","4B1AC26C40AD4DA50312FD3B694D7E636FB768C2336FE773BC82D36424C27A4B","0:1,2:1,36:1,37:1","0","0","0","0","0","","","hybridzip-r2-e5-router-320dd1b-v1-auto-k4-b128-r1","r2-auto-k4","1","19","reymont","32","inputs/32KiB/reymont.bin","32768","9D5E4B9340C2260DAE7DDB01B3EDA58236FF2DE5E1FF4D56767AA840B6FB1A87","archives/32KiB/reymont.hz2","5679","6B4BA13253C365E37E6B88F947429E09B4CF50A3ED11F1DBC8718CD2AEED316E","decoded/32KiB/reymont.decoded","32768","9D5E4B9340C2260DAE7DDB01B3EDA58236FF2DE5E1FF4D56767AA840B6FB1A87","27.7688483","6.1315953","544.7734375","369.15234375","544.7734375","74FF260A939B01673667723D8351AAEDB679339610009ECB23C70E373B862D9F","profile_id=2;mode=auto-k4;block_size=131072;zstd_level=19;lzma_level=9;threads=1;process_timeout_seconds=3600","""E:\MIXER\hybridzip\build\Release\hybridzip.exe"" c --profile=r2 --r2-mode=auto-k4 --block-size=131072 ""E:\MIXER\hybridzip\results\experiments\hybridzip-r2-e5-router-320dd1b-v1\children\hybridzip-r2-e5-router-320dd1b-v1-auto-k4-b128-r1\inputs\32KiB\reymont.bin"" ""E:\MIXER\hybridzip\results\experiments\hybridzip-r2-e5-router-320dd1b-v1\children\hybridzip-r2-e5-router-320dd1b-v1-auto-k4-b128-r1\archives\32KiB\reymont.hz2""","""E:\MIXER\hybridzip\build\Release\hybridzip.exe"" d ""E:\MIXER\hybridzip\results\experiments\hybridzip-r2-e5-router-320dd1b-v1\children\hybridzip-r2-e5-router-320dd1b-v1-auto-k4-b128-r1\archives\32KiB\reymont.hz2"" ""E:\MIXER\hybridzip\results\experiments\hybridzip-r2-e5-router-320dd1b-v1\children\hybridzip-r2-e5-router-320dd1b-v1-auto-k4-b128-r1\decoded\32KiB\reymont.decoded""","0","0","2026-08-29T12:32:28.2372600+08:00","COMPLETE","PASS","paq8px-detected-sse=1","Complete R2 archive size; SHA-256 byte-exact roundtrip verified."
"e5-router","auto-k4","128","1","False","1","1","4","0","00010000","1025B343","4B1AC26C40AD4DA50312FD3B694D7E636FB768C2336FE773BC82D36424C27A4B","0:1,2:1,36:1,37:1","0","0","0","0","0","","","hybridzip-r2-e5-router-320dd1b-v1-auto-k4-b128-r1","r2-auto-k4","1","20","reymont","64","inputs/64KiB/reymont.bin","65536","A5ECAAABB133F1ADF8DE6062BE6381D143E87F9F8050EEA9B5BE6F92B88C3C22","archives/64KiB/reymont.hz2","10629","A04AFB92FC9482AB9A576740537E9FC14C7A35A4BDA6BAA950E703A026628D21","decoded/64KiB/reymont.decoded","65536","A5ECAAABB133F1ADF8DE6062BE6381D143E87F9F8050EEA9B5BE6F92B88C3C22","57.6469768","14.6221119","545.14453125","369.77734375","545.14453125","74FF260A939B01673667723D8351AAEDB679339610009ECB23C70E373B862D9F","profile_id=2;mode=auto-k4;block_size=131072;zstd_level=19;lzma_level=9;threads=1;process_timeout_seconds=3600","""E:\MIXER\hybridzip\build\Release\hybridzip.exe"" c --profile=r2 --r2-mode=auto-k4 --block-size=131072 ""E:\MIXER\hybridzip\results\experiments\hybridzip-r2-e5-router-320dd1b-v1\children\hybridzip-r2-e5-router-320dd1b-v1-auto-k4-b128-r1\inputs\64KiB\reymont.bin"" ""E:\MIXER\hybridzip\results\experiments\hybridzip-r2-e5-router-320dd1b-v1\children\hybridzip-r2-e5-router-320dd1b-v1-auto-k4-b128-r1\archives\64KiB\reymont.hz2""","""E:\MIXER\hybridzip\build\Release\hybridzip.exe"" d ""E:\MIXER\hybridzip\results\experiments\hybridzip-r2-e5-router-320dd1b-v1\children\hybridzip-r2-e5-router-320dd1b-v1-auto-k4-b128-r1\archives\64KiB\reymont.hz2"" ""E:\MIXER\hybridzip\results\experiments\hybridzip-r2-e5-router-320dd1b-v1\children\hybridzip-r2-e5-router-320dd1b-v1-auto-k4-b128-r1\decoded\64KiB\reymont.decoded""","0","0","2026-08-29T12:33:02.2415276+08:00","COMPLETE","PASS","paq8px-detected-sse=1","Complete R2 archive size; SHA-256 byte-exact roundtrip verified."
"e5-router","auto-k4","128","1","False","1","1","4","0","00010000","1025B343","4B1AC26C40AD4DA50312FD3B694D7E636FB768C2336FE773BC82D36424C27A4B","0:1,2:1,36:1,37:1","0","0","0","0","0","","","hybridzip-r2-e5-router-320dd1b-v1-auto-k4-b128-r1","r2-auto-k4","1","21","reymont","128","inputs/128KiB/reymont.bin","131072","A6CA7478854C1E80DFEAF9FB3444B357F9D7625E55232FAE3B3632A5A1217DEA","archives/128KiB/reymont.hz2","19991","DE1F50B5C9E2E007CBB912234742195C11E01AA7FB246964D2B65A2A774D7265","decoded/128KiB/reymont.decoded","131072","A6CA7478854C1E80DFEAF9FB3444B357F9D7625E55232FAE3B3632A5A1217DEA","116.2371759","52.034624","545.56640625","370.08984375","545.56640625","74FF260A939B01673667723D8351AAEDB679339610009ECB23C70E373B862D9F","profile_id=2;mode=auto-k4;block_size=131072;zstd_level=19;lzma_level=9;threads=1;process_timeout_seconds=3600","""E:\MIXER\hybridzip\build\Release\hybridzip.exe"" c --profile=r2 --r2-mode=auto-k4 --block-size=131072 ""E:\MIXER\hybridzip\results\experiments\hybridzip-r2-e5-router-320dd1b-v1\children\hybridzip-r2-e5-router-320dd1b-v1-auto-k4-b128-r1\inputs\128KiB\reymont.bin"" ""E:\MIXER\hybridzip\results\experiments\hybridzip-r2-e5-router-320dd1b-v1\children\hybridzip-r2-e5-router-320dd1b-v1-auto-k4-b128-r1\archives\128KiB\reymont.hz2""","""E:\MIXER\hybridzip\build\Release\hybridzip.exe"" d ""E:\MIXER\hybridzip\results\experiments\hybridzip-r2-e5-router-320dd1b-v1\children\hybridzip-r2-e5-router-320dd1b-v1-auto-k4-b128-r1\archives\128KiB\reymont.hz2"" ""E:\MIXER\hybridzip\results\experiments\hybridzip-r2-e5-router-320dd1b-v1\children\hybridzip-r2-e5-router-320dd1b-v1-auto-k4-b128-r1\decoded\128KiB\reymont.decoded""","0","0","2026-08-29T12:34:14.6070384+08:00","COMPLETE","PASS","paq8px-detected-sse=1","Complete R2 archive size; SHA-256 byte-exact roundtrip verified."
"e5-router","auto-k4","128","1","False","1","1","4","0","00010000","1025B343","4B1AC26C40AD4DA50312FD3B694D7E636FB768C2336FE773BC82D36424C27A4B","0:1,2:1,36:1,37:1","0","0","0","0","0","","","hybridzip-r2-e5-router-320dd1b-v1-auto-k4-b128-r1","r2-auto-k4","1","22","samba","32","inputs/32KiB/samba.bin","32768","9C4F5BEE544E4531E4946E62F796987418B4526911C34877EF282F14DD57AD12","archives/32KiB/samba.hz2","7956","73956285FFC2574A980D1DE0715E0BDF2A57CC0C267D97D93600253CA1E38770","decoded/32KiB/samba.decoded","32768","9C4F5BEE544E4531E4946E62F796987418B4526911C34877EF282F14DD57AD12","43.902668","17.1223259","545.3203125","545.203125","545.3203125","74FF260A939B01673667723D8351AAEDB679339610009ECB23C70E373B862D9F","profile_id=2;mode=auto-k4;block_size=131072;zstd_level=19;lzma_level=9;threads=1;process_timeout_seconds=3600","""E:\MIXER\hybridzip\build\Release\hybridzip.exe"" c --profile=r2 --r2-mode=auto-k4 --block-size=131072 ""E:\MIXER\hybridzip\results\experiments\hybridzip-r2-e5-router-320dd1b-v1\children\hybridzip-r2-e5-router-320dd1b-v1-auto-k4-b128-r1\inputs\32KiB\samba.bin"" ""E:\MIXER\hybridzip\results\experiments\hybridzip-r2-e5-router-320dd1b-v1\children\hybridzip-r2-e5-router-320dd1b-v1-auto-k4-b128-r1\archives\32KiB\samba.hz2""","""E:\MIXER\hybridzip\build\Release\hybridzip.exe"" d ""E:\MIXER\hybridzip\results\experiments\hybridzip-r2-e5-router-320dd1b-v1\children\hybridzip-r2-e5-router-320dd1b-v1-auto-k4-b128-r1\archives\32KiB\samba.hz2"" ""E:\MIXER\hybridzip\results\experiments\hybridzip-r2-e5-router-320dd1b-v1\children\hybridzip-r2-e5-router-320dd1b-v1-auto-k4-b128-r1\decoded\32KiB\samba.decoded""","0","0","2026-08-29T12:37:02.9821425+08:00","COMPLETE","PASS","paq8px-generic-sse=1","Complete R2 archive size; SHA-256 byte-exact roundtrip verified."
"e5-router","auto-k4","128","1","False","1","1","4","0","00010000","1025B343","4B1AC26C40AD4DA50312FD3B694D7E636FB768C2336FE773BC82D36424C27A4B","0:1,2:1,36:1,37:1","0","0","0","0","0","","","hybridzip-r2-e5-router-320dd1b-v1-auto-k4-b128-r1","r2-auto-k4","1","23","samba","64","inputs/64KiB/samba.bin","65536","3E0420984C0F260EA7350734600CEA9D8500B745E2E4B7DBD4D1DA1D1ADAC421","archives/64KiB/samba.hz2","15270","1480A4FDD8E4DEE599C20077CFCA07C8A8AF4454FF2CA9C9061A14E18555D941","decoded/64KiB/samba.decoded","65536","3E0420984C0F260EA7350734600CEA9D8500B745E2E4B7DBD4D1DA1D1ADAC421","89.6229514","42.772797","545.78125","545.609375","545.78125","74FF260A939B01673667723D8351AAEDB679339610009ECB23C70E373B862D9F","profile_id=2;mode=auto-k4;block_size=131072;zstd_level=19;lzma_level=9;threads=1;process_timeout_seconds=3600","""E:\MIXER\hybridzip\build\Release\hybridzip.exe"" c --profile=r2 --r2-mode=auto-k4 --block-size=131072 ""E:\MIXER\hybridzip\results\experiments\hybridzip-r2-e5-router-320dd1b-v1\children\hybridzip-r2-e5-router-320dd1b-v1-auto-k4-b128-r1\inputs\64KiB\samba.bin"" ""E:\MIXER\hybridzip\results\experiments\hybridzip-r2-e5-router-320dd1b-v1\children\hybridzip-r2-e5-router-320dd1b-v1-auto-k4-b128-r1\archives\64KiB\samba.hz2""","""E:\MIXER\hybridzip\build\Release\hybridzip.exe"" d ""E:\MIXER\hybridzip\results\experiments\hybridzip-r2-e5-router-320dd1b-v1\children\hybridzip-r2-e5-router-320dd1b-v1-auto-k4-b128-r1\archives\64KiB\samba.hz2"" ""E:\MIXER\hybridzip\results\experiments\hybridzip-r2-e5-router-320dd1b-v1\children\hybridzip-r2-e5-router-320dd1b-v1-auto-k4-b128-r1\decoded\64KiB\samba.decoded""","0","0","2026-08-29T12:38:04.1051207+08:00","COMPLETE","PASS","paq8px-generic-sse=1","Complete R2 archive size; SHA-256 byte-exact roundtrip verified."
"e5-router","auto-k4","128","1","False","1","1","4","0","00010000","1025B343","4B1AC26C40AD4DA50312FD3B694D7E636FB768C2336FE773BC82D36424C27A4B","0:1,2:1,36:1,37:1","0","0","0","0","0","","","hybridzip-r2-e5-router-320dd1b-v1-auto-k4-b128-r1","r2-auto-k4","1","24","samba","128","inputs/128KiB/samba.bin","131072","F3B8C4AD35BC6CF21977895D6F04A22B1422605942FA5AFE35CE28B2A221D7E8","archives/128KiB/samba.hz2","31518","DE93A3DB0733E3A8AD3FBA10C1FA53993810FA401429FC01DB9C9290E527622F","decoded/128KiB/samba.decoded","131072","F3B8C4AD35BC6CF21977895D6F04A22B1422605942FA5AFE35CE28B2A221D7E8","176.3375228","77.7294136","547.171875","546.765625","547.171875","74FF260A939B01673667723D8351AAEDB679339610009ECB23C70E373B862D9F","profile_id=2;mode=auto-k4;block_size=131072;zstd_level=19;lzma_level=9;threads=1;process_timeout_seconds=3600","""E:\MIXER\hybridzip\build\Release\hybridzip.exe"" c --profile=r2 --r2-mode=auto-k4 --block-size=131072 ""E:\MIXER\hybridzip\results\experiments\hybridzip-r2-e5-router-320dd1b-v1\children\hybridzip-r2-e5-router-320dd1b-v1-auto-k4-b128-r1\inputs\128KiB\samba.bin"" ""E:\MIXER\hybridzip\results\experiments\hybridzip-r2-e5-router-320dd1b-v1\children\hybridzip-r2-e5-router-320dd1b-v1-auto-k4-b128-r1\archives\128KiB\samba.hz2""","""E:\MIXER\hybridzip\build\Release\hybridzip.exe"" d ""E:\MIXER\hybridzip\results\experiments\hybridzip-r2-e5-router-320dd1b-v1\children\hybridzip-r2-e5-router-320dd1b-v1-auto-k4-b128-r1\archives\128KiB\samba.hz2"" ""E:\MIXER\hybridzip\results\experiments\hybridzip-r2-e5-router-320dd1b-v1\children\hybridzip-r2-e5-router-320dd1b-v1-auto-k4-b128-r1\decoded\128KiB\samba.decoded""","0","0","2026-08-29T12:40:16.5940260+08:00","COMPLETE","PASS","paq8px-generic-sse=1","Complete R2 archive size; SHA-256 byte-exact roundtrip verified."
"e5-router","auto-k4","128","1","False","1","1","4","0","00010000","1025B343","4B1AC26C40AD4DA50312FD3B694D7E636FB768C2336FE773BC82D36424C27A4B","0:1,2:1,36:1,37:1","0","0","0","0","0","","","hybridzip-r2-e5-router-320dd1b-v1-auto-k4-b128-r1","r2-auto-k4","1","25","sao","32","inputs/32KiB/sao.bin","32768","95677430CAD4F000506BC5EE22815C3F4E13D64B477ED506B78D5D9ACFB50CCD","archives/32KiB/sao.hz2","18805","AA4590751F8AEC01D4300541A9C594D25E92C3847765433975A01EF62FECD1E5","decoded/32KiB/sao.decoded","32768","95677430CAD4F000506BC5EE22815C3F4E13D64B477ED506B78D5D9ACFB50CCD","53.1475124","24.1206498","548.83984375","548.6875","548.83984375","74FF260A939B01673667723D8351AAEDB679339610009ECB23C70E373B862D9F","profile_id=2;mode=auto-k4;block_size=131072;zstd_level=19;lzma_level=9;threads=1;process_timeout_seconds=3600","""E:\MIXER\hybridzip\build\Release\hybridzip.exe"" c --profile=r2 --r2-mode=auto-k4 --block-size=131072 ""E:\MIXER\hybridzip\results\experiments\hybridzip-r2-e5-router-320dd1b-v1\children\hybridzip-r2-e5-router-320dd1b-v1-auto-k4-b128-r1\inputs\32KiB\sao.bin"" ""E:\MIXER\hybridzip\results\experiments\hybridzip-r2-e5-router-320dd1b-v1\children\hybridzip-r2-e5-router-320dd1b-v1-auto-k4-b128-r1\archives\32KiB\sao.hz2""","""E:\MIXER\hybridzip\build\Release\hybridzip.exe"" d ""E:\MIXER\hybridzip\results\experiments\hybridzip-r2-e5-router-320dd1b-v1\children\hybridzip-r2-e5-router-320dd1b-v1-auto-k4-b128-r1\archives\32KiB\sao.hz2"" ""E:\MIXER\hybridzip\results\experiments\hybridzip-r2-e5-router-320dd1b-v1\children\hybridzip-r2-e5-router-320dd1b-v1-auto-k4-b128-r1\decoded\32KiB\sao.decoded""","0","0","2026-08-29T12:44:30.7550711+08:00","COMPLETE","PASS","paq8px-generic-sse=1","Complete R2 archive size; SHA-256 byte-exact roundtrip verified."
"e5-router","auto-k4","128","1","False","1","1","4","0","00010000","1025B343","4B1AC26C40AD4DA50312FD3B694D7E636FB768C2336FE773BC82D36424C27A4B","0:1,2:1,36:1,37:1","0","0","0","0","0","","","hybridzip-r2-e5-router-320dd1b-v1-auto-k4-b128-r1","r2-auto-k4","1","26","sao","64","inputs/64KiB/sao.bin","65536","17CBD7166A47786139F60BA33B4E771CE0154F6FA56986883D129BC23F78EBEE","archives/64KiB/sao.hz2","36379","36A13BF37476869127B816C992076FA166DBE26975430904C0379B1D26A4EDF7","decoded/64KiB/sao.decoded","65536","17CBD7166A47786139F60BA33B4E771CE0154F6FA56986883D129BC23F78EBEE","92.7677572","52.1439938","550.54296875","550.35546875","550.54296875","74FF260A939B01673667723D8351AAEDB679339610009ECB23C70E373B862D9F","profile_id=2;mode=auto-k4;block_size=131072;zstd_level=19;lzma_level=9;threads=1;process_timeout_seconds=3600","""E:\MIXER\hybridzip\build\Release\hybridzip.exe"" c --profile=r2 --r2-mode=auto-k4 --block-size=131072 ""E:\MIXER\hybridzip\results\experiments\hybridzip-r2-e5-router-320dd1b-v1\children\hybridzip-r2-e5-router-320dd1b-v1-auto-k4-b128-r1\inputs\64KiB\sao.bin"" ""E:\MIXER\hybridzip\results\experiments\hybridzip-r2-e5-router-320dd1b-v1\children\hybridzip-r2-e5-router-320dd1b-v1-auto-k4-b128-r1\archives\64KiB\sao.hz2""","""E:\MIXER\hybridzip\build\Release\hybridzip.exe"" d ""E:\MIXER\hybridzip\results\experiments\hybridzip-r2-e5-router-320dd1b-v1\children\hybridzip-r2-e5-router-320dd1b-v1-auto-k4-b128-r1\archives\64KiB\sao.hz2"" ""E:\MIXER\hybridzip\results\experiments\hybridzip-r2-e5-router-320dd1b-v1\children\hybridzip-r2-e5-router-320dd1b-v1-auto-k4-b128-r1\decoded\64KiB\sao.decoded""","0","0","2026-08-29T12:45:48.1169130+08:00","COMPLETE","PASS","paq8px-generic-sse=1","Complete R2 archive size; SHA-256 byte-exact roundtrip verified."
"e5-router","auto-k4","128","1","False","1","1","4","0","00010000","1025B343","4B1AC26C40AD4DA50312FD3B694D7E636FB768C2336FE773BC82D36424C27A4B","0:1,2:1,36:1,37:1","0","0","0","0","0","","","hybridzip-r2-e5-router-320dd1b-v1-auto-k4-b128-r1","r2-auto-k4","1","27","sao","128","inputs/128KiB/sao.bin","131072","75E535B42DB7505118D8B19C7C42C1F49C5542ADDC9DBC13383953659F675CE0","archives/128KiB/sao.hz2","71243","5AFC2AB6A0F3B2773F38E68381DF4CD10D502D60F73B846F3F2CF9D6F9776FC6","decoded/128KiB/sao.decoded","131072","75E535B42DB7505118D8B19C7C42C1F49C5542ADDC9DBC13383953659F675CE0","217.4326228","104.3473259","551.9140625","551.65625","551.9140625","74FF260A939B01673667723D8351AAEDB679339610009ECB23C70E373B862D9F","profile_id=2;mode=auto-k4;block_size=131072;zstd_level=19;lzma_level=9;threads=1;process_timeout_seconds=3600","""E:\MIXER\hybridzip\build\Release\hybridzip.exe"" c --profile=r2 --r2-mode=auto-k4 --block-size=131072 ""E:\MIXER\hybridzip\results\experiments\hybridzip-r2-e5-router-320dd1b-v1\children\hybridzip-r2-e5-router-320dd1b-v1-auto-k4-b128-r1\inputs\128KiB\sao.bin"" ""E:\MIXER\hybridzip\results\experiments\hybridzip-r2-e5-router-320dd1b-v1\children\hybridzip-r2-e5-router-320dd1b-v1-auto-k4-b128-r1\archives\128KiB\sao.hz2""","""E:\MIXER\hybridzip\build\Release\hybridzip.exe"" d ""E:\MIXER\hybridzip\results\experiments\hybridzip-r2-e5-router-320dd1b-v1\children\hybridzip-r2-e5-router-320dd1b-v1-auto-k4-b128-r1\archives\128KiB\sao.hz2"" ""E:\MIXER\hybridzip\results\experiments\hybridzip-r2-e5-router-320dd1b-v1\children\hybridzip-r2-e5-router-320dd1b-v1-auto-k4-b128-r1\decoded\128KiB\sao.decoded""","0","0","2026-08-29T12:48:13.1188945+08:00","COMPLETE","PASS","paq8px-generic-sse=1","Complete R2 archive size; SHA-256 byte-exact roundtrip verified."
"e5-router","auto-k4","128","1","False","1","1","4","0","00010000","1025B343","4B1AC26C40AD4DA50312FD3B694D7E636FB768C2336FE773BC82D36424C27A4B","0:1,2:1,36:1,37:1","0","0","0","0","0","","","hybridzip-r2-e5-router-320dd1b-v1-auto-k4-b128-r1","r2-auto-k4","1","28","webster","32","inputs/32KiB/webster.bin","32768","774D224695AF4057353F72602BB96CD2AFEEA059AC7737535645F11596FCA85E","archives/32KiB/webster.hz2","9258","47D5B7887C4F4A198782DBCEF906E4E8B19077A01F51413C9942A1C36AF13D85","decoded/32KiB/webster.decoded","32768","774D224695AF4057353F72602BB96CD2AFEEA059AC7737535645F11596FCA85E","31.7524348","7.2925163","546.74609375","369.76953125","546.74609375","74FF260A939B01673667723D8351AAEDB679339610009ECB23C70E373B862D9F","profile_id=2;mode=auto-k4;block_size=131072;zstd_level=19;lzma_level=9;threads=1;process_timeout_seconds=3600","""E:\MIXER\hybridzip\build\Release\hybridzip.exe"" c --profile=r2 --r2-mode=auto-k4 --block-size=131072 ""E:\MIXER\hybridzip\results\experiments\hybridzip-r2-e5-router-320dd1b-v1\children\hybridzip-r2-e5-router-320dd1b-v1-auto-k4-b128-r1\inputs\32KiB\webster.bin"" ""E:\MIXER\hybridzip\results\experiments\hybridzip-r2-e5-router-320dd1b-v1\children\hybridzip-r2-e5-router-320dd1b-v1-auto-k4-b128-r1\archives\32KiB\webster.hz2""","""E:\MIXER\hybridzip\build\Release\hybridzip.exe"" d ""E:\MIXER\hybridzip\results\experiments\hybridzip-r2-e5-router-320dd1b-v1\children\hybridzip-r2-e5-router-320dd1b-v1-auto-k4-b128-r1\archives\32KiB\webster.hz2"" ""E:\MIXER\hybridzip\results\experiments\hybridzip-r2-e5-router-320dd1b-v1\children\hybridzip-r2-e5-router-320dd1b-v1-auto-k4-b128-r1\decoded\32KiB\webster.decoded""","0","0","2026-08-29T12:53:34.9913209+08:00","COMPLETE","PASS","paq8px-detected-sse=1","Complete R2 archive size; SHA-256 byte-exact roundtrip verified."
"e5-router","auto-k4","128","1","False","1","1","4","0","00010000","1025B343","4B1AC26C40AD4DA50312FD3B694D7E636FB768C2336FE773BC82D36424C27A4B","0:1,2:1,36:1,37:1","0","0","0","0","0","","","hybridzip-r2-e5-router-320dd1b-v1-auto-k4-b128-r1","r2-auto-k4","1","29","webster","64","inputs/64KiB/webster.bin","65536","262258811321382F9E4F44D2184B6B7FED0336CF831446D8336C47D6CCC2B32E","archives/64KiB/webster.hz2","15190","4E7707E28C6EF213E635636B6A36E691BC490F8A721EE589CF50A8465FBB8D21","decoded/64KiB/webster.decoded","65536","262258811321382F9E4F44D2184B6B7FED0336CF831446D8336C47D6CCC2B32E","62.4557985","17.4833664","547.0390625","370.27734375","547.0390625","74FF260A939B01673667723D8351AAEDB679339610009ECB23C70E373B862D9F","profile_id=2;mode=auto-k4;block_size=131072;zstd_level=19;lzma_level=9;threads=1;process_timeout_seconds=3600","""E:\MIXER\hybridzip\build\Release\hybridzip.exe"" c --profile=r2 --r2-mode=auto-k4 --block-size=131072 ""E:\MIXER\hybridzip\results\experiments\hybridzip-r2-e5-router-320dd1b-v1\children\hybridzip-r2-e5-router-320dd1b-v1-auto-k4-b128-r1\inputs\64KiB\webster.bin"" ""E:\MIXER\hybridzip\results\experiments\hybridzip-r2-e5-router-320dd1b-v1\children\hybridzip-r2-e5-router-320dd1b-v1-auto-k4-b128-r1\archives\64KiB\webster.hz2""","""E:\MIXER\hybridzip\build\Release\hybridzip.exe"" d ""E:\MIXER\hybridzip\results\experiments\hybridzip-r2-e5-router-320dd1b-v1\children\hybridzip-r2-e5-router-320dd1b-v1-auto-k4-b128-r1\archives\64KiB\webster.hz2"" ""E:\MIXER\hybridzip\results\experiments\hybridzip-r2-e5-router-320dd1b-v1\children\hybridzip-r2-e5-router-320dd1b-v1-auto-k4-b128-r1\decoded\64KiB\webster.decoded""","0","0","2026-08-29T12:54:14.1324721+08:00","COMPLETE","PASS","paq8px-detected-sse=1","Complete R2 archive size; SHA-256 byte-exact roundtrip verified."
"e5-router","auto-k4","128","1","False","1","1","4","0","00010000","1025B343","4B1AC26C40AD4DA50312FD3B694D7E636FB768C2336FE773BC82D36424C27A4B","0:1,2:1,36:1,37:1","0","0","0","0","0","","","hybridzip-r2-e5-router-320dd1b-v1-auto-k4-b128-r1","r2-auto-k4","1","30","webster","128","inputs/128KiB/webster.bin","131072","C069C1FDCA99BC5C44F06D134CD0CDA60315DD631AA6564733B2CE0E6D59305C","archives/128KiB/webster.hz2","25871","DF27DF6F3908A76C03E0E328ED86CBAF08F7283FCE0D3C24A827AA7117DAB796","decoded/128KiB/webster.decoded","131072","C069C1FDCA99BC5C44F06D134CD0CDA60315DD631AA6564733B2CE0E6D59305C","125.6603849","38.5662114","547.39453125","370.55078125","547.39453125","74FF260A939B01673667723D8351AAEDB679339610009ECB23C70E373B862D9F","profile_id=2;mode=auto-k4;block_size=131072;zstd_level=19;lzma_level=9;threads=1;process_timeout_seconds=3600","""E:\MIXER\hybridzip\build\Release\hybridzip.exe"" c --profile=r2 --r2-mode=auto-k4 --block-size=131072 ""E:\MIXER\hybridzip\results\experiments\hybridzip-r2-e5-router-320dd1b-v1\children\hybridzip-r2-e5-router-320dd1b-v1-auto-k4-b128-r1\inputs\128KiB\webster.bin"" ""E:\MIXER\hybridzip\results\experiments\hybridzip-r2-e5-router-320dd1b-v1\children\hybridzip-r2-e5-router-320dd1b-v1-auto-k4-b128-r1\archives\128KiB\webster.hz2""","""E:\MIXER\hybridzip\build\Release\hybridzip.exe"" d ""E:\MIXER\hybridzip\results\experiments\hybridzip-r2-e5-router-320dd1b-v1\children\hybridzip-r2-e5-router-320dd1b-v1-auto-k4-b128-r1\archives\128KiB\webster.hz2"" ""E:\MIXER\hybridzip\results\experiments\hybridzip-r2-e5-router-320dd1b-v1\children\hybridzip-r2-e5-router-320dd1b-v1-auto-k4-b128-r1\decoded\128KiB\webster.decoded""","0","0","2026-08-29T12:55:34.1681168+08:00","COMPLETE","PASS","paq8px-detected-sse=1","Complete R2 archive size; SHA-256 byte-exact roundtrip verified."
"e5-router","auto-k4","128","1","False","1","1","4","0","00010000","1025B343","4B1AC26C40AD4DA50312FD3B694D7E636FB768C2336FE773BC82D36424C27A4B","0:1,2:1,36:1,37:1","0","0","0","0","0","","","hybridzip-r2-e5-router-320dd1b-v1-auto-k4-b128-r1","r2-auto-k4","1","31","x-ray","32","inputs/32KiB/x-ray.bin","32768","10511AA63DFBD9C0DDBFEFE36068740103D4BA1116E214154A0772057D7E9314","archives/32KiB/x-ray.hz2","14702","FBB4651DDE492F0875B891D7CC3338FBCB7FFB51BCF4D010F0D40F4EFD495E88","decoded/32KiB/x-ray.decoded","32768","10511AA63DFBD9C0DDBFEFE36068740103D4BA1116E214154A0772057D7E9314","41.0466565","17.2175846","547.19921875","547.0703125","547.19921875","74FF260A939B01673667723D8351AAEDB679339610009ECB23C70E373B862D9F","profile_id=2;mode=auto-k4;block_size=131072;zstd_level=19;lzma_level=9;threads=1;process_timeout_seconds=3600","""E:\MIXER\hybridzip\build\Release\hybridzip.exe"" c --profile=r2 --r2-mode=auto-k4 --block-size=131072 ""E:\MIXER\hybridzip\results\experiments\hybridzip-r2-e5-router-320dd1b-v1\children\hybridzip-r2-e5-router-320dd1b-v1-auto-k4-b128-r1\inputs\32KiB\x-ray.bin"" ""E:\MIXER\hybridzip\results\experiments\hybridzip-r2-e5-router-320dd1b-v1\children\hybridzip-r2-e5-router-320dd1b-v1-auto-k4-b128-r1\archives\32KiB\x-ray.hz2""","""E:\MIXER\hybridzip\build\Release\hybridzip.exe"" d ""E:\MIXER\hybridzip\results\experiments\hybridzip-r2-e5-router-320dd1b-v1\children\hybridzip-r2-e5-router-320dd1b-v1-auto-k4-b128-r1\archives\32KiB\x-ray.hz2"" ""E:\MIXER\hybridzip\results\experiments\hybridzip-r2-e5-router-320dd1b-v1\children\hybridzip-r2-e5-router-320dd1b-v1-auto-k4-b128-r1\decoded\32KiB\x-ray.decoded""","0","0","2026-08-29T12:58:18.4881006+08:00","COMPLETE","PASS","paq8px-generic-sse=1","Complete R2 archive size; SHA-256 byte-exact roundtrip verified."
"e5-router","auto-k4","128","1","False","1","1","4","0","00010000","1025B343","4B1AC26C40AD4DA50312FD3B694D7E636FB768C2336FE773BC82D36424C27A4B","0:1,2:1,36:1,37:1","0","0","0","0","0","","","hybridzip-r2-e5-router-320dd1b-v1-auto-k4-b128-r1","r2-auto-k4","1","32","x-ray","64","inputs/64KiB/x-ray.bin","65536","B5A07146616BCD7C2D10071D41E07D204DE0AC629C4CA37D8E867FF00574D0D8","archives/64KiB/x-ray.hz2","29135","6707A85129F440189A9107FFA363A7441B4D641E10AF00F6A6616A4C1474CFFA","decoded/64KiB/x-ray.decoded","65536","B5A07146616BCD7C2D10071D41E07D204DE0AC629C4CA37D8E867FF00574D0D8","85.0629699","40.9520422","547.4765625","547.28515625","547.4765625","74FF260A939B01673667723D8351AAEDB679339610009ECB23C70E373B862D9F","profile_id=2;mode=auto-k4;block_size=131072;zstd_level=19;lzma_level=9;threads=1;process_timeout_seconds=3600","""E:\MIXER\hybridzip\build\Release\hybridzip.exe"" c --profile=r2 --r2-mode=auto-k4 --block-size=131072 ""E:\MIXER\hybridzip\results\experiments\hybridzip-r2-e5-router-320dd1b-v1\children\hybridzip-r2-e5-router-320dd1b-v1-auto-k4-b128-r1\inputs\64KiB\x-ray.bin"" ""E:\MIXER\hybridzip\results\experiments\hybridzip-r2-e5-router-320dd1b-v1\children\hybridzip-r2-e5-router-320dd1b-v1-auto-k4-b128-r1\archives\64KiB\x-ray.hz2""","""E:\MIXER\hybridzip\build\Release\hybridzip.exe"" d ""E:\MIXER\hybridzip\results\experiments\hybridzip-r2-e5-router-320dd1b-v1\children\hybridzip-r2-e5-router-320dd1b-v1-auto-k4-b128-r1\archives\64KiB\x-ray.hz2"" ""E:\MIXER\hybridzip\results\experiments\hybridzip-r2-e5-router-320dd1b-v1\children\hybridzip-r2-e5-router-320dd1b-v1-auto-k4-b128-r1\decoded\64KiB\x-ray.decoded""","0","0","2026-08-29T12:59:16.8395980+08:00","COMPLETE","PASS","paq8px-generic-sse=1","Complete R2 archive size; SHA-256 byte-exact roundtrip verified."
"e5-router","auto-k4","128","1","False","1","1","4","0","00010000","1025B343","4B1AC26C40AD4DA50312FD3B694D7E636FB768C2336FE773BC82D36424C27A4B","0:1,2:1,36:1,37:1","0","0","0","0","0","","","hybridzip-r2-e5-router-320dd1b-v1-auto-k4-b128-r1","r2-auto-k4","1","33","x-ray","128","inputs/128KiB/x-ray.bin","131072","7A65B793FB2A694C20686275A899B304445473528F7C998BE26F8C68EB18F76E","archives/128KiB/x-ray.hz2","57609","CE1259B7ED86C86B3A3D1011B686E20162543CEB0E21837ACD17622A355875B4","decoded/128KiB/x-ray.decoded","131072","7A65B793FB2A694C20686275A899B304445473528F7C998BE26F8C68EB18F76E","187.3872812","84.7192025","547.84375","547.56640625","547.84375","74FF260A939B01673667723D8351AAEDB679339610009ECB23C70E373B862D9F","profile_id=2;mode=auto-k4;block_size=131072;zstd_level=19;lzma_level=9;threads=1;process_timeout_seconds=3600","""E:\MIXER\hybridzip\build\Release\hybridzip.exe"" c --profile=r2 --r2-mode=auto-k4 --block-size=131072 ""E:\MIXER\hybridzip\results\experiments\hybridzip-r2-e5-router-320dd1b-v1\children\hybridzip-r2-e5-router-320dd1b-v1-auto-k4-b128-r1\inputs\128KiB\x-ray.bin"" ""E:\MIXER\hybridzip\results\experiments\hybridzip-r2-e5-router-320dd1b-v1\children\hybridzip-r2-e5-router-320dd1b-v1-auto-k4-b128-r1\archives\128KiB\x-ray.hz2""","""E:\MIXER\hybridzip\build\Release\hybridzip.exe"" d ""E:\MIXER\hybridzip\results\experiments\hybridzip-r2-e5-router-320dd1b-v1\children\hybridzip-r2-e5-router-320dd1b-v1-auto-k4-b128-r1\archives\128KiB\x-ray.hz2"" ""E:\MIXER\hybridzip\results\experiments\hybridzip-r2-e5-router-320dd1b-v1\children\hybridzip-r2-e5-router-320dd1b-v1-auto-k4-b128-r1\decoded\128KiB\x-ray.decoded""","0","0","2026-08-29T13:01:22.9421545+08:00","COMPLETE","PASS","paq8px-generic-sse=1","Complete R2 archive size; SHA-256 byte-exact roundtrip verified."
"e5-router","auto-k4","128","1","False","1","1","4","0","00010000","1025B343","4B1AC26C40AD4DA50312FD3B694D7E636FB768C2336FE773BC82D36424C27A4B","0:1,2:1,36:1,37:1","0","0","0","0","0","","","hybridzip-r2-e5-router-320dd1b-v1-auto-k4-b128-r1","r2-auto-k4","1","34","xml","32","inputs/32KiB/xml.bin","32768","C2F7F129956F8D6FC3D0E3595D93F98D5270B6F5BC4AB5E70F45867822EFDD71","archives/32KiB/xml.hz2","1441","E28005BAF327E507AFAA0CC7457278DD4A954CAA00CD955353D59E194A94F8F9","decoded/32KiB/xml.decoded","32768","C2F7F129956F8D6FC3D0E3595D93F98D5270B6F5BC4AB5E70F45867822EFDD71","24.2086776","10.6993166","542.91796875","542.7578125","542.91796875","74FF260A939B01673667723D8351AAEDB679339610009ECB23C70E373B862D9F","profile_id=2;mode=auto-k4;block_size=131072;zstd_level=19;lzma_level=9;threads=1;process_timeout_seconds=3600","""E:\MIXER\hybridzip\build\Release\hybridzip.exe"" c --profile=r2 --r2-mode=auto-k4 --block-size=131072 ""E:\MIXER\hybridzip\results\experiments\hybridzip-r2-e5-router-320dd1b-v1\children\hybridzip-r2-e5-router-320dd1b-v1-auto-k4-b128-r1\inputs\32KiB\xml.bin"" ""E:\MIXER\hybridzip\results\experiments\hybridzip-r2-e5-router-320dd1b-v1\children\hybridzip-r2-e5-router-320dd1b-v1-auto-k4-b128-r1\archives\32KiB\xml.hz2""","""E:\MIXER\hybridzip\build\Release\hybridzip.exe"" d ""E:\MIXER\hybridzip\results\experiments\hybridzip-r2-e5-router-320dd1b-v1\children\hybridzip-r2-e5-router-320dd1b-v1-auto-k4-b128-r1\archives\32KiB\xml.hz2"" ""E:\MIXER\hybridzip\results\experiments\hybridzip-r2-e5-router-320dd1b-v1\children\hybridzip-r2-e5-router-320dd1b-v1-auto-k4-b128-r1\decoded\32KiB\xml.decoded""","0","0","2026-08-29T13:05:55.1394461+08:00","COMPLETE","PASS","paq8px-generic-sse=1","Complete R2 archive size; SHA-256 byte-exact roundtrip verified."
"e5-router","auto-k4","128","1","False","1","1","4","0","00010000","1025B343","4B1AC26C40AD4DA50312FD3B694D7E636FB768C2336FE773BC82D36424C27A4B","0:1,2:1,36:1,37:1","0","0","0","0","0","","","hybridzip-r2-e5-router-320dd1b-v1-auto-k4-b128-r1","r2-auto-k4","1","35","xml","64","inputs/64KiB/xml.bin","65536","E32AFF2BEBF00105A17DD57F5490C1986D17543CEE837B42EB56B3E0E6F8E7F1","archives/64KiB/xml.hz2","2272","4DC96A4AFEAF4C6EC00900A739CBC4B86870A5BB1936BB460E686E34CFE2FD4E","decoded/64KiB/xml.decoded","65536","E32AFF2BEBF00105A17DD57F5490C1986D17543CEE837B42EB56B3E0E6F8E7F1","51.9943711","22.3238911","543.91015625","543.765625","543.91015625","74FF260A939B01673667723D8351AAEDB679339610009ECB23C70E373B862D9F","profile_id=2;mode=auto-k4;block_size=131072;zstd_level=19;lzma_level=9;threads=1;process_timeout_seconds=3600","""E:\MIXER\hybridzip\build\Release\hybridzip.exe"" c --profile=r2 --r2-mode=auto-k4 --block-size=131072 ""E:\MIXER\hybridzip\results\experiments\hybridzip-r2-e5-router-320dd1b-v1\children\hybridzip-r2-e5-router-320dd1b-v1-auto-k4-b128-r1\inputs\64KiB\xml.bin"" ""E:\MIXER\hybridzip\results\experiments\hybridzip-r2-e5-router-320dd1b-v1\children\hybridzip-r2-e5-router-320dd1b-v1-auto-k4-b128-r1\archives\64KiB\xml.hz2""","""E:\MIXER\hybridzip\build\Release\hybridzip.exe"" d ""E:\MIXER\hybridzip\results\experiments\hybridzip-r2-e5-router-320dd1b-v1\children\hybridzip-r2-e5-router-320dd1b-v1-auto-k4-b128-r1\archives\64KiB\xml.hz2"" ""E:\MIXER\hybridzip\results\experiments\hybridzip-r2-e5-router-320dd1b-v1\children\hybridzip-r2-e5-router-320dd1b-v1-auto-k4-b128-r1\decoded\64KiB\xml.decoded""","0","0","2026-08-29T13:06:30.1383535+08:00","COMPLETE","PASS","paq8px-generic-sse=1","Complete R2 archive size; SHA-256 byte-exact roundtrip verified."
"e5-router","auto-k4","128","1","False","1","1","4","0","00010000","1025B343","4B1AC26C40AD4DA50312FD3B694D7E636FB768C2336FE773BC82D36424C27A4B","0:1,2:1,36:1,37:1","0","0","0","0","0","","","hybridzip-r2-e5-router-320dd1b-v1-auto-k4-b128-r1","r2-auto-k4","1","36","xml","128","inputs/128KiB/xml.bin","131072","5FA29C746885F2EEB98734218475915A78092CCB3B0F68B08861EE210E5B6E25","archives/128KiB/xml.hz2","4180","138D0413FF8504E63930499F85D413B0D77F1211CBC0F8615A55AC595091B502","decoded/128KiB/xml.decoded","131072","5FA29C746885F2EEB98734218475915A78092CCB3B0F68B08861EE210E5B6E25","115.9948336","53.8287501","544.8984375","544.86328125","544.8984375","74FF260A939B01673667723D8351AAEDB679339610009ECB23C70E373B862D9F","profile_id=2;mode=auto-k4;block_size=131072;zstd_level=19;lzma_level=9;threads=1;process_timeout_seconds=3600","""E:\MIXER\hybridzip\build\Release\hybridzip.exe"" c --profile=r2 --r2-mode=auto-k4 --block-size=131072 ""E:\MIXER\hybridzip\results\experiments\hybridzip-r2-e5-router-320dd1b-v1\children\hybridzip-r2-e5-router-320dd1b-v1-auto-k4-b128-r1\inputs\128KiB\xml.bin"" ""E:\MIXER\hybridzip\results\experiments\hybridzip-r2-e5-router-320dd1b-v1\children\hybridzip-r2-e5-router-320dd1b-v1-auto-k4-b128-r1\archives\128KiB\xml.hz2""","""E:\MIXER\hybridzip\build\Release\hybridzip.exe"" d ""E:\MIXER\hybridzip\results\experiments\hybridzip-r2-e5-router-320dd1b-v1\children\hybridzip-r2-e5-router-320dd1b-v1-auto-k4-b128-r1\archives\128KiB\xml.hz2"" ""E:\MIXER\hybridzip\results\experiments\hybridzip-r2-e5-router-320dd1b-v1\children\hybridzip-r2-e5-router-320dd1b-v1-auto-k4-b128-r1\decoded\128KiB\xml.decoded""","0","0","2026-08-29T13:07:44.5453956+08:00","COMPLETE","PASS","paq8px-generic-sse=1","Complete R2 archive size; SHA-256 byte-exact roundtrip verified."
"e5-router","auto-k8","128","1","False","1","1","8","0","00010000","1025B343","4B1AC26C40AD4DA50312FD3B694D7E636FB768C2336FE773BC82D36424C27A4B","0:1,2:1,4:1,6:1,19:1,28:1,36:1,37:1","0","0","0","0","0","","","hybridzip-r2-e5-router-320dd1b-v1-auto-k8-b128-r1","r2-auto-k8","1","1","dickens","32","inputs/32KiB/dickens.bin","32768","FC42DCB9849222C8704C9DCAE606D075B389B66244FB215035148D6409EC0B31","archives/32KiB/dickens.hz2","9598","44136F0341639CE079C5A082FED3B13A7A7BB2E931FB12163E28AA649A182936","decoded/32KiB/dickens.decoded","32768","FC42DCB9849222C8704C9DCAE606D075B389B66244FB215035148D6409EC0B31","33.100549","7.7596381","546.375","369.37890625","546.375","74FF260A939B01673667723D8351AAEDB679339610009ECB23C70E373B862D9F","profile_id=2;mode=auto-k8;block_size=131072;zstd_level=19;lzma_level=9;threads=1;process_timeout_seconds=3600","""E:\MIXER\hybridzip\build\Release\hybridzip.exe"" c --profile=r2 --r2-mode=auto-k8 --block-size=131072 ""E:\MIXER\hybridzip\results\experiments\hybridzip-r2-e5-router-320dd1b-v1\children\hybridzip-r2-e5-router-320dd1b-v1-auto-k8-b128-r1\inputs\32KiB\dickens.bin"" ""E:\MIXER\hybridzip\results\experiments\hybridzip-r2-e5-router-320dd1b-v1\children\hybridzip-r2-e5-router-320dd1b-v1-auto-k8-b128-r1\archives\32KiB\dickens.hz2""","""E:\MIXER\hybridzip\build\Release\hybridzip.exe"" d ""E:\MIXER\hybridzip\results\experiments\hybridzip-r2-e5-router-320dd1b-v1\children\hybridzip-r2-e5-router-320dd1b-v1-auto-k8-b128-r1\archives\32KiB\dickens.hz2"" ""E:\MIXER\hybridzip\results\experiments\hybridzip-r2-e5-router-320dd1b-v1\children\hybridzip-r2-e5-router-320dd1b-v1-auto-k8-b128-r1\decoded\32KiB\dickens.decoded""","0","0","2026-08-29T13:10:35.8345072+08:00","COMPLETE","PASS","paq8px-detected-sse=1","Complete R2 archive size; SHA-256 byte-exact roundtrip verified."
"e5-router","auto-k8","128","1","False","1","1","8","0","00010000","1025B343","4B1AC26C40AD4DA50312FD3B694D7E636FB768C2336FE773BC82D36424C27A4B","0:1,2:1,4:1,6:1,19:1,28:1,36:1,37:1","0","0","0","0","0","","","hybridzip-r2-e5-router-320dd1b-v1-auto-k8-b128-r1","r2-auto-k8","1","2","dickens","64","inputs/64KiB/dickens.bin","65536","134AD989A7B8B40C900A3B9C0F4895317DFD827D9E6E933895B08D2F4A8A8293","archives/64KiB/dickens.hz2","17844","3BB3E667650011BB2D2F50D6350C7C9BDB764370DA4FF5641227D0CCCA8A51FA","decoded/64KiB/dickens.decoded","65536","134AD989A7B8B40C900A3B9C0F4895317DFD827D9E6E933895B08D2F4A8A8293","68.2181226","20.1877861","546.70703125","370.0234375","546.70703125","74FF260A939B01673667723D8351AAEDB679339610009ECB23C70E373B862D9F","profile_id=2;mode=auto-k8;block_size=131072;zstd_level=19;lzma_level=9;threads=1;process_timeout_seconds=3600","""E:\MIXER\hybridzip\build\Release\hybridzip.exe"" c --profile=r2 --r2-mode=auto-k8 --block-size=131072 ""E:\MIXER\hybridzip\results\experiments\hybridzip-r2-e5-router-320dd1b-v1\children\hybridzip-r2-e5-router-320dd1b-v1-auto-k8-b128-r1\inputs\64KiB\dickens.bin"" ""E:\MIXER\hybridzip\results\experiments\hybridzip-r2-e5-router-320dd1b-v1\children\hybridzip-r2-e5-router-320dd1b-v1-auto-k8-b128-r1\archives\64KiB\dickens.hz2""","""E:\MIXER\hybridzip\build\Release\hybridzip.exe"" d ""E:\MIXER\hybridzip\results\experiments\hybridzip-r2-e5-router-320dd1b-v1\children\hybridzip-r2-e5-router-320dd1b-v1-auto-k8-b128-r1\archives\64KiB\dickens.hz2"" ""E:\MIXER\hybridzip\results\experiments\hybridzip-r2-e5-router-320dd1b-v1\children\hybridzip-r2-e5-router-320dd1b-v1-auto-k8-b128-r1\decoded\64KiB\dickens.decoded""","0","0","2026-08-29T13:11:16.7794679+08:00","COMPLETE","PASS","paq8px-detected-sse=1","Complete R2 archive size; SHA-256 byte-exact roundtrip verified."
"e5-router","auto-k8","128","1","False","1","1","8","0","00010000","1025B343","4B1AC26C40AD4DA50312FD3B694D7E636FB768C2336FE773BC82D36424C27A4B","0:1,2:1,4:1,6:1,19:1,28:1,36:1,37:1","0","0","0","0","0","","","hybridzip-r2-e5-router-320dd1b-v1-auto-k8-b128-r1","r2-auto-k8","1","3","dickens","128","inputs/128KiB/dickens.bin","131072","20E33FCC8FAA96DC32A2D0921115C0F363E64C598A5847CE1A3876E356D59872","archives/128KiB/dickens.hz2","33028","A9E13980D3CAAC8EF7067DD22A15C1F745D5118F28B1C772FBCC90A939FB0A56","decoded/128KiB/dickens.decoded","131072","20E33FCC8FAA96DC32A2D0921115C0F363E64C598A5847CE1A3876E356D59872","138.0812502","42.7773954","547.18359375","370.3671875","547.18359375","74FF260A939B01673667723D8351AAEDB679339610009ECB23C70E373B862D9F","profile_id=2;mode=auto-k8;block_size=131072;zstd_level=19;lzma_level=9;threads=1;process_timeout_seconds=3600","""E:\MIXER\hybridzip\build\Release\hybridzip.exe"" c --profile=r2 --r2-mode=auto-k8 --block-size=131072 ""E:\MIXER\hybridzip\results\experiments\hybridzip-r2-e5-router-320dd1b-v1\children\hybridzip-r2-e5-router-320dd1b-v1-auto-k8-b128-r1\inputs\128KiB\dickens.bin"" ""E:\MIXER\hybridzip\results\experiments\hybridzip-r2-e5-router-320dd1b-v1\children\hybridzip-r2-e5-router-320dd1b-v1-auto-k8-b128-r1\archives\128KiB\dickens.hz2""","""E:\MIXER\hybridzip\build\Release\hybridzip.exe"" d ""E:\MIXER\hybridzip\results\experiments\hybridzip-r2-e5-router-320dd1b-v1\children\hybridzip-r2-e5-router-320dd1b-v1-auto-k8-b128-r1\archives\128KiB\dickens.hz2"" ""E:\MIXER\hybridzip\results\experiments\hybridzip-r2-e5-router-320dd1b-v1\children\hybridzip-r2-e5-router-320dd1b-v1-auto-k8-b128-r1\decoded\128KiB\dickens.decoded""","0","0","2026-08-29T13:12:45.2816288+08:00","COMPLETE","PASS","paq8px-detected-sse=1","Complete R2 archive size; SHA-256 byte-exact roundtrip verified."
"e5-router","auto-k8","128","1","False","1","1","8","0","00010000","1025B343","4B1AC26C40AD4DA50312FD3B694D7E636FB768C2336FE773BC82D36424C27A4B","0:1,2:1,3:1,4:1,10:1,12:1,36:1,37:1","0","0","0","0","0","","","hybridzip-r2-e5-router-320dd1b-v1-auto-k8-b128-r1","r2-auto-k8","1","4","mozilla","32","inputs/32KiB/mozilla.bin","32768","9DDEEF36CA0CA55B72FE3376D005926DFF3400A2ADE6EAE18482D8017D8645DB","archives/32KiB/mozilla.hz2","6256","D901470B3D411489C12E75C38D3098AA7C93CA967459C70EEE62F6827BA20A03","decoded/32KiB/mozilla.decoded","32768","9DDEEF36CA0CA55B72FE3376D005926DFF3400A2ADE6EAE18482D8017D8645DB","35.6803837","14.7904453","734.03515625","734","734.03515625","74FF260A939B01673667723D8351AAEDB679339610009ECB23C70E373B862D9F","profile_id=2;mode=auto-k8;block_size=131072;zstd_level=19;lzma_level=9;threads=1;process_timeout_seconds=3600","""E:\MIXER\hybridzip\build\Release\hybridzip.exe"" c --profile=r2 --r2-mode=auto-k8 --block-size=131072 ""E:\MIXER\hybridzip\results\experiments\hybridzip-r2-e5-router-320dd1b-v1\children\hybridzip-r2-e5-router-320dd1b-v1-auto-k8-b128-r1\inputs\32KiB\mozilla.bin"" ""E:\MIXER\hybridzip\results\experiments\hybridzip-r2-e5-router-320dd1b-v1\children\hybridzip-r2-e5-router-320dd1b-v1-auto-k8-b128-r1\archives\32KiB\mozilla.hz2""","""E:\MIXER\hybridzip\build\Release\hybridzip.exe"" d ""E:\MIXER\hybridzip\results\experiments\hybridzip-r2-e5-router-320dd1b-v1\children\hybridzip-r2-e5-router-320dd1b-v1-auto-k8-b128-r1\archives\32KiB\mozilla.hz2"" ""E:\MIXER\hybridzip\results\experiments\hybridzip-r2-e5-router-320dd1b-v1\children\hybridzip-r2-e5-router-320dd1b-v1-auto-k8-b128-r1\decoded\32KiB\mozilla.decoded""","0","0","2026-08-29T13:15:46.2355808+08:00","COMPLETE","PASS","paq8px-detected-sse=1","Complete R2 archive size; SHA-256 byte-exact roundtrip verified."
"e5-router","auto-k8","128","1","False","1","1","8","0","00010000","1025B343","4B1AC26C40AD4DA50312FD3B694D7E636FB768C2336FE773BC82D36424C27A4B","0:1,2:1,3:1,4:1,10:1,12:1,36:1,37:1","0","0","0","0","0","","","hybridzip-r2-e5-router-320dd1b-v1-auto-k8-b128-r1","r2-auto-k8","1","5","mozilla","64","inputs/64KiB/mozilla.bin","65536","B0050240663F54371D372303EEABA0A59AB0758BCD565F4F639D06561E6BC996","archives/64KiB/mozilla.hz2","8856","82380D8CD12E0FFBBD323D4E8C256CF889F1B6F40FB07126AB5ECEE344D4F4B1","decoded/64KiB/mozilla.decoded","65536","B0050240663F54371D372303EEABA0A59AB0758BCD565F4F639D06561E6BC996","67.3931415","30.9534089","734.06640625","551.59765625","734.06640625","74FF260A939B01673667723D8351AAEDB679339610009ECB23C70E373B862D9F","profile_id=2;mode=auto-k8;block_size=131072;zstd_level=19;lzma_level=9;threads=1;process_timeout_seconds=3600","""E:\MIXER\hybridzip\build\Release\hybridzip.exe"" c --profile=r2 --r2-mode=auto-k8 --block-size=131072 ""E:\MIXER\hybridzip\results\experiments\hybridzip-r2-e5-router-320dd1b-v1\children\hybridzip-r2-e5-router-320dd1b-v1-auto-k8-b128-r1\inputs\64KiB\mozilla.bin"" ""E:\MIXER\hybridzip\results\experiments\hybridzip-r2-e5-router-320dd1b-v1\children\hybridzip-r2-e5-router-320dd1b-v1-auto-k8-b128-r1\archives\64KiB\mozilla.hz2""","""E:\MIXER\hybridzip\build\Release\hybridzip.exe"" d ""E:\MIXER\hybridzip\results\experiments\hybridzip-r2-e5-router-320dd1b-v1\children\hybridzip-r2-e5-router-320dd1b-v1-auto-k8-b128-r1\archives\64KiB\mozilla.hz2"" ""E:\MIXER\hybridzip\results\experiments\hybridzip-r2-e5-router-320dd1b-v1\children\hybridzip-r2-e5-router-320dd1b-v1-auto-k8-b128-r1\decoded\64KiB\mozilla.decoded""","0","0","2026-08-29T13:16:36.8012786+08:00","COMPLETE","PASS","paq8px-generic-sse=1","Complete R2 archive size; SHA-256 byte-exact roundtrip verified."
"e5-router","auto-k8","128","1","False","1","1","8","0","00010000","1025B343","4B1AC26C40AD4DA50312FD3B694D7E636FB768C2336FE773BC82D36424C27A4B","0:1,2:1,3:1,4:1,10:1,12:1,36:1,37:1","0","0","0","0","0","","","hybridzip-r2-e5-router-320dd1b-v1-auto-k8-b128-r1","r2-auto-k8","1","6","mozilla","128","inputs/128KiB/mozilla.bin","131072","85CDBEA98382DB12E9A21FF90E1907452712D074000A6B855D2CA215FA591EB4","archives/128KiB/mozilla.hz2","11547","2CD0F9727305FC7FFE0DF2094871CA991D48454CAD224998EA0781DE4450C712","decoded/128KiB/mozilla.decoded","131072","85CDBEA98382DB12E9A21FF90E1907452712D074000A6B855D2CA215FA591EB4","123.0113214","58.8166184","734.16796875","552.06640625","734.16796875","74FF260A939B01673667723D8351AAEDB679339610009ECB23C70E373B862D9F","profile_id=2;mode=auto-k8;block_size=131072;zstd_level=19;lzma_level=9;threads=1;process_timeout_seconds=3600","""E:\MIXER\hybridzip\build\Release\hybridzip.exe"" c --profile=r2 --r2-mode=auto-k8 --block-size=131072 ""E:\MIXER\hybridzip\results\experiments\hybridzip-r2-e5-router-320dd1b-v1\children\hybridzip-r2-e5-router-320dd1b-v1-auto-k8-b128-r1\inputs\128KiB\mozilla.bin"" ""E:\MIXER\hybridzip\results\experiments\hybridzip-r2-e5-router-320dd1b-v1\children\hybridzip-r2-e5-router-320dd1b-v1-auto-k8-b128-r1\archives\128KiB\mozilla.hz2""","""E:\MIXER\hybridzip\build\Release\hybridzip.exe"" d ""E:\MIXER\hybridzip\results\experiments\hybridzip-r2-e5-router-320dd1b-v1\children\hybridzip-r2-e5-router-320dd1b-v1-auto-k8-b128-r1\archives\128KiB\mozilla.hz2"" ""E:\MIXER\hybridzip\results\experiments\hybridzip-r2-e5-router-320dd1b-v1\children\hybridzip-r2-e5-router-320dd1b-v1-auto-k8-b128-r1\decoded\128KiB\mozilla.decoded""","0","0","2026-08-29T13:18:15.2429587+08:00","COMPLETE","PASS","paq8px-generic-sse=1","Complete R2 archive size; SHA-256 byte-exact roundtrip verified."
"e5-router","auto-k8","128","1","False","1","1","8","0","00010000","1025B343","4B1AC26C40AD4DA50312FD3B694D7E636FB768C2336FE773BC82D36424C27A4B","0:1,2:1,3:1,4:1,10:1,12:1,36:1,37:1","0","0","0","0","0","","","hybridzip-r2-e5-router-320dd1b-v1-auto-k8-b128-r1","r2-auto-k8","1","7","mr","32","inputs/32KiB/mr.bin","32768","3BB287B0AF65F777AB00C14E362B4D1962087260556001BBEE0689AA10D9F76A","archives/32KiB/mr.hz2","5167","91574564041EA572342466ADFD1B610CB3F87F4D6387D30AB49DE2A259F4FBAB","decoded/32KiB/mr.decoded","32768","3BB287B0AF65F777AB00C14E362B4D1962087260556001BBEE0689AA10D9F76A","33.5963303","13.1418006","545.8671875","545.7578125","545.8671875","74FF260A939B01673667723D8351AAEDB679339610009ECB23C70E373B862D9F","profile_id=2;mode=auto-k8;block_size=131072;zstd_level=19;lzma_level=9;threads=1;process_timeout_seconds=3600","""E:\MIXER\hybridzip\build\Release\hybridzip.exe"" c --profile=r2 --r2-mode=auto-k8 --block-size=131072 ""E:\MIXER\hybridzip\results\experiments\hybridzip-r2-e5-router-320dd1b-v1\children\hybridzip-r2-e5-router-320dd1b-v1-auto-k8-b128-r1\inputs\32KiB\mr.bin"" ""E:\MIXER\hybridzip\results\experiments\hybridzip-r2-e5-router-320dd1b-v1\children\hybridzip-r2-e5-router-320dd1b-v1-auto-k8-b128-r1\archives\32KiB\mr.hz2""","""E:\MIXER\hybridzip\build\Release\hybridzip.exe"" d ""E:\MIXER\hybridzip\results\experiments\hybridzip-r2-e5-router-320dd1b-v1\children\hybridzip-r2-e5-router-320dd1b-v1-auto-k8-b128-r1\archives\32KiB\mr.hz2"" ""E:\MIXER\hybridzip\results\experiments\hybridzip-r2-e5-router-320dd1b-v1\children\hybridzip-r2-e5-router-320dd1b-v1-auto-k8-b128-r1\decoded\32KiB\mr.decoded""","0","0","2026-08-29T13:21:17.1655483+08:00","COMPLETE","PASS","paq8px-generic-sse=1","Complete R2 archive size; SHA-256 byte-exact roundtrip verified."
"e5-router","auto-k8","128","1","False","1","1","8","0","00010000","1025B343","4B1AC26C40AD4DA50312FD3B694D7E636FB768C2336FE773BC82D36424C27A4B","0:1,2:1,3:1,4:1,10:1,12:1,36:1,37:1","0","0","0","0","0","","","hybridzip-r2-e5-router-320dd1b-v1-auto-k8-b128-r1","r2-auto-k8","1","8","mr","64","inputs/64KiB/mr.bin","65536","CAB7B6408934009A4BBFEDB57BEB4943BF5478CF8B3688D01F004E0422EBC651","archives/64KiB/mr.hz2","10732","298403FE9E90A34621C0BFB7343DB9B53E7C8634DB102279A7FA8C1D09AA0A75","decoded/64KiB/mr.decoded","65536","CAB7B6408934009A4BBFEDB57BEB4943BF5478CF8B3688D01F004E0422EBC651","84.6284637","37.8354231","546.11328125","545.96484375","546.11328125","74FF260A939B01673667723D8351AAEDB679339610009ECB23C70E373B862D9F","profile_id=2;mode=auto-k8;block_size=131072;zstd_level=19;lzma_level=9;threads=1;process_timeout_seconds=3600","""E:\MIXER\hybridzip\build\Release\hybridzip.exe"" c --profile=r2 --r2-mode=auto-k8 --block-size=131072 ""E:\MIXER\hybridzip\results\experiments\hybridzip-r2-e5-router-320dd1b-v1\children\hybridzip-r2-e5-router-320dd1b-v1-auto-k8-b128-r1\inputs\64KiB\mr.bin"" ""E:\MIXER\hybridzip\results\experiments\hybridzip-r2-e5-router-320dd1b-v1\children\hybridzip-r2-e5-router-320dd1b-v1-auto-k8-b128-r1\archives\64KiB\mr.hz2""","""E:\MIXER\hybridzip\build\Release\hybridzip.exe"" d ""E:\MIXER\hybridzip\results\experiments\hybridzip-r2-e5-router-320dd1b-v1\children\hybridzip-r2-e5-router-320dd1b-v1-auto-k8-b128-r1\archives\64KiB\mr.hz2"" ""E:\MIXER\hybridzip\results\experiments\hybridzip-r2-e5-router-320dd1b-v1\children\hybridzip-r2-e5-router-320dd1b-v1-auto-k8-b128-r1\decoded\64KiB\mr.decoded""","0","0","2026-08-29T13:22:03.9953917+08:00","COMPLETE","PASS","paq8px-generic-sse=1","Complete R2 archive size; SHA-256 byte-exact roundtrip verified."
"e5-router","auto-k8","128","1","False","1","1","8","0","00010000","1025B343","4B1AC26C40AD4DA50312FD3B694D7E636FB768C2336FE773BC82D36424C27A4B","0:1,2:1,3:1,4:1,10:1,12:1,36:1,37:1","0","0","0","0","0","","","hybridzip-r2-e5-router-320dd1b-v1-auto-k8-b128-r1","r2-auto-k8","1","9","mr","128","inputs/128KiB/mr.bin","131072","473A6A883480C7B2E69402AD888AC07B347C2DF61C6AA0D84E8B8130A27792EA","archives/128KiB/mr.hz2","21642","E429C8D95188BAFD2669B2C9A1634084751A40A6006A08BC8AC01AD3599A653B","decoded/128KiB/mr.decoded","131072","473A6A883480C7B2E69402AD888AC07B347C2DF61C6AA0D84E8B8130A27792EA","185.6735965","90.8213725","546.359375","546.19140625","546.359375","74FF260A939B01673667723D8351AAEDB679339610009ECB23C70E373B862D9F","profile_id=2;mode=auto-k8;block_size=131072;zstd_level=19;lzma_level=9;threads=1;process_timeout_seconds=3600","""E:\MIXER\hybridzip\build\Release\hybridzip.exe"" c --profile=r2 --r2-mode=auto-k8 --block-size=131072 ""E:\MIXER\hybridzip\results\experiments\hybridzip-r2-e5-router-320dd1b-v1\children\hybridzip-r2-e5-router-320dd1b-v1-auto-k8-b128-r1\inputs\128KiB\mr.bin"" ""E:\MIXER\hybridzip\results\experiments\hybridzip-r2-e5-router-320dd1b-v1\children\hybridzip-r2-e5-router-320dd1b-v1-auto-k8-b128-r1\archives\128KiB\mr.hz2""","""E:\MIXER\hybridzip\build\Release\hybridzip.exe"" d ""E:\MIXER\hybridzip\results\experiments\hybridzip-r2-e5-router-320dd1b-v1\children\hybridzip-r2-e5-router-320dd1b-v1-auto-k8-b128-r1\archives\128KiB\mr.hz2"" ""E:\MIXER\hybridzip\results\experiments\hybridzip-r2-e5-router-320dd1b-v1\children\hybridzip-r2-e5-router-320dd1b-v1-auto-k8-b128-r1\decoded\128KiB\mr.decoded""","0","0","2026-08-29T13:24:06.5507210+08:00","COMPLETE","PASS","paq8px-generic-sse=1","Complete R2 archive size; SHA-256 byte-exact roundtrip verified."
"e5-router","auto-k8","128","1","False","1","1","8","0","00010000","1025B343","4B1AC26C40AD4DA50312FD3B694D7E636FB768C2336FE773BC82D36424C27A4B","0:1,2:1,4:1,6:1,19:1,28:1,36:1,37:1","0","0","0","0","0","","","hybridzip-r2-e5-router-320dd1b-v1-auto-k8-b128-r1","r2-auto-k8","1","10","nci","32","inputs/32KiB/nci.bin","32768","0D3034FE8B0E573DE1439ED98CE409B83B13E5895085C9BFB0BF980F4962FB79","archives/32KiB/nci.hz2","1341","12ED9ABAFB7487BA1AB51377FEF1FDE06D0172E278C245B84D94DEAC9DFFCB16","decoded/32KiB/nci.decoded","32768","0D3034FE8B0E573DE1439ED98CE409B83B13E5895085C9BFB0BF980F4962FB79","16.5919736","4.5817081","540.8828125","361.76953125","540.8828125","74FF260A939B01673667723D8351AAEDB679339610009ECB23C70E373B862D9F","profile_id=2;mode=auto-k8;block_size=131072;zstd_level=19;lzma_level=9;threads=1;process_timeout_seconds=3600","""E:\MIXER\hybridzip\build\Release\hybridzip.exe"" c --profile=r2 --r2-mode=auto-k8 --block-size=131072 ""E:\MIXER\hybridzip\results\experiments\hybridzip-r2-e5-router-320dd1b-v1\children\hybridzip-r2-e5-router-320dd1b-v1-auto-k8-b128-r1\inputs\32KiB\nci.bin"" ""E:\MIXER\hybridzip\results\experiments\hybridzip-r2-e5-router-320dd1b-v1\children\hybridzip-r2-e5-router-320dd1b-v1-auto-k8-b128-r1\archives\32KiB\nci.hz2""","""E:\MIXER\hybridzip\build\Release\hybridzip.exe"" d ""E:\MIXER\hybridzip\results\experiments\hybridzip-r2-e5-router-320dd1b-v1\children\hybridzip-r2-e5-router-320dd1b-v1-auto-k8-b128-r1\archives\32KiB\nci.hz2"" ""E:\MIXER\hybridzip\results\experiments\hybridzip-r2-e5-router-320dd1b-v1\children\hybridzip-r2-e5-router-320dd1b-v1-auto-k8-b128-r1\decoded\32KiB\nci.decoded""","0","0","2026-08-29T13:28:43.1404622+08:00","COMPLETE","PASS","paq8px-detected-sse=1","Complete R2 archive size; SHA-256 byte-exact roundtrip verified."
"e5-router","auto-k8","128","1","False","1","1","8","0","00010000","1025B343","4B1AC26C40AD4DA50312FD3B694D7E636FB768C2336FE773BC82D36424C27A4B","0:1,2:1,4:1,6:1,19:1,28:1,36:1,37:1","0","0","0","0","0","","","hybridzip-r2-e5-router-320dd1b-v1-auto-k8-b128-r1","r2-auto-k8","1","11","nci","64","inputs/64KiB/nci.bin","65536","B01B411AC3B5CE2FBF37242C0C59D2D236D2F7039937C1B1A0F18F4CC02549FE","archives/64KiB/nci.hz2","2058","DCE349EB43B90ED9E769B97E36CF9024BEA7E06BA38EF95A9D0621B26E7C50DB","decoded/64KiB/nci.decoded","65536","B01B411AC3B5CE2FBF37242C0C59D2D236D2F7039937C1B1A0F18F4CC02549FE","35.9671038","8.9962179","542.40625","364.078125","542.40625","74FF260A939B01673667723D8351AAEDB679339610009ECB23C70E373B862D9F","profile_id=2;mode=auto-k8;block_size=131072;zstd_level=19;lzma_level=9;threads=1;process_timeout_seconds=3600","""E:\MIXER\hybridzip\build\Release\hybridzip.exe"" c --profile=r2 --r2-mode=auto-k8 --block-size=131072 ""E:\MIXER\hybridzip\results\experiments\hybridzip-r2-e5-router-320dd1b-v1\children\hybridzip-r2-e5-router-320dd1b-v1-auto-k8-b128-r1\inputs\64KiB\nci.bin"" ""E:\MIXER\hybridzip\results\experiments\hybridzip-r2-e5-router-320dd1b-v1\children\hybridzip-r2-e5-router-320dd1b-v1-auto-k8-b128-r1\archives\64KiB\nci.hz2""","""E:\MIXER\hybridzip\build\Release\hybridzip.exe"" d ""E:\MIXER\hybridzip\results\experiments\hybridzip-r2-e5-router-320dd1b-v1\children\hybridzip-r2-e5-router-320dd1b-v1-auto-k8-b128-r1\archives\64KiB\nci.hz2"" ""E:\MIXER\hybridzip\results\experiments\hybridzip-r2-e5-router-320dd1b-v1\children\hybridzip-r2-e5-router-320dd1b-v1-auto-k8-b128-r1\decoded\64KiB\nci.decoded""","0","0","2026-08-29T13:29:04.4093591+08:00","COMPLETE","PASS","paq8px-detected-sse=1","Complete R2 archive size; SHA-256 byte-exact roundtrip verified."
"e5-router","auto-k8","128","1","False","1","1","8","0","00010000","1025B343","4B1AC26C40AD4DA50312FD3B694D7E636FB768C2336FE773BC82D36424C27A4B","0:1,2:1,4:1,6:1,19:1,28:1,36:1,37:1","0","0","0","0","0","","","hybridzip-r2-e5-router-320dd1b-v1-auto-k8-b128-r1","r2-auto-k8","1","12","nci","128","inputs/128KiB/nci.bin","131072","C8A1D610355E5EF900ED4C704DF14ADF1935D95DFD8F1740AC9FD90FC9BF5781","archives/128KiB/nci.hz2","4231","820AFC16E251CF908FD48995260DC0AB6D6484AFC6D41FB72F278719C97070AB","decoded/128KiB/nci.decoded","131072","C8A1D610355E5EF900ED4C704DF14ADF1935D95DFD8F1740AC9FD90FC9BF5781","75.7035621","22.4798826","544.06640625","367.765625","544.06640625","74FF260A939B01673667723D8351AAEDB679339610009ECB23C70E373B862D9F","profile_id=2;mode=auto-k8;block_size=131072;zstd_level=19;lzma_level=9;threads=1;process_timeout_seconds=3600","""E:\MIXER\hybridzip\build\Release\hybridzip.exe"" c --profile=r2 --r2-mode=auto-k8 --block-size=131072 ""E:\MIXER\hybridzip\results\experiments\hybridzip-r2-e5-router-320dd1b-v1\children\hybridzip-r2-e5-router-320dd1b-v1-auto-k8-b128-r1\inputs\128KiB\nci.bin"" ""E:\MIXER\hybridzip\results\experiments\hybridzip-r2-e5-router-320dd1b-v1\children\hybridzip-r2-e5-router-320dd1b-v1-auto-k8-b128-r1\archives\128KiB\nci.hz2""","""E:\MIXER\hybridzip\build\Release\hybridzip.exe"" d ""E:\MIXER\hybridzip\results\experiments\hybridzip-r2-e5-router-320dd1b-v1\children\hybridzip-r2-e5-router-320dd1b-v1-auto-k8-b128-r1\archives\128KiB\nci.hz2"" ""E:\MIXER\hybridzip\results\experiments\hybridzip-r2-e5-router-320dd1b-v1\children\hybridzip-r2-e5-router-320dd1b-v1-auto-k8-b128-r1\decoded\128KiB\nci.decoded""","0","0","2026-08-29T13:29:49.4661938+08:00","COMPLETE","PASS","paq8px-detected-sse=1","Complete R2 archive size; SHA-256 byte-exact roundtrip verified."
"e5-router","auto-k8","128","1","False","1","1","8","0","00010000","1025B343","4B1AC26C40AD4DA50312FD3B694D7E636FB768C2336FE773BC82D36424C27A4B","0:1,2:1,3:1,4:1,10:1,12:1,36:1,37:1","0","0","0","0","0","","","hybridzip-r2-e5-router-320dd1b-v1-auto-k8-b128-r1","r2-auto-k8","1","13","ooffice","32","inputs/32KiB/ooffice.bin","32768","2ACF9B4CAAEAC5814CDFEF0FA48A5ECE857C847DBDB7B44EEAB95CA3C098921C","archives/32KiB/ooffice.hz2","8097","BE789E8DAD367762274C2F18209F256AA93D6C360CFE6A29FD6BF0263F172BCD","decoded/32KiB/ooffice.decoded","32768","2ACF9B4CAAEAC5814CDFEF0FA48A5ECE857C847DBDB7B44EEAB95CA3C098921C","41.4128917","18.2278449","551.265625","551.1640625","551.265625","74FF260A939B01673667723D8351AAEDB679339610009ECB23C70E373B862D9F","profile_id=2;mode=auto-k8;block_size=131072;zstd_level=19;lzma_level=9;threads=1;process_timeout_seconds=3600","""E:\MIXER\hybridzip\build\Release\hybridzip.exe"" c --profile=r2 --r2-mode=auto-k8 --block-size=131072 ""E:\MIXER\hybridzip\results\experiments\hybridzip-r2-e5-router-320dd1b-v1\children\hybridzip-r2-e5-router-320dd1b-v1-auto-k8-b128-r1\inputs\32KiB\ooffice.bin"" ""E:\MIXER\hybridzip\results\experiments\hybridzip-r2-e5-router-320dd1b-v1\children\hybridzip-r2-e5-router-320dd1b-v1-auto-k8-b128-r1\archives\32KiB\ooffice.hz2""","""E:\MIXER\hybridzip\build\Release\hybridzip.exe"" d ""E:\MIXER\hybridzip\results\experiments\hybridzip-r2-e5-router-320dd1b-v1\children\hybridzip-r2-e5-router-320dd1b-v1-auto-k8-b128-r1\archives\32KiB\ooffice.hz2"" ""E:\MIXER\hybridzip\results\experiments\hybridzip-r2-e5-router-320dd1b-v1\children\hybridzip-r2-e5-router-320dd1b-v1-auto-k8-b128-r1\decoded\32KiB\ooffice.decoded""","0","0","2026-08-29T13:31:27.7420551+08:00","COMPLETE","PASS","paq8px-generic-sse=1","Complete R2 archive size; SHA-256 byte-exact roundtrip verified."
"e5-router","auto-k8","128","1","False","1","1","8","0","00010000","1025B343","4B1AC26C40AD4DA50312FD3B694D7E636FB768C2336FE773BC82D36424C27A4B","0:1,2:1,3:1,4:1,10:1,12:1,36:1,37:1","0","0","0","0","0","","","hybridzip-r2-e5-router-320dd1b-v1-auto-k8-b128-r1","r2-auto-k8","1","14","ooffice","64","inputs/64KiB/ooffice.bin","65536","9D30521922187D0A26F56CF2DF85001F9585D0D4EC6A0A8797466AFCC367F825","archives/64KiB/ooffice.hz2","19134","923B02EDB226F2377CB979CFF1C5371D3909C392B98774ECF8D769185421962D","decoded/64KiB/ooffice.decoded","65536","9D30521922187D0A26F56CF2DF85001F9585D0D4EC6A0A8797466AFCC367F825","94.6775881","44.2539117","552.84765625","552.73046875","552.84765625","74FF260A939B01673667723D8351AAEDB679339610009ECB23C70E373B862D9F","profile_id=2;mode=auto-k8;block_size=131072;zstd_level=19;lzma_level=9;threads=1;process_timeout_seconds=3600","""E:\MIXER\hybridzip\build\Release\hybridzip.exe"" c --profile=r2 --r2-mode=auto-k8 --block-size=131072 ""E:\MIXER\hybridzip\results\experiments\hybridzip-r2-e5-router-320dd1b-v1\children\hybridzip-r2-e5-router-320dd1b-v1-auto-k8-b128-r1\inputs\64KiB\ooffice.bin"" ""E:\MIXER\hybridzip\results\experiments\hybridzip-r2-e5-router-320dd1b-v1\children\hybridzip-r2-e5-router-320dd1b-v1-auto-k8-b128-r1\archives\64KiB\ooffice.hz2""","""E:\MIXER\hybridzip\build\Release\hybridzip.exe"" d ""E:\MIXER\hybridzip\results\experiments\hybridzip-r2-e5-router-320dd1b-v1\children\hybridzip-r2-e5-router-320dd1b-v1-auto-k8-b128-r1\archives\64KiB\ooffice.hz2"" ""E:\MIXER\hybridzip\results\experiments\hybridzip-r2-e5-router-320dd1b-v1\children\hybridzip-r2-e5-router-320dd1b-v1-auto-k8-b128-r1\decoded\64KiB\ooffice.decoded""","0","0","2026-08-29T13:32:27.4882876+08:00","COMPLETE","PASS","paq8px-detected-sse=1","Complete R2 archive size; SHA-256 byte-exact roundtrip verified."
"e5-router","auto-k8","128","1","False","1","1","8","0","00010000","1025B343","4B1AC26C40AD4DA50312FD3B694D7E636FB768C2336FE773BC82D36424C27A4B","0:1,2:1,3:1,4:1,10:1,12:1,36:1,37:1","0","0","0","0","0","","","hybridzip-r2-e5-router-320dd1b-v1-auto-k8-b128-r1","r2-auto-k8","1","15","ooffice","128","inputs/128KiB/ooffice.bin","131072","09FA5F3EE5311528863F8C3FADA3B530CC24AC1D88128E4DB2BF434161879FEF","archives/128KiB/ooffice.hz2","41067","6DB470826081EA44252E8560BF4E9F49FB19BE61DBBFE0FEDCD64195D800810D","decoded/128KiB/ooffice.decoded","131072","09FA5F3EE5311528863F8C3FADA3B530CC24AC1D88128E4DB2BF434161879FEF","202.0407566","97.3684718","553.83984375","553.69140625","553.83984375","74FF260A939B01673667723D8351AAEDB679339610009ECB23C70E373B862D9F","profile_id=2;mode=auto-k8;block_size=131072;zstd_level=19;lzma_level=9;threads=1;process_timeout_seconds=3600","""E:\MIXER\hybridzip\build\Release\hybridzip.exe"" c --profile=r2 --r2-mode=auto-k8 --block-size=131072 ""E:\MIXER\hybridzip\results\experiments\hybridzip-r2-e5-router-320dd1b-v1\children\hybridzip-r2-e5-router-320dd1b-v1-auto-k8-b128-r1\inputs\128KiB\ooffice.bin"" ""E:\MIXER\hybridzip\results\experiments\hybridzip-r2-e5-router-320dd1b-v1\children\hybridzip-r2-e5-router-320dd1b-v1-auto-k8-b128-r1\archives\128KiB\ooffice.hz2""","""E:\MIXER\hybridzip\build\Release\hybridzip.exe"" d ""E:\MIXER\hybridzip\results\experiments\hybridzip-r2-e5-router-320dd1b-v1\children\hybridzip-r2-e5-router-320dd1b-v1-auto-k8-b128-r1\archives\128KiB\ooffice.hz2"" ""E:\MIXER\hybridzip\results\experiments\hybridzip-r2-e5-router-320dd1b-v1\children\hybridzip-r2-e5-router-320dd1b-v1-auto-k8-b128-r1\decoded\128KiB\ooffice.decoded""","0","0","2026-08-29T13:34:46.5210849+08:00","COMPLETE","PASS","paq8px-detected-sse=1","Complete R2 archive size; SHA-256 byte-exact roundtrip verified."
"e5-router","auto-k8","128","1","False","1","1","8","0","00010000","1025B343","4B1AC26C40AD4DA50312FD3B694D7E636FB768C2336FE773BC82D36424C27A4B","0:1,2:1,4:1,6:1,19:1,28:1,36:1,37:1","0","0","0","0","0","","","hybridzip-r2-e5-router-320dd1b-v1-auto-k8-b128-r1","r2-auto-k8","1","16","osdb","32","inputs/32KiB/osdb.bin","32768","03B2C20B777682CD960BCD893D7A4463161D9C0200FD1708B2EFAE32A259D0B7","archives/32KiB/osdb.hz2","11420","CDBC934653B82CBD36E03B58A1E2E5E177EA85AE2B08017CA574145ACF5C4BCF","decoded/32KiB/osdb.decoded","32768","03B2C20B777682CD960BCD893D7A4463161D9C0200FD1708B2EFAE32A259D0B7","45.485019","19.6863389","548.43359375","548.3125","548.43359375","74FF260A939B01673667723D8351AAEDB679339610009ECB23C70E373B862D9F","profile_id=2;mode=auto-k8;block_size=131072;zstd_level=19;lzma_level=9;threads=1;process_timeout_seconds=3600","""E:\MIXER\hybridzip\build\Release\hybridzip.exe"" c --profile=r2 --r2-mode=auto-k8 --block-size=131072 ""E:\MIXER\hybridzip\results\experiments\hybridzip-r2-e5-router-320dd1b-v1\children\hybridzip-r2-e5-router-320dd1b-v1-auto-k8-b128-r1\inputs\32KiB\osdb.bin"" ""E:\MIXER\hybridzip\results\experiments\hybridzip-r2-e5-router-320dd1b-v1\children\hybridzip-r2-e5-router-320dd1b-v1-auto-k8-b128-r1\archives\32KiB\osdb.hz2""","""E:\MIXER\hybridzip\build\Release\hybridzip.exe"" d ""E:\MIXER\hybridzip\results\experiments\hybridzip-r2-e5-router-320dd1b-v1\children\hybridzip-r2-e5-router-320dd1b-v1-auto-k8-b128-r1\archives\32KiB\osdb.hz2"" ""E:\MIXER\hybridzip\results\experiments\hybridzip-r2-e5-router-320dd1b-v1\children\hybridzip-r2-e5-router-320dd1b-v1-auto-k8-b128-r1\decoded\32KiB\osdb.decoded""","0","0","2026-08-29T13:39:46.0699128+08:00","COMPLETE","PASS","paq8px-generic-sse=1","Complete R2 archive size; SHA-256 byte-exact roundtrip verified."
"e5-router","auto-k8","128","1","False","1","1","8","0","00010000","1025B343","4B1AC26C40AD4DA50312FD3B694D7E636FB768C2336FE773BC82D36424C27A4B","0:1,2:1,4:1,6:1,19:1,28:1,36:1,37:1","0","0","0","0","0","","","hybridzip-r2-e5-router-320dd1b-v1-auto-k8-b128-r1","r2-auto-k8","1","17","osdb","64","inputs/64KiB/osdb.bin","65536","F8FE629325A07588118BA0B65880A87DED43EF249CCBC91F0E977BBACAE0C125","archives/64KiB/osdb.hz2","18994","723D65E516780E16F25BD5CD931002B37C3FA49457AD4CB501B82497B9B17891","decoded/64KiB/osdb.decoded","65536","F8FE629325A07588118BA0B65880A87DED43EF249CCBC91F0E977BBACAE0C125","88.6464932","41.7554146","549.9140625","549.74609375","549.9140625","74FF260A939B01673667723D8351AAEDB679339610009ECB23C70E373B862D9F","profile_id=2;mode=auto-k8;block_size=131072;zstd_level=19;lzma_level=9;threads=1;process_timeout_seconds=3600","""E:\MIXER\hybridzip\build\Release\hybridzip.exe"" c --profile=r2 --r2-mode=auto-k8 --block-size=131072 ""E:\MIXER\hybridzip\results\experiments\hybridzip-r2-e5-router-320dd1b-v1\children\hybridzip-r2-e5-router-320dd1b-v1-auto-k8-b128-r1\inputs\64KiB\osdb.bin"" ""E:\MIXER\hybridzip\results\experiments\hybridzip-r2-e5-router-320dd1b-v1\children\hybridzip-r2-e5-router-320dd1b-v1-auto-k8-b128-r1\archives\64KiB\osdb.hz2""","""E:\MIXER\hybridzip\build\Release\hybridzip.exe"" d ""E:\MIXER\hybridzip\results\experiments\hybridzip-r2-e5-router-320dd1b-v1\children\hybridzip-r2-e5-router-320dd1b-v1-auto-k8-b128-r1\archives\64KiB\osdb.hz2"" ""E:\MIXER\hybridzip\results\experiments\hybridzip-r2-e5-router-320dd1b-v1\children\hybridzip-r2-e5-router-320dd1b-v1-auto-k8-b128-r1\decoded\64KiB\osdb.decoded""","0","0","2026-08-29T13:40:51.3356875+08:00","COMPLETE","PASS","paq8px-generic-sse=1","Complete R2 archive size; SHA-256 byte-exact roundtrip verified."
"e5-router","auto-k8","128","1","False","1","1","8","0","00010000","1025B343","4B1AC26C40AD4DA50312FD3B694D7E636FB768C2336FE773BC82D36424C27A4B","0:1,2:1,4:1,6:1,19:1,28:1,36:1,37:1","0","0","0","0","0","","","hybridzip-r2-e5-router-320dd1b-v1-auto-k8-b128-r1","r2-auto-k8","1","18","osdb","128","inputs/128KiB/osdb.bin","131072","D977E72AE13AEFC36A4B6171A895E26A0E6EEE447B1B9FBE868D7B1C046CC91F","archives/128KiB/osdb.hz2","33602","936B50A78F628B04493635488D37F2B7DEEF01733766B037B78F48C54359E7F2","decoded/128KiB/osdb.decoded","131072","D977E72AE13AEFC36A4B6171A895E26A0E6EEE447B1B9FBE868D7B1C046CC91F","173.5640448","84.5904085","551.046875","550.83203125","551.046875","74FF260A939B01673667723D8351AAEDB679339610009ECB23C70E373B862D9F","profile_id=2;mode=auto-k8;block_size=131072;zstd_level=19;lzma_level=9;threads=1;process_timeout_seconds=3600","""E:\MIXER\hybridzip\build\Release\hybridzip.exe"" c --profile=r2 --r2-mode=auto-k8 --block-size=131072 ""E:\MIXER\hybridzip\results\experiments\hybridzip-r2-e5-router-320dd1b-v1\children\hybridzip-r2-e5-router-320dd1b-v1-auto-k8-b128-r1\inputs\128KiB\osdb.bin"" ""E:\MIXER\hybridzip\results\experiments\hybridzip-r2-e5-router-320dd1b-v1\children\hybridzip-r2-e5-router-320dd1b-v1-auto-k8-b128-r1\archives\128KiB\osdb.hz2""","""E:\MIXER\hybridzip\build\Release\hybridzip.exe"" d ""E:\MIXER\hybridzip\results\experiments\hybridzip-r2-e5-router-320dd1b-v1\children\hybridzip-r2-e5-router-320dd1b-v1-auto-k8-b128-r1\archives\128KiB\osdb.hz2"" ""E:\MIXER\hybridzip\results\experiments\hybridzip-r2-e5-router-320dd1b-v1\children\hybridzip-r2-e5-router-320dd1b-v1-auto-k8-b128-r1\decoded\128KiB\osdb.decoded""","0","0","2026-08-29T13:43:01.8293485+08:00","COMPLETE","PASS","paq8px-generic-sse=1","Complete R2 archive size; SHA-256 byte-exact roundtrip verified."
"e5-router","auto-k8","128","1","False","1","1","8","0","00010000","1025B343","4B1AC26C40AD4DA50312FD3B694D7E636FB768C2336FE773BC82D36424C27A4B","0:1,2:1,4:1,6:1,19:1,28:1,36:1,37:1","0","0","0","0","0","","","hybridzip-r2-e5-router-320dd1b-v1-auto-k8-b128-r1","r2-auto-k8","1","19","reymont","32","inputs/32KiB/reymont.bin","32768","9D5E4B9340C2260DAE7DDB01B3EDA58236FF2DE5E1FF4D56767AA840B6FB1A87","archives/32KiB/reymont.hz2","5679","6B4BA13253C365E37E6B88F947429E09B4CF50A3ED11F1DBC8718CD2AEED316E","decoded/32KiB/reymont.decoded","32768","9D5E4B9340C2260DAE7DDB01B3EDA58236FF2DE5E1FF4D56767AA840B6FB1A87","26.4230597","6.540883","544.8046875","369.1328125","544.8046875","74FF260A939B01673667723D8351AAEDB679339610009ECB23C70E373B862D9F","profile_id=2;mode=auto-k8;block_size=131072;zstd_level=19;lzma_level=9;threads=1;process_timeout_seconds=3600","""E:\MIXER\hybridzip\build\Release\hybridzip.exe"" c --profile=r2 --r2-mode=auto-k8 --block-size=131072 ""E:\MIXER\hybridzip\results\experiments\hybridzip-r2-e5-router-320dd1b-v1\children\hybridzip-r2-e5-router-320dd1b-v1-auto-k8-b128-r1\inputs\32KiB\reymont.bin"" ""E:\MIXER\hybridzip\results\experiments\hybridzip-r2-e5-router-320dd1b-v1\children\hybridzip-r2-e5-router-320dd1b-v1-auto-k8-b128-r1\archives\32KiB\reymont.hz2""","""E:\MIXER\hybridzip\build\Release\hybridzip.exe"" d ""E:\MIXER\hybridzip\results\experiments\hybridzip-r2-e5-router-320dd1b-v1\children\hybridzip-r2-e5-router-320dd1b-v1-auto-k8-b128-r1\archives\32KiB\reymont.hz2"" ""E:\MIXER\hybridzip\results\experiments\hybridzip-r2-e5-router-320dd1b-v1\children\hybridzip-r2-e5-router-320dd1b-v1-auto-k8-b128-r1\decoded\32KiB\reymont.decoded""","0","0","2026-08-29T13:47:20.0761807+08:00","COMPLETE","PASS","paq8px-detected-sse=1","Complete R2 archive size; SHA-256 byte-exact roundtrip verified."
"e5-router","auto-k8","128","1","False","1","1","8","0","00010000","1025B343","4B1AC26C40AD4DA50312FD3B694D7E636FB768C2336FE773BC82D36424C27A4B","0:1,2:1,4:1,6:1,19:1,28:1,36:1,37:1","0","0","0","0","0","","","hybridzip-r2-e5-router-320dd1b-v1-auto-k8-b128-r1","r2-auto-k8","1","20","reymont","64","inputs/64KiB/reymont.bin","65536","A5ECAAABB133F1ADF8DE6062BE6381D143E87F9F8050EEA9B5BE6F92B88C3C22","archives/64KiB/reymont.hz2","10629","A04AFB92FC9482AB9A576740537E9FC14C7A35A4BDA6BAA950E703A026628D21","decoded/64KiB/reymont.decoded","65536","A5ECAAABB133F1ADF8DE6062BE6381D143E87F9F8050EEA9B5BE6F92B88C3C22","56.8169657","15.6066579","545.140625","369.89453125","545.140625","74FF260A939B01673667723D8351AAEDB679339610009ECB23C70E373B862D9F","profile_id=2;mode=auto-k8;block_size=131072;zstd_level=19;lzma_level=9;threads=1;process_timeout_seconds=3600","""E:\MIXER\hybridzip\build\Release\hybridzip.exe"" c --profile=r2 --r2-mode=auto-k8 --block-size=131072 ""E:\MIXER\hybridzip\results\experiments\hybridzip-r2-e5-router-320dd1b-v1\children\hybridzip-r2-e5-router-320dd1b-v1-auto-k8-b128-r1\inputs\64KiB\reymont.bin"" ""E:\MIXER\hybridzip\results\experiments\hybridzip-r2-e5-router-320dd1b-v1\children\hybridzip-r2-e5-router-320dd1b-v1-auto-k8-b128-r1\archives\64KiB\reymont.hz2""","""E:\MIXER\hybridzip\build\Release\hybridzip.exe"" d ""E:\MIXER\hybridzip\results\experiments\hybridzip-r2-e5-router-320dd1b-v1\children\hybridzip-r2-e5-router-320dd1b-v1-auto-k8-b128-r1\archives\64KiB\reymont.hz2"" ""E:\MIXER\hybridzip\results\experiments\hybridzip-r2-e5-router-320dd1b-v1\children\hybridzip-r2-e5-router-320dd1b-v1-auto-k8-b128-r1\decoded\64KiB\reymont.decoded""","0","0","2026-08-29T13:47:53.1449827+08:00","COMPLETE","PASS","paq8px-detected-sse=1","Complete R2 archive size; SHA-256 byte-exact roundtrip verified."
"e5-router","auto-k8","128","1","False","1","1","8","0","00010000","1025B343","4B1AC26C40AD4DA50312FD3B694D7E636FB768C2336FE773BC82D36424C27A4B","0:1,2:1,4:1,6:1,19:1,28:1,36:1,37:1","0","0","0","0","0","","","hybridzip-r2-e5-router-320dd1b-v1-auto-k8-b128-r1","r2-auto-k8","1","21","reymont","128","inputs/128KiB/reymont.bin","131072","A6CA7478854C1E80DFEAF9FB3444B357F9D7625E55232FAE3B3632A5A1217DEA","archives/128KiB/reymont.hz2","19991","DE1F50B5C9E2E007CBB912234742195C11E01AA7FB246964D2B65A2A774D7265","decoded/128KiB/reymont.decoded","131072","A6CA7478854C1E80DFEAF9FB3444B357F9D7625E55232FAE3B3632A5A1217DEA","115.6027117","34.4350723","545.5390625","370.1015625","545.5390625","74FF260A939B01673667723D8351AAEDB679339610009ECB23C70E373B862D9F","profile_id=2;mode=auto-k8;block_size=131072;zstd_level=19;lzma_level=9;threads=1;process_timeout_seconds=3600","""E:\MIXER\hybridzip\build\Release\hybridzip.exe"" c --profile=r2 --r2-mode=auto-k8 --block-size=131072 ""E:\MIXER\hybridzip\results\experiments\hybridzip-r2-e5-router-320dd1b-v1\children\hybridzip-r2-e5-router-320dd1b-v1-auto-k8-b128-r1\inputs\128KiB\reymont.bin"" ""E:\MIXER\hybridzip\results\experiments\hybridzip-r2-e5-router-320dd1b-v1\children\hybridzip-r2-e5-router-320dd1b-v1-auto-k8-b128-r1\archives\128KiB\reymont.hz2""","""E:\MIXER\hybridzip\build\Release\hybridzip.exe"" d ""E:\MIXER\hybridzip\results\experiments\hybridzip-r2-e5-router-320dd1b-v1\children\hybridzip-r2-e5-router-320dd1b-v1-auto-k8-b128-r1\archives\128KiB\reymont.hz2"" ""E:\MIXER\hybridzip\results\experiments\hybridzip-r2-e5-router-320dd1b-v1\children\hybridzip-r2-e5-router-320dd1b-v1-auto-k8-b128-r1\decoded\128KiB\reymont.decoded""","0","0","2026-08-29T13:49:05.6650915+08:00","COMPLETE","PASS","paq8px-detected-sse=1","Complete R2 archive size; SHA-256 byte-exact roundtrip verified."
"e5-router","auto-k8","128","1","False","1","1","8","0","00010000","1025B343","4B1AC26C40AD4DA50312FD3B694D7E636FB768C2336FE773BC82D36424C27A4B","0:1,2:1,4:1,6:1,19:1,28:1,36:1,37:1","0","0","0","0","0","","","hybridzip-r2-e5-router-320dd1b-v1-auto-k8-b128-r1","r2-auto-k8","1","22","samba","32","inputs/32KiB/samba.bin","32768","9C4F5BEE544E4531E4946E62F796987418B4526911C34877EF282F14DD57AD12","archives/32KiB/samba.hz2","7956","73956285FFC2574A980D1DE0715E0BDF2A57CC0C267D97D93600253CA1E38770","decoded/32KiB/samba.decoded","32768","9C4F5BEE544E4531E4946E62F796987418B4526911C34877EF282F14DD57AD12","41.1677353","17.519787","545.32421875","545.21484375","545.32421875","74FF260A939B01673667723D8351AAEDB679339610009ECB23C70E373B862D9F","profile_id=2;mode=auto-k8;block_size=131072;zstd_level=19;lzma_level=9;threads=1;process_timeout_seconds=3600","""E:\MIXER\hybridzip\build\Release\hybridzip.exe"" c --profile=r2 --r2-mode=auto-k8 --block-size=131072 ""E:\MIXER\hybridzip\results\experiments\hybridzip-r2-e5-router-320dd1b-v1\children\hybridzip-r2-e5-router-320dd1b-v1-auto-k8-b128-r1\inputs\32KiB\samba.bin"" ""E:\MIXER\hybridzip\results\experiments\hybridzip-r2-e5-router-320dd1b-v1\children\hybridzip-r2-e5-router-320dd1b-v1-auto-k8-b128-r1\archives\32KiB\samba.hz2""","""E:\MIXER\hybridzip\build\Release\hybridzip.exe"" d ""E:\MIXER\hybridzip\results\experiments\hybridzip-r2-e5-router-320dd1b-v1\children\hybridzip-r2-e5-router-320dd1b-v1-auto-k8-b128-r1\archives\32KiB\samba.hz2"" ""E:\MIXER\hybridzip\results\experiments\hybridzip-r2-e5-router-320dd1b-v1\children\hybridzip-r2-e5-router-320dd1b-v1-auto-k8-b128-r1\decoded\32KiB\samba.decoded""","0","0","2026-08-29T13:51:35.7990815+08:00","COMPLETE","PASS","paq8px-generic-sse=1","Complete R2 archive size; SHA-256 byte-exact roundtrip verified."
"e5-router","auto-k8","128","1","False","1","1","8","0","00010000","1025B343","4B1AC26C40AD4DA50312FD3B694D7E636FB768C2336FE773BC82D36424C27A4B","0:1,2:1,4:1,6:1,19:1,28:1,36:1,37:1","0","0","0","0","0","","","hybridzip-r2-e5-router-320dd1b-v1-auto-k8-b128-r1","r2-auto-k8","1","23","samba","64","inputs/64KiB/samba.bin","65536","3E0420984C0F260EA7350734600CEA9D8500B745E2E4B7DBD4D1DA1D1ADAC421","archives/64KiB/samba.hz2","15270","1480A4FDD8E4DEE599C20077CFCA07C8A8AF4454FF2CA9C9061A14E18555D941","decoded/64KiB/samba.decoded","65536","3E0420984C0F260EA7350734600CEA9D8500B745E2E4B7DBD4D1DA1D1ADAC421","86.084661","39.8923295","545.77734375","545.6171875","545.77734375","74FF260A939B01673667723D8351AAEDB679339610009ECB23C70E373B862D9F","profile_id=2;mode=auto-k8;block_size=131072;zstd_level=19;lzma_level=9;threads=1;process_timeout_seconds=3600","""E:\MIXER\hybridzip\build\Release\hybridzip.exe"" c --profile=r2 --r2-mode=auto-k8 --block-size=131072 ""E:\MIXER\hybridzip\results\experiments\hybridzip-r2-e5-router-320dd1b-v1\children\hybridzip-r2-e5-router-320dd1b-v1-auto-k8-b128-r1\inputs\64KiB\samba.bin"" ""E:\MIXER\hybridzip\results\experiments\hybridzip-r2-e5-router-320dd1b-v1\children\hybridzip-r2-e5-router-320dd1b-v1-auto-k8-b128-r1\archives\64KiB\samba.hz2""","""E:\MIXER\hybridzip\build\Release\hybridzip.exe"" d ""E:\MIXER\hybridzip\results\experiments\hybridzip-r2-e5-router-320dd1b-v1\children\hybridzip-r2-e5-router-320dd1b-v1-auto-k8-b128-r1\archives\64KiB\samba.hz2"" ""E:\MIXER\hybridzip\results\experiments\hybridzip-r2-e5-router-320dd1b-v1\children\hybridzip-r2-e5-router-320dd1b-v1-auto-k8-b128-r1\decoded\64KiB\samba.decoded""","0","0","2026-08-29T13:52:34.5811389+08:00","COMPLETE","PASS","paq8px-generic-sse=1","Complete R2 archive size; SHA-256 byte-exact roundtrip verified."
"e5-router","auto-k8","128","1","False","1","1","8","0","00010000","1025B343","4B1AC26C40AD4DA50312FD3B694D7E636FB768C2336FE773BC82D36424C27A4B","0:1,2:1,4:1,6:1,19:1,28:1,36:1,37:1","0","0","0","0","0","","","hybridzip-r2-e5-router-320dd1b-v1-auto-k8-b128-r1","r2-auto-k8","1","24","samba","128","inputs/128KiB/samba.bin","131072","F3B8C4AD35BC6CF21977895D6F04A22B1422605942FA5AFE35CE28B2A221D7E8","archives/128KiB/samba.hz2","31518","DE93A3DB0733E3A8AD3FBA10C1FA53993810FA401429FC01DB9C9290E527622F","decoded/128KiB/samba.decoded","131072","F3B8C4AD35BC6CF21977895D6F04A22B1422605942FA5AFE35CE28B2A221D7E8","164.4062529","78.3468091","546.95703125","546.75","546.95703125","74FF260A939B01673667723D8351AAEDB679339610009ECB23C70E373B862D9F","profile_id=2;mode=auto-k8;block_size=131072;zstd_level=19;lzma_level=9;threads=1;process_timeout_seconds=3600","""E:\MIXER\hybridzip\build\Release\hybridzip.exe"" c --profile=r2 --r2-mode=auto-k8 --block-size=131072 ""E:\MIXER\hybridzip\results\experiments\hybridzip-r2-e5-router-320dd1b-v1\children\hybridzip-r2-e5-router-320dd1b-v1-auto-k8-b128-r1\inputs\128KiB\samba.bin"" ""E:\MIXER\hybridzip\results\experiments\hybridzip-r2-e5-router-320dd1b-v1\children\hybridzip-r2-e5-router-320dd1b-v1-auto-k8-b128-r1\archives\128KiB\samba.hz2""","""E:\MIXER\hybridzip\build\Release\hybridzip.exe"" d ""E:\MIXER\hybridzip\results\experiments\hybridzip-r2-e5-router-320dd1b-v1\children\hybridzip-r2-e5-router-320dd1b-v1-auto-k8-b128-r1\archives\128KiB\samba.hz2"" ""E:\MIXER\hybridzip\results\experiments\hybridzip-r2-e5-router-320dd1b-v1\children\hybridzip-r2-e5-router-320dd1b-v1-auto-k8-b128-r1\decoded\128KiB\samba.decoded""","0","0","2026-08-29T13:54:40.6499570+08:00","COMPLETE","PASS","paq8px-generic-sse=1","Complete R2 archive size; SHA-256 byte-exact roundtrip verified."
"e5-router","auto-k8","128","1","False","1","1","8","0","00010000","1025B343","4B1AC26C40AD4DA50312FD3B694D7E636FB768C2336FE773BC82D36424C27A4B","0:1,2:1,3:1,4:1,27:1,28:1,36:1,37:1","0","0","0","0","0","","","hybridzip-r2-e5-router-320dd1b-v1-auto-k8-b128-r1","r2-auto-k8","1","25","sao","32","inputs/32KiB/sao.bin","32768","95677430CAD4F000506BC5EE22815C3F4E13D64B477ED506B78D5D9ACFB50CCD","archives/32KiB/sao.hz2","18805","AA4590751F8AEC01D4300541A9C594D25E92C3847765433975A01EF62FECD1E5","decoded/32KiB/sao.decoded","32768","95677430CAD4F000506BC5EE22815C3F4E13D64B477ED506B78D5D9ACFB50CCD","51.1105881","22.6440334","548.8125","548.69140625","548.8125","74FF260A939B01673667723D8351AAEDB679339610009ECB23C70E373B862D9F","profile_id=2;mode=auto-k8;block_size=131072;zstd_level=19;lzma_level=9;threads=1;process_timeout_seconds=3600","""E:\MIXER\hybridzip\build\Release\hybridzip.exe"" c --profile=r2 --r2-mode=auto-k8 --block-size=131072 ""E:\MIXER\hybridzip\results\experiments\hybridzip-r2-e5-router-320dd1b-v1\children\hybridzip-r2-e5-router-320dd1b-v1-auto-k8-b128-r1\inputs\32KiB\sao.bin"" ""E:\MIXER\hybridzip\results\experiments\hybridzip-r2-e5-router-320dd1b-v1\children\hybridzip-r2-e5-router-320dd1b-v1-auto-k8-b128-r1\archives\32KiB\sao.hz2""","""E:\MIXER\hybridzip\build\Release\hybridzip.exe"" d ""E:\MIXER\hybridzip\results\experiments\hybridzip-r2-e5-router-320dd1b-v1\children\hybridzip-r2-e5-router-320dd1b-v1-auto-k8-b128-r1\archives\32KiB\sao.hz2"" ""E:\MIXER\hybridzip\results\experiments\hybridzip-r2-e5-router-320dd1b-v1\children\hybridzip-r2-e5-router-320dd1b-v1-auto-k8-b128-r1\decoded\32KiB\sao.decoded""","0","0","2026-08-29T13:58:43.5013831+08:00","COMPLETE","PASS","paq8px-generic-sse=1","Complete R2 archive size; SHA-256 byte-exact roundtrip verified."
"e5-router","auto-k8","128","1","False","1","1","8","0","00010000","1025B343","4B1AC26C40AD4DA50312FD3B694D7E636FB768C2336FE773BC82D36424C27A4B","0:1,2:1,3:1,4:1,27:1,28:1,36:1,37:1","0","0","0","0","0","","","hybridzip-r2-e5-router-320dd1b-v1-auto-k8-b128-r1","r2-auto-k8","1","26","sao","64","inputs/64KiB/sao.bin","65536","17CBD7166A47786139F60BA33B4E771CE0154F6FA56986883D129BC23F78EBEE","archives/64KiB/sao.hz2","36379","36A13BF37476869127B816C992076FA166DBE26975430904C0379B1D26A4EDF7","decoded/64KiB/sao.decoded","65536","17CBD7166A47786139F60BA33B4E771CE0154F6FA56986883D129BC23F78EBEE","105.3092251","49.6725008","550.58203125","550.359375","550.58203125","74FF260A939B01673667723D8351AAEDB679339610009ECB23C70E373B862D9F","profile_id=2;mode=auto-k8;block_size=131072;zstd_level=19;lzma_level=9;threads=1;process_timeout_seconds=3600","""E:\MIXER\hybridzip\build\Release\hybridzip.exe"" c --profile=r2 --r2-mode=auto-k8 --block-size=131072 ""E:\MIXER\hybridzip\results\experiments\hybridzip-r2-e5-router-320dd1b-v1\children\hybridzip-r2-e5-router-320dd1b-v1-auto-k8-b128-r1\inputs\64KiB\sao.bin"" ""E:\MIXER\hybridzip\results\experiments\hybridzip-r2-e5-router-320dd1b-v1\children\hybridzip-r2-e5-router-320dd1b-v1-auto-k8-b128-r1\archives\64KiB\sao.hz2""","""E:\MIXER\hybridzip\build\Release\hybridzip.exe"" d ""E:\MIXER\hybridzip\results\experiments\hybridzip-r2-e5-router-320dd1b-v1\children\hybridzip-r2-e5-router-320dd1b-v1-auto-k8-b128-r1\archives\64KiB\sao.hz2"" ""E:\MIXER\hybridzip\results\experiments\hybridzip-r2-e5-router-320dd1b-v1\children\hybridzip-r2-e5-router-320dd1b-v1-auto-k8-b128-r1\decoded\64KiB\sao.decoded""","0","0","2026-08-29T13:59:57.3536199+08:00","COMPLETE","PASS","paq8px-generic-sse=1","Complete R2 archive size; SHA-256 byte-exact roundtrip verified."
"e5-router","auto-k8","128","1","False","1","1","8","0","00010000","1025B343","4B1AC26C40AD4DA50312FD3B694D7E636FB768C2336FE773BC82D36424C27A4B","0:1,2:1,3:1,4:1,27:1,28:1,36:1,37:1","0","0","0","0","0","","","hybridzip-r2-e5-router-320dd1b-v1-auto-k8-b128-r1","r2-auto-k8","1","27","sao","128","inputs/128KiB/sao.bin","131072","75E535B42DB7505118D8B19C7C42C1F49C5542ADDC9DBC13383953659F675CE0","archives/128KiB/sao.hz2","71243","5AFC2AB6A0F3B2773F38E68381DF4CD10D502D60F73B846F3F2CF9D6F9776FC6","decoded/128KiB/sao.decoded","131072","75E535B42DB7505118D8B19C7C42C1F49C5542ADDC9DBC13383953659F675CE0","211.9105449","103.9270695","551.921875","551.6484375","551.921875","74FF260A939B01673667723D8351AAEDB679339610009ECB23C70E373B862D9F","profile_id=2;mode=auto-k8;block_size=131072;zstd_level=19;lzma_level=9;threads=1;process_timeout_seconds=3600","""E:\MIXER\hybridzip\build\Release\hybridzip.exe"" c --profile=r2 --r2-mode=auto-k8 --block-size=131072 ""E:\MIXER\hybridzip\results\experiments\hybridzip-r2-e5-router-320dd1b-v1\children\hybridzip-r2-e5-router-320dd1b-v1-auto-k8-b128-r1\inputs\128KiB\sao.bin"" ""E:\MIXER\hybridzip\results\experiments\hybridzip-r2-e5-router-320dd1b-v1\children\hybridzip-r2-e5-router-320dd1b-v1-auto-k8-b128-r1\archives\128KiB\sao.hz2""","""E:\MIXER\hybridzip\build\Release\hybridzip.exe"" d ""E:\MIXER\hybridzip\results\experiments\hybridzip-r2-e5-router-320dd1b-v1\children\hybridzip-r2-e5-router-320dd1b-v1-auto-k8-b128-r1\archives\128KiB\sao.hz2"" ""E:\MIXER\hybridzip\results\experiments\hybridzip-r2-e5-router-320dd1b-v1\children\hybridzip-r2-e5-router-320dd1b-v1-auto-k8-b128-r1\decoded\128KiB\sao.decoded""","0","0","2026-08-29T14:02:32.4488333+08:00","COMPLETE","PASS","paq8px-generic-sse=1","Complete R2 archive size; SHA-256 byte-exact roundtrip verified."
"e5-router","auto-k8","128","1","False","1","1","8","0","00010000","1025B343","4B1AC26C40AD4DA50312FD3B694D7E636FB768C2336FE773BC82D36424C27A4B","0:1,2:1,4:1,6:1,19:1,28:1,36:1,37:1","0","0","0","0","0","","","hybridzip-r2-e5-router-320dd1b-v1-auto-k8-b128-r1","r2-auto-k8","1","28","webster","32","inputs/32KiB/webster.bin","32768","774D224695AF4057353F72602BB96CD2AFEEA059AC7737535645F11596FCA85E","archives/32KiB/webster.hz2","9258","47D5B7887C4F4A198782DBCEF906E4E8B19077A01F51413C9942A1C36AF13D85","decoded/32KiB/webster.decoded","32768","774D224695AF4057353F72602BB96CD2AFEEA059AC7737535645F11596FCA85E","32.6513532","7.4943898","546.7265625","369.7421875","546.7265625","74FF260A939B01673667723D8351AAEDB679339610009ECB23C70E373B862D9F","profile_id=2;mode=auto-k8;block_size=131072;zstd_level=19;lzma_level=9;threads=1;process_timeout_seconds=3600","""E:\MIXER\hybridzip\build\Release\hybridzip.exe"" c --profile=r2 --r2-mode=auto-k8 --block-size=131072 ""E:\MIXER\hybridzip\results\experiments\hybridzip-r2-e5-router-320dd1b-v1\children\hybridzip-r2-e5-router-320dd1b-v1-auto-k8-b128-r1\inputs\32KiB\webster.bin"" ""E:\MIXER\hybridzip\results\experiments\hybridzip-r2-e5-router-320dd1b-v1\children\hybridzip-r2-e5-router-320dd1b-v1-auto-k8-b128-r1\archives\32KiB\webster.hz2""","""E:\MIXER\hybridzip\build\Release\hybridzip.exe"" d ""E:\MIXER\hybridzip\results\experiments\hybridzip-r2-e5-router-320dd1b-v1\children\hybridzip-r2-e5-router-320dd1b-v1-auto-k8-b128-r1\archives\32KiB\webster.hz2"" ""E:\MIXER\hybridzip\results\experiments\hybridzip-r2-e5-router-320dd1b-v1\children\hybridzip-r2-e5-router-320dd1b-v1-auto-k8-b128-r1\decoded\32KiB\webster.decoded""","0","0","2026-08-29T14:07:48.3805026+08:00","COMPLETE","PASS","paq8px-detected-sse=1","Complete R2 archive size; SHA-256 byte-exact roundtrip verified."
"e5-router","auto-k8","128","1","False","1","1","8","0","00010000","1025B343","4B1AC26C40AD4DA50312FD3B694D7E636FB768C2336FE773BC82D36424C27A4B","0:1,2:1,4:1,6:1,19:1,28:1,36:1,37:1","0","0","0","0","0","","","hybridzip-r2-e5-router-320dd1b-v1-auto-k8-b128-r1","r2-auto-k8","1","29","webster","64","inputs/64KiB/webster.bin","65536","262258811321382F9E4F44D2184B6B7FED0336CF831446D8336C47D6CCC2B32E","archives/64KiB/webster.hz2","15190","4E7707E28C6EF213E635636B6A36E691BC490F8A721EE589CF50A8465FBB8D21","decoded/64KiB/webster.decoded","65536","262258811321382F9E4F44D2184B6B7FED0336CF831446D8336C47D6CCC2B32E","65.6261104","19.9475638","547.0234375","370.28125","547.0234375","74FF260A939B01673667723D8351AAEDB679339610009ECB23C70E373B862D9F","profile_id=2;mode=auto-k8;block_size=131072;zstd_level=19;lzma_level=9;threads=1;process_timeout_seconds=3600","""E:\MIXER\hybridzip\build\Release\hybridzip.exe"" c --profile=r2 --r2-mode=auto-k8 --block-size=131072 ""E:\MIXER\hybridzip\results\experiments\hybridzip-r2-e5-router-320dd1b-v1\children\hybridzip-r2-e5-router-320dd1b-v1-auto-k8-b128-r1\inputs\64KiB\webster.bin"" ""E:\MIXER\hybridzip\results\experiments\hybridzip-r2-e5-router-320dd1b-v1\children\hybridzip-r2-e5-router-320dd1b-v1-auto-k8-b128-r1\archives\64KiB\webster.hz2""","""E:\MIXER\hybridzip\build\Release\hybridzip.exe"" d ""E:\MIXER\hybridzip\results\experiments\hybridzip-r2-e5-router-320dd1b-v1\children\hybridzip-r2-e5-router-320dd1b-v1-auto-k8-b128-r1\archives\64KiB\webster.hz2"" ""E:\MIXER\hybridzip\results\experiments\hybridzip-r2-e5-router-320dd1b-v1\children\hybridzip-r2-e5-router-320dd1b-v1-auto-k8-b128-r1\decoded\64KiB\webster.decoded""","0","0","2026-08-29T14:08:28.6317611+08:00","COMPLETE","PASS","paq8px-detected-sse=1","Complete R2 archive size; SHA-256 byte-exact roundtrip verified."
"e5-router","auto-k8","128","1","False","1","1","8","0","00010000","1025B343","4B1AC26C40AD4DA50312FD3B694D7E636FB768C2336FE773BC82D36424C27A4B","0:1,2:1,4:1,6:1,19:1,28:1,36:1,37:1","0","0","0","0","0","","","hybridzip-r2-e5-router-320dd1b-v1-auto-k8-b128-r1","r2-auto-k8","1","30","webster","128","inputs/128KiB/webster.bin","131072","C069C1FDCA99BC5C44F06D134CD0CDA60315DD631AA6564733B2CE0E6D59305C","archives/128KiB/webster.hz2","25871","DF27DF6F3908A76C03E0E328ED86CBAF08F7283FCE0D3C24A827AA7117DAB796","decoded/128KiB/webster.decoded","131072","C069C1FDCA99BC5C44F06D134CD0CDA60315DD631AA6564733B2CE0E6D59305C","141.1828333","41.8670107","547.390625","370.578125","547.390625","74FF260A939B01673667723D8351AAEDB679339610009ECB23C70E373B862D9F","profile_id=2;mode=auto-k8;block_size=131072;zstd_level=19;lzma_level=9;threads=1;process_timeout_seconds=3600","""E:\MIXER\hybridzip\build\Release\hybridzip.exe"" c --profile=r2 --r2-mode=auto-k8 --block-size=131072 ""E:\MIXER\hybridzip\results\experiments\hybridzip-r2-e5-router-320dd1b-v1\children\hybridzip-r2-e5-router-320dd1b-v1-auto-k8-b128-r1\inputs\128KiB\webster.bin"" ""E:\MIXER\hybridzip\results\experiments\hybridzip-r2-e5-router-320dd1b-v1\children\hybridzip-r2-e5-router-320dd1b-v1-auto-k8-b128-r1\archives\128KiB\webster.hz2""","""E:\MIXER\hybridzip\build\Release\hybridzip.exe"" d ""E:\MIXER\hybridzip\results\experiments\hybridzip-r2-e5-router-320dd1b-v1\children\hybridzip-r2-e5-router-320dd1b-v1-auto-k8-b128-r1\archives\128KiB\webster.hz2"" ""E:\MIXER\hybridzip\results\experiments\hybridzip-r2-e5-router-320dd1b-v1\children\hybridzip-r2-e5-router-320dd1b-v1-auto-k8-b128-r1\decoded\128KiB\webster.decoded""","0","0","2026-08-29T14:09:54.3026043+08:00","COMPLETE","PASS","paq8px-detected-sse=1","Complete R2 archive size; SHA-256 byte-exact roundtrip verified."
"e5-router","auto-k8","128","1","False","1","1","8","0","00010000","1025B343","4B1AC26C40AD4DA50312FD3B694D7E636FB768C2336FE773BC82D36424C27A4B","0:1,2:1,3:1,4:1,10:1,12:1,36:1,37:1","0","0","0","0","0","","","hybridzip-r2-e5-router-320dd1b-v1-auto-k8-b128-r1","r2-auto-k8","1","31","x-ray","32","inputs/32KiB/x-ray.bin","32768","10511AA63DFBD9C0DDBFEFE36068740103D4BA1116E214154A0772057D7E9314","archives/32KiB/x-ray.hz2","14702","FBB4651DDE492F0875B891D7CC3338FBCB7FFB51BCF4D010F0D40F4EFD495E88","decoded/32KiB/x-ray.decoded","32768","10511AA63DFBD9C0DDBFEFE36068740103D4BA1116E214154A0772057D7E9314","45.3294499","18.7499393","547.17578125","547.08984375","547.17578125","74FF260A939B01673667723D8351AAEDB679339610009ECB23C70E373B862D9F","profile_id=2;mode=auto-k8;block_size=131072;zstd_level=19;lzma_level=9;threads=1;process_timeout_seconds=3600","""E:\MIXER\hybridzip\build\Release\hybridzip.exe"" c --profile=r2 --r2-mode=auto-k8 --block-size=131072 ""E:\MIXER\hybridzip\results\experiments\hybridzip-r2-e5-router-320dd1b-v1\children\hybridzip-r2-e5-router-320dd1b-v1-auto-k8-b128-r1\inputs\32KiB\x-ray.bin"" ""E:\MIXER\hybridzip\results\experiments\hybridzip-r2-e5-router-320dd1b-v1\children\hybridzip-r2-e5-router-320dd1b-v1-auto-k8-b128-r1\archives\32KiB\x-ray.hz2""","""E:\MIXER\hybridzip\build\Release\hybridzip.exe"" d ""E:\MIXER\hybridzip\results\experiments\hybridzip-r2-e5-router-320dd1b-v1\children\hybridzip-r2-e5-router-320dd1b-v1-auto-k8-b128-r1\archives\32KiB\x-ray.hz2"" ""E:\MIXER\hybridzip\results\experiments\hybridzip-r2-e5-router-320dd1b-v1\children\hybridzip-r2-e5-router-320dd1b-v1-auto-k8-b128-r1\decoded\32KiB\x-ray.decoded""","0","0","2026-08-29T14:12:57.4537587+08:00","COMPLETE","PASS","paq8px-generic-sse=1","Complete R2 archive size; SHA-256 byte-exact roundtrip verified."
"e5-router","auto-k8","128","1","False","1","1","8","0","00010000","1025B343","4B1AC26C40AD4DA50312FD3B694D7E636FB768C2336FE773BC82D36424C27A4B","0:1,2:1,3:1,4:1,10:1,12:1,36:1,37:1","0","0","0","0","0","","","hybridzip-r2-e5-router-320dd1b-v1-auto-k8-b128-r1","r2-auto-k8","1","32","x-ray","64","inputs/64KiB/x-ray.bin","65536","B5A07146616BCD7C2D10071D41E07D204DE0AC629C4CA37D8E867FF00574D0D8","archives/64KiB/x-ray.hz2","29135","6707A85129F440189A9107FFA363A7441B4D641E10AF00F6A6616A4C1474CFFA","decoded/64KiB/x-ray.decoded","65536","B5A07146616BCD7C2D10071D41E07D204DE0AC629C4CA37D8E867FF00574D0D8","100.681684","46.0375776","547.4765625","547.29296875","547.4765625","74FF260A939B01673667723D8351AAEDB679339610009ECB23C70E373B862D9F","profile_id=2;mode=auto-k8;block_size=131072;zstd_level=19;lzma_level=9;threads=1;process_timeout_seconds=3600","""E:\MIXER\hybridzip\build\Release\hybridzip.exe"" c --profile=r2 --r2-mode=auto-k8 --block-size=131072 ""E:\MIXER\hybridzip\results\experiments\hybridzip-r2-e5-router-320dd1b-v1\children\hybridzip-r2-e5-router-320dd1b-v1-auto-k8-b128-r1\inputs\64KiB\x-ray.bin"" ""E:\MIXER\hybridzip\results\experiments\hybridzip-r2-e5-router-320dd1b-v1\children\hybridzip-r2-e5-router-320dd1b-v1-auto-k8-b128-r1\archives\64KiB\x-ray.hz2""","""E:\MIXER\hybridzip\build\Release\hybridzip.exe"" d ""E:\MIXER\hybridzip\results\experiments\hybridzip-r2-e5-router-320dd1b-v1\children\hybridzip-r2-e5-router-320dd1b-v1-auto-k8-b128-r1\archives\64KiB\x-ray.hz2"" ""E:\MIXER\hybridzip\results\experiments\hybridzip-r2-e5-router-320dd1b-v1\children\hybridzip-r2-e5-router-320dd1b-v1-auto-k8-b128-r1\decoded\64KiB\x-ray.decoded""","0","0","2026-08-29T14:14:01.6312665+08:00","COMPLETE","PASS","paq8px-generic-sse=1","Complete R2 archive size; SHA-256 byte-exact roundtrip verified."
"e5-router","auto-k8","128","1","False","1","1","8","0","00010000","1025B343","4B1AC26C40AD4DA50312FD3B694D7E636FB768C2336FE773BC82D36424C27A4B","0:1,2:1,3:1,4:1,10:1,12:1,36:1,37:1","0","0","0","0","0","","","hybridzip-r2-e5-router-320dd1b-v1-auto-k8-b128-r1","r2-auto-k8","1","33","x-ray","128","inputs/128KiB/x-ray.bin","131072","7A65B793FB2A694C20686275A899B304445473528F7C998BE26F8C68EB18F76E","archives/128KiB/x-ray.hz2","57609","CE1259B7ED86C86B3A3D1011B686E20162543CEB0E21837ACD17622A355875B4","decoded/128KiB/x-ray.decoded","131072","7A65B793FB2A694C20686275A899B304445473528F7C998BE26F8C68EB18F76E","206.5444813","95.9417012","547.80078125","547.55859375","547.80078125","74FF260A939B01673667723D8351AAEDB679339610009ECB23C70E373B862D9F","profile_id=2;mode=auto-k8;block_size=131072;zstd_level=19;lzma_level=9;threads=1;process_timeout_seconds=3600","""E:\MIXER\hybridzip\build\Release\hybridzip.exe"" c --profile=r2 --r2-mode=auto-k8 --block-size=131072 ""E:\MIXER\hybridzip\results\experiments\hybridzip-r2-e5-router-320dd1b-v1\children\hybridzip-r2-e5-router-320dd1b-v1-auto-k8-b128-r1\inputs\128KiB\x-ray.bin"" ""E:\MIXER\hybridzip\results\experiments\hybridzip-r2-e5-router-320dd1b-v1\children\hybridzip-r2-e5-router-320dd1b-v1-auto-k8-b128-r1\archives\128KiB\x-ray.hz2""","""E:\MIXER\hybridzip\build\Release\hybridzip.exe"" d ""E:\MIXER\hybridzip\results\experiments\hybridzip-r2-e5-router-320dd1b-v1\children\hybridzip-r2-e5-router-320dd1b-v1-auto-k8-b128-r1\archives\128KiB\x-ray.hz2"" ""E:\MIXER\hybridzip\results\experiments\hybridzip-r2-e5-router-320dd1b-v1\children\hybridzip-r2-e5-router-320dd1b-v1-auto-k8-b128-r1\decoded\128KiB\x-ray.decoded""","0","0","2026-08-29T14:16:28.4508809+08:00","COMPLETE","PASS","paq8px-generic-sse=1","Complete R2 archive size; SHA-256 byte-exact roundtrip verified."
"e5-router","auto-k8","128","1","False","1","1","8","0","00010000","1025B343","4B1AC26C40AD4DA50312FD3B694D7E636FB768C2336FE773BC82D36424C27A4B","0:1,2:1,4:1,6:1,19:1,28:1,36:1,37:1","0","0","0","0","0","","","hybridzip-r2-e5-router-320dd1b-v1-auto-k8-b128-r1","r2-auto-k8","1","34","xml","32","inputs/32KiB/xml.bin","32768","C2F7F129956F8D6FC3D0E3595D93F98D5270B6F5BC4AB5E70F45867822EFDD71","archives/32KiB/xml.hz2","1441","E28005BAF327E507AFAA0CC7457278DD4A954CAA00CD955353D59E194A94F8F9","decoded/32KiB/xml.decoded","32768","C2F7F129956F8D6FC3D0E3595D93F98D5270B6F5BC4AB5E70F45867822EFDD71","26.4161814","9.5652347","542.90234375","542.78125","542.90234375","74FF260A939B01673667723D8351AAEDB679339610009ECB23C70E373B862D9F","profile_id=2;mode=auto-k8;block_size=131072;zstd_level=19;lzma_level=9;threads=1;process_timeout_seconds=3600","""E:\MIXER\hybridzip\build\Release\hybridzip.exe"" c --profile=r2 --r2-mode=auto-k8 --block-size=131072 ""E:\MIXER\hybridzip\results\experiments\hybridzip-r2-e5-router-320dd1b-v1\children\hybridzip-r2-e5-router-320dd1b-v1-auto-k8-b128-r1\inputs\32KiB\xml.bin"" ""E:\MIXER\hybridzip\results\experiments\hybridzip-r2-e5-router-320dd1b-v1\children\hybridzip-r2-e5-router-320dd1b-v1-auto-k8-b128-r1\archives\32KiB\xml.hz2""","""E:\MIXER\hybridzip\build\Release\hybridzip.exe"" d ""E:\MIXER\hybridzip\results\experiments\hybridzip-r2-e5-router-320dd1b-v1\children\hybridzip-r2-e5-router-320dd1b-v1-auto-k8-b128-r1\archives\32KiB\xml.hz2"" ""E:\MIXER\hybridzip\results\experiments\hybridzip-r2-e5-router-320dd1b-v1\children\hybridzip-r2-e5-router-320dd1b-v1-auto-k8-b128-r1\decoded\32KiB\xml.decoded""","0","0","2026-08-29T14:21:31.0335396+08:00","COMPLETE","PASS","paq8px-generic-sse=1","Complete R2 archive size; SHA-256 byte-exact roundtrip verified."
"e5-router","auto-k8","128","1","False","1","1","8","0","00010000","1025B343","4B1AC26C40AD4DA50312FD3B694D7E636FB768C2336FE773BC82D36424C27A4B","0:1,2:1,4:1,6:1,19:1,28:1,36:1,37:1","0","0","0","0","0","","","hybridzip-r2-e5-router-320dd1b-v1-auto-k8-b128-r1","r2-auto-k8","1","35","xml","64","inputs/64KiB/xml.bin","65536","E32AFF2BEBF00105A17DD57F5490C1986D17543CEE837B42EB56B3E0E6F8E7F1","archives/64KiB/xml.hz2","2272","4DC96A4AFEAF4C6EC00900A739CBC4B86870A5BB1936BB460E686E34CFE2FD4E","decoded/64KiB/xml.decoded","65536","E32AFF2BEBF00105A17DD57F5490C1986D17543CEE837B42EB56B3E0E6F8E7F1","56.7390103","24.6863289","543.9765625","543.7578125","543.9765625","74FF260A939B01673667723D8351AAEDB679339610009ECB23C70E373B862D9F","profile_id=2;mode=auto-k8;block_size=131072;zstd_level=19;lzma_level=9;threads=1;process_timeout_seconds=3600","""E:\MIXER\hybridzip\build\Release\hybridzip.exe"" c --profile=r2 --r2-mode=auto-k8 --block-size=131072 ""E:\MIXER\hybridzip\results\experiments\hybridzip-r2-e5-router-320dd1b-v1\children\hybridzip-r2-e5-router-320dd1b-v1-auto-k8-b128-r1\inputs\64KiB\xml.bin"" ""E:\MIXER\hybridzip\results\experiments\hybridzip-r2-e5-router-320dd1b-v1\children\hybridzip-r2-e5-router-320dd1b-v1-auto-k8-b128-r1\archives\64KiB\xml.hz2""","""E:\MIXER\hybridzip\build\Release\hybridzip.exe"" d ""E:\MIXER\hybridzip\results\experiments\hybridzip-r2-e5-router-320dd1b-v1\children\hybridzip-r2-e5-router-320dd1b-v1-auto-k8-b128-r1\archives\64KiB\xml.hz2"" ""E:\MIXER\hybridzip\results\experiments\hybridzip-r2-e5-router-320dd1b-v1\children\hybridzip-r2-e5-router-320dd1b-v1-auto-k8-b128-r1\decoded\64KiB\xml.decoded""","0","0","2026-08-29T14:22:07.1088442+08:00","COMPLETE","PASS","paq8px-generic-sse=1","Complete R2 archive size; SHA-256 byte-exact roundtrip verified."
"e5-router","auto-k8","128","1","False","1","1","8","0","00010000","1025B343","4B1AC26C40AD4DA50312FD3B694D7E636FB768C2336FE773BC82D36424C27A4B","0:1,2:1,4:1,6:1,19:1,28:1,36:1,37:1","0","0","0","0","0","","","hybridzip-r2-e5-router-320dd1b-v1-auto-k8-b128-r1","r2-auto-k8","1","36","xml","128","inputs/128KiB/xml.bin","131072","5FA29C746885F2EEB98734218475915A78092CCB3B0F68B08861EE210E5B6E25","archives/128KiB/xml.hz2","4180","138D0413FF8504E63930499F85D413B0D77F1211CBC0F8615A55AC595091B502","decoded/128KiB/xml.decoded","131072","5FA29C746885F2EEB98734218475915A78092CCB3B0F68B08861EE210E5B6E25","119.0671439","55.9148664","544.8984375","544.76171875","544.8984375","74FF260A939B01673667723D8351AAEDB679339610009ECB23C70E373B862D9F","profile_id=2;mode=auto-k8;block_size=131072;zstd_level=19;lzma_level=9;threads=1;process_timeout_seconds=3600","""E:\MIXER\hybridzip\build\Release\hybridzip.exe"" c --profile=r2 --r2-mode=auto-k8 --block-size=131072 ""E:\MIXER\hybridzip\results\experiments\hybridzip-r2-e5-router-320dd1b-v1\children\hybridzip-r2-e5-router-320dd1b-v1-auto-k8-b128-r1\inputs\128KiB\xml.bin"" ""E:\MIXER\hybridzip\results\experiments\hybridzip-r2-e5-router-320dd1b-v1\children\hybridzip-r2-e5-router-320dd1b-v1-auto-k8-b128-r1\archives\128KiB\xml.hz2""","""E:\MIXER\hybridzip\build\Release\hybridzip.exe"" d ""E:\MIXER\hybridzip\results\experiments\hybridzip-r2-e5-router-320dd1b-v1\children\hybridzip-r2-e5-router-320dd1b-v1-auto-k8-b128-r1\archives\128KiB\xml.hz2"" ""E:\MIXER\hybridzip\results\experiments\hybridzip-r2-e5-router-320dd1b-v1\children\hybridzip-r2-e5-router-320dd1b-v1-auto-k8-b128-r1\decoded\128KiB\xml.decoded""","0","0","2026-08-29T14:23:28.6312233+08:00","COMPLETE","PASS","paq8px-generic-sse=1","Complete R2 archive size; SHA-256 byte-exact roundtrip verified."
