"stage","block_size_kib","file","scope_kib","input_sha256","ranker_version","ranker_crc32","ranker_sha256","policy","reference_kind","full_auto_archive_bytes","shortlist_archive_bytes","regret_vs_full_auto_bytes","full_auto_selected_modes","shortlist_candidate_modes","full_auto_selected_mode_covered","tie_aware_winner_recall_available","candidates_evaluated","encode_seconds","decode_seconds","peak_ram_mib","roundtrip"
"e5-router","32","dickens","128","20E33FCC8FAA96DC32A2D0921115C0F363E64C598A5847CE1A3876E356D59872","00010000","1025B343","4B1AC26C40AD4DA50312FD3B694D7E636FB768C2336FE773BC82D36424C27A4B","auto-k2","full-auto-reference","37827","38197","370","paq8px-detected-sse=4","0:4,36:4","False","False","8","60.9891117","61.0345952","546.4296875","PASS"
"e5-router","32","dickens","128","20E33FCC8FAA96DC32A2D0921115C0F363E64C598A5847CE1A3876E356D59872","00010000","1025B343","4B1AC26C40AD4DA50312FD3B694D7E636FB768C2336FE773BC82D36424C27A4B","auto-k4","full-auto-reference","37827","37827","0","paq8px-detected-sse=4","0:4,2:4,36:4,37:4","True","False","16","90.4346709","30.2889478","546.41015625","PASS"
"e5-router","32","dickens","128","20E33FCC8FAA96DC32A2D0921115C0F363E64C598A5847CE1A3876E356D59872","00010000","1025B343","4B1AC26C40AD4DA50312FD3B694D7E636FB768C2336FE773BC82D36424C27A4B","auto-k8","full-auto-reference","37827","37827","0","paq8px-detected-sse=4","0:4,2:4,4:4,6:4,19:4,28:4,36:4,37:4","True","False","32","88.7009294","29.0238154","547.0625","PASS"
"e5-router","32","dickens","32","FC42DCB9849222C8704C9DCAE606D075B389B66244FB215035148D6409EC0B31","00010000","1025B343","4B1AC26C40AD4DA50312FD3B694D7E636FB768C2336FE773BC82D36424C27A4B","auto-k2","full-auto-reference","9598","9688","90","paq8px-detected-sse=1","0:1,36:1","False","False","2","15.733689","15.7032448","546.4140625","PASS"
"e5-router","32","dickens","32","FC42DCB9849222C8704C9DCAE606D075B389B66244FB215035148D6409EC0B31","00010000","1025B343","4B1AC26C40AD4DA50312FD3B694D7E636FB768C2336FE773BC82D36424C27A4B","auto-k4","full-auto-reference","9598","9598","0","paq8px-detected-sse=1","0:1,2:1,36:1,37:1","True","False","4","23.353993","7.876367","546.41015625","PASS"
"e5-router","32","dickens","32","FC42DCB9849222C8704C9DCAE606D075B389B66244FB215035148D6409EC0B31","00010000","1025B343","4B1AC26C40AD4DA50312FD3B694D7E636FB768C2336FE773BC82D36424C27A4B","auto-k8","full-auto-reference","9598","9598","0","paq8px-detected-sse=1","0:1,2:1,4:1,6:1,19:1,28:1,36:1,37:1","True","False","8","22.9052997","7.7041307","546.38671875","PASS"
"e5-router","32","dickens","64","134AD989A7B8B40C900A3B9C0F4895317DFD827D9E6E933895B08D2F4A8A8293","00010000","1025B343","4B1AC26C40AD4DA50312FD3B694D7E636FB768C2336FE773BC82D36424C27A4B","auto-k2","full-auto-reference","19066","19246","180","paq8px-detected-sse=2","0:2,36:2","False","False","4","30.7312086","30.7871474","546.38671875","PASS"
"e5-router","32","dickens","64","134AD989A7B8B40C900A3B9C0F4895317DFD827D9E6E933895B08D2F4A8A8293","00010000","1025B343","4B1AC26C40AD4DA50312FD3B694D7E636FB768C2336FE773BC82D36424C27A4B","auto-k4","full-auto-reference","19066","19066","0","paq8px-detected-sse=2","0:2,2:2,36:2,37:2","True","False","8","45.9802455","15.2527337","546.39453125","PASS"
"e5-router","32","dickens","64","134AD989A7B8B40C900A3B9C0F4895317DFD827D9E6E933895B08D2F4A8A8293","00010000","1025B343","4B1AC26C40AD4DA50312FD3B694D7E636FB768C2336FE773BC82D36424C27A4B","auto-k8","full-auto-reference","19066","19066","0","paq8px-detected-sse=2","0:2,2:2,4:2,6:2,19:2,28:2,36:2,37:2","True","False","16","45.5138585","15.1796932","547.04296875","PASS"
"e5-router","32","mozilla","128","85CDBEA98382DB12E9A21FF90E1907452712D074000A6B855D2CA215FA591EB4","00010000","1025B343","4B1AC26C40AD4DA50312FD3B694D7E636FB768C2336FE773BC82D36424C27A4B","auto-k2","full-auto-reference","15881","15910","29","paq8px-generic-sse=3;paq8px-detected-sse=1","0:4,36:4","False","False","8","39.6903121","39.6133258","550.453125","PASS"
"e5-router","32","mozilla","128","85CDBEA98382DB12E9A21FF90E1907452712D074000A6B855D2CA215FA591EB4","00010000","1025B343","4B1AC26C40AD4DA50312FD3B694D7E636FB768C2336FE773BC82D36424C27A4B","auto-k4","full-auto-reference","15881","15881","0","paq8px-generic-sse=3;paq8px-detected-sse=1","0:4,2:4,36:4,37:4","True","False","16","79.6308678","39.7325688","734.06640625","PASS"
"e5-router","32","mozilla","128","85CDBEA98382DB12E9A21FF90E1907452712D074000A6B855D2CA215FA591EB4","00010000","1025B343","4B1AC26C40AD4DA50312FD3B694D7E636FB768C2336FE773BC82D36424C27A4B","auto-k8","full-auto-reference","15881","15881","0","paq8px-generic-sse=3;paq8px-detected-sse=1","0:4,2:4,3:4,4:4,10:4,12:4,36:4,37:4","True","False","32","76.9759997","40.1074945","734.08203125","PASS"
"e5-router","32","mozilla","32","9DDEEF36CA0CA55B72FE3376D005926DFF3400A2ADE6EAE18482D8017D8645DB","00010000","1025B343","4B1AC26C40AD4DA50312FD3B694D7E636FB768C2336FE773BC82D36424C27A4B","auto-k2","full-auto-reference","6256","6285","29","paq8px-detected-sse=1","0:1,36:1","False","False","2","12.7501932","12.8142955","550.4765625","PASS"
"e5-router","32","mozilla","32","9DDEEF36CA0CA55B72FE3376D005926DFF3400A2ADE6EAE18482D8017D8645DB","00010000","1025B343","4B1AC26C40AD4DA50312FD3B694D7E636FB768C2336FE773BC82D36424C27A4B","auto-k4","full-auto-reference","6256","6256","0","paq8px-detected-sse=1","0:1,2:1,36:1,37:1","True","False","4","24.9654086","12.3596759","734.078125","PASS"
"e5-router","32","mozilla","32","9DDEEF36CA0CA55B72FE3376D005926DFF3400A2ADE6EAE18482D8017D8645DB","00010000","1025B343","4B1AC26C40AD4DA50312FD3B694D7E636FB768C2336FE773BC82D36424C27A4B","auto-k8","full-auto-reference","6256","6256","0","paq8px-detected-sse=1","0:1,2:1,3:1,4:1,10:1,12:1,36:1,37:1","True","False","8","23.8394542","11.803116","734.06640625","PASS"
"e5-router","32","mozilla","64","B0050240663F54371D372303EEABA0A59AB0758BCD565F4F639D06561E6BC996","00010000","1025B343","4B1AC26C40AD4DA50312FD3B694D7E636FB768C2336FE773BC82D36424C27A4B","auto-k2","full-auto-reference","10357","10386","29","paq8px-generic-sse=1;paq8px-detected-sse=1","0:2,36:2","False","False","4","22.4782904","22.0516133","550.49609375","PASS"
"e5-router","32","mozilla","64","B0050240663F54371D372303EEABA0A59AB0758BCD565F4F639D06561E6BC996","00010000","1025B343","4B1AC26C40AD4DA50312FD3B694D7E636FB768C2336FE773BC82D36424C27A4B","auto-k4","full-auto-reference","10357","10357","0","paq8px-generic-sse=1;paq8px-detected-sse=1","0:2,2:2,36:2,37:2","True","False","8","44.6301744","21.9288648","734.078125","PASS"
"e5-router","32","mozilla","64","B0050240663F54371D372303EEABA0A59AB0758BCD565F4F639D06561E6BC996","00010000","1025B343","4B1AC26C40AD4DA50312FD3B694D7E636FB768C2336FE773BC82D36424C27A4B","auto-k8","full-auto-reference","10357","10357","0","paq8px-generic-sse=1;paq8px-detected-sse=1","0:2,2:2,3:2,4:2,10:2,12:2,36:2,37:2","True","False","16","42.630145","20.9780979","734.078125","PASS"
"e5-router","32","mr","128","473A6A883480C7B2E69402AD888AC07B347C2DF61C6AA0D84E8B8130A27792EA","00010000","1025B343","4B1AC26C40AD4DA50312FD3B694D7E636FB768C2336FE773BC82D36424C27A4B","auto-k2","full-auto-reference","22033","22033","0","paq8px-generic-sse=4","0:4,36:4","True","False","8","38.2472225","38.565075","545.81640625","PASS"
"e5-router","32","mr","128","473A6A883480C7B2E69402AD888AC07B347C2DF61C6AA0D84E8B8130A27792EA","00010000","1025B343","4B1AC26C40AD4DA50312FD3B694D7E636FB768C2336FE773BC82D36424C27A4B","auto-k4","full-auto-reference","22033","22033","0","paq8px-generic-sse=4","0:4,2:4,36:4,37:4","True","False","16","77.1007551","38.4005444","545.875","PASS"
"e5-router","32","mr","128","473A6A883480C7B2E69402AD888AC07B347C2DF61C6AA0D84E8B8130A27792EA","00010000","1025B343","4B1AC26C40AD4DA50312FD3B694D7E636FB768C2336FE773BC82D36424C27A4B","auto-k8","full-auto-reference","22033","22033","0","paq8px-generic-sse=4","0:4,2:4,3:4,4:4,10:4,12:4,36:4,37:4","True","False","32","112.5548451","62.7509583","545.91015625","PASS"
"e5-router","32","mr","32","3BB287B0AF65F777AB00C14E362B4D1962087260556001BBEE0689AA10D9F76A","00010000","1025B343","4B1AC26C40AD4DA50312FD3B694D7E636FB768C2336FE773BC82D36424C27A4B","auto-k2","full-auto-reference","5167","5167","0","paq8px-generic-sse=1","0:1,36:1","True","False","2","10.0885914","10.0460974","545.85546875","PASS"
"e5-router","32","mr","32","3BB287B0AF65F777AB00C14E362B4D1962087260556001BBEE0689AA10D9F76A","00010000","1025B343","4B1AC26C40AD4DA50312FD3B694D7E636FB768C2336FE773BC82D36424C27A4B","auto-k4","full-auto-reference","5167","5167","0","paq8px-generic-sse=1","0:1,2:1,36:1,37:1","True","False","4","20.2989519","10.5114132","545.8828125","PASS"
"e5-router","32","mr","32","3BB287B0AF65F777AB00C14E362B4D1962087260556001BBEE0689AA10D9F76A","00010000","1025B343","4B1AC26C40AD4DA50312FD3B694D7E636FB768C2336FE773BC82D36424C27A4B","auto-k8","full-auto-reference","5167","5167","0","paq8px-generic-sse=1","0:1,2:1,3:1,4:1,10:1,12:1,36:1,37:1","True","False","8","19.468473","9.8210855","545.92578125","PASS"
"e5-router","32","mr","64","CAB7B6408934009A4BBFEDB57BEB4943BF5478CF8B3688D01F004E0422EBC651","00010000","1025B343","4B1AC26C40AD4DA50312FD3B694D7E636FB768C2336FE773BC82D36424C27A4B","auto-k2","full-auto-reference","10817","10817","0","paq8px-generic-sse=2","0:2,36:2","True","False","4","19.3821869","19.5750837","545.875","PASS"
"e5-router","32","mr","64","CAB7B6408934009A4BBFEDB57BEB4943BF5478CF8B3688D01F004E0422EBC651","00010000","1025B343","4B1AC26C40AD4DA50312FD3B694D7E636FB768C2336FE773BC82D36424C27A4B","auto-k4","full-auto-reference","10817","10817","0","paq8px-generic-sse=2","0:2,2:2,36:2,37:2","True","False","8","38.7050136","19.4984628","545.8984375","PASS"
"e5-router","32","mr","64","CAB7B6408934009A4BBFEDB57BEB4943BF5478CF8B3688D01F004E0422EBC651","00010000","1025B343","4B1AC26C40AD4DA50312FD3B694D7E636FB768C2336FE773BC82D36424C27A4B","auto-k8","full-auto-reference","10817","10817","0","paq8px-generic-sse=2","0:2,2:2,3:2,4:2,10:2,12:2,36:2,37:2","True","False","16","37.7592452","18.7386549","545.93359375","PASS"
"e5-router","32","nci","128","C8A1D610355E5EF900ED4C704DF14ADF1935D95DFD8F1740AC9FD90FC9BF5781","00010000","1025B343","4B1AC26C40AD4DA50312FD3B694D7E636FB768C2336FE773BC82D36424C27A4B","auto-k2","full-auto-reference","5602","5758","156","paq8px-detected-sse=4","0:4,36:4","False","False","8","34.7737661","34.8786139","542.12109375","PASS"
"e5-router","32","nci","128","C8A1D610355E5EF900ED4C704DF14ADF1935D95DFD8F1740AC9FD90FC9BF5781","00010000","1025B343","4B1AC26C40AD4DA50312FD3B694D7E636FB768C2336FE773BC82D36424C27A4B","auto-k4","full-auto-reference","5602","5602","0","paq8px-detected-sse=4","0:4,2:4,36:4,37:4","True","False","16","52.4764776","18.4076913","542.33984375","PASS"
"e5-router","32","nci","128","C8A1D610355E5EF900ED4C704DF14ADF1935D95DFD8F1740AC9FD90FC9BF5781","00010000","1025B343","4B1AC26C40AD4DA50312FD3B694D7E636FB768C2336FE773BC82D36424C27A4B","auto-k8","full-auto-reference","5602","5602","0","paq8px-detected-sse=4","0:4,2:4,4:4,6:4,19:4,28:4,36:4,37:4","True","False","32","79.6041654","24.1001411","543.015625","PASS"
"e5-router","32","nci","32","0D3034FE8B0E573DE1439ED98CE409B83B13E5895085C9BFB0BF980F4962FB79","00010000","1025B343","4B1AC26C40AD4DA50312FD3B694D7E636FB768C2336FE773BC82D36424C27A4B","auto-k2","full-auto-reference","1341","1369","28","paq8px-detected-sse=1","0:1,36:1","False","False","2","8.5803827","8.5938074","540.8984375","PASS"
"e5-router","32","nci","32","0D3034FE8B0E573DE1439ED98CE409B83B13E5895085C9BFB0BF980F4962FB79","00010000","1025B343","4B1AC26C40AD4DA50312FD3B694D7E636FB768C2336FE773BC82D36424C27A4B","auto-k4","full-auto-reference","1341","1341","0","paq8px-detected-sse=1","0:1,2:1,36:1,37:1","True","False","4","12.9505495","4.5827399","540.89453125","PASS"
"e5-router","32","nci","32","0D3034FE8B0E573DE1439ED98CE409B83B13E5895085C9BFB0BF980F4962FB79","00010000","1025B343","4B1AC26C40AD4DA50312FD3B694D7E636FB768C2336FE773BC82D36424C27A4B","auto-k8","full-auto-reference","1341","1341","0","paq8px-detected-sse=1","0:1,2:1,4:1,6:1,19:1,28:1,36:1,37:1","True","False","8","16.3133038","4.5117375","540.87890625","PASS"
"e5-router","32","nci","64","B01B411AC3B5CE2FBF37242C0C59D2D236D2F7039937C1B1A0F18F4CC02549FE","00010000","1025B343","4B1AC26C40AD4DA50312FD3B694D7E636FB768C2336FE773BC82D36424C27A4B","auto-k2","full-auto-reference","2503","2579","76","paq8px-detected-sse=2","0:2,36:2","False","False","4","17.3206494","17.2598102","540.88671875","PASS"
"e5-router","32","nci","64","B01B411AC3B5CE2FBF37242C0C59D2D236D2F7039937C1B1A0F18F4CC02549FE","00010000","1025B343","4B1AC26C40AD4DA50312FD3B694D7E636FB768C2336FE773BC82D36424C27A4B","auto-k4","full-auto-reference","2503","2503","0","paq8px-detected-sse=2","0:2,2:2,36:2,37:2","True","False","8","25.9378077","9.0621611","540.9140625","PASS"
"e5-router","32","nci","64","B01B411AC3B5CE2FBF37242C0C59D2D236D2F7039937C1B1A0F18F4CC02549FE","00010000","1025B343","4B1AC26C40AD4DA50312FD3B694D7E636FB768C2336FE773BC82D36424C27A4B","auto-k8","full-auto-reference","2503","2503","0","paq8px-detected-sse=2","0:2,2:2,4:2,6:2,19:2,28:2,36:2,37:2","True","False","16","36.4865359","9.1898314","541.57421875","PASS"
"e5-router","32","ooffice","128","09FA5F3EE5311528863F8C3FADA3B530CC24AC1D88128E4DB2BF434161879FEF","00010000","1025B343","4B1AC26C40AD4DA50312FD3B694D7E636FB768C2336FE773BC82D36424C27A4B","auto-k2","full-auto-reference","44341","44513","172","paq8px-generic-sse=1;paq8px-detected-sse=3","0:4,36:4","False","False","8","66.1598376","66.6382383","551.24609375","PASS"
"e5-router","32","ooffice","128","09FA5F3EE5311528863F8C3FADA3B530CC24AC1D88128E4DB2BF434161879FEF","00010000","1025B343","4B1AC26C40AD4DA50312FD3B694D7E636FB768C2336FE773BC82D36424C27A4B","auto-k4","full-auto-reference","44341","44341","0","paq8px-generic-sse=1;paq8px-detected-sse=3","0:4,2:4,36:4,37:4","True","False","16","131.6791627","66.4771055","551.23046875","PASS"
"e5-router","32","ooffice","128","09FA5F3EE5311528863F8C3FADA3B530CC24AC1D88128E4DB2BF434161879FEF","00010000","1025B343","4B1AC26C40AD4DA50312FD3B694D7E636FB768C2336FE773BC82D36424C27A4B","auto-k8","full-auto-reference","44341","44341","0","paq8px-generic-sse=1;paq8px-detected-sse=3","0:4,2:4,3:4,4:4,10:4,12:4,36:4,37:4","True","False","32","211.3187377","104.5370733","551.23828125","PASS"
"e5-router","32","ooffice","32","2ACF9B4CAAEAC5814CDFEF0FA48A5ECE857C847DBDB7B44EEAB95CA3C098921C","00010000","1025B343","4B1AC26C40AD4DA50312FD3B694D7E636FB768C2336FE773BC82D36424C27A4B","auto-k2","full-auto-reference","8097","8097","0","paq8px-generic-sse=1","0:1,36:1","True","False","2","14.6206187","14.6032275","551.234375","PASS"
"e5-router","32","ooffice","32","2ACF9B4CAAEAC5814CDFEF0FA48A5ECE857C847DBDB7B44EEAB95CA3C098921C","00010000","1025B343","4B1AC26C40AD4DA50312FD3B694D7E636FB768C2336FE773BC82D36424C27A4B","auto-k4","full-auto-reference","8097","8097","0","paq8px-generic-sse=1","0:1,2:1,36:1,37:1","True","False","4","29.1950209","14.3423666","551.31640625","PASS"
"e5-router","32","ooffice","32","2ACF9B4CAAEAC5814CDFEF0FA48A5ECE857C847DBDB7B44EEAB95CA3C098921C","00010000","1025B343","4B1AC26C40AD4DA50312FD3B694D7E636FB768C2336FE773BC82D36424C27A4B","auto-k8","full-auto-reference","8097","8097","0","paq8px-generic-sse=1","0:1,2:1,3:1,4:1,10:1,12:1,36:1,37:1","True","False","8","41.2083451","17.8893502","551.2421875","PASS"
"e5-router","32","ooffice","64","9D30521922187D0A26F56CF2DF85001F9585D0D4EC6A0A8797466AFCC367F825","00010000","1025B343","4B1AC26C40AD4DA50312FD3B694D7E636FB768C2336FE773BC82D36424C27A4B","auto-k2","full-auto-reference","19877","19934","57","paq8px-generic-sse=1;paq8px-detected-sse=1","0:2,36:2","False","False","4","31.7370548","31.6848016","551.2734375","PASS"
"e5-router","32","ooffice","64","9D30521922187D0A26F56CF2DF85001F9585D0D4EC6A0A8797466AFCC367F825","00010000","1025B343","4B1AC26C40AD4DA50312FD3B694D7E636FB768C2336FE773BC82D36424C27A4B","auto-k4","full-auto-reference","19877","19877","0","paq8px-generic-sse=1;paq8px-detected-sse=1","0:2,2:2,36:2,37:2","True","False","8","63.5150249","31.5641466","551.28125","PASS"
"e5-router","32","ooffice","64","9D30521922187D0A26F56CF2DF85001F9585D0D4EC6A0A8797466AFCC367F825","00010000","1025B343","4B1AC26C40AD4DA50312FD3B694D7E636FB768C2336FE773BC82D36424C27A4B","auto-k8","full-auto-reference","19877","19877","0","paq8px-generic-sse=1;paq8px-detected-sse=1","0:2,2:2,3:2,4:2,10:2,12:2,36:2,37:2","True","False","16","98.6536316","46.2473662","551.2421875","PASS"
"e5-router","32","osdb","128","D977E72AE13AEFC36A4B6171A895E26A0E6EEE447B1B9FBE868D7B1C046CC91F","00010000","1025B343","4B1AC26C40AD4DA50312FD3B694D7E636FB768C2336FE773BC82D36424C27A4B","auto-k2","full-auto-reference","45662","45662","0","paq8px-generic-sse=4","0:4,36:4","True","False","8","62.9886532","62.535894","548.65625","PASS"
"e5-router","32","osdb","128","D977E72AE13AEFC36A4B6171A895E26A0E6EEE447B1B9FBE868D7B1C046CC91F","00010000","1025B343","4B1AC26C40AD4DA50312FD3B694D7E636FB768C2336FE773BC82D36424C27A4B","auto-k4","full-auto-reference","45662","45662","0","paq8px-generic-sse=4","0:4,2:4,36:4,37:4","True","False","16","124.0690471","61.6442956","548.87109375","PASS"
"e5-router","32","osdb","128","D977E72AE13AEFC36A4B6171A895E26A0E6EEE447B1B9FBE868D7B1C046CC91F","00010000","1025B343","4B1AC26C40AD4DA50312FD3B694D7E636FB768C2336FE773BC82D36424C27A4B","auto-k8","full-auto-reference","45662","45662","0","paq8px-generic-sse=4","0:4,2:4,4:4,6:4,19:4,28:4,36:4,37:4","True","False","32","131.7213561","63.0180537","549.5234375","PASS"
"e5-router","32","osdb","32","03B2C20B777682CD960BCD893D7A4463161D9C0200FD1708B2EFAE32A259D0B7","00010000","1025B343","4B1AC26C40AD4DA50312FD3B694D7E636FB768C2336FE773BC82D36424C27A4B","auto-k2","full-auto-reference","11420","11420","0","paq8px-generic-sse=1","0:1,36:1","True","False","2","15.7665522","15.6627198","548.39453125","PASS"
"e5-router","32","osdb","32","03B2C20B777682CD960BCD893D7A4463161D9C0200FD1708B2EFAE32A259D0B7","00010000","1025B343","4B1AC26C40AD4DA50312FD3B694D7E636FB768C2336FE773BC82D36424C27A4B","auto-k4","full-auto-reference","11420","11420","0","paq8px-generic-sse=1","0:1,2:1,36:1,37:1","True","False","4","30.9139228","15.4741068","548.42578125","PASS"
"e5-router","32","osdb","32","03B2C20B777682CD960BCD893D7A4463161D9C0200FD1708B2EFAE32A259D0B7","00010000","1025B343","4B1AC26C40AD4DA50312FD3B694D7E636FB768C2336FE773BC82D36424C27A4B","auto-k8","full-auto-reference","11420","11420","0","paq8px-generic-sse=1","0:1,2:1,4:1,6:1,19:1,28:1,36:1,37:1","True","False","8","46.4544168","22.6051565","548.37109375","PASS"
"e5-router","32","osdb","64","F8FE629325A07588118BA0B65880A87DED43EF249CCBC91F0E977BBACAE0C125","00010000","1025B343","4B1AC26C40AD4DA50312FD3B694D7E636FB768C2336FE773BC82D36424C27A4B","auto-k2","full-auto-reference","22841","22841","0","paq8px-generic-sse=2","0:2,36:2","True","False","4","31.8032587","31.693135","548.64453125","PASS"
"e5-router","32","osdb","64","F8FE629325A07588118BA0B65880A87DED43EF249CCBC91F0E977BBACAE0C125","00010000","1025B343","4B1AC26C40AD4DA50312FD3B694D7E636FB768C2336FE773BC82D36424C27A4B","auto-k4","full-auto-reference","22841","22841","0","paq8px-generic-sse=2","0:2,2:2,36:2,37:2","True","False","8","61.9944842","31.0861359","548.8515625","PASS"
"e5-router","32","osdb","64","F8FE629325A07588118BA0B65880A87DED43EF249CCBC91F0E977BBACAE0C125","00010000","1025B343","4B1AC26C40AD4DA50312FD3B694D7E636FB768C2336FE773BC82D36424C27A4B","auto-k8","full-auto-reference","22841","22841","0","paq8px-generic-sse=2","0:2,2:2,4:2,6:2,19:2,28:2,36:2,37:2","True","False","16","67.8257736","35.4545666","549.50390625","PASS"
"e5-router","32","reymont","128","A6CA7478854C1E80DFEAF9FB3444B357F9D7625E55232FAE3B3632A5A1217DEA","00010000","1025B343","4B1AC26C40AD4DA50312FD3B694D7E636FB768C2336FE773BC82D36424C27A4B","auto-k2","full-auto-reference","23537","23710","173","paq8px-detected-sse=4","0:4,36:4","False","False","8","52.4612155","52.4323854","544.77734375","PASS"
"e5-router","32","reymont","128","A6CA7478854C1E80DFEAF9FB3444B357F9D7625E55232FAE3B3632A5A1217DEA","00010000","1025B343","4B1AC26C40AD4DA50312FD3B694D7E636FB768C2336FE773BC82D36424C27A4B","auto-k4","full-auto-reference","23537","23537","0","paq8px-detected-sse=4","0:4,2:4,36:4,37:4","True","False","16","75.9840718","25.6375543","544.88671875","PASS"
"e5-router","32","reymont","128","A6CA7478854C1E80DFEAF9FB3444B357F9D7625E55232FAE3B3632A5A1217DEA","00010000","1025B343","4B1AC26C40AD4DA50312FD3B694D7E636FB768C2336FE773BC82D36424C27A4B","auto-k8","full-auto-reference","23537","23537","0","paq8px-detected-sse=4","0:4,2:4,4:4,6:4,19:4,28:4,36:4,37:4","True","False","32","77.4811666","26.1857052","544.99609375","PASS"
"e5-router","32","reymont","32","9D5E4B9340C2260DAE7DDB01B3EDA58236FF2DE5E1FF4D56767AA840B6FB1A87","00010000","1025B343","4B1AC26C40AD4DA50312FD3B694D7E636FB768C2336FE773BC82D36424C27A4B","auto-k2","full-auto-reference","5679","5726","47","paq8px-detected-sse=1","0:1,36:1","False","False","2","13.0548031","13.1130894","544.7578125","PASS"
"e5-router","32","reymont","32","9D5E4B9340C2260DAE7DDB01B3EDA58236FF2DE5E1FF4D56767AA840B6FB1A87","00010000","1025B343","4B1AC26C40AD4DA50312FD3B694D7E636FB768C2336FE773BC82D36424C27A4B","auto-k4","full-auto-reference","5679","5679","0","paq8px-detected-sse=1","0:1,2:1,36:1,37:1","True","False","4","19.0748904","6.5087407","544.9140625","PASS"
"e5-router","32","reymont","32","9D5E4B9340C2260DAE7DDB01B3EDA58236FF2DE5E1FF4D56767AA840B6FB1A87","00010000","1025B343","4B1AC26C40AD4DA50312FD3B694D7E636FB768C2336FE773BC82D36424C27A4B","auto-k8","full-auto-reference","5679","5679","0","paq8px-detected-sse=1","0:1,2:1,4:1,6:1,19:1,28:1,36:1,37:1","True","False","8","19.7703851","6.7652827","544.765625","PASS"
"e5-router","32","reymont","64","A5ECAAABB133F1ADF8DE6062BE6381D143E87F9F8050EEA9B5BE6F92B88C3C22","00010000","1025B343","4B1AC26C40AD4DA50312FD3B694D7E636FB768C2336FE773BC82D36424C27A4B","auto-k2","full-auto-reference","11624","11707","83","paq8px-detected-sse=2","0:2,36:2","False","False","4","25.8841775","25.8196769","544.796875","PASS"
"e5-router","32","reymont","64","A5ECAAABB133F1ADF8DE6062BE6381D143E87F9F8050EEA9B5BE6F92B88C3C22","00010000","1025B343","4B1AC26C40AD4DA50312FD3B694D7E636FB768C2336FE773BC82D36424C27A4B","auto-k4","full-auto-reference","11624","11624","0","paq8px-detected-sse=2","0:2,2:2,36:2,37:2","True","False","8","38.0945526","12.775333","544.8984375","PASS"
"e5-router","32","reymont","64","A5ECAAABB133F1ADF8DE6062BE6381D143E87F9F8050EEA9B5BE6F92B88C3C22","00010000","1025B343","4B1AC26C40AD4DA50312FD3B694D7E636FB768C2336FE773BC82D36424C27A4B","auto-k8","full-auto-reference","11624","11624","0","paq8px-detected-sse=2","0:2,2:2,4:2,6:2,19:2,28:2,36:2,37:2","True","False","16","38.7512153","13.1930121","545.49609375","PASS"
"e5-router","32","samba","128","F3B8C4AD35BC6CF21977895D6F04A22B1422605942FA5AFE35CE28B2A221D7E8","00010000","1025B343","4B1AC26C40AD4DA50312FD3B694D7E636FB768C2336FE773BC82D36424C27A4B","auto-k2","full-auto-reference","32979","33018","39","paq8px-generic-sse=3;paq8px-detected-sse=1","0:4,36:4","False","False","8","53.2275673","52.6690126","545.44140625","PASS"
"e5-router","32","samba","128","F3B8C4AD35BC6CF21977895D6F04A22B1422605942FA5AFE35CE28B2A221D7E8","00010000","1025B343","4B1AC26C40AD4DA50312FD3B694D7E636FB768C2336FE773BC82D36424C27A4B","auto-k4","full-auto-reference","32979","32979","0","paq8px-generic-sse=3;paq8px-detected-sse=1","0:4,2:4,36:4,37:4","True","False","16","96.1398219","47.3594814","545.62109375","PASS"
"e5-router","32","samba","128","F3B8C4AD35BC6CF21977895D6F04A22B1422605942FA5AFE35CE28B2A221D7E8","00010000","1025B343","4B1AC26C40AD4DA50312FD3B694D7E636FB768C2336FE773BC82D36424C27A4B","auto-k8","full-auto-reference","32979","32979","0","paq8px-generic-sse=3;paq8px-detected-sse=1","0:4,2:4,4:4,6:4,19:4,28:4,36:4,37:4","True","False","32","143.917194","67.9846566","546.24609375","PASS"
"e5-router","32","samba","32","9C4F5BEE544E4531E4946E62F796987418B4526911C34877EF282F14DD57AD12","00010000","1025B343","4B1AC26C40AD4DA50312FD3B694D7E636FB768C2336FE773BC82D36424C27A4B","auto-k2","full-auto-reference","7956","7956","0","paq8px-generic-sse=1","0:1,36:1","True","False","2","14.9169406","15.0508262","545.51171875","PASS"
"e5-router","32","samba","32","9C4F5BEE544E4531E4946E62F796987418B4526911C34877EF282F14DD57AD12","00010000","1025B343","4B1AC26C40AD4DA50312FD3B694D7E636FB768C2336FE773BC82D36424C27A4B","auto-k4","full-auto-reference","7956","7956","0","paq8px-generic-sse=1","0:1,2:1,36:1,37:1","True","False","4","27.8285797","13.9718116","545.34765625","PASS"
"e5-router","32","samba","32","9C4F5BEE544E4531E4946E62F796987418B4526911C34877EF282F14DD57AD12","00010000","1025B343","4B1AC26C40AD4DA50312FD3B694D7E636FB768C2336FE773BC82D36424C27A4B","auto-k8","full-auto-reference","7956","7956","0","paq8px-generic-sse=1","0:1,2:1,4:1,6:1,19:1,28:1,36:1,37:1","True","False","8","28.5165783","14.7609465","545.3671875","PASS"
"e5-router","32","samba","64","3E0420984C0F260EA7350734600CEA9D8500B745E2E4B7DBD4D1DA1D1ADAC421","00010000","1025B343","4B1AC26C40AD4DA50312FD3B694D7E636FB768C2336FE773BC82D36424C27A4B","auto-k2","full-auto-reference","16218","16218","0","paq8px-generic-sse=2","0:2,36:2","True","False","4","28.9797641","29.0344362","545.47265625","PASS"
"e5-router","32","samba","64","3E0420984C0F260EA7350734600CEA9D8500B745E2E4B7DBD4D1DA1D1ADAC421","00010000","1025B343","4B1AC26C40AD4DA50312FD3B694D7E636FB768C2336FE773BC82D36424C27A4B","auto-k4","full-auto-reference","16218","16218","0","paq8px-generic-sse=2","0:2,2:2,36:2,37:2","True","False","8","55.8648558","28.077672","545.58984375","PASS"
"e5-router","32","samba","64","3E0420984C0F260EA7350734600CEA9D8500B745E2E4B7DBD4D1DA1D1ADAC421","00010000","1025B343","4B1AC26C40AD4DA50312FD3B694D7E636FB768C2336FE773BC82D36424C27A4B","auto-k8","full-auto-reference","16218","16218","0","paq8px-generic-sse=2","0:2,2:2,4:2,6:2,19:2,28:2,36:2,37:2","True","False","16","78.8699906","38.7670793","546.1953125","PASS"
"e5-router","32","sao","128","75E535B42DB7505118D8B19C7C42C1F49C5542ADDC9DBC13383953659F675CE0","00010000","1025B343","4B1AC26C40AD4DA50312FD3B694D7E636FB768C2336FE773BC82D36424C27A4B","auto-k2","full-auto-reference","74133","74133","0","paq8px-generic-sse=4","0:4,36:4","True","False","8","69.7587897","69.5148469","549.12890625","PASS"
"e5-router","32","sao","128","75E535B42DB7505118D8B19C7C42C1F49C5542ADDC9DBC13383953659F675CE0","00010000","1025B343","4B1AC26C40AD4DA50312FD3B694D7E636FB768C2336FE773BC82D36424C27A4B","auto-k4","full-auto-reference","74133","74133","0","paq8px-generic-sse=4","0:4,2:4,36:4,37:4","True","False","16","138.6386017","69.3489756","549.34765625","PASS"
"e5-router","32","sao","128","75E535B42DB7505118D8B19C7C42C1F49C5542ADDC9DBC13383953659F675CE0","00010000","1025B343","4B1AC26C40AD4DA50312FD3B694D7E636FB768C2336FE773BC82D36424C27A4B","auto-k8","full-auto-reference","74133","74133","0","paq8px-generic-sse=4","0:4,2:4,3:4,4:4,27:4,28:4,36:4,37:4","True","False","32","204.8099659","99.9395948","549.41796875","PASS"
"e5-router","32","sao","32","95677430CAD4F000506BC5EE22815C3F4E13D64B477ED506B78D5D9ACFB50CCD","00010000","1025B343","4B1AC26C40AD4DA50312FD3B694D7E636FB768C2336FE773BC82D36424C27A4B","auto-k2","full-auto-reference","18805","18805","0","paq8px-generic-sse=1","0:1,36:1","True","False","2","17.5959165","17.5075799","548.78515625","PASS"
"e5-router","32","sao","32","95677430CAD4F000506BC5EE22815C3F4E13D64B477ED506B78D5D9ACFB50CCD","00010000","1025B343","4B1AC26C40AD4DA50312FD3B694D7E636FB768C2336FE773BC82D36424C27A4B","auto-k4","full-auto-reference","18805","18805","0","paq8px-generic-sse=1","0:1,2:1,36:1,37:1","True","False","4","35.0712925","17.4130934","548.8046875","PASS"
"e5-router","32","sao","32","95677430CAD4F000506BC5EE22815C3F4E13D64B477ED506B78D5D9ACFB50CCD","00010000","1025B343","4B1AC26C40AD4DA50312FD3B694D7E636FB768C2336FE773BC82D36424C27A4B","auto-k8","full-auto-reference","18805","18805","0","paq8px-generic-sse=1","0:1,2:1,3:1,4:1,27:1,28:1,36:1,37:1","True","False","8","48.6354979","21.4321993","548.84765625","PASS"
"e5-router","32","sao","64","17CBD7166A47786139F60BA33B4E771CE0154F6FA56986883D129BC23F78EBEE","00010000","1025B343","4B1AC26C40AD4DA50312FD3B694D7E636FB768C2336FE773BC82D36424C27A4B","auto-k2","full-auto-reference","37238","37238","0","paq8px-generic-sse=2","0:2,36:2","True","False","4","34.960388","35.1393861","548.94140625","PASS"
"e5-router","32","sao","64","17CBD7166A47786139F60BA33B4E771CE0154F6FA56986883D129BC23F78EBEE","00010000","1025B343","4B1AC26C40AD4DA50312FD3B694D7E636FB768C2336FE773BC82D36424C27A4B","auto-k4","full-auto-reference","37238","37238","0","paq8px-generic-sse=2","0:2,2:2,36:2,37:2","True","False","8","69.7715266","34.8546754","549.1875","PASS"
"e5-router","32","sao","64","17CBD7166A47786139F60BA33B4E771CE0154F6FA56986883D129BC23F78EBEE","00010000","1025B343","4B1AC26C40AD4DA50312FD3B694D7E636FB768C2336FE773BC82D36424C27A4B","auto-k8","full-auto-reference","37238","37238","0","paq8px-generic-sse=2","0:2,2:2,3:2,4:2,27:2,28:2,36:2,37:2","True","False","16","87.9697375","36.9519177","549.26171875","PASS"
"e5-router","32","webster","128","C069C1FDCA99BC5C44F06D134CD0CDA60315DD631AA6564733B2CE0E6D59305C","00010000","1025B343","4B1AC26C40AD4DA50312FD3B694D7E636FB768C2336FE773BC82D36424C27A4B","auto-k2","full-auto-reference","30242","30551","309","paq8px-detected-sse=4","0:4,36:4","False","False","8","57.5099525","57.400299","546.7265625","PASS"
"e5-router","32","webster","128","C069C1FDCA99BC5C44F06D134CD0CDA60315DD631AA6564733B2CE0E6D59305C","00010000","1025B343","4B1AC26C40AD4DA50312FD3B694D7E636FB768C2336FE773BC82D36424C27A4B","auto-k4","full-auto-reference","30242","30242","0","paq8px-detected-sse=4","0:4,2:4,36:4,37:4","True","False","16","84.7021562","28.7941364","546.76171875","PASS"
"e5-router","32","webster","128","C069C1FDCA99BC5C44F06D134CD0CDA60315DD631AA6564733B2CE0E6D59305C","00010000","1025B343","4B1AC26C40AD4DA50312FD3B694D7E636FB768C2336FE773BC82D36424C27A4B","auto-k8","full-auto-reference","30242","30242","0","paq8px-detected-sse=4","0:4,2:4,4:4,6:4,19:4,28:4,36:4,37:4","True","False","32","125.1034958","38.9109191","546.7265625","PASS"
"e5-router","32","webster","32","774D224695AF4057353F72602BB96CD2AFEEA059AC7737535645F11596FCA85E","00010000","1025B343","4B1AC26C40AD4DA50312FD3B694D7E636FB768C2336FE773BC82D36424C27A4B","auto-k2","full-auto-reference","9258","9355","97","paq8px-detected-sse=1","0:1,36:1","False","False","2","15.4067139","15.3787144","546.703125","PASS"
"e5-router","32","webster","32","774D224695AF4057353F72602BB96CD2AFEEA059AC7737535645F11596FCA85E","00010000","1025B343","4B1AC26C40AD4DA50312FD3B694D7E636FB768C2336FE773BC82D36424C27A4B","auto-k4","full-auto-reference","9258","9258","0","paq8px-detected-sse=1","0:1,2:1,36:1,37:1","True","False","4","23.1927605","7.8018604","546.75390625","PASS"
"e5-router","32","webster","32","774D224695AF4057353F72602BB96CD2AFEEA059AC7737535645F11596FCA85E","00010000","1025B343","4B1AC26C40AD4DA50312FD3B694D7E636FB768C2336FE773BC82D36424C27A4B","auto-k8","full-auto-reference","9258","9258","0","paq8px-detected-sse=1","0:1,2:1,4:1,6:1,19:1,28:1,36:1,37:1","True","False","8","29.7341075","7.2942421","546.71875","PASS"
"e5-router","32","webster","64","262258811321382F9E4F44D2184B6B7FED0336CF831446D8336C47D6CCC2B32E","00010000","1025B343","4B1AC26C40AD4DA50312FD3B694D7E636FB768C2336FE773BC82D36424C27A4B","auto-k2","full-auto-reference","16386","16552","166","paq8px-detected-sse=2","0:2,36:2","False","False","4","29.5358512","29.5414611","546.72265625","PASS"
"e5-router","32","webster","64","262258811321382F9E4F44D2184B6B7FED0336CF831446D8336C47D6CCC2B32E","00010000","1025B343","4B1AC26C40AD4DA50312FD3B694D7E636FB768C2336FE773BC82D36424C27A4B","auto-k4","full-auto-reference","16386","16386","0","paq8px-detected-sse=2","0:2,2:2,36:2,37:2","True","False","8","43.9096305","14.8476063","546.7421875","PASS"
"e5-router","32","webster","64","262258811321382F9E4F44D2184B6B7FED0336CF831446D8336C47D6CCC2B32E","00010000","1025B343","4B1AC26C40AD4DA50312FD3B694D7E636FB768C2336FE773BC82D36424C27A4B","auto-k8","full-auto-reference","16386","16386","0","paq8px-detected-sse=2","0:2,2:2,4:2,6:2,19:2,28:2,36:2,37:2","True","False","16","61.6106074","17.5639788","546.75390625","PASS"
"e5-router","32","x-ray","128","7A65B793FB2A694C20686275A899B304445473528F7C998BE26F8C68EB18F76E","00010000","1025B343","4B1AC26C40AD4DA50312FD3B694D7E636FB768C2336FE773BC82D36424C27A4B","auto-k2","full-auto-reference","58525","58525","0","paq8px-generic-sse=4","0:4,36:4","True","False","8","59.2801854","59.1173541","547.2109375","PASS"
"e5-router","32","x-ray","128","7A65B793FB2A694C20686275A899B304445473528F7C998BE26F8C68EB18F76E","00010000","1025B343","4B1AC26C40AD4DA50312FD3B694D7E636FB768C2336FE773BC82D36424C27A4B","auto-k4","full-auto-reference","58525","58525","0","paq8px-generic-sse=4","0:4,2:4,36:4,37:4","True","False","16","116.2212438","58.0191896","547.4375","PASS"
"e5-router","32","x-ray","128","7A65B793FB2A694C20686275A899B304445473528F7C998BE26F8C68EB18F76E","00010000","1025B343","4B1AC26C40AD4DA50312FD3B694D7E636FB768C2336FE773BC82D36424C27A4B","auto-k8","full-auto-reference","58525","58525","0","paq8px-generic-sse=4","0:4,2:4,3:4,4:4,10:4,12:4,36:4,37:4","True","False","32","153.5840002","82.1402915","547.5234375","PASS"
"e5-router","32","x-ray","32","10511AA63DFBD9C0DDBFEFE36068740103D4BA1116E214154A0772057D7E9314","00010000","1025B343","4B1AC26C40AD4DA50312FD3B694D7E636FB768C2336FE773BC82D36424C27A4B","auto-k2","full-auto-reference","14702","14702","0","paq8px-generic-sse=1","0:1,36:1","True","False","2","14.961905","14.8362328","547.1328125","PASS"
"e5-router","32","x-ray","32","10511AA63DFBD9C0DDBFEFE36068740103D4BA1116E214154A0772057D7E9314","00010000","1025B343","4B1AC26C40AD4DA50312FD3B694D7E636FB768C2336FE773BC82D36424C27A4B","auto-k4","full-auto-reference","14702","14702","0","paq8px-generic-sse=1","0:1,2:1,36:1,37:1","True","False","4","29.0475377","14.5370262","547.21484375","PASS"
"e5-router","32","x-ray","32","10511AA63DFBD9C0DDBFEFE36068740103D4BA1116E214154A0772057D7E9314","00010000","1025B343","4B1AC26C40AD4DA50312FD3B694D7E636FB768C2336FE773BC82D36424C27A4B","auto-k8","full-auto-reference","14702","14702","0","paq8px-generic-sse=1","0:1,2:1,3:1,4:1,10:1,12:1,36:1,37:1","True","False","8","40.4547159","17.511521","547.19921875","PASS"
"e5-router","32","x-ray","64","B5A07146616BCD7C2D10071D41E07D204DE0AC629C4CA37D8E867FF00574D0D8","00010000","1025B343","4B1AC26C40AD4DA50312FD3B694D7E636FB768C2336FE773BC82D36424C27A4B","auto-k2","full-auto-reference","29399","29399","0","paq8px-generic-sse=2","0:2,36:2","True","False","4","29.7531543","29.7065048","547.16015625","PASS"
"e5-router","32","x-ray","64","B5A07146616BCD7C2D10071D41E07D204DE0AC629C4CA37D8E867FF00574D0D8","00010000","1025B343","4B1AC26C40AD4DA50312FD3B694D7E636FB768C2336FE773BC82D36424C27A4B","auto-k4","full-auto-reference","29399","29399","0","paq8px-generic-sse=2","0:2,2:2,36:2,37:2","True","False","8","59.2970846","29.0959462","547.3828125","PASS"
"e5-router","32","x-ray","64","B5A07146616BCD7C2D10071D41E07D204DE0AC629C4CA37D8E867FF00574D0D8","00010000","1025B343","4B1AC26C40AD4DA50312FD3B694D7E636FB768C2336FE773BC82D36424C27A4B","auto-k8","full-auto-reference","29399","29399","0","paq8px-generic-sse=2","0:2,2:2,3:2,4:2,10:2,12:2,36:2,37:2","True","False","16","85.1975922","40.546067","547.42578125","PASS"
"e5-router","32","xml","128","5FA29C746885F2EEB98734218475915A78092CCB3B0F68B08861EE210E5B6E25","00010000","1025B343","4B1AC26C40AD4DA50312FD3B694D7E636FB768C2336FE773BC82D36424C27A4B","auto-k2","full-auto-reference","5721","5721","0","paq8px-generic-sse=4","0:4,36:4","True","False","8","38.6494964","38.8638692","543.2578125","PASS"
"e5-router","32","xml","128","5FA29C746885F2EEB98734218475915A78092CCB3B0F68B08861EE210E5B6E25","00010000","1025B343","4B1AC26C40AD4DA50312FD3B694D7E636FB768C2336FE773BC82D36424C27A4B","auto-k4","full-auto-reference","5721","5721","0","paq8px-generic-sse=4","0:4,2:4,36:4,37:4","True","False","16","65.4392303","37.8510984","543.44921875","PASS"
"e5-router","32","xml","128","5FA29C746885F2EEB98734218475915A78092CCB3B0F68B08861EE210E5B6E25","00010000","1025B343","4B1AC26C40AD4DA50312FD3B694D7E636FB768C2336FE773BC82D36424C27A4B","auto-k8","full-auto-reference","5721","5721","0","paq8px-generic-sse=4","0:4,2:4,4:4,6:4,19:4,28:4,36:4,37:4","True","False","32","95.8720993","52.8238647","544.109375","PASS"
"e5-router","32","xml","32","C2F7F129956F8D6FC3D0E3595D93F98D5270B6F5BC4AB5E70F45867822EFDD71","00010000","1025B343","4B1AC26C40AD4DA50312FD3B694D7E636FB768C2336FE773BC82D36424C27A4B","auto-k2","full-auto-reference","1441","1441","0","paq8px-generic-sse=1","0:1,36:1","True","False","2","9.7804244","9.60085","542.84375","PASS"
"e5-router","32","xml","32","C2F7F129956F8D6FC3D0E3595D93F98D5270B6F5BC4AB5E70F45867822EFDD71","00010000","1025B343","4B1AC26C40AD4DA50312FD3B694D7E636FB768C2336FE773BC82D36424C27A4B","auto-k4","full-auto-reference","1441","1441","0","paq8px-generic-sse=1","0:1,2:1,36:1,37:1","True","False","4","18.9582886","9.487488","542.90234375","PASS"
"e5-router","32","xml","32","C2F7F129956F8D6FC3D0E3595D93F98D5270B6F5BC4AB5E70F45867822EFDD71","00010000","1025B343","4B1AC26C40AD4DA50312FD3B694D7E636FB768C2336FE773BC82D36424C27A4B","auto-k8","full-auto-reference","1441","1441","0","paq8px-generic-sse=1","0:1,2:1,4:1,6:1,19:1,28:1,36:1,37:1","True","False","8","23.8996631","9.5345928","542.91015625","PASS"
"e5-router","32","xml","64","E32AFF2BEBF00105A17DD57F5490C1986D17543CEE837B42EB56B3E0E6F8E7F1","00010000","1025B343","4B1AC26C40AD4DA50312FD3B694D7E636FB768C2336FE773BC82D36424C27A4B","auto-k2","full-auto-reference","2784","2784","0","paq8px-generic-sse=2","0:2,36:2","True","False","4","19.206045","19.3282102","542.85546875","PASS"
"e5-router","32","xml","64","E32AFF2BEBF00105A17DD57F5490C1986D17543CEE837B42EB56B3E0E6F8E7F1","00010000","1025B343","4B1AC26C40AD4DA50312FD3B694D7E636FB768C2336FE773BC82D36424C27A4B","auto-k4","full-auto-reference","2784","2784","0","paq8px-generic-sse=2","0:2,2:2,36:2,37:2","True","False","8","33.4077382","18.8263104","542.9921875","PASS"
"e5-router","32","xml","64","E32AFF2BEBF00105A17DD57F5490C1986D17543CEE837B42EB56B3E0E6F8E7F1","00010000","1025B343","4B1AC26C40AD4DA50312FD3B694D7E636FB768C2336FE773BC82D36424C27A4B","auto-k8","full-auto-reference","2784","2784","0","paq8px-generic-sse=2","0:2,2:2,4:2,6:2,19:2,28:2,36:2,37:2","True","False","16","46.7016754","24.2709703","543.6171875","PASS"
"e5-router","64","dickens","128","20E33FCC8FAA96DC32A2D0921115C0F363E64C598A5847CE1A3876E356D59872","00010000","1025B343","4B1AC26C40AD4DA50312FD3B694D7E636FB768C2336FE773BC82D36424C27A4B","auto-k2","full-auto-reference","35166","35502","336","paq8px-detected-sse=2","0:2,36:2","False","False","4","83.1254657","82.9452823","546.77734375","PASS"
"e5-router","64","dickens","128","20E33FCC8FAA96DC32A2D0921115C0F363E64C598A5847CE1A3876E356D59872","00010000","1025B343","4B1AC26C40AD4DA50312FD3B694D7E636FB768C2336FE773BC82D36424C27A4B","auto-k4","full-auto-reference","35166","35166","0","paq8px-detected-sse=2","0:2,2:2,36:2,37:2","True","False","8","127.1070817","38.9853249","546.7109375","PASS"
"e5-router","64","dickens","128","20E33FCC8FAA96DC32A2D0921115C0F363E64C598A5847CE1A3876E356D59872","00010000","1025B343","4B1AC26C40AD4DA50312FD3B694D7E636FB768C2336FE773BC82D36424C27A4B","auto-k8","full-auto-reference","35166","35166","0","paq8px-detected-sse=2","0:2,2:2,4:2,6:2,19:2,28:2,36:2,37:2","True","False","16","127.4811496","38.8933297","546.70703125","PASS"
"e5-router","64","dickens","32","FC42DCB9849222C8704C9DCAE606D075B389B66244FB215035148D6409EC0B31","00010000","1025B343","4B1AC26C40AD4DA50312FD3B694D7E636FB768C2336FE773BC82D36424C27A4B","auto-k2","full-auto-reference","9598","9688","90","paq8px-detected-sse=1","0:1,36:1","False","False","2","17.5727272","17.7565832","546.375","PASS"
"e5-router","64","dickens","32","FC42DCB9849222C8704C9DCAE606D075B389B66244FB215035148D6409EC0B31","00010000","1025B343","4B1AC26C40AD4DA50312FD3B694D7E636FB768C2336FE773BC82D36424C27A4B","auto-k4","full-auto-reference","9598","9598","0","paq8px-detected-sse=1","0:1,2:1,36:1,37:1","True","False","4","29.1510528","6.9409631","546.43359375","PASS"
"e5-router","64","dickens","32","FC42DCB9849222C8704C9DCAE606D075B389B66244FB215035148D6409EC0B31","00010000","1025B343","4B1AC26C40AD4DA50312FD3B694D7E636FB768C2336FE773BC82D36424C27A4B","auto-k8","full-auto-reference","9598","9598","0","paq8px-detected-sse=1","0:1,2:1,4:1,6:1,19:1,28:1,36:1,37:1","True","False","8","29.367279","7.021936","546.37890625","PASS"
"e5-router","64","dickens","64","134AD989A7B8B40C900A3B9C0F4895317DFD827D9E6E933895B08D2F4A8A8293","00010000","1025B343","4B1AC26C40AD4DA50312FD3B694D7E636FB768C2336FE773BC82D36424C27A4B","auto-k2","full-auto-reference","17844","18022","178","paq8px-detected-sse=1","0:1,36:1","False","False","2","39.4277092","39.4752393","546.70703125","PASS"
"e5-router","64","dickens","64","134AD989A7B8B40C900A3B9C0F4895317DFD827D9E6E933895B08D2F4A8A8293","00010000","1025B343","4B1AC26C40AD4DA50312FD3B694D7E636FB768C2336FE773BC82D36424C27A4B","auto-k4","full-auto-reference","17844","17844","0","paq8px-detected-sse=1","0:1,2:1,36:1,37:1","True","False","4","61.5597009","16.9807025","546.69921875","PASS"
"e5-router","64","dickens","64","134AD989A7B8B40C900A3B9C0F4895317DFD827D9E6E933895B08D2F4A8A8293","00010000","1025B343","4B1AC26C40AD4DA50312FD3B694D7E636FB768C2336FE773BC82D36424C27A4B","auto-k8","full-auto-reference","17844","17844","0","paq8px-detected-sse=1","0:1,2:1,4:1,6:1,19:1,28:1,36:1,37:1","True","False","8","61.7607903","17.0198387","546.71484375","PASS"
"e5-router","64","mozilla","128","85CDBEA98382DB12E9A21FF90E1907452712D074000A6B855D2CA215FA591EB4","00010000","1025B343","4B1AC26C40AD4DA50312FD3B694D7E636FB768C2336FE773BC82D36424C27A4B","auto-k2","full-auto-reference","13598","13598","0","paq8px-generic-sse=2","0:2,36:2","True","False","4","54.7949349","54.3606091","551.71875","PASS"
"e5-router","64","mozilla","128","85CDBEA98382DB12E9A21FF90E1907452712D074000A6B855D2CA215FA591EB4","00010000","1025B343","4B1AC26C40AD4DA50312FD3B694D7E636FB768C2336FE773BC82D36424C27A4B","auto-k4","full-auto-reference","13598","13598","0","paq8px-generic-sse=2","0:2,2:2,36:2,37:2","True","False","8","115.9109122","54.2572516","734.06640625","PASS"
"e5-router","64","mozilla","128","85CDBEA98382DB12E9A21FF90E1907452712D074000A6B855D2CA215FA591EB4","00010000","1025B343","4B1AC26C40AD4DA50312FD3B694D7E636FB768C2336FE773BC82D36424C27A4B","auto-k8","full-auto-reference","13598","13598","0","paq8px-generic-sse=2","0:2,2:2,3:2,4:2,10:2,12:2,36:2,37:2","True","False","16","116.2686705","54.1972581","734.06640625","PASS"
"e5-router","64","mozilla","32","9DDEEF36CA0CA55B72FE3376D005926DFF3400A2ADE6EAE18482D8017D8645DB","00010000","1025B343","4B1AC26C40AD4DA50312FD3B694D7E636FB768C2336FE773BC82D36424C27A4B","auto-k2","full-auto-reference","6256","6285","29","paq8px-detected-sse=1","0:1,36:1","False","False","2","13.6135512","13.5174892","550.45703125","PASS"
"e5-router","64","mozilla","32","9DDEEF36CA0CA55B72FE3376D005926DFF3400A2ADE6EAE18482D8017D8645DB","00010000","1025B343","4B1AC26C40AD4DA50312FD3B694D7E636FB768C2336FE773BC82D36424C27A4B","auto-k4","full-auto-reference","6256","6256","0","paq8px-detected-sse=1","0:1,2:1,36:1,37:1","True","False","4","32.1664093","13.0062362","734.05078125","PASS"
"e5-router","64","mozilla","32","9DDEEF36CA0CA55B72FE3376D005926DFF3400A2ADE6EAE18482D8017D8645DB","00010000","1025B343","4B1AC26C40AD4DA50312FD3B694D7E636FB768C2336FE773BC82D36424C27A4B","auto-k8","full-auto-reference","6256","6256","0","paq8px-detected-sse=1","0:1,2:1,3:1,4:1,10:1,12:1,36:1,37:1","True","False","8","32.1875268","12.9662136","734.0390625","PASS"
"e5-router","64","mozilla","64","B0050240663F54371D372303EEABA0A59AB0758BCD565F4F639D06561E6BC996","00010000","1025B343","4B1AC26C40AD4DA50312FD3B694D7E636FB768C2336FE773BC82D36424C27A4B","auto-k2","full-auto-reference","8856","8856","0","paq8px-generic-sse=1","0:1,36:1","True","False","2","27.6171145","27.7954916","551.71484375","PASS"
"e5-router","64","mozilla","64","B0050240663F54371D372303EEABA0A59AB0758BCD565F4F639D06561E6BC996","00010000","1025B343","4B1AC26C40AD4DA50312FD3B694D7E636FB768C2336FE773BC82D36424C27A4B","auto-k4","full-auto-reference","8856","8856","0","paq8px-generic-sse=1","0:1,2:1,36:1,37:1","True","False","4","60.9449577","27.5197155","734.08984375","PASS"
"e5-router","64","mozilla","64","B0050240663F54371D372303EEABA0A59AB0758BCD565F4F639D06561E6BC996","00010000","1025B343","4B1AC26C40AD4DA50312FD3B694D7E636FB768C2336FE773BC82D36424C27A4B","auto-k8","full-auto-reference","8856","8856","0","paq8px-generic-sse=1","0:1,2:1,3:1,4:1,10:1,12:1,36:1,37:1","True","False","8","60.8612386","27.587636","734.0703125","PASS"
"e5-router","64","mr","128","473A6A883480C7B2E69402AD888AC07B347C2DF61C6AA0D84E8B8130A27792EA","00010000","1025B343","4B1AC26C40AD4DA50312FD3B694D7E636FB768C2336FE773BC82D36424C27A4B","auto-k2","full-auto-reference","21814","21814","0","paq8px-generic-sse=2","0:2,36:2","True","False","4","63.4018036","63.3438616","546.0859375","PASS"
"e5-router","64","mr","128","473A6A883480C7B2E69402AD888AC07B347C2DF61C6AA0D84E8B8130A27792EA","00010000","1025B343","4B1AC26C40AD4DA50312FD3B694D7E636FB768C2336FE773BC82D36424C27A4B","auto-k4","full-auto-reference","21814","21814","0","paq8px-generic-sse=2","0:2,2:2,36:2,37:2","True","False","8","134.8444312","63.5430734","546.109375","PASS"
"e5-router","64","mr","128","473A6A883480C7B2E69402AD888AC07B347C2DF61C6AA0D84E8B8130A27792EA","00010000","1025B343","4B1AC26C40AD4DA50312FD3B694D7E636FB768C2336FE773BC82D36424C27A4B","auto-k8","full-auto-reference","21814","21814","0","paq8px-generic-sse=2","0:2,2:2,3:2,4:2,10:2,12:2,36:2,37:2","True","False","16","134.4032565","63.5983521","546.1171875","PASS"
"e5-router","64","mr","32","3BB287B0AF65F777AB00C14E362B4D1962087260556001BBEE0689AA10D9F76A","00010000","1025B343","4B1AC26C40AD4DA50312FD3B694D7E636FB768C2336FE773BC82D36424C27A4B","auto-k2","full-auto-reference","5167","5167","0","paq8px-generic-sse=1","0:1,36:1","True","False","2","10.766","10.8150837","545.859375","PASS"
"e5-router","64","mr","32","3BB287B0AF65F777AB00C14E362B4D1962087260556001BBEE0689AA10D9F76A","00010000","1025B343","4B1AC26C40AD4DA50312FD3B694D7E636FB768C2336FE773BC82D36424C27A4B","auto-k4","full-auto-reference","5167","5167","0","paq8px-generic-sse=1","0:1,2:1,36:1,37:1","True","False","4","28.9662354","10.7770146","545.87890625","PASS"
"e5-router","64","mr","32","3BB287B0AF65F777AB00C14E362B4D1962087260556001BBEE0689AA10D9F76A","00010000","1025B343","4B1AC26C40AD4DA50312FD3B694D7E636FB768C2336FE773BC82D36424C27A4B","auto-k8","full-auto-reference","5167","5167","0","paq8px-generic-sse=1","0:1,2:1,3:1,4:1,10:1,12:1,36:1,37:1","True","False","8","29.0623706","10.7501071","545.88671875","PASS"
"e5-router","64","mr","64","CAB7B6408934009A4BBFEDB57BEB4943BF5478CF8B3688D01F004E0422EBC651","00010000","1025B343","4B1AC26C40AD4DA50312FD3B694D7E636FB768C2336FE773BC82D36424C27A4B","auto-k2","full-auto-reference","10732","10732","0","paq8px-generic-sse=1","0:1,36:1","True","False","2","34.3314943","34.2931564","546.08984375","PASS"
"e5-router","64","mr","64","CAB7B6408934009A4BBFEDB57BEB4943BF5478CF8B3688D01F004E0422EBC651","00010000","1025B343","4B1AC26C40AD4DA50312FD3B694D7E636FB768C2336FE773BC82D36424C27A4B","auto-k4","full-auto-reference","10732","10732","0","paq8px-generic-sse=1","0:1,2:1,36:1,37:1","True","False","4","75.9906212","34.340741","546.109375","PASS"
"e5-router","64","mr","64","CAB7B6408934009A4BBFEDB57BEB4943BF5478CF8B3688D01F004E0422EBC651","00010000","1025B343","4B1AC26C40AD4DA50312FD3B694D7E636FB768C2336FE773BC82D36424C27A4B","auto-k8","full-auto-reference","10732","10732","0","paq8px-generic-sse=1","0:1,2:1,3:1,4:1,10:1,12:1,36:1,37:1","True","False","8","76.354143","34.0726327","546.1171875","PASS"
"e5-router","64","nci","128","C8A1D610355E5EF900ED4C704DF14ADF1935D95DFD8F1740AC9FD90FC9BF5781","00010000","1025B343","4B1AC26C40AD4DA50312FD3B694D7E636FB768C2336FE773BC82D36424C27A4B","auto-k2","full-auto-reference","4773","4947","174","paq8px-detected-sse=2","0:2,36:2","False","False","4","44.9014703","44.8890962","543.28515625","PASS"
"e5-router","64","nci","128","C8A1D610355E5EF900ED4C704DF14ADF1935D95DFD8F1740AC9FD90FC9BF5781","00010000","1025B343","4B1AC26C40AD4DA50312FD3B694D7E636FB768C2336FE773BC82D36424C27A4B","auto-k4","full-auto-reference","4773","4773","0","paq8px-detected-sse=2","0:2,2:2,36:2,37:2","True","False","8","71.7170775","21.157819","543.39453125","PASS"
"e5-router","64","nci","128","C8A1D610355E5EF900ED4C704DF14ADF1935D95DFD8F1740AC9FD90FC9BF5781","00010000","1025B343","4B1AC26C40AD4DA50312FD3B694D7E636FB768C2336FE773BC82D36424C27A4B","auto-k8","full-auto-reference","4773","4773","0","paq8px-detected-sse=2","0:2,2:2,4:2,6:2,19:2,28:2,36:2,37:2","True","False","16","71.6831542","20.8388173","544.05078125","PASS"
"e5-router","64","nci","32","0D3034FE8B0E573DE1439ED98CE409B83B13E5895085C9BFB0BF980F4962FB79","00010000","1025B343","4B1AC26C40AD4DA50312FD3B694D7E636FB768C2336FE773BC82D36424C27A4B","auto-k2","full-auto-reference","1341","1369","28","paq8px-detected-sse=1","0:1,36:1","False","False","2","7.5950485","7.6288035","540.90234375","PASS"
"e5-router","64","nci","32","0D3034FE8B0E573DE1439ED98CE409B83B13E5895085C9BFB0BF980F4962FB79","00010000","1025B343","4B1AC26C40AD4DA50312FD3B694D7E636FB768C2336FE773BC82D36424C27A4B","auto-k4","full-auto-reference","1341","1341","0","paq8px-detected-sse=1","0:1,2:1,36:1,37:1","True","False","4","13.9629344","4.1366421","540.875","PASS"
"e5-router","64","nci","32","0D3034FE8B0E573DE1439ED98CE409B83B13E5895085C9BFB0BF980F4962FB79","00010000","1025B343","4B1AC26C40AD4DA50312FD3B694D7E636FB768C2336FE773BC82D36424C27A4B","auto-k8","full-auto-reference","1341","1341","0","paq8px-detected-sse=1","0:1,2:1,4:1,6:1,19:1,28:1,36:1,37:1","True","False","8","14.0960071","4.0933085","540.890625","PASS"
"e5-router","64","nci","64","B01B411AC3B5CE2FBF37242C0C59D2D236D2F7039937C1B1A0F18F4CC02549FE","00010000","1025B343","4B1AC26C40AD4DA50312FD3B694D7E636FB768C2336FE773BC82D36424C27A4B","auto-k2","full-auto-reference","2058","2142","84","paq8px-detected-sse=1","0:1,36:1","False","False","2","19.2939782","19.1384606","542.40234375","PASS"
"e5-router","64","nci","64","B01B411AC3B5CE2FBF37242C0C59D2D236D2F7039937C1B1A0F18F4CC02549FE","00010000","1025B343","4B1AC26C40AD4DA50312FD3B694D7E636FB768C2336FE773BC82D36424C27A4B","auto-k4","full-auto-reference","2058","2058","0","paq8px-detected-sse=1","0:1,2:1,36:1,37:1","True","False","4","32.4802433","7.7703995","542.3984375","PASS"
"e5-router","64","nci","64","B01B411AC3B5CE2FBF37242C0C59D2D236D2F7039937C1B1A0F18F4CC02549FE","00010000","1025B343","4B1AC26C40AD4DA50312FD3B694D7E636FB768C2336FE773BC82D36424C27A4B","auto-k8","full-auto-reference","2058","2058","0","paq8px-detected-sse=1","0:1,2:1,4:1,6:1,19:1,28:1,36:1,37:1","True","False","8","32.7022084","7.8765038","542.40234375","PASS"
"e5-router","64","ooffice","128","09FA5F3EE5311528863F8C3FADA3B530CC24AC1D88128E4DB2BF434161879FEF","00010000","1025B343","4B1AC26C40AD4DA50312FD3B694D7E636FB768C2336FE773BC82D36424C27A4B","auto-k2","full-auto-reference","42441","42656","215","paq8px-detected-sse=2","0:2,36:2","False","False","4","91.6466195","91.6801478","552.78515625","PASS"
"e5-router","64","ooffice","128","09FA5F3EE5311528863F8C3FADA3B530CC24AC1D88128E4DB2BF434161879FEF","00010000","1025B343","4B1AC26C40AD4DA50312FD3B694D7E636FB768C2336FE773BC82D36424C27A4B","auto-k4","full-auto-reference","42441","42441","0","paq8px-detected-sse=2","0:2,2:2,36:2,37:2","True","False","8","188.713333","91.7565513","552.828125","PASS"
"e5-router","64","ooffice","128","09FA5F3EE5311528863F8C3FADA3B530CC24AC1D88128E4DB2BF434161879FEF","00010000","1025B343","4B1AC26C40AD4DA50312FD3B694D7E636FB768C2336FE773BC82D36424C27A4B","auto-k8","full-auto-reference","42441","42441","0","paq8px-detected-sse=2","0:2,2:2,3:2,4:2,10:2,12:2,36:2,37:2","True","False","16","188.8445342","91.6276264","552.8671875","PASS"
"e5-router","64","ooffice","32","2ACF9B4CAAEAC5814CDFEF0FA48A5ECE857C847DBDB7B44EEAB95CA3C098921C","00010000","1025B343","4B1AC26C40AD4DA50312FD3B694D7E636FB768C2336FE773BC82D36424C27A4B","auto-k2","full-auto-reference","8097","8097","0","paq8px-generic-sse=1","0:1,36:1","True","False","2","16.0831715","16.3221191","551.24609375","PASS"
"e5-router","64","ooffice","32","2ACF9B4CAAEAC5814CDFEF0FA48A5ECE857C847DBDB7B44EEAB95CA3C098921C","00010000","1025B343","4B1AC26C40AD4DA50312FD3B694D7E636FB768C2336FE773BC82D36424C27A4B","auto-k4","full-auto-reference","8097","8097","0","paq8px-generic-sse=1","0:1,2:1,36:1,37:1","True","False","4","38.0727862","16.1906059","551.28125","PASS"
"e5-router","64","ooffice","32","2ACF9B4CAAEAC5814CDFEF0FA48A5ECE857C847DBDB7B44EEAB95CA3C098921C","00010000","1025B343","4B1AC26C40AD4DA50312FD3B694D7E636FB768C2336FE773BC82D36424C27A4B","auto-k8","full-auto-reference","8097","8097","0","paq8px-generic-sse=1","0:1,2:1,3:1,4:1,10:1,12:1,36:1,37:1","True","False","8","38.1098116","16.2098687","551.2578125","PASS"
"e5-router","64","ooffice","64","9D30521922187D0A26F56CF2DF85001F9585D0D4EC6A0A8797466AFCC367F825","00010000","1025B343","4B1AC26C40AD4DA50312FD3B694D7E636FB768C2336FE773BC82D36424C27A4B","auto-k2","full-auto-reference","19134","19206","72","paq8px-detected-sse=1","0:1,36:1","False","False","2","41.059872","40.9313177","552.78125","PASS"
"e5-router","64","ooffice","64","9D30521922187D0A26F56CF2DF85001F9585D0D4EC6A0A8797466AFCC367F825","00010000","1025B343","4B1AC26C40AD4DA50312FD3B694D7E636FB768C2336FE773BC82D36424C27A4B","auto-k4","full-auto-reference","19134","19134","0","paq8px-detected-sse=1","0:1,2:1,36:1,37:1","True","False","4","87.3645091","41.0076941","552.86328125","PASS"
"e5-router","64","ooffice","64","9D30521922187D0A26F56CF2DF85001F9585D0D4EC6A0A8797466AFCC367F825","00010000","1025B343","4B1AC26C40AD4DA50312FD3B694D7E636FB768C2336FE773BC82D36424C27A4B","auto-k8","full-auto-reference","19134","19134","0","paq8px-detected-sse=1","0:1,2:1,3:1,4:1,10:1,12:1,36:1,37:1","True","False","8","87.6703053","41.0833131","552.8515625","PASS"
"e5-router","64","osdb","128","D977E72AE13AEFC36A4B6171A895E26A0E6EEE447B1B9FBE868D7B1C046CC91F","00010000","1025B343","4B1AC26C40AD4DA50312FD3B694D7E636FB768C2336FE773BC82D36424C27A4B","auto-k2","full-auto-reference","38016","38016","0","paq8px-generic-sse=2","0:2,36:2","True","False","4","81.280099","81.6933593","549.87109375","PASS"
"e5-router","64","osdb","128","D977E72AE13AEFC36A4B6171A895E26A0E6EEE447B1B9FBE868D7B1C046CC91F","00010000","1025B343","4B1AC26C40AD4DA50312FD3B694D7E636FB768C2336FE773BC82D36424C27A4B","auto-k4","full-auto-reference","38016","38016","0","paq8px-generic-sse=2","0:2,2:2,36:2,37:2","True","False","8","168.5361115","81.337907","549.95703125","PASS"
"e5-router","64","osdb","128","D977E72AE13AEFC36A4B6171A895E26A0E6EEE447B1B9FBE868D7B1C046CC91F","00010000","1025B343","4B1AC26C40AD4DA50312FD3B694D7E636FB768C2336FE773BC82D36424C27A4B","auto-k8","full-auto-reference","38016","38016","0","paq8px-generic-sse=2","0:2,2:2,4:2,6:2,19:2,28:2,36:2,37:2","True","False","16","168.582935","81.4147072","550.6640625","PASS"
"e5-router","64","osdb","32","03B2C20B777682CD960BCD893D7A4463161D9C0200FD1708B2EFAE32A259D0B7","00010000","1025B343","4B1AC26C40AD4DA50312FD3B694D7E636FB768C2336FE773BC82D36424C27A4B","auto-k2","full-auto-reference","11420","11420","0","paq8px-generic-sse=1","0:1,36:1","True","False","2","17.9084292","17.971702","548.39453125","PASS"
"e5-router","64","osdb","32","03B2C20B777682CD960BCD893D7A4463161D9C0200FD1708B2EFAE32A259D0B7","00010000","1025B343","4B1AC26C40AD4DA50312FD3B694D7E636FB768C2336FE773BC82D36424C27A4B","auto-k4","full-auto-reference","11420","11420","0","paq8px-generic-sse=1","0:1,2:1,36:1,37:1","True","False","4","41.5648743","18.1043136","548.38671875","PASS"
"e5-router","64","osdb","32","03B2C20B777682CD960BCD893D7A4463161D9C0200FD1708B2EFAE32A259D0B7","00010000","1025B343","4B1AC26C40AD4DA50312FD3B694D7E636FB768C2336FE773BC82D36424C27A4B","auto-k8","full-auto-reference","11420","11420","0","paq8px-generic-sse=1","0:1,2:1,4:1,6:1,19:1,28:1,36:1,37:1","True","False","8","41.5406627","18.0265319","548.4296875","PASS"
"e5-router","64","osdb","64","F8FE629325A07588118BA0B65880A87DED43EF249CCBC91F0E977BBACAE0C125","00010000","1025B343","4B1AC26C40AD4DA50312FD3B694D7E636FB768C2336FE773BC82D36424C27A4B","auto-k2","full-auto-reference","18994","18994","0","paq8px-generic-sse=1","0:1,36:1","True","False","2","37.925777","37.8548769","549.87890625","PASS"
"e5-router","64","osdb","64","F8FE629325A07588118BA0B65880A87DED43EF249CCBC91F0E977BBACAE0C125","00010000","1025B343","4B1AC26C40AD4DA50312FD3B694D7E636FB768C2336FE773BC82D36424C27A4B","auto-k4","full-auto-reference","18994","18994","0","paq8px-generic-sse=1","0:1,2:1,36:1,37:1","True","False","4","81.2491242","37.7547027","549.91796875","PASS"
"e5-router","64","osdb","64","F8FE629325A07588118BA0B65880A87DED43EF249CCBC91F0E977BBACAE0C125","00010000","1025B343","4B1AC26C40AD4DA50312FD3B694D7E636FB768C2336FE773BC82D36424C27A4B","auto-k8","full-auto-reference","18994","18994","0","paq8px-generic-sse=1","0:1,2:1,4:1,6:1,19:1,28:1,36:1,37:1","True","False","8","81.3760898","37.8351897","549.921875","PASS"
"e5-router","64","reymont","128","A6CA7478854C1E80DFEAF9FB3444B357F9D7625E55232FAE3B3632A5A1217DEA","00010000","1025B343","4B1AC26C40AD4DA50312FD3B694D7E636FB768C2336FE773BC82D36424C27A4B","auto-k2","full-auto-reference","21488","21669","181","paq8px-detected-sse=2","0:2,36:2","False","False","4","68.2914383","68.4179639","545.15625","PASS"
"e5-router","64","reymont","128","A6CA7478854C1E80DFEAF9FB3444B357F9D7625E55232FAE3B3632A5A1217DEA","00010000","1025B343","4B1AC26C40AD4DA50312FD3B694D7E636FB768C2336FE773BC82D36424C27A4B","auto-k4","full-auto-reference","21488","21488","0","paq8px-detected-sse=2","0:2,2:2,36:2,37:2","True","False","8","105.3192638","31.7564659","545.31640625","PASS"
"e5-router","64","reymont","128","A6CA7478854C1E80DFEAF9FB3444B357F9D7625E55232FAE3B3632A5A1217DEA","00010000","1025B343","4B1AC26C40AD4DA50312FD3B694D7E636FB768C2336FE773BC82D36424C27A4B","auto-k8","full-auto-reference","21488","21488","0","paq8px-detected-sse=2","0:2,2:2,4:2,6:2,19:2,28:2,36:2,37:2","True","False","16","105.6282174","31.7635443","545.97265625","PASS"
"e5-router","64","reymont","32","9D5E4B9340C2260DAE7DDB01B3EDA58236FF2DE5E1FF4D56767AA840B6FB1A87","00010000","1025B343","4B1AC26C40AD4DA50312FD3B694D7E636FB768C2336FE773BC82D36424C27A4B","auto-k2","full-auto-reference","5679","5726","47","paq8px-detected-sse=1","0:1,36:1","False","False","2","13.6623249","13.5923208","544.8515625","PASS"
"e5-router","64","reymont","32","9D5E4B9340C2260DAE7DDB01B3EDA58236FF2DE5E1FF4D56767AA840B6FB1A87","00010000","1025B343","4B1AC26C40AD4DA50312FD3B694D7E636FB768C2336FE773BC82D36424C27A4B","auto-k4","full-auto-reference","5679","5679","0","paq8px-detected-sse=1","0:1,2:1,36:1,37:1","True","False","4","23.1299109","5.8003489","544.79296875","PASS"
"e5-router","64","reymont","32","9D5E4B9340C2260DAE7DDB01B3EDA58236FF2DE5E1FF4D56767AA840B6FB1A87","00010000","1025B343","4B1AC26C40AD4DA50312FD3B694D7E636FB768C2336FE773BC82D36424C27A4B","auto-k8","full-auto-reference","5679","5679","0","paq8px-detected-sse=1","0:1,2:1,4:1,6:1,19:1,28:1,36:1,37:1","True","False","8","23.4588281","5.7688615","544.73828125","PASS"
"e5-router","64","reymont","64","A5ECAAABB133F1ADF8DE6062BE6381D143E87F9F8050EEA9B5BE6F92B88C3C22","00010000","1025B343","4B1AC26C40AD4DA50312FD3B694D7E636FB768C2336FE773BC82D36424C27A4B","auto-k2","full-auto-reference","10629","10718","89","paq8px-detected-sse=1","0:1,36:1","False","False","2","31.3420517","31.2630649","545.2578125","PASS"
"e5-router","64","reymont","64","A5ECAAABB133F1ADF8DE6062BE6381D143E87F9F8050EEA9B5BE6F92B88C3C22","00010000","1025B343","4B1AC26C40AD4DA50312FD3B694D7E636FB768C2336FE773BC82D36424C27A4B","auto-k4","full-auto-reference","10629","10629","0","paq8px-detected-sse=1","0:1,2:1,36:1,37:1","True","False","4","49.8686527","13.2489798","545.15625","PASS"
"e5-router","64","reymont","64","A5ECAAABB133F1ADF8DE6062BE6381D143E87F9F8050EEA9B5BE6F92B88C3C22","00010000","1025B343","4B1AC26C40AD4DA50312FD3B694D7E636FB768C2336FE773BC82D36424C27A4B","auto-k8","full-auto-reference","10629","10629","0","paq8px-detected-sse=1","0:1,2:1,4:1,6:1,19:1,28:1,36:1,37:1","True","False","8","50.2489406","13.3879025","545.14453125","PASS"
"e5-router","64","samba","128","F3B8C4AD35BC6CF21977895D6F04A22B1422605942FA5AFE35CE28B2A221D7E8","00010000","1025B343","4B1AC26C40AD4DA50312FD3B694D7E636FB768C2336FE773BC82D36424C27A4B","auto-k2","full-auto-reference","31779","31779","0","paq8px-generic-sse=2","0:2,36:2","True","False","4","71.6419711","71.7807342","545.921875","PASS"
"e5-router","64","samba","128","F3B8C4AD35BC6CF21977895D6F04A22B1422605942FA5AFE35CE28B2A221D7E8","00010000","1025B343","4B1AC26C40AD4DA50312FD3B694D7E636FB768C2336FE773BC82D36424C27A4B","auto-k4","full-auto-reference","31779","31779","0","paq8px-generic-sse=2","0:2,2:2,36:2,37:2","True","False","8","138.2687425","71.4702948","546.15625","PASS"
"e5-router","64","samba","128","F3B8C4AD35BC6CF21977895D6F04A22B1422605942FA5AFE35CE28B2A221D7E8","00010000","1025B343","4B1AC26C40AD4DA50312FD3B694D7E636FB768C2336FE773BC82D36424C27A4B","auto-k8","full-auto-reference","31779","31779","0","paq8px-generic-sse=2","0:2,2:2,4:2,6:2,19:2,28:2,36:2,37:2","True","False","16","138.5039097","71.6496183","546.796875","PASS"
"e5-router","64","samba","32","9C4F5BEE544E4531E4946E62F796987418B4526911C34877EF282F14DD57AD12","00010000","1025B343","4B1AC26C40AD4DA50312FD3B694D7E636FB768C2336FE773BC82D36424C27A4B","auto-k2","full-auto-reference","7956","7956","0","paq8px-generic-sse=1","0:1,36:1","True","False","2","15.9114014","15.8222943","545.3203125","PASS"
"e5-router","64","samba","32","9C4F5BEE544E4531E4946E62F796987418B4526911C34877EF282F14DD57AD12","00010000","1025B343","4B1AC26C40AD4DA50312FD3B694D7E636FB768C2336FE773BC82D36424C27A4B","auto-k4","full-auto-reference","7956","7956","0","paq8px-generic-sse=1","0:1,2:1,36:1,37:1","True","False","4","37.1125171","15.9098181","545.30859375","PASS"
"e5-router","64","samba","32","9C4F5BEE544E4531E4946E62F796987418B4526911C34877EF282F14DD57AD12","00010000","1025B343","4B1AC26C40AD4DA50312FD3B694D7E636FB768C2336FE773BC82D36424C27A4B","auto-k8","full-auto-reference","7956","7956","0","paq8px-generic-sse=1","0:1,2:1,4:1,6:1,19:1,28:1,36:1,37:1","True","False","8","37.1968715","15.7703846","545.3046875","PASS"
"e5-router","64","samba","64","3E0420984C0F260EA7350734600CEA9D8500B745E2E4B7DBD4D1DA1D1ADAC421","00010000","1025B343","4B1AC26C40AD4DA50312FD3B694D7E636FB768C2336FE773BC82D36424C27A4B","auto-k2","full-auto-reference","15270","15270","0","paq8px-generic-sse=1","0:1,36:1","True","False","2","36.3749394","36.4848715","545.734375","PASS"
"e5-router","64","samba","64","3E0420984C0F260EA7350734600CEA9D8500B745E2E4B7DBD4D1DA1D1ADAC421","00010000","1025B343","4B1AC26C40AD4DA50312FD3B694D7E636FB768C2336FE773BC82D36424C27A4B","auto-k4","full-auto-reference","15270","15270","0","paq8px-generic-sse=1","0:1,2:1,36:1,37:1","True","False","4","78.5624109","36.2842708","545.76171875","PASS"
"e5-router","64","samba","64","3E0420984C0F260EA7350734600CEA9D8500B745E2E4B7DBD4D1DA1D1ADAC421","00010000","1025B343","4B1AC26C40AD4DA50312FD3B694D7E636FB768C2336FE773BC82D36424C27A4B","auto-k8","full-auto-reference","15270","15270","0","paq8px-generic-sse=1","0:1,2:1,4:1,6:1,19:1,28:1,36:1,37:1","True","False","8","78.3472338","36.3886397","545.78125","PASS"
"e5-router","64","sao","128","75E535B42DB7505118D8B19C7C42C1F49C5542ADDC9DBC13383953659F675CE0","00010000","1025B343","4B1AC26C40AD4DA50312FD3B694D7E636FB768C2336FE773BC82D36424C27A4B","auto-k2","full-auto-reference","72422","72422","0","paq8px-generic-sse=2","0:2,36:2","True","False","4","96.4066184","96.7293978","550.5546875","PASS"
"e5-router","64","sao","128","75E535B42DB7505118D8B19C7C42C1F49C5542ADDC9DBC13383953659F675CE0","00010000","1025B343","4B1AC26C40AD4DA50312FD3B694D7E636FB768C2336FE773BC82D36424C27A4B","auto-k4","full-auto-reference","72422","72422","0","paq8px-generic-sse=2","0:2,2:2,36:2,37:2","True","False","8","198.4935331","96.3869784","550.77734375","PASS"
"e5-router","64","sao","128","75E535B42DB7505118D8B19C7C42C1F49C5542ADDC9DBC13383953659F675CE0","00010000","1025B343","4B1AC26C40AD4DA50312FD3B694D7E636FB768C2336FE773BC82D36424C27A4B","auto-k8","full-auto-reference","72422","72422","0","paq8px-generic-sse=2","0:2,2:2,3:2,4:2,27:2,28:2,36:2,37:2","True","False","16","198.1470186","96.5726441","550.90625","PASS"
"e5-router","64","sao","32","95677430CAD4F000506BC5EE22815C3F4E13D64B477ED506B78D5D9ACFB50CCD","00010000","1025B343","4B1AC26C40AD4DA50312FD3B694D7E636FB768C2336FE773BC82D36424C27A4B","auto-k2","full-auto-reference","18805","18805","0","paq8px-generic-sse=1","0:1,36:1","True","False","2","20.780423","20.7987438","548.7890625","PASS"
"e5-router","64","sao","32","95677430CAD4F000506BC5EE22815C3F4E13D64B477ED506B78D5D9ACFB50CCD","00010000","1025B343","4B1AC26C40AD4DA50312FD3B694D7E636FB768C2336FE773BC82D36424C27A4B","auto-k4","full-auto-reference","18805","18805","0","paq8px-generic-sse=1","0:1,2:1,36:1,37:1","True","False","4","46.9744665","20.8788817","548.7890625","PASS"
"e5-router","64","sao","32","95677430CAD4F000506BC5EE22815C3F4E13D64B477ED506B78D5D9ACFB50CCD","00010000","1025B343","4B1AC26C40AD4DA50312FD3B694D7E636FB768C2336FE773BC82D36424C27A4B","auto-k8","full-auto-reference","18805","18805","0","paq8px-generic-sse=1","0:1,2:1,3:1,4:1,27:1,28:1,36:1,37:1","True","False","8","47.0968561","20.6891734","548.8125","PASS"
"e5-router","64","sao","64","17CBD7166A47786139F60BA33B4E771CE0154F6FA56986883D129BC23F78EBEE","00010000","1025B343","4B1AC26C40AD4DA50312FD3B694D7E636FB768C2336FE773BC82D36424C27A4B","auto-k2","full-auto-reference","36379","36379","0","paq8px-generic-sse=1","0:1,36:1","True","False","2","45.6433191","45.6169881","550.55078125","PASS"
"e5-router","64","sao","64","17CBD7166A47786139F60BA33B4E771CE0154F6FA56986883D129BC23F78EBEE","00010000","1025B343","4B1AC26C40AD4DA50312FD3B694D7E636FB768C2336FE773BC82D36424C27A4B","auto-k4","full-auto-reference","36379","36379","0","paq8px-generic-sse=1","0:1,2:1,36:1,37:1","True","False","4","96.5386314","45.5648394","550.55078125","PASS"
"e5-router","64","sao","64","17CBD7166A47786139F60BA33B4E771CE0154F6FA56986883D129BC23F78EBEE","00010000","1025B343","4B1AC26C40AD4DA50312FD3B694D7E636FB768C2336FE773BC82D36424C27A4B","auto-k8","full-auto-reference","36379","36379","0","paq8px-generic-sse=1","0:1,2:1,3:1,4:1,27:1,28:1,36:1,37:1","True","False","8","96.7152575","45.4492479","550.55859375","PASS"
"e5-router","64","webster","128","C069C1FDCA99BC5C44F06D134CD0CDA60315DD631AA6564733B2CE0E6D59305C","00010000","1025B343","4B1AC26C40AD4DA50312FD3B694D7E636FB768C2336FE773BC82D36424C27A4B","auto-k2","full-auto-reference","27768","28068","300","paq8px-detected-sse=2","0:2,36:2","False","False","4","77.3066362","77.4030831","547.0390625","PASS"
"e5-router","64","webster","128","C069C1FDCA99BC5C44F06D134CD0CDA60315DD631AA6564733B2CE0E6D59305C","00010000","1025B343","4B1AC26C40AD4DA50312FD3B694D7E636FB768C2336FE773BC82D36424C27A4B","auto-k4","full-auto-reference","27768","27768","0","paq8px-detected-sse=2","0:2,2:2,36:2,37:2","True","False","8","119.24934","36.5645711","547.0234375","PASS"
"e5-router","64","webster","128","C069C1FDCA99BC5C44F06D134CD0CDA60315DD631AA6564733B2CE0E6D59305C","00010000","1025B343","4B1AC26C40AD4DA50312FD3B694D7E636FB768C2336FE773BC82D36424C27A4B","auto-k8","full-auto-reference","27768","27768","0","paq8px-detected-sse=2","0:2,2:2,4:2,6:2,19:2,28:2,36:2,37:2","True","False","16","119.5593278","36.4355005","547.0390625","PASS"
"e5-router","64","webster","32","774D224695AF4057353F72602BB96CD2AFEEA059AC7737535645F11596FCA85E","00010000","1025B343","4B1AC26C40AD4DA50312FD3B694D7E636FB768C2336FE773BC82D36424C27A4B","auto-k2","full-auto-reference","9258","9355","97","paq8px-detected-sse=1","0:1,36:1","False","False","2","17.628532","17.5291367","546.7890625","PASS"
"e5-router","64","webster","32","774D224695AF4057353F72602BB96CD2AFEEA059AC7737535645F11596FCA85E","00010000","1025B343","4B1AC26C40AD4DA50312FD3B694D7E636FB768C2336FE773BC82D36424C27A4B","auto-k4","full-auto-reference","9258","9258","0","paq8px-detected-sse=1","0:1,2:1,36:1,37:1","True","False","4","29.2591708","6.982835","546.734375","PASS"
"e5-router","64","webster","32","774D224695AF4057353F72602BB96CD2AFEEA059AC7737535645F11596FCA85E","00010000","1025B343","4B1AC26C40AD4DA50312FD3B694D7E636FB768C2336FE773BC82D36424C27A4B","auto-k8","full-auto-reference","9258","9258","0","paq8px-detected-sse=1","0:1,2:1,4:1,6:1,19:1,28:1,36:1,37:1","True","False","8","29.2846516","6.9542804","546.7265625","PASS"
"e5-router","64","webster","64","262258811321382F9E4F44D2184B6B7FED0336CF831446D8336C47D6CCC2B32E","00010000","1025B343","4B1AC26C40AD4DA50312FD3B694D7E636FB768C2336FE773BC82D36424C27A4B","auto-k2","full-auto-reference","15190","15351","161","paq8px-detected-sse=1","0:1,36:1","False","False","2","37.4971958","37.5937851","547.04296875","PASS"
"e5-router","64","webster","64","262258811321382F9E4F44D2184B6B7FED0336CF831446D8336C47D6CCC2B32E","00010000","1025B343","4B1AC26C40AD4DA50312FD3B694D7E636FB768C2336FE773BC82D36424C27A4B","auto-k4","full-auto-reference","15190","15190","0","paq8px-detected-sse=1","0:1,2:1,36:1,37:1","True","False","4","59.5177038","16.4335904","547.0390625","PASS"
"e5-router","64","webster","64","262258811321382F9E4F44D2184B6B7FED0336CF831446D8336C47D6CCC2B32E","00010000","1025B343","4B1AC26C40AD4DA50312FD3B694D7E636FB768C2336FE773BC82D36424C27A4B","auto-k8","full-auto-reference","15190","15190","0","paq8px-detected-sse=1","0:1,2:1,4:1,6:1,19:1,28:1,36:1,37:1","True","False","8","59.3909279","16.3158368","547.04296875","PASS"
"e5-router","64","x-ray","128","7A65B793FB2A694C20686275A899B304445473528F7C998BE26F8C68EB18F76E","00010000","1025B343","4B1AC26C40AD4DA50312FD3B694D7E636FB768C2336FE773BC82D36424C27A4B","auto-k2","full-auto-reference","58000","58000","0","paq8px-generic-sse=2","0:2,36:2","True","False","4","83.2310796","83.3297199","547.46875","PASS"
"e5-router","64","x-ray","128","7A65B793FB2A694C20686275A899B304445473528F7C998BE26F8C68EB18F76E","00010000","1025B343","4B1AC26C40AD4DA50312FD3B694D7E636FB768C2336FE773BC82D36424C27A4B","auto-k4","full-auto-reference","58000","58000","0","paq8px-generic-sse=2","0:2,2:2,36:2,37:2","True","False","8","172.3484186","83.286772","547.6875","PASS"
"e5-router","64","x-ray","128","7A65B793FB2A694C20686275A899B304445473528F7C998BE26F8C68EB18F76E","00010000","1025B343","4B1AC26C40AD4DA50312FD3B694D7E636FB768C2336FE773BC82D36424C27A4B","auto-k8","full-auto-reference","58000","58000","0","paq8px-generic-sse=2","0:2,2:2,3:2,4:2,10:2,12:2,36:2,37:2","True","False","16","173.0639207","83.425933","547.78125","PASS"
"e5-router","64","x-ray","32","10511AA63DFBD9C0DDBFEFE36068740103D4BA1116E214154A0772057D7E9314","00010000","1025B343","4B1AC26C40AD4DA50312FD3B694D7E636FB768C2336FE773BC82D36424C27A4B","auto-k2","full-auto-reference","14702","14702","0","paq8px-generic-sse=1","0:1,36:1","True","False","2","16.9696116","16.9132177","547.15234375","PASS"
"e5-router","64","x-ray","32","10511AA63DFBD9C0DDBFEFE36068740103D4BA1116E214154A0772057D7E9314","00010000","1025B343","4B1AC26C40AD4DA50312FD3B694D7E636FB768C2336FE773BC82D36424C27A4B","auto-k4","full-auto-reference","14702","14702","0","paq8px-generic-sse=1","0:1,2:1,36:1,37:1","True","False","4","39.6639199","16.9003584","547.16015625","PASS"
"e5-router","64","x-ray","32","10511AA63DFBD9C0DDBFEFE36068740103D4BA1116E214154A0772057D7E9314","00010000","1025B343","4B1AC26C40AD4DA50312FD3B694D7E636FB768C2336FE773BC82D36424C27A4B","auto-k8","full-auto-reference","14702","14702","0","paq8px-generic-sse=1","0:1,2:1,3:1,4:1,10:1,12:1,36:1,37:1","True","False","8","39.464743","16.906717","547.17578125","PASS"
"e5-router","64","x-ray","64","B5A07146616BCD7C2D10071D41E07D204DE0AC629C4CA37D8E867FF00574D0D8","00010000","1025B343","4B1AC26C40AD4DA50312FD3B694D7E636FB768C2336FE773BC82D36424C27A4B","auto-k2","full-auto-reference","29135","29135","0","paq8px-generic-sse=1","0:1,36:1","True","False","2","38.7178184","38.7721792","547.43359375","PASS"
"e5-router","64","x-ray","64","B5A07146616BCD7C2D10071D41E07D204DE0AC629C4CA37D8E867FF00574D0D8","00010000","1025B343","4B1AC26C40AD4DA50312FD3B694D7E636FB768C2336FE773BC82D36424C27A4B","auto-k4","full-auto-reference","29135","29135","0","paq8px-generic-sse=1","0:1,2:1,36:1,37:1","True","False","4","83.3902984","38.7407574","547.47265625","PASS"
"e5-router","64","x-ray","64","B5A07146616BCD7C2D10071D41E07D204DE0AC629C4CA37D8E867FF00574D0D8","00010000","1025B343","4B1AC26C40AD4DA50312FD3B694D7E636FB768C2336FE773BC82D36424C27A4B","auto-k8","full-auto-reference","29135","29135","0","paq8px-generic-sse=1","0:1,2:1,3:1,4:1,10:1,12:1,36:1,37:1","True","False","8","83.6390849","38.771103","547.47265625","PASS"
"e5-router","64","xml","128","5FA29C746885F2EEB98734218475915A78092CCB3B0F68B08861EE210E5B6E25","00010000","1025B343","4B1AC26C40AD4DA50312FD3B694D7E636FB768C2336FE773BC82D36424C27A4B","auto-k2","full-auto-reference","4770","4770","0","paq8px-generic-sse=2","0:2,36:2","True","False","4","48.7660672","48.8487002","544.33984375","PASS"
"e5-router","64","xml","128","5FA29C746885F2EEB98734218475915A78092CCB3B0F68B08861EE210E5B6E25","00010000","1025B343","4B1AC26C40AD4DA50312FD3B694D7E636FB768C2336FE773BC82D36424C27A4B","auto-k4","full-auto-reference","4770","4770","0","paq8px-generic-sse=2","0:2,2:2,36:2,37:2","True","False","8","93.7861065","48.9578125","544.5234375","PASS"
"e5-router","64","xml","128","5FA29C746885F2EEB98734218475915A78092CCB3B0F68B08861EE210E5B6E25","00010000","1025B343","4B1AC26C40AD4DA50312FD3B694D7E636FB768C2336FE773BC82D36424C27A4B","auto-k8","full-auto-reference","4770","4770","0","paq8px-generic-sse=2","0:2,2:2,4:2,6:2,19:2,28:2,36:2,37:2","True","False","16","94.1612375","48.8589687","545.1875","PASS"
"e5-router","64","xml","32","C2F7F129956F8D6FC3D0E3595D93F98D5270B6F5BC4AB5E70F45867822EFDD71","00010000","1025B343","4B1AC26C40AD4DA50312FD3B694D7E636FB768C2336FE773BC82D36424C27A4B","auto-k2","full-auto-reference","1441","1441","0","paq8px-generic-sse=1","0:1,36:1","True","False","2","8.9311436","8.8364382","542.84375","PASS"
"e5-router","64","xml","32","C2F7F129956F8D6FC3D0E3595D93F98D5270B6F5BC4AB5E70F45867822EFDD71","00010000","1025B343","4B1AC26C40AD4DA50312FD3B694D7E636FB768C2336FE773BC82D36424C27A4B","auto-k4","full-auto-reference","1441","1441","0","paq8px-generic-sse=1","0:1,2:1,36:1,37:1","True","False","4","22.7263153","8.8400751","543.02734375","PASS"
"e5-router","64","xml","32","C2F7F129956F8D6FC3D0E3595D93F98D5270B6F5BC4AB5E70F45867822EFDD71","00010000","1025B343","4B1AC26C40AD4DA50312FD3B694D7E636FB768C2336FE773BC82D36424C27A4B","auto-k8","full-auto-reference","1441","1441","0","paq8px-generic-sse=1","0:1,2:1,4:1,6:1,19:1,28:1,36:1,37:1","True","False","8","22.8938485","8.7157964","542.90625","PASS"
"e5-router","64","xml","64","E32AFF2BEBF00105A17DD57F5490C1986D17543CEE837B42EB56B3E0E6F8E7F1","00010000","1025B343","4B1AC26C40AD4DA50312FD3B694D7E636FB768C2336FE773BC82D36424C27A4B","auto-k2","full-auto-reference","2272","2272","0","paq8px-generic-sse=1","0:1,36:1","True","False","2","21.6804966","21.5878572","543.86328125","PASS"
"e5-router","64","xml","64","E32AFF2BEBF00105A17DD57F5490C1986D17543CEE837B42EB56B3E0E6F8E7F1","00010000","1025B343","4B1AC26C40AD4DA50312FD3B694D7E636FB768C2336FE773BC82D36424C27A4B","auto-k4","full-auto-reference","2272","2272","0","paq8px-generic-sse=1","0:1,2:1,36:1,37:1","True","False","4","48.3103224","21.5624057","543.9921875","PASS"
"e5-router","64","xml","64","E32AFF2BEBF00105A17DD57F5490C1986D17543CEE837B42EB56B3E0E6F8E7F1","00010000","1025B343","4B1AC26C40AD4DA50312FD3B694D7E636FB768C2336FE773BC82D36424C27A4B","auto-k8","full-auto-reference","2272","2272","0","paq8px-generic-sse=1","0:1,2:1,4:1,6:1,19:1,28:1,36:1,37:1","True","False","8","48.604624","21.5827973","543.87109375","PASS"
"e5-router","128","dickens","128","20E33FCC8FAA96DC32A2D0921115C0F363E64C598A5847CE1A3876E356D59872","00010000","1025B343","4B1AC26C40AD4DA50312FD3B694D7E636FB768C2336FE773BC82D36424C27A4B","auto-k2","full-auto-reference","33028","33381","353","paq8px-detected-sse=1","0:1,36:1","False","False","2","62.1346282","61.6175699","547.171875","PASS"
"e5-router","128","dickens","128","20E33FCC8FAA96DC32A2D0921115C0F363E64C598A5847CE1A3876E356D59872","00010000","1025B343","4B1AC26C40AD4DA50312FD3B694D7E636FB768C2336FE773BC82D36424C27A4B","auto-k4","full-auto-reference","33028","33028","0","paq8px-detected-sse=1","0:1,2:1,36:1,37:1","True","False","4","139.269204","42.2535446","547.12890625","PASS"
"e5-router","128","dickens","128","20E33FCC8FAA96DC32A2D0921115C0F363E64C598A5847CE1A3876E356D59872","00010000","1025B343","4B1AC26C40AD4DA50312FD3B694D7E636FB768C2336FE773BC82D36424C27A4B","auto-k8","full-auto-reference","33028","33028","0","paq8px-detected-sse=1","0:1,2:1,4:1,6:1,19:1,28:1,36:1,37:1","True","False","8","138.0812502","42.7773954","547.18359375","PASS"
"e5-router","128","dickens","32","FC42DCB9849222C8704C9DCAE606D075B389B66244FB215035148D6409EC0B31","00010000","1025B343","4B1AC26C40AD4DA50312FD3B694D7E636FB768C2336FE773BC82D36424C27A4B","auto-k2","full-auto-reference","9598","9688","90","paq8px-detected-sse=1","0:1,36:1","False","False","2","16.7969796","18.2744659","546.390625","PASS"
"e5-router","128","dickens","32","FC42DCB9849222C8704C9DCAE606D075B389B66244FB215035148D6409EC0B31","00010000","1025B343","4B1AC26C40AD4DA50312FD3B694D7E636FB768C2336FE773BC82D36424C27A4B","auto-k4","full-auto-reference","9598","9598","0","paq8px-detected-sse=1","0:1,2:1,36:1,37:1","True","False","4","32.6241587","7.1953534","546.40625","PASS"
"e5-router","128","dickens","32","FC42DCB9849222C8704C9DCAE606D075B389B66244FB215035148D6409EC0B31","00010000","1025B343","4B1AC26C40AD4DA50312FD3B694D7E636FB768C2336FE773BC82D36424C27A4B","auto-k8","full-auto-reference","9598","9598","0","paq8px-detected-sse=1","0:1,2:1,4:1,6:1,19:1,28:1,36:1,37:1","True","False","8","33.100549","7.7596381","546.375","PASS"
"e5-router","128","dickens","64","134AD989A7B8B40C900A3B9C0F4895317DFD827D9E6E933895B08D2F4A8A8293","00010000","1025B343","4B1AC26C40AD4DA50312FD3B694D7E636FB768C2336FE773BC82D36424C27A4B","auto-k2","full-auto-reference","17844","18022","178","paq8px-detected-sse=1","0:1,36:1","False","False","2","30.3817017","34.9403373","546.7109375","PASS"
"e5-router","128","dickens","64","134AD989A7B8B40C900A3B9C0F4895317DFD827D9E6E933895B08D2F4A8A8293","00010000","1025B343","4B1AC26C40AD4DA50312FD3B694D7E636FB768C2336FE773BC82D36424C27A4B","auto-k4","full-auto-reference","17844","17844","0","paq8px-detected-sse=1","0:1,2:1,36:1,37:1","True","False","4","68.6020765","18.9668598","546.7109375","PASS"
"e5-router","128","dickens","64","134AD989A7B8B40C900A3B9C0F4895317DFD827D9E6E933895B08D2F4A8A8293","00010000","1025B343","4B1AC26C40AD4DA50312FD3B694D7E636FB768C2336FE773BC82D36424C27A4B","auto-k8","full-auto-reference","17844","17844","0","paq8px-detected-sse=1","0:1,2:1,4:1,6:1,19:1,28:1,36:1,37:1","True","False","8","68.2181226","20.1877861","546.70703125","PASS"
"e5-router","128","mozilla","128","85CDBEA98382DB12E9A21FF90E1907452712D074000A6B855D2CA215FA591EB4","00010000","1025B343","4B1AC26C40AD4DA50312FD3B694D7E636FB768C2336FE773BC82D36424C27A4B","auto-k2","full-auto-reference","11547","11547","0","paq8px-generic-sse=1","0:1,36:1","True","False","2","60.5946033","54.7289213","552.26953125","PASS"
"e5-router","128","mozilla","128","85CDBEA98382DB12E9A21FF90E1907452712D074000A6B855D2CA215FA591EB4","00010000","1025B343","4B1AC26C40AD4DA50312FD3B694D7E636FB768C2336FE773BC82D36424C27A4B","auto-k4","full-auto-reference","11547","11547","0","paq8px-generic-sse=1","0:1,2:1,36:1,37:1","True","False","4","129.249426","64.4395244","734.14453125","PASS"
"e5-router","128","mozilla","128","85CDBEA98382DB12E9A21FF90E1907452712D074000A6B855D2CA215FA591EB4","00010000","1025B343","4B1AC26C40AD4DA50312FD3B694D7E636FB768C2336FE773BC82D36424C27A4B","auto-k8","full-auto-reference","11547","11547","0","paq8px-generic-sse=1","0:1,2:1,3:1,4:1,10:1,12:1,36:1,37:1","True","False","8","123.0113214","58.8166184","734.16796875","PASS"
"e5-router","128","mozilla","32","9DDEEF36CA0CA55B72FE3376D005926DFF3400A2ADE6EAE18482D8017D8645DB","00010000","1025B343","4B1AC26C40AD4DA50312FD3B694D7E636FB768C2336FE773BC82D36424C27A4B","auto-k2","full-auto-reference","6256","6285","29","paq8px-detected-sse=1","0:1,36:1","False","False","2","12.4396152","12.4614022","550.484375","PASS"
"e5-router","128","mozilla","32","9DDEEF36CA0CA55B72FE3376D005926DFF3400A2ADE6EAE18482D8017D8645DB","00010000","1025B343","4B1AC26C40AD4DA50312FD3B694D7E636FB768C2336FE773BC82D36424C27A4B","auto-k4","full-auto-reference","6256","6256","0","paq8px-detected-sse=1","0:1,2:1,36:1,37:1","True","False","4","35.1964983","14.0555865","734.0390625","PASS"
"e5-router","128","mozilla","32","9DDEEF36CA0CA55B72FE3376D005926DFF3400A2ADE6EAE18482D8017D8645DB","00010000","1025B343","4B1AC26C40AD4DA50312FD3B694D7E636FB768C2336FE773BC82D36424C27A4B","auto-k8","full-auto-reference","6256","6256","0","paq8px-detected-sse=1","0:1,2:1,3:1,4:1,10:1,12:1,36:1,37:1","True","False","8","35.6803837","14.7904453","734.03515625","PASS"
"e5-router","128","mozilla","64","B0050240663F54371D372303EEABA0A59AB0758BCD565F4F639D06561E6BC996","00010000","1025B343","4B1AC26C40AD4DA50312FD3B694D7E636FB768C2336FE773BC82D36424C27A4B","auto-k2","full-auto-reference","8856","8856","0","paq8px-generic-sse=1","0:1,36:1","True","False","2","21.5330909","24.0179354","551.7109375","PASS"
"e5-router","128","mozilla","64","B0050240663F54371D372303EEABA0A59AB0758BCD565F4F639D06561E6BC996","00010000","1025B343","4B1AC26C40AD4DA50312FD3B694D7E636FB768C2336FE773BC82D36424C27A4B","auto-k4","full-auto-reference","8856","8856","0","paq8px-generic-sse=1","0:1,2:1,36:1,37:1","True","False","4","68.1632131","34.2134911","734.07421875","PASS"
"e5-router","128","mozilla","64","B0050240663F54371D372303EEABA0A59AB0758BCD565F4F639D06561E6BC996","00010000","1025B343","4B1AC26C40AD4DA50312FD3B694D7E636FB768C2336FE773BC82D36424C27A4B","auto-k8","full-auto-reference","8856","8856","0","paq8px-generic-sse=1","0:1,2:1,3:1,4:1,10:1,12:1,36:1,37:1","True","False","8","67.3931415","30.9534089","734.06640625","PASS"
"e5-router","128","mr","128","473A6A883480C7B2E69402AD888AC07B347C2DF61C6AA0D84E8B8130A27792EA","00010000","1025B343","4B1AC26C40AD4DA50312FD3B694D7E636FB768C2336FE773BC82D36424C27A4B","auto-k2","full-auto-reference","21642","21642","0","paq8px-generic-sse=1","0:1,36:1","True","False","2","84.4023034","84.6557565","546.3515625","PASS"
"e5-router","128","mr","128","473A6A883480C7B2E69402AD888AC07B347C2DF61C6AA0D84E8B8130A27792EA","00010000","1025B343","4B1AC26C40AD4DA50312FD3B694D7E636FB768C2336FE773BC82D36424C27A4B","auto-k4","full-auto-reference","21642","21642","0","paq8px-generic-sse=1","0:1,2:1,36:1,37:1","True","False","4","198.6252671","95.1831924","546.34375","PASS"
"e5-router","128","mr","128","473A6A883480C7B2E69402AD888AC07B347C2DF61C6AA0D84E8B8130A27792EA","00010000","1025B343","4B1AC26C40AD4DA50312FD3B694D7E636FB768C2336FE773BC82D36424C27A4B","auto-k8","full-auto-reference","21642","21642","0","paq8px-generic-sse=1","0:1,2:1,3:1,4:1,10:1,12:1,36:1,37:1","True","False","8","185.6735965","90.8213725","546.359375","PASS"
"e5-router","128","mr","32","3BB287B0AF65F777AB00C14E362B4D1962087260556001BBEE0689AA10D9F76A","00010000","1025B343","4B1AC26C40AD4DA50312FD3B694D7E636FB768C2336FE773BC82D36424C27A4B","auto-k2","full-auto-reference","5167","5167","0","paq8px-generic-sse=1","0:1,36:1","True","False","2","12.7274941","11.8949586","545.83984375","PASS"
"e5-router","128","mr","32","3BB287B0AF65F777AB00C14E362B4D1962087260556001BBEE0689AA10D9F76A","00010000","1025B343","4B1AC26C40AD4DA50312FD3B694D7E636FB768C2336FE773BC82D36424C27A4B","auto-k4","full-auto-reference","5167","5167","0","paq8px-generic-sse=1","0:1,2:1,36:1,37:1","True","False","4","32.1392382","11.5879769","545.890625","PASS"
"e5-router","128","mr","32","3BB287B0AF65F777AB00C14E362B4D1962087260556001BBEE0689AA10D9F76A","00010000","1025B343","4B1AC26C40AD4DA50312FD3B694D7E636FB768C2336FE773BC82D36424C27A4B","auto-k8","full-auto-reference","5167","5167","0","paq8px-generic-sse=1","0:1,2:1,3:1,4:1,10:1,12:1,36:1,37:1","True","False","8","33.5963303","13.1418006","545.8671875","PASS"
"e5-router","128","mr","64","CAB7B6408934009A4BBFEDB57BEB4943BF5478CF8B3688D01F004E0422EBC651","00010000","1025B343","4B1AC26C40AD4DA50312FD3B694D7E636FB768C2336FE773BC82D36424C27A4B","auto-k2","full-auto-reference","10732","10732","0","paq8px-generic-sse=1","0:1,36:1","True","False","2","35.9961288","35.6778749","546.078125","PASS"
"e5-router","128","mr","64","CAB7B6408934009A4BBFEDB57BEB4943BF5478CF8B3688D01F004E0422EBC651","00010000","1025B343","4B1AC26C40AD4DA50312FD3B694D7E636FB768C2336FE773BC82D36424C27A4B","auto-k4","full-auto-reference","10732","10732","0","paq8px-generic-sse=1","0:1,2:1,36:1,37:1","True","False","4","86.7354417","39.9997322","546.11328125","PASS"
"e5-router","128","mr","64","CAB7B6408934009A4BBFEDB57BEB4943BF5478CF8B3688D01F004E0422EBC651","00010000","1025B343","4B1AC26C40AD4DA50312FD3B694D7E636FB768C2336FE773BC82D36424C27A4B","auto-k8","full-auto-reference","10732","10732","0","paq8px-generic-sse=1","0:1,2:1,3:1,4:1,10:1,12:1,36:1,37:1","True","False","8","84.6284637","37.8354231","546.11328125","PASS"
"e5-router","128","nci","128","C8A1D610355E5EF900ED4C704DF14ADF1935D95DFD8F1740AC9FD90FC9BF5781","00010000","1025B343","4B1AC26C40AD4DA50312FD3B694D7E636FB768C2336FE773BC82D36424C27A4B","auto-k2","full-auto-reference","4231","4399","168","paq8px-detected-sse=1","0:1,36:1","False","False","2","45.4272318","45.2192325","544.02734375","PASS"
"e5-router","128","nci","128","C8A1D610355E5EF900ED4C704DF14ADF1935D95DFD8F1740AC9FD90FC9BF5781","00010000","1025B343","4B1AC26C40AD4DA50312FD3B694D7E636FB768C2336FE773BC82D36424C27A4B","auto-k4","full-auto-reference","4231","4231","0","paq8px-detected-sse=1","0:1,2:1,36:1,37:1","True","False","4","77.5548142","16.9155125","544.0625","PASS"
"e5-router","128","nci","128","C8A1D610355E5EF900ED4C704DF14ADF1935D95DFD8F1740AC9FD90FC9BF5781","00010000","1025B343","4B1AC26C40AD4DA50312FD3B694D7E636FB768C2336FE773BC82D36424C27A4B","auto-k8","full-auto-reference","4231","4231","0","paq8px-detected-sse=1","0:1,2:1,4:1,6:1,19:1,28:1,36:1,37:1","True","False","8","75.7035621","22.4798826","544.06640625","PASS"
"e5-router","128","nci","32","0D3034FE8B0E573DE1439ED98CE409B83B13E5895085C9BFB0BF980F4962FB79","00010000","1025B343","4B1AC26C40AD4DA50312FD3B694D7E636FB768C2336FE773BC82D36424C27A4B","auto-k2","full-auto-reference","1341","1369","28","paq8px-detected-sse=1","0:1,36:1","False","False","2","7.9869569","8.0272951","540.8828125","PASS"
"e5-router","128","nci","32","0D3034FE8B0E573DE1439ED98CE409B83B13E5895085C9BFB0BF980F4962FB79","00010000","1025B343","4B1AC26C40AD4DA50312FD3B694D7E636FB768C2336FE773BC82D36424C27A4B","auto-k4","full-auto-reference","1341","1341","0","paq8px-detected-sse=1","0:1,2:1,36:1,37:1","True","False","4","16.7461849","4.4055725","540.87109375","PASS"
"e5-router","128","nci","32","0D3034FE8B0E573DE1439ED98CE409B83B13E5895085C9BFB0BF980F4962FB79","00010000","1025B343","4B1AC26C40AD4DA50312FD3B694D7E636FB768C2336FE773BC82D36424C27A4B","auto-k8","full-auto-reference","1341","1341","0","paq8px-detected-sse=1","0:1,2:1,4:1,6:1,19:1,28:1,36:1,37:1","True","False","8","16.5919736","4.5817081","540.8828125","PASS"
"e5-router","128","nci","64","B01B411AC3B5CE2FBF37242C0C59D2D236D2F7039937C1B1A0F18F4CC02549FE","00010000","1025B343","4B1AC26C40AD4DA50312FD3B694D7E636FB768C2336FE773BC82D36424C27A4B","auto-k2","full-auto-reference","2058","2142","84","paq8px-detected-sse=1","0:1,36:1","False","False","2","20.8554052","19.8440957","542.40625","PASS"
"e5-router","128","nci","64","B01B411AC3B5CE2FBF37242C0C59D2D236D2F7039937C1B1A0F18F4CC02549FE","00010000","1025B343","4B1AC26C40AD4DA50312FD3B694D7E636FB768C2336FE773BC82D36424C27A4B","auto-k4","full-auto-reference","2058","2058","0","paq8px-detected-sse=1","0:1,2:1,36:1,37:1","True","False","4","37.4413859","8.7698159","542.40234375","PASS"
"e5-router","128","nci","64","B01B411AC3B5CE2FBF37242C0C59D2D236D2F7039937C1B1A0F18F4CC02549FE","00010000","1025B343","4B1AC26C40AD4DA50312FD3B694D7E636FB768C2336FE773BC82D36424C27A4B","auto-k8","full-auto-reference","2058","2058","0","paq8px-detected-sse=1","0:1,2:1,4:1,6:1,19:1,28:1,36:1,37:1","True","False","8","35.9671038","8.9962179","542.40625","PASS"
"e5-router","128","ooffice","128","09FA5F3EE5311528863F8C3FADA3B530CC24AC1D88128E4DB2BF434161879FEF","00010000","1025B343","4B1AC26C40AD4DA50312FD3B694D7E636FB768C2336FE773BC82D36424C27A4B","auto-k2","full-auto-reference","41067","41289","222","paq8px-detected-sse=1","0:1,36:1","False","False","2","92.5564015","93.8174441","553.8046875","PASS"
"e5-router","128","ooffice","128","09FA5F3EE5311528863F8C3FADA3B530CC24AC1D88128E4DB2BF434161879FEF","00010000","1025B343","4B1AC26C40AD4DA50312FD3B694D7E636FB768C2336FE773BC82D36424C27A4B","auto-k4","full-auto-reference","41067","41067","0","paq8px-detected-sse=1","0:1,2:1,36:1,37:1","True","False","4","169.8112044","105.9172345","553.86328125","PASS"
"e5-router","128","ooffice","128","09FA5F3EE5311528863F8C3FADA3B530CC24AC1D88128E4DB2BF434161879FEF","00010000","1025B343","4B1AC26C40AD4DA50312FD3B694D7E636FB768C2336FE773BC82D36424C27A4B","auto-k8","full-auto-reference","41067","41067","0","paq8px-detected-sse=1","0:1,2:1,3:1,4:1,10:1,12:1,36:1,37:1","True","False","8","202.0407566","97.3684718","553.83984375","PASS"
"e5-router","128","ooffice","32","2ACF9B4CAAEAC5814CDFEF0FA48A5ECE857C847DBDB7B44EEAB95CA3C098921C","00010000","1025B343","4B1AC26C40AD4DA50312FD3B694D7E636FB768C2336FE773BC82D36424C27A4B","auto-k2","full-auto-reference","8097","8097","0","paq8px-generic-sse=1","0:1,36:1","True","False","2","16.8653754","17.0665479","551.23828125","PASS"
"e5-router","128","ooffice","32","2ACF9B4CAAEAC5814CDFEF0FA48A5ECE857C847DBDB7B44EEAB95CA3C098921C","00010000","1025B343","4B1AC26C40AD4DA50312FD3B694D7E636FB768C2336FE773BC82D36424C27A4B","auto-k4","full-auto-reference","8097","8097","0","paq8px-generic-sse=1","0:1,2:1,36:1,37:1","True","False","4","32.473985","17.0305629","551.26171875","PASS"
"e5-router","128","ooffice","32","2ACF9B4CAAEAC5814CDFEF0FA48A5ECE857C847DBDB7B44EEAB95CA3C098921C","00010000","1025B343","4B1AC26C40AD4DA50312FD3B694D7E636FB768C2336FE773BC82D36424C27A4B","auto-k8","full-auto-reference","8097","8097","0","paq8px-generic-sse=1","0:1,2:1,3:1,4:1,10:1,12:1,36:1,37:1","True","False","8","41.4128917","18.2278449","551.265625","PASS"
"e5-router","128","ooffice","64","9D30521922187D0A26F56CF2DF85001F9585D0D4EC6A0A8797466AFCC367F825","00010000","1025B343","4B1AC26C40AD4DA50312FD3B694D7E636FB768C2336FE773BC82D36424C27A4B","auto-k2","full-auto-reference","19134","19206","72","paq8px-detected-sse=1","0:1,36:1","False","False","2","42.4655632","42.4823366","552.7890625","PASS"
"e5-router","128","ooffice","64","9D30521922187D0A26F56CF2DF85001F9585D0D4EC6A0A8797466AFCC367F825","00010000","1025B343","4B1AC26C40AD4DA50312FD3B694D7E636FB768C2336FE773BC82D36424C27A4B","auto-k4","full-auto-reference","19134","19134","0","paq8px-detected-sse=1","0:1,2:1,36:1,37:1","True","False","4","92.2119088","43.3180633","552.8671875","PASS"
"e5-router","128","ooffice","64","9D30521922187D0A26F56CF2DF85001F9585D0D4EC6A0A8797466AFCC367F825","00010000","1025B343","4B1AC26C40AD4DA50312FD3B694D7E636FB768C2336FE773BC82D36424C27A4B","auto-k8","full-auto-reference","19134","19134","0","paq8px-detected-sse=1","0:1,2:1,3:1,4:1,10:1,12:1,36:1,37:1","True","False","8","94.6775881","44.2539117","552.84765625","PASS"
"e5-router","128","osdb","128","D977E72AE13AEFC36A4B6171A895E26A0E6EEE447B1B9FBE868D7B1C046CC91F","00010000","1025B343","4B1AC26C40AD4DA50312FD3B694D7E636FB768C2336FE773BC82D36424C27A4B","auto-k2","full-auto-reference","33602","33602","0","paq8px-generic-sse=1","0:1,36:1","True","False","2","78.8422466","53.7400913","551.01171875","PASS"
"e5-router","128","osdb","128","D977E72AE13AEFC36A4B6171A895E26A0E6EEE447B1B9FBE868D7B1C046CC91F","00010000","1025B343","4B1AC26C40AD4DA50312FD3B694D7E636FB768C2336FE773BC82D36424C27A4B","auto-k4","full-auto-reference","33602","33602","0","paq8px-generic-sse=1","0:1,2:1,36:1,37:1","True","False","4","186.8492339","90.2691267","551.0234375","PASS"
"e5-router","128","osdb","128","D977E72AE13AEFC36A4B6171A895E26A0E6EEE447B1B9FBE868D7B1C046CC91F","00010000","1025B343","4B1AC26C40AD4DA50312FD3B694D7E636FB768C2336FE773BC82D36424C27A4B","auto-k8","full-auto-reference","33602","33602","0","paq8px-generic-sse=1","0:1,2:1,4:1,6:1,19:1,28:1,36:1,37:1","True","False","8","173.5640448","84.5904085","551.046875","PASS"
"e5-router","128","osdb","32","03B2C20B777682CD960BCD893D7A4463161D9C0200FD1708B2EFAE32A259D0B7","00010000","1025B343","4B1AC26C40AD4DA50312FD3B694D7E636FB768C2336FE773BC82D36424C27A4B","auto-k2","full-auto-reference","11420","11420","0","paq8px-generic-sse=1","0:1,36:1","True","False","2","18.3234384","18.7335706","548.3671875","PASS"
"e5-router","128","osdb","32","03B2C20B777682CD960BCD893D7A4463161D9C0200FD1708B2EFAE32A259D0B7","00010000","1025B343","4B1AC26C40AD4DA50312FD3B694D7E636FB768C2336FE773BC82D36424C27A4B","auto-k4","full-auto-reference","11420","11420","0","paq8px-generic-sse=1","0:1,2:1,36:1,37:1","True","False","4","48.647864","20.5408721","548.4375","PASS"
"e5-router","128","osdb","32","03B2C20B777682CD960BCD893D7A4463161D9C0200FD1708B2EFAE32A259D0B7","00010000","1025B343","4B1AC26C40AD4DA50312FD3B694D7E636FB768C2336FE773BC82D36424C27A4B","auto-k8","full-auto-reference","11420","11420","0","paq8px-generic-sse=1","0:1,2:1,4:1,6:1,19:1,28:1,36:1,37:1","True","False","8","45.485019","19.6863389","548.43359375","PASS"
"e5-router","128","osdb","64","F8FE629325A07588118BA0B65880A87DED43EF249CCBC91F0E977BBACAE0C125","00010000","1025B343","4B1AC26C40AD4DA50312FD3B694D7E636FB768C2336FE773BC82D36424C27A4B","auto-k2","full-auto-reference","18994","18994","0","paq8px-generic-sse=1","0:1,36:1","True","False","2","39.6045838","39.541717","549.875","PASS"
"e5-router","128","osdb","64","F8FE629325A07588118BA0B65880A87DED43EF249CCBC91F0E977BBACAE0C125","00010000","1025B343","4B1AC26C40AD4DA50312FD3B694D7E636FB768C2336FE773BC82D36424C27A4B","auto-k4","full-auto-reference","18994","18994","0","paq8px-generic-sse=1","0:1,2:1,36:1,37:1","True","False","4","94.8744024","43.6319741","549.93359375","PASS"
"e5-router","128","osdb","64","F8FE629325A07588118BA0B65880A87DED43EF249CCBC91F0E977BBACAE0C125","00010000","1025B343","4B1AC26C40AD4DA50312FD3B694D7E636FB768C2336FE773BC82D36424C27A4B","auto-k8","full-auto-reference","18994","18994","0","paq8px-generic-sse=1","0:1,2:1,4:1,6:1,19:1,28:1,36:1,37:1","True","False","8","88.6464932","41.7554146","549.9140625","PASS"
"e5-router","128","reymont","128","A6CA7478854C1E80DFEAF9FB3444B357F9D7625E55232FAE3B3632A5A1217DEA","00010000","1025B343","4B1AC26C40AD4DA50312FD3B694D7E636FB768C2336FE773BC82D36424C27A4B","auto-k2","full-auto-reference","19991","20174","183","paq8px-detected-sse=1","0:1,36:1","False","False","2","47.6552873","47.5222694","545.57421875","PASS"
"e5-router","128","reymont","128","A6CA7478854C1E80DFEAF9FB3444B357F9D7625E55232FAE3B3632A5A1217DEA","00010000","1025B343","4B1AC26C40AD4DA50312FD3B694D7E636FB768C2336FE773BC82D36424C27A4B","auto-k4","full-auto-reference","19991","19991","0","paq8px-detected-sse=1","0:1,2:1,36:1,37:1","True","False","4","116.2371759","52.034624","545.56640625","PASS"
"e5-router","128","reymont","128","A6CA7478854C1E80DFEAF9FB3444B357F9D7625E55232FAE3B3632A5A1217DEA","00010000","1025B343","4B1AC26C40AD4DA50312FD3B694D7E636FB768C2336FE773BC82D36424C27A4B","auto-k8","full-auto-reference","19991","19991","0","paq8px-detected-sse=1","0:1,2:1,4:1,6:1,19:1,28:1,36:1,37:1","True","False","8","115.6027117","34.4350723","545.5390625","PASS"
"e5-router","128","reymont","32","9D5E4B9340C2260DAE7DDB01B3EDA58236FF2DE5E1FF4D56767AA840B6FB1A87","00010000","1025B343","4B1AC26C40AD4DA50312FD3B694D7E636FB768C2336FE773BC82D36424C27A4B","auto-k2","full-auto-reference","5679","5726","47","paq8px-detected-sse=1","0:1,36:1","False","False","2","12.500013","12.4188966","544.7734375","PASS"
"e5-router","128","reymont","32","9D5E4B9340C2260DAE7DDB01B3EDA58236FF2DE5E1FF4D56767AA840B6FB1A87","00010000","1025B343","4B1AC26C40AD4DA50312FD3B694D7E636FB768C2336FE773BC82D36424C27A4B","auto-k4","full-auto-reference","5679","5679","0","paq8px-detected-sse=1","0:1,2:1,36:1,37:1","True","False","4","27.7688483","6.1315953","544.7734375","PASS"
"e5-router","128","reymont","32","9D5E4B9340C2260DAE7DDB01B3EDA58236FF2DE5E1FF4D56767AA840B6FB1A87","00010000","1025B343","4B1AC26C40AD4DA50312FD3B694D7E636FB768C2336FE773BC82D36424C27A4B","auto-k8","full-auto-reference","5679","5679","0","paq8px-detected-sse=1","0:1,2:1,4:1,6:1,19:1,28:1,36:1,37:1","True","False","8","26.4230597","6.540883","544.8046875","PASS"
"e5-router","128","reymont","64","A5ECAAABB133F1ADF8DE6062BE6381D143E87F9F8050EEA9B5BE6F92B88C3C22","00010000","1025B343","4B1AC26C40AD4DA50312FD3B694D7E636FB768C2336FE773BC82D36424C27A4B","auto-k2","full-auto-reference","10629","10718","89","paq8px-detected-sse=1","0:1,36:1","False","False","2","24.2341457","24.2080665","545.18359375","PASS"
"e5-router","128","reymont","64","A5ECAAABB133F1ADF8DE6062BE6381D143E87F9F8050EEA9B5BE6F92B88C3C22","00010000","1025B343","4B1AC26C40AD4DA50312FD3B694D7E636FB768C2336FE773BC82D36424C27A4B","auto-k4","full-auto-reference","10629","10629","0","paq8px-detected-sse=1","0:1,2:1,36:1,37:1","True","False","4","57.6469768","14.6221119","545.14453125","PASS"
"e5-router","128","reymont","64","A5ECAAABB133F1ADF8DE6062BE6381D143E87F9F8050EEA9B5BE6F92B88C3C22","00010000","1025B343","4B1AC26C40AD4DA50312FD3B694D7E636FB768C2336FE773BC82D36424C27A4B","auto-k8","full-auto-reference","10629","10629","0","paq8px-detected-sse=1","0:1,2:1,4:1,6:1,19:1,28:1,36:1,37:1","True","False","8","56.8169657","15.6066579","545.140625","PASS"
"e5-router","128","samba","128","F3B8C4AD35BC6CF21977895D6F04A22B1422605942FA5AFE35CE28B2A221D7E8","00010000","1025B343","4B1AC26C40AD4DA50312FD3B694D7E636FB768C2336FE773BC82D36424C27A4B","auto-k2","full-auto-reference","31518","31518","0","paq8px-generic-sse=1","0:1,36:1","True","False","2","73.4105146","75.876185","546.89453125","PASS"
"e5-router","128","samba","128","F3B8C4AD35BC6CF21977895D6F04A22B1422605942FA5AFE35CE28B2A221D7E8","00010000","1025B343","4B1AC26C40AD4DA50312FD3B694D7E636FB768C2336FE773BC82D36424C27A4B","auto-k4","full-auto-reference","31518","31518","0","paq8px-generic-sse=1","0:1,2:1,36:1,37:1","True","False","4","176.3375228","77.7294136","547.171875","PASS"
"e5-router","128","samba","128","F3B8C4AD35BC6CF21977895D6F04A22B1422605942FA5AFE35CE28B2A221D7E8","00010000","1025B343","4B1AC26C40AD4DA50312FD3B694D7E636FB768C2336FE773BC82D36424C27A4B","auto-k8","full-auto-reference","31518","31518","0","paq8px-generic-sse=1","0:1,2:1,4:1,6:1,19:1,28:1,36:1,37:1","True","False","8","164.4062529","78.3468091","546.95703125","PASS"
"e5-router","128","samba","32","9C4F5BEE544E4531E4946E62F796987418B4526911C34877EF282F14DD57AD12","00010000","1025B343","4B1AC26C40AD4DA50312FD3B694D7E636FB768C2336FE773BC82D36424C27A4B","auto-k2","full-auto-reference","7956","7956","0","paq8px-generic-sse=1","0:1,36:1","True","False","2","13.6309494","14.2874731","545.30078125","PASS"
"e5-router","128","samba","32","9C4F5BEE544E4531E4946E62F796987418B4526911C34877EF282F14DD57AD12","00010000","1025B343","4B1AC26C40AD4DA50312FD3B694D7E636FB768C2336FE773BC82D36424C27A4B","auto-k4","full-auto-reference","7956","7956","0","paq8px-generic-sse=1","0:1,2:1,36:1,37:1","True","False","4","43.902668","17.1223259","545.3203125","PASS"
"e5-router","128","samba","32","9C4F5BEE544E4531E4946E62F796987418B4526911C34877EF282F14DD57AD12","00010000","1025B343","4B1AC26C40AD4DA50312FD3B694D7E636FB768C2336FE773BC82D36424C27A4B","auto-k8","full-auto-reference","7956","7956","0","paq8px-generic-sse=1","0:1,2:1,4:1,6:1,19:1,28:1,36:1,37:1","True","False","8","41.1677353","17.519787","545.32421875","PASS"
"e5-router","128","samba","64","3E0420984C0F260EA7350734600CEA9D8500B745E2E4B7DBD4D1DA1D1ADAC421","00010000","1025B343","4B1AC26C40AD4DA50312FD3B694D7E636FB768C2336FE773BC82D36424C27A4B","auto-k2","full-auto-reference","15270","15270","0","paq8px-generic-sse=1","0:1,36:1","True","False","2","27.0731238","37.496231","545.76953125","PASS"
"e5-router","128","samba","64","3E0420984C0F260EA7350734600CEA9D8500B745E2E4B7DBD4D1DA1D1ADAC421","00010000","1025B343","4B1AC26C40AD4DA50312FD3B694D7E636FB768C2336FE773BC82D36424C27A4B","auto-k4","full-auto-reference","15270","15270","0","paq8px-generic-sse=1","0:1,2:1,36:1,37:1","True","False","4","89.6229514","42.772797","545.78125","PASS"
"e5-router","128","samba","64","3E0420984C0F260EA7350734600CEA9D8500B745E2E4B7DBD4D1DA1D1ADAC421","00010000","1025B343","4B1AC26C40AD4DA50312FD3B694D7E636FB768C2336FE773BC82D36424C27A4B","auto-k8","full-auto-reference","15270","15270","0","paq8px-generic-sse=1","0:1,2:1,4:1,6:1,19:1,28:1,36:1,37:1","True","False","8","86.084661","39.8923295","545.77734375","PASS"
"e5-router","128","sao","128","75E535B42DB7505118D8B19C7C42C1F49C5542ADDC9DBC13383953659F675CE0","00010000","1025B343","4B1AC26C40AD4DA50312FD3B694D7E636FB768C2336FE773BC82D36424C27A4B","auto-k2","full-auto-reference","71243","71243","0","paq8px-generic-sse=1","0:1,36:1","True","False","2","109.376221","108.5972052","551.8671875","PASS"
"e5-router","128","sao","128","75E535B42DB7505118D8B19C7C42C1F49C5542ADDC9DBC13383953659F675CE0","00010000","1025B343","4B1AC26C40AD4DA50312FD3B694D7E636FB768C2336FE773BC82D36424C27A4B","auto-k4","full-auto-reference","71243","71243","0","paq8px-generic-sse=1","0:1,2:1,36:1,37:1","True","False","4","217.4326228","104.3473259","551.9140625","PASS"
"e5-router","128","sao","128","75E535B42DB7505118D8B19C7C42C1F49C5542ADDC9DBC13383953659F675CE0","00010000","1025B343","4B1AC26C40AD4DA50312FD3B694D7E636FB768C2336FE773BC82D36424C27A4B","auto-k8","full-auto-reference","71243","71243","0","paq8px-generic-sse=1","0:1,2:1,3:1,4:1,27:1,28:1,36:1,37:1","True","False","8","211.9105449","103.9270695","551.921875","PASS"
"e5-router","128","sao","32","95677430CAD4F000506BC5EE22815C3F4E13D64B477ED506B78D5D9ACFB50CCD","00010000","1025B343","4B1AC26C40AD4DA50312FD3B694D7E636FB768C2336FE773BC82D36424C27A4B","auto-k2","full-auto-reference","18805","18805","0","paq8px-generic-sse=1","0:1,36:1","True","False","2","21.2052541","25.697966","548.75","PASS"
"e5-router","128","sao","32","95677430CAD4F000506BC5EE22815C3F4E13D64B477ED506B78D5D9ACFB50CCD","00010000","1025B343","4B1AC26C40AD4DA50312FD3B694D7E636FB768C2336FE773BC82D36424C27A4B","auto-k4","full-auto-reference","18805","18805","0","paq8px-generic-sse=1","0:1,2:1,36:1,37:1","True","False","4","53.1475124","24.1206498","548.83984375","PASS"
"e5-router","128","sao","32","95677430CAD4F000506BC5EE22815C3F4E13D64B477ED506B78D5D9ACFB50CCD","00010000","1025B343","4B1AC26C40AD4DA50312FD3B694D7E636FB768C2336FE773BC82D36424C27A4B","auto-k8","full-auto-reference","18805","18805","0","paq8px-generic-sse=1","0:1,2:1,3:1,4:1,27:1,28:1,36:1,37:1","True","False","8","51.1105881","22.6440334","548.8125","PASS"
"e5-router","128","sao","64","17CBD7166A47786139F60BA33B4E771CE0154F6FA56986883D129BC23F78EBEE","00010000","1025B343","4B1AC26C40AD4DA50312FD3B694D7E636FB768C2336FE773BC82D36424C27A4B","auto-k2","full-auto-reference","36379","36379","0","paq8px-generic-sse=1","0:1,36:1","True","False","2","53.0982542","51.6543812","550.515625","PASS"
"e5-router","128","sao","64","17CBD7166A47786139F60BA33B4E771CE0154F6FA56986883D129BC23F78EBEE","00010000","1025B343","4B1AC26C40AD4DA50312FD3B694D7E636FB768C2336FE773BC82D36424C27A4B","auto-k4","full-auto-reference","36379","36379","0","paq8px-generic-sse=1","0:1,2:1,36:1,37:1","True","False","4","92.7677572","52.1439938","550.54296875","PASS"
"e5-router","128","sao","64","17CBD7166A47786139F60BA33B4E771CE0154F6FA56986883D129BC23F78EBEE","00010000","1025B343","4B1AC26C40AD4DA50312FD3B694D7E636FB768C2336FE773BC82D36424C27A4B","auto-k8","full-auto-reference","36379","36379","0","paq8px-generic-sse=1","0:1,2:1,3:1,4:1,27:1,28:1,36:1,37:1","True","False","8","105.3092251","49.6725008","550.58203125","PASS"
"e5-router","128","webster","128","C069C1FDCA99BC5C44F06D134CD0CDA60315DD631AA6564733B2CE0E6D59305C","00010000","1025B343","4B1AC26C40AD4DA50312FD3B694D7E636FB768C2336FE773BC82D36424C27A4B","auto-k2","full-auto-reference","25871","26170","299","paq8px-detected-sse=1","0:1,36:1","False","False","2","89.4046142","86.3644094","547.41015625","PASS"
"e5-router","128","webster","128","C069C1FDCA99BC5C44F06D134CD0CDA60315DD631AA6564733B2CE0E6D59305C","00010000","1025B343","4B1AC26C40AD4DA50312FD3B694D7E636FB768C2336FE773BC82D36424C27A4B","auto-k4","full-auto-reference","25871","25871","0","paq8px-detected-sse=1","0:1,2:1,36:1,37:1","True","False","4","125.6603849","38.5662114","547.39453125","PASS"
"e5-router","128","webster","128","C069C1FDCA99BC5C44F06D134CD0CDA60315DD631AA6564733B2CE0E6D59305C","00010000","1025B343","4B1AC26C40AD4DA50312FD3B694D7E636FB768C2336FE773BC82D36424C27A4B","auto-k8","full-auto-reference","25871","25871","0","paq8px-detected-sse=1","0:1,2:1,4:1,6:1,19:1,28:1,36:1,37:1","True","False","8","141.1828333","41.8670107","547.390625","PASS"
"e5-router","128","webster","32","774D224695AF4057353F72602BB96CD2AFEEA059AC7737535645F11596FCA85E","00010000","1025B343","4B1AC26C40AD4DA50312FD3B694D7E636FB768C2336FE773BC82D36424C27A4B","auto-k2","full-auto-reference","9258","9355","97","paq8px-detected-sse=1","0:1,36:1","False","False","2","19.9393139","20.0506499","546.72265625","PASS"
"e5-router","128","webster","32","774D224695AF4057353F72602BB96CD2AFEEA059AC7737535645F11596FCA85E","00010000","1025B343","4B1AC26C40AD4DA50312FD3B694D7E636FB768C2336FE773BC82D36424C27A4B","auto-k4","full-auto-reference","9258","9258","0","paq8px-detected-sse=1","0:1,2:1,36:1,37:1","True","False","4","31.7524348","7.2925163","546.74609375","PASS"
"e5-router","128","webster","32","774D224695AF4057353F72602BB96CD2AFEEA059AC7737535645F11596FCA85E","00010000","1025B343","4B1AC26C40AD4DA50312FD3B694D7E636FB768C2336FE773BC82D36424C27A4B","auto-k8","full-auto-reference","9258","9258","0","paq8px-detected-sse=1","0:1,2:1,4:1,6:1,19:1,28:1,36:1,37:1","True","False","8","32.6513532","7.4943898","546.7265625","PASS"
"e5-router","128","webster","64","262258811321382F9E4F44D2184B6B7FED0336CF831446D8336C47D6CCC2B32E","00010000","1025B343","4B1AC26C40AD4DA50312FD3B694D7E636FB768C2336FE773BC82D36424C27A4B","auto-k2","full-auto-reference","15190","15351","161","paq8px-detected-sse=1","0:1,36:1","False","False","2","43.7076752","44.1141935","547.0390625","PASS"
"e5-router","128","webster","64","262258811321382F9E4F44D2184B6B7FED0336CF831446D8336C47D6CCC2B32E","00010000","1025B343","4B1AC26C40AD4DA50312FD3B694D7E636FB768C2336FE773BC82D36424C27A4B","auto-k4","full-auto-reference","15190","15190","0","paq8px-detected-sse=1","0:1,2:1,36:1,37:1","True","False","4","62.4557985","17.4833664","547.0390625","PASS"
"e5-router","128","webster","64","262258811321382F9E4F44D2184B6B7FED0336CF831446D8336C47D6CCC2B32E","00010000","1025B343","4B1AC26C40AD4DA50312FD3B694D7E636FB768C2336FE773BC82D36424C27A4B","auto-k8","full-auto-reference","15190","15190","0","paq8px-detected-sse=1","0:1,2:1,4:1,6:1,19:1,28:1,36:1,37:1","True","False","8","65.6261104","19.9475638","547.0234375","PASS"
"e5-router","128","x-ray","128","7A65B793FB2A694C20686275A899B304445473528F7C998BE26F8C68EB18F76E","00010000","1025B343","4B1AC26C40AD4DA50312FD3B694D7E636FB768C2336FE773BC82D36424C27A4B","auto-k2","full-auto-reference","57609","57609","0","paq8px-generic-sse=1","0:1,36:1","True","False","2","96.1030203","91.781793","547.71875","PASS"
"e5-router","128","x-ray","128","7A65B793FB2A694C20686275A899B304445473528F7C998BE26F8C68EB18F76E","00010000","1025B343","4B1AC26C40AD4DA50312FD3B694D7E636FB768C2336FE773BC82D36424C27A4B","auto-k4","full-auto-reference","57609","57609","0","paq8px-generic-sse=1","0:1,2:1,36:1,37:1","True","False","4","187.3872812","84.7192025","547.84375","PASS"
"e5-router","128","x-ray","128","7A65B793FB2A694C20686275A899B304445473528F7C998BE26F8C68EB18F76E","00010000","1025B343","4B1AC26C40AD4DA50312FD3B694D7E636FB768C2336FE773BC82D36424C27A4B","auto-k8","full-auto-reference","57609","57609","0","paq8px-generic-sse=1","0:1,2:1,3:1,4:1,10:1,12:1,36:1,37:1","True","False","8","206.5444813","95.9417012","547.80078125","PASS"
"e5-router","128","x-ray","32","10511AA63DFBD9C0DDBFEFE36068740103D4BA1116E214154A0772057D7E9314","00010000","1025B343","4B1AC26C40AD4DA50312FD3B694D7E636FB768C2336FE773BC82D36424C27A4B","auto-k2","full-auto-reference","14702","14702","0","paq8px-generic-sse=1","0:1,36:1","True","False","2","19.2074933","19.8634709","547.1328125","PASS"
"e5-router","128","x-ray","32","10511AA63DFBD9C0DDBFEFE36068740103D4BA1116E214154A0772057D7E9314","00010000","1025B343","4B1AC26C40AD4DA50312FD3B694D7E636FB768C2336FE773BC82D36424C27A4B","auto-k4","full-auto-reference","14702","14702","0","paq8px-generic-sse=1","0:1,2:1,36:1,37:1","True","False","4","41.0466565","17.2175846","547.19921875","PASS"
"e5-router","128","x-ray","32","10511AA63DFBD9C0DDBFEFE36068740103D4BA1116E214154A0772057D7E9314","00010000","1025B343","4B1AC26C40AD4DA50312FD3B694D7E636FB768C2336FE773BC82D36424C27A4B","auto-k8","full-auto-reference","14702","14702","0","paq8px-generic-sse=1","0:1,2:1,3:1,4:1,10:1,12:1,36:1,37:1","True","False","8","45.3294499","18.7499393","547.17578125","PASS"
"e5-router","128","x-ray","64","B5A07146616BCD7C2D10071D41E07D204DE0AC629C4CA37D8E867FF00574D0D8","00010000","1025B343","4B1AC26C40AD4DA50312FD3B694D7E636FB768C2336FE773BC82D36424C27A4B","auto-k2","full-auto-reference","29135","29135","0","paq8px-generic-sse=1","0:1,36:1","True","False","2","44.6752773","44.4683471","547.41796875","PASS"
"e5-router","128","x-ray","64","B5A07146616BCD7C2D10071D41E07D204DE0AC629C4CA37D8E867FF00574D0D8","00010000","1025B343","4B1AC26C40AD4DA50312FD3B694D7E636FB768C2336FE773BC82D36424C27A4B","auto-k4","full-auto-reference","29135","29135","0","paq8px-generic-sse=1","0:1,2:1,36:1,37:1","True","False","4","85.0629699","40.9520422","547.4765625","PASS"
"e5-router","128","x-ray","64","B5A07146616BCD7C2D10071D41E07D204DE0AC629C4CA37D8E867FF00574D0D8","00010000","1025B343","4B1AC26C40AD4DA50312FD3B694D7E636FB768C2336FE773BC82D36424C27A4B","auto-k8","full-auto-reference","29135","29135","0","paq8px-generic-sse=1","0:1,2:1,3:1,4:1,10:1,12:1,36:1,37:1","True","False","8","100.681684","46.0375776","547.4765625","PASS"
"e5-router","128","xml","128","5FA29C746885F2EEB98734218475915A78092CCB3B0F68B08861EE210E5B6E25","00010000","1025B343","4B1AC26C40AD4DA50312FD3B694D7E636FB768C2336FE773BC82D36424C27A4B","auto-k2","full-auto-reference","4180","4180","0","paq8px-generic-sse=1","0:1,36:1","True","False","2","53.0740971","52.9537096","544.94140625","PASS"
"e5-router","128","xml","128","5FA29C746885F2EEB98734218475915A78092CCB3B0F68B08861EE210E5B6E25","00010000","1025B343","4B1AC26C40AD4DA50312FD3B694D7E636FB768C2336FE773BC82D36424C27A4B","auto-k4","full-auto-reference","4180","4180","0","paq8px-generic-sse=1","0:1,2:1,36:1,37:1","True","False","4","115.9948336","53.8287501","544.8984375","PASS"
"e5-router","128","xml","128","5FA29C746885F2EEB98734218475915A78092CCB3B0F68B08861EE210E5B6E25","00010000","1025B343","4B1AC26C40AD4DA50312FD3B694D7E636FB768C2336FE773BC82D36424C27A4B","auto-k8","full-auto-reference","4180","4180","0","paq8px-generic-sse=1","0:1,2:1,4:1,6:1,19:1,28:1,36:1,37:1","True","False","8","119.0671439","55.9148664","544.8984375","PASS"
"e5-router","128","xml","32","C2F7F129956F8D6FC3D0E3595D93F98D5270B6F5BC4AB5E70F45867822EFDD71","00010000","1025B343","4B1AC26C40AD4DA50312FD3B694D7E636FB768C2336FE773BC82D36424C27A4B","auto-k2","full-auto-reference","1441","1441","0","paq8px-generic-sse=1","0:1,36:1","True","False","2","9.3587552","9.4468775","542.859375","PASS"
"e5-router","128","xml","32","C2F7F129956F8D6FC3D0E3595D93F98D5270B6F5BC4AB5E70F45867822EFDD71","00010000","1025B343","4B1AC26C40AD4DA50312FD3B694D7E636FB768C2336FE773BC82D36424C27A4B","auto-k4","full-auto-reference","1441","1441","0","paq8px-generic-sse=1","0:1,2:1,36:1,37:1","True","False","4","24.2086776","10.6993166","542.91796875","PASS"
"e5-router","128","xml","32","C2F7F129956F8D6FC3D0E3595D93F98D5270B6F5BC4AB5E70F45867822EFDD71","00010000","1025B343","4B1AC26C40AD4DA50312FD3B694D7E636FB768C2336FE773BC82D36424C27A4B","auto-k8","full-auto-reference","1441","1441","0","paq8px-generic-sse=1","0:1,2:1,4:1,6:1,19:1,28:1,36:1,37:1","True","False","8","26.4161814","9.5652347","542.90234375","PASS"
"e5-router","128","xml","64","E32AFF2BEBF00105A17DD57F5490C1986D17543CEE837B42EB56B3E0E6F8E7F1","00010000","1025B343","4B1AC26C40AD4DA50312FD3B694D7E636FB768C2336FE773BC82D36424C27A4B","auto-k2","full-auto-reference","2272","2272","0","paq8px-generic-sse=1","0:1,36:1","True","False","2","23.8477641","23.9033891","543.87109375","PASS"
"e5-router","128","xml","64","E32AFF2BEBF00105A17DD57F5490C1986D17543CEE837B42EB56B3E0E6F8E7F1","00010000","1025B343","4B1AC26C40AD4DA50312FD3B694D7E636FB768C2336FE773BC82D36424C27A4B","auto-k4","full-auto-reference","2272","2272","0","paq8px-generic-sse=1","0:1,2:1,36:1,37:1","True","False","4","51.9943711","22.3238911","543.91015625","PASS"
"e5-router","128","xml","64","E32AFF2BEBF00105A17DD57F5490C1986D17543CEE837B42EB56B3E0E6F8E7F1","00010000","1025B343","4B1AC26C40AD4DA50312FD3B694D7E636FB768C2336FE773BC82D36424C27A4B","auto-k8","full-auto-reference","2272","2272","0","paq8px-generic-sse=1","0:1,2:1,4:1,6:1,19:1,28:1,36:1,37:1","True","False","8","56.7390103","24.6863289","543.9765625","PASS"
