"stage","policy","block_size_kib","timing_repeat","warmup","candidates_evaluated","full_oracle_evaluated","candidate_modes","experiment_id","variant","repeat","case_order","file","scope_kib","input_path","input_bytes","input_sha256","archive_path","archive_bytes","archive_sha256","decoded_path","decoded_bytes","decoded_sha256","encode_seconds","decode_seconds","encode_peak_ram_mib","decode_peak_ram_mib","peak_ram_mib","codec_sha256","parameters","encode_command","decode_command","encode_exit_code","decode_exit_code","started_at","status","roundtrip","block_types","notes"
"e6-fast","fast","32","0","True","0","0","none","hybridzip-r2-e6-fast-full-20260828-retry1-fast-b32-r0","r2-fast","1","1","dickens","32","inputs/32KiB/dickens.bin","32768","FC42DCB9849222C8704C9DCAE606D075B389B66244FB215035148D6409EC0B31","archives/32KiB/dickens.hz2","14205","53B8A534899E0E9F1904FAC39E6C7728F45E9B354A4A49EFF5016B53F48ED977","decoded/32KiB/dickens.decoded","32768","FC42DCB9849222C8704C9DCAE606D075B389B66244FB215035148D6409EC0B31","0.0619079","0.0455768","5.01953125","2.02734375","5.01953125","E65526F9DFF3F93844E004D63C7B2A4E4F219B5EAB3F1B3D3ABCF0B301F65003","profile_id=2;mode=fast;block_size=32768;zstd_level=3;lzma_level=9;threads=1;process_timeout_seconds=3600","""E:\MIXER\hybridzip\build\Release\hybridzip.exe"" c --profile=r2 --r2-mode=fast --block-size=32768 --zstd-level=3 ""E:\MIXER\hybridzip\results\experiments\hybridzip-r2-e6-fast-full-20260828-retry1\children\hybridzip-r2-e6-fast-full-20260828-retry1-fast-b32-r0\inputs\32KiB\dickens.bin"" ""E:\MIXER\hybridzip\results\experiments\hybridzip-r2-e6-fast-full-20260828-retry1\children\hybridzip-r2-e6-fast-full-20260828-retry1-fast-b32-r0\archives\32KiB\dickens.hz2""","""E:\MIXER\hybridzip\build\Release\hybridzip.exe"" d ""E:\MIXER\hybridzip\results\experiments\hybridzip-r2-e6-fast-full-20260828-retry1\children\hybridzip-r2-e6-fast-full-20260828-retry1-fast-b32-r0\archives\32KiB\dickens.hz2"" ""E:\MIXER\hybridzip\results\experiments\hybridzip-r2-e6-fast-full-20260828-retry1\children\hybridzip-r2-e6-fast-full-20260828-retry1-fast-b32-r0\decoded\32KiB\dickens.decoded""","0","0","2026-08-28T02:37:54.1590775+08:00","COMPLETE","PASS","zstd=1","Complete R2 archive size; SHA-256 byte-exact roundtrip verified."
"e6-fast","fast","32","0","True","0","0","none","hybridzip-r2-e6-fast-full-20260828-retry1-fast-b32-r0","r2-fast","1","2","dickens","64","inputs/64KiB/dickens.bin","65536","134AD989A7B8B40C900A3B9C0F4895317DFD827D9E6E933895B08D2F4A8A8293","archives/64KiB/dickens.hz2","28113","E0A20889BAD0D1C1D7E139FE9C1531DA7A8F40E34E7FD4C1E073FC10614F42C3","decoded/64KiB/dickens.decoded","65536","134AD989A7B8B40C900A3B9C0F4895317DFD827D9E6E933895B08D2F4A8A8293","0.0527096","0.0484747","5.046875","4.125","5.046875","E65526F9DFF3F93844E004D63C7B2A4E4F219B5EAB3F1B3D3ABCF0B301F65003","profile_id=2;mode=fast;block_size=32768;zstd_level=3;lzma_level=9;threads=1;process_timeout_seconds=3600","""E:\MIXER\hybridzip\build\Release\hybridzip.exe"" c --profile=r2 --r2-mode=fast --block-size=32768 --zstd-level=3 ""E:\MIXER\hybridzip\results\experiments\hybridzip-r2-e6-fast-full-20260828-retry1\children\hybridzip-r2-e6-fast-full-20260828-retry1-fast-b32-r0\inputs\64KiB\dickens.bin"" ""E:\MIXER\hybridzip\results\experiments\hybridzip-r2-e6-fast-full-20260828-retry1\children\hybridzip-r2-e6-fast-full-20260828-retry1-fast-b32-r0\archives\64KiB\dickens.hz2""","""E:\MIXER\hybridzip\build\Release\hybridzip.exe"" d ""E:\MIXER\hybridzip\results\experiments\hybridzip-r2-e6-fast-full-20260828-retry1\children\hybridzip-r2-e6-fast-full-20260828-retry1-fast-b32-r0\archives\64KiB\dickens.hz2"" ""E:\MIXER\hybridzip\results\experiments\hybridzip-r2-e6-fast-full-20260828-retry1\children\hybridzip-r2-e6-fast-full-20260828-retry1-fast-b32-r0\decoded\64KiB\dickens.decoded""","0","0","2026-08-28T02:37:54.4369061+08:00","COMPLETE","PASS","zstd=2","Complete R2 archive size; SHA-256 byte-exact roundtrip verified."
"e6-fast","fast","32","0","True","0","0","none","hybridzip-r2-e6-fast-full-20260828-retry1-fast-b32-r0","r2-fast","1","3","dickens","128","inputs/128KiB/dickens.bin","131072","20E33FCC8FAA96DC32A2D0921115C0F363E64C598A5847CE1A3876E356D59872","archives/128KiB/dickens.hz2","55708","DB7CC4AF653702785CEBC0B85D1B9999F957C0800F10448F9F8C890E28DE20B2","decoded/128KiB/dickens.decoded","131072","20E33FCC8FAA96DC32A2D0921115C0F363E64C598A5847CE1A3876E356D59872","0.0505992","0.0522816","5.00390625","2.02734375","5.00390625","E65526F9DFF3F93844E004D63C7B2A4E4F219B5EAB3F1B3D3ABCF0B301F65003","profile_id=2;mode=fast;block_size=32768;zstd_level=3;lzma_level=9;threads=1;process_timeout_seconds=3600","""E:\MIXER\hybridzip\build\Release\hybridzip.exe"" c --profile=r2 --r2-mode=fast --block-size=32768 --zstd-level=3 ""E:\MIXER\hybridzip\results\experiments\hybridzip-r2-e6-fast-full-20260828-retry1\children\hybridzip-r2-e6-fast-full-20260828-retry1-fast-b32-r0\inputs\128KiB\dickens.bin"" ""E:\MIXER\hybridzip\results\experiments\hybridzip-r2-e6-fast-full-20260828-retry1\children\hybridzip-r2-e6-fast-full-20260828-retry1-fast-b32-r0\archives\128KiB\dickens.hz2""","""E:\MIXER\hybridzip\build\Release\hybridzip.exe"" d ""E:\MIXER\hybridzip\results\experiments\hybridzip-r2-e6-fast-full-20260828-retry1\children\hybridzip-r2-e6-fast-full-20260828-retry1-fast-b32-r0\archives\128KiB\dickens.hz2"" ""E:\MIXER\hybridzip\results\experiments\hybridzip-r2-e6-fast-full-20260828-retry1\children\hybridzip-r2-e6-fast-full-20260828-retry1-fast-b32-r0\decoded\128KiB\dickens.decoded""","0","0","2026-08-28T02:37:54.6116087+08:00","COMPLETE","PASS","zstd=4","Complete R2 archive size; SHA-256 byte-exact roundtrip verified."
"e6-fast","fast","32","0","True","0","0","none","hybridzip-r2-e6-fast-full-20260828-retry1-fast-b32-r0","r2-fast","1","4","mozilla","32","inputs/32KiB/mozilla.bin","32768","9DDEEF36CA0CA55B72FE3376D005926DFF3400A2ADE6EAE18482D8017D8645DB","archives/32KiB/mozilla.hz2","11272","C9D6249AFFEC3476809A8D05C168F93803057CBCA968771D06588FD07A919358","decoded/32KiB/mozilla.decoded","32768","9DDEEF36CA0CA55B72FE3376D005926DFF3400A2ADE6EAE18482D8017D8645DB","0.0694285","0.0479822","2.02734375","3.87109375","3.87109375","E65526F9DFF3F93844E004D63C7B2A4E4F219B5EAB3F1B3D3ABCF0B301F65003","profile_id=2;mode=fast;block_size=32768;zstd_level=3;lzma_level=9;threads=1;process_timeout_seconds=3600","""E:\MIXER\hybridzip\build\Release\hybridzip.exe"" c --profile=r2 --r2-mode=fast --block-size=32768 --zstd-level=3 ""E:\MIXER\hybridzip\results\experiments\hybridzip-r2-e6-fast-full-20260828-retry1\children\hybridzip-r2-e6-fast-full-20260828-retry1-fast-b32-r0\inputs\32KiB\mozilla.bin"" ""E:\MIXER\hybridzip\results\experiments\hybridzip-r2-e6-fast-full-20260828-retry1\children\hybridzip-r2-e6-fast-full-20260828-retry1-fast-b32-r0\archives\32KiB\mozilla.hz2""","""E:\MIXER\hybridzip\build\Release\hybridzip.exe"" d ""E:\MIXER\hybridzip\results\experiments\hybridzip-r2-e6-fast-full-20260828-retry1\children\hybridzip-r2-e6-fast-full-20260828-retry1-fast-b32-r0\archives\32KiB\mozilla.hz2"" ""E:\MIXER\hybridzip\results\experiments\hybridzip-r2-e6-fast-full-20260828-retry1\children\hybridzip-r2-e6-fast-full-20260828-retry1-fast-b32-r0\decoded\32KiB\mozilla.decoded""","0","0","2026-08-28T02:37:54.7995536+08:00","COMPLETE","PASS","zstd=1","Complete R2 archive size; SHA-256 byte-exact roundtrip verified."
"e6-fast","fast","32","0","True","0","0","none","hybridzip-r2-e6-fast-full-20260828-retry1-fast-b32-r0","r2-fast","1","5","mozilla","64","inputs/64KiB/mozilla.bin","65536","B0050240663F54371D372303EEABA0A59AB0758BCD565F4F639D06561E6BC996","archives/64KiB/mozilla.hz2","18134","0314A3399BE0026A29D8DA09226F4CB94523582B52DA8A18FC43A2D81B4F7FF0","decoded/64KiB/mozilla.decoded","65536","B0050240663F54371D372303EEABA0A59AB0758BCD565F4F639D06561E6BC996","0.0541549","0.0469687","2.02734375","4.453125","4.453125","E65526F9DFF3F93844E004D63C7B2A4E4F219B5EAB3F1B3D3ABCF0B301F65003","profile_id=2;mode=fast;block_size=32768;zstd_level=3;lzma_level=9;threads=1;process_timeout_seconds=3600","""E:\MIXER\hybridzip\build\Release\hybridzip.exe"" c --profile=r2 --r2-mode=fast --block-size=32768 --zstd-level=3 ""E:\MIXER\hybridzip\results\experiments\hybridzip-r2-e6-fast-full-20260828-retry1\children\hybridzip-r2-e6-fast-full-20260828-retry1-fast-b32-r0\inputs\64KiB\mozilla.bin"" ""E:\MIXER\hybridzip\results\experiments\hybridzip-r2-e6-fast-full-20260828-retry1\children\hybridzip-r2-e6-fast-full-20260828-retry1-fast-b32-r0\archives\64KiB\mozilla.hz2""","""E:\MIXER\hybridzip\build\Release\hybridzip.exe"" d ""E:\MIXER\hybridzip\results\experiments\hybridzip-r2-e6-fast-full-20260828-retry1\children\hybridzip-r2-e6-fast-full-20260828-retry1-fast-b32-r0\archives\64KiB\mozilla.hz2"" ""E:\MIXER\hybridzip\results\experiments\hybridzip-r2-e6-fast-full-20260828-retry1\children\hybridzip-r2-e6-fast-full-20260828-retry1-fast-b32-r0\decoded\64KiB\mozilla.decoded""","0","0","2026-08-28T02:37:54.9871632+08:00","COMPLETE","PASS","zstd=2","Complete R2 archive size; SHA-256 byte-exact roundtrip verified."
"e6-fast","fast","32","0","True","0","0","none","hybridzip-r2-e6-fast-full-20260828-retry1-fast-b32-r0","r2-fast","1","6","mozilla","128","inputs/128KiB/mozilla.bin","131072","85CDBEA98382DB12E9A21FF90E1907452712D074000A6B855D2CA215FA591EB4","archives/128KiB/mozilla.hz2","27194","4E68A8DBFF74B8A71DF04E6D98E7878F3DD34185A3D39CE6662225C70B041FA0","decoded/128KiB/mozilla.decoded","131072","85CDBEA98382DB12E9A21FF90E1907452712D074000A6B855D2CA215FA591EB4","0.0444242","0.0476756","2.02734375","4.5","4.5","E65526F9DFF3F93844E004D63C7B2A4E4F219B5EAB3F1B3D3ABCF0B301F65003","profile_id=2;mode=fast;block_size=32768;zstd_level=3;lzma_level=9;threads=1;process_timeout_seconds=3600","""E:\MIXER\hybridzip\build\Release\hybridzip.exe"" c --profile=r2 --r2-mode=fast --block-size=32768 --zstd-level=3 ""E:\MIXER\hybridzip\results\experiments\hybridzip-r2-e6-fast-full-20260828-retry1\children\hybridzip-r2-e6-fast-full-20260828-retry1-fast-b32-r0\inputs\128KiB\mozilla.bin"" ""E:\MIXER\hybridzip\results\experiments\hybridzip-r2-e6-fast-full-20260828-retry1\children\hybridzip-r2-e6-fast-full-20260828-retry1-fast-b32-r0\archives\128KiB\mozilla.hz2""","""E:\MIXER\hybridzip\build\Release\hybridzip.exe"" d ""E:\MIXER\hybridzip\results\experiments\hybridzip-r2-e6-fast-full-20260828-retry1\children\hybridzip-r2-e6-fast-full-20260828-retry1-fast-b32-r0\archives\128KiB\mozilla.hz2"" ""E:\MIXER\hybridzip\results\experiments\hybridzip-r2-e6-fast-full-20260828-retry1\children\hybridzip-r2-e6-fast-full-20260828-retry1-fast-b32-r0\decoded\128KiB\mozilla.decoded""","0","0","2026-08-28T02:37:55.1689612+08:00","COMPLETE","PASS","zstd=4","Complete R2 archive size; SHA-256 byte-exact roundtrip verified."
"e6-fast","fast","32","0","True","0","0","none","hybridzip-r2-e6-fast-full-20260828-retry1-fast-b32-r0","r2-fast","1","7","mr","32","inputs/32KiB/mr.bin","32768","3BB287B0AF65F777AB00C14E362B4D1962087260556001BBEE0689AA10D9F76A","archives/32KiB/mr.hz2","8875","C1D01F079771D2C368C949CA680090084B0929DFA557B7F0562597314DDA3A5F","decoded/32KiB/mr.decoded","32768","3BB287B0AF65F777AB00C14E362B4D1962087260556001BBEE0689AA10D9F76A","0.0530754","0.0470488","5.0234375","3.13671875","5.0234375","E65526F9DFF3F93844E004D63C7B2A4E4F219B5EAB3F1B3D3ABCF0B301F65003","profile_id=2;mode=fast;block_size=32768;zstd_level=3;lzma_level=9;threads=1;process_timeout_seconds=3600","""E:\MIXER\hybridzip\build\Release\hybridzip.exe"" c --profile=r2 --r2-mode=fast --block-size=32768 --zstd-level=3 ""E:\MIXER\hybridzip\results\experiments\hybridzip-r2-e6-fast-full-20260828-retry1\children\hybridzip-r2-e6-fast-full-20260828-retry1-fast-b32-r0\inputs\32KiB\mr.bin"" ""E:\MIXER\hybridzip\results\experiments\hybridzip-r2-e6-fast-full-20260828-retry1\children\hybridzip-r2-e6-fast-full-20260828-retry1-fast-b32-r0\archives\32KiB\mr.hz2""","""E:\MIXER\hybridzip\build\Release\hybridzip.exe"" d ""E:\MIXER\hybridzip\results\experiments\hybridzip-r2-e6-fast-full-20260828-retry1\children\hybridzip-r2-e6-fast-full-20260828-retry1-fast-b32-r0\archives\32KiB\mr.hz2"" ""E:\MIXER\hybridzip\results\experiments\hybridzip-r2-e6-fast-full-20260828-retry1\children\hybridzip-r2-e6-fast-full-20260828-retry1-fast-b32-r0\decoded\32KiB\mr.decoded""","0","0","2026-08-28T02:37:55.3316655+08:00","COMPLETE","PASS","zstd=1","Complete R2 archive size; SHA-256 byte-exact roundtrip verified."
"e6-fast","fast","32","0","True","0","0","none","hybridzip-r2-e6-fast-full-20260828-retry1-fast-b32-r0","r2-fast","1","8","mr","64","inputs/64KiB/mr.bin","65536","CAB7B6408934009A4BBFEDB57BEB4943BF5478CF8B3688D01F004E0422EBC651","archives/64KiB/mr.hz2","17564","E21D7226F618864BC7D0E02A03F8A38FB256CE422B1C9D4A6B40C19158DF4F2E","decoded/64KiB/mr.decoded","65536","CAB7B6408934009A4BBFEDB57BEB4943BF5478CF8B3688D01F004E0422EBC651","0.0495977","0.0456649","5.0234375","2.02734375","5.0234375","E65526F9DFF3F93844E004D63C7B2A4E4F219B5EAB3F1B3D3ABCF0B301F65003","profile_id=2;mode=fast;block_size=32768;zstd_level=3;lzma_level=9;threads=1;process_timeout_seconds=3600","""E:\MIXER\hybridzip\build\Release\hybridzip.exe"" c --profile=r2 --r2-mode=fast --block-size=32768 --zstd-level=3 ""E:\MIXER\hybridzip\results\experiments\hybridzip-r2-e6-fast-full-20260828-retry1\children\hybridzip-r2-e6-fast-full-20260828-retry1-fast-b32-r0\inputs\64KiB\mr.bin"" ""E:\MIXER\hybridzip\results\experiments\hybridzip-r2-e6-fast-full-20260828-retry1\children\hybridzip-r2-e6-fast-full-20260828-retry1-fast-b32-r0\archives\64KiB\mr.hz2""","""E:\MIXER\hybridzip\build\Release\hybridzip.exe"" d ""E:\MIXER\hybridzip\results\experiments\hybridzip-r2-e6-fast-full-20260828-retry1\children\hybridzip-r2-e6-fast-full-20260828-retry1-fast-b32-r0\archives\64KiB\mr.hz2"" ""E:\MIXER\hybridzip\results\experiments\hybridzip-r2-e6-fast-full-20260828-retry1\children\hybridzip-r2-e6-fast-full-20260828-retry1-fast-b32-r0\decoded\64KiB\mr.decoded""","0","0","2026-08-28T02:37:55.5046848+08:00","COMPLETE","PASS","zstd=2","Complete R2 archive size; SHA-256 byte-exact roundtrip verified."
"e6-fast","fast","32","0","True","0","0","none","hybridzip-r2-e6-fast-full-20260828-retry1-fast-b32-r0","r2-fast","1","9","mr","128","inputs/128KiB/mr.bin","131072","473A6A883480C7B2E69402AD888AC07B347C2DF61C6AA0D84E8B8130A27792EA","archives/128KiB/mr.hz2","34872","510A81515397A429B1136AA1F79A3AA0221BD56B7B6B8887A13DF9DFB31C9256","decoded/128KiB/mr.decoded","131072","473A6A883480C7B2E69402AD888AC07B347C2DF61C6AA0D84E8B8130A27792EA","0.0472344","0.0409802","4.1953125","2.0234375","4.1953125","E65526F9DFF3F93844E004D63C7B2A4E4F219B5EAB3F1B3D3ABCF0B301F65003","profile_id=2;mode=fast;block_size=32768;zstd_level=3;lzma_level=9;threads=1;process_timeout_seconds=3600","""E:\MIXER\hybridzip\build\Release\hybridzip.exe"" c --profile=r2 --r2-mode=fast --block-size=32768 --zstd-level=3 ""E:\MIXER\hybridzip\results\experiments\hybridzip-r2-e6-fast-full-20260828-retry1\children\hybridzip-r2-e6-fast-full-20260828-retry1-fast-b32-r0\inputs\128KiB\mr.bin"" ""E:\MIXER\hybridzip\results\experiments\hybridzip-r2-e6-fast-full-20260828-retry1\children\hybridzip-r2-e6-fast-full-20260828-retry1-fast-b32-r0\archives\128KiB\mr.hz2""","""E:\MIXER\hybridzip\build\Release\hybridzip.exe"" d ""E:\MIXER\hybridzip\results\experiments\hybridzip-r2-e6-fast-full-20260828-retry1\children\hybridzip-r2-e6-fast-full-20260828-retry1-fast-b32-r0\archives\128KiB\mr.hz2"" ""E:\MIXER\hybridzip\results\experiments\hybridzip-r2-e6-fast-full-20260828-retry1\children\hybridzip-r2-e6-fast-full-20260828-retry1-fast-b32-r0\decoded\128KiB\mr.decoded""","0","0","2026-08-28T02:37:55.6749054+08:00","COMPLETE","PASS","zstd=4","Complete R2 archive size; SHA-256 byte-exact roundtrip verified."
"e6-fast","fast","32","0","True","0","0","none","hybridzip-r2-e6-fast-full-20260828-retry1-fast-b32-r0","r2-fast","1","10","nci","32","inputs/32KiB/nci.bin","32768","0D3034FE8B0E573DE1439ED98CE409B83B13E5895085C9BFB0BF980F4962FB79","archives/32KiB/nci.hz2","3102","8E94CD5589355E5325EE90207883E91F269F448CF321C9C1F9E7D316D26DBED4","decoded/32KiB/nci.decoded","32768","0D3034FE8B0E573DE1439ED98CE409B83B13E5895085C9BFB0BF980F4962FB79","0.0527568","0.0474183","2.02734375","2.64453125","2.64453125","E65526F9DFF3F93844E004D63C7B2A4E4F219B5EAB3F1B3D3ABCF0B301F65003","profile_id=2;mode=fast;block_size=32768;zstd_level=3;lzma_level=9;threads=1;process_timeout_seconds=3600","""E:\MIXER\hybridzip\build\Release\hybridzip.exe"" c --profile=r2 --r2-mode=fast --block-size=32768 --zstd-level=3 ""E:\MIXER\hybridzip\results\experiments\hybridzip-r2-e6-fast-full-20260828-retry1\children\hybridzip-r2-e6-fast-full-20260828-retry1-fast-b32-r0\inputs\32KiB\nci.bin"" ""E:\MIXER\hybridzip\results\experiments\hybridzip-r2-e6-fast-full-20260828-retry1\children\hybridzip-r2-e6-fast-full-20260828-retry1-fast-b32-r0\archives\32KiB\nci.hz2""","""E:\MIXER\hybridzip\build\Release\hybridzip.exe"" d ""E:\MIXER\hybridzip\results\experiments\hybridzip-r2-e6-fast-full-20260828-retry1\children\hybridzip-r2-e6-fast-full-20260828-retry1-fast-b32-r0\archives\32KiB\nci.hz2"" ""E:\MIXER\hybridzip\results\experiments\hybridzip-r2-e6-fast-full-20260828-retry1\children\hybridzip-r2-e6-fast-full-20260828-retry1-fast-b32-r0\decoded\32KiB\nci.decoded""","0","0","2026-08-28T02:37:55.8425598+08:00","COMPLETE","PASS","zstd=1","Complete R2 archive size; SHA-256 byte-exact roundtrip verified."
"e6-fast","fast","32","0","True","0","0","none","hybridzip-r2-e6-fast-full-20260828-retry1-fast-b32-r0","r2-fast","1","11","nci","64","inputs/64KiB/nci.bin","65536","B01B411AC3B5CE2FBF37242C0C59D2D236D2F7039937C1B1A0F18F4CC02549FE","archives/64KiB/nci.hz2","5872","FD26CBD8F6EF3741EB45087E14241C456FAD7EC6E6867756007ED9E976026527","decoded/64KiB/nci.decoded","65536","B01B411AC3B5CE2FBF37242C0C59D2D236D2F7039937C1B1A0F18F4CC02549FE","0.0538137","0.0470502","4.98828125","4.28125","4.98828125","E65526F9DFF3F93844E004D63C7B2A4E4F219B5EAB3F1B3D3ABCF0B301F65003","profile_id=2;mode=fast;block_size=32768;zstd_level=3;lzma_level=9;threads=1;process_timeout_seconds=3600","""E:\MIXER\hybridzip\build\Release\hybridzip.exe"" c --profile=r2 --r2-mode=fast --block-size=32768 --zstd-level=3 ""E:\MIXER\hybridzip\results\experiments\hybridzip-r2-e6-fast-full-20260828-retry1\children\hybridzip-r2-e6-fast-full-20260828-retry1-fast-b32-r0\inputs\64KiB\nci.bin"" ""E:\MIXER\hybridzip\results\experiments\hybridzip-r2-e6-fast-full-20260828-retry1\children\hybridzip-r2-e6-fast-full-20260828-retry1-fast-b32-r0\archives\64KiB\nci.hz2""","""E:\MIXER\hybridzip\build\Release\hybridzip.exe"" d ""E:\MIXER\hybridzip\results\experiments\hybridzip-r2-e6-fast-full-20260828-retry1\children\hybridzip-r2-e6-fast-full-20260828-retry1-fast-b32-r0\archives\64KiB\nci.hz2"" ""E:\MIXER\hybridzip\results\experiments\hybridzip-r2-e6-fast-full-20260828-retry1\children\hybridzip-r2-e6-fast-full-20260828-retry1-fast-b32-r0\decoded\64KiB\nci.decoded""","0","0","2026-08-28T02:37:56.0156104+08:00","COMPLETE","PASS","zstd=2","Complete R2 archive size; SHA-256 byte-exact roundtrip verified."
"e6-fast","fast","32","0","True","0","0","none","hybridzip-r2-e6-fast-full-20260828-retry1-fast-b32-r0","r2-fast","1","12","nci","128","inputs/128KiB/nci.bin","131072","C8A1D610355E5EF900ED4C704DF14ADF1935D95DFD8F1740AC9FD90FC9BF5781","archives/128KiB/nci.hz2","12792","327FE2D84007F320D98BC81A66BBBA4986F81157939181D07BF4C0CB6EBAA2BF","decoded/128KiB/nci.decoded","131072","C8A1D610355E5EF900ED4C704DF14ADF1935D95DFD8F1740AC9FD90FC9BF5781","0.0526928","0.0416008","4.96484375","2.02734375","4.96484375","E65526F9DFF3F93844E004D63C7B2A4E4F219B5EAB3F1B3D3ABCF0B301F65003","profile_id=2;mode=fast;block_size=32768;zstd_level=3;lzma_level=9;threads=1;process_timeout_seconds=3600","""E:\MIXER\hybridzip\build\Release\hybridzip.exe"" c --profile=r2 --r2-mode=fast --block-size=32768 --zstd-level=3 ""E:\MIXER\hybridzip\results\experiments\hybridzip-r2-e6-fast-full-20260828-retry1\children\hybridzip-r2-e6-fast-full-20260828-retry1-fast-b32-r0\inputs\128KiB\nci.bin"" ""E:\MIXER\hybridzip\results\experiments\hybridzip-r2-e6-fast-full-20260828-retry1\children\hybridzip-r2-e6-fast-full-20260828-retry1-fast-b32-r0\archives\128KiB\nci.hz2""","""E:\MIXER\hybridzip\build\Release\hybridzip.exe"" d ""E:\MIXER\hybridzip\results\experiments\hybridzip-r2-e6-fast-full-20260828-retry1\children\hybridzip-r2-e6-fast-full-20260828-retry1-fast-b32-r0\archives\128KiB\nci.hz2"" ""E:\MIXER\hybridzip\results\experiments\hybridzip-r2-e6-fast-full-20260828-retry1\children\hybridzip-r2-e6-fast-full-20260828-retry1-fast-b32-r0\decoded\128KiB\nci.decoded""","0","0","2026-08-28T02:37:56.1903514+08:00","COMPLETE","PASS","zstd=4","Complete R2 archive size; SHA-256 byte-exact roundtrip verified."
"e6-fast","fast","32","0","True","0","0","none","hybridzip-r2-e6-fast-full-20260828-retry1-fast-b32-r0","r2-fast","1","13","ooffice","32","inputs/32KiB/ooffice.bin","32768","2ACF9B4CAAEAC5814CDFEF0FA48A5ECE857C847DBDB7B44EEAB95CA3C098921C","archives/32KiB/ooffice.hz2","14873","6B109265F2C2478A5603938689D7FC10FEDE2E3807BA6607C3D82DC4A1DE81AB","decoded/32KiB/ooffice.decoded","32768","2ACF9B4CAAEAC5814CDFEF0FA48A5ECE857C847DBDB7B44EEAB95CA3C098921C","0.0492653","0.0487578","4.9921875","4.47265625","4.9921875","E65526F9DFF3F93844E004D63C7B2A4E4F219B5EAB3F1B3D3ABCF0B301F65003","profile_id=2;mode=fast;block_size=32768;zstd_level=3;lzma_level=9;threads=1;process_timeout_seconds=3600","""E:\MIXER\hybridzip\build\Release\hybridzip.exe"" c --profile=r2 --r2-mode=fast --block-size=32768 --zstd-level=3 ""E:\MIXER\hybridzip\results\experiments\hybridzip-r2-e6-fast-full-20260828-retry1\children\hybridzip-r2-e6-fast-full-20260828-retry1-fast-b32-r0\inputs\32KiB\ooffice.bin"" ""E:\MIXER\hybridzip\results\experiments\hybridzip-r2-e6-fast-full-20260828-retry1\children\hybridzip-r2-e6-fast-full-20260828-retry1-fast-b32-r0\archives\32KiB\ooffice.hz2""","""E:\MIXER\hybridzip\build\Release\hybridzip.exe"" d ""E:\MIXER\hybridzip\results\experiments\hybridzip-r2-e6-fast-full-20260828-retry1\children\hybridzip-r2-e6-fast-full-20260828-retry1-fast-b32-r0\archives\32KiB\ooffice.hz2"" ""E:\MIXER\hybridzip\results\experiments\hybridzip-r2-e6-fast-full-20260828-retry1\children\hybridzip-r2-e6-fast-full-20260828-retry1-fast-b32-r0\decoded\32KiB\ooffice.decoded""","0","0","2026-08-28T02:37:56.3658255+08:00","COMPLETE","PASS","zstd=1","Complete R2 archive size; SHA-256 byte-exact roundtrip verified."
"e6-fast","fast","32","0","True","0","0","none","hybridzip-r2-e6-fast-full-20260828-retry1-fast-b32-r0","r2-fast","1","14","ooffice","64","inputs/64KiB/ooffice.bin","65536","9D30521922187D0A26F56CF2DF85001F9585D0D4EC6A0A8797466AFCC367F825","archives/64KiB/ooffice.hz2","34744","9D8264B90CB73FD319F25A7137E76959F082985E84FB779707BEE15A732785FA","decoded/64KiB/ooffice.decoded","65536","9D30521922187D0A26F56CF2DF85001F9585D0D4EC6A0A8797466AFCC367F825","0.0651669","0.0639621","5","3.96484375","5","E65526F9DFF3F93844E004D63C7B2A4E4F219B5EAB3F1B3D3ABCF0B301F65003","profile_id=2;mode=fast;block_size=32768;zstd_level=3;lzma_level=9;threads=1;process_timeout_seconds=3600","""E:\MIXER\hybridzip\build\Release\hybridzip.exe"" c --profile=r2 --r2-mode=fast --block-size=32768 --zstd-level=3 ""E:\MIXER\hybridzip\results\experiments\hybridzip-r2-e6-fast-full-20260828-retry1\children\hybridzip-r2-e6-fast-full-20260828-retry1-fast-b32-r0\inputs\64KiB\ooffice.bin"" ""E:\MIXER\hybridzip\results\experiments\hybridzip-r2-e6-fast-full-20260828-retry1\children\hybridzip-r2-e6-fast-full-20260828-retry1-fast-b32-r0\archives\64KiB\ooffice.hz2""","""E:\MIXER\hybridzip\build\Release\hybridzip.exe"" d ""E:\MIXER\hybridzip\results\experiments\hybridzip-r2-e6-fast-full-20260828-retry1\children\hybridzip-r2-e6-fast-full-20260828-retry1-fast-b32-r0\archives\64KiB\ooffice.hz2"" ""E:\MIXER\hybridzip\results\experiments\hybridzip-r2-e6-fast-full-20260828-retry1\children\hybridzip-r2-e6-fast-full-20260828-retry1-fast-b32-r0\decoded\64KiB\ooffice.decoded""","0","0","2026-08-28T02:37:56.5545561+08:00","COMPLETE","PASS","zstd=2","Complete R2 archive size; SHA-256 byte-exact roundtrip verified."
"e6-fast","fast","32","0","True","0","0","none","hybridzip-r2-e6-fast-full-20260828-retry1-fast-b32-r0","r2-fast","1","15","ooffice","128","inputs/128KiB/ooffice.bin","131072","09FA5F3EE5311528863F8C3FADA3B530CC24AC1D88128E4DB2BF434161879FEF","archives/128KiB/ooffice.hz2","74600","77310573993EBC0682FF30F16CFABA38A40DAC898AF7B67778539111EFED2D20","decoded/128KiB/ooffice.decoded","131072","09FA5F3EE5311528863F8C3FADA3B530CC24AC1D88128E4DB2BF434161879FEF","0.0526026","0.0472343","5.00390625","4.13671875","5.00390625","E65526F9DFF3F93844E004D63C7B2A4E4F219B5EAB3F1B3D3ABCF0B301F65003","profile_id=2;mode=fast;block_size=32768;zstd_level=3;lzma_level=9;threads=1;process_timeout_seconds=3600","""E:\MIXER\hybridzip\build\Release\hybridzip.exe"" c --profile=r2 --r2-mode=fast --block-size=32768 --zstd-level=3 ""E:\MIXER\hybridzip\results\experiments\hybridzip-r2-e6-fast-full-20260828-retry1\children\hybridzip-r2-e6-fast-full-20260828-retry1-fast-b32-r0\inputs\128KiB\ooffice.bin"" ""E:\MIXER\hybridzip\results\experiments\hybridzip-r2-e6-fast-full-20260828-retry1\children\hybridzip-r2-e6-fast-full-20260828-retry1-fast-b32-r0\archives\128KiB\ooffice.hz2""","""E:\MIXER\hybridzip\build\Release\hybridzip.exe"" d ""E:\MIXER\hybridzip\results\experiments\hybridzip-r2-e6-fast-full-20260828-retry1\children\hybridzip-r2-e6-fast-full-20260828-retry1-fast-b32-r0\archives\128KiB\ooffice.hz2"" ""E:\MIXER\hybridzip\results\experiments\hybridzip-r2-e6-fast-full-20260828-retry1\children\hybridzip-r2-e6-fast-full-20260828-retry1-fast-b32-r0\decoded\128KiB\ooffice.decoded""","0","0","2026-08-28T02:37:56.7738736+08:00","COMPLETE","PASS","zstd=4","Complete R2 archive size; SHA-256 byte-exact roundtrip verified."
"e6-fast","fast","32","0","True","0","0","none","hybridzip-r2-e6-fast-full-20260828-retry1-fast-b32-r0","r2-fast","1","16","osdb","32","inputs/32KiB/osdb.bin","32768","03B2C20B777682CD960BCD893D7A4463161D9C0200FD1708B2EFAE32A259D0B7","archives/32KiB/osdb.hz2","15697","6AAF56B2C8C29F7E26C3C45D15FAC2C8D4FEC3EB357F4B31B097E9A5B0F50A81","decoded/32KiB/osdb.decoded","32768","03B2C20B777682CD960BCD893D7A4463161D9C0200FD1708B2EFAE32A259D0B7","0.0397342","0.0451509","2.02734375","2.1796875","2.1796875","E65526F9DFF3F93844E004D63C7B2A4E4F219B5EAB3F1B3D3ABCF0B301F65003","profile_id=2;mode=fast;block_size=32768;zstd_level=3;lzma_level=9;threads=1;process_timeout_seconds=3600","""E:\MIXER\hybridzip\build\Release\hybridzip.exe"" c --profile=r2 --r2-mode=fast --block-size=32768 --zstd-level=3 ""E:\MIXER\hybridzip\results\experiments\hybridzip-r2-e6-fast-full-20260828-retry1\children\hybridzip-r2-e6-fast-full-20260828-retry1-fast-b32-r0\inputs\32KiB\osdb.bin"" ""E:\MIXER\hybridzip\results\experiments\hybridzip-r2-e6-fast-full-20260828-retry1\children\hybridzip-r2-e6-fast-full-20260828-retry1-fast-b32-r0\archives\32KiB\osdb.hz2""","""E:\MIXER\hybridzip\build\Release\hybridzip.exe"" d ""E:\MIXER\hybridzip\results\experiments\hybridzip-r2-e6-fast-full-20260828-retry1\children\hybridzip-r2-e6-fast-full-20260828-retry1-fast-b32-r0\archives\32KiB\osdb.hz2"" ""E:\MIXER\hybridzip\results\experiments\hybridzip-r2-e6-fast-full-20260828-retry1\children\hybridzip-r2-e6-fast-full-20260828-retry1-fast-b32-r0\decoded\32KiB\osdb.decoded""","0","0","2026-08-28T02:37:56.9631603+08:00","COMPLETE","PASS","zstd=1","Complete R2 archive size; SHA-256 byte-exact roundtrip verified."
"e6-fast","fast","32","0","True","0","0","none","hybridzip-r2-e6-fast-full-20260828-retry1-fast-b32-r0","r2-fast","1","17","osdb","64","inputs/64KiB/osdb.bin","65536","F8FE629325A07588118BA0B65880A87DED43EF249CCBC91F0E977BBACAE0C125","archives/64KiB/osdb.hz2","31473","09B3F2CC7166DEB69293216D90F87990CE2FFFB57197B164C5425BDD1A9FE3E0","decoded/64KiB/osdb.decoded","65536","F8FE629325A07588118BA0B65880A87DED43EF249CCBC91F0E977BBACAE0C125","0.0499648","0.0453217","3.609375","2.02734375","3.609375","E65526F9DFF3F93844E004D63C7B2A4E4F219B5EAB3F1B3D3ABCF0B301F65003","profile_id=2;mode=fast;block_size=32768;zstd_level=3;lzma_level=9;threads=1;process_timeout_seconds=3600","""E:\MIXER\hybridzip\build\Release\hybridzip.exe"" c --profile=r2 --r2-mode=fast --block-size=32768 --zstd-level=3 ""E:\MIXER\hybridzip\results\experiments\hybridzip-r2-e6-fast-full-20260828-retry1\children\hybridzip-r2-e6-fast-full-20260828-retry1-fast-b32-r0\inputs\64KiB\osdb.bin"" ""E:\MIXER\hybridzip\results\experiments\hybridzip-r2-e6-fast-full-20260828-retry1\children\hybridzip-r2-e6-fast-full-20260828-retry1-fast-b32-r0\archives\64KiB\osdb.hz2""","""E:\MIXER\hybridzip\build\Release\hybridzip.exe"" d ""E:\MIXER\hybridzip\results\experiments\hybridzip-r2-e6-fast-full-20260828-retry1\children\hybridzip-r2-e6-fast-full-20260828-retry1-fast-b32-r0\archives\64KiB\osdb.hz2"" ""E:\MIXER\hybridzip\results\experiments\hybridzip-r2-e6-fast-full-20260828-retry1\children\hybridzip-r2-e6-fast-full-20260828-retry1-fast-b32-r0\decoded\64KiB\osdb.decoded""","0","0","2026-08-28T02:37:57.1234718+08:00","COMPLETE","PASS","zstd=2","Complete R2 archive size; SHA-256 byte-exact roundtrip verified."
"e6-fast","fast","32","0","True","0","0","none","hybridzip-r2-e6-fast-full-20260828-retry1-fast-b32-r0","r2-fast","1","18","osdb","128","inputs/128KiB/osdb.bin","131072","D977E72AE13AEFC36A4B6171A895E26A0E6EEE447B1B9FBE868D7B1C046CC91F","archives/128KiB/osdb.hz2","62972","CB536DA6A28FFC75DA334B77116C8B342339C9FD2A6DC424E676EBE4D854012E","decoded/128KiB/osdb.decoded","131072","D977E72AE13AEFC36A4B6171A895E26A0E6EEE447B1B9FBE868D7B1C046CC91F","0.052168","0.0400568","5","2.02734375","5","E65526F9DFF3F93844E004D63C7B2A4E4F219B5EAB3F1B3D3ABCF0B301F65003","profile_id=2;mode=fast;block_size=32768;zstd_level=3;lzma_level=9;threads=1;process_timeout_seconds=3600","""E:\MIXER\hybridzip\build\Release\hybridzip.exe"" c --profile=r2 --r2-mode=fast --block-size=32768 --zstd-level=3 ""E:\MIXER\hybridzip\results\experiments\hybridzip-r2-e6-fast-full-20260828-retry1\children\hybridzip-r2-e6-fast-full-20260828-retry1-fast-b32-r0\inputs\128KiB\osdb.bin"" ""E:\MIXER\hybridzip\results\experiments\hybridzip-r2-e6-fast-full-20260828-retry1\children\hybridzip-r2-e6-fast-full-20260828-retry1-fast-b32-r0\archives\128KiB\osdb.hz2""","""E:\MIXER\hybridzip\build\Release\hybridzip.exe"" d ""E:\MIXER\hybridzip\results\experiments\hybridzip-r2-e6-fast-full-20260828-retry1\children\hybridzip-r2-e6-fast-full-20260828-retry1-fast-b32-r0\archives\128KiB\osdb.hz2"" ""E:\MIXER\hybridzip\results\experiments\hybridzip-r2-e6-fast-full-20260828-retry1\children\hybridzip-r2-e6-fast-full-20260828-retry1-fast-b32-r0\decoded\128KiB\osdb.decoded""","0","0","2026-08-28T02:37:57.2947519+08:00","COMPLETE","PASS","zstd=4","Complete R2 archive size; SHA-256 byte-exact roundtrip verified."
"e6-fast","fast","32","0","True","0","0","none","hybridzip-r2-e6-fast-full-20260828-retry1-fast-b32-r0","r2-fast","1","19","reymont","32","inputs/32KiB/reymont.bin","32768","9D5E4B9340C2260DAE7DDB01B3EDA58236FF2DE5E1FF4D56767AA840B6FB1A87","archives/32KiB/reymont.hz2","10573","D7DE1A241CF472F3E341EAFCCA07F42F7489F47776E49F86335093A29C57592D","decoded/32KiB/reymont.decoded","32768","9D5E4B9340C2260DAE7DDB01B3EDA58236FF2DE5E1FF4D56767AA840B6FB1A87","0.0489006","0.0479517","2.02734375","4.29296875","4.29296875","E65526F9DFF3F93844E004D63C7B2A4E4F219B5EAB3F1B3D3ABCF0B301F65003","profile_id=2;mode=fast;block_size=32768;zstd_level=3;lzma_level=9;threads=1;process_timeout_seconds=3600","""E:\MIXER\hybridzip\build\Release\hybridzip.exe"" c --profile=r2 --r2-mode=fast --block-size=32768 --zstd-level=3 ""E:\MIXER\hybridzip\results\experiments\hybridzip-r2-e6-fast-full-20260828-retry1\children\hybridzip-r2-e6-fast-full-20260828-retry1-fast-b32-r0\inputs\32KiB\reymont.bin"" ""E:\MIXER\hybridzip\results\experiments\hybridzip-r2-e6-fast-full-20260828-retry1\children\hybridzip-r2-e6-fast-full-20260828-retry1-fast-b32-r0\archives\32KiB\reymont.hz2""","""E:\MIXER\hybridzip\build\Release\hybridzip.exe"" d ""E:\MIXER\hybridzip\results\experiments\hybridzip-r2-e6-fast-full-20260828-retry1\children\hybridzip-r2-e6-fast-full-20260828-retry1-fast-b32-r0\archives\32KiB\reymont.hz2"" ""E:\MIXER\hybridzip\results\experiments\hybridzip-r2-e6-fast-full-20260828-retry1\children\hybridzip-r2-e6-fast-full-20260828-retry1-fast-b32-r0\decoded\32KiB\reymont.decoded""","0","0","2026-08-28T02:37:57.4674709+08:00","COMPLETE","PASS","zstd=1","Complete R2 archive size; SHA-256 byte-exact roundtrip verified."
"e6-fast","fast","32","0","True","0","0","none","hybridzip-r2-e6-fast-full-20260828-retry1-fast-b32-r0","r2-fast","1","20","reymont","64","inputs/64KiB/reymont.bin","65536","A5ECAAABB133F1ADF8DE6062BE6381D143E87F9F8050EEA9B5BE6F92B88C3C22","archives/64KiB/reymont.hz2","21488","2DDC396820CAF609EF8A8918B1922153D9C85C30293D67E10357ED549C24246D","decoded/64KiB/reymont.decoded","65536","A5ECAAABB133F1ADF8DE6062BE6381D143E87F9F8050EEA9B5BE6F92B88C3C22","0.0489839","0.0444914","2.02734375","2.02734375","2.02734375","E65526F9DFF3F93844E004D63C7B2A4E4F219B5EAB3F1B3D3ABCF0B301F65003","profile_id=2;mode=fast;block_size=32768;zstd_level=3;lzma_level=9;threads=1;process_timeout_seconds=3600","""E:\MIXER\hybridzip\build\Release\hybridzip.exe"" c --profile=r2 --r2-mode=fast --block-size=32768 --zstd-level=3 ""E:\MIXER\hybridzip\results\experiments\hybridzip-r2-e6-fast-full-20260828-retry1\children\hybridzip-r2-e6-fast-full-20260828-retry1-fast-b32-r0\inputs\64KiB\reymont.bin"" ""E:\MIXER\hybridzip\results\experiments\hybridzip-r2-e6-fast-full-20260828-retry1\children\hybridzip-r2-e6-fast-full-20260828-retry1-fast-b32-r0\archives\64KiB\reymont.hz2""","""E:\MIXER\hybridzip\build\Release\hybridzip.exe"" d ""E:\MIXER\hybridzip\results\experiments\hybridzip-r2-e6-fast-full-20260828-retry1\children\hybridzip-r2-e6-fast-full-20260828-retry1-fast-b32-r0\archives\64KiB\reymont.hz2"" ""E:\MIXER\hybridzip\results\experiments\hybridzip-r2-e6-fast-full-20260828-retry1\children\hybridzip-r2-e6-fast-full-20260828-retry1-fast-b32-r0\decoded\64KiB\reymont.decoded""","0","0","2026-08-28T02:37:57.6419568+08:00","COMPLETE","PASS","zstd=2","Complete R2 archive size; SHA-256 byte-exact roundtrip verified."
"e6-fast","fast","32","0","True","0","0","none","hybridzip-r2-e6-fast-full-20260828-retry1-fast-b32-r0","r2-fast","1","21","reymont","128","inputs/128KiB/reymont.bin","131072","A6CA7478854C1E80DFEAF9FB3444B357F9D7625E55232FAE3B3632A5A1217DEA","archives/128KiB/reymont.hz2","43664","0B84E4985DCEDFEB986E3D49F9B1EAB77990EAC8A6EA8D3ADA471D0277217185","decoded/128KiB/reymont.decoded","131072","A6CA7478854C1E80DFEAF9FB3444B357F9D7625E55232FAE3B3632A5A1217DEA","0.050898","0.0427802","2.02734375","2.02734375","2.02734375","E65526F9DFF3F93844E004D63C7B2A4E4F219B5EAB3F1B3D3ABCF0B301F65003","profile_id=2;mode=fast;block_size=32768;zstd_level=3;lzma_level=9;threads=1;process_timeout_seconds=3600","""E:\MIXER\hybridzip\build\Release\hybridzip.exe"" c --profile=r2 --r2-mode=fast --block-size=32768 --zstd-level=3 ""E:\MIXER\hybridzip\results\experiments\hybridzip-r2-e6-fast-full-20260828-retry1\children\hybridzip-r2-e6-fast-full-20260828-retry1-fast-b32-r0\inputs\128KiB\reymont.bin"" ""E:\MIXER\hybridzip\results\experiments\hybridzip-r2-e6-fast-full-20260828-retry1\children\hybridzip-r2-e6-fast-full-20260828-retry1-fast-b32-r0\archives\128KiB\reymont.hz2""","""E:\MIXER\hybridzip\build\Release\hybridzip.exe"" d ""E:\MIXER\hybridzip\results\experiments\hybridzip-r2-e6-fast-full-20260828-retry1\children\hybridzip-r2-e6-fast-full-20260828-retry1-fast-b32-r0\archives\128KiB\reymont.hz2"" ""E:\MIXER\hybridzip\results\experiments\hybridzip-r2-e6-fast-full-20260828-retry1\children\hybridzip-r2-e6-fast-full-20260828-retry1-fast-b32-r0\decoded\128KiB\reymont.decoded""","0","0","2026-08-28T02:37:57.8163258+08:00","COMPLETE","PASS","zstd=4","Complete R2 archive size; SHA-256 byte-exact roundtrip verified."
"e6-fast","fast","32","0","True","0","0","none","hybridzip-r2-e6-fast-full-20260828-retry1-fast-b32-r0","r2-fast","1","22","samba","32","inputs/32KiB/samba.bin","32768","9C4F5BEE544E4531E4946E62F796987418B4526911C34877EF282F14DD57AD12","archives/32KiB/samba.hz2","11947","D658A17E69651E3918699968AC11F95C6F63EBBC5C4BE0E343665F3CF941BEBD","decoded/32KiB/samba.decoded","32768","9C4F5BEE544E4531E4946E62F796987418B4526911C34877EF282F14DD57AD12","0.0488966","0.0484138","3.87890625","3.43359375","3.87890625","E65526F9DFF3F93844E004D63C7B2A4E4F219B5EAB3F1B3D3ABCF0B301F65003","profile_id=2;mode=fast;block_size=32768;zstd_level=3;lzma_level=9;threads=1;process_timeout_seconds=3600","""E:\MIXER\hybridzip\build\Release\hybridzip.exe"" c --profile=r2 --r2-mode=fast --block-size=32768 --zstd-level=3 ""E:\MIXER\hybridzip\results\experiments\hybridzip-r2-e6-fast-full-20260828-retry1\children\hybridzip-r2-e6-fast-full-20260828-retry1-fast-b32-r0\inputs\32KiB\samba.bin"" ""E:\MIXER\hybridzip\results\experiments\hybridzip-r2-e6-fast-full-20260828-retry1\children\hybridzip-r2-e6-fast-full-20260828-retry1-fast-b32-r0\archives\32KiB\samba.hz2""","""E:\MIXER\hybridzip\build\Release\hybridzip.exe"" d ""E:\MIXER\hybridzip\results\experiments\hybridzip-r2-e6-fast-full-20260828-retry1\children\hybridzip-r2-e6-fast-full-20260828-retry1-fast-b32-r0\archives\32KiB\samba.hz2"" ""E:\MIXER\hybridzip\results\experiments\hybridzip-r2-e6-fast-full-20260828-retry1\children\hybridzip-r2-e6-fast-full-20260828-retry1-fast-b32-r0\decoded\32KiB\samba.decoded""","0","0","2026-08-28T02:37:57.9859692+08:00","COMPLETE","PASS","zstd=1","Complete R2 archive size; SHA-256 byte-exact roundtrip verified."
"e6-fast","fast","32","0","True","0","0","none","hybridzip-r2-e6-fast-full-20260828-retry1-fast-b32-r0","r2-fast","1","23","samba","64","inputs/64KiB/samba.bin","65536","3E0420984C0F260EA7350734600CEA9D8500B745E2E4B7DBD4D1DA1D1ADAC421","archives/64KiB/samba.hz2","23979","57A3DB9A8A6C9389100D05EB395B744B9AFAF3C0A7179C5A78ADE864FE050657","decoded/64KiB/samba.decoded","65536","3E0420984C0F260EA7350734600CEA9D8500B745E2E4B7DBD4D1DA1D1ADAC421","0.0518154","0.0446257","5.00390625","2.02734375","5.00390625","E65526F9DFF3F93844E004D63C7B2A4E4F219B5EAB3F1B3D3ABCF0B301F65003","profile_id=2;mode=fast;block_size=32768;zstd_level=3;lzma_level=9;threads=1;process_timeout_seconds=3600","""E:\MIXER\hybridzip\build\Release\hybridzip.exe"" c --profile=r2 --r2-mode=fast --block-size=32768 --zstd-level=3 ""E:\MIXER\hybridzip\results\experiments\hybridzip-r2-e6-fast-full-20260828-retry1\children\hybridzip-r2-e6-fast-full-20260828-retry1-fast-b32-r0\inputs\64KiB\samba.bin"" ""E:\MIXER\hybridzip\results\experiments\hybridzip-r2-e6-fast-full-20260828-retry1\children\hybridzip-r2-e6-fast-full-20260828-retry1-fast-b32-r0\archives\64KiB\samba.hz2""","""E:\MIXER\hybridzip\build\Release\hybridzip.exe"" d ""E:\MIXER\hybridzip\results\experiments\hybridzip-r2-e6-fast-full-20260828-retry1\children\hybridzip-r2-e6-fast-full-20260828-retry1-fast-b32-r0\archives\64KiB\samba.hz2"" ""E:\MIXER\hybridzip\results\experiments\hybridzip-r2-e6-fast-full-20260828-retry1\children\hybridzip-r2-e6-fast-full-20260828-retry1-fast-b32-r0\decoded\64KiB\samba.decoded""","0","0","2026-08-28T02:37:58.1572779+08:00","COMPLETE","PASS","zstd=2","Complete R2 archive size; SHA-256 byte-exact roundtrip verified."
"e6-fast","fast","32","0","True","0","0","none","hybridzip-r2-e6-fast-full-20260828-retry1-fast-b32-r0","r2-fast","1","24","samba","128","inputs/128KiB/samba.bin","131072","F3B8C4AD35BC6CF21977895D6F04A22B1422605942FA5AFE35CE28B2A221D7E8","archives/128KiB/samba.hz2","49050","87A56F831A6C642D16FDA005208AE668C6A8B88589EBFDE3E6204F56A5AB8B59","decoded/128KiB/samba.decoded","131072","F3B8C4AD35BC6CF21977895D6F04A22B1422605942FA5AFE35CE28B2A221D7E8","0.0498943","0.0404981","4.9921875","2.02734375","4.9921875","E65526F9DFF3F93844E004D63C7B2A4E4F219B5EAB3F1B3D3ABCF0B301F65003","profile_id=2;mode=fast;block_size=32768;zstd_level=3;lzma_level=9;threads=1;process_timeout_seconds=3600","""E:\MIXER\hybridzip\build\Release\hybridzip.exe"" c --profile=r2 --r2-mode=fast --block-size=32768 --zstd-level=3 ""E:\MIXER\hybridzip\results\experiments\hybridzip-r2-e6-fast-full-20260828-retry1\children\hybridzip-r2-e6-fast-full-20260828-retry1-fast-b32-r0\inputs\128KiB\samba.bin"" ""E:\MIXER\hybridzip\results\experiments\hybridzip-r2-e6-fast-full-20260828-retry1\children\hybridzip-r2-e6-fast-full-20260828-retry1-fast-b32-r0\archives\128KiB\samba.hz2""","""E:\MIXER\hybridzip\build\Release\hybridzip.exe"" d ""E:\MIXER\hybridzip\results\experiments\hybridzip-r2-e6-fast-full-20260828-retry1\children\hybridzip-r2-e6-fast-full-20260828-retry1-fast-b32-r0\archives\128KiB\samba.hz2"" ""E:\MIXER\hybridzip\results\experiments\hybridzip-r2-e6-fast-full-20260828-retry1\children\hybridzip-r2-e6-fast-full-20260828-retry1-fast-b32-r0\decoded\128KiB\samba.decoded""","0","0","2026-08-28T02:37:58.3294573+08:00","COMPLETE","PASS","zstd=4","Complete R2 archive size; SHA-256 byte-exact roundtrip verified."
"e6-fast","fast","32","0","True","0","0","none","hybridzip-r2-e6-fast-full-20260828-retry1-fast-b32-r0","r2-fast","1","25","sao","32","inputs/32KiB/sao.bin","32768","95677430CAD4F000506BC5EE22815C3F4E13D64B477ED506B78D5D9ACFB50CCD","archives/32KiB/sao.hz2","26959","BF5BCD7A53B632BFE13B636EB7CF324876A5CFB7F6A816AE9BFBEAE12FEC099B","decoded/32KiB/sao.decoded","32768","95677430CAD4F000506BC5EE22815C3F4E13D64B477ED506B78D5D9ACFB50CCD","0.053091","0.0429091","2.02734375","2.02734375","2.02734375","E65526F9DFF3F93844E004D63C7B2A4E4F219B5EAB3F1B3D3ABCF0B301F65003","profile_id=2;mode=fast;block_size=32768;zstd_level=3;lzma_level=9;threads=1;process_timeout_seconds=3600","""E:\MIXER\hybridzip\build\Release\hybridzip.exe"" c --profile=r2 --r2-mode=fast --block-size=32768 --zstd-level=3 ""E:\MIXER\hybridzip\results\experiments\hybridzip-r2-e6-fast-full-20260828-retry1\children\hybridzip-r2-e6-fast-full-20260828-retry1-fast-b32-r0\inputs\32KiB\sao.bin"" ""E:\MIXER\hybridzip\results\experiments\hybridzip-r2-e6-fast-full-20260828-retry1\children\hybridzip-r2-e6-fast-full-20260828-retry1-fast-b32-r0\archives\32KiB\sao.hz2""","""E:\MIXER\hybridzip\build\Release\hybridzip.exe"" d ""E:\MIXER\hybridzip\results\experiments\hybridzip-r2-e6-fast-full-20260828-retry1\children\hybridzip-r2-e6-fast-full-20260828-retry1-fast-b32-r0\archives\32KiB\sao.hz2"" ""E:\MIXER\hybridzip\results\experiments\hybridzip-r2-e6-fast-full-20260828-retry1\children\hybridzip-r2-e6-fast-full-20260828-retry1-fast-b32-r0\decoded\32KiB\sao.decoded""","0","0","2026-08-28T02:37:58.5004899+08:00","COMPLETE","PASS","zstd=1","Complete R2 archive size; SHA-256 byte-exact roundtrip verified."
"e6-fast","fast","32","0","True","0","0","none","hybridzip-r2-e6-fast-full-20260828-retry1-fast-b32-r0","r2-fast","1","26","sao","64","inputs/64KiB/sao.bin","65536","17CBD7166A47786139F60BA33B4E771CE0154F6FA56986883D129BC23F78EBEE","archives/64KiB/sao.hz2","53996","88EDFAAA028F6DB1D1B3FAC52078FB4C6501342F6C5D649F10F0EA339C09C9A1","decoded/64KiB/sao.decoded","65536","17CBD7166A47786139F60BA33B4E771CE0154F6FA56986883D129BC23F78EBEE","0.0542579","0.0468395","5.0078125","2.67578125","5.0078125","E65526F9DFF3F93844E004D63C7B2A4E4F219B5EAB3F1B3D3ABCF0B301F65003","profile_id=2;mode=fast;block_size=32768;zstd_level=3;lzma_level=9;threads=1;process_timeout_seconds=3600","""E:\MIXER\hybridzip\build\Release\hybridzip.exe"" c --profile=r2 --r2-mode=fast --block-size=32768 --zstd-level=3 ""E:\MIXER\hybridzip\results\experiments\hybridzip-r2-e6-fast-full-20260828-retry1\children\hybridzip-r2-e6-fast-full-20260828-retry1-fast-b32-r0\inputs\64KiB\sao.bin"" ""E:\MIXER\hybridzip\results\experiments\hybridzip-r2-e6-fast-full-20260828-retry1\children\hybridzip-r2-e6-fast-full-20260828-retry1-fast-b32-r0\archives\64KiB\sao.hz2""","""E:\MIXER\hybridzip\build\Release\hybridzip.exe"" d ""E:\MIXER\hybridzip\results\experiments\hybridzip-r2-e6-fast-full-20260828-retry1\children\hybridzip-r2-e6-fast-full-20260828-retry1-fast-b32-r0\archives\64KiB\sao.hz2"" ""E:\MIXER\hybridzip\results\experiments\hybridzip-r2-e6-fast-full-20260828-retry1\children\hybridzip-r2-e6-fast-full-20260828-retry1-fast-b32-r0\decoded\64KiB\sao.decoded""","0","0","2026-08-28T02:37:58.6748989+08:00","COMPLETE","PASS","zstd=2","Complete R2 archive size; SHA-256 byte-exact roundtrip verified."
"e6-fast","fast","32","0","True","0","0","none","hybridzip-r2-e6-fast-full-20260828-retry1-fast-b32-r0","r2-fast","1","27","sao","128","inputs/128KiB/sao.bin","131072","75E535B42DB7505118D8B19C7C42C1F49C5542ADDC9DBC13383953659F675CE0","archives/128KiB/sao.hz2","108221","7243F72B7AA1F6B3910BEEDE10284794C1B5C5EE085B023666093D5F9AC6BEB9","decoded/128KiB/sao.decoded","131072","75E535B42DB7505118D8B19C7C42C1F49C5542ADDC9DBC13383953659F675CE0","0.0507819","0.0471567","5.015625","2.50390625","5.015625","E65526F9DFF3F93844E004D63C7B2A4E4F219B5EAB3F1B3D3ABCF0B301F65003","profile_id=2;mode=fast;block_size=32768;zstd_level=3;lzma_level=9;threads=1;process_timeout_seconds=3600","""E:\MIXER\hybridzip\build\Release\hybridzip.exe"" c --profile=r2 --r2-mode=fast --block-size=32768 --zstd-level=3 ""E:\MIXER\hybridzip\results\experiments\hybridzip-r2-e6-fast-full-20260828-retry1\children\hybridzip-r2-e6-fast-full-20260828-retry1-fast-b32-r0\inputs\128KiB\sao.bin"" ""E:\MIXER\hybridzip\results\experiments\hybridzip-r2-e6-fast-full-20260828-retry1\children\hybridzip-r2-e6-fast-full-20260828-retry1-fast-b32-r0\archives\128KiB\sao.hz2""","""E:\MIXER\hybridzip\build\Release\hybridzip.exe"" d ""E:\MIXER\hybridzip\results\experiments\hybridzip-r2-e6-fast-full-20260828-retry1\children\hybridzip-r2-e6-fast-full-20260828-retry1-fast-b32-r0\archives\128KiB\sao.hz2"" ""E:\MIXER\hybridzip\results\experiments\hybridzip-r2-e6-fast-full-20260828-retry1\children\hybridzip-r2-e6-fast-full-20260828-retry1-fast-b32-r0\decoded\128KiB\sao.decoded""","0","0","2026-08-28T02:37:58.8485036+08:00","COMPLETE","PASS","zstd=4","Complete R2 archive size; SHA-256 byte-exact roundtrip verified."
"e6-fast","fast","32","0","True","0","0","none","hybridzip-r2-e6-fast-full-20260828-retry1-fast-b32-r0","r2-fast","1","28","webster","32","inputs/32KiB/webster.bin","32768","774D224695AF4057353F72602BB96CD2AFEEA059AC7737535645F11596FCA85E","archives/32KiB/webster.hz2","13778","EF60C5313DE7D57B094F6D0B1DEC9246806E6520B19DEB7B758681168F083722","decoded/32KiB/webster.decoded","32768","774D224695AF4057353F72602BB96CD2AFEEA059AC7737535645F11596FCA85E","0.0497771","0.0439091","2.6640625","2.25","2.6640625","E65526F9DFF3F93844E004D63C7B2A4E4F219B5EAB3F1B3D3ABCF0B301F65003","profile_id=2;mode=fast;block_size=32768;zstd_level=3;lzma_level=9;threads=1;process_timeout_seconds=3600","""E:\MIXER\hybridzip\build\Release\hybridzip.exe"" c --profile=r2 --r2-mode=fast --block-size=32768 --zstd-level=3 ""E:\MIXER\hybridzip\results\experiments\hybridzip-r2-e6-fast-full-20260828-retry1\children\hybridzip-r2-e6-fast-full-20260828-retry1-fast-b32-r0\inputs\32KiB\webster.bin"" ""E:\MIXER\hybridzip\results\experiments\hybridzip-r2-e6-fast-full-20260828-retry1\children\hybridzip-r2-e6-fast-full-20260828-retry1-fast-b32-r0\archives\32KiB\webster.hz2""","""E:\MIXER\hybridzip\build\Release\hybridzip.exe"" d ""E:\MIXER\hybridzip\results\experiments\hybridzip-r2-e6-fast-full-20260828-retry1\children\hybridzip-r2-e6-fast-full-20260828-retry1-fast-b32-r0\archives\32KiB\webster.hz2"" ""E:\MIXER\hybridzip\results\experiments\hybridzip-r2-e6-fast-full-20260828-retry1\children\hybridzip-r2-e6-fast-full-20260828-retry1-fast-b32-r0\decoded\32KiB\webster.decoded""","0","0","2026-08-28T02:37:59.0184154+08:00","COMPLETE","PASS","zstd=1","Complete R2 archive size; SHA-256 byte-exact roundtrip verified."
"e6-fast","fast","32","0","True","0","0","none","hybridzip-r2-e6-fast-full-20260828-retry1-fast-b32-r0","r2-fast","1","29","webster","64","inputs/64KiB/webster.bin","65536","262258811321382F9E4F44D2184B6B7FED0336CF831446D8336C47D6CCC2B32E","archives/64KiB/webster.hz2","25312","A3D97C4DC08A029F63800EDD1516B3DE9EDF40296D9A7FDA5EA62962C72D2AC4","decoded/64KiB/webster.decoded","65536","262258811321382F9E4F44D2184B6B7FED0336CF831446D8336C47D6CCC2B32E","0.0477484","0.0535246","2.02734375","4.4921875","4.4921875","E65526F9DFF3F93844E004D63C7B2A4E4F219B5EAB3F1B3D3ABCF0B301F65003","profile_id=2;mode=fast;block_size=32768;zstd_level=3;lzma_level=9;threads=1;process_timeout_seconds=3600","""E:\MIXER\hybridzip\build\Release\hybridzip.exe"" c --profile=r2 --r2-mode=fast --block-size=32768 --zstd-level=3 ""E:\MIXER\hybridzip\results\experiments\hybridzip-r2-e6-fast-full-20260828-retry1\children\hybridzip-r2-e6-fast-full-20260828-retry1-fast-b32-r0\inputs\64KiB\webster.bin"" ""E:\MIXER\hybridzip\results\experiments\hybridzip-r2-e6-fast-full-20260828-retry1\children\hybridzip-r2-e6-fast-full-20260828-retry1-fast-b32-r0\archives\64KiB\webster.hz2""","""E:\MIXER\hybridzip\build\Release\hybridzip.exe"" d ""E:\MIXER\hybridzip\results\experiments\hybridzip-r2-e6-fast-full-20260828-retry1\children\hybridzip-r2-e6-fast-full-20260828-retry1-fast-b32-r0\archives\64KiB\webster.hz2"" ""E:\MIXER\hybridzip\results\experiments\hybridzip-r2-e6-fast-full-20260828-retry1\children\hybridzip-r2-e6-fast-full-20260828-retry1-fast-b32-r0\decoded\64KiB\webster.decoded""","0","0","2026-08-28T02:37:59.1898408+08:00","COMPLETE","PASS","zstd=2","Complete R2 archive size; SHA-256 byte-exact roundtrip verified."
"e6-fast","fast","32","0","True","0","0","none","hybridzip-r2-e6-fast-full-20260828-retry1-fast-b32-r0","r2-fast","1","30","webster","128","inputs/128KiB/webster.bin","131072","C069C1FDCA99BC5C44F06D134CD0CDA60315DD631AA6564733B2CE0E6D59305C","archives/128KiB/webster.hz2","47767","27822781089AD0C206A65680E7F19A46386775036E7B4547ABF17934A0971B5B","decoded/128KiB/webster.decoded","131072","C069C1FDCA99BC5C44F06D134CD0CDA60315DD631AA6564733B2CE0E6D59305C","0.0497062","0.0547423","2.02734375","2.02734375","2.02734375","E65526F9DFF3F93844E004D63C7B2A4E4F219B5EAB3F1B3D3ABCF0B301F65003","profile_id=2;mode=fast;block_size=32768;zstd_level=3;lzma_level=9;threads=1;process_timeout_seconds=3600","""E:\MIXER\hybridzip\build\Release\hybridzip.exe"" c --profile=r2 --r2-mode=fast --block-size=32768 --zstd-level=3 ""E:\MIXER\hybridzip\results\experiments\hybridzip-r2-e6-fast-full-20260828-retry1\children\hybridzip-r2-e6-fast-full-20260828-retry1-fast-b32-r0\inputs\128KiB\webster.bin"" ""E:\MIXER\hybridzip\results\experiments\hybridzip-r2-e6-fast-full-20260828-retry1\children\hybridzip-r2-e6-fast-full-20260828-retry1-fast-b32-r0\archives\128KiB\webster.hz2""","""E:\MIXER\hybridzip\build\Release\hybridzip.exe"" d ""E:\MIXER\hybridzip\results\experiments\hybridzip-r2-e6-fast-full-20260828-retry1\children\hybridzip-r2-e6-fast-full-20260828-retry1-fast-b32-r0\archives\128KiB\webster.hz2"" ""E:\MIXER\hybridzip\results\experiments\hybridzip-r2-e6-fast-full-20260828-retry1\children\hybridzip-r2-e6-fast-full-20260828-retry1-fast-b32-r0\decoded\128KiB\webster.decoded""","0","0","2026-08-28T02:37:59.3780406+08:00","COMPLETE","PASS","zstd=4","Complete R2 archive size; SHA-256 byte-exact roundtrip verified."
"e6-fast","fast","32","0","True","0","0","none","hybridzip-r2-e6-fast-full-20260828-retry1-fast-b32-r0","r2-fast","1","31","x-ray","32","inputs/32KiB/x-ray.bin","32768","10511AA63DFBD9C0DDBFEFE36068740103D4BA1116E214154A0772057D7E9314","archives/32KiB/x-ray.hz2","26409","6F329EBF981288C16F040601194A75E47EB00E1836D4968E7E5F1EAECFBAE5C4","decoded/32KiB/x-ray.decoded","32768","10511AA63DFBD9C0DDBFEFE36068740103D4BA1116E214154A0772057D7E9314","0.0522055","0.048323","5.0078125","3.953125","5.0078125","E65526F9DFF3F93844E004D63C7B2A4E4F219B5EAB3F1B3D3ABCF0B301F65003","profile_id=2;mode=fast;block_size=32768;zstd_level=3;lzma_level=9;threads=1;process_timeout_seconds=3600","""E:\MIXER\hybridzip\build\Release\hybridzip.exe"" c --profile=r2 --r2-mode=fast --block-size=32768 --zstd-level=3 ""E:\MIXER\hybridzip\results\experiments\hybridzip-r2-e6-fast-full-20260828-retry1\children\hybridzip-r2-e6-fast-full-20260828-retry1-fast-b32-r0\inputs\32KiB\x-ray.bin"" ""E:\MIXER\hybridzip\results\experiments\hybridzip-r2-e6-fast-full-20260828-retry1\children\hybridzip-r2-e6-fast-full-20260828-retry1-fast-b32-r0\archives\32KiB\x-ray.hz2""","""E:\MIXER\hybridzip\build\Release\hybridzip.exe"" d ""E:\MIXER\hybridzip\results\experiments\hybridzip-r2-e6-fast-full-20260828-retry1\children\hybridzip-r2-e6-fast-full-20260828-retry1-fast-b32-r0\archives\32KiB\x-ray.hz2"" ""E:\MIXER\hybridzip\results\experiments\hybridzip-r2-e6-fast-full-20260828-retry1\children\hybridzip-r2-e6-fast-full-20260828-retry1-fast-b32-r0\decoded\32KiB\x-ray.decoded""","0","0","2026-08-28T02:37:59.5643779+08:00","COMPLETE","PASS","zstd=1","Complete R2 archive size; SHA-256 byte-exact roundtrip verified."
"e6-fast","fast","32","0","True","0","0","none","hybridzip-r2-e6-fast-full-20260828-retry1-fast-b32-r0","r2-fast","1","32","x-ray","64","inputs/64KiB/x-ray.bin","65536","B5A07146616BCD7C2D10071D41E07D204DE0AC629C4CA37D8E867FF00574D0D8","archives/64KiB/x-ray.hz2","52523","AA599FB1F1B948061E0A278DD263B9DB0CFB0BBD6839AF2E1E9504CE0D7B71CA","decoded/64KiB/x-ray.decoded","65536","B5A07146616BCD7C2D10071D41E07D204DE0AC629C4CA37D8E867FF00574D0D8","0.0540545","0.0480174","2.02734375","4.51953125","4.51953125","E65526F9DFF3F93844E004D63C7B2A4E4F219B5EAB3F1B3D3ABCF0B301F65003","profile_id=2;mode=fast;block_size=32768;zstd_level=3;lzma_level=9;threads=1;process_timeout_seconds=3600","""E:\MIXER\hybridzip\build\Release\hybridzip.exe"" c --profile=r2 --r2-mode=fast --block-size=32768 --zstd-level=3 ""E:\MIXER\hybridzip\results\experiments\hybridzip-r2-e6-fast-full-20260828-retry1\children\hybridzip-r2-e6-fast-full-20260828-retry1-fast-b32-r0\inputs\64KiB\x-ray.bin"" ""E:\MIXER\hybridzip\results\experiments\hybridzip-r2-e6-fast-full-20260828-retry1\children\hybridzip-r2-e6-fast-full-20260828-retry1-fast-b32-r0\archives\64KiB\x-ray.hz2""","""E:\MIXER\hybridzip\build\Release\hybridzip.exe"" d ""E:\MIXER\hybridzip\results\experiments\hybridzip-r2-e6-fast-full-20260828-retry1\children\hybridzip-r2-e6-fast-full-20260828-retry1-fast-b32-r0\archives\64KiB\x-ray.hz2"" ""E:\MIXER\hybridzip\results\experiments\hybridzip-r2-e6-fast-full-20260828-retry1\children\hybridzip-r2-e6-fast-full-20260828-retry1-fast-b32-r0\decoded\64KiB\x-ray.decoded""","0","0","2026-08-28T02:37:59.7351891+08:00","COMPLETE","PASS","zstd=2","Complete R2 archive size; SHA-256 byte-exact roundtrip verified."
"e6-fast","fast","32","0","True","0","0","none","hybridzip-r2-e6-fast-full-20260828-retry1-fast-b32-r0","r2-fast","1","33","x-ray","128","inputs/128KiB/x-ray.bin","131072","7A65B793FB2A694C20686275A899B304445473528F7C998BE26F8C68EB18F76E","archives/128KiB/x-ray.hz2","105157","B4025BC30BB4AA4422E16B60E7E987232BAF6904D1C7EAC747E1EE73F0398328","decoded/128KiB/x-ray.decoded","131072","7A65B793FB2A694C20686275A899B304445473528F7C998BE26F8C68EB18F76E","0.0522362","0.0475791","4.9921875","2.97265625","4.9921875","E65526F9DFF3F93844E004D63C7B2A4E4F219B5EAB3F1B3D3ABCF0B301F65003","profile_id=2;mode=fast;block_size=32768;zstd_level=3;lzma_level=9;threads=1;process_timeout_seconds=3600","""E:\MIXER\hybridzip\build\Release\hybridzip.exe"" c --profile=r2 --r2-mode=fast --block-size=32768 --zstd-level=3 ""E:\MIXER\hybridzip\results\experiments\hybridzip-r2-e6-fast-full-20260828-retry1\children\hybridzip-r2-e6-fast-full-20260828-retry1-fast-b32-r0\inputs\128KiB\x-ray.bin"" ""E:\MIXER\hybridzip\results\experiments\hybridzip-r2-e6-fast-full-20260828-retry1\children\hybridzip-r2-e6-fast-full-20260828-retry1-fast-b32-r0\archives\128KiB\x-ray.hz2""","""E:\MIXER\hybridzip\build\Release\hybridzip.exe"" d ""E:\MIXER\hybridzip\results\experiments\hybridzip-r2-e6-fast-full-20260828-retry1\children\hybridzip-r2-e6-fast-full-20260828-retry1-fast-b32-r0\archives\128KiB\x-ray.hz2"" ""E:\MIXER\hybridzip\results\experiments\hybridzip-r2-e6-fast-full-20260828-retry1\children\hybridzip-r2-e6-fast-full-20260828-retry1-fast-b32-r0\decoded\128KiB\x-ray.decoded""","0","0","2026-08-28T02:37:59.9110594+08:00","COMPLETE","PASS","zstd=4","Complete R2 archive size; SHA-256 byte-exact roundtrip verified."
"e6-fast","fast","32","0","True","0","0","none","hybridzip-r2-e6-fast-full-20260828-retry1-fast-b32-r0","r2-fast","1","34","xml","32","inputs/32KiB/xml.bin","32768","C2F7F129956F8D6FC3D0E3595D93F98D5270B6F5BC4AB5E70F45867822EFDD71","archives/32KiB/xml.hz2","3483","C10E021F2B7C5032D804E190158C1BDFE6DFB1C38C66B97B4E0C6C938859F892","decoded/32KiB/xml.decoded","32768","C2F7F129956F8D6FC3D0E3595D93F98D5270B6F5BC4AB5E70F45867822EFDD71","0.0507302","0.0484131","4.9609375","4.44921875","4.9609375","E65526F9DFF3F93844E004D63C7B2A4E4F219B5EAB3F1B3D3ABCF0B301F65003","profile_id=2;mode=fast;block_size=32768;zstd_level=3;lzma_level=9;threads=1;process_timeout_seconds=3600","""E:\MIXER\hybridzip\build\Release\hybridzip.exe"" c --profile=r2 --r2-mode=fast --block-size=32768 --zstd-level=3 ""E:\MIXER\hybridzip\results\experiments\hybridzip-r2-e6-fast-full-20260828-retry1\children\hybridzip-r2-e6-fast-full-20260828-retry1-fast-b32-r0\inputs\32KiB\xml.bin"" ""E:\MIXER\hybridzip\results\experiments\hybridzip-r2-e6-fast-full-20260828-retry1\children\hybridzip-r2-e6-fast-full-20260828-retry1-fast-b32-r0\archives\32KiB\xml.hz2""","""E:\MIXER\hybridzip\build\Release\hybridzip.exe"" d ""E:\MIXER\hybridzip\results\experiments\hybridzip-r2-e6-fast-full-20260828-retry1\children\hybridzip-r2-e6-fast-full-20260828-retry1-fast-b32-r0\archives\32KiB\xml.hz2"" ""E:\MIXER\hybridzip\results\experiments\hybridzip-r2-e6-fast-full-20260828-retry1\children\hybridzip-r2-e6-fast-full-20260828-retry1-fast-b32-r0\decoded\32KiB\xml.decoded""","0","0","2026-08-28T02:38:00.0828566+08:00","COMPLETE","PASS","zstd=1","Complete R2 archive size; SHA-256 byte-exact roundtrip verified."
"e6-fast","fast","32","0","True","0","0","none","hybridzip-r2-e6-fast-full-20260828-retry1-fast-b32-r0","r2-fast","1","35","xml","64","inputs/64KiB/xml.bin","65536","E32AFF2BEBF00105A17DD57F5490C1986D17543CEE837B42EB56B3E0E6F8E7F1","archives/64KiB/xml.hz2","6829","E37A51A1CD2BC91A85463CC88492D643C7DDE36A7D06259BD0109177622EBDBC","decoded/64KiB/xml.decoded","65536","E32AFF2BEBF00105A17DD57F5490C1986D17543CEE837B42EB56B3E0E6F8E7F1","0.0524267","0.0479314","4.98046875","4.44921875","4.98046875","E65526F9DFF3F93844E004D63C7B2A4E4F219B5EAB3F1B3D3ABCF0B301F65003","profile_id=2;mode=fast;block_size=32768;zstd_level=3;lzma_level=9;threads=1;process_timeout_seconds=3600","""E:\MIXER\hybridzip\build\Release\hybridzip.exe"" c --profile=r2 --r2-mode=fast --block-size=32768 --zstd-level=3 ""E:\MIXER\hybridzip\results\experiments\hybridzip-r2-e6-fast-full-20260828-retry1\children\hybridzip-r2-e6-fast-full-20260828-retry1-fast-b32-r0\inputs\64KiB\xml.bin"" ""E:\MIXER\hybridzip\results\experiments\hybridzip-r2-e6-fast-full-20260828-retry1\children\hybridzip-r2-e6-fast-full-20260828-retry1-fast-b32-r0\archives\64KiB\xml.hz2""","""E:\MIXER\hybridzip\build\Release\hybridzip.exe"" d ""E:\MIXER\hybridzip\results\experiments\hybridzip-r2-e6-fast-full-20260828-retry1\children\hybridzip-r2-e6-fast-full-20260828-retry1-fast-b32-r0\archives\64KiB\xml.hz2"" ""E:\MIXER\hybridzip\results\experiments\hybridzip-r2-e6-fast-full-20260828-retry1\children\hybridzip-r2-e6-fast-full-20260828-retry1-fast-b32-r0\decoded\64KiB\xml.decoded""","0","0","2026-08-28T02:38:00.2518144+08:00","COMPLETE","PASS","zstd=2","Complete R2 archive size; SHA-256 byte-exact roundtrip verified."
"e6-fast","fast","32","0","True","0","0","none","hybridzip-r2-e6-fast-full-20260828-retry1-fast-b32-r0","r2-fast","1","36","xml","128","inputs/128KiB/xml.bin","131072","5FA29C746885F2EEB98734218475915A78092CCB3B0F68B08861EE210E5B6E25","archives/128KiB/xml.hz2","13798","9BA0E95A713E34B2CC38C3B2C7C295B4AE94187D48DC7E6412E56E98D9F18E54","decoded/128KiB/xml.decoded","131072","5FA29C746885F2EEB98734218475915A78092CCB3B0F68B08861EE210E5B6E25","0.0522019","0.0482495","4.98046875","4.46484375","4.98046875","E65526F9DFF3F93844E004D63C7B2A4E4F219B5EAB3F1B3D3ABCF0B301F65003","profile_id=2;mode=fast;block_size=32768;zstd_level=3;lzma_level=9;threads=1;process_timeout_seconds=3600","""E:\MIXER\hybridzip\build\Release\hybridzip.exe"" c --profile=r2 --r2-mode=fast --block-size=32768 --zstd-level=3 ""E:\MIXER\hybridzip\results\experiments\hybridzip-r2-e6-fast-full-20260828-retry1\children\hybridzip-r2-e6-fast-full-20260828-retry1-fast-b32-r0\inputs\128KiB\xml.bin"" ""E:\MIXER\hybridzip\results\experiments\hybridzip-r2-e6-fast-full-20260828-retry1\children\hybridzip-r2-e6-fast-full-20260828-retry1-fast-b32-r0\archives\128KiB\xml.hz2""","""E:\MIXER\hybridzip\build\Release\hybridzip.exe"" d ""E:\MIXER\hybridzip\results\experiments\hybridzip-r2-e6-fast-full-20260828-retry1\children\hybridzip-r2-e6-fast-full-20260828-retry1-fast-b32-r0\archives\128KiB\xml.hz2"" ""E:\MIXER\hybridzip\results\experiments\hybridzip-r2-e6-fast-full-20260828-retry1\children\hybridzip-r2-e6-fast-full-20260828-retry1-fast-b32-r0\decoded\128KiB\xml.decoded""","0","0","2026-08-28T02:38:00.4256639+08:00","COMPLETE","PASS","zstd=4","Complete R2 archive size; SHA-256 byte-exact roundtrip verified."
"e6-fast","fast","32","1","False","0","0","none","hybridzip-r2-e6-fast-full-20260828-retry1-fast-b32-r1","r2-fast","1","1","dickens","32","inputs/32KiB/dickens.bin","32768","FC42DCB9849222C8704C9DCAE606D075B389B66244FB215035148D6409EC0B31","archives/32KiB/dickens.hz2","14205","53B8A534899E0E9F1904FAC39E6C7728F45E9B354A4A49EFF5016B53F48ED977","decoded/32KiB/dickens.decoded","32768","FC42DCB9849222C8704C9DCAE606D075B389B66244FB215035148D6409EC0B31","0.0425028","0.0494173","2.02734375","4.5","4.5","E65526F9DFF3F93844E004D63C7B2A4E4F219B5EAB3F1B3D3ABCF0B301F65003","profile_id=2;mode=fast;block_size=32768;zstd_level=3;lzma_level=9;threads=1;process_timeout_seconds=3600","""E:\MIXER\hybridzip\build\Release\hybridzip.exe"" c --profile=r2 --r2-mode=fast --block-size=32768 --zstd-level=3 ""E:\MIXER\hybridzip\results\experiments\hybridzip-r2-e6-fast-full-20260828-retry1\children\hybridzip-r2-e6-fast-full-20260828-retry1-fast-b32-r1\inputs\32KiB\dickens.bin"" ""E:\MIXER\hybridzip\results\experiments\hybridzip-r2-e6-fast-full-20260828-retry1\children\hybridzip-r2-e6-fast-full-20260828-retry1-fast-b32-r1\archives\32KiB\dickens.hz2""","""E:\MIXER\hybridzip\build\Release\hybridzip.exe"" d ""E:\MIXER\hybridzip\results\experiments\hybridzip-r2-e6-fast-full-20260828-retry1\children\hybridzip-r2-e6-fast-full-20260828-retry1-fast-b32-r1\archives\32KiB\dickens.hz2"" ""E:\MIXER\hybridzip\results\experiments\hybridzip-r2-e6-fast-full-20260828-retry1\children\hybridzip-r2-e6-fast-full-20260828-retry1-fast-b32-r1\decoded\32KiB\dickens.decoded""","0","0","2026-08-28T02:38:01.7886239+08:00","COMPLETE","PASS","zstd=1","Complete R2 archive size; SHA-256 byte-exact roundtrip verified."
"e6-fast","fast","32","1","False","0","0","none","hybridzip-r2-e6-fast-full-20260828-retry1-fast-b32-r1","r2-fast","1","2","dickens","64","inputs/64KiB/dickens.bin","65536","134AD989A7B8B40C900A3B9C0F4895317DFD827D9E6E933895B08D2F4A8A8293","archives/64KiB/dickens.hz2","28113","E0A20889BAD0D1C1D7E139FE9C1531DA7A8F40E34E7FD4C1E073FC10614F42C3","decoded/64KiB/dickens.decoded","65536","134AD989A7B8B40C900A3B9C0F4895317DFD827D9E6E933895B08D2F4A8A8293","0.0513703","0.0441994","5.00390625","2.02734375","5.00390625","E65526F9DFF3F93844E004D63C7B2A4E4F219B5EAB3F1B3D3ABCF0B301F65003","profile_id=2;mode=fast;block_size=32768;zstd_level=3;lzma_level=9;threads=1;process_timeout_seconds=3600","""E:\MIXER\hybridzip\build\Release\hybridzip.exe"" c --profile=r2 --r2-mode=fast --block-size=32768 --zstd-level=3 ""E:\MIXER\hybridzip\results\experiments\hybridzip-r2-e6-fast-full-20260828-retry1\children\hybridzip-r2-e6-fast-full-20260828-retry1-fast-b32-r1\inputs\64KiB\dickens.bin"" ""E:\MIXER\hybridzip\results\experiments\hybridzip-r2-e6-fast-full-20260828-retry1\children\hybridzip-r2-e6-fast-full-20260828-retry1-fast-b32-r1\archives\64KiB\dickens.hz2""","""E:\MIXER\hybridzip\build\Release\hybridzip.exe"" d ""E:\MIXER\hybridzip\results\experiments\hybridzip-r2-e6-fast-full-20260828-retry1\children\hybridzip-r2-e6-fast-full-20260828-retry1-fast-b32-r1\archives\64KiB\dickens.hz2"" ""E:\MIXER\hybridzip\results\experiments\hybridzip-r2-e6-fast-full-20260828-retry1\children\hybridzip-r2-e6-fast-full-20260828-retry1-fast-b32-r1\decoded\64KiB\dickens.decoded""","0","0","2026-08-28T02:38:01.9420018+08:00","COMPLETE","PASS","zstd=2","Complete R2 archive size; SHA-256 byte-exact roundtrip verified."
"e6-fast","fast","32","1","False","0","0","none","hybridzip-r2-e6-fast-full-20260828-retry1-fast-b32-r1","r2-fast","1","3","dickens","128","inputs/128KiB/dickens.bin","131072","20E33FCC8FAA96DC32A2D0921115C0F363E64C598A5847CE1A3876E356D59872","archives/128KiB/dickens.hz2","55708","DB7CC4AF653702785CEBC0B85D1B9999F957C0800F10448F9F8C890E28DE20B2","decoded/128KiB/dickens.decoded","131072","20E33FCC8FAA96DC32A2D0921115C0F363E64C598A5847CE1A3876E356D59872","0.0537763","0.0474779","5.0078125","2.734375","5.0078125","E65526F9DFF3F93844E004D63C7B2A4E4F219B5EAB3F1B3D3ABCF0B301F65003","profile_id=2;mode=fast;block_size=32768;zstd_level=3;lzma_level=9;threads=1;process_timeout_seconds=3600","""E:\MIXER\hybridzip\build\Release\hybridzip.exe"" c --profile=r2 --r2-mode=fast --block-size=32768 --zstd-level=3 ""E:\MIXER\hybridzip\results\experiments\hybridzip-r2-e6-fast-full-20260828-retry1\children\hybridzip-r2-e6-fast-full-20260828-retry1-fast-b32-r1\inputs\128KiB\dickens.bin"" ""E:\MIXER\hybridzip\results\experiments\hybridzip-r2-e6-fast-full-20260828-retry1\children\hybridzip-r2-e6-fast-full-20260828-retry1-fast-b32-r1\archives\128KiB\dickens.hz2""","""E:\MIXER\hybridzip\build\Release\hybridzip.exe"" d ""E:\MIXER\hybridzip\results\experiments\hybridzip-r2-e6-fast-full-20260828-retry1\children\hybridzip-r2-e6-fast-full-20260828-retry1-fast-b32-r1\archives\128KiB\dickens.hz2"" ""E:\MIXER\hybridzip\results\experiments\hybridzip-r2-e6-fast-full-20260828-retry1\children\hybridzip-r2-e6-fast-full-20260828-retry1-fast-b32-r1\decoded\128KiB\dickens.decoded""","0","0","2026-08-28T02:38:02.1122065+08:00","COMPLETE","PASS","zstd=4","Complete R2 archive size; SHA-256 byte-exact roundtrip verified."
"e6-fast","fast","32","1","False","0","0","none","hybridzip-r2-e6-fast-full-20260828-retry1-fast-b32-r1","r2-fast","1","4","mozilla","32","inputs/32KiB/mozilla.bin","32768","9DDEEF36CA0CA55B72FE3376D005926DFF3400A2ADE6EAE18482D8017D8645DB","archives/32KiB/mozilla.hz2","11272","C9D6249AFFEC3476809A8D05C168F93803057CBCA968771D06588FD07A919358","decoded/32KiB/mozilla.decoded","32768","9DDEEF36CA0CA55B72FE3376D005926DFF3400A2ADE6EAE18482D8017D8645DB","0.0446172","0.0484344","2.02734375","2.921875","2.921875","E65526F9DFF3F93844E004D63C7B2A4E4F219B5EAB3F1B3D3ABCF0B301F65003","profile_id=2;mode=fast;block_size=32768;zstd_level=3;lzma_level=9;threads=1;process_timeout_seconds=3600","""E:\MIXER\hybridzip\build\Release\hybridzip.exe"" c --profile=r2 --r2-mode=fast --block-size=32768 --zstd-level=3 ""E:\MIXER\hybridzip\results\experiments\hybridzip-r2-e6-fast-full-20260828-retry1\children\hybridzip-r2-e6-fast-full-20260828-retry1-fast-b32-r1\inputs\32KiB\mozilla.bin"" ""E:\MIXER\hybridzip\results\experiments\hybridzip-r2-e6-fast-full-20260828-retry1\children\hybridzip-r2-e6-fast-full-20260828-retry1-fast-b32-r1\archives\32KiB\mozilla.hz2""","""E:\MIXER\hybridzip\build\Release\hybridzip.exe"" d ""E:\MIXER\hybridzip\results\experiments\hybridzip-r2-e6-fast-full-20260828-retry1\children\hybridzip-r2-e6-fast-full-20260828-retry1-fast-b32-r1\archives\32KiB\mozilla.hz2"" ""E:\MIXER\hybridzip\results\experiments\hybridzip-r2-e6-fast-full-20260828-retry1\children\hybridzip-r2-e6-fast-full-20260828-retry1-fast-b32-r1\decoded\32KiB\mozilla.decoded""","0","0","2026-08-28T02:38:02.2791080+08:00","COMPLETE","PASS","zstd=1","Complete R2 archive size; SHA-256 byte-exact roundtrip verified."
"e6-fast","fast","32","1","False","0","0","none","hybridzip-r2-e6-fast-full-20260828-retry1-fast-b32-r1","r2-fast","1","5","mozilla","64","inputs/64KiB/mozilla.bin","65536","B0050240663F54371D372303EEABA0A59AB0758BCD565F4F639D06561E6BC996","archives/64KiB/mozilla.hz2","18134","0314A3399BE0026A29D8DA09226F4CB94523582B52DA8A18FC43A2D81B4F7FF0","decoded/64KiB/mozilla.decoded","65536","B0050240663F54371D372303EEABA0A59AB0758BCD565F4F639D06561E6BC996","0.0522977","0.0470185","3.95703125","4.2578125","4.2578125","E65526F9DFF3F93844E004D63C7B2A4E4F219B5EAB3F1B3D3ABCF0B301F65003","profile_id=2;mode=fast;block_size=32768;zstd_level=3;lzma_level=9;threads=1;process_timeout_seconds=3600","""E:\MIXER\hybridzip\build\Release\hybridzip.exe"" c --profile=r2 --r2-mode=fast --block-size=32768 --zstd-level=3 ""E:\MIXER\hybridzip\results\experiments\hybridzip-r2-e6-fast-full-20260828-retry1\children\hybridzip-r2-e6-fast-full-20260828-retry1-fast-b32-r1\inputs\64KiB\mozilla.bin"" ""E:\MIXER\hybridzip\results\experiments\hybridzip-r2-e6-fast-full-20260828-retry1\children\hybridzip-r2-e6-fast-full-20260828-retry1-fast-b32-r1\archives\64KiB\mozilla.hz2""","""E:\MIXER\hybridzip\build\Release\hybridzip.exe"" d ""E:\MIXER\hybridzip\results\experiments\hybridzip-r2-e6-fast-full-20260828-retry1\children\hybridzip-r2-e6-fast-full-20260828-retry1-fast-b32-r1\archives\64KiB\mozilla.hz2"" ""E:\MIXER\hybridzip\results\experiments\hybridzip-r2-e6-fast-full-20260828-retry1\children\hybridzip-r2-e6-fast-full-20260828-retry1-fast-b32-r1\decoded\64KiB\mozilla.decoded""","0","0","2026-08-28T02:38:02.4392130+08:00","COMPLETE","PASS","zstd=2","Complete R2 archive size; SHA-256 byte-exact roundtrip verified."
"e6-fast","fast","32","1","False","0","0","none","hybridzip-r2-e6-fast-full-20260828-retry1-fast-b32-r1","r2-fast","1","6","mozilla","128","inputs/128KiB/mozilla.bin","131072","85CDBEA98382DB12E9A21FF90E1907452712D074000A6B855D2CA215FA591EB4","archives/128KiB/mozilla.hz2","27194","4E68A8DBFF74B8A71DF04E6D98E7878F3DD34185A3D39CE6662225C70B041FA0","decoded/128KiB/mozilla.decoded","131072","85CDBEA98382DB12E9A21FF90E1907452712D074000A6B855D2CA215FA591EB4","0.0419004","0.0484524","2.02734375","2.76953125","2.76953125","E65526F9DFF3F93844E004D63C7B2A4E4F219B5EAB3F1B3D3ABCF0B301F65003","profile_id=2;mode=fast;block_size=32768;zstd_level=3;lzma_level=9;threads=1;process_timeout_seconds=3600","""E:\MIXER\hybridzip\build\Release\hybridzip.exe"" c --profile=r2 --r2-mode=fast --block-size=32768 --zstd-level=3 ""E:\MIXER\hybridzip\results\experiments\hybridzip-r2-e6-fast-full-20260828-retry1\children\hybridzip-r2-e6-fast-full-20260828-retry1-fast-b32-r1\inputs\128KiB\mozilla.bin"" ""E:\MIXER\hybridzip\results\experiments\hybridzip-r2-e6-fast-full-20260828-retry1\children\hybridzip-r2-e6-fast-full-20260828-retry1-fast-b32-r1\archives\128KiB\mozilla.hz2""","""E:\MIXER\hybridzip\build\Release\hybridzip.exe"" d ""E:\MIXER\hybridzip\results\experiments\hybridzip-r2-e6-fast-full-20260828-retry1\children\hybridzip-r2-e6-fast-full-20260828-retry1-fast-b32-r1\archives\128KiB\mozilla.hz2"" ""E:\MIXER\hybridzip\results\experiments\hybridzip-r2-e6-fast-full-20260828-retry1\children\hybridzip-r2-e6-fast-full-20260828-retry1-fast-b32-r1\decoded\128KiB\mozilla.decoded""","0","0","2026-08-28T02:38:02.6049715+08:00","COMPLETE","PASS","zstd=4","Complete R2 archive size; SHA-256 byte-exact roundtrip verified."
"e6-fast","fast","32","1","False","0","0","none","hybridzip-r2-e6-fast-full-20260828-retry1-fast-b32-r1","r2-fast","1","7","mr","32","inputs/32KiB/mr.bin","32768","3BB287B0AF65F777AB00C14E362B4D1962087260556001BBEE0689AA10D9F76A","archives/32KiB/mr.hz2","8875","C1D01F079771D2C368C949CA680090084B0929DFA557B7F0562597314DDA3A5F","decoded/32KiB/mr.decoded","32768","3BB287B0AF65F777AB00C14E362B4D1962087260556001BBEE0689AA10D9F76A","0.0419843","0.0483748","2.02734375","4.46484375","4.46484375","E65526F9DFF3F93844E004D63C7B2A4E4F219B5EAB3F1B3D3ABCF0B301F65003","profile_id=2;mode=fast;block_size=32768;zstd_level=3;lzma_level=9;threads=1;process_timeout_seconds=3600","""E:\MIXER\hybridzip\build\Release\hybridzip.exe"" c --profile=r2 --r2-mode=fast --block-size=32768 --zstd-level=3 ""E:\MIXER\hybridzip\results\experiments\hybridzip-r2-e6-fast-full-20260828-retry1\children\hybridzip-r2-e6-fast-full-20260828-retry1-fast-b32-r1\inputs\32KiB\mr.bin"" ""E:\MIXER\hybridzip\results\experiments\hybridzip-r2-e6-fast-full-20260828-retry1\children\hybridzip-r2-e6-fast-full-20260828-retry1-fast-b32-r1\archives\32KiB\mr.hz2""","""E:\MIXER\hybridzip\build\Release\hybridzip.exe"" d ""E:\MIXER\hybridzip\results\experiments\hybridzip-r2-e6-fast-full-20260828-retry1\children\hybridzip-r2-e6-fast-full-20260828-retry1-fast-b32-r1\archives\32KiB\mr.hz2"" ""E:\MIXER\hybridzip\results\experiments\hybridzip-r2-e6-fast-full-20260828-retry1\children\hybridzip-r2-e6-fast-full-20260828-retry1-fast-b32-r1\decoded\32KiB\mr.decoded""","0","0","2026-08-28T02:38:02.7605752+08:00","COMPLETE","PASS","zstd=1","Complete R2 archive size; SHA-256 byte-exact roundtrip verified."
"e6-fast","fast","32","1","False","0","0","none","hybridzip-r2-e6-fast-full-20260828-retry1-fast-b32-r1","r2-fast","1","8","mr","64","inputs/64KiB/mr.bin","65536","CAB7B6408934009A4BBFEDB57BEB4943BF5478CF8B3688D01F004E0422EBC651","archives/64KiB/mr.hz2","17564","E21D7226F618864BC7D0E02A03F8A38FB256CE422B1C9D4A6B40C19158DF4F2E","decoded/64KiB/mr.decoded","65536","CAB7B6408934009A4BBFEDB57BEB4943BF5478CF8B3688D01F004E0422EBC651","0.0467476","0.0468283","2.02734375","2.02734375","2.02734375","E65526F9DFF3F93844E004D63C7B2A4E4F219B5EAB3F1B3D3ABCF0B301F65003","profile_id=2;mode=fast;block_size=32768;zstd_level=3;lzma_level=9;threads=1;process_timeout_seconds=3600","""E:\MIXER\hybridzip\build\Release\hybridzip.exe"" c --profile=r2 --r2-mode=fast --block-size=32768 --zstd-level=3 ""E:\MIXER\hybridzip\results\experiments\hybridzip-r2-e6-fast-full-20260828-retry1\children\hybridzip-r2-e6-fast-full-20260828-retry1-fast-b32-r1\inputs\64KiB\mr.bin"" ""E:\MIXER\hybridzip\results\experiments\hybridzip-r2-e6-fast-full-20260828-retry1\children\hybridzip-r2-e6-fast-full-20260828-retry1-fast-b32-r1\archives\64KiB\mr.hz2""","""E:\MIXER\hybridzip\build\Release\hybridzip.exe"" d ""E:\MIXER\hybridzip\results\experiments\hybridzip-r2-e6-fast-full-20260828-retry1\children\hybridzip-r2-e6-fast-full-20260828-retry1-fast-b32-r1\archives\64KiB\mr.hz2"" ""E:\MIXER\hybridzip\results\experiments\hybridzip-r2-e6-fast-full-20260828-retry1\children\hybridzip-r2-e6-fast-full-20260828-retry1-fast-b32-r1\decoded\64KiB\mr.decoded""","0","0","2026-08-28T02:38:02.9194061+08:00","COMPLETE","PASS","zstd=2","Complete R2 archive size; SHA-256 byte-exact roundtrip verified."
"e6-fast","fast","32","1","False","0","0","none","hybridzip-r2-e6-fast-full-20260828-retry1-fast-b32-r1","r2-fast","1","9","mr","128","inputs/128KiB/mr.bin","131072","473A6A883480C7B2E69402AD888AC07B347C2DF61C6AA0D84E8B8130A27792EA","archives/128KiB/mr.hz2","34872","510A81515397A429B1136AA1F79A3AA0221BD56B7B6B8887A13DF9DFB31C9256","decoded/128KiB/mr.decoded","131072","473A6A883480C7B2E69402AD888AC07B347C2DF61C6AA0D84E8B8130A27792EA","0.058344","0.0471468","2.02734375","4.44921875","4.44921875","E65526F9DFF3F93844E004D63C7B2A4E4F219B5EAB3F1B3D3ABCF0B301F65003","profile_id=2;mode=fast;block_size=32768;zstd_level=3;lzma_level=9;threads=1;process_timeout_seconds=3600","""E:\MIXER\hybridzip\build\Release\hybridzip.exe"" c --profile=r2 --r2-mode=fast --block-size=32768 --zstd-level=3 ""E:\MIXER\hybridzip\results\experiments\hybridzip-r2-e6-fast-full-20260828-retry1\children\hybridzip-r2-e6-fast-full-20260828-retry1-fast-b32-r1\inputs\128KiB\mr.bin"" ""E:\MIXER\hybridzip\results\experiments\hybridzip-r2-e6-fast-full-20260828-retry1\children\hybridzip-r2-e6-fast-full-20260828-retry1-fast-b32-r1\archives\128KiB\mr.hz2""","""E:\MIXER\hybridzip\build\Release\hybridzip.exe"" d ""E:\MIXER\hybridzip\results\experiments\hybridzip-r2-e6-fast-full-20260828-retry1\children\hybridzip-r2-e6-fast-full-20260828-retry1-fast-b32-r1\archives\128KiB\mr.hz2"" ""E:\MIXER\hybridzip\results\experiments\hybridzip-r2-e6-fast-full-20260828-retry1\children\hybridzip-r2-e6-fast-full-20260828-retry1-fast-b32-r1\decoded\128KiB\mr.decoded""","0","0","2026-08-28T02:38:03.0775038+08:00","COMPLETE","PASS","zstd=4","Complete R2 archive size; SHA-256 byte-exact roundtrip verified."
"e6-fast","fast","32","1","False","0","0","none","hybridzip-r2-e6-fast-full-20260828-retry1-fast-b32-r1","r2-fast","1","10","nci","32","inputs/32KiB/nci.bin","32768","0D3034FE8B0E573DE1439ED98CE409B83B13E5895085C9BFB0BF980F4962FB79","archives/32KiB/nci.hz2","3102","8E94CD5589355E5325EE90207883E91F269F448CF321C9C1F9E7D316D26DBED4","decoded/32KiB/nci.decoded","32768","0D3034FE8B0E573DE1439ED98CE409B83B13E5895085C9BFB0BF980F4962FB79","0.056347","0.0486672","4.96484375","4.4453125","4.96484375","E65526F9DFF3F93844E004D63C7B2A4E4F219B5EAB3F1B3D3ABCF0B301F65003","profile_id=2;mode=fast;block_size=32768;zstd_level=3;lzma_level=9;threads=1;process_timeout_seconds=3600","""E:\MIXER\hybridzip\build\Release\hybridzip.exe"" c --profile=r2 --r2-mode=fast --block-size=32768 --zstd-level=3 ""E:\MIXER\hybridzip\results\experiments\hybridzip-r2-e6-fast-full-20260828-retry1\children\hybridzip-r2-e6-fast-full-20260828-retry1-fast-b32-r1\inputs\32KiB\nci.bin"" ""E:\MIXER\hybridzip\results\experiments\hybridzip-r2-e6-fast-full-20260828-retry1\children\hybridzip-r2-e6-fast-full-20260828-retry1-fast-b32-r1\archives\32KiB\nci.hz2""","""E:\MIXER\hybridzip\build\Release\hybridzip.exe"" d ""E:\MIXER\hybridzip\results\experiments\hybridzip-r2-e6-fast-full-20260828-retry1\children\hybridzip-r2-e6-fast-full-20260828-retry1-fast-b32-r1\archives\32KiB\nci.hz2"" ""E:\MIXER\hybridzip\results\experiments\hybridzip-r2-e6-fast-full-20260828-retry1\children\hybridzip-r2-e6-fast-full-20260828-retry1-fast-b32-r1\decoded\32KiB\nci.decoded""","0","0","2026-08-28T02:38:03.2478498+08:00","COMPLETE","PASS","zstd=1","Complete R2 archive size; SHA-256 byte-exact roundtrip verified."
"e6-fast","fast","32","1","False","0","0","none","hybridzip-r2-e6-fast-full-20260828-retry1-fast-b32-r1","r2-fast","1","11","nci","64","inputs/64KiB/nci.bin","65536","B01B411AC3B5CE2FBF37242C0C59D2D236D2F7039937C1B1A0F18F4CC02549FE","archives/64KiB/nci.hz2","5872","FD26CBD8F6EF3741EB45087E14241C456FAD7EC6E6867756007ED9E976026527","decoded/64KiB/nci.decoded","65536","B01B411AC3B5CE2FBF37242C0C59D2D236D2F7039937C1B1A0F18F4CC02549FE","0.043248","0.0578878","2.02734375","2.02734375","2.02734375","E65526F9DFF3F93844E004D63C7B2A4E4F219B5EAB3F1B3D3ABCF0B301F65003","profile_id=2;mode=fast;block_size=32768;zstd_level=3;lzma_level=9;threads=1;process_timeout_seconds=3600","""E:\MIXER\hybridzip\build\Release\hybridzip.exe"" c --profile=r2 --r2-mode=fast --block-size=32768 --zstd-level=3 ""E:\MIXER\hybridzip\results\experiments\hybridzip-r2-e6-fast-full-20260828-retry1\children\hybridzip-r2-e6-fast-full-20260828-retry1-fast-b32-r1\inputs\64KiB\nci.bin"" ""E:\MIXER\hybridzip\results\experiments\hybridzip-r2-e6-fast-full-20260828-retry1\children\hybridzip-r2-e6-fast-full-20260828-retry1-fast-b32-r1\archives\64KiB\nci.hz2""","""E:\MIXER\hybridzip\build\Release\hybridzip.exe"" d ""E:\MIXER\hybridzip\results\experiments\hybridzip-r2-e6-fast-full-20260828-retry1\children\hybridzip-r2-e6-fast-full-20260828-retry1-fast-b32-r1\archives\64KiB\nci.hz2"" ""E:\MIXER\hybridzip\results\experiments\hybridzip-r2-e6-fast-full-20260828-retry1\children\hybridzip-r2-e6-fast-full-20260828-retry1-fast-b32-r1\decoded\64KiB\nci.decoded""","0","0","2026-08-28T02:38:03.4212649+08:00","COMPLETE","PASS","zstd=2","Complete R2 archive size; SHA-256 byte-exact roundtrip verified."
"e6-fast","fast","32","1","False","0","0","none","hybridzip-r2-e6-fast-full-20260828-retry1-fast-b32-r1","r2-fast","1","12","nci","128","inputs/128KiB/nci.bin","131072","C8A1D610355E5EF900ED4C704DF14ADF1935D95DFD8F1740AC9FD90FC9BF5781","archives/128KiB/nci.hz2","12792","327FE2D84007F320D98BC81A66BBBA4986F81157939181D07BF4C0CB6EBAA2BF","decoded/128KiB/nci.decoded","131072","C8A1D610355E5EF900ED4C704DF14ADF1935D95DFD8F1740AC9FD90FC9BF5781","0.0594051","0.0621074","2.02734375","4","4","E65526F9DFF3F93844E004D63C7B2A4E4F219B5EAB3F1B3D3ABCF0B301F65003","profile_id=2;mode=fast;block_size=32768;zstd_level=3;lzma_level=9;threads=1;process_timeout_seconds=3600","""E:\MIXER\hybridzip\build\Release\hybridzip.exe"" c --profile=r2 --r2-mode=fast --block-size=32768 --zstd-level=3 ""E:\MIXER\hybridzip\results\experiments\hybridzip-r2-e6-fast-full-20260828-retry1\children\hybridzip-r2-e6-fast-full-20260828-retry1-fast-b32-r1\inputs\128KiB\nci.bin"" ""E:\MIXER\hybridzip\results\experiments\hybridzip-r2-e6-fast-full-20260828-retry1\children\hybridzip-r2-e6-fast-full-20260828-retry1-fast-b32-r1\archives\128KiB\nci.hz2""","""E:\MIXER\hybridzip\build\Release\hybridzip.exe"" d ""E:\MIXER\hybridzip\results\experiments\hybridzip-r2-e6-fast-full-20260828-retry1\children\hybridzip-r2-e6-fast-full-20260828-retry1-fast-b32-r1\archives\128KiB\nci.hz2"" ""E:\MIXER\hybridzip\results\experiments\hybridzip-r2-e6-fast-full-20260828-retry1\children\hybridzip-r2-e6-fast-full-20260828-retry1-fast-b32-r1\decoded\128KiB\nci.decoded""","0","0","2026-08-28T02:38:03.5967289+08:00","COMPLETE","PASS","zstd=4","Complete R2 archive size; SHA-256 byte-exact roundtrip verified."
"e6-fast","fast","32","1","False","0","0","none","hybridzip-r2-e6-fast-full-20260828-retry1-fast-b32-r1","r2-fast","1","13","ooffice","32","inputs/32KiB/ooffice.bin","32768","2ACF9B4CAAEAC5814CDFEF0FA48A5ECE857C847DBDB7B44EEAB95CA3C098921C","archives/32KiB/ooffice.hz2","14873","6B109265F2C2478A5603938689D7FC10FEDE2E3807BA6607C3D82DC4A1DE81AB","decoded/32KiB/ooffice.decoded","32768","2ACF9B4CAAEAC5814CDFEF0FA48A5ECE857C847DBDB7B44EEAB95CA3C098921C","0.0592747","0.0457145","2.02734375","2.02734375","2.02734375","E65526F9DFF3F93844E004D63C7B2A4E4F219B5EAB3F1B3D3ABCF0B301F65003","profile_id=2;mode=fast;block_size=32768;zstd_level=3;lzma_level=9;threads=1;process_timeout_seconds=3600","""E:\MIXER\hybridzip\build\Release\hybridzip.exe"" c --profile=r2 --r2-mode=fast --block-size=32768 --zstd-level=3 ""E:\MIXER\hybridzip\results\experiments\hybridzip-r2-e6-fast-full-20260828-retry1\children\hybridzip-r2-e6-fast-full-20260828-retry1-fast-b32-r1\inputs\32KiB\ooffice.bin"" ""E:\MIXER\hybridzip\results\experiments\hybridzip-r2-e6-fast-full-20260828-retry1\children\hybridzip-r2-e6-fast-full-20260828-retry1-fast-b32-r1\archives\32KiB\ooffice.hz2""","""E:\MIXER\hybridzip\build\Release\hybridzip.exe"" d ""E:\MIXER\hybridzip\results\experiments\hybridzip-r2-e6-fast-full-20260828-retry1\children\hybridzip-r2-e6-fast-full-20260828-retry1-fast-b32-r1\archives\32KiB\ooffice.hz2"" ""E:\MIXER\hybridzip\results\experiments\hybridzip-r2-e6-fast-full-20260828-retry1\children\hybridzip-r2-e6-fast-full-20260828-retry1-fast-b32-r1\decoded\32KiB\ooffice.decoded""","0","0","2026-08-28T02:38:03.7839871+08:00","COMPLETE","PASS","zstd=1","Complete R2 archive size; SHA-256 byte-exact roundtrip verified."
"e6-fast","fast","32","1","False","0","0","none","hybridzip-r2-e6-fast-full-20260828-retry1-fast-b32-r1","r2-fast","1","14","ooffice","64","inputs/64KiB/ooffice.bin","65536","9D30521922187D0A26F56CF2DF85001F9585D0D4EC6A0A8797466AFCC367F825","archives/64KiB/ooffice.hz2","34744","9D8264B90CB73FD319F25A7137E76959F082985E84FB779707BEE15A732785FA","decoded/64KiB/ooffice.decoded","65536","9D30521922187D0A26F56CF2DF85001F9585D0D4EC6A0A8797466AFCC367F825","0.0405171","0.042364","2.0234375","2.02734375","2.02734375","E65526F9DFF3F93844E004D63C7B2A4E4F219B5EAB3F1B3D3ABCF0B301F65003","profile_id=2;mode=fast;block_size=32768;zstd_level=3;lzma_level=9;threads=1;process_timeout_seconds=3600","""E:\MIXER\hybridzip\build\Release\hybridzip.exe"" c --profile=r2 --r2-mode=fast --block-size=32768 --zstd-level=3 ""E:\MIXER\hybridzip\results\experiments\hybridzip-r2-e6-fast-full-20260828-retry1\children\hybridzip-r2-e6-fast-full-20260828-retry1-fast-b32-r1\inputs\64KiB\ooffice.bin"" ""E:\MIXER\hybridzip\results\experiments\hybridzip-r2-e6-fast-full-20260828-retry1\children\hybridzip-r2-e6-fast-full-20260828-retry1-fast-b32-r1\archives\64KiB\ooffice.hz2""","""E:\MIXER\hybridzip\build\Release\hybridzip.exe"" d ""E:\MIXER\hybridzip\results\experiments\hybridzip-r2-e6-fast-full-20260828-retry1\children\hybridzip-r2-e6-fast-full-20260828-retry1-fast-b32-r1\archives\64KiB\ooffice.hz2"" ""E:\MIXER\hybridzip\results\experiments\hybridzip-r2-e6-fast-full-20260828-retry1\children\hybridzip-r2-e6-fast-full-20260828-retry1-fast-b32-r1\decoded\64KiB\ooffice.decoded""","0","0","2026-08-28T02:38:03.9768952+08:00","COMPLETE","PASS","zstd=2","Complete R2 archive size; SHA-256 byte-exact roundtrip verified."
"e6-fast","fast","32","1","False","0","0","none","hybridzip-r2-e6-fast-full-20260828-retry1-fast-b32-r1","r2-fast","1","15","ooffice","128","inputs/128KiB/ooffice.bin","131072","09FA5F3EE5311528863F8C3FADA3B530CC24AC1D88128E4DB2BF434161879FEF","archives/128KiB/ooffice.hz2","74600","77310573993EBC0682FF30F16CFABA38A40DAC898AF7B67778539111EFED2D20","decoded/128KiB/ooffice.decoded","131072","09FA5F3EE5311528863F8C3FADA3B530CC24AC1D88128E4DB2BF434161879FEF","0.0388531","0.0455538","2.02734375","2.50390625","2.50390625","E65526F9DFF3F93844E004D63C7B2A4E4F219B5EAB3F1B3D3ABCF0B301F65003","profile_id=2;mode=fast;block_size=32768;zstd_level=3;lzma_level=9;threads=1;process_timeout_seconds=3600","""E:\MIXER\hybridzip\build\Release\hybridzip.exe"" c --profile=r2 --r2-mode=fast --block-size=32768 --zstd-level=3 ""E:\MIXER\hybridzip\results\experiments\hybridzip-r2-e6-fast-full-20260828-retry1\children\hybridzip-r2-e6-fast-full-20260828-retry1-fast-b32-r1\inputs\128KiB\ooffice.bin"" ""E:\MIXER\hybridzip\results\experiments\hybridzip-r2-e6-fast-full-20260828-retry1\children\hybridzip-r2-e6-fast-full-20260828-retry1-fast-b32-r1\archives\128KiB\ooffice.hz2""","""E:\MIXER\hybridzip\build\Release\hybridzip.exe"" d ""E:\MIXER\hybridzip\results\experiments\hybridzip-r2-e6-fast-full-20260828-retry1\children\hybridzip-r2-e6-fast-full-20260828-retry1-fast-b32-r1\archives\128KiB\ooffice.hz2"" ""E:\MIXER\hybridzip\results\experiments\hybridzip-r2-e6-fast-full-20260828-retry1\children\hybridzip-r2-e6-fast-full-20260828-retry1-fast-b32-r1\decoded\128KiB\ooffice.decoded""","0","0","2026-08-28T02:38:04.1526288+08:00","COMPLETE","PASS","zstd=4","Complete R2 archive size; SHA-256 byte-exact roundtrip verified."
"e6-fast","fast","32","1","False","0","0","none","hybridzip-r2-e6-fast-full-20260828-retry1-fast-b32-r1","r2-fast","1","16","osdb","32","inputs/32KiB/osdb.bin","32768","03B2C20B777682CD960BCD893D7A4463161D9C0200FD1708B2EFAE32A259D0B7","archives/32KiB/osdb.hz2","15697","6AAF56B2C8C29F7E26C3C45D15FAC2C8D4FEC3EB357F4B31B097E9A5B0F50A81","decoded/32KiB/osdb.decoded","32768","03B2C20B777682CD960BCD893D7A4463161D9C0200FD1708B2EFAE32A259D0B7","0.0407218","0.0413062","2.02734375","2.02734375","2.02734375","E65526F9DFF3F93844E004D63C7B2A4E4F219B5EAB3F1B3D3ABCF0B301F65003","profile_id=2;mode=fast;block_size=32768;zstd_level=3;lzma_level=9;threads=1;process_timeout_seconds=3600","""E:\MIXER\hybridzip\build\Release\hybridzip.exe"" c --profile=r2 --r2-mode=fast --block-size=32768 --zstd-level=3 ""E:\MIXER\hybridzip\results\experiments\hybridzip-r2-e6-fast-full-20260828-retry1\children\hybridzip-r2-e6-fast-full-20260828-retry1-fast-b32-r1\inputs\32KiB\osdb.bin"" ""E:\MIXER\hybridzip\results\experiments\hybridzip-r2-e6-fast-full-20260828-retry1\children\hybridzip-r2-e6-fast-full-20260828-retry1-fast-b32-r1\archives\32KiB\osdb.hz2""","""E:\MIXER\hybridzip\build\Release\hybridzip.exe"" d ""E:\MIXER\hybridzip\results\experiments\hybridzip-r2-e6-fast-full-20260828-retry1\children\hybridzip-r2-e6-fast-full-20260828-retry1-fast-b32-r1\archives\32KiB\osdb.hz2"" ""E:\MIXER\hybridzip\results\experiments\hybridzip-r2-e6-fast-full-20260828-retry1\children\hybridzip-r2-e6-fast-full-20260828-retry1-fast-b32-r1\decoded\32KiB\osdb.decoded""","0","0","2026-08-28T02:38:04.3217649+08:00","COMPLETE","PASS","zstd=1","Complete R2 archive size; SHA-256 byte-exact roundtrip verified."
"e6-fast","fast","32","1","False","0","0","none","hybridzip-r2-e6-fast-full-20260828-retry1-fast-b32-r1","r2-fast","1","17","osdb","64","inputs/64KiB/osdb.bin","65536","F8FE629325A07588118BA0B65880A87DED43EF249CCBC91F0E977BBACAE0C125","archives/64KiB/osdb.hz2","31473","09B3F2CC7166DEB69293216D90F87990CE2FFFB57197B164C5425BDD1A9FE3E0","decoded/64KiB/osdb.decoded","65536","F8FE629325A07588118BA0B65880A87DED43EF249CCBC91F0E977BBACAE0C125","0.0423459","0.0485774","2.02734375","4.4765625","4.4765625","E65526F9DFF3F93844E004D63C7B2A4E4F219B5EAB3F1B3D3ABCF0B301F65003","profile_id=2;mode=fast;block_size=32768;zstd_level=3;lzma_level=9;threads=1;process_timeout_seconds=3600","""E:\MIXER\hybridzip\build\Release\hybridzip.exe"" c --profile=r2 --r2-mode=fast --block-size=32768 --zstd-level=3 ""E:\MIXER\hybridzip\results\experiments\hybridzip-r2-e6-fast-full-20260828-retry1\children\hybridzip-r2-e6-fast-full-20260828-retry1-fast-b32-r1\inputs\64KiB\osdb.bin"" ""E:\MIXER\hybridzip\results\experiments\hybridzip-r2-e6-fast-full-20260828-retry1\children\hybridzip-r2-e6-fast-full-20260828-retry1-fast-b32-r1\archives\64KiB\osdb.hz2""","""E:\MIXER\hybridzip\build\Release\hybridzip.exe"" d ""E:\MIXER\hybridzip\results\experiments\hybridzip-r2-e6-fast-full-20260828-retry1\children\hybridzip-r2-e6-fast-full-20260828-retry1-fast-b32-r1\archives\64KiB\osdb.hz2"" ""E:\MIXER\hybridzip\results\experiments\hybridzip-r2-e6-fast-full-20260828-retry1\children\hybridzip-r2-e6-fast-full-20260828-retry1-fast-b32-r1\decoded\64KiB\osdb.decoded""","0","0","2026-08-28T02:38:04.4787065+08:00","COMPLETE","PASS","zstd=2","Complete R2 archive size; SHA-256 byte-exact roundtrip verified."
"e6-fast","fast","32","1","False","0","0","none","hybridzip-r2-e6-fast-full-20260828-retry1-fast-b32-r1","r2-fast","1","18","osdb","128","inputs/128KiB/osdb.bin","131072","D977E72AE13AEFC36A4B6171A895E26A0E6EEE447B1B9FBE868D7B1C046CC91F","archives/128KiB/osdb.hz2","62972","CB536DA6A28FFC75DA334B77116C8B342339C9FD2A6DC424E676EBE4D854012E","decoded/128KiB/osdb.decoded","131072","D977E72AE13AEFC36A4B6171A895E26A0E6EEE447B1B9FBE868D7B1C046CC91F","0.0548674","0.0491648","4.98828125","4.484375","4.98828125","E65526F9DFF3F93844E004D63C7B2A4E4F219B5EAB3F1B3D3ABCF0B301F65003","profile_id=2;mode=fast;block_size=32768;zstd_level=3;lzma_level=9;threads=1;process_timeout_seconds=3600","""E:\MIXER\hybridzip\build\Release\hybridzip.exe"" c --profile=r2 --r2-mode=fast --block-size=32768 --zstd-level=3 ""E:\MIXER\hybridzip\results\experiments\hybridzip-r2-e6-fast-full-20260828-retry1\children\hybridzip-r2-e6-fast-full-20260828-retry1-fast-b32-r1\inputs\128KiB\osdb.bin"" ""E:\MIXER\hybridzip\results\experiments\hybridzip-r2-e6-fast-full-20260828-retry1\children\hybridzip-r2-e6-fast-full-20260828-retry1-fast-b32-r1\archives\128KiB\osdb.hz2""","""E:\MIXER\hybridzip\build\Release\hybridzip.exe"" d ""E:\MIXER\hybridzip\results\experiments\hybridzip-r2-e6-fast-full-20260828-retry1\children\hybridzip-r2-e6-fast-full-20260828-retry1-fast-b32-r1\archives\128KiB\osdb.hz2"" ""E:\MIXER\hybridzip\results\experiments\hybridzip-r2-e6-fast-full-20260828-retry1\children\hybridzip-r2-e6-fast-full-20260828-retry1-fast-b32-r1\decoded\128KiB\osdb.decoded""","0","0","2026-08-28T02:38:04.6361888+08:00","COMPLETE","PASS","zstd=4","Complete R2 archive size; SHA-256 byte-exact roundtrip verified."
"e6-fast","fast","32","1","False","0","0","none","hybridzip-r2-e6-fast-full-20260828-retry1-fast-b32-r1","r2-fast","1","19","reymont","32","inputs/32KiB/reymont.bin","32768","9D5E4B9340C2260DAE7DDB01B3EDA58236FF2DE5E1FF4D56767AA840B6FB1A87","archives/32KiB/reymont.hz2","10573","D7DE1A241CF472F3E341EAFCCA07F42F7489F47776E49F86335093A29C57592D","decoded/32KiB/reymont.decoded","32768","9D5E4B9340C2260DAE7DDB01B3EDA58236FF2DE5E1FF4D56767AA840B6FB1A87","0.0412167","0.0495466","2.02734375","4.47265625","4.47265625","E65526F9DFF3F93844E004D63C7B2A4E4F219B5EAB3F1B3D3ABCF0B301F65003","profile_id=2;mode=fast;block_size=32768;zstd_level=3;lzma_level=9;threads=1;process_timeout_seconds=3600","""E:\MIXER\hybridzip\build\Release\hybridzip.exe"" c --profile=r2 --r2-mode=fast --block-size=32768 --zstd-level=3 ""E:\MIXER\hybridzip\results\experiments\hybridzip-r2-e6-fast-full-20260828-retry1\children\hybridzip-r2-e6-fast-full-20260828-retry1-fast-b32-r1\inputs\32KiB\reymont.bin"" ""E:\MIXER\hybridzip\results\experiments\hybridzip-r2-e6-fast-full-20260828-retry1\children\hybridzip-r2-e6-fast-full-20260828-retry1-fast-b32-r1\archives\32KiB\reymont.hz2""","""E:\MIXER\hybridzip\build\Release\hybridzip.exe"" d ""E:\MIXER\hybridzip\results\experiments\hybridzip-r2-e6-fast-full-20260828-retry1\children\hybridzip-r2-e6-fast-full-20260828-retry1-fast-b32-r1\archives\32KiB\reymont.hz2"" ""E:\MIXER\hybridzip\results\experiments\hybridzip-r2-e6-fast-full-20260828-retry1\children\hybridzip-r2-e6-fast-full-20260828-retry1-fast-b32-r1\decoded\32KiB\reymont.decoded""","0","0","2026-08-28T02:38:04.8055086+08:00","COMPLETE","PASS","zstd=1","Complete R2 archive size; SHA-256 byte-exact roundtrip verified."
"e6-fast","fast","32","1","False","0","0","none","hybridzip-r2-e6-fast-full-20260828-retry1-fast-b32-r1","r2-fast","1","20","reymont","64","inputs/64KiB/reymont.bin","65536","A5ECAAABB133F1ADF8DE6062BE6381D143E87F9F8050EEA9B5BE6F92B88C3C22","archives/64KiB/reymont.hz2","21488","2DDC396820CAF609EF8A8918B1922153D9C85C30293D67E10357ED549C24246D","decoded/64KiB/reymont.decoded","65536","A5ECAAABB133F1ADF8DE6062BE6381D143E87F9F8050EEA9B5BE6F92B88C3C22","0.0429644","0.0491373","2.02734375","2.01953125","2.02734375","E65526F9DFF3F93844E004D63C7B2A4E4F219B5EAB3F1B3D3ABCF0B301F65003","profile_id=2;mode=fast;block_size=32768;zstd_level=3;lzma_level=9;threads=1;process_timeout_seconds=3600","""E:\MIXER\hybridzip\build\Release\hybridzip.exe"" c --profile=r2 --r2-mode=fast --block-size=32768 --zstd-level=3 ""E:\MIXER\hybridzip\results\experiments\hybridzip-r2-e6-fast-full-20260828-retry1\children\hybridzip-r2-e6-fast-full-20260828-retry1-fast-b32-r1\inputs\64KiB\reymont.bin"" ""E:\MIXER\hybridzip\results\experiments\hybridzip-r2-e6-fast-full-20260828-retry1\children\hybridzip-r2-e6-fast-full-20260828-retry1-fast-b32-r1\archives\64KiB\reymont.hz2""","""E:\MIXER\hybridzip\build\Release\hybridzip.exe"" d ""E:\MIXER\hybridzip\results\experiments\hybridzip-r2-e6-fast-full-20260828-retry1\children\hybridzip-r2-e6-fast-full-20260828-retry1-fast-b32-r1\archives\64KiB\reymont.hz2"" ""E:\MIXER\hybridzip\results\experiments\hybridzip-r2-e6-fast-full-20260828-retry1\children\hybridzip-r2-e6-fast-full-20260828-retry1-fast-b32-r1\decoded\64KiB\reymont.decoded""","0","0","2026-08-28T02:38:04.9631488+08:00","COMPLETE","PASS","zstd=2","Complete R2 archive size; SHA-256 byte-exact roundtrip verified."
"e6-fast","fast","32","1","False","0","0","none","hybridzip-r2-e6-fast-full-20260828-retry1-fast-b32-r1","r2-fast","1","21","reymont","128","inputs/128KiB/reymont.bin","131072","A6CA7478854C1E80DFEAF9FB3444B357F9D7625E55232FAE3B3632A5A1217DEA","archives/128KiB/reymont.hz2","43664","0B84E4985DCEDFEB986E3D49F9B1EAB77990EAC8A6EA8D3ADA471D0277217185","decoded/128KiB/reymont.decoded","131072","A6CA7478854C1E80DFEAF9FB3444B357F9D7625E55232FAE3B3632A5A1217DEA","0.0399162","0.0492255","2.0234375","4.47265625","4.47265625","E65526F9DFF3F93844E004D63C7B2A4E4F219B5EAB3F1B3D3ABCF0B301F65003","profile_id=2;mode=fast;block_size=32768;zstd_level=3;lzma_level=9;threads=1;process_timeout_seconds=3600","""E:\MIXER\hybridzip\build\Release\hybridzip.exe"" c --profile=r2 --r2-mode=fast --block-size=32768 --zstd-level=3 ""E:\MIXER\hybridzip\results\experiments\hybridzip-r2-e6-fast-full-20260828-retry1\children\hybridzip-r2-e6-fast-full-20260828-retry1-fast-b32-r1\inputs\128KiB\reymont.bin"" ""E:\MIXER\hybridzip\results\experiments\hybridzip-r2-e6-fast-full-20260828-retry1\children\hybridzip-r2-e6-fast-full-20260828-retry1-fast-b32-r1\archives\128KiB\reymont.hz2""","""E:\MIXER\hybridzip\build\Release\hybridzip.exe"" d ""E:\MIXER\hybridzip\results\experiments\hybridzip-r2-e6-fast-full-20260828-retry1\children\hybridzip-r2-e6-fast-full-20260828-retry1-fast-b32-r1\archives\128KiB\reymont.hz2"" ""E:\MIXER\hybridzip\results\experiments\hybridzip-r2-e6-fast-full-20260828-retry1\children\hybridzip-r2-e6-fast-full-20260828-retry1-fast-b32-r1\decoded\128KiB\reymont.decoded""","0","0","2026-08-28T02:38:05.1231494+08:00","COMPLETE","PASS","zstd=4","Complete R2 archive size; SHA-256 byte-exact roundtrip verified."
"e6-fast","fast","32","1","False","0","0","none","hybridzip-r2-e6-fast-full-20260828-retry1-fast-b32-r1","r2-fast","1","22","samba","32","inputs/32KiB/samba.bin","32768","9C4F5BEE544E4531E4946E62F796987418B4526911C34877EF282F14DD57AD12","archives/32KiB/samba.hz2","11947","D658A17E69651E3918699968AC11F95C6F63EBBC5C4BE0E343665F3CF941BEBD","decoded/32KiB/samba.decoded","32768","9C4F5BEE544E4531E4946E62F796987418B4526911C34877EF282F14DD57AD12","0.0416168","0.0432009","2.02734375","2.02734375","2.02734375","E65526F9DFF3F93844E004D63C7B2A4E4F219B5EAB3F1B3D3ABCF0B301F65003","profile_id=2;mode=fast;block_size=32768;zstd_level=3;lzma_level=9;threads=1;process_timeout_seconds=3600","""E:\MIXER\hybridzip\build\Release\hybridzip.exe"" c --profile=r2 --r2-mode=fast --block-size=32768 --zstd-level=3 ""E:\MIXER\hybridzip\results\experiments\hybridzip-r2-e6-fast-full-20260828-retry1\children\hybridzip-r2-e6-fast-full-20260828-retry1-fast-b32-r1\inputs\32KiB\samba.bin"" ""E:\MIXER\hybridzip\results\experiments\hybridzip-r2-e6-fast-full-20260828-retry1\children\hybridzip-r2-e6-fast-full-20260828-retry1-fast-b32-r1\archives\32KiB\samba.hz2""","""E:\MIXER\hybridzip\build\Release\hybridzip.exe"" d ""E:\MIXER\hybridzip\results\experiments\hybridzip-r2-e6-fast-full-20260828-retry1\children\hybridzip-r2-e6-fast-full-20260828-retry1-fast-b32-r1\archives\32KiB\samba.hz2"" ""E:\MIXER\hybridzip\results\experiments\hybridzip-r2-e6-fast-full-20260828-retry1\children\hybridzip-r2-e6-fast-full-20260828-retry1-fast-b32-r1\decoded\32KiB\samba.decoded""","0","0","2026-08-28T02:38:05.2793103+08:00","COMPLETE","PASS","zstd=1","Complete R2 archive size; SHA-256 byte-exact roundtrip verified."
"e6-fast","fast","32","1","False","0","0","none","hybridzip-r2-e6-fast-full-20260828-retry1-fast-b32-r1","r2-fast","1","23","samba","64","inputs/64KiB/samba.bin","65536","3E0420984C0F260EA7350734600CEA9D8500B745E2E4B7DBD4D1DA1D1ADAC421","archives/64KiB/samba.hz2","23979","57A3DB9A8A6C9389100D05EB395B744B9AFAF3C0A7179C5A78ADE864FE050657","decoded/64KiB/samba.decoded","65536","3E0420984C0F260EA7350734600CEA9D8500B745E2E4B7DBD4D1DA1D1ADAC421","0.0407","0.0484191","2.02734375","2.02734375","2.02734375","E65526F9DFF3F93844E004D63C7B2A4E4F219B5EAB3F1B3D3ABCF0B301F65003","profile_id=2;mode=fast;block_size=32768;zstd_level=3;lzma_level=9;threads=1;process_timeout_seconds=3600","""E:\MIXER\hybridzip\build\Release\hybridzip.exe"" c --profile=r2 --r2-mode=fast --block-size=32768 --zstd-level=3 ""E:\MIXER\hybridzip\results\experiments\hybridzip-r2-e6-fast-full-20260828-retry1\children\hybridzip-r2-e6-fast-full-20260828-retry1-fast-b32-r1\inputs\64KiB\samba.bin"" ""E:\MIXER\hybridzip\results\experiments\hybridzip-r2-e6-fast-full-20260828-retry1\children\hybridzip-r2-e6-fast-full-20260828-retry1-fast-b32-r1\archives\64KiB\samba.hz2""","""E:\MIXER\hybridzip\build\Release\hybridzip.exe"" d ""E:\MIXER\hybridzip\results\experiments\hybridzip-r2-e6-fast-full-20260828-retry1\children\hybridzip-r2-e6-fast-full-20260828-retry1-fast-b32-r1\archives\64KiB\samba.hz2"" ""E:\MIXER\hybridzip\results\experiments\hybridzip-r2-e6-fast-full-20260828-retry1\children\hybridzip-r2-e6-fast-full-20260828-retry1-fast-b32-r1\decoded\64KiB\samba.decoded""","0","0","2026-08-28T02:38:05.4379915+08:00","COMPLETE","PASS","zstd=2","Complete R2 archive size; SHA-256 byte-exact roundtrip verified."
"e6-fast","fast","32","1","False","0","0","none","hybridzip-r2-e6-fast-full-20260828-retry1-fast-b32-r1","r2-fast","1","24","samba","128","inputs/128KiB/samba.bin","131072","F3B8C4AD35BC6CF21977895D6F04A22B1422605942FA5AFE35CE28B2A221D7E8","archives/128KiB/samba.hz2","49050","87A56F831A6C642D16FDA005208AE668C6A8B88589EBFDE3E6204F56A5AB8B59","decoded/128KiB/samba.decoded","131072","F3B8C4AD35BC6CF21977895D6F04A22B1422605942FA5AFE35CE28B2A221D7E8","0.045035","0.0482857","2.02734375","4.484375","4.484375","E65526F9DFF3F93844E004D63C7B2A4E4F219B5EAB3F1B3D3ABCF0B301F65003","profile_id=2;mode=fast;block_size=32768;zstd_level=3;lzma_level=9;threads=1;process_timeout_seconds=3600","""E:\MIXER\hybridzip\build\Release\hybridzip.exe"" c --profile=r2 --r2-mode=fast --block-size=32768 --zstd-level=3 ""E:\MIXER\hybridzip\results\experiments\hybridzip-r2-e6-fast-full-20260828-retry1\children\hybridzip-r2-e6-fast-full-20260828-retry1-fast-b32-r1\inputs\128KiB\samba.bin"" ""E:\MIXER\hybridzip\results\experiments\hybridzip-r2-e6-fast-full-20260828-retry1\children\hybridzip-r2-e6-fast-full-20260828-retry1-fast-b32-r1\archives\128KiB\samba.hz2""","""E:\MIXER\hybridzip\build\Release\hybridzip.exe"" d ""E:\MIXER\hybridzip\results\experiments\hybridzip-r2-e6-fast-full-20260828-retry1\children\hybridzip-r2-e6-fast-full-20260828-retry1-fast-b32-r1\archives\128KiB\samba.hz2"" ""E:\MIXER\hybridzip\results\experiments\hybridzip-r2-e6-fast-full-20260828-retry1\children\hybridzip-r2-e6-fast-full-20260828-retry1-fast-b32-r1\decoded\128KiB\samba.decoded""","0","0","2026-08-28T02:38:05.5917044+08:00","COMPLETE","PASS","zstd=4","Complete R2 archive size; SHA-256 byte-exact roundtrip verified."
"e6-fast","fast","32","1","False","0","0","none","hybridzip-r2-e6-fast-full-20260828-retry1-fast-b32-r1","r2-fast","1","25","sao","32","inputs/32KiB/sao.bin","32768","95677430CAD4F000506BC5EE22815C3F4E13D64B477ED506B78D5D9ACFB50CCD","archives/32KiB/sao.hz2","26959","BF5BCD7A53B632BFE13B636EB7CF324876A5CFB7F6A816AE9BFBEAE12FEC099B","decoded/32KiB/sao.decoded","32768","95677430CAD4F000506BC5EE22815C3F4E13D64B477ED506B78D5D9ACFB50CCD","0.0433228","0.0507504","2.02734375","2.02734375","2.02734375","E65526F9DFF3F93844E004D63C7B2A4E4F219B5EAB3F1B3D3ABCF0B301F65003","profile_id=2;mode=fast;block_size=32768;zstd_level=3;lzma_level=9;threads=1;process_timeout_seconds=3600","""E:\MIXER\hybridzip\build\Release\hybridzip.exe"" c --profile=r2 --r2-mode=fast --block-size=32768 --zstd-level=3 ""E:\MIXER\hybridzip\results\experiments\hybridzip-r2-e6-fast-full-20260828-retry1\children\hybridzip-r2-e6-fast-full-20260828-retry1-fast-b32-r1\inputs\32KiB\sao.bin"" ""E:\MIXER\hybridzip\results\experiments\hybridzip-r2-e6-fast-full-20260828-retry1\children\hybridzip-r2-e6-fast-full-20260828-retry1-fast-b32-r1\archives\32KiB\sao.hz2""","""E:\MIXER\hybridzip\build\Release\hybridzip.exe"" d ""E:\MIXER\hybridzip\results\experiments\hybridzip-r2-e6-fast-full-20260828-retry1\children\hybridzip-r2-e6-fast-full-20260828-retry1-fast-b32-r1\archives\32KiB\sao.hz2"" ""E:\MIXER\hybridzip\results\experiments\hybridzip-r2-e6-fast-full-20260828-retry1\children\hybridzip-r2-e6-fast-full-20260828-retry1-fast-b32-r1\decoded\32KiB\sao.decoded""","0","0","2026-08-28T02:38:05.7490897+08:00","COMPLETE","PASS","zstd=1","Complete R2 archive size; SHA-256 byte-exact roundtrip verified."
"e6-fast","fast","32","1","False","0","0","none","hybridzip-r2-e6-fast-full-20260828-retry1-fast-b32-r1","r2-fast","1","26","sao","64","inputs/64KiB/sao.bin","65536","17CBD7166A47786139F60BA33B4E771CE0154F6FA56986883D129BC23F78EBEE","archives/64KiB/sao.hz2","53996","88EDFAAA028F6DB1D1B3FAC52078FB4C6501342F6C5D649F10F0EA339C09C9A1","decoded/64KiB/sao.decoded","65536","17CBD7166A47786139F60BA33B4E771CE0154F6FA56986883D129BC23F78EBEE","0.0396025","0.0475171","2.02734375","4.48046875","4.48046875","E65526F9DFF3F93844E004D63C7B2A4E4F219B5EAB3F1B3D3ABCF0B301F65003","profile_id=2;mode=fast;block_size=32768;zstd_level=3;lzma_level=9;threads=1;process_timeout_seconds=3600","""E:\MIXER\hybridzip\build\Release\hybridzip.exe"" c --profile=r2 --r2-mode=fast --block-size=32768 --zstd-level=3 ""E:\MIXER\hybridzip\results\experiments\hybridzip-r2-e6-fast-full-20260828-retry1\children\hybridzip-r2-e6-fast-full-20260828-retry1-fast-b32-r1\inputs\64KiB\sao.bin"" ""E:\MIXER\hybridzip\results\experiments\hybridzip-r2-e6-fast-full-20260828-retry1\children\hybridzip-r2-e6-fast-full-20260828-retry1-fast-b32-r1\archives\64KiB\sao.hz2""","""E:\MIXER\hybridzip\build\Release\hybridzip.exe"" d ""E:\MIXER\hybridzip\results\experiments\hybridzip-r2-e6-fast-full-20260828-retry1\children\hybridzip-r2-e6-fast-full-20260828-retry1-fast-b32-r1\archives\64KiB\sao.hz2"" ""E:\MIXER\hybridzip\results\experiments\hybridzip-r2-e6-fast-full-20260828-retry1\children\hybridzip-r2-e6-fast-full-20260828-retry1-fast-b32-r1\decoded\64KiB\sao.decoded""","0","0","2026-08-28T02:38:05.9074571+08:00","COMPLETE","PASS","zstd=2","Complete R2 archive size; SHA-256 byte-exact roundtrip verified."
"e6-fast","fast","32","1","False","0","0","none","hybridzip-r2-e6-fast-full-20260828-retry1-fast-b32-r1","r2-fast","1","27","sao","128","inputs/128KiB/sao.bin","131072","75E535B42DB7505118D8B19C7C42C1F49C5542ADDC9DBC13383953659F675CE0","archives/128KiB/sao.hz2","108221","7243F72B7AA1F6B3910BEEDE10284794C1B5C5EE085B023666093D5F9AC6BEB9","decoded/128KiB/sao.decoded","131072","75E535B42DB7505118D8B19C7C42C1F49C5542ADDC9DBC13383953659F675CE0","0.0571651","0.0507215","5","4.5078125","5","E65526F9DFF3F93844E004D63C7B2A4E4F219B5EAB3F1B3D3ABCF0B301F65003","profile_id=2;mode=fast;block_size=32768;zstd_level=3;lzma_level=9;threads=1;process_timeout_seconds=3600","""E:\MIXER\hybridzip\build\Release\hybridzip.exe"" c --profile=r2 --r2-mode=fast --block-size=32768 --zstd-level=3 ""E:\MIXER\hybridzip\results\experiments\hybridzip-r2-e6-fast-full-20260828-retry1\children\hybridzip-r2-e6-fast-full-20260828-retry1-fast-b32-r1\inputs\128KiB\sao.bin"" ""E:\MIXER\hybridzip\results\experiments\hybridzip-r2-e6-fast-full-20260828-retry1\children\hybridzip-r2-e6-fast-full-20260828-retry1-fast-b32-r1\archives\128KiB\sao.hz2""","""E:\MIXER\hybridzip\build\Release\hybridzip.exe"" d ""E:\MIXER\hybridzip\results\experiments\hybridzip-r2-e6-fast-full-20260828-retry1\children\hybridzip-r2-e6-fast-full-20260828-retry1-fast-b32-r1\archives\128KiB\sao.hz2"" ""E:\MIXER\hybridzip\results\experiments\hybridzip-r2-e6-fast-full-20260828-retry1\children\hybridzip-r2-e6-fast-full-20260828-retry1-fast-b32-r1\decoded\128KiB\sao.decoded""","0","0","2026-08-28T02:38:06.0629693+08:00","COMPLETE","PASS","zstd=4","Complete R2 archive size; SHA-256 byte-exact roundtrip verified."
"e6-fast","fast","32","1","False","0","0","none","hybridzip-r2-e6-fast-full-20260828-retry1-fast-b32-r1","r2-fast","1","28","webster","32","inputs/32KiB/webster.bin","32768","774D224695AF4057353F72602BB96CD2AFEEA059AC7737535645F11596FCA85E","archives/32KiB/webster.hz2","13778","EF60C5313DE7D57B094F6D0B1DEC9246806E6520B19DEB7B758681168F083722","decoded/32KiB/webster.decoded","32768","774D224695AF4057353F72602BB96CD2AFEEA059AC7737535645F11596FCA85E","0.0499724","0.0418083","5","2.02734375","5","E65526F9DFF3F93844E004D63C7B2A4E4F219B5EAB3F1B3D3ABCF0B301F65003","profile_id=2;mode=fast;block_size=32768;zstd_level=3;lzma_level=9;threads=1;process_timeout_seconds=3600","""E:\MIXER\hybridzip\build\Release\hybridzip.exe"" c --profile=r2 --r2-mode=fast --block-size=32768 --zstd-level=3 ""E:\MIXER\hybridzip\results\experiments\hybridzip-r2-e6-fast-full-20260828-retry1\children\hybridzip-r2-e6-fast-full-20260828-retry1-fast-b32-r1\inputs\32KiB\webster.bin"" ""E:\MIXER\hybridzip\results\experiments\hybridzip-r2-e6-fast-full-20260828-retry1\children\hybridzip-r2-e6-fast-full-20260828-retry1-fast-b32-r1\archives\32KiB\webster.hz2""","""E:\MIXER\hybridzip\build\Release\hybridzip.exe"" d ""E:\MIXER\hybridzip\results\experiments\hybridzip-r2-e6-fast-full-20260828-retry1\children\hybridzip-r2-e6-fast-full-20260828-retry1-fast-b32-r1\archives\32KiB\webster.hz2"" ""E:\MIXER\hybridzip\results\experiments\hybridzip-r2-e6-fast-full-20260828-retry1\children\hybridzip-r2-e6-fast-full-20260828-retry1-fast-b32-r1\decoded\32KiB\webster.decoded""","0","0","2026-08-28T02:38:06.2334949+08:00","COMPLETE","PASS","zstd=1","Complete R2 archive size; SHA-256 byte-exact roundtrip verified."
"e6-fast","fast","32","1","False","0","0","none","hybridzip-r2-e6-fast-full-20260828-retry1-fast-b32-r1","r2-fast","1","29","webster","64","inputs/64KiB/webster.bin","65536","262258811321382F9E4F44D2184B6B7FED0336CF831446D8336C47D6CCC2B32E","archives/64KiB/webster.hz2","25312","A3D97C4DC08A029F63800EDD1516B3DE9EDF40296D9A7FDA5EA62962C72D2AC4","decoded/64KiB/webster.decoded","65536","262258811321382F9E4F44D2184B6B7FED0336CF831446D8336C47D6CCC2B32E","0.05395","0.048713","2.02734375","4.20703125","4.20703125","E65526F9DFF3F93844E004D63C7B2A4E4F219B5EAB3F1B3D3ABCF0B301F65003","profile_id=2;mode=fast;block_size=32768;zstd_level=3;lzma_level=9;threads=1;process_timeout_seconds=3600","""E:\MIXER\hybridzip\build\Release\hybridzip.exe"" c --profile=r2 --r2-mode=fast --block-size=32768 --zstd-level=3 ""E:\MIXER\hybridzip\results\experiments\hybridzip-r2-e6-fast-full-20260828-retry1\children\hybridzip-r2-e6-fast-full-20260828-retry1-fast-b32-r1\inputs\64KiB\webster.bin"" ""E:\MIXER\hybridzip\results\experiments\hybridzip-r2-e6-fast-full-20260828-retry1\children\hybridzip-r2-e6-fast-full-20260828-retry1-fast-b32-r1\archives\64KiB\webster.hz2""","""E:\MIXER\hybridzip\build\Release\hybridzip.exe"" d ""E:\MIXER\hybridzip\results\experiments\hybridzip-r2-e6-fast-full-20260828-retry1\children\hybridzip-r2-e6-fast-full-20260828-retry1-fast-b32-r1\archives\64KiB\webster.hz2"" ""E:\MIXER\hybridzip\results\experiments\hybridzip-r2-e6-fast-full-20260828-retry1\children\hybridzip-r2-e6-fast-full-20260828-retry1-fast-b32-r1\decoded\64KiB\webster.decoded""","0","0","2026-08-28T02:38:06.4027262+08:00","COMPLETE","PASS","zstd=2","Complete R2 archive size; SHA-256 byte-exact roundtrip verified."
"e6-fast","fast","32","1","False","0","0","none","hybridzip-r2-e6-fast-full-20260828-retry1-fast-b32-r1","r2-fast","1","30","webster","128","inputs/128KiB/webster.bin","131072","C069C1FDCA99BC5C44F06D134CD0CDA60315DD631AA6564733B2CE0E6D59305C","archives/128KiB/webster.hz2","47767","27822781089AD0C206A65680E7F19A46386775036E7B4547ABF17934A0971B5B","decoded/128KiB/webster.decoded","131072","C069C1FDCA99BC5C44F06D134CD0CDA60315DD631AA6564733B2CE0E6D59305C","0.0541931","0.0487362","2.02734375","4.46484375","4.46484375","E65526F9DFF3F93844E004D63C7B2A4E4F219B5EAB3F1B3D3ABCF0B301F65003","profile_id=2;mode=fast;block_size=32768;zstd_level=3;lzma_level=9;threads=1;process_timeout_seconds=3600","""E:\MIXER\hybridzip\build\Release\hybridzip.exe"" c --profile=r2 --r2-mode=fast --block-size=32768 --zstd-level=3 ""E:\MIXER\hybridzip\results\experiments\hybridzip-r2-e6-fast-full-20260828-retry1\children\hybridzip-r2-e6-fast-full-20260828-retry1-fast-b32-r1\inputs\128KiB\webster.bin"" ""E:\MIXER\hybridzip\results\experiments\hybridzip-r2-e6-fast-full-20260828-retry1\children\hybridzip-r2-e6-fast-full-20260828-retry1-fast-b32-r1\archives\128KiB\webster.hz2""","""E:\MIXER\hybridzip\build\Release\hybridzip.exe"" d ""E:\MIXER\hybridzip\results\experiments\hybridzip-r2-e6-fast-full-20260828-retry1\children\hybridzip-r2-e6-fast-full-20260828-retry1-fast-b32-r1\archives\128KiB\webster.hz2"" ""E:\MIXER\hybridzip\results\experiments\hybridzip-r2-e6-fast-full-20260828-retry1\children\hybridzip-r2-e6-fast-full-20260828-retry1-fast-b32-r1\decoded\128KiB\webster.decoded""","0","0","2026-08-28T02:38:06.5768220+08:00","COMPLETE","PASS","zstd=4","Complete R2 archive size; SHA-256 byte-exact roundtrip verified."
"e6-fast","fast","32","1","False","0","0","none","hybridzip-r2-e6-fast-full-20260828-retry1-fast-b32-r1","r2-fast","1","31","x-ray","32","inputs/32KiB/x-ray.bin","32768","10511AA63DFBD9C0DDBFEFE36068740103D4BA1116E214154A0772057D7E9314","archives/32KiB/x-ray.hz2","26409","6F329EBF981288C16F040601194A75E47EB00E1836D4968E7E5F1EAECFBAE5C4","decoded/32KiB/x-ray.decoded","32768","10511AA63DFBD9C0DDBFEFE36068740103D4BA1116E214154A0772057D7E9314","0.0420678","0.0508978","2.02734375","2.02734375","2.02734375","E65526F9DFF3F93844E004D63C7B2A4E4F219B5EAB3F1B3D3ABCF0B301F65003","profile_id=2;mode=fast;block_size=32768;zstd_level=3;lzma_level=9;threads=1;process_timeout_seconds=3600","""E:\MIXER\hybridzip\build\Release\hybridzip.exe"" c --profile=r2 --r2-mode=fast --block-size=32768 --zstd-level=3 ""E:\MIXER\hybridzip\results\experiments\hybridzip-r2-e6-fast-full-20260828-retry1\children\hybridzip-r2-e6-fast-full-20260828-retry1-fast-b32-r1\inputs\32KiB\x-ray.bin"" ""E:\MIXER\hybridzip\results\experiments\hybridzip-r2-e6-fast-full-20260828-retry1\children\hybridzip-r2-e6-fast-full-20260828-retry1-fast-b32-r1\archives\32KiB\x-ray.hz2""","""E:\MIXER\hybridzip\build\Release\hybridzip.exe"" d ""E:\MIXER\hybridzip\results\experiments\hybridzip-r2-e6-fast-full-20260828-retry1\children\hybridzip-r2-e6-fast-full-20260828-retry1-fast-b32-r1\archives\32KiB\x-ray.hz2"" ""E:\MIXER\hybridzip\results\experiments\hybridzip-r2-e6-fast-full-20260828-retry1\children\hybridzip-r2-e6-fast-full-20260828-retry1-fast-b32-r1\decoded\32KiB\x-ray.decoded""","0","0","2026-08-28T02:38:06.7503093+08:00","COMPLETE","PASS","zstd=1","Complete R2 archive size; SHA-256 byte-exact roundtrip verified."
"e6-fast","fast","32","1","False","0","0","none","hybridzip-r2-e6-fast-full-20260828-retry1-fast-b32-r1","r2-fast","1","32","x-ray","64","inputs/64KiB/x-ray.bin","65536","B5A07146616BCD7C2D10071D41E07D204DE0AC629C4CA37D8E867FF00574D0D8","archives/64KiB/x-ray.hz2","52523","AA599FB1F1B948061E0A278DD263B9DB0CFB0BBD6839AF2E1E9504CE0D7B71CA","decoded/64KiB/x-ray.decoded","65536","B5A07146616BCD7C2D10071D41E07D204DE0AC629C4CA37D8E867FF00574D0D8","0.0602833","0.0482039","2.4921875","3.97265625","3.97265625","E65526F9DFF3F93844E004D63C7B2A4E4F219B5EAB3F1B3D3ABCF0B301F65003","profile_id=2;mode=fast;block_size=32768;zstd_level=3;lzma_level=9;threads=1;process_timeout_seconds=3600","""E:\MIXER\hybridzip\build\Release\hybridzip.exe"" c --profile=r2 --r2-mode=fast --block-size=32768 --zstd-level=3 ""E:\MIXER\hybridzip\results\experiments\hybridzip-r2-e6-fast-full-20260828-retry1\children\hybridzip-r2-e6-fast-full-20260828-retry1-fast-b32-r1\inputs\64KiB\x-ray.bin"" ""E:\MIXER\hybridzip\results\experiments\hybridzip-r2-e6-fast-full-20260828-retry1\children\hybridzip-r2-e6-fast-full-20260828-retry1-fast-b32-r1\archives\64KiB\x-ray.hz2""","""E:\MIXER\hybridzip\build\Release\hybridzip.exe"" d ""E:\MIXER\hybridzip\results\experiments\hybridzip-r2-e6-fast-full-20260828-retry1\children\hybridzip-r2-e6-fast-full-20260828-retry1-fast-b32-r1\archives\64KiB\x-ray.hz2"" ""E:\MIXER\hybridzip\results\experiments\hybridzip-r2-e6-fast-full-20260828-retry1\children\hybridzip-r2-e6-fast-full-20260828-retry1-fast-b32-r1\decoded\64KiB\x-ray.decoded""","0","0","2026-08-28T02:38:06.9060188+08:00","COMPLETE","PASS","zstd=2","Complete R2 archive size; SHA-256 byte-exact roundtrip verified."
"e6-fast","fast","32","1","False","0","0","none","hybridzip-r2-e6-fast-full-20260828-retry1-fast-b32-r1","r2-fast","1","33","x-ray","128","inputs/128KiB/x-ray.bin","131072","7A65B793FB2A694C20686275A899B304445473528F7C998BE26F8C68EB18F76E","archives/128KiB/x-ray.hz2","105157","B4025BC30BB4AA4422E16B60E7E987232BAF6904D1C7EAC747E1EE73F0398328","decoded/128KiB/x-ray.decoded","131072","7A65B793FB2A694C20686275A899B304445473528F7C998BE26F8C68EB18F76E","0.0399407","0.0487435","2.02734375","4.48828125","4.48828125","E65526F9DFF3F93844E004D63C7B2A4E4F219B5EAB3F1B3D3ABCF0B301F65003","profile_id=2;mode=fast;block_size=32768;zstd_level=3;lzma_level=9;threads=1;process_timeout_seconds=3600","""E:\MIXER\hybridzip\build\Release\hybridzip.exe"" c --profile=r2 --r2-mode=fast --block-size=32768 --zstd-level=3 ""E:\MIXER\hybridzip\results\experiments\hybridzip-r2-e6-fast-full-20260828-retry1\children\hybridzip-r2-e6-fast-full-20260828-retry1-fast-b32-r1\inputs\128KiB\x-ray.bin"" ""E:\MIXER\hybridzip\results\experiments\hybridzip-r2-e6-fast-full-20260828-retry1\children\hybridzip-r2-e6-fast-full-20260828-retry1-fast-b32-r1\archives\128KiB\x-ray.hz2""","""E:\MIXER\hybridzip\build\Release\hybridzip.exe"" d ""E:\MIXER\hybridzip\results\experiments\hybridzip-r2-e6-fast-full-20260828-retry1\children\hybridzip-r2-e6-fast-full-20260828-retry1-fast-b32-r1\archives\128KiB\x-ray.hz2"" ""E:\MIXER\hybridzip\results\experiments\hybridzip-r2-e6-fast-full-20260828-retry1\children\hybridzip-r2-e6-fast-full-20260828-retry1-fast-b32-r1\decoded\128KiB\x-ray.decoded""","0","0","2026-08-28T02:38:07.0797318+08:00","COMPLETE","PASS","zstd=4","Complete R2 archive size; SHA-256 byte-exact roundtrip verified."
"e6-fast","fast","32","1","False","0","0","none","hybridzip-r2-e6-fast-full-20260828-retry1-fast-b32-r1","r2-fast","1","34","xml","32","inputs/32KiB/xml.bin","32768","C2F7F129956F8D6FC3D0E3595D93F98D5270B6F5BC4AB5E70F45867822EFDD71","archives/32KiB/xml.hz2","3483","C10E021F2B7C5032D804E190158C1BDFE6DFB1C38C66B97B4E0C6C938859F892","decoded/32KiB/xml.decoded","32768","C2F7F129956F8D6FC3D0E3595D93F98D5270B6F5BC4AB5E70F45867822EFDD71","0.0571034","0.0440104","4.1796875","2.02734375","4.1796875","E65526F9DFF3F93844E004D63C7B2A4E4F219B5EAB3F1B3D3ABCF0B301F65003","profile_id=2;mode=fast;block_size=32768;zstd_level=3;lzma_level=9;threads=1;process_timeout_seconds=3600","""E:\MIXER\hybridzip\build\Release\hybridzip.exe"" c --profile=r2 --r2-mode=fast --block-size=32768 --zstd-level=3 ""E:\MIXER\hybridzip\results\experiments\hybridzip-r2-e6-fast-full-20260828-retry1\children\hybridzip-r2-e6-fast-full-20260828-retry1-fast-b32-r1\inputs\32KiB\xml.bin"" ""E:\MIXER\hybridzip\results\experiments\hybridzip-r2-e6-fast-full-20260828-retry1\children\hybridzip-r2-e6-fast-full-20260828-retry1-fast-b32-r1\archives\32KiB\xml.hz2""","""E:\MIXER\hybridzip\build\Release\hybridzip.exe"" d ""E:\MIXER\hybridzip\results\experiments\hybridzip-r2-e6-fast-full-20260828-retry1\children\hybridzip-r2-e6-fast-full-20260828-retry1-fast-b32-r1\archives\32KiB\xml.hz2"" ""E:\MIXER\hybridzip\results\experiments\hybridzip-r2-e6-fast-full-20260828-retry1\children\hybridzip-r2-e6-fast-full-20260828-retry1-fast-b32-r1\decoded\32KiB\xml.decoded""","0","0","2026-08-28T02:38:07.2342554+08:00","COMPLETE","PASS","zstd=1","Complete R2 archive size; SHA-256 byte-exact roundtrip verified."
"e6-fast","fast","32","1","False","0","0","none","hybridzip-r2-e6-fast-full-20260828-retry1-fast-b32-r1","r2-fast","1","35","xml","64","inputs/64KiB/xml.bin","65536","E32AFF2BEBF00105A17DD57F5490C1986D17543CEE837B42EB56B3E0E6F8E7F1","archives/64KiB/xml.hz2","6829","E37A51A1CD2BC91A85463CC88492D643C7DDE36A7D06259BD0109177622EBDBC","decoded/64KiB/xml.decoded","65536","E32AFF2BEBF00105A17DD57F5490C1986D17543CEE837B42EB56B3E0E6F8E7F1","0.0540682","0.0461167","2.02734375","2.02734375","2.02734375","E65526F9DFF3F93844E004D63C7B2A4E4F219B5EAB3F1B3D3ABCF0B301F65003","profile_id=2;mode=fast;block_size=32768;zstd_level=3;lzma_level=9;threads=1;process_timeout_seconds=3600","""E:\MIXER\hybridzip\build\Release\hybridzip.exe"" c --profile=r2 --r2-mode=fast --block-size=32768 --zstd-level=3 ""E:\MIXER\hybridzip\results\experiments\hybridzip-r2-e6-fast-full-20260828-retry1\children\hybridzip-r2-e6-fast-full-20260828-retry1-fast-b32-r1\inputs\64KiB\xml.bin"" ""E:\MIXER\hybridzip\results\experiments\hybridzip-r2-e6-fast-full-20260828-retry1\children\hybridzip-r2-e6-fast-full-20260828-retry1-fast-b32-r1\archives\64KiB\xml.hz2""","""E:\MIXER\hybridzip\build\Release\hybridzip.exe"" d ""E:\MIXER\hybridzip\results\experiments\hybridzip-r2-e6-fast-full-20260828-retry1\children\hybridzip-r2-e6-fast-full-20260828-retry1-fast-b32-r1\archives\64KiB\xml.hz2"" ""E:\MIXER\hybridzip\results\experiments\hybridzip-r2-e6-fast-full-20260828-retry1\children\hybridzip-r2-e6-fast-full-20260828-retry1-fast-b32-r1\decoded\64KiB\xml.decoded""","0","0","2026-08-28T02:38:07.4069987+08:00","COMPLETE","PASS","zstd=2","Complete R2 archive size; SHA-256 byte-exact roundtrip verified."
"e6-fast","fast","32","1","False","0","0","none","hybridzip-r2-e6-fast-full-20260828-retry1-fast-b32-r1","r2-fast","1","36","xml","128","inputs/128KiB/xml.bin","131072","5FA29C746885F2EEB98734218475915A78092CCB3B0F68B08861EE210E5B6E25","archives/128KiB/xml.hz2","13798","9BA0E95A713E34B2CC38C3B2C7C295B4AE94187D48DC7E6412E56E98D9F18E54","decoded/128KiB/xml.decoded","131072","5FA29C746885F2EEB98734218475915A78092CCB3B0F68B08861EE210E5B6E25","0.0404339","0.0398537","2.02734375","2.02734375","2.02734375","E65526F9DFF3F93844E004D63C7B2A4E4F219B5EAB3F1B3D3ABCF0B301F65003","profile_id=2;mode=fast;block_size=32768;zstd_level=3;lzma_level=9;threads=1;process_timeout_seconds=3600","""E:\MIXER\hybridzip\build\Release\hybridzip.exe"" c --profile=r2 --r2-mode=fast --block-size=32768 --zstd-level=3 ""E:\MIXER\hybridzip\results\experiments\hybridzip-r2-e6-fast-full-20260828-retry1\children\hybridzip-r2-e6-fast-full-20260828-retry1-fast-b32-r1\inputs\128KiB\xml.bin"" ""E:\MIXER\hybridzip\results\experiments\hybridzip-r2-e6-fast-full-20260828-retry1\children\hybridzip-r2-e6-fast-full-20260828-retry1-fast-b32-r1\archives\128KiB\xml.hz2""","""E:\MIXER\hybridzip\build\Release\hybridzip.exe"" d ""E:\MIXER\hybridzip\results\experiments\hybridzip-r2-e6-fast-full-20260828-retry1\children\hybridzip-r2-e6-fast-full-20260828-retry1-fast-b32-r1\archives\128KiB\xml.hz2"" ""E:\MIXER\hybridzip\results\experiments\hybridzip-r2-e6-fast-full-20260828-retry1\children\hybridzip-r2-e6-fast-full-20260828-retry1-fast-b32-r1\decoded\128KiB\xml.decoded""","0","0","2026-08-28T02:38:07.5752205+08:00","COMPLETE","PASS","zstd=4","Complete R2 archive size; SHA-256 byte-exact roundtrip verified."
"e6-fast","fast","32","2","False","0","0","none","hybridzip-r2-e6-fast-full-20260828-retry1-fast-b32-r2","r2-fast","1","1","dickens","32","inputs/32KiB/dickens.bin","32768","FC42DCB9849222C8704C9DCAE606D075B389B66244FB215035148D6409EC0B31","archives/32KiB/dickens.hz2","14205","53B8A534899E0E9F1904FAC39E6C7728F45E9B354A4A49EFF5016B53F48ED977","decoded/32KiB/dickens.decoded","32768","FC42DCB9849222C8704C9DCAE606D075B389B66244FB215035148D6409EC0B31","0.0469742","0.0508812","2.02734375","2.02734375","2.02734375","E65526F9DFF3F93844E004D63C7B2A4E4F219B5EAB3F1B3D3ABCF0B301F65003","profile_id=2;mode=fast;block_size=32768;zstd_level=3;lzma_level=9;threads=1;process_timeout_seconds=3600","""E:\MIXER\hybridzip\build\Release\hybridzip.exe"" c --profile=r2 --r2-mode=fast --block-size=32768 --zstd-level=3 ""E:\MIXER\hybridzip\results\experiments\hybridzip-r2-e6-fast-full-20260828-retry1\children\hybridzip-r2-e6-fast-full-20260828-retry1-fast-b32-r2\inputs\32KiB\dickens.bin"" ""E:\MIXER\hybridzip\results\experiments\hybridzip-r2-e6-fast-full-20260828-retry1\children\hybridzip-r2-e6-fast-full-20260828-retry1-fast-b32-r2\archives\32KiB\dickens.hz2""","""E:\MIXER\hybridzip\build\Release\hybridzip.exe"" d ""E:\MIXER\hybridzip\results\experiments\hybridzip-r2-e6-fast-full-20260828-retry1\children\hybridzip-r2-e6-fast-full-20260828-retry1-fast-b32-r2\archives\32KiB\dickens.hz2"" ""E:\MIXER\hybridzip\results\experiments\hybridzip-r2-e6-fast-full-20260828-retry1\children\hybridzip-r2-e6-fast-full-20260828-retry1-fast-b32-r2\decoded\32KiB\dickens.decoded""","0","0","2026-08-28T02:38:08.8795084+08:00","COMPLETE","PASS","zstd=1","Complete R2 archive size; SHA-256 byte-exact roundtrip verified."
"e6-fast","fast","32","2","False","0","0","none","hybridzip-r2-e6-fast-full-20260828-retry1-fast-b32-r2","r2-fast","1","2","dickens","64","inputs/64KiB/dickens.bin","65536","134AD989A7B8B40C900A3B9C0F4895317DFD827D9E6E933895B08D2F4A8A8293","archives/64KiB/dickens.hz2","28113","E0A20889BAD0D1C1D7E139FE9C1531DA7A8F40E34E7FD4C1E073FC10614F42C3","decoded/64KiB/dickens.decoded","65536","134AD989A7B8B40C900A3B9C0F4895317DFD827D9E6E933895B08D2F4A8A8293","0.047568","0.0471316","2.890625","4.484375","4.484375","E65526F9DFF3F93844E004D63C7B2A4E4F219B5EAB3F1B3D3ABCF0B301F65003","profile_id=2;mode=fast;block_size=32768;zstd_level=3;lzma_level=9;threads=1;process_timeout_seconds=3600","""E:\MIXER\hybridzip\build\Release\hybridzip.exe"" c --profile=r2 --r2-mode=fast --block-size=32768 --zstd-level=3 ""E:\MIXER\hybridzip\results\experiments\hybridzip-r2-e6-fast-full-20260828-retry1\children\hybridzip-r2-e6-fast-full-20260828-retry1-fast-b32-r2\inputs\64KiB\dickens.bin"" ""E:\MIXER\hybridzip\results\experiments\hybridzip-r2-e6-fast-full-20260828-retry1\children\hybridzip-r2-e6-fast-full-20260828-retry1-fast-b32-r2\archives\64KiB\dickens.hz2""","""E:\MIXER\hybridzip\build\Release\hybridzip.exe"" d ""E:\MIXER\hybridzip\results\experiments\hybridzip-r2-e6-fast-full-20260828-retry1\children\hybridzip-r2-e6-fast-full-20260828-retry1-fast-b32-r2\archives\64KiB\dickens.hz2"" ""E:\MIXER\hybridzip\results\experiments\hybridzip-r2-e6-fast-full-20260828-retry1\children\hybridzip-r2-e6-fast-full-20260828-retry1-fast-b32-r2\decoded\64KiB\dickens.decoded""","0","0","2026-08-28T02:38:09.0347038+08:00","COMPLETE","PASS","zstd=2","Complete R2 archive size; SHA-256 byte-exact roundtrip verified."
"e6-fast","fast","32","2","False","0","0","none","hybridzip-r2-e6-fast-full-20260828-retry1-fast-b32-r2","r2-fast","1","3","dickens","128","inputs/128KiB/dickens.bin","131072","20E33FCC8FAA96DC32A2D0921115C0F363E64C598A5847CE1A3876E356D59872","archives/128KiB/dickens.hz2","55708","DB7CC4AF653702785CEBC0B85D1B9999F957C0800F10448F9F8C890E28DE20B2","decoded/128KiB/dickens.decoded","131072","20E33FCC8FAA96DC32A2D0921115C0F363E64C598A5847CE1A3876E356D59872","0.0564869","0.0500865","5.015625","4.484375","5.015625","E65526F9DFF3F93844E004D63C7B2A4E4F219B5EAB3F1B3D3ABCF0B301F65003","profile_id=2;mode=fast;block_size=32768;zstd_level=3;lzma_level=9;threads=1;process_timeout_seconds=3600","""E:\MIXER\hybridzip\build\Release\hybridzip.exe"" c --profile=r2 --r2-mode=fast --block-size=32768 --zstd-level=3 ""E:\MIXER\hybridzip\results\experiments\hybridzip-r2-e6-fast-full-20260828-retry1\children\hybridzip-r2-e6-fast-full-20260828-retry1-fast-b32-r2\inputs\128KiB\dickens.bin"" ""E:\MIXER\hybridzip\results\experiments\hybridzip-r2-e6-fast-full-20260828-retry1\children\hybridzip-r2-e6-fast-full-20260828-retry1-fast-b32-r2\archives\128KiB\dickens.hz2""","""E:\MIXER\hybridzip\build\Release\hybridzip.exe"" d ""E:\MIXER\hybridzip\results\experiments\hybridzip-r2-e6-fast-full-20260828-retry1\children\hybridzip-r2-e6-fast-full-20260828-retry1-fast-b32-r2\archives\128KiB\dickens.hz2"" ""E:\MIXER\hybridzip\results\experiments\hybridzip-r2-e6-fast-full-20260828-retry1\children\hybridzip-r2-e6-fast-full-20260828-retry1-fast-b32-r2\decoded\128KiB\dickens.decoded""","0","0","2026-08-28T02:38:09.1988489+08:00","COMPLETE","PASS","zstd=4","Complete R2 archive size; SHA-256 byte-exact roundtrip verified."
"e6-fast","fast","32","2","False","0","0","none","hybridzip-r2-e6-fast-full-20260828-retry1-fast-b32-r2","r2-fast","1","4","mozilla","32","inputs/32KiB/mozilla.bin","32768","9DDEEF36CA0CA55B72FE3376D005926DFF3400A2ADE6EAE18482D8017D8645DB","archives/32KiB/mozilla.hz2","11272","C9D6249AFFEC3476809A8D05C168F93803057CBCA968771D06588FD07A919358","decoded/32KiB/mozilla.decoded","32768","9DDEEF36CA0CA55B72FE3376D005926DFF3400A2ADE6EAE18482D8017D8645DB","0.0416426","0.0503748","2.0234375","3.96875","3.96875","E65526F9DFF3F93844E004D63C7B2A4E4F219B5EAB3F1B3D3ABCF0B301F65003","profile_id=2;mode=fast;block_size=32768;zstd_level=3;lzma_level=9;threads=1;process_timeout_seconds=3600","""E:\MIXER\hybridzip\build\Release\hybridzip.exe"" c --profile=r2 --r2-mode=fast --block-size=32768 --zstd-level=3 ""E:\MIXER\hybridzip\results\experiments\hybridzip-r2-e6-fast-full-20260828-retry1\children\hybridzip-r2-e6-fast-full-20260828-retry1-fast-b32-r2\inputs\32KiB\mozilla.bin"" ""E:\MIXER\hybridzip\results\experiments\hybridzip-r2-e6-fast-full-20260828-retry1\children\hybridzip-r2-e6-fast-full-20260828-retry1-fast-b32-r2\archives\32KiB\mozilla.hz2""","""E:\MIXER\hybridzip\build\Release\hybridzip.exe"" d ""E:\MIXER\hybridzip\results\experiments\hybridzip-r2-e6-fast-full-20260828-retry1\children\hybridzip-r2-e6-fast-full-20260828-retry1-fast-b32-r2\archives\32KiB\mozilla.hz2"" ""E:\MIXER\hybridzip\results\experiments\hybridzip-r2-e6-fast-full-20260828-retry1\children\hybridzip-r2-e6-fast-full-20260828-retry1-fast-b32-r2\decoded\32KiB\mozilla.decoded""","0","0","2026-08-28T02:38:09.3737107+08:00","COMPLETE","PASS","zstd=1","Complete R2 archive size; SHA-256 byte-exact roundtrip verified."
"e6-fast","fast","32","2","False","0","0","none","hybridzip-r2-e6-fast-full-20260828-retry1-fast-b32-r2","r2-fast","1","5","mozilla","64","inputs/64KiB/mozilla.bin","65536","B0050240663F54371D372303EEABA0A59AB0758BCD565F4F639D06561E6BC996","archives/64KiB/mozilla.hz2","18134","0314A3399BE0026A29D8DA09226F4CB94523582B52DA8A18FC43A2D81B4F7FF0","decoded/64KiB/mozilla.decoded","65536","B0050240663F54371D372303EEABA0A59AB0758BCD565F4F639D06561E6BC996","0.0441731","0.048528","2.02734375","4.49609375","4.49609375","E65526F9DFF3F93844E004D63C7B2A4E4F219B5EAB3F1B3D3ABCF0B301F65003","profile_id=2;mode=fast;block_size=32768;zstd_level=3;lzma_level=9;threads=1;process_timeout_seconds=3600","""E:\MIXER\hybridzip\build\Release\hybridzip.exe"" c --profile=r2 --r2-mode=fast --block-size=32768 --zstd-level=3 ""E:\MIXER\hybridzip\results\experiments\hybridzip-r2-e6-fast-full-20260828-retry1\children\hybridzip-r2-e6-fast-full-20260828-retry1-fast-b32-r2\inputs\64KiB\mozilla.bin"" ""E:\MIXER\hybridzip\results\experiments\hybridzip-r2-e6-fast-full-20260828-retry1\children\hybridzip-r2-e6-fast-full-20260828-retry1-fast-b32-r2\archives\64KiB\mozilla.hz2""","""E:\MIXER\hybridzip\build\Release\hybridzip.exe"" d ""E:\MIXER\hybridzip\results\experiments\hybridzip-r2-e6-fast-full-20260828-retry1\children\hybridzip-r2-e6-fast-full-20260828-retry1-fast-b32-r2\archives\64KiB\mozilla.hz2"" ""E:\MIXER\hybridzip\results\experiments\hybridzip-r2-e6-fast-full-20260828-retry1\children\hybridzip-r2-e6-fast-full-20260828-retry1-fast-b32-r2\decoded\64KiB\mozilla.decoded""","0","0","2026-08-28T02:38:09.5309016+08:00","COMPLETE","PASS","zstd=2","Complete R2 archive size; SHA-256 byte-exact roundtrip verified."
"e6-fast","fast","32","2","False","0","0","none","hybridzip-r2-e6-fast-full-20260828-retry1-fast-b32-r2","r2-fast","1","6","mozilla","128","inputs/128KiB/mozilla.bin","131072","85CDBEA98382DB12E9A21FF90E1907452712D074000A6B855D2CA215FA591EB4","archives/128KiB/mozilla.hz2","27194","4E68A8DBFF74B8A71DF04E6D98E7878F3DD34185A3D39CE6662225C70B041FA0","decoded/128KiB/mozilla.decoded","131072","85CDBEA98382DB12E9A21FF90E1907452712D074000A6B855D2CA215FA591EB4","0.0615512","0.0626377","4.0859375","4.45703125","4.45703125","E65526F9DFF3F93844E004D63C7B2A4E4F219B5EAB3F1B3D3ABCF0B301F65003","profile_id=2;mode=fast;block_size=32768;zstd_level=3;lzma_level=9;threads=1;process_timeout_seconds=3600","""E:\MIXER\hybridzip\build\Release\hybridzip.exe"" c --profile=r2 --r2-mode=fast --block-size=32768 --zstd-level=3 ""E:\MIXER\hybridzip\results\experiments\hybridzip-r2-e6-fast-full-20260828-retry1\children\hybridzip-r2-e6-fast-full-20260828-retry1-fast-b32-r2\inputs\128KiB\mozilla.bin"" ""E:\MIXER\hybridzip\results\experiments\hybridzip-r2-e6-fast-full-20260828-retry1\children\hybridzip-r2-e6-fast-full-20260828-retry1-fast-b32-r2\archives\128KiB\mozilla.hz2""","""E:\MIXER\hybridzip\build\Release\hybridzip.exe"" d ""E:\MIXER\hybridzip\results\experiments\hybridzip-r2-e6-fast-full-20260828-retry1\children\hybridzip-r2-e6-fast-full-20260828-retry1-fast-b32-r2\archives\128KiB\mozilla.hz2"" ""E:\MIXER\hybridzip\results\experiments\hybridzip-r2-e6-fast-full-20260828-retry1\children\hybridzip-r2-e6-fast-full-20260828-retry1-fast-b32-r2\decoded\128KiB\mozilla.decoded""","0","0","2026-08-28T02:38:09.6872814+08:00","COMPLETE","PASS","zstd=4","Complete R2 archive size; SHA-256 byte-exact roundtrip verified."
"e6-fast","fast","32","2","False","0","0","none","hybridzip-r2-e6-fast-full-20260828-retry1-fast-b32-r2","r2-fast","1","7","mr","32","inputs/32KiB/mr.bin","32768","3BB287B0AF65F777AB00C14E362B4D1962087260556001BBEE0689AA10D9F76A","archives/32KiB/mr.hz2","8875","C1D01F079771D2C368C949CA680090084B0929DFA557B7F0562597314DDA3A5F","decoded/32KiB/mr.decoded","32768","3BB287B0AF65F777AB00C14E362B4D1962087260556001BBEE0689AA10D9F76A","0.0599497","0.0662835","2.02734375","2.0234375","2.02734375","E65526F9DFF3F93844E004D63C7B2A4E4F219B5EAB3F1B3D3ABCF0B301F65003","profile_id=2;mode=fast;block_size=32768;zstd_level=3;lzma_level=9;threads=1;process_timeout_seconds=3600","""E:\MIXER\hybridzip\build\Release\hybridzip.exe"" c --profile=r2 --r2-mode=fast --block-size=32768 --zstd-level=3 ""E:\MIXER\hybridzip\results\experiments\hybridzip-r2-e6-fast-full-20260828-retry1\children\hybridzip-r2-e6-fast-full-20260828-retry1-fast-b32-r2\inputs\32KiB\mr.bin"" ""E:\MIXER\hybridzip\results\experiments\hybridzip-r2-e6-fast-full-20260828-retry1\children\hybridzip-r2-e6-fast-full-20260828-retry1-fast-b32-r2\archives\32KiB\mr.hz2""","""E:\MIXER\hybridzip\build\Release\hybridzip.exe"" d ""E:\MIXER\hybridzip\results\experiments\hybridzip-r2-e6-fast-full-20260828-retry1\children\hybridzip-r2-e6-fast-full-20260828-retry1-fast-b32-r2\archives\32KiB\mr.hz2"" ""E:\MIXER\hybridzip\results\experiments\hybridzip-r2-e6-fast-full-20260828-retry1\children\hybridzip-r2-e6-fast-full-20260828-retry1-fast-b32-r2\decoded\32KiB\mr.decoded""","0","0","2026-08-28T02:38:09.8755976+08:00","COMPLETE","PASS","zstd=1","Complete R2 archive size; SHA-256 byte-exact roundtrip verified."
"e6-fast","fast","32","2","False","0","0","none","hybridzip-r2-e6-fast-full-20260828-retry1-fast-b32-r2","r2-fast","1","8","mr","64","inputs/64KiB/mr.bin","65536","CAB7B6408934009A4BBFEDB57BEB4943BF5478CF8B3688D01F004E0422EBC651","archives/64KiB/mr.hz2","17564","E21D7226F618864BC7D0E02A03F8A38FB256CE422B1C9D4A6B40C19158DF4F2E","decoded/64KiB/mr.decoded","65536","CAB7B6408934009A4BBFEDB57BEB4943BF5478CF8B3688D01F004E0422EBC651","0.0533391","0.0568436","2.02734375","2.02734375","2.02734375","E65526F9DFF3F93844E004D63C7B2A4E4F219B5EAB3F1B3D3ABCF0B301F65003","profile_id=2;mode=fast;block_size=32768;zstd_level=3;lzma_level=9;threads=1;process_timeout_seconds=3600","""E:\MIXER\hybridzip\build\Release\hybridzip.exe"" c --profile=r2 --r2-mode=fast --block-size=32768 --zstd-level=3 ""E:\MIXER\hybridzip\results\experiments\hybridzip-r2-e6-fast-full-20260828-retry1\children\hybridzip-r2-e6-fast-full-20260828-retry1-fast-b32-r2\inputs\64KiB\mr.bin"" ""E:\MIXER\hybridzip\results\experiments\hybridzip-r2-e6-fast-full-20260828-retry1\children\hybridzip-r2-e6-fast-full-20260828-retry1-fast-b32-r2\archives\64KiB\mr.hz2""","""E:\MIXER\hybridzip\build\Release\hybridzip.exe"" d ""E:\MIXER\hybridzip\results\experiments\hybridzip-r2-e6-fast-full-20260828-retry1\children\hybridzip-r2-e6-fast-full-20260828-retry1-fast-b32-r2\archives\64KiB\mr.hz2"" ""E:\MIXER\hybridzip\results\experiments\hybridzip-r2-e6-fast-full-20260828-retry1\children\hybridzip-r2-e6-fast-full-20260828-retry1-fast-b32-r2\decoded\64KiB\mr.decoded""","0","0","2026-08-28T02:38:10.0662156+08:00","COMPLETE","PASS","zstd=2","Complete R2 archive size; SHA-256 byte-exact roundtrip verified."
"e6-fast","fast","32","2","False","0","0","none","hybridzip-r2-e6-fast-full-20260828-retry1-fast-b32-r2","r2-fast","1","9","mr","128","inputs/128KiB/mr.bin","131072","473A6A883480C7B2E69402AD888AC07B347C2DF61C6AA0D84E8B8130A27792EA","archives/128KiB/mr.hz2","34872","510A81515397A429B1136AA1F79A3AA0221BD56B7B6B8887A13DF9DFB31C9256","decoded/128KiB/mr.decoded","131072","473A6A883480C7B2E69402AD888AC07B347C2DF61C6AA0D84E8B8130A27792EA","0.0568458","0.0659811","2.02734375","4.49609375","4.49609375","E65526F9DFF3F93844E004D63C7B2A4E4F219B5EAB3F1B3D3ABCF0B301F65003","profile_id=2;mode=fast;block_size=32768;zstd_level=3;lzma_level=9;threads=1;process_timeout_seconds=3600","""E:\MIXER\hybridzip\build\Release\hybridzip.exe"" c --profile=r2 --r2-mode=fast --block-size=32768 --zstd-level=3 ""E:\MIXER\hybridzip\results\experiments\hybridzip-r2-e6-fast-full-20260828-retry1\children\hybridzip-r2-e6-fast-full-20260828-retry1-fast-b32-r2\inputs\128KiB\mr.bin"" ""E:\MIXER\hybridzip\results\experiments\hybridzip-r2-e6-fast-full-20260828-retry1\children\hybridzip-r2-e6-fast-full-20260828-retry1-fast-b32-r2\archives\128KiB\mr.hz2""","""E:\MIXER\hybridzip\build\Release\hybridzip.exe"" d ""E:\MIXER\hybridzip\results\experiments\hybridzip-r2-e6-fast-full-20260828-retry1\children\hybridzip-r2-e6-fast-full-20260828-retry1-fast-b32-r2\archives\128KiB\mr.hz2"" ""E:\MIXER\hybridzip\results\experiments\hybridzip-r2-e6-fast-full-20260828-retry1\children\hybridzip-r2-e6-fast-full-20260828-retry1-fast-b32-r2\decoded\128KiB\mr.decoded""","0","0","2026-08-28T02:38:10.2509548+08:00","COMPLETE","PASS","zstd=4","Complete R2 archive size; SHA-256 byte-exact roundtrip verified."
"e6-fast","fast","32","2","False","0","0","none","hybridzip-r2-e6-fast-full-20260828-retry1-fast-b32-r2","r2-fast","1","10","nci","32","inputs/32KiB/nci.bin","32768","0D3034FE8B0E573DE1439ED98CE409B83B13E5895085C9BFB0BF980F4962FB79","archives/32KiB/nci.hz2","3102","8E94CD5589355E5325EE90207883E91F269F448CF321C9C1F9E7D316D26DBED4","decoded/32KiB/nci.decoded","32768","0D3034FE8B0E573DE1439ED98CE409B83B13E5895085C9BFB0BF980F4962FB79","0.0557265","0.0648013","2.02734375","2.0234375","2.02734375","E65526F9DFF3F93844E004D63C7B2A4E4F219B5EAB3F1B3D3ABCF0B301F65003","profile_id=2;mode=fast;block_size=32768;zstd_level=3;lzma_level=9;threads=1;process_timeout_seconds=3600","""E:\MIXER\hybridzip\build\Release\hybridzip.exe"" c --profile=r2 --r2-mode=fast --block-size=32768 --zstd-level=3 ""E:\MIXER\hybridzip\results\experiments\hybridzip-r2-e6-fast-full-20260828-retry1\children\hybridzip-r2-e6-fast-full-20260828-retry1-fast-b32-r2\inputs\32KiB\nci.bin"" ""E:\MIXER\hybridzip\results\experiments\hybridzip-r2-e6-fast-full-20260828-retry1\children\hybridzip-r2-e6-fast-full-20260828-retry1-fast-b32-r2\archives\32KiB\nci.hz2""","""E:\MIXER\hybridzip\build\Release\hybridzip.exe"" d ""E:\MIXER\hybridzip\results\experiments\hybridzip-r2-e6-fast-full-20260828-retry1\children\hybridzip-r2-e6-fast-full-20260828-retry1-fast-b32-r2\archives\32KiB\nci.hz2"" ""E:\MIXER\hybridzip\results\experiments\hybridzip-r2-e6-fast-full-20260828-retry1\children\hybridzip-r2-e6-fast-full-20260828-retry1-fast-b32-r2\decoded\32KiB\nci.decoded""","0","0","2026-08-28T02:38:10.4425974+08:00","COMPLETE","PASS","zstd=1","Complete R2 archive size; SHA-256 byte-exact roundtrip verified."
"e6-fast","fast","32","2","False","0","0","none","hybridzip-r2-e6-fast-full-20260828-retry1-fast-b32-r2","r2-fast","1","11","nci","64","inputs/64KiB/nci.bin","65536","B01B411AC3B5CE2FBF37242C0C59D2D236D2F7039937C1B1A0F18F4CC02549FE","archives/64KiB/nci.hz2","5872","FD26CBD8F6EF3741EB45087E14241C456FAD7EC6E6867756007ED9E976026527","decoded/64KiB/nci.decoded","65536","B01B411AC3B5CE2FBF37242C0C59D2D236D2F7039937C1B1A0F18F4CC02549FE","0.0573768","0.0637866","2.02734375","2.0234375","2.02734375","E65526F9DFF3F93844E004D63C7B2A4E4F219B5EAB3F1B3D3ABCF0B301F65003","profile_id=2;mode=fast;block_size=32768;zstd_level=3;lzma_level=9;threads=1;process_timeout_seconds=3600","""E:\MIXER\hybridzip\build\Release\hybridzip.exe"" c --profile=r2 --r2-mode=fast --block-size=32768 --zstd-level=3 ""E:\MIXER\hybridzip\results\experiments\hybridzip-r2-e6-fast-full-20260828-retry1\children\hybridzip-r2-e6-fast-full-20260828-retry1-fast-b32-r2\inputs\64KiB\nci.bin"" ""E:\MIXER\hybridzip\results\experiments\hybridzip-r2-e6-fast-full-20260828-retry1\children\hybridzip-r2-e6-fast-full-20260828-retry1-fast-b32-r2\archives\64KiB\nci.hz2""","""E:\MIXER\hybridzip\build\Release\hybridzip.exe"" d ""E:\MIXER\hybridzip\results\experiments\hybridzip-r2-e6-fast-full-20260828-retry1\children\hybridzip-r2-e6-fast-full-20260828-retry1-fast-b32-r2\archives\64KiB\nci.hz2"" ""E:\MIXER\hybridzip\results\experiments\hybridzip-r2-e6-fast-full-20260828-retry1\children\hybridzip-r2-e6-fast-full-20260828-retry1-fast-b32-r2\decoded\64KiB\nci.decoded""","0","0","2026-08-28T02:38:10.6278415+08:00","COMPLETE","PASS","zstd=2","Complete R2 archive size; SHA-256 byte-exact roundtrip verified."
"e6-fast","fast","32","2","False","0","0","none","hybridzip-r2-e6-fast-full-20260828-retry1-fast-b32-r2","r2-fast","1","12","nci","128","inputs/128KiB/nci.bin","131072","C8A1D610355E5EF900ED4C704DF14ADF1935D95DFD8F1740AC9FD90FC9BF5781","archives/128KiB/nci.hz2","12792","327FE2D84007F320D98BC81A66BBBA4986F81157939181D07BF4C0CB6EBAA2BF","decoded/128KiB/nci.decoded","131072","C8A1D610355E5EF900ED4C704DF14ADF1935D95DFD8F1740AC9FD90FC9BF5781","0.0441145","0.0500277","2.48828125","4.1953125","4.1953125","E65526F9DFF3F93844E004D63C7B2A4E4F219B5EAB3F1B3D3ABCF0B301F65003","profile_id=2;mode=fast;block_size=32768;zstd_level=3;lzma_level=9;threads=1;process_timeout_seconds=3600","""E:\MIXER\hybridzip\build\Release\hybridzip.exe"" c --profile=r2 --r2-mode=fast --block-size=32768 --zstd-level=3 ""E:\MIXER\hybridzip\results\experiments\hybridzip-r2-e6-fast-full-20260828-retry1\children\hybridzip-r2-e6-fast-full-20260828-retry1-fast-b32-r2\inputs\128KiB\nci.bin"" ""E:\MIXER\hybridzip\results\experiments\hybridzip-r2-e6-fast-full-20260828-retry1\children\hybridzip-r2-e6-fast-full-20260828-retry1-fast-b32-r2\archives\128KiB\nci.hz2""","""E:\MIXER\hybridzip\build\Release\hybridzip.exe"" d ""E:\MIXER\hybridzip\results\experiments\hybridzip-r2-e6-fast-full-20260828-retry1\children\hybridzip-r2-e6-fast-full-20260828-retry1-fast-b32-r2\archives\128KiB\nci.hz2"" ""E:\MIXER\hybridzip\results\experiments\hybridzip-r2-e6-fast-full-20260828-retry1\children\hybridzip-r2-e6-fast-full-20260828-retry1-fast-b32-r2\decoded\128KiB\nci.decoded""","0","0","2026-08-28T02:38:10.8143971+08:00","COMPLETE","PASS","zstd=4","Complete R2 archive size; SHA-256 byte-exact roundtrip verified."
"e6-fast","fast","32","2","False","0","0","none","hybridzip-r2-e6-fast-full-20260828-retry1-fast-b32-r2","r2-fast","1","13","ooffice","32","inputs/32KiB/ooffice.bin","32768","2ACF9B4CAAEAC5814CDFEF0FA48A5ECE857C847DBDB7B44EEAB95CA3C098921C","archives/32KiB/ooffice.hz2","14873","6B109265F2C2478A5603938689D7FC10FEDE2E3807BA6607C3D82DC4A1DE81AB","decoded/32KiB/ooffice.decoded","32768","2ACF9B4CAAEAC5814CDFEF0FA48A5ECE857C847DBDB7B44EEAB95CA3C098921C","0.0444432","0.0479766","2.41015625","4.49609375","4.49609375","E65526F9DFF3F93844E004D63C7B2A4E4F219B5EAB3F1B3D3ABCF0B301F65003","profile_id=2;mode=fast;block_size=32768;zstd_level=3;lzma_level=9;threads=1;process_timeout_seconds=3600","""E:\MIXER\hybridzip\build\Release\hybridzip.exe"" c --profile=r2 --r2-mode=fast --block-size=32768 --zstd-level=3 ""E:\MIXER\hybridzip\results\experiments\hybridzip-r2-e6-fast-full-20260828-retry1\children\hybridzip-r2-e6-fast-full-20260828-retry1-fast-b32-r2\inputs\32KiB\ooffice.bin"" ""E:\MIXER\hybridzip\results\experiments\hybridzip-r2-e6-fast-full-20260828-retry1\children\hybridzip-r2-e6-fast-full-20260828-retry1-fast-b32-r2\archives\32KiB\ooffice.hz2""","""E:\MIXER\hybridzip\build\Release\hybridzip.exe"" d ""E:\MIXER\hybridzip\results\experiments\hybridzip-r2-e6-fast-full-20260828-retry1\children\hybridzip-r2-e6-fast-full-20260828-retry1-fast-b32-r2\archives\32KiB\ooffice.hz2"" ""E:\MIXER\hybridzip\results\experiments\hybridzip-r2-e6-fast-full-20260828-retry1\children\hybridzip-r2-e6-fast-full-20260828-retry1-fast-b32-r2\decoded\32KiB\ooffice.decoded""","0","0","2026-08-28T02:38:10.9741148+08:00","COMPLETE","PASS","zstd=1","Complete R2 archive size; SHA-256 byte-exact roundtrip verified."
"e6-fast","fast","32","2","False","0","0","none","hybridzip-r2-e6-fast-full-20260828-retry1-fast-b32-r2","r2-fast","1","14","ooffice","64","inputs/64KiB/ooffice.bin","65536","9D30521922187D0A26F56CF2DF85001F9585D0D4EC6A0A8797466AFCC367F825","archives/64KiB/ooffice.hz2","34744","9D8264B90CB73FD319F25A7137E76959F082985E84FB779707BEE15A732785FA","decoded/64KiB/ooffice.decoded","65536","9D30521922187D0A26F56CF2DF85001F9585D0D4EC6A0A8797466AFCC367F825","0.0421495","0.0502728","2.02734375","2.02734375","2.02734375","E65526F9DFF3F93844E004D63C7B2A4E4F219B5EAB3F1B3D3ABCF0B301F65003","profile_id=2;mode=fast;block_size=32768;zstd_level=3;lzma_level=9;threads=1;process_timeout_seconds=3600","""E:\MIXER\hybridzip\build\Release\hybridzip.exe"" c --profile=r2 --r2-mode=fast --block-size=32768 --zstd-level=3 ""E:\MIXER\hybridzip\results\experiments\hybridzip-r2-e6-fast-full-20260828-retry1\children\hybridzip-r2-e6-fast-full-20260828-retry1-fast-b32-r2\inputs\64KiB\ooffice.bin"" ""E:\MIXER\hybridzip\results\experiments\hybridzip-r2-e6-fast-full-20260828-retry1\children\hybridzip-r2-e6-fast-full-20260828-retry1-fast-b32-r2\archives\64KiB\ooffice.hz2""","""E:\MIXER\hybridzip\build\Release\hybridzip.exe"" d ""E:\MIXER\hybridzip\results\experiments\hybridzip-r2-e6-fast-full-20260828-retry1\children\hybridzip-r2-e6-fast-full-20260828-retry1-fast-b32-r2\archives\64KiB\ooffice.hz2"" ""E:\MIXER\hybridzip\results\experiments\hybridzip-r2-e6-fast-full-20260828-retry1\children\hybridzip-r2-e6-fast-full-20260828-retry1-fast-b32-r2\decoded\64KiB\ooffice.decoded""","0","0","2026-08-28T02:38:11.1460114+08:00","COMPLETE","PASS","zstd=2","Complete R2 archive size; SHA-256 byte-exact roundtrip verified."
"e6-fast","fast","32","2","False","0","0","none","hybridzip-r2-e6-fast-full-20260828-retry1-fast-b32-r2","r2-fast","1","15","ooffice","128","inputs/128KiB/ooffice.bin","131072","09FA5F3EE5311528863F8C3FADA3B530CC24AC1D88128E4DB2BF434161879FEF","archives/128KiB/ooffice.hz2","74600","77310573993EBC0682FF30F16CFABA38A40DAC898AF7B67778539111EFED2D20","decoded/128KiB/ooffice.decoded","131072","09FA5F3EE5311528863F8C3FADA3B530CC24AC1D88128E4DB2BF434161879FEF","0.0439839","0.0484361","2.02734375","4.265625","4.265625","E65526F9DFF3F93844E004D63C7B2A4E4F219B5EAB3F1B3D3ABCF0B301F65003","profile_id=2;mode=fast;block_size=32768;zstd_level=3;lzma_level=9;threads=1;process_timeout_seconds=3600","""E:\MIXER\hybridzip\build\Release\hybridzip.exe"" c --profile=r2 --r2-mode=fast --block-size=32768 --zstd-level=3 ""E:\MIXER\hybridzip\results\experiments\hybridzip-r2-e6-fast-full-20260828-retry1\children\hybridzip-r2-e6-fast-full-20260828-retry1-fast-b32-r2\inputs\128KiB\ooffice.bin"" ""E:\MIXER\hybridzip\results\experiments\hybridzip-r2-e6-fast-full-20260828-retry1\children\hybridzip-r2-e6-fast-full-20260828-retry1-fast-b32-r2\archives\128KiB\ooffice.hz2""","""E:\MIXER\hybridzip\build\Release\hybridzip.exe"" d ""E:\MIXER\hybridzip\results\experiments\hybridzip-r2-e6-fast-full-20260828-retry1\children\hybridzip-r2-e6-fast-full-20260828-retry1-fast-b32-r2\archives\128KiB\ooffice.hz2"" ""E:\MIXER\hybridzip\results\experiments\hybridzip-r2-e6-fast-full-20260828-retry1\children\hybridzip-r2-e6-fast-full-20260828-retry1-fast-b32-r2\decoded\128KiB\ooffice.decoded""","0","0","2026-08-28T02:38:11.3199652+08:00","COMPLETE","PASS","zstd=4","Complete R2 archive size; SHA-256 byte-exact roundtrip verified."
"e6-fast","fast","32","2","False","0","0","none","hybridzip-r2-e6-fast-full-20260828-retry1-fast-b32-r2","r2-fast","1","16","osdb","32","inputs/32KiB/osdb.bin","32768","03B2C20B777682CD960BCD893D7A4463161D9C0200FD1708B2EFAE32A259D0B7","archives/32KiB/osdb.hz2","15697","6AAF56B2C8C29F7E26C3C45D15FAC2C8D4FEC3EB357F4B31B097E9A5B0F50A81","decoded/32KiB/osdb.decoded","32768","03B2C20B777682CD960BCD893D7A4463161D9C0200FD1708B2EFAE32A259D0B7","0.0398201","0.0479204","2.02734375","4.50390625","4.50390625","E65526F9DFF3F93844E004D63C7B2A4E4F219B5EAB3F1B3D3ABCF0B301F65003","profile_id=2;mode=fast;block_size=32768;zstd_level=3;lzma_level=9;threads=1;process_timeout_seconds=3600","""E:\MIXER\hybridzip\build\Release\hybridzip.exe"" c --profile=r2 --r2-mode=fast --block-size=32768 --zstd-level=3 ""E:\MIXER\hybridzip\results\experiments\hybridzip-r2-e6-fast-full-20260828-retry1\children\hybridzip-r2-e6-fast-full-20260828-retry1-fast-b32-r2\inputs\32KiB\osdb.bin"" ""E:\MIXER\hybridzip\results\experiments\hybridzip-r2-e6-fast-full-20260828-retry1\children\hybridzip-r2-e6-fast-full-20260828-retry1-fast-b32-r2\archives\32KiB\osdb.hz2""","""E:\MIXER\hybridzip\build\Release\hybridzip.exe"" d ""E:\MIXER\hybridzip\results\experiments\hybridzip-r2-e6-fast-full-20260828-retry1\children\hybridzip-r2-e6-fast-full-20260828-retry1-fast-b32-r2\archives\32KiB\osdb.hz2"" ""E:\MIXER\hybridzip\results\experiments\hybridzip-r2-e6-fast-full-20260828-retry1\children\hybridzip-r2-e6-fast-full-20260828-retry1-fast-b32-r2\decoded\32KiB\osdb.decoded""","0","0","2026-08-28T02:38:11.4938579+08:00","COMPLETE","PASS","zstd=1","Complete R2 archive size; SHA-256 byte-exact roundtrip verified."
"e6-fast","fast","32","2","False","0","0","none","hybridzip-r2-e6-fast-full-20260828-retry1-fast-b32-r2","r2-fast","1","17","osdb","64","inputs/64KiB/osdb.bin","65536","F8FE629325A07588118BA0B65880A87DED43EF249CCBC91F0E977BBACAE0C125","archives/64KiB/osdb.hz2","31473","09B3F2CC7166DEB69293216D90F87990CE2FFFB57197B164C5425BDD1A9FE3E0","decoded/64KiB/osdb.decoded","65536","F8FE629325A07588118BA0B65880A87DED43EF249CCBC91F0E977BBACAE0C125","0.0432474","0.0500988","2.02734375","4.48828125","4.48828125","E65526F9DFF3F93844E004D63C7B2A4E4F219B5EAB3F1B3D3ABCF0B301F65003","profile_id=2;mode=fast;block_size=32768;zstd_level=3;lzma_level=9;threads=1;process_timeout_seconds=3600","""E:\MIXER\hybridzip\build\Release\hybridzip.exe"" c --profile=r2 --r2-mode=fast --block-size=32768 --zstd-level=3 ""E:\MIXER\hybridzip\results\experiments\hybridzip-r2-e6-fast-full-20260828-retry1\children\hybridzip-r2-e6-fast-full-20260828-retry1-fast-b32-r2\inputs\64KiB\osdb.bin"" ""E:\MIXER\hybridzip\results\experiments\hybridzip-r2-e6-fast-full-20260828-retry1\children\hybridzip-r2-e6-fast-full-20260828-retry1-fast-b32-r2\archives\64KiB\osdb.hz2""","""E:\MIXER\hybridzip\build\Release\hybridzip.exe"" d ""E:\MIXER\hybridzip\results\experiments\hybridzip-r2-e6-fast-full-20260828-retry1\children\hybridzip-r2-e6-fast-full-20260828-retry1-fast-b32-r2\archives\64KiB\osdb.hz2"" ""E:\MIXER\hybridzip\results\experiments\hybridzip-r2-e6-fast-full-20260828-retry1\children\hybridzip-r2-e6-fast-full-20260828-retry1-fast-b32-r2\decoded\64KiB\osdb.decoded""","0","0","2026-08-28T02:38:11.6452370+08:00","COMPLETE","PASS","zstd=2","Complete R2 archive size; SHA-256 byte-exact roundtrip verified."
"e6-fast","fast","32","2","False","0","0","none","hybridzip-r2-e6-fast-full-20260828-retry1-fast-b32-r2","r2-fast","1","18","osdb","128","inputs/128KiB/osdb.bin","131072","D977E72AE13AEFC36A4B6171A895E26A0E6EEE447B1B9FBE868D7B1C046CC91F","archives/128KiB/osdb.hz2","62972","CB536DA6A28FFC75DA334B77116C8B342339C9FD2A6DC424E676EBE4D854012E","decoded/128KiB/osdb.decoded","131072","D977E72AE13AEFC36A4B6171A895E26A0E6EEE447B1B9FBE868D7B1C046CC91F","0.0433119","0.0488475","2.02734375","4.484375","4.484375","E65526F9DFF3F93844E004D63C7B2A4E4F219B5EAB3F1B3D3ABCF0B301F65003","profile_id=2;mode=fast;block_size=32768;zstd_level=3;lzma_level=9;threads=1;process_timeout_seconds=3600","""E:\MIXER\hybridzip\build\Release\hybridzip.exe"" c --profile=r2 --r2-mode=fast --block-size=32768 --zstd-level=3 ""E:\MIXER\hybridzip\results\experiments\hybridzip-r2-e6-fast-full-20260828-retry1\children\hybridzip-r2-e6-fast-full-20260828-retry1-fast-b32-r2\inputs\128KiB\osdb.bin"" ""E:\MIXER\hybridzip\results\experiments\hybridzip-r2-e6-fast-full-20260828-retry1\children\hybridzip-r2-e6-fast-full-20260828-retry1-fast-b32-r2\archives\128KiB\osdb.hz2""","""E:\MIXER\hybridzip\build\Release\hybridzip.exe"" d ""E:\MIXER\hybridzip\results\experiments\hybridzip-r2-e6-fast-full-20260828-retry1\children\hybridzip-r2-e6-fast-full-20260828-retry1-fast-b32-r2\archives\128KiB\osdb.hz2"" ""E:\MIXER\hybridzip\results\experiments\hybridzip-r2-e6-fast-full-20260828-retry1\children\hybridzip-r2-e6-fast-full-20260828-retry1-fast-b32-r2\decoded\128KiB\osdb.decoded""","0","0","2026-08-28T02:38:11.8035006+08:00","COMPLETE","PASS","zstd=4","Complete R2 archive size; SHA-256 byte-exact roundtrip verified."
"e6-fast","fast","32","2","False","0","0","none","hybridzip-r2-e6-fast-full-20260828-retry1-fast-b32-r2","r2-fast","1","19","reymont","32","inputs/32KiB/reymont.bin","32768","9D5E4B9340C2260DAE7DDB01B3EDA58236FF2DE5E1FF4D56767AA840B6FB1A87","archives/32KiB/reymont.hz2","10573","D7DE1A241CF472F3E341EAFCCA07F42F7489F47776E49F86335093A29C57592D","decoded/32KiB/reymont.decoded","32768","9D5E4B9340C2260DAE7DDB01B3EDA58236FF2DE5E1FF4D56767AA840B6FB1A87","0.0424212","0.0494145","2.02734375","4.48046875","4.48046875","E65526F9DFF3F93844E004D63C7B2A4E4F219B5EAB3F1B3D3ABCF0B301F65003","profile_id=2;mode=fast;block_size=32768;zstd_level=3;lzma_level=9;threads=1;process_timeout_seconds=3600","""E:\MIXER\hybridzip\build\Release\hybridzip.exe"" c --profile=r2 --r2-mode=fast --block-size=32768 --zstd-level=3 ""E:\MIXER\hybridzip\results\experiments\hybridzip-r2-e6-fast-full-20260828-retry1\children\hybridzip-r2-e6-fast-full-20260828-retry1-fast-b32-r2\inputs\32KiB\reymont.bin"" ""E:\MIXER\hybridzip\results\experiments\hybridzip-r2-e6-fast-full-20260828-retry1\children\hybridzip-r2-e6-fast-full-20260828-retry1-fast-b32-r2\archives\32KiB\reymont.hz2""","""E:\MIXER\hybridzip\build\Release\hybridzip.exe"" d ""E:\MIXER\hybridzip\results\experiments\hybridzip-r2-e6-fast-full-20260828-retry1\children\hybridzip-r2-e6-fast-full-20260828-retry1-fast-b32-r2\archives\32KiB\reymont.hz2"" ""E:\MIXER\hybridzip\results\experiments\hybridzip-r2-e6-fast-full-20260828-retry1\children\hybridzip-r2-e6-fast-full-20260828-retry1-fast-b32-r2\decoded\32KiB\reymont.decoded""","0","0","2026-08-28T02:38:11.9599035+08:00","COMPLETE","PASS","zstd=1","Complete R2 archive size; SHA-256 byte-exact roundtrip verified."
"e6-fast","fast","32","2","False","0","0","none","hybridzip-r2-e6-fast-full-20260828-retry1-fast-b32-r2","r2-fast","1","20","reymont","64","inputs/64KiB/reymont.bin","65536","A5ECAAABB133F1ADF8DE6062BE6381D143E87F9F8050EEA9B5BE6F92B88C3C22","archives/64KiB/reymont.hz2","21488","2DDC396820CAF609EF8A8918B1922153D9C85C30293D67E10357ED549C24246D","decoded/64KiB/reymont.decoded","65536","A5ECAAABB133F1ADF8DE6062BE6381D143E87F9F8050EEA9B5BE6F92B88C3C22","0.0413855","0.0482931","2.02734375","4.46875","4.46875","E65526F9DFF3F93844E004D63C7B2A4E4F219B5EAB3F1B3D3ABCF0B301F65003","profile_id=2;mode=fast;block_size=32768;zstd_level=3;lzma_level=9;threads=1;process_timeout_seconds=3600","""E:\MIXER\hybridzip\build\Release\hybridzip.exe"" c --profile=r2 --r2-mode=fast --block-size=32768 --zstd-level=3 ""E:\MIXER\hybridzip\results\experiments\hybridzip-r2-e6-fast-full-20260828-retry1\children\hybridzip-r2-e6-fast-full-20260828-retry1-fast-b32-r2\inputs\64KiB\reymont.bin"" ""E:\MIXER\hybridzip\results\experiments\hybridzip-r2-e6-fast-full-20260828-retry1\children\hybridzip-r2-e6-fast-full-20260828-retry1-fast-b32-r2\archives\64KiB\reymont.hz2""","""E:\MIXER\hybridzip\build\Release\hybridzip.exe"" d ""E:\MIXER\hybridzip\results\experiments\hybridzip-r2-e6-fast-full-20260828-retry1\children\hybridzip-r2-e6-fast-full-20260828-retry1-fast-b32-r2\archives\64KiB\reymont.hz2"" ""E:\MIXER\hybridzip\results\experiments\hybridzip-r2-e6-fast-full-20260828-retry1\children\hybridzip-r2-e6-fast-full-20260828-retry1-fast-b32-r2\decoded\64KiB\reymont.decoded""","0","0","2026-08-28T02:38:12.1197273+08:00","COMPLETE","PASS","zstd=2","Complete R2 archive size; SHA-256 byte-exact roundtrip verified."
"e6-fast","fast","32","2","False","0","0","none","hybridzip-r2-e6-fast-full-20260828-retry1-fast-b32-r2","r2-fast","1","21","reymont","128","inputs/128KiB/reymont.bin","131072","A6CA7478854C1E80DFEAF9FB3444B357F9D7625E55232FAE3B3632A5A1217DEA","archives/128KiB/reymont.hz2","43664","0B84E4985DCEDFEB986E3D49F9B1EAB77990EAC8A6EA8D3ADA471D0277217185","decoded/128KiB/reymont.decoded","131072","A6CA7478854C1E80DFEAF9FB3444B357F9D7625E55232FAE3B3632A5A1217DEA","0.0532699","0.0481164","5.00390625","4.46484375","5.00390625","E65526F9DFF3F93844E004D63C7B2A4E4F219B5EAB3F1B3D3ABCF0B301F65003","profile_id=2;mode=fast;block_size=32768;zstd_level=3;lzma_level=9;threads=1;process_timeout_seconds=3600","""E:\MIXER\hybridzip\build\Release\hybridzip.exe"" c --profile=r2 --r2-mode=fast --block-size=32768 --zstd-level=3 ""E:\MIXER\hybridzip\results\experiments\hybridzip-r2-e6-fast-full-20260828-retry1\children\hybridzip-r2-e6-fast-full-20260828-retry1-fast-b32-r2\inputs\128KiB\reymont.bin"" ""E:\MIXER\hybridzip\results\experiments\hybridzip-r2-e6-fast-full-20260828-retry1\children\hybridzip-r2-e6-fast-full-20260828-retry1-fast-b32-r2\archives\128KiB\reymont.hz2""","""E:\MIXER\hybridzip\build\Release\hybridzip.exe"" d ""E:\MIXER\hybridzip\results\experiments\hybridzip-r2-e6-fast-full-20260828-retry1\children\hybridzip-r2-e6-fast-full-20260828-retry1-fast-b32-r2\archives\128KiB\reymont.hz2"" ""E:\MIXER\hybridzip\results\experiments\hybridzip-r2-e6-fast-full-20260828-retry1\children\hybridzip-r2-e6-fast-full-20260828-retry1-fast-b32-r2\decoded\128KiB\reymont.decoded""","0","0","2026-08-28T02:38:12.2769161+08:00","COMPLETE","PASS","zstd=4","Complete R2 archive size; SHA-256 byte-exact roundtrip verified."
"e6-fast","fast","32","2","False","0","0","none","hybridzip-r2-e6-fast-full-20260828-retry1-fast-b32-r2","r2-fast","1","22","samba","32","inputs/32KiB/samba.bin","32768","9C4F5BEE544E4531E4946E62F796987418B4526911C34877EF282F14DD57AD12","archives/32KiB/samba.hz2","11947","D658A17E69651E3918699968AC11F95C6F63EBBC5C4BE0E343665F3CF941BEBD","decoded/32KiB/samba.decoded","32768","9C4F5BEE544E4531E4946E62F796987418B4526911C34877EF282F14DD57AD12","0.0455139","0.0479506","2.02734375","4.48046875","4.48046875","E65526F9DFF3F93844E004D63C7B2A4E4F219B5EAB3F1B3D3ABCF0B301F65003","profile_id=2;mode=fast;block_size=32768;zstd_level=3;lzma_level=9;threads=1;process_timeout_seconds=3600","""E:\MIXER\hybridzip\build\Release\hybridzip.exe"" c --profile=r2 --r2-mode=fast --block-size=32768 --zstd-level=3 ""E:\MIXER\hybridzip\results\experiments\hybridzip-r2-e6-fast-full-20260828-retry1\children\hybridzip-r2-e6-fast-full-20260828-retry1-fast-b32-r2\inputs\32KiB\samba.bin"" ""E:\MIXER\hybridzip\results\experiments\hybridzip-r2-e6-fast-full-20260828-retry1\children\hybridzip-r2-e6-fast-full-20260828-retry1-fast-b32-r2\archives\32KiB\samba.hz2""","""E:\MIXER\hybridzip\build\Release\hybridzip.exe"" d ""E:\MIXER\hybridzip\results\experiments\hybridzip-r2-e6-fast-full-20260828-retry1\children\hybridzip-r2-e6-fast-full-20260828-retry1-fast-b32-r2\archives\32KiB\samba.hz2"" ""E:\MIXER\hybridzip\results\experiments\hybridzip-r2-e6-fast-full-20260828-retry1\children\hybridzip-r2-e6-fast-full-20260828-retry1-fast-b32-r2\decoded\32KiB\samba.decoded""","0","0","2026-08-28T02:38:12.4449012+08:00","COMPLETE","PASS","zstd=1","Complete R2 archive size; SHA-256 byte-exact roundtrip verified."
"e6-fast","fast","32","2","False","0","0","none","hybridzip-r2-e6-fast-full-20260828-retry1-fast-b32-r2","r2-fast","1","23","samba","64","inputs/64KiB/samba.bin","65536","3E0420984C0F260EA7350734600CEA9D8500B745E2E4B7DBD4D1DA1D1ADAC421","archives/64KiB/samba.hz2","23979","57A3DB9A8A6C9389100D05EB395B744B9AFAF3C0A7179C5A78ADE864FE050657","decoded/64KiB/samba.decoded","65536","3E0420984C0F260EA7350734600CEA9D8500B745E2E4B7DBD4D1DA1D1ADAC421","0.0408377","0.0464088","2.02734375","2.8125","2.8125","E65526F9DFF3F93844E004D63C7B2A4E4F219B5EAB3F1B3D3ABCF0B301F65003","profile_id=2;mode=fast;block_size=32768;zstd_level=3;lzma_level=9;threads=1;process_timeout_seconds=3600","""E:\MIXER\hybridzip\build\Release\hybridzip.exe"" c --profile=r2 --r2-mode=fast --block-size=32768 --zstd-level=3 ""E:\MIXER\hybridzip\results\experiments\hybridzip-r2-e6-fast-full-20260828-retry1\children\hybridzip-r2-e6-fast-full-20260828-retry1-fast-b32-r2\inputs\64KiB\samba.bin"" ""E:\MIXER\hybridzip\results\experiments\hybridzip-r2-e6-fast-full-20260828-retry1\children\hybridzip-r2-e6-fast-full-20260828-retry1-fast-b32-r2\archives\64KiB\samba.hz2""","""E:\MIXER\hybridzip\build\Release\hybridzip.exe"" d ""E:\MIXER\hybridzip\results\experiments\hybridzip-r2-e6-fast-full-20260828-retry1\children\hybridzip-r2-e6-fast-full-20260828-retry1-fast-b32-r2\archives\64KiB\samba.hz2"" ""E:\MIXER\hybridzip\results\experiments\hybridzip-r2-e6-fast-full-20260828-retry1\children\hybridzip-r2-e6-fast-full-20260828-retry1-fast-b32-r2\decoded\64KiB\samba.decoded""","0","0","2026-08-28T02:38:12.6035044+08:00","COMPLETE","PASS","zstd=2","Complete R2 archive size; SHA-256 byte-exact roundtrip verified."
"e6-fast","fast","32","2","False","0","0","none","hybridzip-r2-e6-fast-full-20260828-retry1-fast-b32-r2","r2-fast","1","24","samba","128","inputs/128KiB/samba.bin","131072","F3B8C4AD35BC6CF21977895D6F04A22B1422605942FA5AFE35CE28B2A221D7E8","archives/128KiB/samba.hz2","49050","87A56F831A6C642D16FDA005208AE668C6A8B88589EBFDE3E6204F56A5AB8B59","decoded/128KiB/samba.decoded","131072","F3B8C4AD35BC6CF21977895D6F04A22B1422605942FA5AFE35CE28B2A221D7E8","0.0464732","0.0474565","2.02734375","2.8515625","2.8515625","E65526F9DFF3F93844E004D63C7B2A4E4F219B5EAB3F1B3D3ABCF0B301F65003","profile_id=2;mode=fast;block_size=32768;zstd_level=3;lzma_level=9;threads=1;process_timeout_seconds=3600","""E:\MIXER\hybridzip\build\Release\hybridzip.exe"" c --profile=r2 --r2-mode=fast --block-size=32768 --zstd-level=3 ""E:\MIXER\hybridzip\results\experiments\hybridzip-r2-e6-fast-full-20260828-retry1\children\hybridzip-r2-e6-fast-full-20260828-retry1-fast-b32-r2\inputs\128KiB\samba.bin"" ""E:\MIXER\hybridzip\results\experiments\hybridzip-r2-e6-fast-full-20260828-retry1\children\hybridzip-r2-e6-fast-full-20260828-retry1-fast-b32-r2\archives\128KiB\samba.hz2""","""E:\MIXER\hybridzip\build\Release\hybridzip.exe"" d ""E:\MIXER\hybridzip\results\experiments\hybridzip-r2-e6-fast-full-20260828-retry1\children\hybridzip-r2-e6-fast-full-20260828-retry1-fast-b32-r2\archives\128KiB\samba.hz2"" ""E:\MIXER\hybridzip\results\experiments\hybridzip-r2-e6-fast-full-20260828-retry1\children\hybridzip-r2-e6-fast-full-20260828-retry1-fast-b32-r2\decoded\128KiB\samba.decoded""","0","0","2026-08-28T02:38:12.7550452+08:00","COMPLETE","PASS","zstd=4","Complete R2 archive size; SHA-256 byte-exact roundtrip verified."
"e6-fast","fast","32","2","False","0","0","none","hybridzip-r2-e6-fast-full-20260828-retry1-fast-b32-r2","r2-fast","1","25","sao","32","inputs/32KiB/sao.bin","32768","95677430CAD4F000506BC5EE22815C3F4E13D64B477ED506B78D5D9ACFB50CCD","archives/32KiB/sao.hz2","26959","BF5BCD7A53B632BFE13B636EB7CF324876A5CFB7F6A816AE9BFBEAE12FEC099B","decoded/32KiB/sao.decoded","32768","95677430CAD4F000506BC5EE22815C3F4E13D64B477ED506B78D5D9ACFB50CCD","0.0429055","0.0480611","2.02734375","4.5078125","4.5078125","E65526F9DFF3F93844E004D63C7B2A4E4F219B5EAB3F1B3D3ABCF0B301F65003","profile_id=2;mode=fast;block_size=32768;zstd_level=3;lzma_level=9;threads=1;process_timeout_seconds=3600","""E:\MIXER\hybridzip\build\Release\hybridzip.exe"" c --profile=r2 --r2-mode=fast --block-size=32768 --zstd-level=3 ""E:\MIXER\hybridzip\results\experiments\hybridzip-r2-e6-fast-full-20260828-retry1\children\hybridzip-r2-e6-fast-full-20260828-retry1-fast-b32-r2\inputs\32KiB\sao.bin"" ""E:\MIXER\hybridzip\results\experiments\hybridzip-r2-e6-fast-full-20260828-retry1\children\hybridzip-r2-e6-fast-full-20260828-retry1-fast-b32-r2\archives\32KiB\sao.hz2""","""E:\MIXER\hybridzip\build\Release\hybridzip.exe"" d ""E:\MIXER\hybridzip\results\experiments\hybridzip-r2-e6-fast-full-20260828-retry1\children\hybridzip-r2-e6-fast-full-20260828-retry1-fast-b32-r2\archives\32KiB\sao.hz2"" ""E:\MIXER\hybridzip\results\experiments\hybridzip-r2-e6-fast-full-20260828-retry1\children\hybridzip-r2-e6-fast-full-20260828-retry1-fast-b32-r2\decoded\32KiB\sao.decoded""","0","0","2026-08-28T02:38:12.9120270+08:00","COMPLETE","PASS","zstd=1","Complete R2 archive size; SHA-256 byte-exact roundtrip verified."
"e6-fast","fast","32","2","False","0","0","none","hybridzip-r2-e6-fast-full-20260828-retry1-fast-b32-r2","r2-fast","1","26","sao","64","inputs/64KiB/sao.bin","65536","17CBD7166A47786139F60BA33B4E771CE0154F6FA56986883D129BC23F78EBEE","archives/64KiB/sao.hz2","53996","88EDFAAA028F6DB1D1B3FAC52078FB4C6501342F6C5D649F10F0EA339C09C9A1","decoded/64KiB/sao.decoded","65536","17CBD7166A47786139F60BA33B4E771CE0154F6FA56986883D129BC23F78EBEE","0.0414506","0.0485431","2.02734375","2.02734375","2.02734375","E65526F9DFF3F93844E004D63C7B2A4E4F219B5EAB3F1B3D3ABCF0B301F65003","profile_id=2;mode=fast;block_size=32768;zstd_level=3;lzma_level=9;threads=1;process_timeout_seconds=3600","""E:\MIXER\hybridzip\build\Release\hybridzip.exe"" c --profile=r2 --r2-mode=fast --block-size=32768 --zstd-level=3 ""E:\MIXER\hybridzip\results\experiments\hybridzip-r2-e6-fast-full-20260828-retry1\children\hybridzip-r2-e6-fast-full-20260828-retry1-fast-b32-r2\inputs\64KiB\sao.bin"" ""E:\MIXER\hybridzip\results\experiments\hybridzip-r2-e6-fast-full-20260828-retry1\children\hybridzip-r2-e6-fast-full-20260828-retry1-fast-b32-r2\archives\64KiB\sao.hz2""","""E:\MIXER\hybridzip\build\Release\hybridzip.exe"" d ""E:\MIXER\hybridzip\results\experiments\hybridzip-r2-e6-fast-full-20260828-retry1\children\hybridzip-r2-e6-fast-full-20260828-retry1-fast-b32-r2\archives\64KiB\sao.hz2"" ""E:\MIXER\hybridzip\results\experiments\hybridzip-r2-e6-fast-full-20260828-retry1\children\hybridzip-r2-e6-fast-full-20260828-retry1-fast-b32-r2\decoded\64KiB\sao.decoded""","0","0","2026-08-28T02:38:13.0704547+08:00","COMPLETE","PASS","zstd=2","Complete R2 archive size; SHA-256 byte-exact roundtrip verified."
"e6-fast","fast","32","2","False","0","0","none","hybridzip-r2-e6-fast-full-20260828-retry1-fast-b32-r2","r2-fast","1","27","sao","128","inputs/128KiB/sao.bin","131072","75E535B42DB7505118D8B19C7C42C1F49C5542ADDC9DBC13383953659F675CE0","archives/128KiB/sao.hz2","108221","7243F72B7AA1F6B3910BEEDE10284794C1B5C5EE085B023666093D5F9AC6BEB9","decoded/128KiB/sao.decoded","131072","75E535B42DB7505118D8B19C7C42C1F49C5542ADDC9DBC13383953659F675CE0","0.0477959","0.0461341","2.02734375","3.16796875","3.16796875","E65526F9DFF3F93844E004D63C7B2A4E4F219B5EAB3F1B3D3ABCF0B301F65003","profile_id=2;mode=fast;block_size=32768;zstd_level=3;lzma_level=9;threads=1;process_timeout_seconds=3600","""E:\MIXER\hybridzip\build\Release\hybridzip.exe"" c --profile=r2 --r2-mode=fast --block-size=32768 --zstd-level=3 ""E:\MIXER\hybridzip\results\experiments\hybridzip-r2-e6-fast-full-20260828-retry1\children\hybridzip-r2-e6-fast-full-20260828-retry1-fast-b32-r2\inputs\128KiB\sao.bin"" ""E:\MIXER\hybridzip\results\experiments\hybridzip-r2-e6-fast-full-20260828-retry1\children\hybridzip-r2-e6-fast-full-20260828-retry1-fast-b32-r2\archives\128KiB\sao.hz2""","""E:\MIXER\hybridzip\build\Release\hybridzip.exe"" d ""E:\MIXER\hybridzip\results\experiments\hybridzip-r2-e6-fast-full-20260828-retry1\children\hybridzip-r2-e6-fast-full-20260828-retry1-fast-b32-r2\archives\128KiB\sao.hz2"" ""E:\MIXER\hybridzip\results\experiments\hybridzip-r2-e6-fast-full-20260828-retry1\children\hybridzip-r2-e6-fast-full-20260828-retry1-fast-b32-r2\decoded\128KiB\sao.decoded""","0","0","2026-08-28T02:38:13.2250830+08:00","COMPLETE","PASS","zstd=4","Complete R2 archive size; SHA-256 byte-exact roundtrip verified."
"e6-fast","fast","32","2","False","0","0","none","hybridzip-r2-e6-fast-full-20260828-retry1-fast-b32-r2","r2-fast","1","28","webster","32","inputs/32KiB/webster.bin","32768","774D224695AF4057353F72602BB96CD2AFEEA059AC7737535645F11596FCA85E","archives/32KiB/webster.hz2","13778","EF60C5313DE7D57B094F6D0B1DEC9246806E6520B19DEB7B758681168F083722","decoded/32KiB/webster.decoded","32768","774D224695AF4057353F72602BB96CD2AFEEA059AC7737535645F11596FCA85E","0.0392815","0.0467873","2.0234375","4.47265625","4.47265625","E65526F9DFF3F93844E004D63C7B2A4E4F219B5EAB3F1B3D3ABCF0B301F65003","profile_id=2;mode=fast;block_size=32768;zstd_level=3;lzma_level=9;threads=1;process_timeout_seconds=3600","""E:\MIXER\hybridzip\build\Release\hybridzip.exe"" c --profile=r2 --r2-mode=fast --block-size=32768 --zstd-level=3 ""E:\MIXER\hybridzip\results\experiments\hybridzip-r2-e6-fast-full-20260828-retry1\children\hybridzip-r2-e6-fast-full-20260828-retry1-fast-b32-r2\inputs\32KiB\webster.bin"" ""E:\MIXER\hybridzip\results\experiments\hybridzip-r2-e6-fast-full-20260828-retry1\children\hybridzip-r2-e6-fast-full-20260828-retry1-fast-b32-r2\archives\32KiB\webster.hz2""","""E:\MIXER\hybridzip\build\Release\hybridzip.exe"" d ""E:\MIXER\hybridzip\results\experiments\hybridzip-r2-e6-fast-full-20260828-retry1\children\hybridzip-r2-e6-fast-full-20260828-retry1-fast-b32-r2\archives\32KiB\webster.hz2"" ""E:\MIXER\hybridzip\results\experiments\hybridzip-r2-e6-fast-full-20260828-retry1\children\hybridzip-r2-e6-fast-full-20260828-retry1-fast-b32-r2\decoded\32KiB\webster.decoded""","0","0","2026-08-28T02:38:13.3836141+08:00","COMPLETE","PASS","zstd=1","Complete R2 archive size; SHA-256 byte-exact roundtrip verified."
"e6-fast","fast","32","2","False","0","0","none","hybridzip-r2-e6-fast-full-20260828-retry1-fast-b32-r2","r2-fast","1","29","webster","64","inputs/64KiB/webster.bin","65536","262258811321382F9E4F44D2184B6B7FED0336CF831446D8336C47D6CCC2B32E","archives/64KiB/webster.hz2","25312","A3D97C4DC08A029F63800EDD1516B3DE9EDF40296D9A7FDA5EA62962C72D2AC4","decoded/64KiB/webster.decoded","65536","262258811321382F9E4F44D2184B6B7FED0336CF831446D8336C47D6CCC2B32E","0.0516239","0.0611841","2.0234375","4.4921875","4.4921875","E65526F9DFF3F93844E004D63C7B2A4E4F219B5EAB3F1B3D3ABCF0B301F65003","profile_id=2;mode=fast;block_size=32768;zstd_level=3;lzma_level=9;threads=1;process_timeout_seconds=3600","""E:\MIXER\hybridzip\build\Release\hybridzip.exe"" c --profile=r2 --r2-mode=fast --block-size=32768 --zstd-level=3 ""E:\MIXER\hybridzip\results\experiments\hybridzip-r2-e6-fast-full-20260828-retry1\children\hybridzip-r2-e6-fast-full-20260828-retry1-fast-b32-r2\inputs\64KiB\webster.bin"" ""E:\MIXER\hybridzip\results\experiments\hybridzip-r2-e6-fast-full-20260828-retry1\children\hybridzip-r2-e6-fast-full-20260828-retry1-fast-b32-r2\archives\64KiB\webster.hz2""","""E:\MIXER\hybridzip\build\Release\hybridzip.exe"" d ""E:\MIXER\hybridzip\results\experiments\hybridzip-r2-e6-fast-full-20260828-retry1\children\hybridzip-r2-e6-fast-full-20260828-retry1-fast-b32-r2\archives\64KiB\webster.hz2"" ""E:\MIXER\hybridzip\results\experiments\hybridzip-r2-e6-fast-full-20260828-retry1\children\hybridzip-r2-e6-fast-full-20260828-retry1-fast-b32-r2\decoded\64KiB\webster.decoded""","0","0","2026-08-28T02:38:13.5384178+08:00","COMPLETE","PASS","zstd=2","Complete R2 archive size; SHA-256 byte-exact roundtrip verified."
"e6-fast","fast","32","2","False","0","0","none","hybridzip-r2-e6-fast-full-20260828-retry1-fast-b32-r2","r2-fast","1","30","webster","128","inputs/128KiB/webster.bin","131072","C069C1FDCA99BC5C44F06D134CD0CDA60315DD631AA6564733B2CE0E6D59305C","archives/128KiB/webster.hz2","47767","27822781089AD0C206A65680E7F19A46386775036E7B4547ABF17934A0971B5B","decoded/128KiB/webster.decoded","131072","C069C1FDCA99BC5C44F06D134CD0CDA60315DD631AA6564733B2CE0E6D59305C","0.0553496","0.0622116","2.02734375","4.49609375","4.49609375","E65526F9DFF3F93844E004D63C7B2A4E4F219B5EAB3F1B3D3ABCF0B301F65003","profile_id=2;mode=fast;block_size=32768;zstd_level=3;lzma_level=9;threads=1;process_timeout_seconds=3600","""E:\MIXER\hybridzip\build\Release\hybridzip.exe"" c --profile=r2 --r2-mode=fast --block-size=32768 --zstd-level=3 ""E:\MIXER\hybridzip\results\experiments\hybridzip-r2-e6-fast-full-20260828-retry1\children\hybridzip-r2-e6-fast-full-20260828-retry1-fast-b32-r2\inputs\128KiB\webster.bin"" ""E:\MIXER\hybridzip\results\experiments\hybridzip-r2-e6-fast-full-20260828-retry1\children\hybridzip-r2-e6-fast-full-20260828-retry1-fast-b32-r2\archives\128KiB\webster.hz2""","""E:\MIXER\hybridzip\build\Release\hybridzip.exe"" d ""E:\MIXER\hybridzip\results\experiments\hybridzip-r2-e6-fast-full-20260828-retry1\children\hybridzip-r2-e6-fast-full-20260828-retry1-fast-b32-r2\archives\128KiB\webster.hz2"" ""E:\MIXER\hybridzip\results\experiments\hybridzip-r2-e6-fast-full-20260828-retry1\children\hybridzip-r2-e6-fast-full-20260828-retry1-fast-b32-r2\decoded\128KiB\webster.decoded""","0","0","2026-08-28T02:38:13.7200248+08:00","COMPLETE","PASS","zstd=4","Complete R2 archive size; SHA-256 byte-exact roundtrip verified."
"e6-fast","fast","32","2","False","0","0","none","hybridzip-r2-e6-fast-full-20260828-retry1-fast-b32-r2","r2-fast","1","31","x-ray","32","inputs/32KiB/x-ray.bin","32768","10511AA63DFBD9C0DDBFEFE36068740103D4BA1116E214154A0772057D7E9314","archives/32KiB/x-ray.hz2","26409","6F329EBF981288C16F040601194A75E47EB00E1836D4968E7E5F1EAECFBAE5C4","decoded/32KiB/x-ray.decoded","32768","10511AA63DFBD9C0DDBFEFE36068740103D4BA1116E214154A0772057D7E9314","0.0429562","0.0505871","2.02734375","2.0234375","2.02734375","E65526F9DFF3F93844E004D63C7B2A4E4F219B5EAB3F1B3D3ABCF0B301F65003","profile_id=2;mode=fast;block_size=32768;zstd_level=3;lzma_level=9;threads=1;process_timeout_seconds=3600","""E:\MIXER\hybridzip\build\Release\hybridzip.exe"" c --profile=r2 --r2-mode=fast --block-size=32768 --zstd-level=3 ""E:\MIXER\hybridzip\results\experiments\hybridzip-r2-e6-fast-full-20260828-retry1\children\hybridzip-r2-e6-fast-full-20260828-retry1-fast-b32-r2\inputs\32KiB\x-ray.bin"" ""E:\MIXER\hybridzip\results\experiments\hybridzip-r2-e6-fast-full-20260828-retry1\children\hybridzip-r2-e6-fast-full-20260828-retry1-fast-b32-r2\archives\32KiB\x-ray.hz2""","""E:\MIXER\hybridzip\build\Release\hybridzip.exe"" d ""E:\MIXER\hybridzip\results\experiments\hybridzip-r2-e6-fast-full-20260828-retry1\children\hybridzip-r2-e6-fast-full-20260828-retry1-fast-b32-r2\archives\32KiB\x-ray.hz2"" ""E:\MIXER\hybridzip\results\experiments\hybridzip-r2-e6-fast-full-20260828-retry1\children\hybridzip-r2-e6-fast-full-20260828-retry1-fast-b32-r2\decoded\32KiB\x-ray.decoded""","0","0","2026-08-28T02:38:13.9072036+08:00","COMPLETE","PASS","zstd=1","Complete R2 archive size; SHA-256 byte-exact roundtrip verified."
"e6-fast","fast","32","2","False","0","0","none","hybridzip-r2-e6-fast-full-20260828-retry1-fast-b32-r2","r2-fast","1","32","x-ray","64","inputs/64KiB/x-ray.bin","65536","B5A07146616BCD7C2D10071D41E07D204DE0AC629C4CA37D8E867FF00574D0D8","archives/64KiB/x-ray.hz2","52523","AA599FB1F1B948061E0A278DD263B9DB0CFB0BBD6839AF2E1E9504CE0D7B71CA","decoded/64KiB/x-ray.decoded","65536","B5A07146616BCD7C2D10071D41E07D204DE0AC629C4CA37D8E867FF00574D0D8","0.0592175","0.0466027","2.02734375","4.5","4.5","E65526F9DFF3F93844E004D63C7B2A4E4F219B5EAB3F1B3D3ABCF0B301F65003","profile_id=2;mode=fast;block_size=32768;zstd_level=3;lzma_level=9;threads=1;process_timeout_seconds=3600","""E:\MIXER\hybridzip\build\Release\hybridzip.exe"" c --profile=r2 --r2-mode=fast --block-size=32768 --zstd-level=3 ""E:\MIXER\hybridzip\results\experiments\hybridzip-r2-e6-fast-full-20260828-retry1\children\hybridzip-r2-e6-fast-full-20260828-retry1-fast-b32-r2\inputs\64KiB\x-ray.bin"" ""E:\MIXER\hybridzip\results\experiments\hybridzip-r2-e6-fast-full-20260828-retry1\children\hybridzip-r2-e6-fast-full-20260828-retry1-fast-b32-r2\archives\64KiB\x-ray.hz2""","""E:\MIXER\hybridzip\build\Release\hybridzip.exe"" d ""E:\MIXER\hybridzip\results\experiments\hybridzip-r2-e6-fast-full-20260828-retry1\children\hybridzip-r2-e6-fast-full-20260828-retry1-fast-b32-r2\archives\64KiB\x-ray.hz2"" ""E:\MIXER\hybridzip\results\experiments\hybridzip-r2-e6-fast-full-20260828-retry1\children\hybridzip-r2-e6-fast-full-20260828-retry1-fast-b32-r2\decoded\64KiB\x-ray.decoded""","0","0","2026-08-28T02:38:14.0621824+08:00","COMPLETE","PASS","zstd=2","Complete R2 archive size; SHA-256 byte-exact roundtrip verified."
"e6-fast","fast","32","2","False","0","0","none","hybridzip-r2-e6-fast-full-20260828-retry1-fast-b32-r2","r2-fast","1","33","x-ray","128","inputs/128KiB/x-ray.bin","131072","7A65B793FB2A694C20686275A899B304445473528F7C998BE26F8C68EB18F76E","archives/128KiB/x-ray.hz2","105157","B4025BC30BB4AA4422E16B60E7E987232BAF6904D1C7EAC747E1EE73F0398328","decoded/128KiB/x-ray.decoded","131072","7A65B793FB2A694C20686275A899B304445473528F7C998BE26F8C68EB18F76E","0.042357","0.0487144","2.02734375","4.51953125","4.51953125","E65526F9DFF3F93844E004D63C7B2A4E4F219B5EAB3F1B3D3ABCF0B301F65003","profile_id=2;mode=fast;block_size=32768;zstd_level=3;lzma_level=9;threads=1;process_timeout_seconds=3600","""E:\MIXER\hybridzip\build\Release\hybridzip.exe"" c --profile=r2 --r2-mode=fast --block-size=32768 --zstd-level=3 ""E:\MIXER\hybridzip\results\experiments\hybridzip-r2-e6-fast-full-20260828-retry1\children\hybridzip-r2-e6-fast-full-20260828-retry1-fast-b32-r2\inputs\128KiB\x-ray.bin"" ""E:\MIXER\hybridzip\results\experiments\hybridzip-r2-e6-fast-full-20260828-retry1\children\hybridzip-r2-e6-fast-full-20260828-retry1-fast-b32-r2\archives\128KiB\x-ray.hz2""","""E:\MIXER\hybridzip\build\Release\hybridzip.exe"" d ""E:\MIXER\hybridzip\results\experiments\hybridzip-r2-e6-fast-full-20260828-retry1\children\hybridzip-r2-e6-fast-full-20260828-retry1-fast-b32-r2\archives\128KiB\x-ray.hz2"" ""E:\MIXER\hybridzip\results\experiments\hybridzip-r2-e6-fast-full-20260828-retry1\children\hybridzip-r2-e6-fast-full-20260828-retry1-fast-b32-r2\decoded\128KiB\x-ray.decoded""","0","0","2026-08-28T02:38:14.2335872+08:00","COMPLETE","PASS","zstd=4","Complete R2 archive size; SHA-256 byte-exact roundtrip verified."
"e6-fast","fast","32","2","False","0","0","none","hybridzip-r2-e6-fast-full-20260828-retry1-fast-b32-r2","r2-fast","1","34","xml","32","inputs/32KiB/xml.bin","32768","C2F7F129956F8D6FC3D0E3595D93F98D5270B6F5BC4AB5E70F45867822EFDD71","archives/32KiB/xml.hz2","3483","C10E021F2B7C5032D804E190158C1BDFE6DFB1C38C66B97B4E0C6C938859F892","decoded/32KiB/xml.decoded","32768","C2F7F129956F8D6FC3D0E3595D93F98D5270B6F5BC4AB5E70F45867822EFDD71","0.0571129","0.0478343","2.02734375","4.44140625","4.44140625","E65526F9DFF3F93844E004D63C7B2A4E4F219B5EAB3F1B3D3ABCF0B301F65003","profile_id=2;mode=fast;block_size=32768;zstd_level=3;lzma_level=9;threads=1;process_timeout_seconds=3600","""E:\MIXER\hybridzip\build\Release\hybridzip.exe"" c --profile=r2 --r2-mode=fast --block-size=32768 --zstd-level=3 ""E:\MIXER\hybridzip\results\experiments\hybridzip-r2-e6-fast-full-20260828-retry1\children\hybridzip-r2-e6-fast-full-20260828-retry1-fast-b32-r2\inputs\32KiB\xml.bin"" ""E:\MIXER\hybridzip\results\experiments\hybridzip-r2-e6-fast-full-20260828-retry1\children\hybridzip-r2-e6-fast-full-20260828-retry1-fast-b32-r2\archives\32KiB\xml.hz2""","""E:\MIXER\hybridzip\build\Release\hybridzip.exe"" d ""E:\MIXER\hybridzip\results\experiments\hybridzip-r2-e6-fast-full-20260828-retry1\children\hybridzip-r2-e6-fast-full-20260828-retry1-fast-b32-r2\archives\32KiB\xml.hz2"" ""E:\MIXER\hybridzip\results\experiments\hybridzip-r2-e6-fast-full-20260828-retry1\children\hybridzip-r2-e6-fast-full-20260828-retry1-fast-b32-r2\decoded\32KiB\xml.decoded""","0","0","2026-08-28T02:38:14.3924403+08:00","COMPLETE","PASS","zstd=1","Complete R2 archive size; SHA-256 byte-exact roundtrip verified."
"e6-fast","fast","32","2","False","0","0","none","hybridzip-r2-e6-fast-full-20260828-retry1-fast-b32-r2","r2-fast","1","35","xml","64","inputs/64KiB/xml.bin","65536","E32AFF2BEBF00105A17DD57F5490C1986D17543CEE837B42EB56B3E0E6F8E7F1","archives/64KiB/xml.hz2","6829","E37A51A1CD2BC91A85463CC88492D643C7DDE36A7D06259BD0109177622EBDBC","decoded/64KiB/xml.decoded","65536","E32AFF2BEBF00105A17DD57F5490C1986D17543CEE837B42EB56B3E0E6F8E7F1","0.0598166","0.0625619","2.02734375","4.4609375","4.4609375","E65526F9DFF3F93844E004D63C7B2A4E4F219B5EAB3F1B3D3ABCF0B301F65003","profile_id=2;mode=fast;block_size=32768;zstd_level=3;lzma_level=9;threads=1;process_timeout_seconds=3600","""E:\MIXER\hybridzip\build\Release\hybridzip.exe"" c --profile=r2 --r2-mode=fast --block-size=32768 --zstd-level=3 ""E:\MIXER\hybridzip\results\experiments\hybridzip-r2-e6-fast-full-20260828-retry1\children\hybridzip-r2-e6-fast-full-20260828-retry1-fast-b32-r2\inputs\64KiB\xml.bin"" ""E:\MIXER\hybridzip\results\experiments\hybridzip-r2-e6-fast-full-20260828-retry1\children\hybridzip-r2-e6-fast-full-20260828-retry1-fast-b32-r2\archives\64KiB\xml.hz2""","""E:\MIXER\hybridzip\build\Release\hybridzip.exe"" d ""E:\MIXER\hybridzip\results\experiments\hybridzip-r2-e6-fast-full-20260828-retry1\children\hybridzip-r2-e6-fast-full-20260828-retry1-fast-b32-r2\archives\64KiB\xml.hz2"" ""E:\MIXER\hybridzip\results\experiments\hybridzip-r2-e6-fast-full-20260828-retry1\children\hybridzip-r2-e6-fast-full-20260828-retry1-fast-b32-r2\decoded\64KiB\xml.decoded""","0","0","2026-08-28T02:38:14.5617927+08:00","COMPLETE","PASS","zstd=2","Complete R2 archive size; SHA-256 byte-exact roundtrip verified."
"e6-fast","fast","32","2","False","0","0","none","hybridzip-r2-e6-fast-full-20260828-retry1-fast-b32-r2","r2-fast","1","36","xml","128","inputs/128KiB/xml.bin","131072","5FA29C746885F2EEB98734218475915A78092CCB3B0F68B08861EE210E5B6E25","archives/128KiB/xml.hz2","13798","9BA0E95A713E34B2CC38C3B2C7C295B4AE94187D48DC7E6412E56E98D9F18E54","decoded/128KiB/xml.decoded","131072","5FA29C746885F2EEB98734218475915A78092CCB3B0F68B08861EE210E5B6E25","0.0552774","0.0471158","4.97265625","4.453125","4.97265625","E65526F9DFF3F93844E004D63C7B2A4E4F219B5EAB3F1B3D3ABCF0B301F65003","profile_id=2;mode=fast;block_size=32768;zstd_level=3;lzma_level=9;threads=1;process_timeout_seconds=3600","""E:\MIXER\hybridzip\build\Release\hybridzip.exe"" c --profile=r2 --r2-mode=fast --block-size=32768 --zstd-level=3 ""E:\MIXER\hybridzip\results\experiments\hybridzip-r2-e6-fast-full-20260828-retry1\children\hybridzip-r2-e6-fast-full-20260828-retry1-fast-b32-r2\inputs\128KiB\xml.bin"" ""E:\MIXER\hybridzip\results\experiments\hybridzip-r2-e6-fast-full-20260828-retry1\children\hybridzip-r2-e6-fast-full-20260828-retry1-fast-b32-r2\archives\128KiB\xml.hz2""","""E:\MIXER\hybridzip\build\Release\hybridzip.exe"" d ""E:\MIXER\hybridzip\results\experiments\hybridzip-r2-e6-fast-full-20260828-retry1\children\hybridzip-r2-e6-fast-full-20260828-retry1-fast-b32-r2\archives\128KiB\xml.hz2"" ""E:\MIXER\hybridzip\results\experiments\hybridzip-r2-e6-fast-full-20260828-retry1\children\hybridzip-r2-e6-fast-full-20260828-retry1-fast-b32-r2\decoded\128KiB\xml.decoded""","0","0","2026-08-28T02:38:14.7500940+08:00","COMPLETE","PASS","zstd=4","Complete R2 archive size; SHA-256 byte-exact roundtrip verified."
"e6-fast","fast","32","3","False","0","0","none","hybridzip-r2-e6-fast-full-20260828-retry1-fast-b32-r3","r2-fast","1","1","dickens","32","inputs/32KiB/dickens.bin","32768","FC42DCB9849222C8704C9DCAE606D075B389B66244FB215035148D6409EC0B31","archives/32KiB/dickens.hz2","14205","53B8A534899E0E9F1904FAC39E6C7728F45E9B354A4A49EFF5016B53F48ED977","decoded/32KiB/dickens.decoded","32768","FC42DCB9849222C8704C9DCAE606D075B389B66244FB215035148D6409EC0B31","0.0529735","0.0483567","2.02734375","2.671875","2.671875","E65526F9DFF3F93844E004D63C7B2A4E4F219B5EAB3F1B3D3ABCF0B301F65003","profile_id=2;mode=fast;block_size=32768;zstd_level=3;lzma_level=9;threads=1;process_timeout_seconds=3600","""E:\MIXER\hybridzip\build\Release\hybridzip.exe"" c --profile=r2 --r2-mode=fast --block-size=32768 --zstd-level=3 ""E:\MIXER\hybridzip\results\experiments\hybridzip-r2-e6-fast-full-20260828-retry1\children\hybridzip-r2-e6-fast-full-20260828-retry1-fast-b32-r3\inputs\32KiB\dickens.bin"" ""E:\MIXER\hybridzip\results\experiments\hybridzip-r2-e6-fast-full-20260828-retry1\children\hybridzip-r2-e6-fast-full-20260828-retry1-fast-b32-r3\archives\32KiB\dickens.hz2""","""E:\MIXER\hybridzip\build\Release\hybridzip.exe"" d ""E:\MIXER\hybridzip\results\experiments\hybridzip-r2-e6-fast-full-20260828-retry1\children\hybridzip-r2-e6-fast-full-20260828-retry1-fast-b32-r3\archives\32KiB\dickens.hz2"" ""E:\MIXER\hybridzip\results\experiments\hybridzip-r2-e6-fast-full-20260828-retry1\children\hybridzip-r2-e6-fast-full-20260828-retry1-fast-b32-r3\decoded\32KiB\dickens.decoded""","0","0","2026-08-28T02:38:16.0579890+08:00","COMPLETE","PASS","zstd=1","Complete R2 archive size; SHA-256 byte-exact roundtrip verified."
"e6-fast","fast","32","3","False","0","0","none","hybridzip-r2-e6-fast-full-20260828-retry1-fast-b32-r3","r2-fast","1","2","dickens","64","inputs/64KiB/dickens.bin","65536","134AD989A7B8B40C900A3B9C0F4895317DFD827D9E6E933895B08D2F4A8A8293","archives/64KiB/dickens.hz2","28113","E0A20889BAD0D1C1D7E139FE9C1531DA7A8F40E34E7FD4C1E073FC10614F42C3","decoded/64KiB/dickens.decoded","65536","134AD989A7B8B40C900A3B9C0F4895317DFD827D9E6E933895B08D2F4A8A8293","0.0468347","0.0504381","2.02734375","4.5","4.5","E65526F9DFF3F93844E004D63C7B2A4E4F219B5EAB3F1B3D3ABCF0B301F65003","profile_id=2;mode=fast;block_size=32768;zstd_level=3;lzma_level=9;threads=1;process_timeout_seconds=3600","""E:\MIXER\hybridzip\build\Release\hybridzip.exe"" c --profile=r2 --r2-mode=fast --block-size=32768 --zstd-level=3 ""E:\MIXER\hybridzip\results\experiments\hybridzip-r2-e6-fast-full-20260828-retry1\children\hybridzip-r2-e6-fast-full-20260828-retry1-fast-b32-r3\inputs\64KiB\dickens.bin"" ""E:\MIXER\hybridzip\results\experiments\hybridzip-r2-e6-fast-full-20260828-retry1\children\hybridzip-r2-e6-fast-full-20260828-retry1-fast-b32-r3\archives\64KiB\dickens.hz2""","""E:\MIXER\hybridzip\build\Release\hybridzip.exe"" d ""E:\MIXER\hybridzip\results\experiments\hybridzip-r2-e6-fast-full-20260828-retry1\children\hybridzip-r2-e6-fast-full-20260828-retry1-fast-b32-r3\archives\64KiB\dickens.hz2"" ""E:\MIXER\hybridzip\results\experiments\hybridzip-r2-e6-fast-full-20260828-retry1\children\hybridzip-r2-e6-fast-full-20260828-retry1-fast-b32-r3\decoded\64KiB\dickens.decoded""","0","0","2026-08-28T02:38:16.2203419+08:00","COMPLETE","PASS","zstd=2","Complete R2 archive size; SHA-256 byte-exact roundtrip verified."
"e6-fast","fast","32","3","False","0","0","none","hybridzip-r2-e6-fast-full-20260828-retry1-fast-b32-r3","r2-fast","1","3","dickens","128","inputs/128KiB/dickens.bin","131072","20E33FCC8FAA96DC32A2D0921115C0F363E64C598A5847CE1A3876E356D59872","archives/128KiB/dickens.hz2","55708","DB7CC4AF653702785CEBC0B85D1B9999F957C0800F10448F9F8C890E28DE20B2","decoded/128KiB/dickens.decoded","131072","20E33FCC8FAA96DC32A2D0921115C0F363E64C598A5847CE1A3876E356D59872","0.0430812","0.0470423","2.02734375","2.02734375","2.02734375","E65526F9DFF3F93844E004D63C7B2A4E4F219B5EAB3F1B3D3ABCF0B301F65003","profile_id=2;mode=fast;block_size=32768;zstd_level=3;lzma_level=9;threads=1;process_timeout_seconds=3600","""E:\MIXER\hybridzip\build\Release\hybridzip.exe"" c --profile=r2 --r2-mode=fast --block-size=32768 --zstd-level=3 ""E:\MIXER\hybridzip\results\experiments\hybridzip-r2-e6-fast-full-20260828-retry1\children\hybridzip-r2-e6-fast-full-20260828-retry1-fast-b32-r3\inputs\128KiB\dickens.bin"" ""E:\MIXER\hybridzip\results\experiments\hybridzip-r2-e6-fast-full-20260828-retry1\children\hybridzip-r2-e6-fast-full-20260828-retry1-fast-b32-r3\archives\128KiB\dickens.hz2""","""E:\MIXER\hybridzip\build\Release\hybridzip.exe"" d ""E:\MIXER\hybridzip\results\experiments\hybridzip-r2-e6-fast-full-20260828-retry1\children\hybridzip-r2-e6-fast-full-20260828-retry1-fast-b32-r3\archives\128KiB\dickens.hz2"" ""E:\MIXER\hybridzip\results\experiments\hybridzip-r2-e6-fast-full-20260828-retry1\children\hybridzip-r2-e6-fast-full-20260828-retry1-fast-b32-r3\decoded\128KiB\dickens.decoded""","0","0","2026-08-28T02:38:16.3835730+08:00","COMPLETE","PASS","zstd=4","Complete R2 archive size; SHA-256 byte-exact roundtrip verified."
"e6-fast","fast","32","3","False","0","0","none","hybridzip-r2-e6-fast-full-20260828-retry1-fast-b32-r3","r2-fast","1","4","mozilla","32","inputs/32KiB/mozilla.bin","32768","9DDEEF36CA0CA55B72FE3376D005926DFF3400A2ADE6EAE18482D8017D8645DB","archives/32KiB/mozilla.hz2","11272","C9D6249AFFEC3476809A8D05C168F93803057CBCA968771D06588FD07A919358","decoded/32KiB/mozilla.decoded","32768","9DDEEF36CA0CA55B72FE3376D005926DFF3400A2ADE6EAE18482D8017D8645DB","0.0418924","0.0443928","2.02734375","2.02734375","2.02734375","E65526F9DFF3F93844E004D63C7B2A4E4F219B5EAB3F1B3D3ABCF0B301F65003","profile_id=2;mode=fast;block_size=32768;zstd_level=3;lzma_level=9;threads=1;process_timeout_seconds=3600","""E:\MIXER\hybridzip\build\Release\hybridzip.exe"" c --profile=r2 --r2-mode=fast --block-size=32768 --zstd-level=3 ""E:\MIXER\hybridzip\results\experiments\hybridzip-r2-e6-fast-full-20260828-retry1\children\hybridzip-r2-e6-fast-full-20260828-retry1-fast-b32-r3\inputs\32KiB\mozilla.bin"" ""E:\MIXER\hybridzip\results\experiments\hybridzip-r2-e6-fast-full-20260828-retry1\children\hybridzip-r2-e6-fast-full-20260828-retry1-fast-b32-r3\archives\32KiB\mozilla.hz2""","""E:\MIXER\hybridzip\build\Release\hybridzip.exe"" d ""E:\MIXER\hybridzip\results\experiments\hybridzip-r2-e6-fast-full-20260828-retry1\children\hybridzip-r2-e6-fast-full-20260828-retry1-fast-b32-r3\archives\32KiB\mozilla.hz2"" ""E:\MIXER\hybridzip\results\experiments\hybridzip-r2-e6-fast-full-20260828-retry1\children\hybridzip-r2-e6-fast-full-20260828-retry1-fast-b32-r3\decoded\32KiB\mozilla.decoded""","0","0","2026-08-28T02:38:16.5428336+08:00","COMPLETE","PASS","zstd=1","Complete R2 archive size; SHA-256 byte-exact roundtrip verified."
"e6-fast","fast","32","3","False","0","0","none","hybridzip-r2-e6-fast-full-20260828-retry1-fast-b32-r3","r2-fast","1","5","mozilla","64","inputs/64KiB/mozilla.bin","65536","B0050240663F54371D372303EEABA0A59AB0758BCD565F4F639D06561E6BC996","archives/64KiB/mozilla.hz2","18134","0314A3399BE0026A29D8DA09226F4CB94523582B52DA8A18FC43A2D81B4F7FF0","decoded/64KiB/mozilla.decoded","65536","B0050240663F54371D372303EEABA0A59AB0758BCD565F4F639D06561E6BC996","0.0451401","0.0471206","2.02734375","4.25","4.25","E65526F9DFF3F93844E004D63C7B2A4E4F219B5EAB3F1B3D3ABCF0B301F65003","profile_id=2;mode=fast;block_size=32768;zstd_level=3;lzma_level=9;threads=1;process_timeout_seconds=3600","""E:\MIXER\hybridzip\build\Release\hybridzip.exe"" c --profile=r2 --r2-mode=fast --block-size=32768 --zstd-level=3 ""E:\MIXER\hybridzip\results\experiments\hybridzip-r2-e6-fast-full-20260828-retry1\children\hybridzip-r2-e6-fast-full-20260828-retry1-fast-b32-r3\inputs\64KiB\mozilla.bin"" ""E:\MIXER\hybridzip\results\experiments\hybridzip-r2-e6-fast-full-20260828-retry1\children\hybridzip-r2-e6-fast-full-20260828-retry1-fast-b32-r3\archives\64KiB\mozilla.hz2""","""E:\MIXER\hybridzip\build\Release\hybridzip.exe"" d ""E:\MIXER\hybridzip\results\experiments\hybridzip-r2-e6-fast-full-20260828-retry1\children\hybridzip-r2-e6-fast-full-20260828-retry1-fast-b32-r3\archives\64KiB\mozilla.hz2"" ""E:\MIXER\hybridzip\results\experiments\hybridzip-r2-e6-fast-full-20260828-retry1\children\hybridzip-r2-e6-fast-full-20260828-retry1-fast-b32-r3\decoded\64KiB\mozilla.decoded""","0","0","2026-08-28T02:38:16.6994052+08:00","COMPLETE","PASS","zstd=2","Complete R2 archive size; SHA-256 byte-exact roundtrip verified."
"e6-fast","fast","32","3","False","0","0","none","hybridzip-r2-e6-fast-full-20260828-retry1-fast-b32-r3","r2-fast","1","6","mozilla","128","inputs/128KiB/mozilla.bin","131072","85CDBEA98382DB12E9A21FF90E1907452712D074000A6B855D2CA215FA591EB4","archives/128KiB/mozilla.hz2","27194","4E68A8DBFF74B8A71DF04E6D98E7878F3DD34185A3D39CE6662225C70B041FA0","decoded/128KiB/mozilla.decoded","131072","85CDBEA98382DB12E9A21FF90E1907452712D074000A6B855D2CA215FA591EB4","0.056812","0.050695","5.0078125","4.47265625","5.0078125","E65526F9DFF3F93844E004D63C7B2A4E4F219B5EAB3F1B3D3ABCF0B301F65003","profile_id=2;mode=fast;block_size=32768;zstd_level=3;lzma_level=9;threads=1;process_timeout_seconds=3600","""E:\MIXER\hybridzip\build\Release\hybridzip.exe"" c --profile=r2 --r2-mode=fast --block-size=32768 --zstd-level=3 ""E:\MIXER\hybridzip\results\experiments\hybridzip-r2-e6-fast-full-20260828-retry1\children\hybridzip-r2-e6-fast-full-20260828-retry1-fast-b32-r3\inputs\128KiB\mozilla.bin"" ""E:\MIXER\hybridzip\results\experiments\hybridzip-r2-e6-fast-full-20260828-retry1\children\hybridzip-r2-e6-fast-full-20260828-retry1-fast-b32-r3\archives\128KiB\mozilla.hz2""","""E:\MIXER\hybridzip\build\Release\hybridzip.exe"" d ""E:\MIXER\hybridzip\results\experiments\hybridzip-r2-e6-fast-full-20260828-retry1\children\hybridzip-r2-e6-fast-full-20260828-retry1-fast-b32-r3\archives\128KiB\mozilla.hz2"" ""E:\MIXER\hybridzip\results\experiments\hybridzip-r2-e6-fast-full-20260828-retry1\children\hybridzip-r2-e6-fast-full-20260828-retry1-fast-b32-r3\decoded\128KiB\mozilla.decoded""","0","0","2026-08-28T02:38:16.8596905+08:00","COMPLETE","PASS","zstd=4","Complete R2 archive size; SHA-256 byte-exact roundtrip verified."
"e6-fast","fast","32","3","False","0","0","none","hybridzip-r2-e6-fast-full-20260828-retry1-fast-b32-r3","r2-fast","1","7","mr","32","inputs/32KiB/mr.bin","32768","3BB287B0AF65F777AB00C14E362B4D1962087260556001BBEE0689AA10D9F76A","archives/32KiB/mr.hz2","8875","C1D01F079771D2C368C949CA680090084B0929DFA557B7F0562597314DDA3A5F","decoded/32KiB/mr.decoded","32768","3BB287B0AF65F777AB00C14E362B4D1962087260556001BBEE0689AA10D9F76A","0.0413501","0.0485975","2.02734375","2.0234375","2.02734375","E65526F9DFF3F93844E004D63C7B2A4E4F219B5EAB3F1B3D3ABCF0B301F65003","profile_id=2;mode=fast;block_size=32768;zstd_level=3;lzma_level=9;threads=1;process_timeout_seconds=3600","""E:\MIXER\hybridzip\build\Release\hybridzip.exe"" c --profile=r2 --r2-mode=fast --block-size=32768 --zstd-level=3 ""E:\MIXER\hybridzip\results\experiments\hybridzip-r2-e6-fast-full-20260828-retry1\children\hybridzip-r2-e6-fast-full-20260828-retry1-fast-b32-r3\inputs\32KiB\mr.bin"" ""E:\MIXER\hybridzip\results\experiments\hybridzip-r2-e6-fast-full-20260828-retry1\children\hybridzip-r2-e6-fast-full-20260828-retry1-fast-b32-r3\archives\32KiB\mr.hz2""","""E:\MIXER\hybridzip\build\Release\hybridzip.exe"" d ""E:\MIXER\hybridzip\results\experiments\hybridzip-r2-e6-fast-full-20260828-retry1\children\hybridzip-r2-e6-fast-full-20260828-retry1-fast-b32-r3\archives\32KiB\mr.hz2"" ""E:\MIXER\hybridzip\results\experiments\hybridzip-r2-e6-fast-full-20260828-retry1\children\hybridzip-r2-e6-fast-full-20260828-retry1-fast-b32-r3\decoded\32KiB\mr.decoded""","0","0","2026-08-28T02:38:17.0314435+08:00","COMPLETE","PASS","zstd=1","Complete R2 archive size; SHA-256 byte-exact roundtrip verified."
"e6-fast","fast","32","3","False","0","0","none","hybridzip-r2-e6-fast-full-20260828-retry1-fast-b32-r3","r2-fast","1","8","mr","64","inputs/64KiB/mr.bin","65536","CAB7B6408934009A4BBFEDB57BEB4943BF5478CF8B3688D01F004E0422EBC651","archives/64KiB/mr.hz2","17564","E21D7226F618864BC7D0E02A03F8A38FB256CE422B1C9D4A6B40C19158DF4F2E","decoded/64KiB/mr.decoded","65536","CAB7B6408934009A4BBFEDB57BEB4943BF5478CF8B3688D01F004E0422EBC651","0.0425518","0.0505866","2.02734375","3.85546875","3.85546875","E65526F9DFF3F93844E004D63C7B2A4E4F219B5EAB3F1B3D3ABCF0B301F65003","profile_id=2;mode=fast;block_size=32768;zstd_level=3;lzma_level=9;threads=1;process_timeout_seconds=3600","""E:\MIXER\hybridzip\build\Release\hybridzip.exe"" c --profile=r2 --r2-mode=fast --block-size=32768 --zstd-level=3 ""E:\MIXER\hybridzip\results\experiments\hybridzip-r2-e6-fast-full-20260828-retry1\children\hybridzip-r2-e6-fast-full-20260828-retry1-fast-b32-r3\inputs\64KiB\mr.bin"" ""E:\MIXER\hybridzip\results\experiments\hybridzip-r2-e6-fast-full-20260828-retry1\children\hybridzip-r2-e6-fast-full-20260828-retry1-fast-b32-r3\archives\64KiB\mr.hz2""","""E:\MIXER\hybridzip\build\Release\hybridzip.exe"" d ""E:\MIXER\hybridzip\results\experiments\hybridzip-r2-e6-fast-full-20260828-retry1\children\hybridzip-r2-e6-fast-full-20260828-retry1-fast-b32-r3\archives\64KiB\mr.hz2"" ""E:\MIXER\hybridzip\results\experiments\hybridzip-r2-e6-fast-full-20260828-retry1\children\hybridzip-r2-e6-fast-full-20260828-retry1-fast-b32-r3\decoded\64KiB\mr.decoded""","0","0","2026-08-28T02:38:17.1866847+08:00","COMPLETE","PASS","zstd=2","Complete R2 archive size; SHA-256 byte-exact roundtrip verified."
"e6-fast","fast","32","3","False","0","0","none","hybridzip-r2-e6-fast-full-20260828-retry1-fast-b32-r3","r2-fast","1","9","mr","128","inputs/128KiB/mr.bin","131072","473A6A883480C7B2E69402AD888AC07B347C2DF61C6AA0D84E8B8130A27792EA","archives/128KiB/mr.hz2","34872","510A81515397A429B1136AA1F79A3AA0221BD56B7B6B8887A13DF9DFB31C9256","decoded/128KiB/mr.decoded","131072","473A6A883480C7B2E69402AD888AC07B347C2DF61C6AA0D84E8B8130A27792EA","0.0596467","0.0639467","2.02734375","4.48046875","4.48046875","E65526F9DFF3F93844E004D63C7B2A4E4F219B5EAB3F1B3D3ABCF0B301F65003","profile_id=2;mode=fast;block_size=32768;zstd_level=3;lzma_level=9;threads=1;process_timeout_seconds=3600","""E:\MIXER\hybridzip\build\Release\hybridzip.exe"" c --profile=r2 --r2-mode=fast --block-size=32768 --zstd-level=3 ""E:\MIXER\hybridzip\results\experiments\hybridzip-r2-e6-fast-full-20260828-retry1\children\hybridzip-r2-e6-fast-full-20260828-retry1-fast-b32-r3\inputs\128KiB\mr.bin"" ""E:\MIXER\hybridzip\results\experiments\hybridzip-r2-e6-fast-full-20260828-retry1\children\hybridzip-r2-e6-fast-full-20260828-retry1-fast-b32-r3\archives\128KiB\mr.hz2""","""E:\MIXER\hybridzip\build\Release\hybridzip.exe"" d ""E:\MIXER\hybridzip\results\experiments\hybridzip-r2-e6-fast-full-20260828-retry1\children\hybridzip-r2-e6-fast-full-20260828-retry1-fast-b32-r3\archives\128KiB\mr.hz2"" ""E:\MIXER\hybridzip\results\experiments\hybridzip-r2-e6-fast-full-20260828-retry1\children\hybridzip-r2-e6-fast-full-20260828-retry1-fast-b32-r3\decoded\128KiB\mr.decoded""","0","0","2026-08-28T02:38:17.3437066+08:00","COMPLETE","PASS","zstd=4","Complete R2 archive size; SHA-256 byte-exact roundtrip verified."
"e6-fast","fast","32","3","False","0","0","none","hybridzip-r2-e6-fast-full-20260828-retry1-fast-b32-r3","r2-fast","1","10","nci","32","inputs/32KiB/nci.bin","32768","0D3034FE8B0E573DE1439ED98CE409B83B13E5895085C9BFB0BF980F4962FB79","archives/32KiB/nci.hz2","3102","8E94CD5589355E5325EE90207883E91F269F448CF321C9C1F9E7D316D26DBED4","decoded/32KiB/nci.decoded","32768","0D3034FE8B0E573DE1439ED98CE409B83B13E5895085C9BFB0BF980F4962FB79","0.0394923","0.0431751","2.02734375","2.02734375","2.02734375","E65526F9DFF3F93844E004D63C7B2A4E4F219B5EAB3F1B3D3ABCF0B301F65003","profile_id=2;mode=fast;block_size=32768;zstd_level=3;lzma_level=9;threads=1;process_timeout_seconds=3600","""E:\MIXER\hybridzip\build\Release\hybridzip.exe"" c --profile=r2 --r2-mode=fast --block-size=32768 --zstd-level=3 ""E:\MIXER\hybridzip\results\experiments\hybridzip-r2-e6-fast-full-20260828-retry1\children\hybridzip-r2-e6-fast-full-20260828-retry1-fast-b32-r3\inputs\32KiB\nci.bin"" ""E:\MIXER\hybridzip\results\experiments\hybridzip-r2-e6-fast-full-20260828-retry1\children\hybridzip-r2-e6-fast-full-20260828-retry1-fast-b32-r3\archives\32KiB\nci.hz2""","""E:\MIXER\hybridzip\build\Release\hybridzip.exe"" d ""E:\MIXER\hybridzip\results\experiments\hybridzip-r2-e6-fast-full-20260828-retry1\children\hybridzip-r2-e6-fast-full-20260828-retry1-fast-b32-r3\archives\32KiB\nci.hz2"" ""E:\MIXER\hybridzip\results\experiments\hybridzip-r2-e6-fast-full-20260828-retry1\children\hybridzip-r2-e6-fast-full-20260828-retry1-fast-b32-r3\decoded\32KiB\nci.decoded""","0","0","2026-08-28T02:38:17.5338008+08:00","COMPLETE","PASS","zstd=1","Complete R2 archive size; SHA-256 byte-exact roundtrip verified."
"e6-fast","fast","32","3","False","0","0","none","hybridzip-r2-e6-fast-full-20260828-retry1-fast-b32-r3","r2-fast","1","11","nci","64","inputs/64KiB/nci.bin","65536","B01B411AC3B5CE2FBF37242C0C59D2D236D2F7039937C1B1A0F18F4CC02549FE","archives/64KiB/nci.hz2","5872","FD26CBD8F6EF3741EB45087E14241C456FAD7EC6E6867756007ED9E976026527","decoded/64KiB/nci.decoded","65536","B01B411AC3B5CE2FBF37242C0C59D2D236D2F7039937C1B1A0F18F4CC02549FE","0.0596964","0.0624741","2.02734375","4.41015625","4.41015625","E65526F9DFF3F93844E004D63C7B2A4E4F219B5EAB3F1B3D3ABCF0B301F65003","profile_id=2;mode=fast;block_size=32768;zstd_level=3;lzma_level=9;threads=1;process_timeout_seconds=3600","""E:\MIXER\hybridzip\build\Release\hybridzip.exe"" c --profile=r2 --r2-mode=fast --block-size=32768 --zstd-level=3 ""E:\MIXER\hybridzip\results\experiments\hybridzip-r2-e6-fast-full-20260828-retry1\children\hybridzip-r2-e6-fast-full-20260828-retry1-fast-b32-r3\inputs\64KiB\nci.bin"" ""E:\MIXER\hybridzip\results\experiments\hybridzip-r2-e6-fast-full-20260828-retry1\children\hybridzip-r2-e6-fast-full-20260828-retry1-fast-b32-r3\archives\64KiB\nci.hz2""","""E:\MIXER\hybridzip\build\Release\hybridzip.exe"" d ""E:\MIXER\hybridzip\results\experiments\hybridzip-r2-e6-fast-full-20260828-retry1\children\hybridzip-r2-e6-fast-full-20260828-retry1-fast-b32-r3\archives\64KiB\nci.hz2"" ""E:\MIXER\hybridzip\results\experiments\hybridzip-r2-e6-fast-full-20260828-retry1\children\hybridzip-r2-e6-fast-full-20260828-retry1-fast-b32-r3\decoded\64KiB\nci.decoded""","0","0","2026-08-28T02:38:17.6879023+08:00","COMPLETE","PASS","zstd=2","Complete R2 archive size; SHA-256 byte-exact roundtrip verified."
"e6-fast","fast","32","3","False","0","0","none","hybridzip-r2-e6-fast-full-20260828-retry1-fast-b32-r3","r2-fast","1","12","nci","128","inputs/128KiB/nci.bin","131072","C8A1D610355E5EF900ED4C704DF14ADF1935D95DFD8F1740AC9FD90FC9BF5781","archives/128KiB/nci.hz2","12792","327FE2D84007F320D98BC81A66BBBA4986F81157939181D07BF4C0CB6EBAA2BF","decoded/128KiB/nci.decoded","131072","C8A1D610355E5EF900ED4C704DF14ADF1935D95DFD8F1740AC9FD90FC9BF5781","0.059067","0.0666853","2.02734375","4.48828125","4.48828125","E65526F9DFF3F93844E004D63C7B2A4E4F219B5EAB3F1B3D3ABCF0B301F65003","profile_id=2;mode=fast;block_size=32768;zstd_level=3;lzma_level=9;threads=1;process_timeout_seconds=3600","""E:\MIXER\hybridzip\build\Release\hybridzip.exe"" c --profile=r2 --r2-mode=fast --block-size=32768 --zstd-level=3 ""E:\MIXER\hybridzip\results\experiments\hybridzip-r2-e6-fast-full-20260828-retry1\children\hybridzip-r2-e6-fast-full-20260828-retry1-fast-b32-r3\inputs\128KiB\nci.bin"" ""E:\MIXER\hybridzip\results\experiments\hybridzip-r2-e6-fast-full-20260828-retry1\children\hybridzip-r2-e6-fast-full-20260828-retry1-fast-b32-r3\archives\128KiB\nci.hz2""","""E:\MIXER\hybridzip\build\Release\hybridzip.exe"" d ""E:\MIXER\hybridzip\results\experiments\hybridzip-r2-e6-fast-full-20260828-retry1\children\hybridzip-r2-e6-fast-full-20260828-retry1-fast-b32-r3\archives\128KiB\nci.hz2"" ""E:\MIXER\hybridzip\results\experiments\hybridzip-r2-e6-fast-full-20260828-retry1\children\hybridzip-r2-e6-fast-full-20260828-retry1-fast-b32-r3\decoded\128KiB\nci.decoded""","0","0","2026-08-28T02:38:17.8750423+08:00","COMPLETE","PASS","zstd=4","Complete R2 archive size; SHA-256 byte-exact roundtrip verified."
"e6-fast","fast","32","3","False","0","0","none","hybridzip-r2-e6-fast-full-20260828-retry1-fast-b32-r3","r2-fast","1","13","ooffice","32","inputs/32KiB/ooffice.bin","32768","2ACF9B4CAAEAC5814CDFEF0FA48A5ECE857C847DBDB7B44EEAB95CA3C098921C","archives/32KiB/ooffice.hz2","14873","6B109265F2C2478A5603938689D7FC10FEDE2E3807BA6607C3D82DC4A1DE81AB","decoded/32KiB/ooffice.decoded","32768","2ACF9B4CAAEAC5814CDFEF0FA48A5ECE857C847DBDB7B44EEAB95CA3C098921C","0.0684223","0.0463924","2.0234375","4.21875","4.21875","E65526F9DFF3F93844E004D63C7B2A4E4F219B5EAB3F1B3D3ABCF0B301F65003","profile_id=2;mode=fast;block_size=32768;zstd_level=3;lzma_level=9;threads=1;process_timeout_seconds=3600","""E:\MIXER\hybridzip\build\Release\hybridzip.exe"" c --profile=r2 --r2-mode=fast --block-size=32768 --zstd-level=3 ""E:\MIXER\hybridzip\results\experiments\hybridzip-r2-e6-fast-full-20260828-retry1\children\hybridzip-r2-e6-fast-full-20260828-retry1-fast-b32-r3\inputs\32KiB\ooffice.bin"" ""E:\MIXER\hybridzip\results\experiments\hybridzip-r2-e6-fast-full-20260828-retry1\children\hybridzip-r2-e6-fast-full-20260828-retry1-fast-b32-r3\archives\32KiB\ooffice.hz2""","""E:\MIXER\hybridzip\build\Release\hybridzip.exe"" d ""E:\MIXER\hybridzip\results\experiments\hybridzip-r2-e6-fast-full-20260828-retry1\children\hybridzip-r2-e6-fast-full-20260828-retry1-fast-b32-r3\archives\32KiB\ooffice.hz2"" ""E:\MIXER\hybridzip\results\experiments\hybridzip-r2-e6-fast-full-20260828-retry1\children\hybridzip-r2-e6-fast-full-20260828-retry1-fast-b32-r3\decoded\32KiB\ooffice.decoded""","0","0","2026-08-28T02:38:18.0675209+08:00","COMPLETE","PASS","zstd=1","Complete R2 archive size; SHA-256 byte-exact roundtrip verified."
"e6-fast","fast","32","3","False","0","0","none","hybridzip-r2-e6-fast-full-20260828-retry1-fast-b32-r3","r2-fast","1","14","ooffice","64","inputs/64KiB/ooffice.bin","65536","9D30521922187D0A26F56CF2DF85001F9585D0D4EC6A0A8797466AFCC367F825","archives/64KiB/ooffice.hz2","34744","9D8264B90CB73FD319F25A7137E76959F082985E84FB779707BEE15A732785FA","decoded/64KiB/ooffice.decoded","65536","9D30521922187D0A26F56CF2DF85001F9585D0D4EC6A0A8797466AFCC367F825","0.0383547","0.0506376","2.02734375","2.02734375","2.02734375","E65526F9DFF3F93844E004D63C7B2A4E4F219B5EAB3F1B3D3ABCF0B301F65003","profile_id=2;mode=fast;block_size=32768;zstd_level=3;lzma_level=9;threads=1;process_timeout_seconds=3600","""E:\MIXER\hybridzip\build\Release\hybridzip.exe"" c --profile=r2 --r2-mode=fast --block-size=32768 --zstd-level=3 ""E:\MIXER\hybridzip\results\experiments\hybridzip-r2-e6-fast-full-20260828-retry1\children\hybridzip-r2-e6-fast-full-20260828-retry1-fast-b32-r3\inputs\64KiB\ooffice.bin"" ""E:\MIXER\hybridzip\results\experiments\hybridzip-r2-e6-fast-full-20260828-retry1\children\hybridzip-r2-e6-fast-full-20260828-retry1-fast-b32-r3\archives\64KiB\ooffice.hz2""","""E:\MIXER\hybridzip\build\Release\hybridzip.exe"" d ""E:\MIXER\hybridzip\results\experiments\hybridzip-r2-e6-fast-full-20260828-retry1\children\hybridzip-r2-e6-fast-full-20260828-retry1-fast-b32-r3\archives\64KiB\ooffice.hz2"" ""E:\MIXER\hybridzip\results\experiments\hybridzip-r2-e6-fast-full-20260828-retry1\children\hybridzip-r2-e6-fast-full-20260828-retry1-fast-b32-r3\decoded\64KiB\ooffice.decoded""","0","0","2026-08-28T02:38:18.2745031+08:00","COMPLETE","PASS","zstd=2","Complete R2 archive size; SHA-256 byte-exact roundtrip verified."
"e6-fast","fast","32","3","False","0","0","none","hybridzip-r2-e6-fast-full-20260828-retry1-fast-b32-r3","r2-fast","1","15","ooffice","128","inputs/128KiB/ooffice.bin","131072","09FA5F3EE5311528863F8C3FADA3B530CC24AC1D88128E4DB2BF434161879FEF","archives/128KiB/ooffice.hz2","74600","77310573993EBC0682FF30F16CFABA38A40DAC898AF7B67778539111EFED2D20","decoded/128KiB/ooffice.decoded","131072","09FA5F3EE5311528863F8C3FADA3B530CC24AC1D88128E4DB2BF434161879FEF","0.0430637","0.0503793","2.02734375","2.02734375","2.02734375","E65526F9DFF3F93844E004D63C7B2A4E4F219B5EAB3F1B3D3ABCF0B301F65003","profile_id=2;mode=fast;block_size=32768;zstd_level=3;lzma_level=9;threads=1;process_timeout_seconds=3600","""E:\MIXER\hybridzip\build\Release\hybridzip.exe"" c --profile=r2 --r2-mode=fast --block-size=32768 --zstd-level=3 ""E:\MIXER\hybridzip\results\experiments\hybridzip-r2-e6-fast-full-20260828-retry1\children\hybridzip-r2-e6-fast-full-20260828-retry1-fast-b32-r3\inputs\128KiB\ooffice.bin"" ""E:\MIXER\hybridzip\results\experiments\hybridzip-r2-e6-fast-full-20260828-retry1\children\hybridzip-r2-e6-fast-full-20260828-retry1-fast-b32-r3\archives\128KiB\ooffice.hz2""","""E:\MIXER\hybridzip\build\Release\hybridzip.exe"" d ""E:\MIXER\hybridzip\results\experiments\hybridzip-r2-e6-fast-full-20260828-retry1\children\hybridzip-r2-e6-fast-full-20260828-retry1-fast-b32-r3\archives\128KiB\ooffice.hz2"" ""E:\MIXER\hybridzip\results\experiments\hybridzip-r2-e6-fast-full-20260828-retry1\children\hybridzip-r2-e6-fast-full-20260828-retry1-fast-b32-r3\decoded\128KiB\ooffice.decoded""","0","0","2026-08-28T02:38:18.4428195+08:00","COMPLETE","PASS","zstd=4","Complete R2 archive size; SHA-256 byte-exact roundtrip verified."
"e6-fast","fast","32","3","False","0","0","none","hybridzip-r2-e6-fast-full-20260828-retry1-fast-b32-r3","r2-fast","1","16","osdb","32","inputs/32KiB/osdb.bin","32768","03B2C20B777682CD960BCD893D7A4463161D9C0200FD1708B2EFAE32A259D0B7","archives/32KiB/osdb.hz2","15697","6AAF56B2C8C29F7E26C3C45D15FAC2C8D4FEC3EB357F4B31B097E9A5B0F50A81","decoded/32KiB/osdb.decoded","32768","03B2C20B777682CD960BCD893D7A4463161D9C0200FD1708B2EFAE32A259D0B7","0.0441952","0.0443698","2.02734375","3.8828125","3.8828125","E65526F9DFF3F93844E004D63C7B2A4E4F219B5EAB3F1B3D3ABCF0B301F65003","profile_id=2;mode=fast;block_size=32768;zstd_level=3;lzma_level=9;threads=1;process_timeout_seconds=3600","""E:\MIXER\hybridzip\build\Release\hybridzip.exe"" c --profile=r2 --r2-mode=fast --block-size=32768 --zstd-level=3 ""E:\MIXER\hybridzip\results\experiments\hybridzip-r2-e6-fast-full-20260828-retry1\children\hybridzip-r2-e6-fast-full-20260828-retry1-fast-b32-r3\inputs\32KiB\osdb.bin"" ""E:\MIXER\hybridzip\results\experiments\hybridzip-r2-e6-fast-full-20260828-retry1\children\hybridzip-r2-e6-fast-full-20260828-retry1-fast-b32-r3\archives\32KiB\osdb.hz2""","""E:\MIXER\hybridzip\build\Release\hybridzip.exe"" d ""E:\MIXER\hybridzip\results\experiments\hybridzip-r2-e6-fast-full-20260828-retry1\children\hybridzip-r2-e6-fast-full-20260828-retry1-fast-b32-r3\archives\32KiB\osdb.hz2"" ""E:\MIXER\hybridzip\results\experiments\hybridzip-r2-e6-fast-full-20260828-retry1\children\hybridzip-r2-e6-fast-full-20260828-retry1-fast-b32-r3\decoded\32KiB\osdb.decoded""","0","0","2026-08-28T02:38:18.6166200+08:00","COMPLETE","PASS","zstd=1","Complete R2 archive size; SHA-256 byte-exact roundtrip verified."
"e6-fast","fast","32","3","False","0","0","none","hybridzip-r2-e6-fast-full-20260828-retry1-fast-b32-r3","r2-fast","1","17","osdb","64","inputs/64KiB/osdb.bin","65536","F8FE629325A07588118BA0B65880A87DED43EF249CCBC91F0E977BBACAE0C125","archives/64KiB/osdb.hz2","31473","09B3F2CC7166DEB69293216D90F87990CE2FFFB57197B164C5425BDD1A9FE3E0","decoded/64KiB/osdb.decoded","65536","F8FE629325A07588118BA0B65880A87DED43EF249CCBC91F0E977BBACAE0C125","0.0438322","0.0504855","2.02734375","2.0234375","2.02734375","E65526F9DFF3F93844E004D63C7B2A4E4F219B5EAB3F1B3D3ABCF0B301F65003","profile_id=2;mode=fast;block_size=32768;zstd_level=3;lzma_level=9;threads=1;process_timeout_seconds=3600","""E:\MIXER\hybridzip\build\Release\hybridzip.exe"" c --profile=r2 --r2-mode=fast --block-size=32768 --zstd-level=3 ""E:\MIXER\hybridzip\results\experiments\hybridzip-r2-e6-fast-full-20260828-retry1\children\hybridzip-r2-e6-fast-full-20260828-retry1-fast-b32-r3\inputs\64KiB\osdb.bin"" ""E:\MIXER\hybridzip\results\experiments\hybridzip-r2-e6-fast-full-20260828-retry1\children\hybridzip-r2-e6-fast-full-20260828-retry1-fast-b32-r3\archives\64KiB\osdb.hz2""","""E:\MIXER\hybridzip\build\Release\hybridzip.exe"" d ""E:\MIXER\hybridzip\results\experiments\hybridzip-r2-e6-fast-full-20260828-retry1\children\hybridzip-r2-e6-fast-full-20260828-retry1-fast-b32-r3\archives\64KiB\osdb.hz2"" ""E:\MIXER\hybridzip\results\experiments\hybridzip-r2-e6-fast-full-20260828-retry1\children\hybridzip-r2-e6-fast-full-20260828-retry1-fast-b32-r3\decoded\64KiB\osdb.decoded""","0","0","2026-08-28T02:38:18.7721888+08:00","COMPLETE","PASS","zstd=2","Complete R2 archive size; SHA-256 byte-exact roundtrip verified."
"e6-fast","fast","32","3","False","0","0","none","hybridzip-r2-e6-fast-full-20260828-retry1-fast-b32-r3","r2-fast","1","18","osdb","128","inputs/128KiB/osdb.bin","131072","D977E72AE13AEFC36A4B6171A895E26A0E6EEE447B1B9FBE868D7B1C046CC91F","archives/128KiB/osdb.hz2","62972","CB536DA6A28FFC75DA334B77116C8B342339C9FD2A6DC424E676EBE4D854012E","decoded/128KiB/osdb.decoded","131072","D977E72AE13AEFC36A4B6171A895E26A0E6EEE447B1B9FBE868D7B1C046CC91F","0.0420074","0.0471997","2.02734375","4.47265625","4.47265625","E65526F9DFF3F93844E004D63C7B2A4E4F219B5EAB3F1B3D3ABCF0B301F65003","profile_id=2;mode=fast;block_size=32768;zstd_level=3;lzma_level=9;threads=1;process_timeout_seconds=3600","""E:\MIXER\hybridzip\build\Release\hybridzip.exe"" c --profile=r2 --r2-mode=fast --block-size=32768 --zstd-level=3 ""E:\MIXER\hybridzip\results\experiments\hybridzip-r2-e6-fast-full-20260828-retry1\children\hybridzip-r2-e6-fast-full-20260828-retry1-fast-b32-r3\inputs\128KiB\osdb.bin"" ""E:\MIXER\hybridzip\results\experiments\hybridzip-r2-e6-fast-full-20260828-retry1\children\hybridzip-r2-e6-fast-full-20260828-retry1-fast-b32-r3\archives\128KiB\osdb.hz2""","""E:\MIXER\hybridzip\build\Release\hybridzip.exe"" d ""E:\MIXER\hybridzip\results\experiments\hybridzip-r2-e6-fast-full-20260828-retry1\children\hybridzip-r2-e6-fast-full-20260828-retry1-fast-b32-r3\archives\128KiB\osdb.hz2"" ""E:\MIXER\hybridzip\results\experiments\hybridzip-r2-e6-fast-full-20260828-retry1\children\hybridzip-r2-e6-fast-full-20260828-retry1-fast-b32-r3\decoded\128KiB\osdb.decoded""","0","0","2026-08-28T02:38:18.9315562+08:00","COMPLETE","PASS","zstd=4","Complete R2 archive size; SHA-256 byte-exact roundtrip verified."
"e6-fast","fast","32","3","False","0","0","none","hybridzip-r2-e6-fast-full-20260828-retry1-fast-b32-r3","r2-fast","1","19","reymont","32","inputs/32KiB/reymont.bin","32768","9D5E4B9340C2260DAE7DDB01B3EDA58236FF2DE5E1FF4D56767AA840B6FB1A87","archives/32KiB/reymont.hz2","10573","D7DE1A241CF472F3E341EAFCCA07F42F7489F47776E49F86335093A29C57592D","decoded/32KiB/reymont.decoded","32768","9D5E4B9340C2260DAE7DDB01B3EDA58236FF2DE5E1FF4D56767AA840B6FB1A87","0.0413915","0.0494318","2.02734375","2.02734375","2.02734375","E65526F9DFF3F93844E004D63C7B2A4E4F219B5EAB3F1B3D3ABCF0B301F65003","profile_id=2;mode=fast;block_size=32768;zstd_level=3;lzma_level=9;threads=1;process_timeout_seconds=3600","""E:\MIXER\hybridzip\build\Release\hybridzip.exe"" c --profile=r2 --r2-mode=fast --block-size=32768 --zstd-level=3 ""E:\MIXER\hybridzip\results\experiments\hybridzip-r2-e6-fast-full-20260828-retry1\children\hybridzip-r2-e6-fast-full-20260828-retry1-fast-b32-r3\inputs\32KiB\reymont.bin"" ""E:\MIXER\hybridzip\results\experiments\hybridzip-r2-e6-fast-full-20260828-retry1\children\hybridzip-r2-e6-fast-full-20260828-retry1-fast-b32-r3\archives\32KiB\reymont.hz2""","""E:\MIXER\hybridzip\build\Release\hybridzip.exe"" d ""E:\MIXER\hybridzip\results\experiments\hybridzip-r2-e6-fast-full-20260828-retry1\children\hybridzip-r2-e6-fast-full-20260828-retry1-fast-b32-r3\archives\32KiB\reymont.hz2"" ""E:\MIXER\hybridzip\results\experiments\hybridzip-r2-e6-fast-full-20260828-retry1\children\hybridzip-r2-e6-fast-full-20260828-retry1-fast-b32-r3\decoded\32KiB\reymont.decoded""","0","0","2026-08-28T02:38:19.0866939+08:00","COMPLETE","PASS","zstd=1","Complete R2 archive size; SHA-256 byte-exact roundtrip verified."
"e6-fast","fast","32","3","False","0","0","none","hybridzip-r2-e6-fast-full-20260828-retry1-fast-b32-r3","r2-fast","1","20","reymont","64","inputs/64KiB/reymont.bin","65536","A5ECAAABB133F1ADF8DE6062BE6381D143E87F9F8050EEA9B5BE6F92B88C3C22","archives/64KiB/reymont.hz2","21488","2DDC396820CAF609EF8A8918B1922153D9C85C30293D67E10357ED549C24246D","decoded/64KiB/reymont.decoded","65536","A5ECAAABB133F1ADF8DE6062BE6381D143E87F9F8050EEA9B5BE6F92B88C3C22","0.0548465","0.0499141","2.02734375","4.49609375","4.49609375","E65526F9DFF3F93844E004D63C7B2A4E4F219B5EAB3F1B3D3ABCF0B301F65003","profile_id=2;mode=fast;block_size=32768;zstd_level=3;lzma_level=9;threads=1;process_timeout_seconds=3600","""E:\MIXER\hybridzip\build\Release\hybridzip.exe"" c --profile=r2 --r2-mode=fast --block-size=32768 --zstd-level=3 ""E:\MIXER\hybridzip\results\experiments\hybridzip-r2-e6-fast-full-20260828-retry1\children\hybridzip-r2-e6-fast-full-20260828-retry1-fast-b32-r3\inputs\64KiB\reymont.bin"" ""E:\MIXER\hybridzip\results\experiments\hybridzip-r2-e6-fast-full-20260828-retry1\children\hybridzip-r2-e6-fast-full-20260828-retry1-fast-b32-r3\archives\64KiB\reymont.hz2""","""E:\MIXER\hybridzip\build\Release\hybridzip.exe"" d ""E:\MIXER\hybridzip\results\experiments\hybridzip-r2-e6-fast-full-20260828-retry1\children\hybridzip-r2-e6-fast-full-20260828-retry1-fast-b32-r3\archives\64KiB\reymont.hz2"" ""E:\MIXER\hybridzip\results\experiments\hybridzip-r2-e6-fast-full-20260828-retry1\children\hybridzip-r2-e6-fast-full-20260828-retry1-fast-b32-r3\decoded\64KiB\reymont.decoded""","0","0","2026-08-28T02:38:19.2452583+08:00","COMPLETE","PASS","zstd=2","Complete R2 archive size; SHA-256 byte-exact roundtrip verified."
"e6-fast","fast","32","3","False","0","0","none","hybridzip-r2-e6-fast-full-20260828-retry1-fast-b32-r3","r2-fast","1","21","reymont","128","inputs/128KiB/reymont.bin","131072","A6CA7478854C1E80DFEAF9FB3444B357F9D7625E55232FAE3B3632A5A1217DEA","archives/128KiB/reymont.hz2","43664","0B84E4985DCEDFEB986E3D49F9B1EAB77990EAC8A6EA8D3ADA471D0277217185","decoded/128KiB/reymont.decoded","131072","A6CA7478854C1E80DFEAF9FB3444B357F9D7625E55232FAE3B3632A5A1217DEA","0.0430896","0.04808","2.02734375","4.46484375","4.46484375","E65526F9DFF3F93844E004D63C7B2A4E4F219B5EAB3F1B3D3ABCF0B301F65003","profile_id=2;mode=fast;block_size=32768;zstd_level=3;lzma_level=9;threads=1;process_timeout_seconds=3600","""E:\MIXER\hybridzip\build\Release\hybridzip.exe"" c --profile=r2 --r2-mode=fast --block-size=32768 --zstd-level=3 ""E:\MIXER\hybridzip\results\experiments\hybridzip-r2-e6-fast-full-20260828-retry1\children\hybridzip-r2-e6-fast-full-20260828-retry1-fast-b32-r3\inputs\128KiB\reymont.bin"" ""E:\MIXER\hybridzip\results\experiments\hybridzip-r2-e6-fast-full-20260828-retry1\children\hybridzip-r2-e6-fast-full-20260828-retry1-fast-b32-r3\archives\128KiB\reymont.hz2""","""E:\MIXER\hybridzip\build\Release\hybridzip.exe"" d ""E:\MIXER\hybridzip\results\experiments\hybridzip-r2-e6-fast-full-20260828-retry1\children\hybridzip-r2-e6-fast-full-20260828-retry1-fast-b32-r3\archives\128KiB\reymont.hz2"" ""E:\MIXER\hybridzip\results\experiments\hybridzip-r2-e6-fast-full-20260828-retry1\children\hybridzip-r2-e6-fast-full-20260828-retry1-fast-b32-r3\decoded\128KiB\reymont.decoded""","0","0","2026-08-28T02:38:19.4168742+08:00","COMPLETE","PASS","zstd=4","Complete R2 archive size; SHA-256 byte-exact roundtrip verified."
"e6-fast","fast","32","3","False","0","0","none","hybridzip-r2-e6-fast-full-20260828-retry1-fast-b32-r3","r2-fast","1","22","samba","32","inputs/32KiB/samba.bin","32768","9C4F5BEE544E4531E4946E62F796987418B4526911C34877EF282F14DD57AD12","archives/32KiB/samba.hz2","11947","D658A17E69651E3918699968AC11F95C6F63EBBC5C4BE0E343665F3CF941BEBD","decoded/32KiB/samba.decoded","32768","9C4F5BEE544E4531E4946E62F796987418B4526911C34877EF282F14DD57AD12","0.0451607","0.0496673","2.38671875","2.01953125","2.38671875","E65526F9DFF3F93844E004D63C7B2A4E4F219B5EAB3F1B3D3ABCF0B301F65003","profile_id=2;mode=fast;block_size=32768;zstd_level=3;lzma_level=9;threads=1;process_timeout_seconds=3600","""E:\MIXER\hybridzip\build\Release\hybridzip.exe"" c --profile=r2 --r2-mode=fast --block-size=32768 --zstd-level=3 ""E:\MIXER\hybridzip\results\experiments\hybridzip-r2-e6-fast-full-20260828-retry1\children\hybridzip-r2-e6-fast-full-20260828-retry1-fast-b32-r3\inputs\32KiB\samba.bin"" ""E:\MIXER\hybridzip\results\experiments\hybridzip-r2-e6-fast-full-20260828-retry1\children\hybridzip-r2-e6-fast-full-20260828-retry1-fast-b32-r3\archives\32KiB\samba.hz2""","""E:\MIXER\hybridzip\build\Release\hybridzip.exe"" d ""E:\MIXER\hybridzip\results\experiments\hybridzip-r2-e6-fast-full-20260828-retry1\children\hybridzip-r2-e6-fast-full-20260828-retry1-fast-b32-r3\archives\32KiB\samba.hz2"" ""E:\MIXER\hybridzip\results\experiments\hybridzip-r2-e6-fast-full-20260828-retry1\children\hybridzip-r2-e6-fast-full-20260828-retry1-fast-b32-r3\decoded\32KiB\samba.decoded""","0","0","2026-08-28T02:38:19.5757810+08:00","COMPLETE","PASS","zstd=1","Complete R2 archive size; SHA-256 byte-exact roundtrip verified."
"e6-fast","fast","32","3","False","0","0","none","hybridzip-r2-e6-fast-full-20260828-retry1-fast-b32-r3","r2-fast","1","23","samba","64","inputs/64KiB/samba.bin","65536","3E0420984C0F260EA7350734600CEA9D8500B745E2E4B7DBD4D1DA1D1ADAC421","archives/64KiB/samba.hz2","23979","57A3DB9A8A6C9389100D05EB395B744B9AFAF3C0A7179C5A78ADE864FE050657","decoded/64KiB/samba.decoded","65536","3E0420984C0F260EA7350734600CEA9D8500B745E2E4B7DBD4D1DA1D1ADAC421","0.043058","0.0485617","2.02734375","4.50390625","4.50390625","E65526F9DFF3F93844E004D63C7B2A4E4F219B5EAB3F1B3D3ABCF0B301F65003","profile_id=2;mode=fast;block_size=32768;zstd_level=3;lzma_level=9;threads=1;process_timeout_seconds=3600","""E:\MIXER\hybridzip\build\Release\hybridzip.exe"" c --profile=r2 --r2-mode=fast --block-size=32768 --zstd-level=3 ""E:\MIXER\hybridzip\results\experiments\hybridzip-r2-e6-fast-full-20260828-retry1\children\hybridzip-r2-e6-fast-full-20260828-retry1-fast-b32-r3\inputs\64KiB\samba.bin"" ""E:\MIXER\hybridzip\results\experiments\hybridzip-r2-e6-fast-full-20260828-retry1\children\hybridzip-r2-e6-fast-full-20260828-retry1-fast-b32-r3\archives\64KiB\samba.hz2""","""E:\MIXER\hybridzip\build\Release\hybridzip.exe"" d ""E:\MIXER\hybridzip\results\experiments\hybridzip-r2-e6-fast-full-20260828-retry1\children\hybridzip-r2-e6-fast-full-20260828-retry1-fast-b32-r3\archives\64KiB\samba.hz2"" ""E:\MIXER\hybridzip\results\experiments\hybridzip-r2-e6-fast-full-20260828-retry1\children\hybridzip-r2-e6-fast-full-20260828-retry1-fast-b32-r3\decoded\64KiB\samba.decoded""","0","0","2026-08-28T02:38:19.7339200+08:00","COMPLETE","PASS","zstd=2","Complete R2 archive size; SHA-256 byte-exact roundtrip verified."
"e6-fast","fast","32","3","False","0","0","none","hybridzip-r2-e6-fast-full-20260828-retry1-fast-b32-r3","r2-fast","1","24","samba","128","inputs/128KiB/samba.bin","131072","F3B8C4AD35BC6CF21977895D6F04A22B1422605942FA5AFE35CE28B2A221D7E8","archives/128KiB/samba.hz2","49050","87A56F831A6C642D16FDA005208AE668C6A8B88589EBFDE3E6204F56A5AB8B59","decoded/128KiB/samba.decoded","131072","F3B8C4AD35BC6CF21977895D6F04A22B1422605942FA5AFE35CE28B2A221D7E8","0.056268","0.0490431","2.02734375","4.4765625","4.4765625","E65526F9DFF3F93844E004D63C7B2A4E4F219B5EAB3F1B3D3ABCF0B301F65003","profile_id=2;mode=fast;block_size=32768;zstd_level=3;lzma_level=9;threads=1;process_timeout_seconds=3600","""E:\MIXER\hybridzip\build\Release\hybridzip.exe"" c --profile=r2 --r2-mode=fast --block-size=32768 --zstd-level=3 ""E:\MIXER\hybridzip\results\experiments\hybridzip-r2-e6-fast-full-20260828-retry1\children\hybridzip-r2-e6-fast-full-20260828-retry1-fast-b32-r3\inputs\128KiB\samba.bin"" ""E:\MIXER\hybridzip\results\experiments\hybridzip-r2-e6-fast-full-20260828-retry1\children\hybridzip-r2-e6-fast-full-20260828-retry1-fast-b32-r3\archives\128KiB\samba.hz2""","""E:\MIXER\hybridzip\build\Release\hybridzip.exe"" d ""E:\MIXER\hybridzip\results\experiments\hybridzip-r2-e6-fast-full-20260828-retry1\children\hybridzip-r2-e6-fast-full-20260828-retry1-fast-b32-r3\archives\128KiB\samba.hz2"" ""E:\MIXER\hybridzip\results\experiments\hybridzip-r2-e6-fast-full-20260828-retry1\children\hybridzip-r2-e6-fast-full-20260828-retry1-fast-b32-r3\decoded\128KiB\samba.decoded""","0","0","2026-08-28T02:38:19.8906990+08:00","COMPLETE","PASS","zstd=4","Complete R2 archive size; SHA-256 byte-exact roundtrip verified."
"e6-fast","fast","32","3","False","0","0","none","hybridzip-r2-e6-fast-full-20260828-retry1-fast-b32-r3","r2-fast","1","25","sao","32","inputs/32KiB/sao.bin","32768","95677430CAD4F000506BC5EE22815C3F4E13D64B477ED506B78D5D9ACFB50CCD","archives/32KiB/sao.hz2","26959","BF5BCD7A53B632BFE13B636EB7CF324876A5CFB7F6A816AE9BFBEAE12FEC099B","decoded/32KiB/sao.decoded","32768","95677430CAD4F000506BC5EE22815C3F4E13D64B477ED506B78D5D9ACFB50CCD","0.0432408","0.0473488","2.02734375","4.2421875","4.2421875","E65526F9DFF3F93844E004D63C7B2A4E4F219B5EAB3F1B3D3ABCF0B301F65003","profile_id=2;mode=fast;block_size=32768;zstd_level=3;lzma_level=9;threads=1;process_timeout_seconds=3600","""E:\MIXER\hybridzip\build\Release\hybridzip.exe"" c --profile=r2 --r2-mode=fast --block-size=32768 --zstd-level=3 ""E:\MIXER\hybridzip\results\experiments\hybridzip-r2-e6-fast-full-20260828-retry1\children\hybridzip-r2-e6-fast-full-20260828-retry1-fast-b32-r3\inputs\32KiB\sao.bin"" ""E:\MIXER\hybridzip\results\experiments\hybridzip-r2-e6-fast-full-20260828-retry1\children\hybridzip-r2-e6-fast-full-20260828-retry1-fast-b32-r3\archives\32KiB\sao.hz2""","""E:\MIXER\hybridzip\build\Release\hybridzip.exe"" d ""E:\MIXER\hybridzip\results\experiments\hybridzip-r2-e6-fast-full-20260828-retry1\children\hybridzip-r2-e6-fast-full-20260828-retry1-fast-b32-r3\archives\32KiB\sao.hz2"" ""E:\MIXER\hybridzip\results\experiments\hybridzip-r2-e6-fast-full-20260828-retry1\children\hybridzip-r2-e6-fast-full-20260828-retry1-fast-b32-r3\decoded\32KiB\sao.decoded""","0","0","2026-08-28T02:38:20.0611179+08:00","COMPLETE","PASS","zstd=1","Complete R2 archive size; SHA-256 byte-exact roundtrip verified."
"e6-fast","fast","32","3","False","0","0","none","hybridzip-r2-e6-fast-full-20260828-retry1-fast-b32-r3","r2-fast","1","26","sao","64","inputs/64KiB/sao.bin","65536","17CBD7166A47786139F60BA33B4E771CE0154F6FA56986883D129BC23F78EBEE","archives/64KiB/sao.hz2","53996","88EDFAAA028F6DB1D1B3FAC52078FB4C6501342F6C5D649F10F0EA339C09C9A1","decoded/64KiB/sao.decoded","65536","17CBD7166A47786139F60BA33B4E771CE0154F6FA56986883D129BC23F78EBEE","0.0434831","0.0467658","2.02734375","2.02734375","2.02734375","E65526F9DFF3F93844E004D63C7B2A4E4F219B5EAB3F1B3D3ABCF0B301F65003","profile_id=2;mode=fast;block_size=32768;zstd_level=3;lzma_level=9;threads=1;process_timeout_seconds=3600","""E:\MIXER\hybridzip\build\Release\hybridzip.exe"" c --profile=r2 --r2-mode=fast --block-size=32768 --zstd-level=3 ""E:\MIXER\hybridzip\results\experiments\hybridzip-r2-e6-fast-full-20260828-retry1\children\hybridzip-r2-e6-fast-full-20260828-retry1-fast-b32-r3\inputs\64KiB\sao.bin"" ""E:\MIXER\hybridzip\results\experiments\hybridzip-r2-e6-fast-full-20260828-retry1\children\hybridzip-r2-e6-fast-full-20260828-retry1-fast-b32-r3\archives\64KiB\sao.hz2""","""E:\MIXER\hybridzip\build\Release\hybridzip.exe"" d ""E:\MIXER\hybridzip\results\experiments\hybridzip-r2-e6-fast-full-20260828-retry1\children\hybridzip-r2-e6-fast-full-20260828-retry1-fast-b32-r3\archives\64KiB\sao.hz2"" ""E:\MIXER\hybridzip\results\experiments\hybridzip-r2-e6-fast-full-20260828-retry1\children\hybridzip-r2-e6-fast-full-20260828-retry1-fast-b32-r3\decoded\64KiB\sao.decoded""","0","0","2026-08-28T02:38:20.2163534+08:00","COMPLETE","PASS","zstd=2","Complete R2 archive size; SHA-256 byte-exact roundtrip verified."
"e6-fast","fast","32","3","False","0","0","none","hybridzip-r2-e6-fast-full-20260828-retry1-fast-b32-r3","r2-fast","1","27","sao","128","inputs/128KiB/sao.bin","131072","75E535B42DB7505118D8B19C7C42C1F49C5542ADDC9DBC13383953659F675CE0","archives/128KiB/sao.hz2","108221","7243F72B7AA1F6B3910BEEDE10284794C1B5C5EE085B023666093D5F9AC6BEB9","decoded/128KiB/sao.decoded","131072","75E535B42DB7505118D8B19C7C42C1F49C5542ADDC9DBC13383953659F675CE0","0.0482188","0.0435207","2.02734375","2.02734375","2.02734375","E65526F9DFF3F93844E004D63C7B2A4E4F219B5EAB3F1B3D3ABCF0B301F65003","profile_id=2;mode=fast;block_size=32768;zstd_level=3;lzma_level=9;threads=1;process_timeout_seconds=3600","""E:\MIXER\hybridzip\build\Release\hybridzip.exe"" c --profile=r2 --r2-mode=fast --block-size=32768 --zstd-level=3 ""E:\MIXER\hybridzip\results\experiments\hybridzip-r2-e6-fast-full-20260828-retry1\children\hybridzip-r2-e6-fast-full-20260828-retry1-fast-b32-r3\inputs\128KiB\sao.bin"" ""E:\MIXER\hybridzip\results\experiments\hybridzip-r2-e6-fast-full-20260828-retry1\children\hybridzip-r2-e6-fast-full-20260828-retry1-fast-b32-r3\archives\128KiB\sao.hz2""","""E:\MIXER\hybridzip\build\Release\hybridzip.exe"" d ""E:\MIXER\hybridzip\results\experiments\hybridzip-r2-e6-fast-full-20260828-retry1\children\hybridzip-r2-e6-fast-full-20260828-retry1-fast-b32-r3\archives\128KiB\sao.hz2"" ""E:\MIXER\hybridzip\results\experiments\hybridzip-r2-e6-fast-full-20260828-retry1\children\hybridzip-r2-e6-fast-full-20260828-retry1-fast-b32-r3\decoded\128KiB\sao.decoded""","0","0","2026-08-28T02:38:20.3747065+08:00","COMPLETE","PASS","zstd=4","Complete R2 archive size; SHA-256 byte-exact roundtrip verified."
"e6-fast","fast","32","3","False","0","0","none","hybridzip-r2-e6-fast-full-20260828-retry1-fast-b32-r3","r2-fast","1","28","webster","32","inputs/32KiB/webster.bin","32768","774D224695AF4057353F72602BB96CD2AFEEA059AC7737535645F11596FCA85E","archives/32KiB/webster.hz2","13778","EF60C5313DE7D57B094F6D0B1DEC9246806E6520B19DEB7B758681168F083722","decoded/32KiB/webster.decoded","32768","774D224695AF4057353F72602BB96CD2AFEEA059AC7737535645F11596FCA85E","0.0519671","0.0501241","5.01171875","4.49609375","5.01171875","E65526F9DFF3F93844E004D63C7B2A4E4F219B5EAB3F1B3D3ABCF0B301F65003","profile_id=2;mode=fast;block_size=32768;zstd_level=3;lzma_level=9;threads=1;process_timeout_seconds=3600","""E:\MIXER\hybridzip\build\Release\hybridzip.exe"" c --profile=r2 --r2-mode=fast --block-size=32768 --zstd-level=3 ""E:\MIXER\hybridzip\results\experiments\hybridzip-r2-e6-fast-full-20260828-retry1\children\hybridzip-r2-e6-fast-full-20260828-retry1-fast-b32-r3\inputs\32KiB\webster.bin"" ""E:\MIXER\hybridzip\results\experiments\hybridzip-r2-e6-fast-full-20260828-retry1\children\hybridzip-r2-e6-fast-full-20260828-retry1-fast-b32-r3\archives\32KiB\webster.hz2""","""E:\MIXER\hybridzip\build\Release\hybridzip.exe"" d ""E:\MIXER\hybridzip\results\experiments\hybridzip-r2-e6-fast-full-20260828-retry1\children\hybridzip-r2-e6-fast-full-20260828-retry1-fast-b32-r3\archives\32KiB\webster.hz2"" ""E:\MIXER\hybridzip\results\experiments\hybridzip-r2-e6-fast-full-20260828-retry1\children\hybridzip-r2-e6-fast-full-20260828-retry1-fast-b32-r3\decoded\32KiB\webster.decoded""","0","0","2026-08-28T02:38:20.5317417+08:00","COMPLETE","PASS","zstd=1","Complete R2 archive size; SHA-256 byte-exact roundtrip verified."
"e6-fast","fast","32","3","False","0","0","none","hybridzip-r2-e6-fast-full-20260828-retry1-fast-b32-r3","r2-fast","1","29","webster","64","inputs/64KiB/webster.bin","65536","262258811321382F9E4F44D2184B6B7FED0336CF831446D8336C47D6CCC2B32E","archives/64KiB/webster.hz2","25312","A3D97C4DC08A029F63800EDD1516B3DE9EDF40296D9A7FDA5EA62962C72D2AC4","decoded/64KiB/webster.decoded","65536","262258811321382F9E4F44D2184B6B7FED0336CF831446D8336C47D6CCC2B32E","0.0528964","0.050403","5.0234375","4.484375","5.0234375","E65526F9DFF3F93844E004D63C7B2A4E4F219B5EAB3F1B3D3ABCF0B301F65003","profile_id=2;mode=fast;block_size=32768;zstd_level=3;lzma_level=9;threads=1;process_timeout_seconds=3600","""E:\MIXER\hybridzip\build\Release\hybridzip.exe"" c --profile=r2 --r2-mode=fast --block-size=32768 --zstd-level=3 ""E:\MIXER\hybridzip\results\experiments\hybridzip-r2-e6-fast-full-20260828-retry1\children\hybridzip-r2-e6-fast-full-20260828-retry1-fast-b32-r3\inputs\64KiB\webster.bin"" ""E:\MIXER\hybridzip\results\experiments\hybridzip-r2-e6-fast-full-20260828-retry1\children\hybridzip-r2-e6-fast-full-20260828-retry1-fast-b32-r3\archives\64KiB\webster.hz2""","""E:\MIXER\hybridzip\build\Release\hybridzip.exe"" d ""E:\MIXER\hybridzip\results\experiments\hybridzip-r2-e6-fast-full-20260828-retry1\children\hybridzip-r2-e6-fast-full-20260828-retry1-fast-b32-r3\archives\64KiB\webster.hz2"" ""E:\MIXER\hybridzip\results\experiments\hybridzip-r2-e6-fast-full-20260828-retry1\children\hybridzip-r2-e6-fast-full-20260828-retry1-fast-b32-r3\decoded\64KiB\webster.decoded""","0","0","2026-08-28T02:38:20.7027221+08:00","COMPLETE","PASS","zstd=2","Complete R2 archive size; SHA-256 byte-exact roundtrip verified."
"e6-fast","fast","32","3","False","0","0","none","hybridzip-r2-e6-fast-full-20260828-retry1-fast-b32-r3","r2-fast","1","30","webster","128","inputs/128KiB/webster.bin","131072","C069C1FDCA99BC5C44F06D134CD0CDA60315DD631AA6564733B2CE0E6D59305C","archives/128KiB/webster.hz2","47767","27822781089AD0C206A65680E7F19A46386775036E7B4547ABF17934A0971B5B","decoded/128KiB/webster.decoded","131072","C069C1FDCA99BC5C44F06D134CD0CDA60315DD631AA6564733B2CE0E6D59305C","0.0546718","0.0669593","2.02734375","4.46484375","4.46484375","E65526F9DFF3F93844E004D63C7B2A4E4F219B5EAB3F1B3D3ABCF0B301F65003","profile_id=2;mode=fast;block_size=32768;zstd_level=3;lzma_level=9;threads=1;process_timeout_seconds=3600","""E:\MIXER\hybridzip\build\Release\hybridzip.exe"" c --profile=r2 --r2-mode=fast --block-size=32768 --zstd-level=3 ""E:\MIXER\hybridzip\results\experiments\hybridzip-r2-e6-fast-full-20260828-retry1\children\hybridzip-r2-e6-fast-full-20260828-retry1-fast-b32-r3\inputs\128KiB\webster.bin"" ""E:\MIXER\hybridzip\results\experiments\hybridzip-r2-e6-fast-full-20260828-retry1\children\hybridzip-r2-e6-fast-full-20260828-retry1-fast-b32-r3\archives\128KiB\webster.hz2""","""E:\MIXER\hybridzip\build\Release\hybridzip.exe"" d ""E:\MIXER\hybridzip\results\experiments\hybridzip-r2-e6-fast-full-20260828-retry1\children\hybridzip-r2-e6-fast-full-20260828-retry1-fast-b32-r3\archives\128KiB\webster.hz2"" ""E:\MIXER\hybridzip\results\experiments\hybridzip-r2-e6-fast-full-20260828-retry1\children\hybridzip-r2-e6-fast-full-20260828-retry1-fast-b32-r3\decoded\128KiB\webster.decoded""","0","0","2026-08-28T02:38:20.8753483+08:00","COMPLETE","PASS","zstd=4","Complete R2 archive size; SHA-256 byte-exact roundtrip verified."
"e6-fast","fast","32","3","False","0","0","none","hybridzip-r2-e6-fast-full-20260828-retry1-fast-b32-r3","r2-fast","1","31","x-ray","32","inputs/32KiB/x-ray.bin","32768","10511AA63DFBD9C0DDBFEFE36068740103D4BA1116E214154A0772057D7E9314","archives/32KiB/x-ray.hz2","26409","6F329EBF981288C16F040601194A75E47EB00E1836D4968E7E5F1EAECFBAE5C4","decoded/32KiB/x-ray.decoded","32768","10511AA63DFBD9C0DDBFEFE36068740103D4BA1116E214154A0772057D7E9314","0.0589913","0.0507742","2.02734375","2.0234375","2.02734375","E65526F9DFF3F93844E004D63C7B2A4E4F219B5EAB3F1B3D3ABCF0B301F65003","profile_id=2;mode=fast;block_size=32768;zstd_level=3;lzma_level=9;threads=1;process_timeout_seconds=3600","""E:\MIXER\hybridzip\build\Release\hybridzip.exe"" c --profile=r2 --r2-mode=fast --block-size=32768 --zstd-level=3 ""E:\MIXER\hybridzip\results\experiments\hybridzip-r2-e6-fast-full-20260828-retry1\children\hybridzip-r2-e6-fast-full-20260828-retry1-fast-b32-r3\inputs\32KiB\x-ray.bin"" ""E:\MIXER\hybridzip\results\experiments\hybridzip-r2-e6-fast-full-20260828-retry1\children\hybridzip-r2-e6-fast-full-20260828-retry1-fast-b32-r3\archives\32KiB\x-ray.hz2""","""E:\MIXER\hybridzip\build\Release\hybridzip.exe"" d ""E:\MIXER\hybridzip\results\experiments\hybridzip-r2-e6-fast-full-20260828-retry1\children\hybridzip-r2-e6-fast-full-20260828-retry1-fast-b32-r3\archives\32KiB\x-ray.hz2"" ""E:\MIXER\hybridzip\results\experiments\hybridzip-r2-e6-fast-full-20260828-retry1\children\hybridzip-r2-e6-fast-full-20260828-retry1-fast-b32-r3\decoded\32KiB\x-ray.decoded""","0","0","2026-08-28T02:38:21.0654377+08:00","COMPLETE","PASS","zstd=1","Complete R2 archive size; SHA-256 byte-exact roundtrip verified."
"e6-fast","fast","32","3","False","0","0","none","hybridzip-r2-e6-fast-full-20260828-retry1-fast-b32-r3","r2-fast","1","32","x-ray","64","inputs/64KiB/x-ray.bin","65536","B5A07146616BCD7C2D10071D41E07D204DE0AC629C4CA37D8E867FF00574D0D8","archives/64KiB/x-ray.hz2","52523","AA599FB1F1B948061E0A278DD263B9DB0CFB0BBD6839AF2E1E9504CE0D7B71CA","decoded/64KiB/x-ray.decoded","65536","B5A07146616BCD7C2D10071D41E07D204DE0AC629C4CA37D8E867FF00574D0D8","0.0555225","0.050243","4.9921875","4.5","4.9921875","E65526F9DFF3F93844E004D63C7B2A4E4F219B5EAB3F1B3D3ABCF0B301F65003","profile_id=2;mode=fast;block_size=32768;zstd_level=3;lzma_level=9;threads=1;process_timeout_seconds=3600","""E:\MIXER\hybridzip\build\Release\hybridzip.exe"" c --profile=r2 --r2-mode=fast --block-size=32768 --zstd-level=3 ""E:\MIXER\hybridzip\results\experiments\hybridzip-r2-e6-fast-full-20260828-retry1\children\hybridzip-r2-e6-fast-full-20260828-retry1-fast-b32-r3\inputs\64KiB\x-ray.bin"" ""E:\MIXER\hybridzip\results\experiments\hybridzip-r2-e6-fast-full-20260828-retry1\children\hybridzip-r2-e6-fast-full-20260828-retry1-fast-b32-r3\archives\64KiB\x-ray.hz2""","""E:\MIXER\hybridzip\build\Release\hybridzip.exe"" d ""E:\MIXER\hybridzip\results\experiments\hybridzip-r2-e6-fast-full-20260828-retry1\children\hybridzip-r2-e6-fast-full-20260828-retry1-fast-b32-r3\archives\64KiB\x-ray.hz2"" ""E:\MIXER\hybridzip\results\experiments\hybridzip-r2-e6-fast-full-20260828-retry1\children\hybridzip-r2-e6-fast-full-20260828-retry1-fast-b32-r3\decoded\64KiB\x-ray.decoded""","0","0","2026-08-28T02:38:21.2414218+08:00","COMPLETE","PASS","zstd=2","Complete R2 archive size; SHA-256 byte-exact roundtrip verified."
"e6-fast","fast","32","3","False","0","0","none","hybridzip-r2-e6-fast-full-20260828-retry1-fast-b32-r3","r2-fast","1","33","x-ray","128","inputs/128KiB/x-ray.bin","131072","7A65B793FB2A694C20686275A899B304445473528F7C998BE26F8C68EB18F76E","archives/128KiB/x-ray.hz2","105157","B4025BC30BB4AA4422E16B60E7E987232BAF6904D1C7EAC747E1EE73F0398328","decoded/128KiB/x-ray.decoded","131072","7A65B793FB2A694C20686275A899B304445473528F7C998BE26F8C68EB18F76E","0.0443087","0.0488369","2.0234375","4.5078125","4.5078125","E65526F9DFF3F93844E004D63C7B2A4E4F219B5EAB3F1B3D3ABCF0B301F65003","profile_id=2;mode=fast;block_size=32768;zstd_level=3;lzma_level=9;threads=1;process_timeout_seconds=3600","""E:\MIXER\hybridzip\build\Release\hybridzip.exe"" c --profile=r2 --r2-mode=fast --block-size=32768 --zstd-level=3 ""E:\MIXER\hybridzip\results\experiments\hybridzip-r2-e6-fast-full-20260828-retry1\children\hybridzip-r2-e6-fast-full-20260828-retry1-fast-b32-r3\inputs\128KiB\x-ray.bin"" ""E:\MIXER\hybridzip\results\experiments\hybridzip-r2-e6-fast-full-20260828-retry1\children\hybridzip-r2-e6-fast-full-20260828-retry1-fast-b32-r3\archives\128KiB\x-ray.hz2""","""E:\MIXER\hybridzip\build\Release\hybridzip.exe"" d ""E:\MIXER\hybridzip\results\experiments\hybridzip-r2-e6-fast-full-20260828-retry1\children\hybridzip-r2-e6-fast-full-20260828-retry1-fast-b32-r3\archives\128KiB\x-ray.hz2"" ""E:\MIXER\hybridzip\results\experiments\hybridzip-r2-e6-fast-full-20260828-retry1\children\hybridzip-r2-e6-fast-full-20260828-retry1-fast-b32-r3\decoded\128KiB\x-ray.decoded""","0","0","2026-08-28T02:38:21.4121937+08:00","COMPLETE","PASS","zstd=4","Complete R2 archive size; SHA-256 byte-exact roundtrip verified."
"e6-fast","fast","32","3","False","0","0","none","hybridzip-r2-e6-fast-full-20260828-retry1-fast-b32-r3","r2-fast","1","34","xml","32","inputs/32KiB/xml.bin","32768","C2F7F129956F8D6FC3D0E3595D93F98D5270B6F5BC4AB5E70F45867822EFDD71","archives/32KiB/xml.hz2","3483","C10E021F2B7C5032D804E190158C1BDFE6DFB1C38C66B97B4E0C6C938859F892","decoded/32KiB/xml.decoded","32768","C2F7F129956F8D6FC3D0E3595D93F98D5270B6F5BC4AB5E70F45867822EFDD71","0.0421713","0.0476948","2.02734375","4.01953125","4.01953125","E65526F9DFF3F93844E004D63C7B2A4E4F219B5EAB3F1B3D3ABCF0B301F65003","profile_id=2;mode=fast;block_size=32768;zstd_level=3;lzma_level=9;threads=1;process_timeout_seconds=3600","""E:\MIXER\hybridzip\build\Release\hybridzip.exe"" c --profile=r2 --r2-mode=fast --block-size=32768 --zstd-level=3 ""E:\MIXER\hybridzip\results\experiments\hybridzip-r2-e6-fast-full-20260828-retry1\children\hybridzip-r2-e6-fast-full-20260828-retry1-fast-b32-r3\inputs\32KiB\xml.bin"" ""E:\MIXER\hybridzip\results\experiments\hybridzip-r2-e6-fast-full-20260828-retry1\children\hybridzip-r2-e6-fast-full-20260828-retry1-fast-b32-r3\archives\32KiB\xml.hz2""","""E:\MIXER\hybridzip\build\Release\hybridzip.exe"" d ""E:\MIXER\hybridzip\results\experiments\hybridzip-r2-e6-fast-full-20260828-retry1\children\hybridzip-r2-e6-fast-full-20260828-retry1-fast-b32-r3\archives\32KiB\xml.hz2"" ""E:\MIXER\hybridzip\results\experiments\hybridzip-r2-e6-fast-full-20260828-retry1\children\hybridzip-r2-e6-fast-full-20260828-retry1-fast-b32-r3\decoded\32KiB\xml.decoded""","0","0","2026-08-28T02:38:21.5714660+08:00","COMPLETE","PASS","zstd=1","Complete R2 archive size; SHA-256 byte-exact roundtrip verified."
"e6-fast","fast","32","3","False","0","0","none","hybridzip-r2-e6-fast-full-20260828-retry1-fast-b32-r3","r2-fast","1","35","xml","64","inputs/64KiB/xml.bin","65536","E32AFF2BEBF00105A17DD57F5490C1986D17543CEE837B42EB56B3E0E6F8E7F1","archives/64KiB/xml.hz2","6829","E37A51A1CD2BC91A85463CC88492D643C7DDE36A7D06259BD0109177622EBDBC","decoded/64KiB/xml.decoded","65536","E32AFF2BEBF00105A17DD57F5490C1986D17543CEE837B42EB56B3E0E6F8E7F1","0.0425659","0.0452185","2.02734375","3.15625","3.15625","E65526F9DFF3F93844E004D63C7B2A4E4F219B5EAB3F1B3D3ABCF0B301F65003","profile_id=2;mode=fast;block_size=32768;zstd_level=3;lzma_level=9;threads=1;process_timeout_seconds=3600","""E:\MIXER\hybridzip\build\Release\hybridzip.exe"" c --profile=r2 --r2-mode=fast --block-size=32768 --zstd-level=3 ""E:\MIXER\hybridzip\results\experiments\hybridzip-r2-e6-fast-full-20260828-retry1\children\hybridzip-r2-e6-fast-full-20260828-retry1-fast-b32-r3\inputs\64KiB\xml.bin"" ""E:\MIXER\hybridzip\results\experiments\hybridzip-r2-e6-fast-full-20260828-retry1\children\hybridzip-r2-e6-fast-full-20260828-retry1-fast-b32-r3\archives\64KiB\xml.hz2""","""E:\MIXER\hybridzip\build\Release\hybridzip.exe"" d ""E:\MIXER\hybridzip\results\experiments\hybridzip-r2-e6-fast-full-20260828-retry1\children\hybridzip-r2-e6-fast-full-20260828-retry1-fast-b32-r3\archives\64KiB\xml.hz2"" ""E:\MIXER\hybridzip\results\experiments\hybridzip-r2-e6-fast-full-20260828-retry1\children\hybridzip-r2-e6-fast-full-20260828-retry1-fast-b32-r3\decoded\64KiB\xml.decoded""","0","0","2026-08-28T02:38:21.7293359+08:00","COMPLETE","PASS","zstd=2","Complete R2 archive size; SHA-256 byte-exact roundtrip verified."
"e6-fast","fast","32","3","False","0","0","none","hybridzip-r2-e6-fast-full-20260828-retry1-fast-b32-r3","r2-fast","1","36","xml","128","inputs/128KiB/xml.bin","131072","5FA29C746885F2EEB98734218475915A78092CCB3B0F68B08861EE210E5B6E25","archives/128KiB/xml.hz2","13798","9BA0E95A713E34B2CC38C3B2C7C295B4AE94187D48DC7E6412E56E98D9F18E54","decoded/128KiB/xml.decoded","131072","5FA29C746885F2EEB98734218475915A78092CCB3B0F68B08861EE210E5B6E25","0.0418337","0.0486139","2.02734375","2.02734375","2.02734375","E65526F9DFF3F93844E004D63C7B2A4E4F219B5EAB3F1B3D3ABCF0B301F65003","profile_id=2;mode=fast;block_size=32768;zstd_level=3;lzma_level=9;threads=1;process_timeout_seconds=3600","""E:\MIXER\hybridzip\build\Release\hybridzip.exe"" c --profile=r2 --r2-mode=fast --block-size=32768 --zstd-level=3 ""E:\MIXER\hybridzip\results\experiments\hybridzip-r2-e6-fast-full-20260828-retry1\children\hybridzip-r2-e6-fast-full-20260828-retry1-fast-b32-r3\inputs\128KiB\xml.bin"" ""E:\MIXER\hybridzip\results\experiments\hybridzip-r2-e6-fast-full-20260828-retry1\children\hybridzip-r2-e6-fast-full-20260828-retry1-fast-b32-r3\archives\128KiB\xml.hz2""","""E:\MIXER\hybridzip\build\Release\hybridzip.exe"" d ""E:\MIXER\hybridzip\results\experiments\hybridzip-r2-e6-fast-full-20260828-retry1\children\hybridzip-r2-e6-fast-full-20260828-retry1-fast-b32-r3\archives\128KiB\xml.hz2"" ""E:\MIXER\hybridzip\results\experiments\hybridzip-r2-e6-fast-full-20260828-retry1\children\hybridzip-r2-e6-fast-full-20260828-retry1-fast-b32-r3\decoded\128KiB\xml.decoded""","0","0","2026-08-28T02:38:21.8865729+08:00","COMPLETE","PASS","zstd=4","Complete R2 archive size; SHA-256 byte-exact roundtrip verified."
"e6-fast","fast","64","0","True","0","0","none","hybridzip-r2-e6-fast-full-20260828-retry1-fast-b64-r0","r2-fast","1","1","dickens","32","inputs/32KiB/dickens.bin","32768","FC42DCB9849222C8704C9DCAE606D075B389B66244FB215035148D6409EC0B31","archives/32KiB/dickens.hz2","14205","6D18DDEEE2B3A80D5924DB5B3CDCFE7B9566C2EE107DECCABA4934FA634ABB13","decoded/32KiB/dickens.decoded","32768","FC42DCB9849222C8704C9DCAE606D075B389B66244FB215035148D6409EC0B31","0.052365","0.0488756","5.01953125","2.02734375","5.01953125","E65526F9DFF3F93844E004D63C7B2A4E4F219B5EAB3F1B3D3ABCF0B301F65003","profile_id=2;mode=fast;block_size=65536;zstd_level=3;lzma_level=9;threads=1;process_timeout_seconds=3600","""E:\MIXER\hybridzip\build\Release\hybridzip.exe"" c --profile=r2 --r2-mode=fast --block-size=65536 --zstd-level=3 ""E:\MIXER\hybridzip\results\experiments\hybridzip-r2-e6-fast-full-20260828-retry1\children\hybridzip-r2-e6-fast-full-20260828-retry1-fast-b64-r0\inputs\32KiB\dickens.bin"" ""E:\MIXER\hybridzip\results\experiments\hybridzip-r2-e6-fast-full-20260828-retry1\children\hybridzip-r2-e6-fast-full-20260828-retry1-fast-b64-r0\archives\32KiB\dickens.hz2""","""E:\MIXER\hybridzip\build\Release\hybridzip.exe"" d ""E:\MIXER\hybridzip\results\experiments\hybridzip-r2-e6-fast-full-20260828-retry1\children\hybridzip-r2-e6-fast-full-20260828-retry1-fast-b64-r0\archives\32KiB\dickens.hz2"" ""E:\MIXER\hybridzip\results\experiments\hybridzip-r2-e6-fast-full-20260828-retry1\children\hybridzip-r2-e6-fast-full-20260828-retry1-fast-b64-r0\decoded\32KiB\dickens.decoded""","0","0","2026-08-28T02:38:23.1641294+08:00","COMPLETE","PASS","zstd=1","Complete R2 archive size; SHA-256 byte-exact roundtrip verified."
"e6-fast","fast","64","0","True","0","0","none","hybridzip-r2-e6-fast-full-20260828-retry1-fast-b64-r0","r2-fast","1","2","dickens","64","inputs/64KiB/dickens.bin","65536","134AD989A7B8B40C900A3B9C0F4895317DFD827D9E6E933895B08D2F4A8A8293","archives/64KiB/dickens.hz2","27192","6F3323E27CEC9D5203E0CDEFE5AF55345CB4AF8D57AF882704791D3D8F8CE1DF","decoded/64KiB/dickens.decoded","65536","134AD989A7B8B40C900A3B9C0F4895317DFD827D9E6E933895B08D2F4A8A8293","0.0518895","0.0498518","5.15234375","4.5078125","5.15234375","E65526F9DFF3F93844E004D63C7B2A4E4F219B5EAB3F1B3D3ABCF0B301F65003","profile_id=2;mode=fast;block_size=65536;zstd_level=3;lzma_level=9;threads=1;process_timeout_seconds=3600","""E:\MIXER\hybridzip\build\Release\hybridzip.exe"" c --profile=r2 --r2-mode=fast --block-size=65536 --zstd-level=3 ""E:\MIXER\hybridzip\results\experiments\hybridzip-r2-e6-fast-full-20260828-retry1\children\hybridzip-r2-e6-fast-full-20260828-retry1-fast-b64-r0\inputs\64KiB\dickens.bin"" ""E:\MIXER\hybridzip\results\experiments\hybridzip-r2-e6-fast-full-20260828-retry1\children\hybridzip-r2-e6-fast-full-20260828-retry1-fast-b64-r0\archives\64KiB\dickens.hz2""","""E:\MIXER\hybridzip\build\Release\hybridzip.exe"" d ""E:\MIXER\hybridzip\results\experiments\hybridzip-r2-e6-fast-full-20260828-retry1\children\hybridzip-r2-e6-fast-full-20260828-retry1-fast-b64-r0\archives\64KiB\dickens.hz2"" ""E:\MIXER\hybridzip\results\experiments\hybridzip-r2-e6-fast-full-20260828-retry1\children\hybridzip-r2-e6-fast-full-20260828-retry1-fast-b64-r0\decoded\64KiB\dickens.decoded""","0","0","2026-08-28T02:38:23.3263040+08:00","COMPLETE","PASS","zstd=1","Complete R2 archive size; SHA-256 byte-exact roundtrip verified."
"e6-fast","fast","64","0","True","0","0","none","hybridzip-r2-e6-fast-full-20260828-retry1-fast-b64-r0","r2-fast","1","3","dickens","128","inputs/128KiB/dickens.bin","131072","20E33FCC8FAA96DC32A2D0921115C0F363E64C598A5847CE1A3876E356D59872","archives/128KiB/dickens.hz2","53619","8B19DBB58BFCE87FE854CDCBBCC7613B2FC08ABA86DE0AE85368576A9F6D78DD","decoded/128KiB/dickens.decoded","131072","20E33FCC8FAA96DC32A2D0921115C0F363E64C598A5847CE1A3876E356D59872","0.0416702","0.0426669","2.02734375","2.02734375","2.02734375","E65526F9DFF3F93844E004D63C7B2A4E4F219B5EAB3F1B3D3ABCF0B301F65003","profile_id=2;mode=fast;block_size=65536;zstd_level=3;lzma_level=9;threads=1;process_timeout_seconds=3600","""E:\MIXER\hybridzip\build\Release\hybridzip.exe"" c --profile=r2 --r2-mode=fast --block-size=65536 --zstd-level=3 ""E:\MIXER\hybridzip\results\experiments\hybridzip-r2-e6-fast-full-20260828-retry1\children\hybridzip-r2-e6-fast-full-20260828-retry1-fast-b64-r0\inputs\128KiB\dickens.bin"" ""E:\MIXER\hybridzip\results\experiments\hybridzip-r2-e6-fast-full-20260828-retry1\children\hybridzip-r2-e6-fast-full-20260828-retry1-fast-b64-r0\archives\128KiB\dickens.hz2""","""E:\MIXER\hybridzip\build\Release\hybridzip.exe"" d ""E:\MIXER\hybridzip\results\experiments\hybridzip-r2-e6-fast-full-20260828-retry1\children\hybridzip-r2-e6-fast-full-20260828-retry1-fast-b64-r0\archives\128KiB\dickens.hz2"" ""E:\MIXER\hybridzip\results\experiments\hybridzip-r2-e6-fast-full-20260828-retry1\children\hybridzip-r2-e6-fast-full-20260828-retry1-fast-b64-r0\decoded\128KiB\dickens.decoded""","0","0","2026-08-28T02:38:23.4916283+08:00","COMPLETE","PASS","zstd=2","Complete R2 archive size; SHA-256 byte-exact roundtrip verified."
"e6-fast","fast","64","0","True","0","0","none","hybridzip-r2-e6-fast-full-20260828-retry1-fast-b64-r0","r2-fast","1","4","mozilla","32","inputs/32KiB/mozilla.bin","32768","9DDEEF36CA0CA55B72FE3376D005926DFF3400A2ADE6EAE18482D8017D8645DB","archives/32KiB/mozilla.hz2","11272","50DC99B782A9E06030C9C84A38AF55A7183E5E44728A3A821073143B4BC1AD9D","decoded/32KiB/mozilla.decoded","32768","9DDEEF36CA0CA55B72FE3376D005926DFF3400A2ADE6EAE18482D8017D8645DB","0.0439099","0.0499966","2.0234375","2.0234375","2.0234375","E65526F9DFF3F93844E004D63C7B2A4E4F219B5EAB3F1B3D3ABCF0B301F65003","profile_id=2;mode=fast;block_size=65536;zstd_level=3;lzma_level=9;threads=1;process_timeout_seconds=3600","""E:\MIXER\hybridzip\build\Release\hybridzip.exe"" c --profile=r2 --r2-mode=fast --block-size=65536 --zstd-level=3 ""E:\MIXER\hybridzip\results\experiments\hybridzip-r2-e6-fast-full-20260828-retry1\children\hybridzip-r2-e6-fast-full-20260828-retry1-fast-b64-r0\inputs\32KiB\mozilla.bin"" ""E:\MIXER\hybridzip\results\experiments\hybridzip-r2-e6-fast-full-20260828-retry1\children\hybridzip-r2-e6-fast-full-20260828-retry1-fast-b64-r0\archives\32KiB\mozilla.hz2""","""E:\MIXER\hybridzip\build\Release\hybridzip.exe"" d ""E:\MIXER\hybridzip\results\experiments\hybridzip-r2-e6-fast-full-20260828-retry1\children\hybridzip-r2-e6-fast-full-20260828-retry1-fast-b64-r0\archives\32KiB\mozilla.hz2"" ""E:\MIXER\hybridzip\results\experiments\hybridzip-r2-e6-fast-full-20260828-retry1\children\hybridzip-r2-e6-fast-full-20260828-retry1-fast-b64-r0\decoded\32KiB\mozilla.decoded""","0","0","2026-08-28T02:38:23.6484780+08:00","COMPLETE","PASS","zstd=1","Complete R2 archive size; SHA-256 byte-exact roundtrip verified."
"e6-fast","fast","64","0","True","0","0","none","hybridzip-r2-e6-fast-full-20260828-retry1-fast-b64-r0","r2-fast","1","5","mozilla","64","inputs/64KiB/mozilla.bin","65536","B0050240663F54371D372303EEABA0A59AB0758BCD565F4F639D06561E6BC996","archives/64KiB/mozilla.hz2","15985","EDF269DB62D5B452DD70A6AA5D0F23C88B8E0D16D83FF6C52991D3A12142373B","decoded/64KiB/mozilla.decoded","65536","B0050240663F54371D372303EEABA0A59AB0758BCD565F4F639D06561E6BC996","0.0443449","0.0490621","2.02734375","4.01953125","4.01953125","E65526F9DFF3F93844E004D63C7B2A4E4F219B5EAB3F1B3D3ABCF0B301F65003","profile_id=2;mode=fast;block_size=65536;zstd_level=3;lzma_level=9;threads=1;process_timeout_seconds=3600","""E:\MIXER\hybridzip\build\Release\hybridzip.exe"" c --profile=r2 --r2-mode=fast --block-size=65536 --zstd-level=3 ""E:\MIXER\hybridzip\results\experiments\hybridzip-r2-e6-fast-full-20260828-retry1\children\hybridzip-r2-e6-fast-full-20260828-retry1-fast-b64-r0\inputs\64KiB\mozilla.bin"" ""E:\MIXER\hybridzip\results\experiments\hybridzip-r2-e6-fast-full-20260828-retry1\children\hybridzip-r2-e6-fast-full-20260828-retry1-fast-b64-r0\archives\64KiB\mozilla.hz2""","""E:\MIXER\hybridzip\build\Release\hybridzip.exe"" d ""E:\MIXER\hybridzip\results\experiments\hybridzip-r2-e6-fast-full-20260828-retry1\children\hybridzip-r2-e6-fast-full-20260828-retry1-fast-b64-r0\archives\64KiB\mozilla.hz2"" ""E:\MIXER\hybridzip\results\experiments\hybridzip-r2-e6-fast-full-20260828-retry1\children\hybridzip-r2-e6-fast-full-20260828-retry1-fast-b64-r0\decoded\64KiB\mozilla.decoded""","0","0","2026-08-28T02:38:23.8072976+08:00","COMPLETE","PASS","zstd=1","Complete R2 archive size; SHA-256 byte-exact roundtrip verified."
"e6-fast","fast","64","0","True","0","0","none","hybridzip-r2-e6-fast-full-20260828-retry1-fast-b64-r0","r2-fast","1","6","mozilla","128","inputs/128KiB/mozilla.bin","131072","85CDBEA98382DB12E9A21FF90E1907452712D074000A6B855D2CA215FA591EB4","archives/128KiB/mozilla.hz2","24002","F48B079696ECCFB384679229451B9F16AA128345BE0DEFDEF53D451307AFD414","decoded/128KiB/mozilla.decoded","131072","85CDBEA98382DB12E9A21FF90E1907452712D074000A6B855D2CA215FA591EB4","0.0422353","0.0438105","2.02734375","2.02734375","2.02734375","E65526F9DFF3F93844E004D63C7B2A4E4F219B5EAB3F1B3D3ABCF0B301F65003","profile_id=2;mode=fast;block_size=65536;zstd_level=3;lzma_level=9;threads=1;process_timeout_seconds=3600","""E:\MIXER\hybridzip\build\Release\hybridzip.exe"" c --profile=r2 --r2-mode=fast --block-size=65536 --zstd-level=3 ""E:\MIXER\hybridzip\results\experiments\hybridzip-r2-e6-fast-full-20260828-retry1\children\hybridzip-r2-e6-fast-full-20260828-retry1-fast-b64-r0\inputs\128KiB\mozilla.bin"" ""E:\MIXER\hybridzip\results\experiments\hybridzip-r2-e6-fast-full-20260828-retry1\children\hybridzip-r2-e6-fast-full-20260828-retry1-fast-b64-r0\archives\128KiB\mozilla.hz2""","""E:\MIXER\hybridzip\build\Release\hybridzip.exe"" d ""E:\MIXER\hybridzip\results\experiments\hybridzip-r2-e6-fast-full-20260828-retry1\children\hybridzip-r2-e6-fast-full-20260828-retry1-fast-b64-r0\archives\128KiB\mozilla.hz2"" ""E:\MIXER\hybridzip\results\experiments\hybridzip-r2-e6-fast-full-20260828-retry1\children\hybridzip-r2-e6-fast-full-20260828-retry1-fast-b64-r0\decoded\128KiB\mozilla.decoded""","0","0","2026-08-28T02:38:23.9654864+08:00","COMPLETE","PASS","zstd=2","Complete R2 archive size; SHA-256 byte-exact roundtrip verified."
"e6-fast","fast","64","0","True","0","0","none","hybridzip-r2-e6-fast-full-20260828-retry1-fast-b64-r0","r2-fast","1","7","mr","32","inputs/32KiB/mr.bin","32768","3BB287B0AF65F777AB00C14E362B4D1962087260556001BBEE0689AA10D9F76A","archives/32KiB/mr.hz2","8875","2EEB3B80D287AF3EC5B55951228E35D3921843B5183F3BE70EE7E803777F3498","decoded/32KiB/mr.decoded","32768","3BB287B0AF65F777AB00C14E362B4D1962087260556001BBEE0689AA10D9F76A","0.0398689","0.0499286","2.02734375","4.5","4.5","E65526F9DFF3F93844E004D63C7B2A4E4F219B5EAB3F1B3D3ABCF0B301F65003","profile_id=2;mode=fast;block_size=65536;zstd_level=3;lzma_level=9;threads=1;process_timeout_seconds=3600","""E:\MIXER\hybridzip\build\Release\hybridzip.exe"" c --profile=r2 --r2-mode=fast --block-size=65536 --zstd-level=3 ""E:\MIXER\hybridzip\results\experiments\hybridzip-r2-e6-fast-full-20260828-retry1\children\hybridzip-r2-e6-fast-full-20260828-retry1-fast-b64-r0\inputs\32KiB\mr.bin"" ""E:\MIXER\hybridzip\results\experiments\hybridzip-r2-e6-fast-full-20260828-retry1\children\hybridzip-r2-e6-fast-full-20260828-retry1-fast-b64-r0\archives\32KiB\mr.hz2""","""E:\MIXER\hybridzip\build\Release\hybridzip.exe"" d ""E:\MIXER\hybridzip\results\experiments\hybridzip-r2-e6-fast-full-20260828-retry1\children\hybridzip-r2-e6-fast-full-20260828-retry1-fast-b64-r0\archives\32KiB\mr.hz2"" ""E:\MIXER\hybridzip\results\experiments\hybridzip-r2-e6-fast-full-20260828-retry1\children\hybridzip-r2-e6-fast-full-20260828-retry1-fast-b64-r0\decoded\32KiB\mr.decoded""","0","0","2026-08-28T02:38:24.1240221+08:00","COMPLETE","PASS","zstd=1","Complete R2 archive size; SHA-256 byte-exact roundtrip verified."
"e6-fast","fast","64","0","True","0","0","none","hybridzip-r2-e6-fast-full-20260828-retry1-fast-b64-r0","r2-fast","1","8","mr","64","inputs/64KiB/mr.bin","65536","CAB7B6408934009A4BBFEDB57BEB4943BF5478CF8B3688D01F004E0422EBC651","archives/64KiB/mr.hz2","17591","0049C82A6D13A17055409FABF83EE03550302023DED72E4EE68C073E9F41B447","decoded/64KiB/mr.decoded","65536","CAB7B6408934009A4BBFEDB57BEB4943BF5478CF8B3688D01F004E0422EBC651","0.0402245","0.0429508","2.02734375","2.02734375","2.02734375","E65526F9DFF3F93844E004D63C7B2A4E4F219B5EAB3F1B3D3ABCF0B301F65003","profile_id=2;mode=fast;block_size=65536;zstd_level=3;lzma_level=9;threads=1;process_timeout_seconds=3600","""E:\MIXER\hybridzip\build\Release\hybridzip.exe"" c --profile=r2 --r2-mode=fast --block-size=65536 --zstd-level=3 ""E:\MIXER\hybridzip\results\experiments\hybridzip-r2-e6-fast-full-20260828-retry1\children\hybridzip-r2-e6-fast-full-20260828-retry1-fast-b64-r0\inputs\64KiB\mr.bin"" ""E:\MIXER\hybridzip\results\experiments\hybridzip-r2-e6-fast-full-20260828-retry1\children\hybridzip-r2-e6-fast-full-20260828-retry1-fast-b64-r0\archives\64KiB\mr.hz2""","""E:\MIXER\hybridzip\build\Release\hybridzip.exe"" d ""E:\MIXER\hybridzip\results\experiments\hybridzip-r2-e6-fast-full-20260828-retry1\children\hybridzip-r2-e6-fast-full-20260828-retry1-fast-b64-r0\archives\64KiB\mr.hz2"" ""E:\MIXER\hybridzip\results\experiments\hybridzip-r2-e6-fast-full-20260828-retry1\children\hybridzip-r2-e6-fast-full-20260828-retry1-fast-b64-r0\decoded\64KiB\mr.decoded""","0","0","2026-08-28T02:38:24.2795371+08:00","COMPLETE","PASS","zstd=1","Complete R2 archive size; SHA-256 byte-exact roundtrip verified."
"e6-fast","fast","64","0","True","0","0","none","hybridzip-r2-e6-fast-full-20260828-retry1-fast-b64-r0","r2-fast","1","9","mr","128","inputs/128KiB/mr.bin","131072","473A6A883480C7B2E69402AD888AC07B347C2DF61C6AA0D84E8B8130A27792EA","archives/128KiB/mr.hz2","34478","DA60B6C9474E21BAE4E831025DDA8B0A92F5E0C338EE73E324C9483B852FC9D3","decoded/128KiB/mr.decoded","131072","473A6A883480C7B2E69402AD888AC07B347C2DF61C6AA0D84E8B8130A27792EA","0.0548183","0.0423156","2.0234375","2.02734375","2.02734375","E65526F9DFF3F93844E004D63C7B2A4E4F219B5EAB3F1B3D3ABCF0B301F65003","profile_id=2;mode=fast;block_size=65536;zstd_level=3;lzma_level=9;threads=1;process_timeout_seconds=3600","""E:\MIXER\hybridzip\build\Release\hybridzip.exe"" c --profile=r2 --r2-mode=fast --block-size=65536 --zstd-level=3 ""E:\MIXER\hybridzip\results\experiments\hybridzip-r2-e6-fast-full-20260828-retry1\children\hybridzip-r2-e6-fast-full-20260828-retry1-fast-b64-r0\inputs\128KiB\mr.bin"" ""E:\MIXER\hybridzip\results\experiments\hybridzip-r2-e6-fast-full-20260828-retry1\children\hybridzip-r2-e6-fast-full-20260828-retry1-fast-b64-r0\archives\128KiB\mr.hz2""","""E:\MIXER\hybridzip\build\Release\hybridzip.exe"" d ""E:\MIXER\hybridzip\results\experiments\hybridzip-r2-e6-fast-full-20260828-retry1\children\hybridzip-r2-e6-fast-full-20260828-retry1-fast-b64-r0\archives\128KiB\mr.hz2"" ""E:\MIXER\hybridzip\results\experiments\hybridzip-r2-e6-fast-full-20260828-retry1\children\hybridzip-r2-e6-fast-full-20260828-retry1-fast-b64-r0\decoded\128KiB\mr.decoded""","0","0","2026-08-28T02:38:24.4356088+08:00","COMPLETE","PASS","zstd=2","Complete R2 archive size; SHA-256 byte-exact roundtrip verified."
"e6-fast","fast","64","0","True","0","0","none","hybridzip-r2-e6-fast-full-20260828-retry1-fast-b64-r0","r2-fast","1","10","nci","32","inputs/32KiB/nci.bin","32768","0D3034FE8B0E573DE1439ED98CE409B83B13E5895085C9BFB0BF980F4962FB79","archives/32KiB/nci.hz2","3102","91EB7CCE5C2847DBB7EDA4797432B8AC1364032F7BA85B80F00FB12E5812206F","decoded/32KiB/nci.decoded","32768","0D3034FE8B0E573DE1439ED98CE409B83B13E5895085C9BFB0BF980F4962FB79","0.0434635","0.046599","2.02734375","4.12109375","4.12109375","E65526F9DFF3F93844E004D63C7B2A4E4F219B5EAB3F1B3D3ABCF0B301F65003","profile_id=2;mode=fast;block_size=65536;zstd_level=3;lzma_level=9;threads=1;process_timeout_seconds=3600","""E:\MIXER\hybridzip\build\Release\hybridzip.exe"" c --profile=r2 --r2-mode=fast --block-size=65536 --zstd-level=3 ""E:\MIXER\hybridzip\results\experiments\hybridzip-r2-e6-fast-full-20260828-retry1\children\hybridzip-r2-e6-fast-full-20260828-retry1-fast-b64-r0\inputs\32KiB\nci.bin"" ""E:\MIXER\hybridzip\results\experiments\hybridzip-r2-e6-fast-full-20260828-retry1\children\hybridzip-r2-e6-fast-full-20260828-retry1-fast-b64-r0\archives\32KiB\nci.hz2""","""E:\MIXER\hybridzip\build\Release\hybridzip.exe"" d ""E:\MIXER\hybridzip\results\experiments\hybridzip-r2-e6-fast-full-20260828-retry1\children\hybridzip-r2-e6-fast-full-20260828-retry1-fast-b64-r0\archives\32KiB\nci.hz2"" ""E:\MIXER\hybridzip\results\experiments\hybridzip-r2-e6-fast-full-20260828-retry1\children\hybridzip-r2-e6-fast-full-20260828-retry1-fast-b64-r0\decoded\32KiB\nci.decoded""","0","0","2026-08-28T02:38:24.6049322+08:00","COMPLETE","PASS","zstd=1","Complete R2 archive size; SHA-256 byte-exact roundtrip verified."
"e6-fast","fast","64","0","True","0","0","none","hybridzip-r2-e6-fast-full-20260828-retry1-fast-b64-r0","r2-fast","1","11","nci","64","inputs/64KiB/nci.bin","65536","B01B411AC3B5CE2FBF37242C0C59D2D236D2F7039937C1B1A0F18F4CC02549FE","archives/64KiB/nci.hz2","5294","14C56A8AA99BD1B16A5F2AB1C227315A7192CB4B1638E7422E08F178C56E0293","decoded/64KiB/nci.decoded","65536","B01B411AC3B5CE2FBF37242C0C59D2D236D2F7039937C1B1A0F18F4CC02549FE","0.044626","0.0458611","2.02734375","2.61328125","2.61328125","E65526F9DFF3F93844E004D63C7B2A4E4F219B5EAB3F1B3D3ABCF0B301F65003","profile_id=2;mode=fast;block_size=65536;zstd_level=3;lzma_level=9;threads=1;process_timeout_seconds=3600","""E:\MIXER\hybridzip\build\Release\hybridzip.exe"" c --profile=r2 --r2-mode=fast --block-size=65536 --zstd-level=3 ""E:\MIXER\hybridzip\results\experiments\hybridzip-r2-e6-fast-full-20260828-retry1\children\hybridzip-r2-e6-fast-full-20260828-retry1-fast-b64-r0\inputs\64KiB\nci.bin"" ""E:\MIXER\hybridzip\results\experiments\hybridzip-r2-e6-fast-full-20260828-retry1\children\hybridzip-r2-e6-fast-full-20260828-retry1-fast-b64-r0\archives\64KiB\nci.hz2""","""E:\MIXER\hybridzip\build\Release\hybridzip.exe"" d ""E:\MIXER\hybridzip\results\experiments\hybridzip-r2-e6-fast-full-20260828-retry1\children\hybridzip-r2-e6-fast-full-20260828-retry1-fast-b64-r0\archives\64KiB\nci.hz2"" ""E:\MIXER\hybridzip\results\experiments\hybridzip-r2-e6-fast-full-20260828-retry1\children\hybridzip-r2-e6-fast-full-20260828-retry1-fast-b64-r0\decoded\64KiB\nci.decoded""","0","0","2026-08-28T02:38:24.7597220+08:00","COMPLETE","PASS","zstd=1","Complete R2 archive size; SHA-256 byte-exact roundtrip verified."
"e6-fast","fast","64","0","True","0","0","none","hybridzip-r2-e6-fast-full-20260828-retry1-fast-b64-r0","r2-fast","1","12","nci","128","inputs/128KiB/nci.bin","131072","C8A1D610355E5EF900ED4C704DF14ADF1935D95DFD8F1740AC9FD90FC9BF5781","archives/128KiB/nci.hz2","11819","DECB82FF6307CCBD33FA64AAF68B5C56B3311941A8C6CC9368FEAFFBD7EB8D4D","decoded/128KiB/nci.decoded","131072","C8A1D610355E5EF900ED4C704DF14ADF1935D95DFD8F1740AC9FD90FC9BF5781","0.0465007","0.0458115","2.02734375","4.23828125","4.23828125","E65526F9DFF3F93844E004D63C7B2A4E4F219B5EAB3F1B3D3ABCF0B301F65003","profile_id=2;mode=fast;block_size=65536;zstd_level=3;lzma_level=9;threads=1;process_timeout_seconds=3600","""E:\MIXER\hybridzip\build\Release\hybridzip.exe"" c --profile=r2 --r2-mode=fast --block-size=65536 --zstd-level=3 ""E:\MIXER\hybridzip\results\experiments\hybridzip-r2-e6-fast-full-20260828-retry1\children\hybridzip-r2-e6-fast-full-20260828-retry1-fast-b64-r0\inputs\128KiB\nci.bin"" ""E:\MIXER\hybridzip\results\experiments\hybridzip-r2-e6-fast-full-20260828-retry1\children\hybridzip-r2-e6-fast-full-20260828-retry1-fast-b64-r0\archives\128KiB\nci.hz2""","""E:\MIXER\hybridzip\build\Release\hybridzip.exe"" d ""E:\MIXER\hybridzip\results\experiments\hybridzip-r2-e6-fast-full-20260828-retry1\children\hybridzip-r2-e6-fast-full-20260828-retry1-fast-b64-r0\archives\128KiB\nci.hz2"" ""E:\MIXER\hybridzip\results\experiments\hybridzip-r2-e6-fast-full-20260828-retry1\children\hybridzip-r2-e6-fast-full-20260828-retry1-fast-b64-r0\decoded\128KiB\nci.decoded""","0","0","2026-08-28T02:38:24.9152321+08:00","COMPLETE","PASS","zstd=2","Complete R2 archive size; SHA-256 byte-exact roundtrip verified."
"e6-fast","fast","64","0","True","0","0","none","hybridzip-r2-e6-fast-full-20260828-retry1-fast-b64-r0","r2-fast","1","13","ooffice","32","inputs/32KiB/ooffice.bin","32768","2ACF9B4CAAEAC5814CDFEF0FA48A5ECE857C847DBDB7B44EEAB95CA3C098921C","archives/32KiB/ooffice.hz2","14873","FEC09556597029936E6B57D61901FF20630CBE875EC44D9E4B4C0B2DC91DEB08","decoded/32KiB/ooffice.decoded","32768","2ACF9B4CAAEAC5814CDFEF0FA48A5ECE857C847DBDB7B44EEAB95CA3C098921C","0.0428137","0.0491384","2.02734375","4.46875","4.46875","E65526F9DFF3F93844E004D63C7B2A4E4F219B5EAB3F1B3D3ABCF0B301F65003","profile_id=2;mode=fast;block_size=65536;zstd_level=3;lzma_level=9;threads=1;process_timeout_seconds=3600","""E:\MIXER\hybridzip\build\Release\hybridzip.exe"" c --profile=r2 --r2-mode=fast --block-size=65536 --zstd-level=3 ""E:\MIXER\hybridzip\results\experiments\hybridzip-r2-e6-fast-full-20260828-retry1\children\hybridzip-r2-e6-fast-full-20260828-retry1-fast-b64-r0\inputs\32KiB\ooffice.bin"" ""E:\MIXER\hybridzip\results\experiments\hybridzip-r2-e6-fast-full-20260828-retry1\children\hybridzip-r2-e6-fast-full-20260828-retry1-fast-b64-r0\archives\32KiB\ooffice.hz2""","""E:\MIXER\hybridzip\build\Release\hybridzip.exe"" d ""E:\MIXER\hybridzip\results\experiments\hybridzip-r2-e6-fast-full-20260828-retry1\children\hybridzip-r2-e6-fast-full-20260828-retry1-fast-b64-r0\archives\32KiB\ooffice.hz2"" ""E:\MIXER\hybridzip\results\experiments\hybridzip-r2-e6-fast-full-20260828-retry1\children\hybridzip-r2-e6-fast-full-20260828-retry1-fast-b64-r0\decoded\32KiB\ooffice.decoded""","0","0","2026-08-28T02:38:25.0720318+08:00","COMPLETE","PASS","zstd=1","Complete R2 archive size; SHA-256 byte-exact roundtrip verified."
"e6-fast","fast","64","0","True","0","0","none","hybridzip-r2-e6-fast-full-20260828-retry1-fast-b64-r0","r2-fast","1","14","ooffice","64","inputs/64KiB/ooffice.bin","65536","9D30521922187D0A26F56CF2DF85001F9585D0D4EC6A0A8797466AFCC367F825","archives/64KiB/ooffice.hz2","34284","D446A858F716B5741517702EA1A3C35406C335DDCB953A67F1F69B0C13B27B7A","decoded/64KiB/ooffice.decoded","65536","9D30521922187D0A26F56CF2DF85001F9585D0D4EC6A0A8797466AFCC367F825","0.0383667","0.0447099","2.02734375","2.390625","2.390625","E65526F9DFF3F93844E004D63C7B2A4E4F219B5EAB3F1B3D3ABCF0B301F65003","profile_id=2;mode=fast;block_size=65536;zstd_level=3;lzma_level=9;threads=1;process_timeout_seconds=3600","""E:\MIXER\hybridzip\build\Release\hybridzip.exe"" c --profile=r2 --r2-mode=fast --block-size=65536 --zstd-level=3 ""E:\MIXER\hybridzip\results\experiments\hybridzip-r2-e6-fast-full-20260828-retry1\children\hybridzip-r2-e6-fast-full-20260828-retry1-fast-b64-r0\inputs\64KiB\ooffice.bin"" ""E:\MIXER\hybridzip\results\experiments\hybridzip-r2-e6-fast-full-20260828-retry1\children\hybridzip-r2-e6-fast-full-20260828-retry1-fast-b64-r0\archives\64KiB\ooffice.hz2""","""E:\MIXER\hybridzip\build\Release\hybridzip.exe"" d ""E:\MIXER\hybridzip\results\experiments\hybridzip-r2-e6-fast-full-20260828-retry1\children\hybridzip-r2-e6-fast-full-20260828-retry1-fast-b64-r0\archives\64KiB\ooffice.hz2"" ""E:\MIXER\hybridzip\results\experiments\hybridzip-r2-e6-fast-full-20260828-retry1\children\hybridzip-r2-e6-fast-full-20260828-retry1-fast-b64-r0\decoded\64KiB\ooffice.decoded""","0","0","2026-08-28T02:38:25.2475711+08:00","COMPLETE","PASS","zstd=1","Complete R2 archive size; SHA-256 byte-exact roundtrip verified."
"e6-fast","fast","64","0","True","0","0","none","hybridzip-r2-e6-fast-full-20260828-retry1-fast-b64-r0","r2-fast","1","15","ooffice","128","inputs/128KiB/ooffice.bin","131072","09FA5F3EE5311528863F8C3FADA3B530CC24AC1D88128E4DB2BF434161879FEF","archives/128KiB/ooffice.hz2","73134","C9F36D21FC1E53673A811B11BEA3DCDF1AECC66744D960BEF3CDCED6930E0677","decoded/128KiB/ooffice.decoded","131072","09FA5F3EE5311528863F8C3FADA3B530CC24AC1D88128E4DB2BF434161879FEF","0.0453845","0.0441643","2.02734375","2.02734375","2.02734375","E65526F9DFF3F93844E004D63C7B2A4E4F219B5EAB3F1B3D3ABCF0B301F65003","profile_id=2;mode=fast;block_size=65536;zstd_level=3;lzma_level=9;threads=1;process_timeout_seconds=3600","""E:\MIXER\hybridzip\build\Release\hybridzip.exe"" c --profile=r2 --r2-mode=fast --block-size=65536 --zstd-level=3 ""E:\MIXER\hybridzip\results\experiments\hybridzip-r2-e6-fast-full-20260828-retry1\children\hybridzip-r2-e6-fast-full-20260828-retry1-fast-b64-r0\inputs\128KiB\ooffice.bin"" ""E:\MIXER\hybridzip\results\experiments\hybridzip-r2-e6-fast-full-20260828-retry1\children\hybridzip-r2-e6-fast-full-20260828-retry1-fast-b64-r0\archives\128KiB\ooffice.hz2""","""E:\MIXER\hybridzip\build\Release\hybridzip.exe"" d ""E:\MIXER\hybridzip\results\experiments\hybridzip-r2-e6-fast-full-20260828-retry1\children\hybridzip-r2-e6-fast-full-20260828-retry1-fast-b64-r0\archives\128KiB\ooffice.hz2"" ""E:\MIXER\hybridzip\results\experiments\hybridzip-r2-e6-fast-full-20260828-retry1\children\hybridzip-r2-e6-fast-full-20260828-retry1-fast-b64-r0\decoded\128KiB\ooffice.decoded""","0","0","2026-08-28T02:38:25.4200359+08:00","COMPLETE","PASS","zstd=2","Complete R2 archive size; SHA-256 byte-exact roundtrip verified."
"e6-fast","fast","64","0","True","0","0","none","hybridzip-r2-e6-fast-full-20260828-retry1-fast-b64-r0","r2-fast","1","16","osdb","32","inputs/32KiB/osdb.bin","32768","03B2C20B777682CD960BCD893D7A4463161D9C0200FD1708B2EFAE32A259D0B7","archives/32KiB/osdb.hz2","15697","B1BF8ED6574FCF84843EA65C9B35A45657DE408EF27146AC48F0B06BC1715B65","decoded/32KiB/osdb.decoded","32768","03B2C20B777682CD960BCD893D7A4463161D9C0200FD1708B2EFAE32A259D0B7","0.0395056","0.047469","2.02734375","4.46484375","4.46484375","E65526F9DFF3F93844E004D63C7B2A4E4F219B5EAB3F1B3D3ABCF0B301F65003","profile_id=2;mode=fast;block_size=65536;zstd_level=3;lzma_level=9;threads=1;process_timeout_seconds=3600","""E:\MIXER\hybridzip\build\Release\hybridzip.exe"" c --profile=r2 --r2-mode=fast --block-size=65536 --zstd-level=3 ""E:\MIXER\hybridzip\results\experiments\hybridzip-r2-e6-fast-full-20260828-retry1\children\hybridzip-r2-e6-fast-full-20260828-retry1-fast-b64-r0\inputs\32KiB\osdb.bin"" ""E:\MIXER\hybridzip\results\experiments\hybridzip-r2-e6-fast-full-20260828-retry1\children\hybridzip-r2-e6-fast-full-20260828-retry1-fast-b64-r0\archives\32KiB\osdb.hz2""","""E:\MIXER\hybridzip\build\Release\hybridzip.exe"" d ""E:\MIXER\hybridzip\results\experiments\hybridzip-r2-e6-fast-full-20260828-retry1\children\hybridzip-r2-e6-fast-full-20260828-retry1-fast-b64-r0\archives\32KiB\osdb.hz2"" ""E:\MIXER\hybridzip\results\experiments\hybridzip-r2-e6-fast-full-20260828-retry1\children\hybridzip-r2-e6-fast-full-20260828-retry1-fast-b64-r0\decoded\32KiB\osdb.decoded""","0","0","2026-08-28T02:38:25.5958948+08:00","COMPLETE","PASS","zstd=1","Complete R2 archive size; SHA-256 byte-exact roundtrip verified."
"e6-fast","fast","64","0","True","0","0","none","hybridzip-r2-e6-fast-full-20260828-retry1-fast-b64-r0","r2-fast","1","17","osdb","64","inputs/64KiB/osdb.bin","65536","F8FE629325A07588118BA0B65880A87DED43EF249CCBC91F0E977BBACAE0C125","archives/64KiB/osdb.hz2","27356","D425810BF3483F14A95A01CB72B86EEEDDF5AF70BEFCD965409B389B4D68461E","decoded/64KiB/osdb.decoded","65536","F8FE629325A07588118BA0B65880A87DED43EF249CCBC91F0E977BBACAE0C125","0.0408045","0.04375","2.02734375","2.02734375","2.02734375","E65526F9DFF3F93844E004D63C7B2A4E4F219B5EAB3F1B3D3ABCF0B301F65003","profile_id=2;mode=fast;block_size=65536;zstd_level=3;lzma_level=9;threads=1;process_timeout_seconds=3600","""E:\MIXER\hybridzip\build\Release\hybridzip.exe"" c --profile=r2 --r2-mode=fast --block-size=65536 --zstd-level=3 ""E:\MIXER\hybridzip\results\experiments\hybridzip-r2-e6-fast-full-20260828-retry1\children\hybridzip-r2-e6-fast-full-20260828-retry1-fast-b64-r0\inputs\64KiB\osdb.bin"" ""E:\MIXER\hybridzip\results\experiments\hybridzip-r2-e6-fast-full-20260828-retry1\children\hybridzip-r2-e6-fast-full-20260828-retry1-fast-b64-r0\archives\64KiB\osdb.hz2""","""E:\MIXER\hybridzip\build\Release\hybridzip.exe"" d ""E:\MIXER\hybridzip\results\experiments\hybridzip-r2-e6-fast-full-20260828-retry1\children\hybridzip-r2-e6-fast-full-20260828-retry1-fast-b64-r0\archives\64KiB\osdb.hz2"" ""E:\MIXER\hybridzip\results\experiments\hybridzip-r2-e6-fast-full-20260828-retry1\children\hybridzip-r2-e6-fast-full-20260828-retry1-fast-b64-r0\decoded\64KiB\osdb.decoded""","0","0","2026-08-28T02:38:25.7491266+08:00","COMPLETE","PASS","zstd=1","Complete R2 archive size; SHA-256 byte-exact roundtrip verified."
"e6-fast","fast","64","0","True","0","0","none","hybridzip-r2-e6-fast-full-20260828-retry1-fast-b64-r0","r2-fast","1","18","osdb","128","inputs/128KiB/osdb.bin","131072","D977E72AE13AEFC36A4B6171A895E26A0E6EEE447B1B9FBE868D7B1C046CC91F","archives/128KiB/osdb.hz2","54810","00ACDC9EA08E34796CE689A2B8C589624B2F09E60680CFF552EDE4394B8740B0","decoded/128KiB/osdb.decoded","131072","D977E72AE13AEFC36A4B6171A895E26A0E6EEE447B1B9FBE868D7B1C046CC91F","0.0460579","0.0464842","2.02734375","2.9765625","2.9765625","E65526F9DFF3F93844E004D63C7B2A4E4F219B5EAB3F1B3D3ABCF0B301F65003","profile_id=2;mode=fast;block_size=65536;zstd_level=3;lzma_level=9;threads=1;process_timeout_seconds=3600","""E:\MIXER\hybridzip\build\Release\hybridzip.exe"" c --profile=r2 --r2-mode=fast --block-size=65536 --zstd-level=3 ""E:\MIXER\hybridzip\results\experiments\hybridzip-r2-e6-fast-full-20260828-retry1\children\hybridzip-r2-e6-fast-full-20260828-retry1-fast-b64-r0\inputs\128KiB\osdb.bin"" ""E:\MIXER\hybridzip\results\experiments\hybridzip-r2-e6-fast-full-20260828-retry1\children\hybridzip-r2-e6-fast-full-20260828-retry1-fast-b64-r0\archives\128KiB\osdb.hz2""","""E:\MIXER\hybridzip\build\Release\hybridzip.exe"" d ""E:\MIXER\hybridzip\results\experiments\hybridzip-r2-e6-fast-full-20260828-retry1\children\hybridzip-r2-e6-fast-full-20260828-retry1-fast-b64-r0\archives\128KiB\osdb.hz2"" ""E:\MIXER\hybridzip\results\experiments\hybridzip-r2-e6-fast-full-20260828-retry1\children\hybridzip-r2-e6-fast-full-20260828-retry1-fast-b64-r0\decoded\128KiB\osdb.decoded""","0","0","2026-08-28T02:38:25.9053787+08:00","COMPLETE","PASS","zstd=2","Complete R2 archive size; SHA-256 byte-exact roundtrip verified."
"e6-fast","fast","64","0","True","0","0","none","hybridzip-r2-e6-fast-full-20260828-retry1-fast-b64-r0","r2-fast","1","19","reymont","32","inputs/32KiB/reymont.bin","32768","9D5E4B9340C2260DAE7DDB01B3EDA58236FF2DE5E1FF4D56767AA840B6FB1A87","archives/32KiB/reymont.hz2","10573","E3863B0EF6FAD548CBB2609F28078EA2CEA09C3B3BF02CEC238420B09EB1C5E8","decoded/32KiB/reymont.decoded","32768","9D5E4B9340C2260DAE7DDB01B3EDA58236FF2DE5E1FF4D56767AA840B6FB1A87","0.0548776","0.0485754","5.01953125","4.48828125","5.01953125","E65526F9DFF3F93844E004D63C7B2A4E4F219B5EAB3F1B3D3ABCF0B301F65003","profile_id=2;mode=fast;block_size=65536;zstd_level=3;lzma_level=9;threads=1;process_timeout_seconds=3600","""E:\MIXER\hybridzip\build\Release\hybridzip.exe"" c --profile=r2 --r2-mode=fast --block-size=65536 --zstd-level=3 ""E:\MIXER\hybridzip\results\experiments\hybridzip-r2-e6-fast-full-20260828-retry1\children\hybridzip-r2-e6-fast-full-20260828-retry1-fast-b64-r0\inputs\32KiB\reymont.bin"" ""E:\MIXER\hybridzip\results\experiments\hybridzip-r2-e6-fast-full-20260828-retry1\children\hybridzip-r2-e6-fast-full-20260828-retry1-fast-b64-r0\archives\32KiB\reymont.hz2""","""E:\MIXER\hybridzip\build\Release\hybridzip.exe"" d ""E:\MIXER\hybridzip\results\experiments\hybridzip-r2-e6-fast-full-20260828-retry1\children\hybridzip-r2-e6-fast-full-20260828-retry1-fast-b64-r0\archives\32KiB\reymont.hz2"" ""E:\MIXER\hybridzip\results\experiments\hybridzip-r2-e6-fast-full-20260828-retry1\children\hybridzip-r2-e6-fast-full-20260828-retry1-fast-b64-r0\decoded\32KiB\reymont.decoded""","0","0","2026-08-28T02:38:26.0608154+08:00","COMPLETE","PASS","zstd=1","Complete R2 archive size; SHA-256 byte-exact roundtrip verified."
"e6-fast","fast","64","0","True","0","0","none","hybridzip-r2-e6-fast-full-20260828-retry1-fast-b64-r0","r2-fast","1","20","reymont","64","inputs/64KiB/reymont.bin","65536","A5ECAAABB133F1ADF8DE6062BE6381D143E87F9F8050EEA9B5BE6F92B88C3C22","archives/64KiB/reymont.hz2","20575","F7FD3841D3C709AF87D2860BBF5CF9F07C4D30EA191814A59DE9C5958E86701E","decoded/64KiB/reymont.decoded","65536","A5ECAAABB133F1ADF8DE6062BE6381D143E87F9F8050EEA9B5BE6F92B88C3C22","0.0550535","0.048313","5.16015625","2.4375","5.16015625","E65526F9DFF3F93844E004D63C7B2A4E4F219B5EAB3F1B3D3ABCF0B301F65003","profile_id=2;mode=fast;block_size=65536;zstd_level=3;lzma_level=9;threads=1;process_timeout_seconds=3600","""E:\MIXER\hybridzip\build\Release\hybridzip.exe"" c --profile=r2 --r2-mode=fast --block-size=65536 --zstd-level=3 ""E:\MIXER\hybridzip\results\experiments\hybridzip-r2-e6-fast-full-20260828-retry1\children\hybridzip-r2-e6-fast-full-20260828-retry1-fast-b64-r0\inputs\64KiB\reymont.bin"" ""E:\MIXER\hybridzip\results\experiments\hybridzip-r2-e6-fast-full-20260828-retry1\children\hybridzip-r2-e6-fast-full-20260828-retry1-fast-b64-r0\archives\64KiB\reymont.hz2""","""E:\MIXER\hybridzip\build\Release\hybridzip.exe"" d ""E:\MIXER\hybridzip\results\experiments\hybridzip-r2-e6-fast-full-20260828-retry1\children\hybridzip-r2-e6-fast-full-20260828-retry1-fast-b64-r0\archives\64KiB\reymont.hz2"" ""E:\MIXER\hybridzip\results\experiments\hybridzip-r2-e6-fast-full-20260828-retry1\children\hybridzip-r2-e6-fast-full-20260828-retry1-fast-b64-r0\decoded\64KiB\reymont.decoded""","0","0","2026-08-28T02:38:26.2341222+08:00","COMPLETE","PASS","zstd=1","Complete R2 archive size; SHA-256 byte-exact roundtrip verified."
"e6-fast","fast","64","0","True","0","0","none","hybridzip-r2-e6-fast-full-20260828-retry1-fast-b64-r0","r2-fast","1","21","reymont","128","inputs/128KiB/reymont.bin","131072","A6CA7478854C1E80DFEAF9FB3444B357F9D7625E55232FAE3B3632A5A1217DEA","archives/128KiB/reymont.hz2","41753","6F5EE37B4151120DBE6A8C7B413EA91D882444510420A263F2E706D156D4D77D","decoded/128KiB/reymont.decoded","131072","A6CA7478854C1E80DFEAF9FB3444B357F9D7625E55232FAE3B3632A5A1217DEA","0.055714","0.0473202","5.15625","4.5078125","5.15625","E65526F9DFF3F93844E004D63C7B2A4E4F219B5EAB3F1B3D3ABCF0B301F65003","profile_id=2;mode=fast;block_size=65536;zstd_level=3;lzma_level=9;threads=1;process_timeout_seconds=3600","""E:\MIXER\hybridzip\build\Release\hybridzip.exe"" c --profile=r2 --r2-mode=fast --block-size=65536 --zstd-level=3 ""E:\MIXER\hybridzip\results\experiments\hybridzip-r2-e6-fast-full-20260828-retry1\children\hybridzip-r2-e6-fast-full-20260828-retry1-fast-b64-r0\inputs\128KiB\reymont.bin"" ""E:\MIXER\hybridzip\results\experiments\hybridzip-r2-e6-fast-full-20260828-retry1\children\hybridzip-r2-e6-fast-full-20260828-retry1-fast-b64-r0\archives\128KiB\reymont.hz2""","""E:\MIXER\hybridzip\build\Release\hybridzip.exe"" d ""E:\MIXER\hybridzip\results\experiments\hybridzip-r2-e6-fast-full-20260828-retry1\children\hybridzip-r2-e6-fast-full-20260828-retry1-fast-b64-r0\archives\128KiB\reymont.hz2"" ""E:\MIXER\hybridzip\results\experiments\hybridzip-r2-e6-fast-full-20260828-retry1\children\hybridzip-r2-e6-fast-full-20260828-retry1-fast-b64-r0\decoded\128KiB\reymont.decoded""","0","0","2026-08-28T02:38:26.4035769+08:00","COMPLETE","PASS","zstd=2","Complete R2 archive size; SHA-256 byte-exact roundtrip verified."
"e6-fast","fast","64","0","True","0","0","none","hybridzip-r2-e6-fast-full-20260828-retry1-fast-b64-r0","r2-fast","1","22","samba","32","inputs/32KiB/samba.bin","32768","9C4F5BEE544E4531E4946E62F796987418B4526911C34877EF282F14DD57AD12","archives/32KiB/samba.hz2","11947","B00503843DC7694A0ACA3249C322E91406106F738E6088FBDD7244741C9B6E18","decoded/32KiB/samba.decoded","32768","9C4F5BEE544E4531E4946E62F796987418B4526911C34877EF282F14DD57AD12","0.0428252","0.0467967","2.02734375","4.20703125","4.20703125","E65526F9DFF3F93844E004D63C7B2A4E4F219B5EAB3F1B3D3ABCF0B301F65003","profile_id=2;mode=fast;block_size=65536;zstd_level=3;lzma_level=9;threads=1;process_timeout_seconds=3600","""E:\MIXER\hybridzip\build\Release\hybridzip.exe"" c --profile=r2 --r2-mode=fast --block-size=65536 --zstd-level=3 ""E:\MIXER\hybridzip\results\experiments\hybridzip-r2-e6-fast-full-20260828-retry1\children\hybridzip-r2-e6-fast-full-20260828-retry1-fast-b64-r0\inputs\32KiB\samba.bin"" ""E:\MIXER\hybridzip\results\experiments\hybridzip-r2-e6-fast-full-20260828-retry1\children\hybridzip-r2-e6-fast-full-20260828-retry1-fast-b64-r0\archives\32KiB\samba.hz2""","""E:\MIXER\hybridzip\build\Release\hybridzip.exe"" d ""E:\MIXER\hybridzip\results\experiments\hybridzip-r2-e6-fast-full-20260828-retry1\children\hybridzip-r2-e6-fast-full-20260828-retry1-fast-b64-r0\archives\32KiB\samba.hz2"" ""E:\MIXER\hybridzip\results\experiments\hybridzip-r2-e6-fast-full-20260828-retry1\children\hybridzip-r2-e6-fast-full-20260828-retry1-fast-b64-r0\decoded\32KiB\samba.decoded""","0","0","2026-08-28T02:38:26.5765271+08:00","COMPLETE","PASS","zstd=1","Complete R2 archive size; SHA-256 byte-exact roundtrip verified."
"e6-fast","fast","64","0","True","0","0","none","hybridzip-r2-e6-fast-full-20260828-retry1-fast-b64-r0","r2-fast","1","23","samba","64","inputs/64KiB/samba.bin","65536","3E0420984C0F260EA7350734600CEA9D8500B745E2E4B7DBD4D1DA1D1ADAC421","archives/64KiB/samba.hz2","23329","62165D5F501FBB88395F3F4B43BD91E739B24DCA230199BFC7955142CE970E2B","decoded/64KiB/samba.decoded","65536","3E0420984C0F260EA7350734600CEA9D8500B745E2E4B7DBD4D1DA1D1ADAC421","0.0458436","0.0464366","2.0234375","3.96875","3.96875","E65526F9DFF3F93844E004D63C7B2A4E4F219B5EAB3F1B3D3ABCF0B301F65003","profile_id=2;mode=fast;block_size=65536;zstd_level=3;lzma_level=9;threads=1;process_timeout_seconds=3600","""E:\MIXER\hybridzip\build\Release\hybridzip.exe"" c --profile=r2 --r2-mode=fast --block-size=65536 --zstd-level=3 ""E:\MIXER\hybridzip\results\experiments\hybridzip-r2-e6-fast-full-20260828-retry1\children\hybridzip-r2-e6-fast-full-20260828-retry1-fast-b64-r0\inputs\64KiB\samba.bin"" ""E:\MIXER\hybridzip\results\experiments\hybridzip-r2-e6-fast-full-20260828-retry1\children\hybridzip-r2-e6-fast-full-20260828-retry1-fast-b64-r0\archives\64KiB\samba.hz2""","""E:\MIXER\hybridzip\build\Release\hybridzip.exe"" d ""E:\MIXER\hybridzip\results\experiments\hybridzip-r2-e6-fast-full-20260828-retry1\children\hybridzip-r2-e6-fast-full-20260828-retry1-fast-b64-r0\archives\64KiB\samba.hz2"" ""E:\MIXER\hybridzip\results\experiments\hybridzip-r2-e6-fast-full-20260828-retry1\children\hybridzip-r2-e6-fast-full-20260828-retry1-fast-b64-r0\decoded\64KiB\samba.decoded""","0","0","2026-08-28T02:38:26.7303082+08:00","COMPLETE","PASS","zstd=1","Complete R2 archive size; SHA-256 byte-exact roundtrip verified."
"e6-fast","fast","64","0","True","0","0","none","hybridzip-r2-e6-fast-full-20260828-retry1-fast-b64-r0","r2-fast","1","24","samba","128","inputs/128KiB/samba.bin","131072","F3B8C4AD35BC6CF21977895D6F04A22B1422605942FA5AFE35CE28B2A221D7E8","archives/128KiB/samba.hz2","48810","931FFB515714B54313CC1C3B313228EB475091CE8DA264616DBDE395133A4575","decoded/128KiB/samba.decoded","131072","F3B8C4AD35BC6CF21977895D6F04A22B1422605942FA5AFE35CE28B2A221D7E8","0.0455931","0.0465815","2.02734375","2.02734375","2.02734375","E65526F9DFF3F93844E004D63C7B2A4E4F219B5EAB3F1B3D3ABCF0B301F65003","profile_id=2;mode=fast;block_size=65536;zstd_level=3;lzma_level=9;threads=1;process_timeout_seconds=3600","""E:\MIXER\hybridzip\build\Release\hybridzip.exe"" c --profile=r2 --r2-mode=fast --block-size=65536 --zstd-level=3 ""E:\MIXER\hybridzip\results\experiments\hybridzip-r2-e6-fast-full-20260828-retry1\children\hybridzip-r2-e6-fast-full-20260828-retry1-fast-b64-r0\inputs\128KiB\samba.bin"" ""E:\MIXER\hybridzip\results\experiments\hybridzip-r2-e6-fast-full-20260828-retry1\children\hybridzip-r2-e6-fast-full-20260828-retry1-fast-b64-r0\archives\128KiB\samba.hz2""","""E:\MIXER\hybridzip\build\Release\hybridzip.exe"" d ""E:\MIXER\hybridzip\results\experiments\hybridzip-r2-e6-fast-full-20260828-retry1\children\hybridzip-r2-e6-fast-full-20260828-retry1-fast-b64-r0\archives\128KiB\samba.hz2"" ""E:\MIXER\hybridzip\results\experiments\hybridzip-r2-e6-fast-full-20260828-retry1\children\hybridzip-r2-e6-fast-full-20260828-retry1-fast-b64-r0\decoded\128KiB\samba.decoded""","0","0","2026-08-28T02:38:26.8853313+08:00","COMPLETE","PASS","zstd=2","Complete R2 archive size; SHA-256 byte-exact roundtrip verified."
"e6-fast","fast","64","0","True","0","0","none","hybridzip-r2-e6-fast-full-20260828-retry1-fast-b64-r0","r2-fast","1","25","sao","32","inputs/32KiB/sao.bin","32768","95677430CAD4F000506BC5EE22815C3F4E13D64B477ED506B78D5D9ACFB50CCD","archives/32KiB/sao.hz2","26959","2F6775B5829F4A0AB18C009F73061BDDE87A4548D489048BA49C522B1319F58F","decoded/32KiB/sao.decoded","32768","95677430CAD4F000506BC5EE22815C3F4E13D64B477ED506B78D5D9ACFB50CCD","0.0415672","0.0468699","2.02734375","4.4765625","4.4765625","E65526F9DFF3F93844E004D63C7B2A4E4F219B5EAB3F1B3D3ABCF0B301F65003","profile_id=2;mode=fast;block_size=65536;zstd_level=3;lzma_level=9;threads=1;process_timeout_seconds=3600","""E:\MIXER\hybridzip\build\Release\hybridzip.exe"" c --profile=r2 --r2-mode=fast --block-size=65536 --zstd-level=3 ""E:\MIXER\hybridzip\results\experiments\hybridzip-r2-e6-fast-full-20260828-retry1\children\hybridzip-r2-e6-fast-full-20260828-retry1-fast-b64-r0\inputs\32KiB\sao.bin"" ""E:\MIXER\hybridzip\results\experiments\hybridzip-r2-e6-fast-full-20260828-retry1\children\hybridzip-r2-e6-fast-full-20260828-retry1-fast-b64-r0\archives\32KiB\sao.hz2""","""E:\MIXER\hybridzip\build\Release\hybridzip.exe"" d ""E:\MIXER\hybridzip\results\experiments\hybridzip-r2-e6-fast-full-20260828-retry1\children\hybridzip-r2-e6-fast-full-20260828-retry1-fast-b64-r0\archives\32KiB\sao.hz2"" ""E:\MIXER\hybridzip\results\experiments\hybridzip-r2-e6-fast-full-20260828-retry1\children\hybridzip-r2-e6-fast-full-20260828-retry1-fast-b64-r0\decoded\32KiB\sao.decoded""","0","0","2026-08-28T02:38:27.0450982+08:00","COMPLETE","PASS","zstd=1","Complete R2 archive size; SHA-256 byte-exact roundtrip verified."
"e6-fast","fast","64","0","True","0","0","none","hybridzip-r2-e6-fast-full-20260828-retry1-fast-b64-r0","r2-fast","1","26","sao","64","inputs/64KiB/sao.bin","65536","17CBD7166A47786139F60BA33B4E771CE0154F6FA56986883D129BC23F78EBEE","archives/64KiB/sao.hz2","53336","23A8C065260A52639E1A36E2EEA9E83B6F18FF22C7AF231E0FED8026B1A148A2","decoded/64KiB/sao.decoded","65536","17CBD7166A47786139F60BA33B4E771CE0154F6FA56986883D129BC23F78EBEE","0.047198","0.0416913","2.02734375","2.02734375","2.02734375","E65526F9DFF3F93844E004D63C7B2A4E4F219B5EAB3F1B3D3ABCF0B301F65003","profile_id=2;mode=fast;block_size=65536;zstd_level=3;lzma_level=9;threads=1;process_timeout_seconds=3600","""E:\MIXER\hybridzip\build\Release\hybridzip.exe"" c --profile=r2 --r2-mode=fast --block-size=65536 --zstd-level=3 ""E:\MIXER\hybridzip\results\experiments\hybridzip-r2-e6-fast-full-20260828-retry1\children\hybridzip-r2-e6-fast-full-20260828-retry1-fast-b64-r0\inputs\64KiB\sao.bin"" ""E:\MIXER\hybridzip\results\experiments\hybridzip-r2-e6-fast-full-20260828-retry1\children\hybridzip-r2-e6-fast-full-20260828-retry1-fast-b64-r0\archives\64KiB\sao.hz2""","""E:\MIXER\hybridzip\build\Release\hybridzip.exe"" d ""E:\MIXER\hybridzip\results\experiments\hybridzip-r2-e6-fast-full-20260828-retry1\children\hybridzip-r2-e6-fast-full-20260828-retry1-fast-b64-r0\archives\64KiB\sao.hz2"" ""E:\MIXER\hybridzip\results\experiments\hybridzip-r2-e6-fast-full-20260828-retry1\children\hybridzip-r2-e6-fast-full-20260828-retry1-fast-b64-r0\decoded\64KiB\sao.decoded""","0","0","2026-08-28T02:38:27.1978636+08:00","COMPLETE","PASS","zstd=1","Complete R2 archive size; SHA-256 byte-exact roundtrip verified."
"e6-fast","fast","64","0","True","0","0","none","hybridzip-r2-e6-fast-full-20260828-retry1-fast-b64-r0","r2-fast","1","27","sao","128","inputs/128KiB/sao.bin","131072","75E535B42DB7505118D8B19C7C42C1F49C5542ADDC9DBC13383953659F675CE0","archives/128KiB/sao.hz2","106836","F19408D7EC943F700C2417A64F528244224A72CBB8CA853C8AD732EB6998EFF2","decoded/128KiB/sao.decoded","131072","75E535B42DB7505118D8B19C7C42C1F49C5542ADDC9DBC13383953659F675CE0","0.0407212","0.0419053","2.02734375","2.02734375","2.02734375","E65526F9DFF3F93844E004D63C7B2A4E4F219B5EAB3F1B3D3ABCF0B301F65003","profile_id=2;mode=fast;block_size=65536;zstd_level=3;lzma_level=9;threads=1;process_timeout_seconds=3600","""E:\MIXER\hybridzip\build\Release\hybridzip.exe"" c --profile=r2 --r2-mode=fast --block-size=65536 --zstd-level=3 ""E:\MIXER\hybridzip\results\experiments\hybridzip-r2-e6-fast-full-20260828-retry1\children\hybridzip-r2-e6-fast-full-20260828-retry1-fast-b64-r0\inputs\128KiB\sao.bin"" ""E:\MIXER\hybridzip\results\experiments\hybridzip-r2-e6-fast-full-20260828-retry1\children\hybridzip-r2-e6-fast-full-20260828-retry1-fast-b64-r0\archives\128KiB\sao.hz2""","""E:\MIXER\hybridzip\build\Release\hybridzip.exe"" d ""E:\MIXER\hybridzip\results\experiments\hybridzip-r2-e6-fast-full-20260828-retry1\children\hybridzip-r2-e6-fast-full-20260828-retry1-fast-b64-r0\archives\128KiB\sao.hz2"" ""E:\MIXER\hybridzip\results\experiments\hybridzip-r2-e6-fast-full-20260828-retry1\children\hybridzip-r2-e6-fast-full-20260828-retry1-fast-b64-r0\decoded\128KiB\sao.decoded""","0","0","2026-08-28T02:38:27.3558375+08:00","COMPLETE","PASS","zstd=2","Complete R2 archive size; SHA-256 byte-exact roundtrip verified."
"e6-fast","fast","64","0","True","0","0","none","hybridzip-r2-e6-fast-full-20260828-retry1-fast-b64-r0","r2-fast","1","28","webster","32","inputs/32KiB/webster.bin","32768","774D224695AF4057353F72602BB96CD2AFEEA059AC7737535645F11596FCA85E","archives/32KiB/webster.hz2","13778","E24E0990EFC0CD6C7296B5AB36C15CFA1BE099E023927ECF8EE3D6C1EAB8F528","decoded/32KiB/webster.decoded","32768","774D224695AF4057353F72602BB96CD2AFEEA059AC7737535645F11596FCA85E","0.0552807","0.0492573","2.02734375","3.3359375","3.3359375","E65526F9DFF3F93844E004D63C7B2A4E4F219B5EAB3F1B3D3ABCF0B301F65003","profile_id=2;mode=fast;block_size=65536;zstd_level=3;lzma_level=9;threads=1;process_timeout_seconds=3600","""E:\MIXER\hybridzip\build\Release\hybridzip.exe"" c --profile=r2 --r2-mode=fast --block-size=65536 --zstd-level=3 ""E:\MIXER\hybridzip\results\experiments\hybridzip-r2-e6-fast-full-20260828-retry1\children\hybridzip-r2-e6-fast-full-20260828-retry1-fast-b64-r0\inputs\32KiB\webster.bin"" ""E:\MIXER\hybridzip\results\experiments\hybridzip-r2-e6-fast-full-20260828-retry1\children\hybridzip-r2-e6-fast-full-20260828-retry1-fast-b64-r0\archives\32KiB\webster.hz2""","""E:\MIXER\hybridzip\build\Release\hybridzip.exe"" d ""E:\MIXER\hybridzip\results\experiments\hybridzip-r2-e6-fast-full-20260828-retry1\children\hybridzip-r2-e6-fast-full-20260828-retry1-fast-b64-r0\archives\32KiB\webster.hz2"" ""E:\MIXER\hybridzip\results\experiments\hybridzip-r2-e6-fast-full-20260828-retry1\children\hybridzip-r2-e6-fast-full-20260828-retry1-fast-b64-r0\decoded\32KiB\webster.decoded""","0","0","2026-08-28T02:38:27.5093892+08:00","COMPLETE","PASS","zstd=1","Complete R2 archive size; SHA-256 byte-exact roundtrip verified."
"e6-fast","fast","64","0","True","0","0","none","hybridzip-r2-e6-fast-full-20260828-retry1-fast-b64-r0","r2-fast","1","29","webster","64","inputs/64KiB/webster.bin","65536","262258811321382F9E4F44D2184B6B7FED0336CF831446D8336C47D6CCC2B32E","archives/64KiB/webster.hz2","24457","A5826396FD6F34BEEF749D2C4DAD0B2127FA8FBAF87F297ADCB9A7F5987820D8","decoded/64KiB/webster.decoded","65536","262258811321382F9E4F44D2184B6B7FED0336CF831446D8336C47D6CCC2B32E","0.0439514","0.0461736","2.02734375","4.5234375","4.5234375","E65526F9DFF3F93844E004D63C7B2A4E4F219B5EAB3F1B3D3ABCF0B301F65003","profile_id=2;mode=fast;block_size=65536;zstd_level=3;lzma_level=9;threads=1;process_timeout_seconds=3600","""E:\MIXER\hybridzip\build\Release\hybridzip.exe"" c --profile=r2 --r2-mode=fast --block-size=65536 --zstd-level=3 ""E:\MIXER\hybridzip\results\experiments\hybridzip-r2-e6-fast-full-20260828-retry1\children\hybridzip-r2-e6-fast-full-20260828-retry1-fast-b64-r0\inputs\64KiB\webster.bin"" ""E:\MIXER\hybridzip\results\experiments\hybridzip-r2-e6-fast-full-20260828-retry1\children\hybridzip-r2-e6-fast-full-20260828-retry1-fast-b64-r0\archives\64KiB\webster.hz2""","""E:\MIXER\hybridzip\build\Release\hybridzip.exe"" d ""E:\MIXER\hybridzip\results\experiments\hybridzip-r2-e6-fast-full-20260828-retry1\children\hybridzip-r2-e6-fast-full-20260828-retry1-fast-b64-r0\archives\64KiB\webster.hz2"" ""E:\MIXER\hybridzip\results\experiments\hybridzip-r2-e6-fast-full-20260828-retry1\children\hybridzip-r2-e6-fast-full-20260828-retry1-fast-b64-r0\decoded\64KiB\webster.decoded""","0","0","2026-08-28T02:38:27.6797435+08:00","COMPLETE","PASS","zstd=1","Complete R2 archive size; SHA-256 byte-exact roundtrip verified."
"e6-fast","fast","64","0","True","0","0","none","hybridzip-r2-e6-fast-full-20260828-retry1-fast-b64-r0","r2-fast","1","30","webster","128","inputs/128KiB/webster.bin","131072","C069C1FDCA99BC5C44F06D134CD0CDA60315DD631AA6564733B2CE0E6D59305C","archives/128KiB/webster.hz2","45966","6A859A353F8D24E1CDAC467E5211A750EAE4F7A65332AE4FA288738258CD2A83","decoded/128KiB/webster.decoded","131072","C069C1FDCA99BC5C44F06D134CD0CDA60315DD631AA6564733B2CE0E6D59305C","0.040667","0.0423105","2.02734375","2.0234375","2.02734375","E65526F9DFF3F93844E004D63C7B2A4E4F219B5EAB3F1B3D3ABCF0B301F65003","profile_id=2;mode=fast;block_size=65536;zstd_level=3;lzma_level=9;threads=1;process_timeout_seconds=3600","""E:\MIXER\hybridzip\build\Release\hybridzip.exe"" c --profile=r2 --r2-mode=fast --block-size=65536 --zstd-level=3 ""E:\MIXER\hybridzip\results\experiments\hybridzip-r2-e6-fast-full-20260828-retry1\children\hybridzip-r2-e6-fast-full-20260828-retry1-fast-b64-r0\inputs\128KiB\webster.bin"" ""E:\MIXER\hybridzip\results\experiments\hybridzip-r2-e6-fast-full-20260828-retry1\children\hybridzip-r2-e6-fast-full-20260828-retry1-fast-b64-r0\archives\128KiB\webster.hz2""","""E:\MIXER\hybridzip\build\Release\hybridzip.exe"" d ""E:\MIXER\hybridzip\results\experiments\hybridzip-r2-e6-fast-full-20260828-retry1\children\hybridzip-r2-e6-fast-full-20260828-retry1-fast-b64-r0\archives\128KiB\webster.hz2"" ""E:\MIXER\hybridzip\results\experiments\hybridzip-r2-e6-fast-full-20260828-retry1\children\hybridzip-r2-e6-fast-full-20260828-retry1-fast-b64-r0\decoded\128KiB\webster.decoded""","0","0","2026-08-28T02:38:27.8381991+08:00","COMPLETE","PASS","zstd=2","Complete R2 archive size; SHA-256 byte-exact roundtrip verified."
"e6-fast","fast","64","0","True","0","0","none","hybridzip-r2-e6-fast-full-20260828-retry1-fast-b64-r0","r2-fast","1","31","x-ray","32","inputs/32KiB/x-ray.bin","32768","10511AA63DFBD9C0DDBFEFE36068740103D4BA1116E214154A0772057D7E9314","archives/32KiB/x-ray.hz2","26409","F8AA8051F1BCFF2B4E4C22CEF9300CD52BFC7AD4DDAEBA217D1387303EBF0CC7","decoded/32KiB/x-ray.decoded","32768","10511AA63DFBD9C0DDBFEFE36068740103D4BA1116E214154A0772057D7E9314","0.0453475","0.0485894","2.390625","2.0234375","2.390625","E65526F9DFF3F93844E004D63C7B2A4E4F219B5EAB3F1B3D3ABCF0B301F65003","profile_id=2;mode=fast;block_size=65536;zstd_level=3;lzma_level=9;threads=1;process_timeout_seconds=3600","""E:\MIXER\hybridzip\build\Release\hybridzip.exe"" c --profile=r2 --r2-mode=fast --block-size=65536 --zstd-level=3 ""E:\MIXER\hybridzip\results\experiments\hybridzip-r2-e6-fast-full-20260828-retry1\children\hybridzip-r2-e6-fast-full-20260828-retry1-fast-b64-r0\inputs\32KiB\x-ray.bin"" ""E:\MIXER\hybridzip\results\experiments\hybridzip-r2-e6-fast-full-20260828-retry1\children\hybridzip-r2-e6-fast-full-20260828-retry1-fast-b64-r0\archives\32KiB\x-ray.hz2""","""E:\MIXER\hybridzip\build\Release\hybridzip.exe"" d ""E:\MIXER\hybridzip\results\experiments\hybridzip-r2-e6-fast-full-20260828-retry1\children\hybridzip-r2-e6-fast-full-20260828-retry1-fast-b64-r0\archives\32KiB\x-ray.hz2"" ""E:\MIXER\hybridzip\results\experiments\hybridzip-r2-e6-fast-full-20260828-retry1\children\hybridzip-r2-e6-fast-full-20260828-retry1-fast-b64-r0\decoded\32KiB\x-ray.decoded""","0","0","2026-08-28T02:38:27.9962833+08:00","COMPLETE","PASS","zstd=1","Complete R2 archive size; SHA-256 byte-exact roundtrip verified."
"e6-fast","fast","64","0","True","0","0","none","hybridzip-r2-e6-fast-full-20260828-retry1-fast-b64-r0","r2-fast","1","32","x-ray","64","inputs/64KiB/x-ray.bin","65536","B5A07146616BCD7C2D10071D41E07D204DE0AC629C4CA37D8E867FF00574D0D8","archives/64KiB/x-ray.hz2","51793","06B91310B1C08979F126D37D2399025F76AB5A43E78CB1E827396B8B5B8B2CDB","decoded/64KiB/x-ray.decoded","65536","B5A07146616BCD7C2D10071D41E07D204DE0AC629C4CA37D8E867FF00574D0D8","0.0452936","0.0472665","2.02734375","4.59375","4.59375","E65526F9DFF3F93844E004D63C7B2A4E4F219B5EAB3F1B3D3ABCF0B301F65003","profile_id=2;mode=fast;block_size=65536;zstd_level=3;lzma_level=9;threads=1;process_timeout_seconds=3600","""E:\MIXER\hybridzip\build\Release\hybridzip.exe"" c --profile=r2 --r2-mode=fast --block-size=65536 --zstd-level=3 ""E:\MIXER\hybridzip\results\experiments\hybridzip-r2-e6-fast-full-20260828-retry1\children\hybridzip-r2-e6-fast-full-20260828-retry1-fast-b64-r0\inputs\64KiB\x-ray.bin"" ""E:\MIXER\hybridzip\results\experiments\hybridzip-r2-e6-fast-full-20260828-retry1\children\hybridzip-r2-e6-fast-full-20260828-retry1-fast-b64-r0\archives\64KiB\x-ray.hz2""","""E:\MIXER\hybridzip\build\Release\hybridzip.exe"" d ""E:\MIXER\hybridzip\results\experiments\hybridzip-r2-e6-fast-full-20260828-retry1\children\hybridzip-r2-e6-fast-full-20260828-retry1-fast-b64-r0\archives\64KiB\x-ray.hz2"" ""E:\MIXER\hybridzip\results\experiments\hybridzip-r2-e6-fast-full-20260828-retry1\children\hybridzip-r2-e6-fast-full-20260828-retry1-fast-b64-r0\decoded\64KiB\x-ray.decoded""","0","0","2026-08-28T02:38:28.1552134+08:00","COMPLETE","PASS","zstd=1","Complete R2 archive size; SHA-256 byte-exact roundtrip verified."
"e6-fast","fast","64","0","True","0","0","none","hybridzip-r2-e6-fast-full-20260828-retry1-fast-b64-r0","r2-fast","1","33","x-ray","128","inputs/128KiB/x-ray.bin","131072","7A65B793FB2A694C20686275A899B304445473528F7C998BE26F8C68EB18F76E","archives/128KiB/x-ray.hz2","103873","50BFF26A39E21B1DDDA57309E118B02ADA050471F3FBA60554D46F94F102D013","decoded/128KiB/x-ray.decoded","131072","7A65B793FB2A694C20686275A899B304445473528F7C998BE26F8C68EB18F76E","0.0468593","0.0469652","2.02734375","2.875","2.875","E65526F9DFF3F93844E004D63C7B2A4E4F219B5EAB3F1B3D3ABCF0B301F65003","profile_id=2;mode=fast;block_size=65536;zstd_level=3;lzma_level=9;threads=1;process_timeout_seconds=3600","""E:\MIXER\hybridzip\build\Release\hybridzip.exe"" c --profile=r2 --r2-mode=fast --block-size=65536 --zstd-level=3 ""E:\MIXER\hybridzip\results\experiments\hybridzip-r2-e6-fast-full-20260828-retry1\children\hybridzip-r2-e6-fast-full-20260828-retry1-fast-b64-r0\inputs\128KiB\x-ray.bin"" ""E:\MIXER\hybridzip\results\experiments\hybridzip-r2-e6-fast-full-20260828-retry1\children\hybridzip-r2-e6-fast-full-20260828-retry1-fast-b64-r0\archives\128KiB\x-ray.hz2""","""E:\MIXER\hybridzip\build\Release\hybridzip.exe"" d ""E:\MIXER\hybridzip\results\experiments\hybridzip-r2-e6-fast-full-20260828-retry1\children\hybridzip-r2-e6-fast-full-20260828-retry1-fast-b64-r0\archives\128KiB\x-ray.hz2"" ""E:\MIXER\hybridzip\results\experiments\hybridzip-r2-e6-fast-full-20260828-retry1\children\hybridzip-r2-e6-fast-full-20260828-retry1-fast-b64-r0\decoded\128KiB\x-ray.decoded""","0","0","2026-08-28T02:38:28.3117423+08:00","COMPLETE","PASS","zstd=2","Complete R2 archive size; SHA-256 byte-exact roundtrip verified."
"e6-fast","fast","64","0","True","0","0","none","hybridzip-r2-e6-fast-full-20260828-retry1-fast-b64-r0","r2-fast","1","34","xml","32","inputs/32KiB/xml.bin","32768","C2F7F129956F8D6FC3D0E3595D93F98D5270B6F5BC4AB5E70F45867822EFDD71","archives/32KiB/xml.hz2","3483","D36CEC68AD01A63B120F4B819FA958437053BD411FF5021620E98803D35D4A32","decoded/32KiB/xml.decoded","32768","C2F7F129956F8D6FC3D0E3595D93F98D5270B6F5BC4AB5E70F45867822EFDD71","0.040335","0.0486833","2.02734375","2.02734375","2.02734375","E65526F9DFF3F93844E004D63C7B2A4E4F219B5EAB3F1B3D3ABCF0B301F65003","profile_id=2;mode=fast;block_size=65536;zstd_level=3;lzma_level=9;threads=1;process_timeout_seconds=3600","""E:\MIXER\hybridzip\build\Release\hybridzip.exe"" c --profile=r2 --r2-mode=fast --block-size=65536 --zstd-level=3 ""E:\MIXER\hybridzip\results\experiments\hybridzip-r2-e6-fast-full-20260828-retry1\children\hybridzip-r2-e6-fast-full-20260828-retry1-fast-b64-r0\inputs\32KiB\xml.bin"" ""E:\MIXER\hybridzip\results\experiments\hybridzip-r2-e6-fast-full-20260828-retry1\children\hybridzip-r2-e6-fast-full-20260828-retry1-fast-b64-r0\archives\32KiB\xml.hz2""","""E:\MIXER\hybridzip\build\Release\hybridzip.exe"" d ""E:\MIXER\hybridzip\results\experiments\hybridzip-r2-e6-fast-full-20260828-retry1\children\hybridzip-r2-e6-fast-full-20260828-retry1-fast-b64-r0\archives\32KiB\xml.hz2"" ""E:\MIXER\hybridzip\results\experiments\hybridzip-r2-e6-fast-full-20260828-retry1\children\hybridzip-r2-e6-fast-full-20260828-retry1-fast-b64-r0\decoded\32KiB\xml.decoded""","0","0","2026-08-28T02:38:28.4705276+08:00","COMPLETE","PASS","zstd=1","Complete R2 archive size; SHA-256 byte-exact roundtrip verified."
"e6-fast","fast","64","0","True","0","0","none","hybridzip-r2-e6-fast-full-20260828-retry1-fast-b64-r0","r2-fast","1","35","xml","64","inputs/64KiB/xml.bin","65536","E32AFF2BEBF00105A17DD57F5490C1986D17543CEE837B42EB56B3E0E6F8E7F1","archives/64KiB/xml.hz2","6163","B6580EA52F378B6D7D189D50582EE49E313AA5616EBACEBADB0D85BAB17183A8","decoded/64KiB/xml.decoded","65536","E32AFF2BEBF00105A17DD57F5490C1986D17543CEE837B42EB56B3E0E6F8E7F1","0.0430588","0.0498384","2.02734375","2.02734375","2.02734375","E65526F9DFF3F93844E004D63C7B2A4E4F219B5EAB3F1B3D3ABCF0B301F65003","profile_id=2;mode=fast;block_size=65536;zstd_level=3;lzma_level=9;threads=1;process_timeout_seconds=3600","""E:\MIXER\hybridzip\build\Release\hybridzip.exe"" c --profile=r2 --r2-mode=fast --block-size=65536 --zstd-level=3 ""E:\MIXER\hybridzip\results\experiments\hybridzip-r2-e6-fast-full-20260828-retry1\children\hybridzip-r2-e6-fast-full-20260828-retry1-fast-b64-r0\inputs\64KiB\xml.bin"" ""E:\MIXER\hybridzip\results\experiments\hybridzip-r2-e6-fast-full-20260828-retry1\children\hybridzip-r2-e6-fast-full-20260828-retry1-fast-b64-r0\archives\64KiB\xml.hz2""","""E:\MIXER\hybridzip\build\Release\hybridzip.exe"" d ""E:\MIXER\hybridzip\results\experiments\hybridzip-r2-e6-fast-full-20260828-retry1\children\hybridzip-r2-e6-fast-full-20260828-retry1-fast-b64-r0\archives\64KiB\xml.hz2"" ""E:\MIXER\hybridzip\results\experiments\hybridzip-r2-e6-fast-full-20260828-retry1\children\hybridzip-r2-e6-fast-full-20260828-retry1-fast-b64-r0\decoded\64KiB\xml.decoded""","0","0","2026-08-28T02:38:28.6227778+08:00","COMPLETE","PASS","zstd=1","Complete R2 archive size; SHA-256 byte-exact roundtrip verified."
"e6-fast","fast","64","0","True","0","0","none","hybridzip-r2-e6-fast-full-20260828-retry1-fast-b64-r0","r2-fast","1","36","xml","128","inputs/128KiB/xml.bin","131072","5FA29C746885F2EEB98734218475915A78092CCB3B0F68B08861EE210E5B6E25","archives/128KiB/xml.hz2","12622","19AA4652F5E4444902107F4048029D0455120561D8EFF6F8E0D6B8560B110F30","decoded/128KiB/xml.decoded","131072","5FA29C746885F2EEB98734218475915A78092CCB3B0F68B08861EE210E5B6E25","0.0573262","0.0502711","2.02734375","2.0234375","2.02734375","E65526F9DFF3F93844E004D63C7B2A4E4F219B5EAB3F1B3D3ABCF0B301F65003","profile_id=2;mode=fast;block_size=65536;zstd_level=3;lzma_level=9;threads=1;process_timeout_seconds=3600","""E:\MIXER\hybridzip\build\Release\hybridzip.exe"" c --profile=r2 --r2-mode=fast --block-size=65536 --zstd-level=3 ""E:\MIXER\hybridzip\results\experiments\hybridzip-r2-e6-fast-full-20260828-retry1\children\hybridzip-r2-e6-fast-full-20260828-retry1-fast-b64-r0\inputs\128KiB\xml.bin"" ""E:\MIXER\hybridzip\results\experiments\hybridzip-r2-e6-fast-full-20260828-retry1\children\hybridzip-r2-e6-fast-full-20260828-retry1-fast-b64-r0\archives\128KiB\xml.hz2""","""E:\MIXER\hybridzip\build\Release\hybridzip.exe"" d ""E:\MIXER\hybridzip\results\experiments\hybridzip-r2-e6-fast-full-20260828-retry1\children\hybridzip-r2-e6-fast-full-20260828-retry1-fast-b64-r0\archives\128KiB\xml.hz2"" ""E:\MIXER\hybridzip\results\experiments\hybridzip-r2-e6-fast-full-20260828-retry1\children\hybridzip-r2-e6-fast-full-20260828-retry1-fast-b64-r0\decoded\128KiB\xml.decoded""","0","0","2026-08-28T02:38:28.7798748+08:00","COMPLETE","PASS","zstd=2","Complete R2 archive size; SHA-256 byte-exact roundtrip verified."
"e6-fast","fast","64","1","False","0","0","none","hybridzip-r2-e6-fast-full-20260828-retry1-fast-b64-r1","r2-fast","1","1","dickens","32","inputs/32KiB/dickens.bin","32768","FC42DCB9849222C8704C9DCAE606D075B389B66244FB215035148D6409EC0B31","archives/32KiB/dickens.hz2","14205","6D18DDEEE2B3A80D5924DB5B3CDCFE7B9566C2EE107DECCABA4934FA634ABB13","decoded/32KiB/dickens.decoded","32768","FC42DCB9849222C8704C9DCAE606D075B389B66244FB215035148D6409EC0B31","0.0511394","0.0503124","4.99609375","2.02734375","4.99609375","E65526F9DFF3F93844E004D63C7B2A4E4F219B5EAB3F1B3D3ABCF0B301F65003","profile_id=2;mode=fast;block_size=65536;zstd_level=3;lzma_level=9;threads=1;process_timeout_seconds=3600","""E:\MIXER\hybridzip\build\Release\hybridzip.exe"" c --profile=r2 --r2-mode=fast --block-size=65536 --zstd-level=3 ""E:\MIXER\hybridzip\results\experiments\hybridzip-r2-e6-fast-full-20260828-retry1\children\hybridzip-r2-e6-fast-full-20260828-retry1-fast-b64-r1\inputs\32KiB\dickens.bin"" ""E:\MIXER\hybridzip\results\experiments\hybridzip-r2-e6-fast-full-20260828-retry1\children\hybridzip-r2-e6-fast-full-20260828-retry1-fast-b64-r1\archives\32KiB\dickens.hz2""","""E:\MIXER\hybridzip\build\Release\hybridzip.exe"" d ""E:\MIXER\hybridzip\results\experiments\hybridzip-r2-e6-fast-full-20260828-retry1\children\hybridzip-r2-e6-fast-full-20260828-retry1-fast-b64-r1\archives\32KiB\dickens.hz2"" ""E:\MIXER\hybridzip\results\experiments\hybridzip-r2-e6-fast-full-20260828-retry1\children\hybridzip-r2-e6-fast-full-20260828-retry1-fast-b64-r1\decoded\32KiB\dickens.decoded""","0","0","2026-08-28T02:38:30.0931407+08:00","COMPLETE","PASS","zstd=1","Complete R2 archive size; SHA-256 byte-exact roundtrip verified."
"e6-fast","fast","64","1","False","0","0","none","hybridzip-r2-e6-fast-full-20260828-retry1-fast-b64-r1","r2-fast","1","2","dickens","64","inputs/64KiB/dickens.bin","65536","134AD989A7B8B40C900A3B9C0F4895317DFD827D9E6E933895B08D2F4A8A8293","archives/64KiB/dickens.hz2","27192","6F3323E27CEC9D5203E0CDEFE5AF55345CB4AF8D57AF882704791D3D8F8CE1DF","decoded/64KiB/dickens.decoded","65536","134AD989A7B8B40C900A3B9C0F4895317DFD827D9E6E933895B08D2F4A8A8293","0.0481375","0.047304","2.02734375","4.5234375","4.5234375","E65526F9DFF3F93844E004D63C7B2A4E4F219B5EAB3F1B3D3ABCF0B301F65003","profile_id=2;mode=fast;block_size=65536;zstd_level=3;lzma_level=9;threads=1;process_timeout_seconds=3600","""E:\MIXER\hybridzip\build\Release\hybridzip.exe"" c --profile=r2 --r2-mode=fast --block-size=65536 --zstd-level=3 ""E:\MIXER\hybridzip\results\experiments\hybridzip-r2-e6-fast-full-20260828-retry1\children\hybridzip-r2-e6-fast-full-20260828-retry1-fast-b64-r1\inputs\64KiB\dickens.bin"" ""E:\MIXER\hybridzip\results\experiments\hybridzip-r2-e6-fast-full-20260828-retry1\children\hybridzip-r2-e6-fast-full-20260828-retry1-fast-b64-r1\archives\64KiB\dickens.hz2""","""E:\MIXER\hybridzip\build\Release\hybridzip.exe"" d ""E:\MIXER\hybridzip\results\experiments\hybridzip-r2-e6-fast-full-20260828-retry1\children\hybridzip-r2-e6-fast-full-20260828-retry1-fast-b64-r1\archives\64KiB\dickens.hz2"" ""E:\MIXER\hybridzip\results\experiments\hybridzip-r2-e6-fast-full-20260828-retry1\children\hybridzip-r2-e6-fast-full-20260828-retry1-fast-b64-r1\decoded\64KiB\dickens.decoded""","0","0","2026-08-28T02:38:30.2578771+08:00","COMPLETE","PASS","zstd=1","Complete R2 archive size; SHA-256 byte-exact roundtrip verified."
"e6-fast","fast","64","1","False","0","0","none","hybridzip-r2-e6-fast-full-20260828-retry1-fast-b64-r1","r2-fast","1","3","dickens","128","inputs/128KiB/dickens.bin","131072","20E33FCC8FAA96DC32A2D0921115C0F363E64C598A5847CE1A3876E356D59872","archives/128KiB/dickens.hz2","53619","8B19DBB58BFCE87FE854CDCBBCC7613B2FC08ABA86DE0AE85368576A9F6D78DD","decoded/128KiB/dickens.decoded","131072","20E33FCC8FAA96DC32A2D0921115C0F363E64C598A5847CE1A3876E356D59872","0.0413664","0.0466583","2.02734375","2.72265625","2.72265625","E65526F9DFF3F93844E004D63C7B2A4E4F219B5EAB3F1B3D3ABCF0B301F65003","profile_id=2;mode=fast;block_size=65536;zstd_level=3;lzma_level=9;threads=1;process_timeout_seconds=3600","""E:\MIXER\hybridzip\build\Release\hybridzip.exe"" c --profile=r2 --r2-mode=fast --block-size=65536 --zstd-level=3 ""E:\MIXER\hybridzip\results\experiments\hybridzip-r2-e6-fast-full-20260828-retry1\children\hybridzip-r2-e6-fast-full-20260828-retry1-fast-b64-r1\inputs\128KiB\dickens.bin"" ""E:\MIXER\hybridzip\results\experiments\hybridzip-r2-e6-fast-full-20260828-retry1\children\hybridzip-r2-e6-fast-full-20260828-retry1-fast-b64-r1\archives\128KiB\dickens.hz2""","""E:\MIXER\hybridzip\build\Release\hybridzip.exe"" d ""E:\MIXER\hybridzip\results\experiments\hybridzip-r2-e6-fast-full-20260828-retry1\children\hybridzip-r2-e6-fast-full-20260828-retry1-fast-b64-r1\archives\128KiB\dickens.hz2"" ""E:\MIXER\hybridzip\results\experiments\hybridzip-r2-e6-fast-full-20260828-retry1\children\hybridzip-r2-e6-fast-full-20260828-retry1-fast-b64-r1\decoded\128KiB\dickens.decoded""","0","0","2026-08-28T02:38:30.4192086+08:00","COMPLETE","PASS","zstd=2","Complete R2 archive size; SHA-256 byte-exact roundtrip verified."
"e6-fast","fast","64","1","False","0","0","none","hybridzip-r2-e6-fast-full-20260828-retry1-fast-b64-r1","r2-fast","1","4","mozilla","32","inputs/32KiB/mozilla.bin","32768","9DDEEF36CA0CA55B72FE3376D005926DFF3400A2ADE6EAE18482D8017D8645DB","archives/32KiB/mozilla.hz2","11272","50DC99B782A9E06030C9C84A38AF55A7183E5E44728A3A821073143B4BC1AD9D","decoded/32KiB/mozilla.decoded","32768","9DDEEF36CA0CA55B72FE3376D005926DFF3400A2ADE6EAE18482D8017D8645DB","0.041222","0.047674","2.02734375","4.453125","4.453125","E65526F9DFF3F93844E004D63C7B2A4E4F219B5EAB3F1B3D3ABCF0B301F65003","profile_id=2;mode=fast;block_size=65536;zstd_level=3;lzma_level=9;threads=1;process_timeout_seconds=3600","""E:\MIXER\hybridzip\build\Release\hybridzip.exe"" c --profile=r2 --r2-mode=fast --block-size=65536 --zstd-level=3 ""E:\MIXER\hybridzip\results\experiments\hybridzip-r2-e6-fast-full-20260828-retry1\children\hybridzip-r2-e6-fast-full-20260828-retry1-fast-b64-r1\inputs\32KiB\mozilla.bin"" ""E:\MIXER\hybridzip\results\experiments\hybridzip-r2-e6-fast-full-20260828-retry1\children\hybridzip-r2-e6-fast-full-20260828-retry1-fast-b64-r1\archives\32KiB\mozilla.hz2""","""E:\MIXER\hybridzip\build\Release\hybridzip.exe"" d ""E:\MIXER\hybridzip\results\experiments\hybridzip-r2-e6-fast-full-20260828-retry1\children\hybridzip-r2-e6-fast-full-20260828-retry1-fast-b64-r1\archives\32KiB\mozilla.hz2"" ""E:\MIXER\hybridzip\results\experiments\hybridzip-r2-e6-fast-full-20260828-retry1\children\hybridzip-r2-e6-fast-full-20260828-retry1-fast-b64-r1\decoded\32KiB\mozilla.decoded""","0","0","2026-08-28T02:38:30.5801221+08:00","COMPLETE","PASS","zstd=1","Complete R2 archive size; SHA-256 byte-exact roundtrip verified."
"e6-fast","fast","64","1","False","0","0","none","hybridzip-r2-e6-fast-full-20260828-retry1-fast-b64-r1","r2-fast","1","5","mozilla","64","inputs/64KiB/mozilla.bin","65536","B0050240663F54371D372303EEABA0A59AB0758BCD565F4F639D06561E6BC996","archives/64KiB/mozilla.hz2","15985","EDF269DB62D5B452DD70A6AA5D0F23C88B8E0D16D83FF6C52991D3A12142373B","decoded/64KiB/mozilla.decoded","65536","B0050240663F54371D372303EEABA0A59AB0758BCD565F4F639D06561E6BC996","0.0459316","0.0618472","2.02734375","3.85546875","3.85546875","E65526F9DFF3F93844E004D63C7B2A4E4F219B5EAB3F1B3D3ABCF0B301F65003","profile_id=2;mode=fast;block_size=65536;zstd_level=3;lzma_level=9;threads=1;process_timeout_seconds=3600","""E:\MIXER\hybridzip\build\Release\hybridzip.exe"" c --profile=r2 --r2-mode=fast --block-size=65536 --zstd-level=3 ""E:\MIXER\hybridzip\results\experiments\hybridzip-r2-e6-fast-full-20260828-retry1\children\hybridzip-r2-e6-fast-full-20260828-retry1-fast-b64-r1\inputs\64KiB\mozilla.bin"" ""E:\MIXER\hybridzip\results\experiments\hybridzip-r2-e6-fast-full-20260828-retry1\children\hybridzip-r2-e6-fast-full-20260828-retry1-fast-b64-r1\archives\64KiB\mozilla.hz2""","""E:\MIXER\hybridzip\build\Release\hybridzip.exe"" d ""E:\MIXER\hybridzip\results\experiments\hybridzip-r2-e6-fast-full-20260828-retry1\children\hybridzip-r2-e6-fast-full-20260828-retry1-fast-b64-r1\archives\64KiB\mozilla.hz2"" ""E:\MIXER\hybridzip\results\experiments\hybridzip-r2-e6-fast-full-20260828-retry1\children\hybridzip-r2-e6-fast-full-20260828-retry1-fast-b64-r1\decoded\64KiB\mozilla.decoded""","0","0","2026-08-28T02:38:30.7330000+08:00","COMPLETE","PASS","zstd=1","Complete R2 archive size; SHA-256 byte-exact roundtrip verified."
"e6-fast","fast","64","1","False","0","0","none","hybridzip-r2-e6-fast-full-20260828-retry1-fast-b64-r1","r2-fast","1","6","mozilla","128","inputs/128KiB/mozilla.bin","131072","85CDBEA98382DB12E9A21FF90E1907452712D074000A6B855D2CA215FA591EB4","archives/128KiB/mozilla.hz2","24002","F48B079696ECCFB384679229451B9F16AA128345BE0DEFDEF53D451307AFD414","decoded/128KiB/mozilla.decoded","131072","85CDBEA98382DB12E9A21FF90E1907452712D074000A6B855D2CA215FA591EB4","0.0480143","0.045086","2.02734375","2.02734375","2.02734375","E65526F9DFF3F93844E004D63C7B2A4E4F219B5EAB3F1B3D3ABCF0B301F65003","profile_id=2;mode=fast;block_size=65536;zstd_level=3;lzma_level=9;threads=1;process_timeout_seconds=3600","""E:\MIXER\hybridzip\build\Release\hybridzip.exe"" c --profile=r2 --r2-mode=fast --block-size=65536 --zstd-level=3 ""E:\MIXER\hybridzip\results\experiments\hybridzip-r2-e6-fast-full-20260828-retry1\children\hybridzip-r2-e6-fast-full-20260828-retry1-fast-b64-r1\inputs\128KiB\mozilla.bin"" ""E:\MIXER\hybridzip\results\experiments\hybridzip-r2-e6-fast-full-20260828-retry1\children\hybridzip-r2-e6-fast-full-20260828-retry1-fast-b64-r1\archives\128KiB\mozilla.hz2""","""E:\MIXER\hybridzip\build\Release\hybridzip.exe"" d ""E:\MIXER\hybridzip\results\experiments\hybridzip-r2-e6-fast-full-20260828-retry1\children\hybridzip-r2-e6-fast-full-20260828-retry1-fast-b64-r1\archives\128KiB\mozilla.hz2"" ""E:\MIXER\hybridzip\results\experiments\hybridzip-r2-e6-fast-full-20260828-retry1\children\hybridzip-r2-e6-fast-full-20260828-retry1-fast-b64-r1\decoded\128KiB\mozilla.decoded""","0","0","2026-08-28T02:38:30.9048908+08:00","COMPLETE","PASS","zstd=2","Complete R2 archive size; SHA-256 byte-exact roundtrip verified."
"e6-fast","fast","64","1","False","0","0","none","hybridzip-r2-e6-fast-full-20260828-retry1-fast-b64-r1","r2-fast","1","7","mr","32","inputs/32KiB/mr.bin","32768","3BB287B0AF65F777AB00C14E362B4D1962087260556001BBEE0689AA10D9F76A","archives/32KiB/mr.hz2","8875","2EEB3B80D287AF3EC5B55951228E35D3921843B5183F3BE70EE7E803777F3498","decoded/32KiB/mr.decoded","32768","3BB287B0AF65F777AB00C14E362B4D1962087260556001BBEE0689AA10D9F76A","0.0577789","0.048498","2.02734375","4.4453125","4.4453125","E65526F9DFF3F93844E004D63C7B2A4E4F219B5EAB3F1B3D3ABCF0B301F65003","profile_id=2;mode=fast;block_size=65536;zstd_level=3;lzma_level=9;threads=1;process_timeout_seconds=3600","""E:\MIXER\hybridzip\build\Release\hybridzip.exe"" c --profile=r2 --r2-mode=fast --block-size=65536 --zstd-level=3 ""E:\MIXER\hybridzip\results\experiments\hybridzip-r2-e6-fast-full-20260828-retry1\children\hybridzip-r2-e6-fast-full-20260828-retry1-fast-b64-r1\inputs\32KiB\mr.bin"" ""E:\MIXER\hybridzip\results\experiments\hybridzip-r2-e6-fast-full-20260828-retry1\children\hybridzip-r2-e6-fast-full-20260828-retry1-fast-b64-r1\archives\32KiB\mr.hz2""","""E:\MIXER\hybridzip\build\Release\hybridzip.exe"" d ""E:\MIXER\hybridzip\results\experiments\hybridzip-r2-e6-fast-full-20260828-retry1\children\hybridzip-r2-e6-fast-full-20260828-retry1-fast-b64-r1\archives\32KiB\mr.hz2"" ""E:\MIXER\hybridzip\results\experiments\hybridzip-r2-e6-fast-full-20260828-retry1\children\hybridzip-r2-e6-fast-full-20260828-retry1-fast-b64-r1\decoded\32KiB\mr.decoded""","0","0","2026-08-28T02:38:31.0623367+08:00","COMPLETE","PASS","zstd=1","Complete R2 archive size; SHA-256 byte-exact roundtrip verified."
"e6-fast","fast","64","1","False","0","0","none","hybridzip-r2-e6-fast-full-20260828-retry1-fast-b64-r1","r2-fast","1","8","mr","64","inputs/64KiB/mr.bin","65536","CAB7B6408934009A4BBFEDB57BEB4943BF5478CF8B3688D01F004E0422EBC651","archives/64KiB/mr.hz2","17591","0049C82A6D13A17055409FABF83EE03550302023DED72E4EE68C073E9F41B447","decoded/64KiB/mr.decoded","65536","CAB7B6408934009A4BBFEDB57BEB4943BF5478CF8B3688D01F004E0422EBC651","0.0578859","0.04691","5.1640625","4.51171875","5.1640625","E65526F9DFF3F93844E004D63C7B2A4E4F219B5EAB3F1B3D3ABCF0B301F65003","profile_id=2;mode=fast;block_size=65536;zstd_level=3;lzma_level=9;threads=1;process_timeout_seconds=3600","""E:\MIXER\hybridzip\build\Release\hybridzip.exe"" c --profile=r2 --r2-mode=fast --block-size=65536 --zstd-level=3 ""E:\MIXER\hybridzip\results\experiments\hybridzip-r2-e6-fast-full-20260828-retry1\children\hybridzip-r2-e6-fast-full-20260828-retry1-fast-b64-r1\inputs\64KiB\mr.bin"" ""E:\MIXER\hybridzip\results\experiments\hybridzip-r2-e6-fast-full-20260828-retry1\children\hybridzip-r2-e6-fast-full-20260828-retry1-fast-b64-r1\archives\64KiB\mr.hz2""","""E:\MIXER\hybridzip\build\Release\hybridzip.exe"" d ""E:\MIXER\hybridzip\results\experiments\hybridzip-r2-e6-fast-full-20260828-retry1\children\hybridzip-r2-e6-fast-full-20260828-retry1-fast-b64-r1\archives\64KiB\mr.hz2"" ""E:\MIXER\hybridzip\results\experiments\hybridzip-r2-e6-fast-full-20260828-retry1\children\hybridzip-r2-e6-fast-full-20260828-retry1-fast-b64-r1\decoded\64KiB\mr.decoded""","0","0","2026-08-28T02:38:31.2331820+08:00","COMPLETE","PASS","zstd=1","Complete R2 archive size; SHA-256 byte-exact roundtrip verified."
"e6-fast","fast","64","1","False","0","0","none","hybridzip-r2-e6-fast-full-20260828-retry1-fast-b64-r1","r2-fast","1","9","mr","128","inputs/128KiB/mr.bin","131072","473A6A883480C7B2E69402AD888AC07B347C2DF61C6AA0D84E8B8130A27792EA","archives/128KiB/mr.hz2","34478","DA60B6C9474E21BAE4E831025DDA8B0A92F5E0C338EE73E324C9483B852FC9D3","decoded/128KiB/mr.decoded","131072","473A6A883480C7B2E69402AD888AC07B347C2DF61C6AA0D84E8B8130A27792EA","0.0443314","0.0442907","2.02734375","2.02734375","2.02734375","E65526F9DFF3F93844E004D63C7B2A4E4F219B5EAB3F1B3D3ABCF0B301F65003","profile_id=2;mode=fast;block_size=65536;zstd_level=3;lzma_level=9;threads=1;process_timeout_seconds=3600","""E:\MIXER\hybridzip\build\Release\hybridzip.exe"" c --profile=r2 --r2-mode=fast --block-size=65536 --zstd-level=3 ""E:\MIXER\hybridzip\results\experiments\hybridzip-r2-e6-fast-full-20260828-retry1\children\hybridzip-r2-e6-fast-full-20260828-retry1-fast-b64-r1\inputs\128KiB\mr.bin"" ""E:\MIXER\hybridzip\results\experiments\hybridzip-r2-e6-fast-full-20260828-retry1\children\hybridzip-r2-e6-fast-full-20260828-retry1-fast-b64-r1\archives\128KiB\mr.hz2""","""E:\MIXER\hybridzip\build\Release\hybridzip.exe"" d ""E:\MIXER\hybridzip\results\experiments\hybridzip-r2-e6-fast-full-20260828-retry1\children\hybridzip-r2-e6-fast-full-20260828-retry1-fast-b64-r1\archives\128KiB\mr.hz2"" ""E:\MIXER\hybridzip\results\experiments\hybridzip-r2-e6-fast-full-20260828-retry1\children\hybridzip-r2-e6-fast-full-20260828-retry1-fast-b64-r1\decoded\128KiB\mr.decoded""","0","0","2026-08-28T02:38:31.4036820+08:00","COMPLETE","PASS","zstd=2","Complete R2 archive size; SHA-256 byte-exact roundtrip verified."
"e6-fast","fast","64","1","False","0","0","none","hybridzip-r2-e6-fast-full-20260828-retry1-fast-b64-r1","r2-fast","1","10","nci","32","inputs/32KiB/nci.bin","32768","0D3034FE8B0E573DE1439ED98CE409B83B13E5895085C9BFB0BF980F4962FB79","archives/32KiB/nci.hz2","3102","91EB7CCE5C2847DBB7EDA4797432B8AC1364032F7BA85B80F00FB12E5812206F","decoded/32KiB/nci.decoded","32768","0D3034FE8B0E573DE1439ED98CE409B83B13E5895085C9BFB0BF980F4962FB79","0.0416561","0.0507166","2.02734375","2.02734375","2.02734375","E65526F9DFF3F93844E004D63C7B2A4E4F219B5EAB3F1B3D3ABCF0B301F65003","profile_id=2;mode=fast;block_size=65536;zstd_level=3;lzma_level=9;threads=1;process_timeout_seconds=3600","""E:\MIXER\hybridzip\build\Release\hybridzip.exe"" c --profile=r2 --r2-mode=fast --block-size=65536 --zstd-level=3 ""E:\MIXER\hybridzip\results\experiments\hybridzip-r2-e6-fast-full-20260828-retry1\children\hybridzip-r2-e6-fast-full-20260828-retry1-fast-b64-r1\inputs\32KiB\nci.bin"" ""E:\MIXER\hybridzip\results\experiments\hybridzip-r2-e6-fast-full-20260828-retry1\children\hybridzip-r2-e6-fast-full-20260828-retry1-fast-b64-r1\archives\32KiB\nci.hz2""","""E:\MIXER\hybridzip\build\Release\hybridzip.exe"" d ""E:\MIXER\hybridzip\results\experiments\hybridzip-r2-e6-fast-full-20260828-retry1\children\hybridzip-r2-e6-fast-full-20260828-retry1-fast-b64-r1\archives\32KiB\nci.hz2"" ""E:\MIXER\hybridzip\results\experiments\hybridzip-r2-e6-fast-full-20260828-retry1\children\hybridzip-r2-e6-fast-full-20260828-retry1-fast-b64-r1\decoded\32KiB\nci.decoded""","0","0","2026-08-28T02:38:31.5608756+08:00","COMPLETE","PASS","zstd=1","Complete R2 archive size; SHA-256 byte-exact roundtrip verified."
"e6-fast","fast","64","1","False","0","0","none","hybridzip-r2-e6-fast-full-20260828-retry1-fast-b64-r1","r2-fast","1","11","nci","64","inputs/64KiB/nci.bin","65536","B01B411AC3B5CE2FBF37242C0C59D2D236D2F7039937C1B1A0F18F4CC02549FE","archives/64KiB/nci.hz2","5294","14C56A8AA99BD1B16A5F2AB1C227315A7192CB4B1638E7422E08F178C56E0293","decoded/64KiB/nci.decoded","65536","B01B411AC3B5CE2FBF37242C0C59D2D236D2F7039937C1B1A0F18F4CC02549FE","0.0433881","0.0657236","2.02734375","4.48828125","4.48828125","E65526F9DFF3F93844E004D63C7B2A4E4F219B5EAB3F1B3D3ABCF0B301F65003","profile_id=2;mode=fast;block_size=65536;zstd_level=3;lzma_level=9;threads=1;process_timeout_seconds=3600","""E:\MIXER\hybridzip\build\Release\hybridzip.exe"" c --profile=r2 --r2-mode=fast --block-size=65536 --zstd-level=3 ""E:\MIXER\hybridzip\results\experiments\hybridzip-r2-e6-fast-full-20260828-retry1\children\hybridzip-r2-e6-fast-full-20260828-retry1-fast-b64-r1\inputs\64KiB\nci.bin"" ""E:\MIXER\hybridzip\results\experiments\hybridzip-r2-e6-fast-full-20260828-retry1\children\hybridzip-r2-e6-fast-full-20260828-retry1-fast-b64-r1\archives\64KiB\nci.hz2""","""E:\MIXER\hybridzip\build\Release\hybridzip.exe"" d ""E:\MIXER\hybridzip\results\experiments\hybridzip-r2-e6-fast-full-20260828-retry1\children\hybridzip-r2-e6-fast-full-20260828-retry1-fast-b64-r1\archives\64KiB\nci.hz2"" ""E:\MIXER\hybridzip\results\experiments\hybridzip-r2-e6-fast-full-20260828-retry1\children\hybridzip-r2-e6-fast-full-20260828-retry1-fast-b64-r1\decoded\64KiB\nci.decoded""","0","0","2026-08-28T02:38:31.7188398+08:00","COMPLETE","PASS","zstd=1","Complete R2 archive size; SHA-256 byte-exact roundtrip verified."
"e6-fast","fast","64","1","False","0","0","none","hybridzip-r2-e6-fast-full-20260828-retry1-fast-b64-r1","r2-fast","1","12","nci","128","inputs/128KiB/nci.bin","131072","C8A1D610355E5EF900ED4C704DF14ADF1935D95DFD8F1740AC9FD90FC9BF5781","archives/128KiB/nci.hz2","11819","DECB82FF6307CCBD33FA64AAF68B5C56B3311941A8C6CC9368FEAFFBD7EB8D4D","decoded/128KiB/nci.decoded","131072","C8A1D610355E5EF900ED4C704DF14ADF1935D95DFD8F1740AC9FD90FC9BF5781","0.0580616","0.050462","2.02734375","4.515625","4.515625","E65526F9DFF3F93844E004D63C7B2A4E4F219B5EAB3F1B3D3ABCF0B301F65003","profile_id=2;mode=fast;block_size=65536;zstd_level=3;lzma_level=9;threads=1;process_timeout_seconds=3600","""E:\MIXER\hybridzip\build\Release\hybridzip.exe"" c --profile=r2 --r2-mode=fast --block-size=65536 --zstd-level=3 ""E:\MIXER\hybridzip\results\experiments\hybridzip-r2-e6-fast-full-20260828-retry1\children\hybridzip-r2-e6-fast-full-20260828-retry1-fast-b64-r1\inputs\128KiB\nci.bin"" ""E:\MIXER\hybridzip\results\experiments\hybridzip-r2-e6-fast-full-20260828-retry1\children\hybridzip-r2-e6-fast-full-20260828-retry1-fast-b64-r1\archives\128KiB\nci.hz2""","""E:\MIXER\hybridzip\build\Release\hybridzip.exe"" d ""E:\MIXER\hybridzip\results\experiments\hybridzip-r2-e6-fast-full-20260828-retry1\children\hybridzip-r2-e6-fast-full-20260828-retry1-fast-b64-r1\archives\128KiB\nci.hz2"" ""E:\MIXER\hybridzip\results\experiments\hybridzip-r2-e6-fast-full-20260828-retry1\children\hybridzip-r2-e6-fast-full-20260828-retry1-fast-b64-r1\decoded\128KiB\nci.decoded""","0","0","2026-08-28T02:38:31.8924261+08:00","COMPLETE","PASS","zstd=2","Complete R2 archive size; SHA-256 byte-exact roundtrip verified."
"e6-fast","fast","64","1","False","0","0","none","hybridzip-r2-e6-fast-full-20260828-retry1-fast-b64-r1","r2-fast","1","13","ooffice","32","inputs/32KiB/ooffice.bin","32768","2ACF9B4CAAEAC5814CDFEF0FA48A5ECE857C847DBDB7B44EEAB95CA3C098921C","archives/32KiB/ooffice.hz2","14873","FEC09556597029936E6B57D61901FF20630CBE875EC44D9E4B4C0B2DC91DEB08","decoded/32KiB/ooffice.decoded","32768","2ACF9B4CAAEAC5814CDFEF0FA48A5ECE857C847DBDB7B44EEAB95CA3C098921C","0.044141","0.0497254","2.02734375","2.02734375","2.02734375","E65526F9DFF3F93844E004D63C7B2A4E4F219B5EAB3F1B3D3ABCF0B301F65003","profile_id=2;mode=fast;block_size=65536;zstd_level=3;lzma_level=9;threads=1;process_timeout_seconds=3600","""E:\MIXER\hybridzip\build\Release\hybridzip.exe"" c --profile=r2 --r2-mode=fast --block-size=65536 --zstd-level=3 ""E:\MIXER\hybridzip\results\experiments\hybridzip-r2-e6-fast-full-20260828-retry1\children\hybridzip-r2-e6-fast-full-20260828-retry1-fast-b64-r1\inputs\32KiB\ooffice.bin"" ""E:\MIXER\hybridzip\results\experiments\hybridzip-r2-e6-fast-full-20260828-retry1\children\hybridzip-r2-e6-fast-full-20260828-retry1-fast-b64-r1\archives\32KiB\ooffice.hz2""","""E:\MIXER\hybridzip\build\Release\hybridzip.exe"" d ""E:\MIXER\hybridzip\results\experiments\hybridzip-r2-e6-fast-full-20260828-retry1\children\hybridzip-r2-e6-fast-full-20260828-retry1-fast-b64-r1\archives\32KiB\ooffice.hz2"" ""E:\MIXER\hybridzip\results\experiments\hybridzip-r2-e6-fast-full-20260828-retry1\children\hybridzip-r2-e6-fast-full-20260828-retry1-fast-b64-r1\decoded\32KiB\ooffice.decoded""","0","0","2026-08-28T02:38:32.0662107+08:00","COMPLETE","PASS","zstd=1","Complete R2 archive size; SHA-256 byte-exact roundtrip verified."
"e6-fast","fast","64","1","False","0","0","none","hybridzip-r2-e6-fast-full-20260828-retry1-fast-b64-r1","r2-fast","1","14","ooffice","64","inputs/64KiB/ooffice.bin","65536","9D30521922187D0A26F56CF2DF85001F9585D0D4EC6A0A8797466AFCC367F825","archives/64KiB/ooffice.hz2","34284","D446A858F716B5741517702EA1A3C35406C335DDCB953A67F1F69B0C13B27B7A","decoded/64KiB/ooffice.decoded","65536","9D30521922187D0A26F56CF2DF85001F9585D0D4EC6A0A8797466AFCC367F825","0.0461038","0.0435736","2.02734375","2.02734375","2.02734375","E65526F9DFF3F93844E004D63C7B2A4E4F219B5EAB3F1B3D3ABCF0B301F65003","profile_id=2;mode=fast;block_size=65536;zstd_level=3;lzma_level=9;threads=1;process_timeout_seconds=3600","""E:\MIXER\hybridzip\build\Release\hybridzip.exe"" c --profile=r2 --r2-mode=fast --block-size=65536 --zstd-level=3 ""E:\MIXER\hybridzip\results\experiments\hybridzip-r2-e6-fast-full-20260828-retry1\children\hybridzip-r2-e6-fast-full-20260828-retry1-fast-b64-r1\inputs\64KiB\ooffice.bin"" ""E:\MIXER\hybridzip\results\experiments\hybridzip-r2-e6-fast-full-20260828-retry1\children\hybridzip-r2-e6-fast-full-20260828-retry1-fast-b64-r1\archives\64KiB\ooffice.hz2""","""E:\MIXER\hybridzip\build\Release\hybridzip.exe"" d ""E:\MIXER\hybridzip\results\experiments\hybridzip-r2-e6-fast-full-20260828-retry1\children\hybridzip-r2-e6-fast-full-20260828-retry1-fast-b64-r1\archives\64KiB\ooffice.hz2"" ""E:\MIXER\hybridzip\results\experiments\hybridzip-r2-e6-fast-full-20260828-retry1\children\hybridzip-r2-e6-fast-full-20260828-retry1-fast-b64-r1\decoded\64KiB\ooffice.decoded""","0","0","2026-08-28T02:38:32.2417034+08:00","COMPLETE","PASS","zstd=1","Complete R2 archive size; SHA-256 byte-exact roundtrip verified."
"e6-fast","fast","64","1","False","0","0","none","hybridzip-r2-e6-fast-full-20260828-retry1-fast-b64-r1","r2-fast","1","15","ooffice","128","inputs/128KiB/ooffice.bin","131072","09FA5F3EE5311528863F8C3FADA3B530CC24AC1D88128E4DB2BF434161879FEF","archives/128KiB/ooffice.hz2","73134","C9F36D21FC1E53673A811B11BEA3DCDF1AECC66744D960BEF3CDCED6930E0677","decoded/128KiB/ooffice.decoded","131072","09FA5F3EE5311528863F8C3FADA3B530CC24AC1D88128E4DB2BF434161879FEF","0.0503012","0.0481572","5.16015625","3.859375","5.16015625","E65526F9DFF3F93844E004D63C7B2A4E4F219B5EAB3F1B3D3ABCF0B301F65003","profile_id=2;mode=fast;block_size=65536;zstd_level=3;lzma_level=9;threads=1;process_timeout_seconds=3600","""E:\MIXER\hybridzip\build\Release\hybridzip.exe"" c --profile=r2 --r2-mode=fast --block-size=65536 --zstd-level=3 ""E:\MIXER\hybridzip\results\experiments\hybridzip-r2-e6-fast-full-20260828-retry1\children\hybridzip-r2-e6-fast-full-20260828-retry1-fast-b64-r1\inputs\128KiB\ooffice.bin"" ""E:\MIXER\hybridzip\results\experiments\hybridzip-r2-e6-fast-full-20260828-retry1\children\hybridzip-r2-e6-fast-full-20260828-retry1-fast-b64-r1\archives\128KiB\ooffice.hz2""","""E:\MIXER\hybridzip\build\Release\hybridzip.exe"" d ""E:\MIXER\hybridzip\results\experiments\hybridzip-r2-e6-fast-full-20260828-retry1\children\hybridzip-r2-e6-fast-full-20260828-retry1-fast-b64-r1\archives\128KiB\ooffice.hz2"" ""E:\MIXER\hybridzip\results\experiments\hybridzip-r2-e6-fast-full-20260828-retry1\children\hybridzip-r2-e6-fast-full-20260828-retry1-fast-b64-r1\decoded\128KiB\ooffice.decoded""","0","0","2026-08-28T02:38:32.4191559+08:00","COMPLETE","PASS","zstd=2","Complete R2 archive size; SHA-256 byte-exact roundtrip verified."
"e6-fast","fast","64","1","False","0","0","none","hybridzip-r2-e6-fast-full-20260828-retry1-fast-b64-r1","r2-fast","1","16","osdb","32","inputs/32KiB/osdb.bin","32768","03B2C20B777682CD960BCD893D7A4463161D9C0200FD1708B2EFAE32A259D0B7","archives/32KiB/osdb.hz2","15697","B1BF8ED6574FCF84843EA65C9B35A45657DE408EF27146AC48F0B06BC1715B65","decoded/32KiB/osdb.decoded","32768","03B2C20B777682CD960BCD893D7A4463161D9C0200FD1708B2EFAE32A259D0B7","0.0401588","0.0612267","2.02734375","4.21875","4.21875","E65526F9DFF3F93844E004D63C7B2A4E4F219B5EAB3F1B3D3ABCF0B301F65003","profile_id=2;mode=fast;block_size=65536;zstd_level=3;lzma_level=9;threads=1;process_timeout_seconds=3600","""E:\MIXER\hybridzip\build\Release\hybridzip.exe"" c --profile=r2 --r2-mode=fast --block-size=65536 --zstd-level=3 ""E:\MIXER\hybridzip\results\experiments\hybridzip-r2-e6-fast-full-20260828-retry1\children\hybridzip-r2-e6-fast-full-20260828-retry1-fast-b64-r1\inputs\32KiB\osdb.bin"" ""E:\MIXER\hybridzip\results\experiments\hybridzip-r2-e6-fast-full-20260828-retry1\children\hybridzip-r2-e6-fast-full-20260828-retry1-fast-b64-r1\archives\32KiB\osdb.hz2""","""E:\MIXER\hybridzip\build\Release\hybridzip.exe"" d ""E:\MIXER\hybridzip\results\experiments\hybridzip-r2-e6-fast-full-20260828-retry1\children\hybridzip-r2-e6-fast-full-20260828-retry1-fast-b64-r1\archives\32KiB\osdb.hz2"" ""E:\MIXER\hybridzip\results\experiments\hybridzip-r2-e6-fast-full-20260828-retry1\children\hybridzip-r2-e6-fast-full-20260828-retry1-fast-b64-r1\decoded\32KiB\osdb.decoded""","0","0","2026-08-28T02:38:32.6006071+08:00","COMPLETE","PASS","zstd=1","Complete R2 archive size; SHA-256 byte-exact roundtrip verified."
"e6-fast","fast","64","1","False","0","0","none","hybridzip-r2-e6-fast-full-20260828-retry1-fast-b64-r1","r2-fast","1","17","osdb","64","inputs/64KiB/osdb.bin","65536","F8FE629325A07588118BA0B65880A87DED43EF249CCBC91F0E977BBACAE0C125","archives/64KiB/osdb.hz2","27356","D425810BF3483F14A95A01CB72B86EEEDDF5AF70BEFCD965409B389B4D68461E","decoded/64KiB/osdb.decoded","65536","F8FE629325A07588118BA0B65880A87DED43EF249CCBC91F0E977BBACAE0C125","0.0549016","0.0644274","2.02734375","2.0234375","2.02734375","E65526F9DFF3F93844E004D63C7B2A4E4F219B5EAB3F1B3D3ABCF0B301F65003","profile_id=2;mode=fast;block_size=65536;zstd_level=3;lzma_level=9;threads=1;process_timeout_seconds=3600","""E:\MIXER\hybridzip\build\Release\hybridzip.exe"" c --profile=r2 --r2-mode=fast --block-size=65536 --zstd-level=3 ""E:\MIXER\hybridzip\results\experiments\hybridzip-r2-e6-fast-full-20260828-retry1\children\hybridzip-r2-e6-fast-full-20260828-retry1-fast-b64-r1\inputs\64KiB\osdb.bin"" ""E:\MIXER\hybridzip\results\experiments\hybridzip-r2-e6-fast-full-20260828-retry1\children\hybridzip-r2-e6-fast-full-20260828-retry1-fast-b64-r1\archives\64KiB\osdb.hz2""","""E:\MIXER\hybridzip\build\Release\hybridzip.exe"" d ""E:\MIXER\hybridzip\results\experiments\hybridzip-r2-e6-fast-full-20260828-retry1\children\hybridzip-r2-e6-fast-full-20260828-retry1-fast-b64-r1\archives\64KiB\osdb.hz2"" ""E:\MIXER\hybridzip\results\experiments\hybridzip-r2-e6-fast-full-20260828-retry1\children\hybridzip-r2-e6-fast-full-20260828-retry1-fast-b64-r1\decoded\64KiB\osdb.decoded""","0","0","2026-08-28T02:38:32.7704074+08:00","COMPLETE","PASS","zstd=1","Complete R2 archive size; SHA-256 byte-exact roundtrip verified."
"e6-fast","fast","64","1","False","0","0","none","hybridzip-r2-e6-fast-full-20260828-retry1-fast-b64-r1","r2-fast","1","18","osdb","128","inputs/128KiB/osdb.bin","131072","D977E72AE13AEFC36A4B6171A895E26A0E6EEE447B1B9FBE868D7B1C046CC91F","archives/128KiB/osdb.hz2","54810","00ACDC9EA08E34796CE689A2B8C589624B2F09E60680CFF552EDE4394B8740B0","decoded/128KiB/osdb.decoded","131072","D977E72AE13AEFC36A4B6171A895E26A0E6EEE447B1B9FBE868D7B1C046CC91F","0.0599259","0.0500405","2.02734375","4.53515625","4.53515625","E65526F9DFF3F93844E004D63C7B2A4E4F219B5EAB3F1B3D3ABCF0B301F65003","profile_id=2;mode=fast;block_size=65536;zstd_level=3;lzma_level=9;threads=1;process_timeout_seconds=3600","""E:\MIXER\hybridzip\build\Release\hybridzip.exe"" c --profile=r2 --r2-mode=fast --block-size=65536 --zstd-level=3 ""E:\MIXER\hybridzip\results\experiments\hybridzip-r2-e6-fast-full-20260828-retry1\children\hybridzip-r2-e6-fast-full-20260828-retry1-fast-b64-r1\inputs\128KiB\osdb.bin"" ""E:\MIXER\hybridzip\results\experiments\hybridzip-r2-e6-fast-full-20260828-retry1\children\hybridzip-r2-e6-fast-full-20260828-retry1-fast-b64-r1\archives\128KiB\osdb.hz2""","""E:\MIXER\hybridzip\build\Release\hybridzip.exe"" d ""E:\MIXER\hybridzip\results\experiments\hybridzip-r2-e6-fast-full-20260828-retry1\children\hybridzip-r2-e6-fast-full-20260828-retry1-fast-b64-r1\archives\128KiB\osdb.hz2"" ""E:\MIXER\hybridzip\results\experiments\hybridzip-r2-e6-fast-full-20260828-retry1\children\hybridzip-r2-e6-fast-full-20260828-retry1-fast-b64-r1\decoded\128KiB\osdb.decoded""","0","0","2026-08-28T02:38:32.9560121+08:00","COMPLETE","PASS","zstd=2","Complete R2 archive size; SHA-256 byte-exact roundtrip verified."
"e6-fast","fast","64","1","False","0","0","none","hybridzip-r2-e6-fast-full-20260828-retry1-fast-b64-r1","r2-fast","1","19","reymont","32","inputs/32KiB/reymont.bin","32768","9D5E4B9340C2260DAE7DDB01B3EDA58236FF2DE5E1FF4D56767AA840B6FB1A87","archives/32KiB/reymont.hz2","10573","E3863B0EF6FAD548CBB2609F28078EA2CEA09C3B3BF02CEC238420B09EB1C5E8","decoded/32KiB/reymont.decoded","32768","9D5E4B9340C2260DAE7DDB01B3EDA58236FF2DE5E1FF4D56767AA840B6FB1A87","0.0549853","0.0477225","2.02734375","3.2421875","3.2421875","E65526F9DFF3F93844E004D63C7B2A4E4F219B5EAB3F1B3D3ABCF0B301F65003","profile_id=2;mode=fast;block_size=65536;zstd_level=3;lzma_level=9;threads=1;process_timeout_seconds=3600","""E:\MIXER\hybridzip\build\Release\hybridzip.exe"" c --profile=r2 --r2-mode=fast --block-size=65536 --zstd-level=3 ""E:\MIXER\hybridzip\results\experiments\hybridzip-r2-e6-fast-full-20260828-retry1\children\hybridzip-r2-e6-fast-full-20260828-retry1-fast-b64-r1\inputs\32KiB\reymont.bin"" ""E:\MIXER\hybridzip\results\experiments\hybridzip-r2-e6-fast-full-20260828-retry1\children\hybridzip-r2-e6-fast-full-20260828-retry1-fast-b64-r1\archives\32KiB\reymont.hz2""","""E:\MIXER\hybridzip\build\Release\hybridzip.exe"" d ""E:\MIXER\hybridzip\results\experiments\hybridzip-r2-e6-fast-full-20260828-retry1\children\hybridzip-r2-e6-fast-full-20260828-retry1-fast-b64-r1\archives\32KiB\reymont.hz2"" ""E:\MIXER\hybridzip\results\experiments\hybridzip-r2-e6-fast-full-20260828-retry1\children\hybridzip-r2-e6-fast-full-20260828-retry1-fast-b64-r1\decoded\32KiB\reymont.decoded""","0","0","2026-08-28T02:38:33.1290173+08:00","COMPLETE","PASS","zstd=1","Complete R2 archive size; SHA-256 byte-exact roundtrip verified."
"e6-fast","fast","64","1","False","0","0","none","hybridzip-r2-e6-fast-full-20260828-retry1-fast-b64-r1","r2-fast","1","20","reymont","64","inputs/64KiB/reymont.bin","65536","A5ECAAABB133F1ADF8DE6062BE6381D143E87F9F8050EEA9B5BE6F92B88C3C22","archives/64KiB/reymont.hz2","20575","F7FD3841D3C709AF87D2860BBF5CF9F07C4D30EA191814A59DE9C5958E86701E","decoded/64KiB/reymont.decoded","65536","A5ECAAABB133F1ADF8DE6062BE6381D143E87F9F8050EEA9B5BE6F92B88C3C22","0.0400954","0.0419625","2.02734375","2.02734375","2.02734375","E65526F9DFF3F93844E004D63C7B2A4E4F219B5EAB3F1B3D3ABCF0B301F65003","profile_id=2;mode=fast;block_size=65536;zstd_level=3;lzma_level=9;threads=1;process_timeout_seconds=3600","""E:\MIXER\hybridzip\build\Release\hybridzip.exe"" c --profile=r2 --r2-mode=fast --block-size=65536 --zstd-level=3 ""E:\MIXER\hybridzip\results\experiments\hybridzip-r2-e6-fast-full-20260828-retry1\children\hybridzip-r2-e6-fast-full-20260828-retry1-fast-b64-r1\inputs\64KiB\reymont.bin"" ""E:\MIXER\hybridzip\results\experiments\hybridzip-r2-e6-fast-full-20260828-retry1\children\hybridzip-r2-e6-fast-full-20260828-retry1-fast-b64-r1\archives\64KiB\reymont.hz2""","""E:\MIXER\hybridzip\build\Release\hybridzip.exe"" d ""E:\MIXER\hybridzip\results\experiments\hybridzip-r2-e6-fast-full-20260828-retry1\children\hybridzip-r2-e6-fast-full-20260828-retry1-fast-b64-r1\archives\64KiB\reymont.hz2"" ""E:\MIXER\hybridzip\results\experiments\hybridzip-r2-e6-fast-full-20260828-retry1\children\hybridzip-r2-e6-fast-full-20260828-retry1-fast-b64-r1\decoded\64KiB\reymont.decoded""","0","0","2026-08-28T02:38:33.3026345+08:00","COMPLETE","PASS","zstd=1","Complete R2 archive size; SHA-256 byte-exact roundtrip verified."
"e6-fast","fast","64","1","False","0","0","none","hybridzip-r2-e6-fast-full-20260828-retry1-fast-b64-r1","r2-fast","1","21","reymont","128","inputs/128KiB/reymont.bin","131072","A6CA7478854C1E80DFEAF9FB3444B357F9D7625E55232FAE3B3632A5A1217DEA","archives/128KiB/reymont.hz2","41753","6F5EE37B4151120DBE6A8C7B413EA91D882444510420A263F2E706D156D4D77D","decoded/128KiB/reymont.decoded","131072","A6CA7478854C1E80DFEAF9FB3444B357F9D7625E55232FAE3B3632A5A1217DEA","0.0529493","0.0499651","5.1484375","2.02734375","5.1484375","E65526F9DFF3F93844E004D63C7B2A4E4F219B5EAB3F1B3D3ABCF0B301F65003","profile_id=2;mode=fast;block_size=65536;zstd_level=3;lzma_level=9;threads=1;process_timeout_seconds=3600","""E:\MIXER\hybridzip\build\Release\hybridzip.exe"" c --profile=r2 --r2-mode=fast --block-size=65536 --zstd-level=3 ""E:\MIXER\hybridzip\results\experiments\hybridzip-r2-e6-fast-full-20260828-retry1\children\hybridzip-r2-e6-fast-full-20260828-retry1-fast-b64-r1\inputs\128KiB\reymont.bin"" ""E:\MIXER\hybridzip\results\experiments\hybridzip-r2-e6-fast-full-20260828-retry1\children\hybridzip-r2-e6-fast-full-20260828-retry1-fast-b64-r1\archives\128KiB\reymont.hz2""","""E:\MIXER\hybridzip\build\Release\hybridzip.exe"" d ""E:\MIXER\hybridzip\results\experiments\hybridzip-r2-e6-fast-full-20260828-retry1\children\hybridzip-r2-e6-fast-full-20260828-retry1-fast-b64-r1\archives\128KiB\reymont.hz2"" ""E:\MIXER\hybridzip\results\experiments\hybridzip-r2-e6-fast-full-20260828-retry1\children\hybridzip-r2-e6-fast-full-20260828-retry1-fast-b64-r1\decoded\128KiB\reymont.decoded""","0","0","2026-08-28T02:38:33.4602886+08:00","COMPLETE","PASS","zstd=2","Complete R2 archive size; SHA-256 byte-exact roundtrip verified."
"e6-fast","fast","64","1","False","0","0","none","hybridzip-r2-e6-fast-full-20260828-retry1-fast-b64-r1","r2-fast","1","22","samba","32","inputs/32KiB/samba.bin","32768","9C4F5BEE544E4531E4946E62F796987418B4526911C34877EF282F14DD57AD12","archives/32KiB/samba.hz2","11947","B00503843DC7694A0ACA3249C322E91406106F738E6088FBDD7244741C9B6E18","decoded/32KiB/samba.decoded","32768","9C4F5BEE544E4531E4946E62F796987418B4526911C34877EF282F14DD57AD12","0.0400157","0.0505662","2.02734375","2.02734375","2.02734375","E65526F9DFF3F93844E004D63C7B2A4E4F219B5EAB3F1B3D3ABCF0B301F65003","profile_id=2;mode=fast;block_size=65536;zstd_level=3;lzma_level=9;threads=1;process_timeout_seconds=3600","""E:\MIXER\hybridzip\build\Release\hybridzip.exe"" c --profile=r2 --r2-mode=fast --block-size=65536 --zstd-level=3 ""E:\MIXER\hybridzip\results\experiments\hybridzip-r2-e6-fast-full-20260828-retry1\children\hybridzip-r2-e6-fast-full-20260828-retry1-fast-b64-r1\inputs\32KiB\samba.bin"" ""E:\MIXER\hybridzip\results\experiments\hybridzip-r2-e6-fast-full-20260828-retry1\children\hybridzip-r2-e6-fast-full-20260828-retry1-fast-b64-r1\archives\32KiB\samba.hz2""","""E:\MIXER\hybridzip\build\Release\hybridzip.exe"" d ""E:\MIXER\hybridzip\results\experiments\hybridzip-r2-e6-fast-full-20260828-retry1\children\hybridzip-r2-e6-fast-full-20260828-retry1-fast-b64-r1\archives\32KiB\samba.hz2"" ""E:\MIXER\hybridzip\results\experiments\hybridzip-r2-e6-fast-full-20260828-retry1\children\hybridzip-r2-e6-fast-full-20260828-retry1-fast-b64-r1\decoded\32KiB\samba.decoded""","0","0","2026-08-28T02:38:33.6345276+08:00","COMPLETE","PASS","zstd=1","Complete R2 archive size; SHA-256 byte-exact roundtrip verified."
"e6-fast","fast","64","1","False","0","0","none","hybridzip-r2-e6-fast-full-20260828-retry1-fast-b64-r1","r2-fast","1","23","samba","64","inputs/64KiB/samba.bin","65536","3E0420984C0F260EA7350734600CEA9D8500B745E2E4B7DBD4D1DA1D1ADAC421","archives/64KiB/samba.hz2","23329","62165D5F501FBB88395F3F4B43BD91E739B24DCA230199BFC7955142CE970E2B","decoded/64KiB/samba.decoded","65536","3E0420984C0F260EA7350734600CEA9D8500B745E2E4B7DBD4D1DA1D1ADAC421","0.0438856","0.0506589","2.02734375","4.51171875","4.51171875","E65526F9DFF3F93844E004D63C7B2A4E4F219B5EAB3F1B3D3ABCF0B301F65003","profile_id=2;mode=fast;block_size=65536;zstd_level=3;lzma_level=9;threads=1;process_timeout_seconds=3600","""E:\MIXER\hybridzip\build\Release\hybridzip.exe"" c --profile=r2 --r2-mode=fast --block-size=65536 --zstd-level=3 ""E:\MIXER\hybridzip\results\experiments\hybridzip-r2-e6-fast-full-20260828-retry1\children\hybridzip-r2-e6-fast-full-20260828-retry1-fast-b64-r1\inputs\64KiB\samba.bin"" ""E:\MIXER\hybridzip\results\experiments\hybridzip-r2-e6-fast-full-20260828-retry1\children\hybridzip-r2-e6-fast-full-20260828-retry1-fast-b64-r1\archives\64KiB\samba.hz2""","""E:\MIXER\hybridzip\build\Release\hybridzip.exe"" d ""E:\MIXER\hybridzip\results\experiments\hybridzip-r2-e6-fast-full-20260828-retry1\children\hybridzip-r2-e6-fast-full-20260828-retry1-fast-b64-r1\archives\64KiB\samba.hz2"" ""E:\MIXER\hybridzip\results\experiments\hybridzip-r2-e6-fast-full-20260828-retry1\children\hybridzip-r2-e6-fast-full-20260828-retry1-fast-b64-r1\decoded\64KiB\samba.decoded""","0","0","2026-08-28T02:38:33.7893731+08:00","COMPLETE","PASS","zstd=1","Complete R2 archive size; SHA-256 byte-exact roundtrip verified."
"e6-fast","fast","64","1","False","0","0","none","hybridzip-r2-e6-fast-full-20260828-retry1-fast-b64-r1","r2-fast","1","24","samba","128","inputs/128KiB/samba.bin","131072","F3B8C4AD35BC6CF21977895D6F04A22B1422605942FA5AFE35CE28B2A221D7E8","archives/128KiB/samba.hz2","48810","931FFB515714B54313CC1C3B313228EB475091CE8DA264616DBDE395133A4575","decoded/128KiB/samba.decoded","131072","F3B8C4AD35BC6CF21977895D6F04A22B1422605942FA5AFE35CE28B2A221D7E8","0.042256","0.0415943","2.02734375","2.02734375","2.02734375","E65526F9DFF3F93844E004D63C7B2A4E4F219B5EAB3F1B3D3ABCF0B301F65003","profile_id=2;mode=fast;block_size=65536;zstd_level=3;lzma_level=9;threads=1;process_timeout_seconds=3600","""E:\MIXER\hybridzip\build\Release\hybridzip.exe"" c --profile=r2 --r2-mode=fast --block-size=65536 --zstd-level=3 ""E:\MIXER\hybridzip\results\experiments\hybridzip-r2-e6-fast-full-20260828-retry1\children\hybridzip-r2-e6-fast-full-20260828-retry1-fast-b64-r1\inputs\128KiB\samba.bin"" ""E:\MIXER\hybridzip\results\experiments\hybridzip-r2-e6-fast-full-20260828-retry1\children\hybridzip-r2-e6-fast-full-20260828-retry1-fast-b64-r1\archives\128KiB\samba.hz2""","""E:\MIXER\hybridzip\build\Release\hybridzip.exe"" d ""E:\MIXER\hybridzip\results\experiments\hybridzip-r2-e6-fast-full-20260828-retry1\children\hybridzip-r2-e6-fast-full-20260828-retry1-fast-b64-r1\archives\128KiB\samba.hz2"" ""E:\MIXER\hybridzip\results\experiments\hybridzip-r2-e6-fast-full-20260828-retry1\children\hybridzip-r2-e6-fast-full-20260828-retry1-fast-b64-r1\decoded\128KiB\samba.decoded""","0","0","2026-08-28T02:38:33.9491876+08:00","COMPLETE","PASS","zstd=2","Complete R2 archive size; SHA-256 byte-exact roundtrip verified."
"e6-fast","fast","64","1","False","0","0","none","hybridzip-r2-e6-fast-full-20260828-retry1-fast-b64-r1","r2-fast","1","25","sao","32","inputs/32KiB/sao.bin","32768","95677430CAD4F000506BC5EE22815C3F4E13D64B477ED506B78D5D9ACFB50CCD","archives/32KiB/sao.hz2","26959","2F6775B5829F4A0AB18C009F73061BDDE87A4548D489048BA49C522B1319F58F","decoded/32KiB/sao.decoded","32768","95677430CAD4F000506BC5EE22815C3F4E13D64B477ED506B78D5D9ACFB50CCD","0.0419277","0.0499192","2.0234375","2.0234375","2.0234375","E65526F9DFF3F93844E004D63C7B2A4E4F219B5EAB3F1B3D3ABCF0B301F65003","profile_id=2;mode=fast;block_size=65536;zstd_level=3;lzma_level=9;threads=1;process_timeout_seconds=3600","""E:\MIXER\hybridzip\build\Release\hybridzip.exe"" c --profile=r2 --r2-mode=fast --block-size=65536 --zstd-level=3 ""E:\MIXER\hybridzip\results\experiments\hybridzip-r2-e6-fast-full-20260828-retry1\children\hybridzip-r2-e6-fast-full-20260828-retry1-fast-b64-r1\inputs\32KiB\sao.bin"" ""E:\MIXER\hybridzip\results\experiments\hybridzip-r2-e6-fast-full-20260828-retry1\children\hybridzip-r2-e6-fast-full-20260828-retry1-fast-b64-r1\archives\32KiB\sao.hz2""","""E:\MIXER\hybridzip\build\Release\hybridzip.exe"" d ""E:\MIXER\hybridzip\results\experiments\hybridzip-r2-e6-fast-full-20260828-retry1\children\hybridzip-r2-e6-fast-full-20260828-retry1-fast-b64-r1\archives\32KiB\sao.hz2"" ""E:\MIXER\hybridzip\results\experiments\hybridzip-r2-e6-fast-full-20260828-retry1\children\hybridzip-r2-e6-fast-full-20260828-retry1-fast-b64-r1\decoded\32KiB\sao.decoded""","0","0","2026-08-28T02:38:34.1046198+08:00","COMPLETE","PASS","zstd=1","Complete R2 archive size; SHA-256 byte-exact roundtrip verified."
"e6-fast","fast","64","1","False","0","0","none","hybridzip-r2-e6-fast-full-20260828-retry1-fast-b64-r1","r2-fast","1","26","sao","64","inputs/64KiB/sao.bin","65536","17CBD7166A47786139F60BA33B4E771CE0154F6FA56986883D129BC23F78EBEE","archives/64KiB/sao.hz2","53336","23A8C065260A52639E1A36E2EEA9E83B6F18FF22C7AF231E0FED8026B1A148A2","decoded/64KiB/sao.decoded","65536","17CBD7166A47786139F60BA33B4E771CE0154F6FA56986883D129BC23F78EBEE","0.0444937","0.0484592","2.02734375","2.0234375","2.02734375","E65526F9DFF3F93844E004D63C7B2A4E4F219B5EAB3F1B3D3ABCF0B301F65003","profile_id=2;mode=fast;block_size=65536;zstd_level=3;lzma_level=9;threads=1;process_timeout_seconds=3600","""E:\MIXER\hybridzip\build\Release\hybridzip.exe"" c --profile=r2 --r2-mode=fast --block-size=65536 --zstd-level=3 ""E:\MIXER\hybridzip\results\experiments\hybridzip-r2-e6-fast-full-20260828-retry1\children\hybridzip-r2-e6-fast-full-20260828-retry1-fast-b64-r1\inputs\64KiB\sao.bin"" ""E:\MIXER\hybridzip\results\experiments\hybridzip-r2-e6-fast-full-20260828-retry1\children\hybridzip-r2-e6-fast-full-20260828-retry1-fast-b64-r1\archives\64KiB\sao.hz2""","""E:\MIXER\hybridzip\build\Release\hybridzip.exe"" d ""E:\MIXER\hybridzip\results\experiments\hybridzip-r2-e6-fast-full-20260828-retry1\children\hybridzip-r2-e6-fast-full-20260828-retry1-fast-b64-r1\archives\64KiB\sao.hz2"" ""E:\MIXER\hybridzip\results\experiments\hybridzip-r2-e6-fast-full-20260828-retry1\children\hybridzip-r2-e6-fast-full-20260828-retry1-fast-b64-r1\decoded\64KiB\sao.decoded""","0","0","2026-08-28T02:38:34.2624916+08:00","COMPLETE","PASS","zstd=1","Complete R2 archive size; SHA-256 byte-exact roundtrip verified."
"e6-fast","fast","64","1","False","0","0","none","hybridzip-r2-e6-fast-full-20260828-retry1-fast-b64-r1","r2-fast","1","27","sao","128","inputs/128KiB/sao.bin","131072","75E535B42DB7505118D8B19C7C42C1F49C5542ADDC9DBC13383953659F675CE0","archives/128KiB/sao.hz2","106836","F19408D7EC943F700C2417A64F528244224A72CBB8CA853C8AD732EB6998EFF2","decoded/128KiB/sao.decoded","131072","75E535B42DB7505118D8B19C7C42C1F49C5542ADDC9DBC13383953659F675CE0","0.0468951","0.043408","2.02734375","2.02734375","2.02734375","E65526F9DFF3F93844E004D63C7B2A4E4F219B5EAB3F1B3D3ABCF0B301F65003","profile_id=2;mode=fast;block_size=65536;zstd_level=3;lzma_level=9;threads=1;process_timeout_seconds=3600","""E:\MIXER\hybridzip\build\Release\hybridzip.exe"" c --profile=r2 --r2-mode=fast --block-size=65536 --zstd-level=3 ""E:\MIXER\hybridzip\results\experiments\hybridzip-r2-e6-fast-full-20260828-retry1\children\hybridzip-r2-e6-fast-full-20260828-retry1-fast-b64-r1\inputs\128KiB\sao.bin"" ""E:\MIXER\hybridzip\results\experiments\hybridzip-r2-e6-fast-full-20260828-retry1\children\hybridzip-r2-e6-fast-full-20260828-retry1-fast-b64-r1\archives\128KiB\sao.hz2""","""E:\MIXER\hybridzip\build\Release\hybridzip.exe"" d ""E:\MIXER\hybridzip\results\experiments\hybridzip-r2-e6-fast-full-20260828-retry1\children\hybridzip-r2-e6-fast-full-20260828-retry1-fast-b64-r1\archives\128KiB\sao.hz2"" ""E:\MIXER\hybridzip\results\experiments\hybridzip-r2-e6-fast-full-20260828-retry1\children\hybridzip-r2-e6-fast-full-20260828-retry1-fast-b64-r1\decoded\128KiB\sao.decoded""","0","0","2026-08-28T02:38:34.4209074+08:00","COMPLETE","PASS","zstd=2","Complete R2 archive size; SHA-256 byte-exact roundtrip verified."
"e6-fast","fast","64","1","False","0","0","none","hybridzip-r2-e6-fast-full-20260828-retry1-fast-b64-r1","r2-fast","1","28","webster","32","inputs/32KiB/webster.bin","32768","774D224695AF4057353F72602BB96CD2AFEEA059AC7737535645F11596FCA85E","archives/32KiB/webster.hz2","13778","E24E0990EFC0CD6C7296B5AB36C15CFA1BE099E023927ECF8EE3D6C1EAB8F528","decoded/32KiB/webster.decoded","32768","774D224695AF4057353F72602BB96CD2AFEEA059AC7737535645F11596FCA85E","0.0389888","0.0466954","2.02734375","4.4765625","4.4765625","E65526F9DFF3F93844E004D63C7B2A4E4F219B5EAB3F1B3D3ABCF0B301F65003","profile_id=2;mode=fast;block_size=65536;zstd_level=3;lzma_level=9;threads=1;process_timeout_seconds=3600","""E:\MIXER\hybridzip\build\Release\hybridzip.exe"" c --profile=r2 --r2-mode=fast --block-size=65536 --zstd-level=3 ""E:\MIXER\hybridzip\results\experiments\hybridzip-r2-e6-fast-full-20260828-retry1\children\hybridzip-r2-e6-fast-full-20260828-retry1-fast-b64-r1\inputs\32KiB\webster.bin"" ""E:\MIXER\hybridzip\results\experiments\hybridzip-r2-e6-fast-full-20260828-retry1\children\hybridzip-r2-e6-fast-full-20260828-retry1-fast-b64-r1\archives\32KiB\webster.hz2""","""E:\MIXER\hybridzip\build\Release\hybridzip.exe"" d ""E:\MIXER\hybridzip\results\experiments\hybridzip-r2-e6-fast-full-20260828-retry1\children\hybridzip-r2-e6-fast-full-20260828-retry1-fast-b64-r1\archives\32KiB\webster.hz2"" ""E:\MIXER\hybridzip\results\experiments\hybridzip-r2-e6-fast-full-20260828-retry1\children\hybridzip-r2-e6-fast-full-20260828-retry1-fast-b64-r1\decoded\32KiB\webster.decoded""","0","0","2026-08-28T02:38:34.5762083+08:00","COMPLETE","PASS","zstd=1","Complete R2 archive size; SHA-256 byte-exact roundtrip verified."
"e6-fast","fast","64","1","False","0","0","none","hybridzip-r2-e6-fast-full-20260828-retry1-fast-b64-r1","r2-fast","1","29","webster","64","inputs/64KiB/webster.bin","65536","262258811321382F9E4F44D2184B6B7FED0336CF831446D8336C47D6CCC2B32E","archives/64KiB/webster.hz2","24457","A5826396FD6F34BEEF749D2C4DAD0B2127FA8FBAF87F297ADCB9A7F5987820D8","decoded/64KiB/webster.decoded","65536","262258811321382F9E4F44D2184B6B7FED0336CF831446D8336C47D6CCC2B32E","0.0504996","0.048489","5.16015625","4.5078125","5.16015625","E65526F9DFF3F93844E004D63C7B2A4E4F219B5EAB3F1B3D3ABCF0B301F65003","profile_id=2;mode=fast;block_size=65536;zstd_level=3;lzma_level=9;threads=1;process_timeout_seconds=3600","""E:\MIXER\hybridzip\build\Release\hybridzip.exe"" c --profile=r2 --r2-mode=fast --block-size=65536 --zstd-level=3 ""E:\MIXER\hybridzip\results\experiments\hybridzip-r2-e6-fast-full-20260828-retry1\children\hybridzip-r2-e6-fast-full-20260828-retry1-fast-b64-r1\inputs\64KiB\webster.bin"" ""E:\MIXER\hybridzip\results\experiments\hybridzip-r2-e6-fast-full-20260828-retry1\children\hybridzip-r2-e6-fast-full-20260828-retry1-fast-b64-r1\archives\64KiB\webster.hz2""","""E:\MIXER\hybridzip\build\Release\hybridzip.exe"" d ""E:\MIXER\hybridzip\results\experiments\hybridzip-r2-e6-fast-full-20260828-retry1\children\hybridzip-r2-e6-fast-full-20260828-retry1-fast-b64-r1\archives\64KiB\webster.hz2"" ""E:\MIXER\hybridzip\results\experiments\hybridzip-r2-e6-fast-full-20260828-retry1\children\hybridzip-r2-e6-fast-full-20260828-retry1-fast-b64-r1\decoded\64KiB\webster.decoded""","0","0","2026-08-28T02:38:34.7322329+08:00","COMPLETE","PASS","zstd=1","Complete R2 archive size; SHA-256 byte-exact roundtrip verified."
"e6-fast","fast","64","1","False","0","0","none","hybridzip-r2-e6-fast-full-20260828-retry1-fast-b64-r1","r2-fast","1","30","webster","128","inputs/128KiB/webster.bin","131072","C069C1FDCA99BC5C44F06D134CD0CDA60315DD631AA6564733B2CE0E6D59305C","archives/128KiB/webster.hz2","45966","6A859A353F8D24E1CDAC467E5211A750EAE4F7A65332AE4FA288738258CD2A83","decoded/128KiB/webster.decoded","131072","C069C1FDCA99BC5C44F06D134CD0CDA60315DD631AA6564733B2CE0E6D59305C","0.0508681","0.0496559","5.14453125","4.51171875","5.14453125","E65526F9DFF3F93844E004D63C7B2A4E4F219B5EAB3F1B3D3ABCF0B301F65003","profile_id=2;mode=fast;block_size=65536;zstd_level=3;lzma_level=9;threads=1;process_timeout_seconds=3600","""E:\MIXER\hybridzip\build\Release\hybridzip.exe"" c --profile=r2 --r2-mode=fast --block-size=65536 --zstd-level=3 ""E:\MIXER\hybridzip\results\experiments\hybridzip-r2-e6-fast-full-20260828-retry1\children\hybridzip-r2-e6-fast-full-20260828-retry1-fast-b64-r1\inputs\128KiB\webster.bin"" ""E:\MIXER\hybridzip\results\experiments\hybridzip-r2-e6-fast-full-20260828-retry1\children\hybridzip-r2-e6-fast-full-20260828-retry1-fast-b64-r1\archives\128KiB\webster.hz2""","""E:\MIXER\hybridzip\build\Release\hybridzip.exe"" d ""E:\MIXER\hybridzip\results\experiments\hybridzip-r2-e6-fast-full-20260828-retry1\children\hybridzip-r2-e6-fast-full-20260828-retry1-fast-b64-r1\archives\128KiB\webster.hz2"" ""E:\MIXER\hybridzip\results\experiments\hybridzip-r2-e6-fast-full-20260828-retry1\children\hybridzip-r2-e6-fast-full-20260828-retry1-fast-b64-r1\decoded\128KiB\webster.decoded""","0","0","2026-08-28T02:38:34.9050188+08:00","COMPLETE","PASS","zstd=2","Complete R2 archive size; SHA-256 byte-exact roundtrip verified."
"e6-fast","fast","64","1","False","0","0","none","hybridzip-r2-e6-fast-full-20260828-retry1-fast-b64-r1","r2-fast","1","31","x-ray","32","inputs/32KiB/x-ray.bin","32768","10511AA63DFBD9C0DDBFEFE36068740103D4BA1116E214154A0772057D7E9314","archives/32KiB/x-ray.hz2","26409","F8AA8051F1BCFF2B4E4C22CEF9300CD52BFC7AD4DDAEBA217D1387303EBF0CC7","decoded/32KiB/x-ray.decoded","32768","10511AA63DFBD9C0DDBFEFE36068740103D4BA1116E214154A0772057D7E9314","0.0436235","0.0475831","2.02734375","4.48828125","4.48828125","E65526F9DFF3F93844E004D63C7B2A4E4F219B5EAB3F1B3D3ABCF0B301F65003","profile_id=2;mode=fast;block_size=65536;zstd_level=3;lzma_level=9;threads=1;process_timeout_seconds=3600","""E:\MIXER\hybridzip\build\Release\hybridzip.exe"" c --profile=r2 --r2-mode=fast --block-size=65536 --zstd-level=3 ""E:\MIXER\hybridzip\results\experiments\hybridzip-r2-e6-fast-full-20260828-retry1\children\hybridzip-r2-e6-fast-full-20260828-retry1-fast-b64-r1\inputs\32KiB\x-ray.bin"" ""E:\MIXER\hybridzip\results\experiments\hybridzip-r2-e6-fast-full-20260828-retry1\children\hybridzip-r2-e6-fast-full-20260828-retry1-fast-b64-r1\archives\32KiB\x-ray.hz2""","""E:\MIXER\hybridzip\build\Release\hybridzip.exe"" d ""E:\MIXER\hybridzip\results\experiments\hybridzip-r2-e6-fast-full-20260828-retry1\children\hybridzip-r2-e6-fast-full-20260828-retry1-fast-b64-r1\archives\32KiB\x-ray.hz2"" ""E:\MIXER\hybridzip\results\experiments\hybridzip-r2-e6-fast-full-20260828-retry1\children\hybridzip-r2-e6-fast-full-20260828-retry1-fast-b64-r1\decoded\32KiB\x-ray.decoded""","0","0","2026-08-28T02:38:35.0773870+08:00","COMPLETE","PASS","zstd=1","Complete R2 archive size; SHA-256 byte-exact roundtrip verified."
"e6-fast","fast","64","1","False","0","0","none","hybridzip-r2-e6-fast-full-20260828-retry1-fast-b64-r1","r2-fast","1","32","x-ray","64","inputs/64KiB/x-ray.bin","65536","B5A07146616BCD7C2D10071D41E07D204DE0AC629C4CA37D8E867FF00574D0D8","archives/64KiB/x-ray.hz2","51793","06B91310B1C08979F126D37D2399025F76AB5A43E78CB1E827396B8B5B8B2CDB","decoded/64KiB/x-ray.decoded","65536","B5A07146616BCD7C2D10071D41E07D204DE0AC629C4CA37D8E867FF00574D0D8","0.0434418","0.0476305","2.02734375","3.87109375","3.87109375","E65526F9DFF3F93844E004D63C7B2A4E4F219B5EAB3F1B3D3ABCF0B301F65003","profile_id=2;mode=fast;block_size=65536;zstd_level=3;lzma_level=9;threads=1;process_timeout_seconds=3600","""E:\MIXER\hybridzip\build\Release\hybridzip.exe"" c --profile=r2 --r2-mode=fast --block-size=65536 --zstd-level=3 ""E:\MIXER\hybridzip\results\experiments\hybridzip-r2-e6-fast-full-20260828-retry1\children\hybridzip-r2-e6-fast-full-20260828-retry1-fast-b64-r1\inputs\64KiB\x-ray.bin"" ""E:\MIXER\hybridzip\results\experiments\hybridzip-r2-e6-fast-full-20260828-retry1\children\hybridzip-r2-e6-fast-full-20260828-retry1-fast-b64-r1\archives\64KiB\x-ray.hz2""","""E:\MIXER\hybridzip\build\Release\hybridzip.exe"" d ""E:\MIXER\hybridzip\results\experiments\hybridzip-r2-e6-fast-full-20260828-retry1\children\hybridzip-r2-e6-fast-full-20260828-retry1-fast-b64-r1\archives\64KiB\x-ray.hz2"" ""E:\MIXER\hybridzip\results\experiments\hybridzip-r2-e6-fast-full-20260828-retry1\children\hybridzip-r2-e6-fast-full-20260828-retry1-fast-b64-r1\decoded\64KiB\x-ray.decoded""","0","0","2026-08-28T02:38:35.2327634+08:00","COMPLETE","PASS","zstd=1","Complete R2 archive size; SHA-256 byte-exact roundtrip verified."
"e6-fast","fast","64","1","False","0","0","none","hybridzip-r2-e6-fast-full-20260828-retry1-fast-b64-r1","r2-fast","1","33","x-ray","128","inputs/128KiB/x-ray.bin","131072","7A65B793FB2A694C20686275A899B304445473528F7C998BE26F8C68EB18F76E","archives/128KiB/x-ray.hz2","103873","50BFF26A39E21B1DDDA57309E118B02ADA050471F3FBA60554D46F94F102D013","decoded/128KiB/x-ray.decoded","131072","7A65B793FB2A694C20686275A899B304445473528F7C998BE26F8C68EB18F76E","0.0422204","0.0455473","2.0234375","2.02734375","2.02734375","E65526F9DFF3F93844E004D63C7B2A4E4F219B5EAB3F1B3D3ABCF0B301F65003","profile_id=2;mode=fast;block_size=65536;zstd_level=3;lzma_level=9;threads=1;process_timeout_seconds=3600","""E:\MIXER\hybridzip\build\Release\hybridzip.exe"" c --profile=r2 --r2-mode=fast --block-size=65536 --zstd-level=3 ""E:\MIXER\hybridzip\results\experiments\hybridzip-r2-e6-fast-full-20260828-retry1\children\hybridzip-r2-e6-fast-full-20260828-retry1-fast-b64-r1\inputs\128KiB\x-ray.bin"" ""E:\MIXER\hybridzip\results\experiments\hybridzip-r2-e6-fast-full-20260828-retry1\children\hybridzip-r2-e6-fast-full-20260828-retry1-fast-b64-r1\archives\128KiB\x-ray.hz2""","""E:\MIXER\hybridzip\build\Release\hybridzip.exe"" d ""E:\MIXER\hybridzip\results\experiments\hybridzip-r2-e6-fast-full-20260828-retry1\children\hybridzip-r2-e6-fast-full-20260828-retry1-fast-b64-r1\archives\128KiB\x-ray.hz2"" ""E:\MIXER\hybridzip\results\experiments\hybridzip-r2-e6-fast-full-20260828-retry1\children\hybridzip-r2-e6-fast-full-20260828-retry1-fast-b64-r1\decoded\128KiB\x-ray.decoded""","0","0","2026-08-28T02:38:35.3912570+08:00","COMPLETE","PASS","zstd=2","Complete R2 archive size; SHA-256 byte-exact roundtrip verified."
"e6-fast","fast","64","1","False","0","0","none","hybridzip-r2-e6-fast-full-20260828-retry1-fast-b64-r1","r2-fast","1","34","xml","32","inputs/32KiB/xml.bin","32768","C2F7F129956F8D6FC3D0E3595D93F98D5270B6F5BC4AB5E70F45867822EFDD71","archives/32KiB/xml.hz2","3483","D36CEC68AD01A63B120F4B819FA958437053BD411FF5021620E98803D35D4A32","decoded/32KiB/xml.decoded","32768","C2F7F129956F8D6FC3D0E3595D93F98D5270B6F5BC4AB5E70F45867822EFDD71","0.0467753","0.0496742","4.17578125","4.4921875","4.4921875","E65526F9DFF3F93844E004D63C7B2A4E4F219B5EAB3F1B3D3ABCF0B301F65003","profile_id=2;mode=fast;block_size=65536;zstd_level=3;lzma_level=9;threads=1;process_timeout_seconds=3600","""E:\MIXER\hybridzip\build\Release\hybridzip.exe"" c --profile=r2 --r2-mode=fast --block-size=65536 --zstd-level=3 ""E:\MIXER\hybridzip\results\experiments\hybridzip-r2-e6-fast-full-20260828-retry1\children\hybridzip-r2-e6-fast-full-20260828-retry1-fast-b64-r1\inputs\32KiB\xml.bin"" ""E:\MIXER\hybridzip\results\experiments\hybridzip-r2-e6-fast-full-20260828-retry1\children\hybridzip-r2-e6-fast-full-20260828-retry1-fast-b64-r1\archives\32KiB\xml.hz2""","""E:\MIXER\hybridzip\build\Release\hybridzip.exe"" d ""E:\MIXER\hybridzip\results\experiments\hybridzip-r2-e6-fast-full-20260828-retry1\children\hybridzip-r2-e6-fast-full-20260828-retry1-fast-b64-r1\archives\32KiB\xml.hz2"" ""E:\MIXER\hybridzip\results\experiments\hybridzip-r2-e6-fast-full-20260828-retry1\children\hybridzip-r2-e6-fast-full-20260828-retry1-fast-b64-r1\decoded\32KiB\xml.decoded""","0","0","2026-08-28T02:38:35.5519846+08:00","COMPLETE","PASS","zstd=1","Complete R2 archive size; SHA-256 byte-exact roundtrip verified."
"e6-fast","fast","64","1","False","0","0","none","hybridzip-r2-e6-fast-full-20260828-retry1-fast-b64-r1","r2-fast","1","35","xml","64","inputs/64KiB/xml.bin","65536","E32AFF2BEBF00105A17DD57F5490C1986D17543CEE837B42EB56B3E0E6F8E7F1","archives/64KiB/xml.hz2","6163","B6580EA52F378B6D7D189D50582EE49E313AA5616EBACEBADB0D85BAB17183A8","decoded/64KiB/xml.decoded","65536","E32AFF2BEBF00105A17DD57F5490C1986D17543CEE837B42EB56B3E0E6F8E7F1","0.0427887","0.0437957","2.02734375","2.02734375","2.02734375","E65526F9DFF3F93844E004D63C7B2A4E4F219B5EAB3F1B3D3ABCF0B301F65003","profile_id=2;mode=fast;block_size=65536;zstd_level=3;lzma_level=9;threads=1;process_timeout_seconds=3600","""E:\MIXER\hybridzip\build\Release\hybridzip.exe"" c --profile=r2 --r2-mode=fast --block-size=65536 --zstd-level=3 ""E:\MIXER\hybridzip\results\experiments\hybridzip-r2-e6-fast-full-20260828-retry1\children\hybridzip-r2-e6-fast-full-20260828-retry1-fast-b64-r1\inputs\64KiB\xml.bin"" ""E:\MIXER\hybridzip\results\experiments\hybridzip-r2-e6-fast-full-20260828-retry1\children\hybridzip-r2-e6-fast-full-20260828-retry1-fast-b64-r1\archives\64KiB\xml.hz2""","""E:\MIXER\hybridzip\build\Release\hybridzip.exe"" d ""E:\MIXER\hybridzip\results\experiments\hybridzip-r2-e6-fast-full-20260828-retry1\children\hybridzip-r2-e6-fast-full-20260828-retry1-fast-b64-r1\archives\64KiB\xml.hz2"" ""E:\MIXER\hybridzip\results\experiments\hybridzip-r2-e6-fast-full-20260828-retry1\children\hybridzip-r2-e6-fast-full-20260828-retry1-fast-b64-r1\decoded\64KiB\xml.decoded""","0","0","2026-08-28T02:38:35.7169082+08:00","COMPLETE","PASS","zstd=1","Complete R2 archive size; SHA-256 byte-exact roundtrip verified."
"e6-fast","fast","64","1","False","0","0","none","hybridzip-r2-e6-fast-full-20260828-retry1-fast-b64-r1","r2-fast","1","36","xml","128","inputs/128KiB/xml.bin","131072","5FA29C746885F2EEB98734218475915A78092CCB3B0F68B08861EE210E5B6E25","archives/128KiB/xml.hz2","12622","19AA4652F5E4444902107F4048029D0455120561D8EFF6F8E0D6B8560B110F30","decoded/128KiB/xml.decoded","131072","5FA29C746885F2EEB98734218475915A78092CCB3B0F68B08861EE210E5B6E25","0.0538485","0.0493569","5.10546875","4.4765625","5.10546875","E65526F9DFF3F93844E004D63C7B2A4E4F219B5EAB3F1B3D3ABCF0B301F65003","profile_id=2;mode=fast;block_size=65536;zstd_level=3;lzma_level=9;threads=1;process_timeout_seconds=3600","""E:\MIXER\hybridzip\build\Release\hybridzip.exe"" c --profile=r2 --r2-mode=fast --block-size=65536 --zstd-level=3 ""E:\MIXER\hybridzip\results\experiments\hybridzip-r2-e6-fast-full-20260828-retry1\children\hybridzip-r2-e6-fast-full-20260828-retry1-fast-b64-r1\inputs\128KiB\xml.bin"" ""E:\MIXER\hybridzip\results\experiments\hybridzip-r2-e6-fast-full-20260828-retry1\children\hybridzip-r2-e6-fast-full-20260828-retry1-fast-b64-r1\archives\128KiB\xml.hz2""","""E:\MIXER\hybridzip\build\Release\hybridzip.exe"" d ""E:\MIXER\hybridzip\results\experiments\hybridzip-r2-e6-fast-full-20260828-retry1\children\hybridzip-r2-e6-fast-full-20260828-retry1-fast-b64-r1\archives\128KiB\xml.hz2"" ""E:\MIXER\hybridzip\results\experiments\hybridzip-r2-e6-fast-full-20260828-retry1\children\hybridzip-r2-e6-fast-full-20260828-retry1-fast-b64-r1\decoded\128KiB\xml.decoded""","0","0","2026-08-28T02:38:35.8773464+08:00","COMPLETE","PASS","zstd=2","Complete R2 archive size; SHA-256 byte-exact roundtrip verified."
"e6-fast","fast","64","2","False","0","0","none","hybridzip-r2-e6-fast-full-20260828-retry1-fast-b64-r2","r2-fast","1","1","dickens","32","inputs/32KiB/dickens.bin","32768","FC42DCB9849222C8704C9DCAE606D075B389B66244FB215035148D6409EC0B31","archives/32KiB/dickens.hz2","14205","6D18DDEEE2B3A80D5924DB5B3CDCFE7B9566C2EE107DECCABA4934FA634ABB13","decoded/32KiB/dickens.decoded","32768","FC42DCB9849222C8704C9DCAE606D075B389B66244FB215035148D6409EC0B31","0.0442298","0.0467706","2.02734375","3.1015625","3.1015625","E65526F9DFF3F93844E004D63C7B2A4E4F219B5EAB3F1B3D3ABCF0B301F65003","profile_id=2;mode=fast;block_size=65536;zstd_level=3;lzma_level=9;threads=1;process_timeout_seconds=3600","""E:\MIXER\hybridzip\build\Release\hybridzip.exe"" c --profile=r2 --r2-mode=fast --block-size=65536 --zstd-level=3 ""E:\MIXER\hybridzip\results\experiments\hybridzip-r2-e6-fast-full-20260828-retry1\children\hybridzip-r2-e6-fast-full-20260828-retry1-fast-b64-r2\inputs\32KiB\dickens.bin"" ""E:\MIXER\hybridzip\results\experiments\hybridzip-r2-e6-fast-full-20260828-retry1\children\hybridzip-r2-e6-fast-full-20260828-retry1-fast-b64-r2\archives\32KiB\dickens.hz2""","""E:\MIXER\hybridzip\build\Release\hybridzip.exe"" d ""E:\MIXER\hybridzip\results\experiments\hybridzip-r2-e6-fast-full-20260828-retry1\children\hybridzip-r2-e6-fast-full-20260828-retry1-fast-b64-r2\archives\32KiB\dickens.hz2"" ""E:\MIXER\hybridzip\results\experiments\hybridzip-r2-e6-fast-full-20260828-retry1\children\hybridzip-r2-e6-fast-full-20260828-retry1-fast-b64-r2\decoded\32KiB\dickens.decoded""","0","0","2026-08-28T02:38:37.2054343+08:00","COMPLETE","PASS","zstd=1","Complete R2 archive size; SHA-256 byte-exact roundtrip verified."
"e6-fast","fast","64","2","False","0","0","none","hybridzip-r2-e6-fast-full-20260828-retry1-fast-b64-r2","r2-fast","1","2","dickens","64","inputs/64KiB/dickens.bin","65536","134AD989A7B8B40C900A3B9C0F4895317DFD827D9E6E933895B08D2F4A8A8293","archives/64KiB/dickens.hz2","27192","6F3323E27CEC9D5203E0CDEFE5AF55345CB4AF8D57AF882704791D3D8F8CE1DF","decoded/64KiB/dickens.decoded","65536","134AD989A7B8B40C900A3B9C0F4895317DFD827D9E6E933895B08D2F4A8A8293","0.0470741","0.0569643","2.02734375","2.02734375","2.02734375","E65526F9DFF3F93844E004D63C7B2A4E4F219B5EAB3F1B3D3ABCF0B301F65003","profile_id=2;mode=fast;block_size=65536;zstd_level=3;lzma_level=9;threads=1;process_timeout_seconds=3600","""E:\MIXER\hybridzip\build\Release\hybridzip.exe"" c --profile=r2 --r2-mode=fast --block-size=65536 --zstd-level=3 ""E:\MIXER\hybridzip\results\experiments\hybridzip-r2-e6-fast-full-20260828-retry1\children\hybridzip-r2-e6-fast-full-20260828-retry1-fast-b64-r2\inputs\64KiB\dickens.bin"" ""E:\MIXER\hybridzip\results\experiments\hybridzip-r2-e6-fast-full-20260828-retry1\children\hybridzip-r2-e6-fast-full-20260828-retry1-fast-b64-r2\archives\64KiB\dickens.hz2""","""E:\MIXER\hybridzip\build\Release\hybridzip.exe"" d ""E:\MIXER\hybridzip\results\experiments\hybridzip-r2-e6-fast-full-20260828-retry1\children\hybridzip-r2-e6-fast-full-20260828-retry1-fast-b64-r2\archives\64KiB\dickens.hz2"" ""E:\MIXER\hybridzip\results\experiments\hybridzip-r2-e6-fast-full-20260828-retry1\children\hybridzip-r2-e6-fast-full-20260828-retry1-fast-b64-r2\decoded\64KiB\dickens.decoded""","0","0","2026-08-28T02:38:37.3608840+08:00","COMPLETE","PASS","zstd=1","Complete R2 archive size; SHA-256 byte-exact roundtrip verified."
"e6-fast","fast","64","2","False","0","0","none","hybridzip-r2-e6-fast-full-20260828-retry1-fast-b64-r2","r2-fast","1","3","dickens","128","inputs/128KiB/dickens.bin","131072","20E33FCC8FAA96DC32A2D0921115C0F363E64C598A5847CE1A3876E356D59872","archives/128KiB/dickens.hz2","53619","8B19DBB58BFCE87FE854CDCBBCC7613B2FC08ABA86DE0AE85368576A9F6D78DD","decoded/128KiB/dickens.decoded","131072","20E33FCC8FAA96DC32A2D0921115C0F363E64C598A5847CE1A3876E356D59872","0.0477932","0.0455802","2.02734375","2.02734375","2.02734375","E65526F9DFF3F93844E004D63C7B2A4E4F219B5EAB3F1B3D3ABCF0B301F65003","profile_id=2;mode=fast;block_size=65536;zstd_level=3;lzma_level=9;threads=1;process_timeout_seconds=3600","""E:\MIXER\hybridzip\build\Release\hybridzip.exe"" c --profile=r2 --r2-mode=fast --block-size=65536 --zstd-level=3 ""E:\MIXER\hybridzip\results\experiments\hybridzip-r2-e6-fast-full-20260828-retry1\children\hybridzip-r2-e6-fast-full-20260828-retry1-fast-b64-r2\inputs\128KiB\dickens.bin"" ""E:\MIXER\hybridzip\results\experiments\hybridzip-r2-e6-fast-full-20260828-retry1\children\hybridzip-r2-e6-fast-full-20260828-retry1-fast-b64-r2\archives\128KiB\dickens.hz2""","""E:\MIXER\hybridzip\build\Release\hybridzip.exe"" d ""E:\MIXER\hybridzip\results\experiments\hybridzip-r2-e6-fast-full-20260828-retry1\children\hybridzip-r2-e6-fast-full-20260828-retry1-fast-b64-r2\archives\128KiB\dickens.hz2"" ""E:\MIXER\hybridzip\results\experiments\hybridzip-r2-e6-fast-full-20260828-retry1\children\hybridzip-r2-e6-fast-full-20260828-retry1-fast-b64-r2\decoded\128KiB\dickens.decoded""","0","0","2026-08-28T02:38:37.5369821+08:00","COMPLETE","PASS","zstd=2","Complete R2 archive size; SHA-256 byte-exact roundtrip verified."
"e6-fast","fast","64","2","False","0","0","none","hybridzip-r2-e6-fast-full-20260828-retry1-fast-b64-r2","r2-fast","1","4","mozilla","32","inputs/32KiB/mozilla.bin","32768","9DDEEF36CA0CA55B72FE3376D005926DFF3400A2ADE6EAE18482D8017D8645DB","archives/32KiB/mozilla.hz2","11272","50DC99B782A9E06030C9C84A38AF55A7183E5E44728A3A821073143B4BC1AD9D","decoded/32KiB/mozilla.decoded","32768","9DDEEF36CA0CA55B72FE3376D005926DFF3400A2ADE6EAE18482D8017D8645DB","0.0449586","0.0506643","2.02734375","2.02734375","2.02734375","E65526F9DFF3F93844E004D63C7B2A4E4F219B5EAB3F1B3D3ABCF0B301F65003","profile_id=2;mode=fast;block_size=65536;zstd_level=3;lzma_level=9;threads=1;process_timeout_seconds=3600","""E:\MIXER\hybridzip\build\Release\hybridzip.exe"" c --profile=r2 --r2-mode=fast --block-size=65536 --zstd-level=3 ""E:\MIXER\hybridzip\results\experiments\hybridzip-r2-e6-fast-full-20260828-retry1\children\hybridzip-r2-e6-fast-full-20260828-retry1-fast-b64-r2\inputs\32KiB\mozilla.bin"" ""E:\MIXER\hybridzip\results\experiments\hybridzip-r2-e6-fast-full-20260828-retry1\children\hybridzip-r2-e6-fast-full-20260828-retry1-fast-b64-r2\archives\32KiB\mozilla.hz2""","""E:\MIXER\hybridzip\build\Release\hybridzip.exe"" d ""E:\MIXER\hybridzip\results\experiments\hybridzip-r2-e6-fast-full-20260828-retry1\children\hybridzip-r2-e6-fast-full-20260828-retry1-fast-b64-r2\archives\32KiB\mozilla.hz2"" ""E:\MIXER\hybridzip\results\experiments\hybridzip-r2-e6-fast-full-20260828-retry1\children\hybridzip-r2-e6-fast-full-20260828-retry1-fast-b64-r2\decoded\32KiB\mozilla.decoded""","0","0","2026-08-28T02:38:37.6966710+08:00","COMPLETE","PASS","zstd=1","Complete R2 archive size; SHA-256 byte-exact roundtrip verified."
"e6-fast","fast","64","2","False","0","0","none","hybridzip-r2-e6-fast-full-20260828-retry1-fast-b64-r2","r2-fast","1","5","mozilla","64","inputs/64KiB/mozilla.bin","65536","B0050240663F54371D372303EEABA0A59AB0758BCD565F4F639D06561E6BC996","archives/64KiB/mozilla.hz2","15985","EDF269DB62D5B452DD70A6AA5D0F23C88B8E0D16D83FF6C52991D3A12142373B","decoded/64KiB/mozilla.decoded","65536","B0050240663F54371D372303EEABA0A59AB0758BCD565F4F639D06561E6BC996","0.0430808","0.0468713","2.02734375","4.4921875","4.4921875","E65526F9DFF3F93844E004D63C7B2A4E4F219B5EAB3F1B3D3ABCF0B301F65003","profile_id=2;mode=fast;block_size=65536;zstd_level=3;lzma_level=9;threads=1;process_timeout_seconds=3600","""E:\MIXER\hybridzip\build\Release\hybridzip.exe"" c --profile=r2 --r2-mode=fast --block-size=65536 --zstd-level=3 ""E:\MIXER\hybridzip\results\experiments\hybridzip-r2-e6-fast-full-20260828-retry1\children\hybridzip-r2-e6-fast-full-20260828-retry1-fast-b64-r2\inputs\64KiB\mozilla.bin"" ""E:\MIXER\hybridzip\results\experiments\hybridzip-r2-e6-fast-full-20260828-retry1\children\hybridzip-r2-e6-fast-full-20260828-retry1-fast-b64-r2\archives\64KiB\mozilla.hz2""","""E:\MIXER\hybridzip\build\Release\hybridzip.exe"" d ""E:\MIXER\hybridzip\results\experiments\hybridzip-r2-e6-fast-full-20260828-retry1\children\hybridzip-r2-e6-fast-full-20260828-retry1-fast-b64-r2\archives\64KiB\mozilla.hz2"" ""E:\MIXER\hybridzip\results\experiments\hybridzip-r2-e6-fast-full-20260828-retry1\children\hybridzip-r2-e6-fast-full-20260828-retry1-fast-b64-r2\decoded\64KiB\mozilla.decoded""","0","0","2026-08-28T02:38:37.8580261+08:00","COMPLETE","PASS","zstd=1","Complete R2 archive size; SHA-256 byte-exact roundtrip verified."
"e6-fast","fast","64","2","False","0","0","none","hybridzip-r2-e6-fast-full-20260828-retry1-fast-b64-r2","r2-fast","1","6","mozilla","128","inputs/128KiB/mozilla.bin","131072","85CDBEA98382DB12E9A21FF90E1907452712D074000A6B855D2CA215FA591EB4","archives/128KiB/mozilla.hz2","24002","F48B079696ECCFB384679229451B9F16AA128345BE0DEFDEF53D451307AFD414","decoded/128KiB/mozilla.decoded","131072","85CDBEA98382DB12E9A21FF90E1907452712D074000A6B855D2CA215FA591EB4","0.0426444","0.0504071","2.02734375","2.02734375","2.02734375","E65526F9DFF3F93844E004D63C7B2A4E4F219B5EAB3F1B3D3ABCF0B301F65003","profile_id=2;mode=fast;block_size=65536;zstd_level=3;lzma_level=9;threads=1;process_timeout_seconds=3600","""E:\MIXER\hybridzip\build\Release\hybridzip.exe"" c --profile=r2 --r2-mode=fast --block-size=65536 --zstd-level=3 ""E:\MIXER\hybridzip\results\experiments\hybridzip-r2-e6-fast-full-20260828-retry1\children\hybridzip-r2-e6-fast-full-20260828-retry1-fast-b64-r2\inputs\128KiB\mozilla.bin"" ""E:\MIXER\hybridzip\results\experiments\hybridzip-r2-e6-fast-full-20260828-retry1\children\hybridzip-r2-e6-fast-full-20260828-retry1-fast-b64-r2\archives\128KiB\mozilla.hz2""","""E:\MIXER\hybridzip\build\Release\hybridzip.exe"" d ""E:\MIXER\hybridzip\results\experiments\hybridzip-r2-e6-fast-full-20260828-retry1\children\hybridzip-r2-e6-fast-full-20260828-retry1-fast-b64-r2\archives\128KiB\mozilla.hz2"" ""E:\MIXER\hybridzip\results\experiments\hybridzip-r2-e6-fast-full-20260828-retry1\children\hybridzip-r2-e6-fast-full-20260828-retry1-fast-b64-r2\decoded\128KiB\mozilla.decoded""","0","0","2026-08-28T02:38:38.0101613+08:00","COMPLETE","PASS","zstd=2","Complete R2 archive size; SHA-256 byte-exact roundtrip verified."
"e6-fast","fast","64","2","False","0","0","none","hybridzip-r2-e6-fast-full-20260828-retry1-fast-b64-r2","r2-fast","1","7","mr","32","inputs/32KiB/mr.bin","32768","3BB287B0AF65F777AB00C14E362B4D1962087260556001BBEE0689AA10D9F76A","archives/32KiB/mr.hz2","8875","2EEB3B80D287AF3EC5B55951228E35D3921843B5183F3BE70EE7E803777F3498","decoded/32KiB/mr.decoded","32768","3BB287B0AF65F777AB00C14E362B4D1962087260556001BBEE0689AA10D9F76A","0.04441","0.0432741","2.03125","2.02734375","2.03125","E65526F9DFF3F93844E004D63C7B2A4E4F219B5EAB3F1B3D3ABCF0B301F65003","profile_id=2;mode=fast;block_size=65536;zstd_level=3;lzma_level=9;threads=1;process_timeout_seconds=3600","""E:\MIXER\hybridzip\build\Release\hybridzip.exe"" c --profile=r2 --r2-mode=fast --block-size=65536 --zstd-level=3 ""E:\MIXER\hybridzip\results\experiments\hybridzip-r2-e6-fast-full-20260828-retry1\children\hybridzip-r2-e6-fast-full-20260828-retry1-fast-b64-r2\inputs\32KiB\mr.bin"" ""E:\MIXER\hybridzip\results\experiments\hybridzip-r2-e6-fast-full-20260828-retry1\children\hybridzip-r2-e6-fast-full-20260828-retry1-fast-b64-r2\archives\32KiB\mr.hz2""","""E:\MIXER\hybridzip\build\Release\hybridzip.exe"" d ""E:\MIXER\hybridzip\results\experiments\hybridzip-r2-e6-fast-full-20260828-retry1\children\hybridzip-r2-e6-fast-full-20260828-retry1-fast-b64-r2\archives\32KiB\mr.hz2"" ""E:\MIXER\hybridzip\results\experiments\hybridzip-r2-e6-fast-full-20260828-retry1\children\hybridzip-r2-e6-fast-full-20260828-retry1-fast-b64-r2\decoded\32KiB\mr.decoded""","0","0","2026-08-28T02:38:38.1696094+08:00","COMPLETE","PASS","zstd=1","Complete R2 archive size; SHA-256 byte-exact roundtrip verified."
"e6-fast","fast","64","2","False","0","0","none","hybridzip-r2-e6-fast-full-20260828-retry1-fast-b64-r2","r2-fast","1","8","mr","64","inputs/64KiB/mr.bin","65536","CAB7B6408934009A4BBFEDB57BEB4943BF5478CF8B3688D01F004E0422EBC651","archives/64KiB/mr.hz2","17591","0049C82A6D13A17055409FABF83EE03550302023DED72E4EE68C073E9F41B447","decoded/64KiB/mr.decoded","65536","CAB7B6408934009A4BBFEDB57BEB4943BF5478CF8B3688D01F004E0422EBC651","0.0588435","0.0485438","2.02734375","2.0234375","2.02734375","E65526F9DFF3F93844E004D63C7B2A4E4F219B5EAB3F1B3D3ABCF0B301F65003","profile_id=2;mode=fast;block_size=65536;zstd_level=3;lzma_level=9;threads=1;process_timeout_seconds=3600","""E:\MIXER\hybridzip\build\Release\hybridzip.exe"" c --profile=r2 --r2-mode=fast --block-size=65536 --zstd-level=3 ""E:\MIXER\hybridzip\results\experiments\hybridzip-r2-e6-fast-full-20260828-retry1\children\hybridzip-r2-e6-fast-full-20260828-retry1-fast-b64-r2\inputs\64KiB\mr.bin"" ""E:\MIXER\hybridzip\results\experiments\hybridzip-r2-e6-fast-full-20260828-retry1\children\hybridzip-r2-e6-fast-full-20260828-retry1-fast-b64-r2\archives\64KiB\mr.hz2""","""E:\MIXER\hybridzip\build\Release\hybridzip.exe"" d ""E:\MIXER\hybridzip\results\experiments\hybridzip-r2-e6-fast-full-20260828-retry1\children\hybridzip-r2-e6-fast-full-20260828-retry1-fast-b64-r2\archives\64KiB\mr.hz2"" ""E:\MIXER\hybridzip\results\experiments\hybridzip-r2-e6-fast-full-20260828-retry1\children\hybridzip-r2-e6-fast-full-20260828-retry1-fast-b64-r2\decoded\64KiB\mr.decoded""","0","0","2026-08-28T02:38:38.3272639+08:00","COMPLETE","PASS","zstd=1","Complete R2 archive size; SHA-256 byte-exact roundtrip verified."
"e6-fast","fast","64","2","False","0","0","none","hybridzip-r2-e6-fast-full-20260828-retry1-fast-b64-r2","r2-fast","1","9","mr","128","inputs/128KiB/mr.bin","131072","473A6A883480C7B2E69402AD888AC07B347C2DF61C6AA0D84E8B8130A27792EA","archives/128KiB/mr.hz2","34478","DA60B6C9474E21BAE4E831025DDA8B0A92F5E0C338EE73E324C9483B852FC9D3","decoded/128KiB/mr.decoded","131072","473A6A883480C7B2E69402AD888AC07B347C2DF61C6AA0D84E8B8130A27792EA","0.042888","0.0476951","2.02734375","4.50390625","4.50390625","E65526F9DFF3F93844E004D63C7B2A4E4F219B5EAB3F1B3D3ABCF0B301F65003","profile_id=2;mode=fast;block_size=65536;zstd_level=3;lzma_level=9;threads=1;process_timeout_seconds=3600","""E:\MIXER\hybridzip\build\Release\hybridzip.exe"" c --profile=r2 --r2-mode=fast --block-size=65536 --zstd-level=3 ""E:\MIXER\hybridzip\results\experiments\hybridzip-r2-e6-fast-full-20260828-retry1\children\hybridzip-r2-e6-fast-full-20260828-retry1-fast-b64-r2\inputs\128KiB\mr.bin"" ""E:\MIXER\hybridzip\results\experiments\hybridzip-r2-e6-fast-full-20260828-retry1\children\hybridzip-r2-e6-fast-full-20260828-retry1-fast-b64-r2\archives\128KiB\mr.hz2""","""E:\MIXER\hybridzip\build\Release\hybridzip.exe"" d ""E:\MIXER\hybridzip\results\experiments\hybridzip-r2-e6-fast-full-20260828-retry1\children\hybridzip-r2-e6-fast-full-20260828-retry1-fast-b64-r2\archives\128KiB\mr.hz2"" ""E:\MIXER\hybridzip\results\experiments\hybridzip-r2-e6-fast-full-20260828-retry1\children\hybridzip-r2-e6-fast-full-20260828-retry1-fast-b64-r2\decoded\128KiB\mr.decoded""","0","0","2026-08-28T02:38:38.4998638+08:00","COMPLETE","PASS","zstd=2","Complete R2 archive size; SHA-256 byte-exact roundtrip verified."
"e6-fast","fast","64","2","False","0","0","none","hybridzip-r2-e6-fast-full-20260828-retry1-fast-b64-r2","r2-fast","1","10","nci","32","inputs/32KiB/nci.bin","32768","0D3034FE8B0E573DE1439ED98CE409B83B13E5895085C9BFB0BF980F4962FB79","archives/32KiB/nci.hz2","3102","91EB7CCE5C2847DBB7EDA4797432B8AC1364032F7BA85B80F00FB12E5812206F","decoded/32KiB/nci.decoded","32768","0D3034FE8B0E573DE1439ED98CE409B83B13E5895085C9BFB0BF980F4962FB79","0.0428182","0.04876","2.02734375","2.0234375","2.02734375","E65526F9DFF3F93844E004D63C7B2A4E4F219B5EAB3F1B3D3ABCF0B301F65003","profile_id=2;mode=fast;block_size=65536;zstd_level=3;lzma_level=9;threads=1;process_timeout_seconds=3600","""E:\MIXER\hybridzip\build\Release\hybridzip.exe"" c --profile=r2 --r2-mode=fast --block-size=65536 --zstd-level=3 ""E:\MIXER\hybridzip\results\experiments\hybridzip-r2-e6-fast-full-20260828-retry1\children\hybridzip-r2-e6-fast-full-20260828-retry1-fast-b64-r2\inputs\32KiB\nci.bin"" ""E:\MIXER\hybridzip\results\experiments\hybridzip-r2-e6-fast-full-20260828-retry1\children\hybridzip-r2-e6-fast-full-20260828-retry1-fast-b64-r2\archives\32KiB\nci.hz2""","""E:\MIXER\hybridzip\build\Release\hybridzip.exe"" d ""E:\MIXER\hybridzip\results\experiments\hybridzip-r2-e6-fast-full-20260828-retry1\children\hybridzip-r2-e6-fast-full-20260828-retry1-fast-b64-r2\archives\32KiB\nci.hz2"" ""E:\MIXER\hybridzip\results\experiments\hybridzip-r2-e6-fast-full-20260828-retry1\children\hybridzip-r2-e6-fast-full-20260828-retry1-fast-b64-r2\decoded\32KiB\nci.decoded""","0","0","2026-08-28T02:38:38.6558997+08:00","COMPLETE","PASS","zstd=1","Complete R2 archive size; SHA-256 byte-exact roundtrip verified."
"e6-fast","fast","64","2","False","0","0","none","hybridzip-r2-e6-fast-full-20260828-retry1-fast-b64-r2","r2-fast","1","11","nci","64","inputs/64KiB/nci.bin","65536","B01B411AC3B5CE2FBF37242C0C59D2D236D2F7039937C1B1A0F18F4CC02549FE","archives/64KiB/nci.hz2","5294","14C56A8AA99BD1B16A5F2AB1C227315A7192CB4B1638E7422E08F178C56E0293","decoded/64KiB/nci.decoded","65536","B01B411AC3B5CE2FBF37242C0C59D2D236D2F7039937C1B1A0F18F4CC02549FE","0.0429794","0.0432122","2.02734375","2.02734375","2.02734375","E65526F9DFF3F93844E004D63C7B2A4E4F219B5EAB3F1B3D3ABCF0B301F65003","profile_id=2;mode=fast;block_size=65536;zstd_level=3;lzma_level=9;threads=1;process_timeout_seconds=3600","""E:\MIXER\hybridzip\build\Release\hybridzip.exe"" c --profile=r2 --r2-mode=fast --block-size=65536 --zstd-level=3 ""E:\MIXER\hybridzip\results\experiments\hybridzip-r2-e6-fast-full-20260828-retry1\children\hybridzip-r2-e6-fast-full-20260828-retry1-fast-b64-r2\inputs\64KiB\nci.bin"" ""E:\MIXER\hybridzip\results\experiments\hybridzip-r2-e6-fast-full-20260828-retry1\children\hybridzip-r2-e6-fast-full-20260828-retry1-fast-b64-r2\archives\64KiB\nci.hz2""","""E:\MIXER\hybridzip\build\Release\hybridzip.exe"" d ""E:\MIXER\hybridzip\results\experiments\hybridzip-r2-e6-fast-full-20260828-retry1\children\hybridzip-r2-e6-fast-full-20260828-retry1-fast-b64-r2\archives\64KiB\nci.hz2"" ""E:\MIXER\hybridzip\results\experiments\hybridzip-r2-e6-fast-full-20260828-retry1\children\hybridzip-r2-e6-fast-full-20260828-retry1-fast-b64-r2\decoded\64KiB\nci.decoded""","0","0","2026-08-28T02:38:38.8115681+08:00","COMPLETE","PASS","zstd=1","Complete R2 archive size; SHA-256 byte-exact roundtrip verified."
"e6-fast","fast","64","2","False","0","0","none","hybridzip-r2-e6-fast-full-20260828-retry1-fast-b64-r2","r2-fast","1","12","nci","128","inputs/128KiB/nci.bin","131072","C8A1D610355E5EF900ED4C704DF14ADF1935D95DFD8F1740AC9FD90FC9BF5781","archives/128KiB/nci.hz2","11819","DECB82FF6307CCBD33FA64AAF68B5C56B3311941A8C6CC9368FEAFFBD7EB8D4D","decoded/128KiB/nci.decoded","131072","C8A1D610355E5EF900ED4C704DF14ADF1935D95DFD8F1740AC9FD90FC9BF5781","0.03964","0.0503221","2.0234375","2.0234375","2.0234375","E65526F9DFF3F93844E004D63C7B2A4E4F219B5EAB3F1B3D3ABCF0B301F65003","profile_id=2;mode=fast;block_size=65536;zstd_level=3;lzma_level=9;threads=1;process_timeout_seconds=3600","""E:\MIXER\hybridzip\build\Release\hybridzip.exe"" c --profile=r2 --r2-mode=fast --block-size=65536 --zstd-level=3 ""E:\MIXER\hybridzip\results\experiments\hybridzip-r2-e6-fast-full-20260828-retry1\children\hybridzip-r2-e6-fast-full-20260828-retry1-fast-b64-r2\inputs\128KiB\nci.bin"" ""E:\MIXER\hybridzip\results\experiments\hybridzip-r2-e6-fast-full-20260828-retry1\children\hybridzip-r2-e6-fast-full-20260828-retry1-fast-b64-r2\archives\128KiB\nci.hz2""","""E:\MIXER\hybridzip\build\Release\hybridzip.exe"" d ""E:\MIXER\hybridzip\results\experiments\hybridzip-r2-e6-fast-full-20260828-retry1\children\hybridzip-r2-e6-fast-full-20260828-retry1-fast-b64-r2\archives\128KiB\nci.hz2"" ""E:\MIXER\hybridzip\results\experiments\hybridzip-r2-e6-fast-full-20260828-retry1\children\hybridzip-r2-e6-fast-full-20260828-retry1-fast-b64-r2\decoded\128KiB\nci.decoded""","0","0","2026-08-28T02:38:38.9694548+08:00","COMPLETE","PASS","zstd=2","Complete R2 archive size; SHA-256 byte-exact roundtrip verified."
"e6-fast","fast","64","2","False","0","0","none","hybridzip-r2-e6-fast-full-20260828-retry1-fast-b64-r2","r2-fast","1","13","ooffice","32","inputs/32KiB/ooffice.bin","32768","2ACF9B4CAAEAC5814CDFEF0FA48A5ECE857C847DBDB7B44EEAB95CA3C098921C","archives/32KiB/ooffice.hz2","14873","FEC09556597029936E6B57D61901FF20630CBE875EC44D9E4B4C0B2DC91DEB08","decoded/32KiB/ooffice.decoded","32768","2ACF9B4CAAEAC5814CDFEF0FA48A5ECE857C847DBDB7B44EEAB95CA3C098921C","0.0594173","0.0660641","2.328125","4.4921875","4.4921875","E65526F9DFF3F93844E004D63C7B2A4E4F219B5EAB3F1B3D3ABCF0B301F65003","profile_id=2;mode=fast;block_size=65536;zstd_level=3;lzma_level=9;threads=1;process_timeout_seconds=3600","""E:\MIXER\hybridzip\build\Release\hybridzip.exe"" c --profile=r2 --r2-mode=fast --block-size=65536 --zstd-level=3 ""E:\MIXER\hybridzip\results\experiments\hybridzip-r2-e6-fast-full-20260828-retry1\children\hybridzip-r2-e6-fast-full-20260828-retry1-fast-b64-r2\inputs\32KiB\ooffice.bin"" ""E:\MIXER\hybridzip\results\experiments\hybridzip-r2-e6-fast-full-20260828-retry1\children\hybridzip-r2-e6-fast-full-20260828-retry1-fast-b64-r2\archives\32KiB\ooffice.hz2""","""E:\MIXER\hybridzip\build\Release\hybridzip.exe"" d ""E:\MIXER\hybridzip\results\experiments\hybridzip-r2-e6-fast-full-20260828-retry1\children\hybridzip-r2-e6-fast-full-20260828-retry1-fast-b64-r2\archives\32KiB\ooffice.hz2"" ""E:\MIXER\hybridzip\results\experiments\hybridzip-r2-e6-fast-full-20260828-retry1\children\hybridzip-r2-e6-fast-full-20260828-retry1-fast-b64-r2\decoded\32KiB\ooffice.decoded""","0","0","2026-08-28T02:38:39.1268181+08:00","COMPLETE","PASS","zstd=1","Complete R2 archive size; SHA-256 byte-exact roundtrip verified."
"e6-fast","fast","64","2","False","0","0","none","hybridzip-r2-e6-fast-full-20260828-retry1-fast-b64-r2","r2-fast","1","14","ooffice","64","inputs/64KiB/ooffice.bin","65536","9D30521922187D0A26F56CF2DF85001F9585D0D4EC6A0A8797466AFCC367F825","archives/64KiB/ooffice.hz2","34284","D446A858F716B5741517702EA1A3C35406C335DDCB953A67F1F69B0C13B27B7A","decoded/64KiB/ooffice.decoded","65536","9D30521922187D0A26F56CF2DF85001F9585D0D4EC6A0A8797466AFCC367F825","0.0445019","0.0495035","2.0234375","4.54296875","4.54296875","E65526F9DFF3F93844E004D63C7B2A4E4F219B5EAB3F1B3D3ABCF0B301F65003","profile_id=2;mode=fast;block_size=65536;zstd_level=3;lzma_level=9;threads=1;process_timeout_seconds=3600","""E:\MIXER\hybridzip\build\Release\hybridzip.exe"" c --profile=r2 --r2-mode=fast --block-size=65536 --zstd-level=3 ""E:\MIXER\hybridzip\results\experiments\hybridzip-r2-e6-fast-full-20260828-retry1\children\hybridzip-r2-e6-fast-full-20260828-retry1-fast-b64-r2\inputs\64KiB\ooffice.bin"" ""E:\MIXER\hybridzip\results\experiments\hybridzip-r2-e6-fast-full-20260828-retry1\children\hybridzip-r2-e6-fast-full-20260828-retry1-fast-b64-r2\archives\64KiB\ooffice.hz2""","""E:\MIXER\hybridzip\build\Release\hybridzip.exe"" d ""E:\MIXER\hybridzip\results\experiments\hybridzip-r2-e6-fast-full-20260828-retry1\children\hybridzip-r2-e6-fast-full-20260828-retry1-fast-b64-r2\archives\64KiB\ooffice.hz2"" ""E:\MIXER\hybridzip\results\experiments\hybridzip-r2-e6-fast-full-20260828-retry1\children\hybridzip-r2-e6-fast-full-20260828-retry1-fast-b64-r2\decoded\64KiB\ooffice.decoded""","0","0","2026-08-28T02:38:39.3312370+08:00","COMPLETE","PASS","zstd=1","Complete R2 archive size; SHA-256 byte-exact roundtrip verified."
"e6-fast","fast","64","2","False","0","0","none","hybridzip-r2-e6-fast-full-20260828-retry1-fast-b64-r2","r2-fast","1","15","ooffice","128","inputs/128KiB/ooffice.bin","131072","09FA5F3EE5311528863F8C3FADA3B530CC24AC1D88128E4DB2BF434161879FEF","archives/128KiB/ooffice.hz2","73134","C9F36D21FC1E53673A811B11BEA3DCDF1AECC66744D960BEF3CDCED6930E0677","decoded/128KiB/ooffice.decoded","131072","09FA5F3EE5311528863F8C3FADA3B530CC24AC1D88128E4DB2BF434161879FEF","0.0544457","0.0498512","5.16796875","2.02734375","5.16796875","E65526F9DFF3F93844E004D63C7B2A4E4F219B5EAB3F1B3D3ABCF0B301F65003","profile_id=2;mode=fast;block_size=65536;zstd_level=3;lzma_level=9;threads=1;process_timeout_seconds=3600","""E:\MIXER\hybridzip\build\Release\hybridzip.exe"" c --profile=r2 --r2-mode=fast --block-size=65536 --zstd-level=3 ""E:\MIXER\hybridzip\results\experiments\hybridzip-r2-e6-fast-full-20260828-retry1\children\hybridzip-r2-e6-fast-full-20260828-retry1-fast-b64-r2\inputs\128KiB\ooffice.bin"" ""E:\MIXER\hybridzip\results\experiments\hybridzip-r2-e6-fast-full-20260828-retry1\children\hybridzip-r2-e6-fast-full-20260828-retry1-fast-b64-r2\archives\128KiB\ooffice.hz2""","""E:\MIXER\hybridzip\build\Release\hybridzip.exe"" d ""E:\MIXER\hybridzip\results\experiments\hybridzip-r2-e6-fast-full-20260828-retry1\children\hybridzip-r2-e6-fast-full-20260828-retry1-fast-b64-r2\archives\128KiB\ooffice.hz2"" ""E:\MIXER\hybridzip\results\experiments\hybridzip-r2-e6-fast-full-20260828-retry1\children\hybridzip-r2-e6-fast-full-20260828-retry1-fast-b64-r2\decoded\128KiB\ooffice.decoded""","0","0","2026-08-28T02:38:39.5077689+08:00","COMPLETE","PASS","zstd=2","Complete R2 archive size; SHA-256 byte-exact roundtrip verified."
"e6-fast","fast","64","2","False","0","0","none","hybridzip-r2-e6-fast-full-20260828-retry1-fast-b64-r2","r2-fast","1","16","osdb","32","inputs/32KiB/osdb.bin","32768","03B2C20B777682CD960BCD893D7A4463161D9C0200FD1708B2EFAE32A259D0B7","archives/32KiB/osdb.hz2","15697","B1BF8ED6574FCF84843EA65C9B35A45657DE408EF27146AC48F0B06BC1715B65","decoded/32KiB/osdb.decoded","32768","03B2C20B777682CD960BCD893D7A4463161D9C0200FD1708B2EFAE32A259D0B7","0.0421745","0.0488394","2.0234375","4.484375","4.484375","E65526F9DFF3F93844E004D63C7B2A4E4F219B5EAB3F1B3D3ABCF0B301F65003","profile_id=2;mode=fast;block_size=65536;zstd_level=3;lzma_level=9;threads=1;process_timeout_seconds=3600","""E:\MIXER\hybridzip\build\Release\hybridzip.exe"" c --profile=r2 --r2-mode=fast --block-size=65536 --zstd-level=3 ""E:\MIXER\hybridzip\results\experiments\hybridzip-r2-e6-fast-full-20260828-retry1\children\hybridzip-r2-e6-fast-full-20260828-retry1-fast-b64-r2\inputs\32KiB\osdb.bin"" ""E:\MIXER\hybridzip\results\experiments\hybridzip-r2-e6-fast-full-20260828-retry1\children\hybridzip-r2-e6-fast-full-20260828-retry1-fast-b64-r2\archives\32KiB\osdb.hz2""","""E:\MIXER\hybridzip\build\Release\hybridzip.exe"" d ""E:\MIXER\hybridzip\results\experiments\hybridzip-r2-e6-fast-full-20260828-retry1\children\hybridzip-r2-e6-fast-full-20260828-retry1-fast-b64-r2\archives\32KiB\osdb.hz2"" ""E:\MIXER\hybridzip\results\experiments\hybridzip-r2-e6-fast-full-20260828-retry1\children\hybridzip-r2-e6-fast-full-20260828-retry1-fast-b64-r2\decoded\32KiB\osdb.decoded""","0","0","2026-08-28T02:38:39.6954862+08:00","COMPLETE","PASS","zstd=1","Complete R2 archive size; SHA-256 byte-exact roundtrip verified."
"e6-fast","fast","64","2","False","0","0","none","hybridzip-r2-e6-fast-full-20260828-retry1-fast-b64-r2","r2-fast","1","17","osdb","64","inputs/64KiB/osdb.bin","65536","F8FE629325A07588118BA0B65880A87DED43EF249CCBC91F0E977BBACAE0C125","archives/64KiB/osdb.hz2","27356","D425810BF3483F14A95A01CB72B86EEEDDF5AF70BEFCD965409B389B4D68461E","decoded/64KiB/osdb.decoded","65536","F8FE629325A07588118BA0B65880A87DED43EF249CCBC91F0E977BBACAE0C125","0.0444496","0.0485598","2.0234375","4.234375","4.234375","E65526F9DFF3F93844E004D63C7B2A4E4F219B5EAB3F1B3D3ABCF0B301F65003","profile_id=2;mode=fast;block_size=65536;zstd_level=3;lzma_level=9;threads=1;process_timeout_seconds=3600","""E:\MIXER\hybridzip\build\Release\hybridzip.exe"" c --profile=r2 --r2-mode=fast --block-size=65536 --zstd-level=3 ""E:\MIXER\hybridzip\results\experiments\hybridzip-r2-e6-fast-full-20260828-retry1\children\hybridzip-r2-e6-fast-full-20260828-retry1-fast-b64-r2\inputs\64KiB\osdb.bin"" ""E:\MIXER\hybridzip\results\experiments\hybridzip-r2-e6-fast-full-20260828-retry1\children\hybridzip-r2-e6-fast-full-20260828-retry1-fast-b64-r2\archives\64KiB\osdb.hz2""","""E:\MIXER\hybridzip\build\Release\hybridzip.exe"" d ""E:\MIXER\hybridzip\results\experiments\hybridzip-r2-e6-fast-full-20260828-retry1\children\hybridzip-r2-e6-fast-full-20260828-retry1-fast-b64-r2\archives\64KiB\osdb.hz2"" ""E:\MIXER\hybridzip\results\experiments\hybridzip-r2-e6-fast-full-20260828-retry1\children\hybridzip-r2-e6-fast-full-20260828-retry1-fast-b64-r2\decoded\64KiB\osdb.decoded""","0","0","2026-08-28T02:38:39.8519103+08:00","COMPLETE","PASS","zstd=1","Complete R2 archive size; SHA-256 byte-exact roundtrip verified."
"e6-fast","fast","64","2","False","0","0","none","hybridzip-r2-e6-fast-full-20260828-retry1-fast-b64-r2","r2-fast","1","18","osdb","128","inputs/128KiB/osdb.bin","131072","D977E72AE13AEFC36A4B6171A895E26A0E6EEE447B1B9FBE868D7B1C046CC91F","archives/128KiB/osdb.hz2","54810","00ACDC9EA08E34796CE689A2B8C589624B2F09E60680CFF552EDE4394B8740B0","decoded/128KiB/osdb.decoded","131072","D977E72AE13AEFC36A4B6171A895E26A0E6EEE447B1B9FBE868D7B1C046CC91F","0.0434647","0.0491644","2.02734375","4.5234375","4.5234375","E65526F9DFF3F93844E004D63C7B2A4E4F219B5EAB3F1B3D3ABCF0B301F65003","profile_id=2;mode=fast;block_size=65536;zstd_level=3;lzma_level=9;threads=1;process_timeout_seconds=3600","""E:\MIXER\hybridzip\build\Release\hybridzip.exe"" c --profile=r2 --r2-mode=fast --block-size=65536 --zstd-level=3 ""E:\MIXER\hybridzip\results\experiments\hybridzip-r2-e6-fast-full-20260828-retry1\children\hybridzip-r2-e6-fast-full-20260828-retry1-fast-b64-r2\inputs\128KiB\osdb.bin"" ""E:\MIXER\hybridzip\results\experiments\hybridzip-r2-e6-fast-full-20260828-retry1\children\hybridzip-r2-e6-fast-full-20260828-retry1-fast-b64-r2\archives\128KiB\osdb.hz2""","""E:\MIXER\hybridzip\build\Release\hybridzip.exe"" d ""E:\MIXER\hybridzip\results\experiments\hybridzip-r2-e6-fast-full-20260828-retry1\children\hybridzip-r2-e6-fast-full-20260828-retry1-fast-b64-r2\archives\128KiB\osdb.hz2"" ""E:\MIXER\hybridzip\results\experiments\hybridzip-r2-e6-fast-full-20260828-retry1\children\hybridzip-r2-e6-fast-full-20260828-retry1-fast-b64-r2\decoded\128KiB\osdb.decoded""","0","0","2026-08-28T02:38:40.0116143+08:00","COMPLETE","PASS","zstd=2","Complete R2 archive size; SHA-256 byte-exact roundtrip verified."
"e6-fast","fast","64","2","False","0","0","none","hybridzip-r2-e6-fast-full-20260828-retry1-fast-b64-r2","r2-fast","1","19","reymont","32","inputs/32KiB/reymont.bin","32768","9D5E4B9340C2260DAE7DDB01B3EDA58236FF2DE5E1FF4D56767AA840B6FB1A87","archives/32KiB/reymont.hz2","10573","E3863B0EF6FAD548CBB2609F28078EA2CEA09C3B3BF02CEC238420B09EB1C5E8","decoded/32KiB/reymont.decoded","32768","9D5E4B9340C2260DAE7DDB01B3EDA58236FF2DE5E1FF4D56767AA840B6FB1A87","0.0428808","0.0489652","2.02734375","2.93359375","2.93359375","E65526F9DFF3F93844E004D63C7B2A4E4F219B5EAB3F1B3D3ABCF0B301F65003","profile_id=2;mode=fast;block_size=65536;zstd_level=3;lzma_level=9;threads=1;process_timeout_seconds=3600","""E:\MIXER\hybridzip\build\Release\hybridzip.exe"" c --profile=r2 --r2-mode=fast --block-size=65536 --zstd-level=3 ""E:\MIXER\hybridzip\results\experiments\hybridzip-r2-e6-fast-full-20260828-retry1\children\hybridzip-r2-e6-fast-full-20260828-retry1-fast-b64-r2\inputs\32KiB\reymont.bin"" ""E:\MIXER\hybridzip\results\experiments\hybridzip-r2-e6-fast-full-20260828-retry1\children\hybridzip-r2-e6-fast-full-20260828-retry1-fast-b64-r2\archives\32KiB\reymont.hz2""","""E:\MIXER\hybridzip\build\Release\hybridzip.exe"" d ""E:\MIXER\hybridzip\results\experiments\hybridzip-r2-e6-fast-full-20260828-retry1\children\hybridzip-r2-e6-fast-full-20260828-retry1-fast-b64-r2\archives\32KiB\reymont.hz2"" ""E:\MIXER\hybridzip\results\experiments\hybridzip-r2-e6-fast-full-20260828-retry1\children\hybridzip-r2-e6-fast-full-20260828-retry1-fast-b64-r2\decoded\32KiB\reymont.decoded""","0","0","2026-08-28T02:38:40.1686362+08:00","COMPLETE","PASS","zstd=1","Complete R2 archive size; SHA-256 byte-exact roundtrip verified."
"e6-fast","fast","64","2","False","0","0","none","hybridzip-r2-e6-fast-full-20260828-retry1-fast-b64-r2","r2-fast","1","20","reymont","64","inputs/64KiB/reymont.bin","65536","A5ECAAABB133F1ADF8DE6062BE6381D143E87F9F8050EEA9B5BE6F92B88C3C22","archives/64KiB/reymont.hz2","20575","F7FD3841D3C709AF87D2860BBF5CF9F07C4D30EA191814A59DE9C5958E86701E","decoded/64KiB/reymont.decoded","65536","A5ECAAABB133F1ADF8DE6062BE6381D143E87F9F8050EEA9B5BE6F92B88C3C22","0.0523302","0.0494513","5.1640625","4.50390625","5.1640625","E65526F9DFF3F93844E004D63C7B2A4E4F219B5EAB3F1B3D3ABCF0B301F65003","profile_id=2;mode=fast;block_size=65536;zstd_level=3;lzma_level=9;threads=1;process_timeout_seconds=3600","""E:\MIXER\hybridzip\build\Release\hybridzip.exe"" c --profile=r2 --r2-mode=fast --block-size=65536 --zstd-level=3 ""E:\MIXER\hybridzip\results\experiments\hybridzip-r2-e6-fast-full-20260828-retry1\children\hybridzip-r2-e6-fast-full-20260828-retry1-fast-b64-r2\inputs\64KiB\reymont.bin"" ""E:\MIXER\hybridzip\results\experiments\hybridzip-r2-e6-fast-full-20260828-retry1\children\hybridzip-r2-e6-fast-full-20260828-retry1-fast-b64-r2\archives\64KiB\reymont.hz2""","""E:\MIXER\hybridzip\build\Release\hybridzip.exe"" d ""E:\MIXER\hybridzip\results\experiments\hybridzip-r2-e6-fast-full-20260828-retry1\children\hybridzip-r2-e6-fast-full-20260828-retry1-fast-b64-r2\archives\64KiB\reymont.hz2"" ""E:\MIXER\hybridzip\results\experiments\hybridzip-r2-e6-fast-full-20260828-retry1\children\hybridzip-r2-e6-fast-full-20260828-retry1-fast-b64-r2\decoded\64KiB\reymont.decoded""","0","0","2026-08-28T02:38:40.3303532+08:00","COMPLETE","PASS","zstd=1","Complete R2 archive size; SHA-256 byte-exact roundtrip verified."
"e6-fast","fast","64","2","False","0","0","none","hybridzip-r2-e6-fast-full-20260828-retry1-fast-b64-r2","r2-fast","1","21","reymont","128","inputs/128KiB/reymont.bin","131072","A6CA7478854C1E80DFEAF9FB3444B357F9D7625E55232FAE3B3632A5A1217DEA","archives/128KiB/reymont.hz2","41753","6F5EE37B4151120DBE6A8C7B413EA91D882444510420A263F2E706D156D4D77D","decoded/128KiB/reymont.decoded","131072","A6CA7478854C1E80DFEAF9FB3444B357F9D7625E55232FAE3B3632A5A1217DEA","0.0419719","0.0573444","2.02734375","2.02734375","2.02734375","E65526F9DFF3F93844E004D63C7B2A4E4F219B5EAB3F1B3D3ABCF0B301F65003","profile_id=2;mode=fast;block_size=65536;zstd_level=3;lzma_level=9;threads=1;process_timeout_seconds=3600","""E:\MIXER\hybridzip\build\Release\hybridzip.exe"" c --profile=r2 --r2-mode=fast --block-size=65536 --zstd-level=3 ""E:\MIXER\hybridzip\results\experiments\hybridzip-r2-e6-fast-full-20260828-retry1\children\hybridzip-r2-e6-fast-full-20260828-retry1-fast-b64-r2\inputs\128KiB\reymont.bin"" ""E:\MIXER\hybridzip\results\experiments\hybridzip-r2-e6-fast-full-20260828-retry1\children\hybridzip-r2-e6-fast-full-20260828-retry1-fast-b64-r2\archives\128KiB\reymont.hz2""","""E:\MIXER\hybridzip\build\Release\hybridzip.exe"" d ""E:\MIXER\hybridzip\results\experiments\hybridzip-r2-e6-fast-full-20260828-retry1\children\hybridzip-r2-e6-fast-full-20260828-retry1-fast-b64-r2\archives\128KiB\reymont.hz2"" ""E:\MIXER\hybridzip\results\experiments\hybridzip-r2-e6-fast-full-20260828-retry1\children\hybridzip-r2-e6-fast-full-20260828-retry1-fast-b64-r2\decoded\128KiB\reymont.decoded""","0","0","2026-08-28T02:38:40.4984296+08:00","COMPLETE","PASS","zstd=2","Complete R2 archive size; SHA-256 byte-exact roundtrip verified."
"e6-fast","fast","64","2","False","0","0","none","hybridzip-r2-e6-fast-full-20260828-retry1-fast-b64-r2","r2-fast","1","22","samba","32","inputs/32KiB/samba.bin","32768","9C4F5BEE544E4531E4946E62F796987418B4526911C34877EF282F14DD57AD12","archives/32KiB/samba.hz2","11947","B00503843DC7694A0ACA3249C322E91406106F738E6088FBDD7244741C9B6E18","decoded/32KiB/samba.decoded","32768","9C4F5BEE544E4531E4946E62F796987418B4526911C34877EF282F14DD57AD12","0.0422334","0.0480856","2.0234375","3.66015625","3.66015625","E65526F9DFF3F93844E004D63C7B2A4E4F219B5EAB3F1B3D3ABCF0B301F65003","profile_id=2;mode=fast;block_size=65536;zstd_level=3;lzma_level=9;threads=1;process_timeout_seconds=3600","""E:\MIXER\hybridzip\build\Release\hybridzip.exe"" c --profile=r2 --r2-mode=fast --block-size=65536 --zstd-level=3 ""E:\MIXER\hybridzip\results\experiments\hybridzip-r2-e6-fast-full-20260828-retry1\children\hybridzip-r2-e6-fast-full-20260828-retry1-fast-b64-r2\inputs\32KiB\samba.bin"" ""E:\MIXER\hybridzip\results\experiments\hybridzip-r2-e6-fast-full-20260828-retry1\children\hybridzip-r2-e6-fast-full-20260828-retry1-fast-b64-r2\archives\32KiB\samba.hz2""","""E:\MIXER\hybridzip\build\Release\hybridzip.exe"" d ""E:\MIXER\hybridzip\results\experiments\hybridzip-r2-e6-fast-full-20260828-retry1\children\hybridzip-r2-e6-fast-full-20260828-retry1-fast-b64-r2\archives\32KiB\samba.hz2"" ""E:\MIXER\hybridzip\results\experiments\hybridzip-r2-e6-fast-full-20260828-retry1\children\hybridzip-r2-e6-fast-full-20260828-retry1-fast-b64-r2\decoded\32KiB\samba.decoded""","0","0","2026-08-28T02:38:40.6709082+08:00","COMPLETE","PASS","zstd=1","Complete R2 archive size; SHA-256 byte-exact roundtrip verified."
"e6-fast","fast","64","2","False","0","0","none","hybridzip-r2-e6-fast-full-20260828-retry1-fast-b64-r2","r2-fast","1","23","samba","64","inputs/64KiB/samba.bin","65536","3E0420984C0F260EA7350734600CEA9D8500B745E2E4B7DBD4D1DA1D1ADAC421","archives/64KiB/samba.hz2","23329","62165D5F501FBB88395F3F4B43BD91E739B24DCA230199BFC7955142CE970E2B","decoded/64KiB/samba.decoded","65536","3E0420984C0F260EA7350734600CEA9D8500B745E2E4B7DBD4D1DA1D1ADAC421","0.0441005","0.0485942","2.02734375","4.50390625","4.50390625","E65526F9DFF3F93844E004D63C7B2A4E4F219B5EAB3F1B3D3ABCF0B301F65003","profile_id=2;mode=fast;block_size=65536;zstd_level=3;lzma_level=9;threads=1;process_timeout_seconds=3600","""E:\MIXER\hybridzip\build\Release\hybridzip.exe"" c --profile=r2 --r2-mode=fast --block-size=65536 --zstd-level=3 ""E:\MIXER\hybridzip\results\experiments\hybridzip-r2-e6-fast-full-20260828-retry1\children\hybridzip-r2-e6-fast-full-20260828-retry1-fast-b64-r2\inputs\64KiB\samba.bin"" ""E:\MIXER\hybridzip\results\experiments\hybridzip-r2-e6-fast-full-20260828-retry1\children\hybridzip-r2-e6-fast-full-20260828-retry1-fast-b64-r2\archives\64KiB\samba.hz2""","""E:\MIXER\hybridzip\build\Release\hybridzip.exe"" d ""E:\MIXER\hybridzip\results\experiments\hybridzip-r2-e6-fast-full-20260828-retry1\children\hybridzip-r2-e6-fast-full-20260828-retry1-fast-b64-r2\archives\64KiB\samba.hz2"" ""E:\MIXER\hybridzip\results\experiments\hybridzip-r2-e6-fast-full-20260828-retry1\children\hybridzip-r2-e6-fast-full-20260828-retry1-fast-b64-r2\decoded\64KiB\samba.decoded""","0","0","2026-08-28T02:38:40.8263272+08:00","COMPLETE","PASS","zstd=1","Complete R2 archive size; SHA-256 byte-exact roundtrip verified."
"e6-fast","fast","64","2","False","0","0","none","hybridzip-r2-e6-fast-full-20260828-retry1-fast-b64-r2","r2-fast","1","24","samba","128","inputs/128KiB/samba.bin","131072","F3B8C4AD35BC6CF21977895D6F04A22B1422605942FA5AFE35CE28B2A221D7E8","archives/128KiB/samba.hz2","48810","931FFB515714B54313CC1C3B313228EB475091CE8DA264616DBDE395133A4575","decoded/128KiB/samba.decoded","131072","F3B8C4AD35BC6CF21977895D6F04A22B1422605942FA5AFE35CE28B2A221D7E8","0.0410829","0.0467806","2.02734375","4.546875","4.546875","E65526F9DFF3F93844E004D63C7B2A4E4F219B5EAB3F1B3D3ABCF0B301F65003","profile_id=2;mode=fast;block_size=65536;zstd_level=3;lzma_level=9;threads=1;process_timeout_seconds=3600","""E:\MIXER\hybridzip\build\Release\hybridzip.exe"" c --profile=r2 --r2-mode=fast --block-size=65536 --zstd-level=3 ""E:\MIXER\hybridzip\results\experiments\hybridzip-r2-e6-fast-full-20260828-retry1\children\hybridzip-r2-e6-fast-full-20260828-retry1-fast-b64-r2\inputs\128KiB\samba.bin"" ""E:\MIXER\hybridzip\results\experiments\hybridzip-r2-e6-fast-full-20260828-retry1\children\hybridzip-r2-e6-fast-full-20260828-retry1-fast-b64-r2\archives\128KiB\samba.hz2""","""E:\MIXER\hybridzip\build\Release\hybridzip.exe"" d ""E:\MIXER\hybridzip\results\experiments\hybridzip-r2-e6-fast-full-20260828-retry1\children\hybridzip-r2-e6-fast-full-20260828-retry1-fast-b64-r2\archives\128KiB\samba.hz2"" ""E:\MIXER\hybridzip\results\experiments\hybridzip-r2-e6-fast-full-20260828-retry1\children\hybridzip-r2-e6-fast-full-20260828-retry1-fast-b64-r2\decoded\128KiB\samba.decoded""","0","0","2026-08-28T02:38:40.9835354+08:00","COMPLETE","PASS","zstd=2","Complete R2 archive size; SHA-256 byte-exact roundtrip verified."
"e6-fast","fast","64","2","False","0","0","none","hybridzip-r2-e6-fast-full-20260828-retry1-fast-b64-r2","r2-fast","1","25","sao","32","inputs/32KiB/sao.bin","32768","95677430CAD4F000506BC5EE22815C3F4E13D64B477ED506B78D5D9ACFB50CCD","archives/32KiB/sao.hz2","26959","2F6775B5829F4A0AB18C009F73061BDDE87A4548D489048BA49C522B1319F58F","decoded/32KiB/sao.decoded","32768","95677430CAD4F000506BC5EE22815C3F4E13D64B477ED506B78D5D9ACFB50CCD","0.0442051","0.0496003","2.02734375","2.02734375","2.02734375","E65526F9DFF3F93844E004D63C7B2A4E4F219B5EAB3F1B3D3ABCF0B301F65003","profile_id=2;mode=fast;block_size=65536;zstd_level=3;lzma_level=9;threads=1;process_timeout_seconds=3600","""E:\MIXER\hybridzip\build\Release\hybridzip.exe"" c --profile=r2 --r2-mode=fast --block-size=65536 --zstd-level=3 ""E:\MIXER\hybridzip\results\experiments\hybridzip-r2-e6-fast-full-20260828-retry1\children\hybridzip-r2-e6-fast-full-20260828-retry1-fast-b64-r2\inputs\32KiB\sao.bin"" ""E:\MIXER\hybridzip\results\experiments\hybridzip-r2-e6-fast-full-20260828-retry1\children\hybridzip-r2-e6-fast-full-20260828-retry1-fast-b64-r2\archives\32KiB\sao.hz2""","""E:\MIXER\hybridzip\build\Release\hybridzip.exe"" d ""E:\MIXER\hybridzip\results\experiments\hybridzip-r2-e6-fast-full-20260828-retry1\children\hybridzip-r2-e6-fast-full-20260828-retry1-fast-b64-r2\archives\32KiB\sao.hz2"" ""E:\MIXER\hybridzip\results\experiments\hybridzip-r2-e6-fast-full-20260828-retry1\children\hybridzip-r2-e6-fast-full-20260828-retry1-fast-b64-r2\decoded\32KiB\sao.decoded""","0","0","2026-08-28T02:38:41.1349355+08:00","COMPLETE","PASS","zstd=1","Complete R2 archive size; SHA-256 byte-exact roundtrip verified."
"e6-fast","fast","64","2","False","0","0","none","hybridzip-r2-e6-fast-full-20260828-retry1-fast-b64-r2","r2-fast","1","26","sao","64","inputs/64KiB/sao.bin","65536","17CBD7166A47786139F60BA33B4E771CE0154F6FA56986883D129BC23F78EBEE","archives/64KiB/sao.hz2","53336","23A8C065260A52639E1A36E2EEA9E83B6F18FF22C7AF231E0FED8026B1A148A2","decoded/64KiB/sao.decoded","65536","17CBD7166A47786139F60BA33B4E771CE0154F6FA56986883D129BC23F78EBEE","0.0443713","0.0505849","2.02734375","2.02734375","2.02734375","E65526F9DFF3F93844E004D63C7B2A4E4F219B5EAB3F1B3D3ABCF0B301F65003","profile_id=2;mode=fast;block_size=65536;zstd_level=3;lzma_level=9;threads=1;process_timeout_seconds=3600","""E:\MIXER\hybridzip\build\Release\hybridzip.exe"" c --profile=r2 --r2-mode=fast --block-size=65536 --zstd-level=3 ""E:\MIXER\hybridzip\results\experiments\hybridzip-r2-e6-fast-full-20260828-retry1\children\hybridzip-r2-e6-fast-full-20260828-retry1-fast-b64-r2\inputs\64KiB\sao.bin"" ""E:\MIXER\hybridzip\results\experiments\hybridzip-r2-e6-fast-full-20260828-retry1\children\hybridzip-r2-e6-fast-full-20260828-retry1-fast-b64-r2\archives\64KiB\sao.hz2""","""E:\MIXER\hybridzip\build\Release\hybridzip.exe"" d ""E:\MIXER\hybridzip\results\experiments\hybridzip-r2-e6-fast-full-20260828-retry1\children\hybridzip-r2-e6-fast-full-20260828-retry1-fast-b64-r2\archives\64KiB\sao.hz2"" ""E:\MIXER\hybridzip\results\experiments\hybridzip-r2-e6-fast-full-20260828-retry1\children\hybridzip-r2-e6-fast-full-20260828-retry1-fast-b64-r2\decoded\64KiB\sao.decoded""","0","0","2026-08-28T02:38:41.2925286+08:00","COMPLETE","PASS","zstd=1","Complete R2 archive size; SHA-256 byte-exact roundtrip verified."
"e6-fast","fast","64","2","False","0","0","none","hybridzip-r2-e6-fast-full-20260828-retry1-fast-b64-r2","r2-fast","1","27","sao","128","inputs/128KiB/sao.bin","131072","75E535B42DB7505118D8B19C7C42C1F49C5542ADDC9DBC13383953659F675CE0","archives/128KiB/sao.hz2","106836","F19408D7EC943F700C2417A64F528244224A72CBB8CA853C8AD732EB6998EFF2","decoded/128KiB/sao.decoded","131072","75E535B42DB7505118D8B19C7C42C1F49C5542ADDC9DBC13383953659F675CE0","0.0425534","0.0501192","2.02734375","4.57421875","4.57421875","E65526F9DFF3F93844E004D63C7B2A4E4F219B5EAB3F1B3D3ABCF0B301F65003","profile_id=2;mode=fast;block_size=65536;zstd_level=3;lzma_level=9;threads=1;process_timeout_seconds=3600","""E:\MIXER\hybridzip\build\Release\hybridzip.exe"" c --profile=r2 --r2-mode=fast --block-size=65536 --zstd-level=3 ""E:\MIXER\hybridzip\results\experiments\hybridzip-r2-e6-fast-full-20260828-retry1\children\hybridzip-r2-e6-fast-full-20260828-retry1-fast-b64-r2\inputs\128KiB\sao.bin"" ""E:\MIXER\hybridzip\results\experiments\hybridzip-r2-e6-fast-full-20260828-retry1\children\hybridzip-r2-e6-fast-full-20260828-retry1-fast-b64-r2\archives\128KiB\sao.hz2""","""E:\MIXER\hybridzip\build\Release\hybridzip.exe"" d ""E:\MIXER\hybridzip\results\experiments\hybridzip-r2-e6-fast-full-20260828-retry1\children\hybridzip-r2-e6-fast-full-20260828-retry1-fast-b64-r2\archives\128KiB\sao.hz2"" ""E:\MIXER\hybridzip\results\experiments\hybridzip-r2-e6-fast-full-20260828-retry1\children\hybridzip-r2-e6-fast-full-20260828-retry1-fast-b64-r2\decoded\128KiB\sao.decoded""","0","0","2026-08-28T02:38:41.4513473+08:00","COMPLETE","PASS","zstd=2","Complete R2 archive size; SHA-256 byte-exact roundtrip verified."
"e6-fast","fast","64","2","False","0","0","none","hybridzip-r2-e6-fast-full-20260828-retry1-fast-b64-r2","r2-fast","1","28","webster","32","inputs/32KiB/webster.bin","32768","774D224695AF4057353F72602BB96CD2AFEEA059AC7737535645F11596FCA85E","archives/32KiB/webster.hz2","13778","E24E0990EFC0CD6C7296B5AB36C15CFA1BE099E023927ECF8EE3D6C1EAB8F528","decoded/32KiB/webster.decoded","32768","774D224695AF4057353F72602BB96CD2AFEEA059AC7737535645F11596FCA85E","0.0555051","0.0653511","2.02734375","4.48046875","4.48046875","E65526F9DFF3F93844E004D63C7B2A4E4F219B5EAB3F1B3D3ABCF0B301F65003","profile_id=2;mode=fast;block_size=65536;zstd_level=3;lzma_level=9;threads=1;process_timeout_seconds=3600","""E:\MIXER\hybridzip\build\Release\hybridzip.exe"" c --profile=r2 --r2-mode=fast --block-size=65536 --zstd-level=3 ""E:\MIXER\hybridzip\results\experiments\hybridzip-r2-e6-fast-full-20260828-retry1\children\hybridzip-r2-e6-fast-full-20260828-retry1-fast-b64-r2\inputs\32KiB\webster.bin"" ""E:\MIXER\hybridzip\results\experiments\hybridzip-r2-e6-fast-full-20260828-retry1\children\hybridzip-r2-e6-fast-full-20260828-retry1-fast-b64-r2\archives\32KiB\webster.hz2""","""E:\MIXER\hybridzip\build\Release\hybridzip.exe"" d ""E:\MIXER\hybridzip\results\experiments\hybridzip-r2-e6-fast-full-20260828-retry1\children\hybridzip-r2-e6-fast-full-20260828-retry1-fast-b64-r2\archives\32KiB\webster.hz2"" ""E:\MIXER\hybridzip\results\experiments\hybridzip-r2-e6-fast-full-20260828-retry1\children\hybridzip-r2-e6-fast-full-20260828-retry1-fast-b64-r2\decoded\32KiB\webster.decoded""","0","0","2026-08-28T02:38:41.6093995+08:00","COMPLETE","PASS","zstd=1","Complete R2 archive size; SHA-256 byte-exact roundtrip verified."
"e6-fast","fast","64","2","False","0","0","none","hybridzip-r2-e6-fast-full-20260828-retry1-fast-b64-r2","r2-fast","1","29","webster","64","inputs/64KiB/webster.bin","65536","262258811321382F9E4F44D2184B6B7FED0336CF831446D8336C47D6CCC2B32E","archives/64KiB/webster.hz2","24457","A5826396FD6F34BEEF749D2C4DAD0B2127FA8FBAF87F297ADCB9A7F5987820D8","decoded/64KiB/webster.decoded","65536","262258811321382F9E4F44D2184B6B7FED0336CF831446D8336C47D6CCC2B32E","0.0394149","0.0499943","2.02734375","2.02734375","2.02734375","E65526F9DFF3F93844E004D63C7B2A4E4F219B5EAB3F1B3D3ABCF0B301F65003","profile_id=2;mode=fast;block_size=65536;zstd_level=3;lzma_level=9;threads=1;process_timeout_seconds=3600","""E:\MIXER\hybridzip\build\Release\hybridzip.exe"" c --profile=r2 --r2-mode=fast --block-size=65536 --zstd-level=3 ""E:\MIXER\hybridzip\results\experiments\hybridzip-r2-e6-fast-full-20260828-retry1\children\hybridzip-r2-e6-fast-full-20260828-retry1-fast-b64-r2\inputs\64KiB\webster.bin"" ""E:\MIXER\hybridzip\results\experiments\hybridzip-r2-e6-fast-full-20260828-retry1\children\hybridzip-r2-e6-fast-full-20260828-retry1-fast-b64-r2\archives\64KiB\webster.hz2""","""E:\MIXER\hybridzip\build\Release\hybridzip.exe"" d ""E:\MIXER\hybridzip\results\experiments\hybridzip-r2-e6-fast-full-20260828-retry1\children\hybridzip-r2-e6-fast-full-20260828-retry1-fast-b64-r2\archives\64KiB\webster.hz2"" ""E:\MIXER\hybridzip\results\experiments\hybridzip-r2-e6-fast-full-20260828-retry1\children\hybridzip-r2-e6-fast-full-20260828-retry1-fast-b64-r2\decoded\64KiB\webster.decoded""","0","0","2026-08-28T02:38:41.7993776+08:00","COMPLETE","PASS","zstd=1","Complete R2 archive size; SHA-256 byte-exact roundtrip verified."
"e6-fast","fast","64","2","False","0","0","none","hybridzip-r2-e6-fast-full-20260828-retry1-fast-b64-r2","r2-fast","1","30","webster","128","inputs/128KiB/webster.bin","131072","C069C1FDCA99BC5C44F06D134CD0CDA60315DD631AA6564733B2CE0E6D59305C","archives/128KiB/webster.hz2","45966","6A859A353F8D24E1CDAC467E5211A750EAE4F7A65332AE4FA288738258CD2A83","decoded/128KiB/webster.decoded","131072","C069C1FDCA99BC5C44F06D134CD0CDA60315DD631AA6564733B2CE0E6D59305C","0.0541804","0.0489704","5.15625","4.5078125","5.15625","E65526F9DFF3F93844E004D63C7B2A4E4F219B5EAB3F1B3D3ABCF0B301F65003","profile_id=2;mode=fast;block_size=65536;zstd_level=3;lzma_level=9;threads=1;process_timeout_seconds=3600","""E:\MIXER\hybridzip\build\Release\hybridzip.exe"" c --profile=r2 --r2-mode=fast --block-size=65536 --zstd-level=3 ""E:\MIXER\hybridzip\results\experiments\hybridzip-r2-e6-fast-full-20260828-retry1\children\hybridzip-r2-e6-fast-full-20260828-retry1-fast-b64-r2\inputs\128KiB\webster.bin"" ""E:\MIXER\hybridzip\results\experiments\hybridzip-r2-e6-fast-full-20260828-retry1\children\hybridzip-r2-e6-fast-full-20260828-retry1-fast-b64-r2\archives\128KiB\webster.hz2""","""E:\MIXER\hybridzip\build\Release\hybridzip.exe"" d ""E:\MIXER\hybridzip\results\experiments\hybridzip-r2-e6-fast-full-20260828-retry1\children\hybridzip-r2-e6-fast-full-20260828-retry1-fast-b64-r2\archives\128KiB\webster.hz2"" ""E:\MIXER\hybridzip\results\experiments\hybridzip-r2-e6-fast-full-20260828-retry1\children\hybridzip-r2-e6-fast-full-20260828-retry1-fast-b64-r2\decoded\128KiB\webster.decoded""","0","0","2026-08-28T02:38:41.9600529+08:00","COMPLETE","PASS","zstd=2","Complete R2 archive size; SHA-256 byte-exact roundtrip verified."
"e6-fast","fast","64","2","False","0","0","none","hybridzip-r2-e6-fast-full-20260828-retry1-fast-b64-r2","r2-fast","1","31","x-ray","32","inputs/32KiB/x-ray.bin","32768","10511AA63DFBD9C0DDBFEFE36068740103D4BA1116E214154A0772057D7E9314","archives/32KiB/x-ray.hz2","26409","F8AA8051F1BCFF2B4E4C22CEF9300CD52BFC7AD4DDAEBA217D1387303EBF0CC7","decoded/32KiB/x-ray.decoded","32768","10511AA63DFBD9C0DDBFEFE36068740103D4BA1116E214154A0772057D7E9314","0.0446709","0.0503386","2.02734375","2.02734375","2.02734375","E65526F9DFF3F93844E004D63C7B2A4E4F219B5EAB3F1B3D3ABCF0B301F65003","profile_id=2;mode=fast;block_size=65536;zstd_level=3;lzma_level=9;threads=1;process_timeout_seconds=3600","""E:\MIXER\hybridzip\build\Release\hybridzip.exe"" c --profile=r2 --r2-mode=fast --block-size=65536 --zstd-level=3 ""E:\MIXER\hybridzip\results\experiments\hybridzip-r2-e6-fast-full-20260828-retry1\children\hybridzip-r2-e6-fast-full-20260828-retry1-fast-b64-r2\inputs\32KiB\x-ray.bin"" ""E:\MIXER\hybridzip\results\experiments\hybridzip-r2-e6-fast-full-20260828-retry1\children\hybridzip-r2-e6-fast-full-20260828-retry1-fast-b64-r2\archives\32KiB\x-ray.hz2""","""E:\MIXER\hybridzip\build\Release\hybridzip.exe"" d ""E:\MIXER\hybridzip\results\experiments\hybridzip-r2-e6-fast-full-20260828-retry1\children\hybridzip-r2-e6-fast-full-20260828-retry1-fast-b64-r2\archives\32KiB\x-ray.hz2"" ""E:\MIXER\hybridzip\results\experiments\hybridzip-r2-e6-fast-full-20260828-retry1\children\hybridzip-r2-e6-fast-full-20260828-retry1-fast-b64-r2\decoded\32KiB\x-ray.decoded""","0","0","2026-08-28T02:38:42.1315007+08:00","COMPLETE","PASS","zstd=1","Complete R2 archive size; SHA-256 byte-exact roundtrip verified."
"e6-fast","fast","64","2","False","0","0","none","hybridzip-r2-e6-fast-full-20260828-retry1-fast-b64-r2","r2-fast","1","32","x-ray","64","inputs/64KiB/x-ray.bin","65536","B5A07146616BCD7C2D10071D41E07D204DE0AC629C4CA37D8E867FF00574D0D8","archives/64KiB/x-ray.hz2","51793","06B91310B1C08979F126D37D2399025F76AB5A43E78CB1E827396B8B5B8B2CDB","decoded/64KiB/x-ray.decoded","65536","B5A07146616BCD7C2D10071D41E07D204DE0AC629C4CA37D8E867FF00574D0D8","0.0436693","0.0435753","2.02734375","2.02734375","2.02734375","E65526F9DFF3F93844E004D63C7B2A4E4F219B5EAB3F1B3D3ABCF0B301F65003","profile_id=2;mode=fast;block_size=65536;zstd_level=3;lzma_level=9;threads=1;process_timeout_seconds=3600","""E:\MIXER\hybridzip\build\Release\hybridzip.exe"" c --profile=r2 --r2-mode=fast --block-size=65536 --zstd-level=3 ""E:\MIXER\hybridzip\results\experiments\hybridzip-r2-e6-fast-full-20260828-retry1\children\hybridzip-r2-e6-fast-full-20260828-retry1-fast-b64-r2\inputs\64KiB\x-ray.bin"" ""E:\MIXER\hybridzip\results\experiments\hybridzip-r2-e6-fast-full-20260828-retry1\children\hybridzip-r2-e6-fast-full-20260828-retry1-fast-b64-r2\archives\64KiB\x-ray.hz2""","""E:\MIXER\hybridzip\build\Release\hybridzip.exe"" d ""E:\MIXER\hybridzip\results\experiments\hybridzip-r2-e6-fast-full-20260828-retry1\children\hybridzip-r2-e6-fast-full-20260828-retry1-fast-b64-r2\archives\64KiB\x-ray.hz2"" ""E:\MIXER\hybridzip\results\experiments\hybridzip-r2-e6-fast-full-20260828-retry1\children\hybridzip-r2-e6-fast-full-20260828-retry1-fast-b64-r2\decoded\64KiB\x-ray.decoded""","0","0","2026-08-28T02:38:42.2910021+08:00","COMPLETE","PASS","zstd=1","Complete R2 archive size; SHA-256 byte-exact roundtrip verified."
"e6-fast","fast","64","2","False","0","0","none","hybridzip-r2-e6-fast-full-20260828-retry1-fast-b64-r2","r2-fast","1","33","x-ray","128","inputs/128KiB/x-ray.bin","131072","7A65B793FB2A694C20686275A899B304445473528F7C998BE26F8C68EB18F76E","archives/128KiB/x-ray.hz2","103873","50BFF26A39E21B1DDDA57309E118B02ADA050471F3FBA60554D46F94F102D013","decoded/128KiB/x-ray.decoded","131072","7A65B793FB2A694C20686275A899B304445473528F7C998BE26F8C68EB18F76E","0.0427418","0.041361","2.02734375","2.02734375","2.02734375","E65526F9DFF3F93844E004D63C7B2A4E4F219B5EAB3F1B3D3ABCF0B301F65003","profile_id=2;mode=fast;block_size=65536;zstd_level=3;lzma_level=9;threads=1;process_timeout_seconds=3600","""E:\MIXER\hybridzip\build\Release\hybridzip.exe"" c --profile=r2 --r2-mode=fast --block-size=65536 --zstd-level=3 ""E:\MIXER\hybridzip\results\experiments\hybridzip-r2-e6-fast-full-20260828-retry1\children\hybridzip-r2-e6-fast-full-20260828-retry1-fast-b64-r2\inputs\128KiB\x-ray.bin"" ""E:\MIXER\hybridzip\results\experiments\hybridzip-r2-e6-fast-full-20260828-retry1\children\hybridzip-r2-e6-fast-full-20260828-retry1-fast-b64-r2\archives\128KiB\x-ray.hz2""","""E:\MIXER\hybridzip\build\Release\hybridzip.exe"" d ""E:\MIXER\hybridzip\results\experiments\hybridzip-r2-e6-fast-full-20260828-retry1\children\hybridzip-r2-e6-fast-full-20260828-retry1-fast-b64-r2\archives\128KiB\x-ray.hz2"" ""E:\MIXER\hybridzip\results\experiments\hybridzip-r2-e6-fast-full-20260828-retry1\children\hybridzip-r2-e6-fast-full-20260828-retry1-fast-b64-r2\decoded\128KiB\x-ray.decoded""","0","0","2026-08-28T02:38:42.4492941+08:00","COMPLETE","PASS","zstd=2","Complete R2 archive size; SHA-256 byte-exact roundtrip verified."
"e6-fast","fast","64","2","False","0","0","none","hybridzip-r2-e6-fast-full-20260828-retry1-fast-b64-r2","r2-fast","1","34","xml","32","inputs/32KiB/xml.bin","32768","C2F7F129956F8D6FC3D0E3595D93F98D5270B6F5BC4AB5E70F45867822EFDD71","archives/32KiB/xml.hz2","3483","D36CEC68AD01A63B120F4B819FA958437053BD411FF5021620E98803D35D4A32","decoded/32KiB/xml.decoded","32768","C2F7F129956F8D6FC3D0E3595D93F98D5270B6F5BC4AB5E70F45867822EFDD71","0.0414943","0.0484274","2.02734375","4.26953125","4.26953125","E65526F9DFF3F93844E004D63C7B2A4E4F219B5EAB3F1B3D3ABCF0B301F65003","profile_id=2;mode=fast;block_size=65536;zstd_level=3;lzma_level=9;threads=1;process_timeout_seconds=3600","""E:\MIXER\hybridzip\build\Release\hybridzip.exe"" c --profile=r2 --r2-mode=fast --block-size=65536 --zstd-level=3 ""E:\MIXER\hybridzip\results\experiments\hybridzip-r2-e6-fast-full-20260828-retry1\children\hybridzip-r2-e6-fast-full-20260828-retry1-fast-b64-r2\inputs\32KiB\xml.bin"" ""E:\MIXER\hybridzip\results\experiments\hybridzip-r2-e6-fast-full-20260828-retry1\children\hybridzip-r2-e6-fast-full-20260828-retry1-fast-b64-r2\archives\32KiB\xml.hz2""","""E:\MIXER\hybridzip\build\Release\hybridzip.exe"" d ""E:\MIXER\hybridzip\results\experiments\hybridzip-r2-e6-fast-full-20260828-retry1\children\hybridzip-r2-e6-fast-full-20260828-retry1-fast-b64-r2\archives\32KiB\xml.hz2"" ""E:\MIXER\hybridzip\results\experiments\hybridzip-r2-e6-fast-full-20260828-retry1\children\hybridzip-r2-e6-fast-full-20260828-retry1-fast-b64-r2\decoded\32KiB\xml.decoded""","0","0","2026-08-28T02:38:42.6046554+08:00","COMPLETE","PASS","zstd=1","Complete R2 archive size; SHA-256 byte-exact roundtrip verified."
"e6-fast","fast","64","2","False","0","0","none","hybridzip-r2-e6-fast-full-20260828-retry1-fast-b64-r2","r2-fast","1","35","xml","64","inputs/64KiB/xml.bin","65536","E32AFF2BEBF00105A17DD57F5490C1986D17543CEE837B42EB56B3E0E6F8E7F1","archives/64KiB/xml.hz2","6163","B6580EA52F378B6D7D189D50582EE49E313AA5616EBACEBADB0D85BAB17183A8","decoded/64KiB/xml.decoded","65536","E32AFF2BEBF00105A17DD57F5490C1986D17543CEE837B42EB56B3E0E6F8E7F1","0.0422787","0.0505882","2.02734375","2.02734375","2.02734375","E65526F9DFF3F93844E004D63C7B2A4E4F219B5EAB3F1B3D3ABCF0B301F65003","profile_id=2;mode=fast;block_size=65536;zstd_level=3;lzma_level=9;threads=1;process_timeout_seconds=3600","""E:\MIXER\hybridzip\build\Release\hybridzip.exe"" c --profile=r2 --r2-mode=fast --block-size=65536 --zstd-level=3 ""E:\MIXER\hybridzip\results\experiments\hybridzip-r2-e6-fast-full-20260828-retry1\children\hybridzip-r2-e6-fast-full-20260828-retry1-fast-b64-r2\inputs\64KiB\xml.bin"" ""E:\MIXER\hybridzip\results\experiments\hybridzip-r2-e6-fast-full-20260828-retry1\children\hybridzip-r2-e6-fast-full-20260828-retry1-fast-b64-r2\archives\64KiB\xml.hz2""","""E:\MIXER\hybridzip\build\Release\hybridzip.exe"" d ""E:\MIXER\hybridzip\results\experiments\hybridzip-r2-e6-fast-full-20260828-retry1\children\hybridzip-r2-e6-fast-full-20260828-retry1-fast-b64-r2\archives\64KiB\xml.hz2"" ""E:\MIXER\hybridzip\results\experiments\hybridzip-r2-e6-fast-full-20260828-retry1\children\hybridzip-r2-e6-fast-full-20260828-retry1-fast-b64-r2\decoded\64KiB\xml.decoded""","0","0","2026-08-28T02:38:42.7610056+08:00","COMPLETE","PASS","zstd=1","Complete R2 archive size; SHA-256 byte-exact roundtrip verified."
"e6-fast","fast","64","2","False","0","0","none","hybridzip-r2-e6-fast-full-20260828-retry1-fast-b64-r2","r2-fast","1","36","xml","128","inputs/128KiB/xml.bin","131072","5FA29C746885F2EEB98734218475915A78092CCB3B0F68B08861EE210E5B6E25","archives/128KiB/xml.hz2","12622","19AA4652F5E4444902107F4048029D0455120561D8EFF6F8E0D6B8560B110F30","decoded/128KiB/xml.decoded","131072","5FA29C746885F2EEB98734218475915A78092CCB3B0F68B08861EE210E5B6E25","0.0406509","0.0477286","2.0234375","4.49609375","4.49609375","E65526F9DFF3F93844E004D63C7B2A4E4F219B5EAB3F1B3D3ABCF0B301F65003","profile_id=2;mode=fast;block_size=65536;zstd_level=3;lzma_level=9;threads=1;process_timeout_seconds=3600","""E:\MIXER\hybridzip\build\Release\hybridzip.exe"" c --profile=r2 --r2-mode=fast --block-size=65536 --zstd-level=3 ""E:\MIXER\hybridzip\results\experiments\hybridzip-r2-e6-fast-full-20260828-retry1\children\hybridzip-r2-e6-fast-full-20260828-retry1-fast-b64-r2\inputs\128KiB\xml.bin"" ""E:\MIXER\hybridzip\results\experiments\hybridzip-r2-e6-fast-full-20260828-retry1\children\hybridzip-r2-e6-fast-full-20260828-retry1-fast-b64-r2\archives\128KiB\xml.hz2""","""E:\MIXER\hybridzip\build\Release\hybridzip.exe"" d ""E:\MIXER\hybridzip\results\experiments\hybridzip-r2-e6-fast-full-20260828-retry1\children\hybridzip-r2-e6-fast-full-20260828-retry1-fast-b64-r2\archives\128KiB\xml.hz2"" ""E:\MIXER\hybridzip\results\experiments\hybridzip-r2-e6-fast-full-20260828-retry1\children\hybridzip-r2-e6-fast-full-20260828-retry1-fast-b64-r2\decoded\128KiB\xml.decoded""","0","0","2026-08-28T02:38:42.9188193+08:00","COMPLETE","PASS","zstd=2","Complete R2 archive size; SHA-256 byte-exact roundtrip verified."
"e6-fast","fast","64","3","False","0","0","none","hybridzip-r2-e6-fast-full-20260828-retry1-fast-b64-r3","r2-fast","1","1","dickens","32","inputs/32KiB/dickens.bin","32768","FC42DCB9849222C8704C9DCAE606D075B389B66244FB215035148D6409EC0B31","archives/32KiB/dickens.hz2","14205","6D18DDEEE2B3A80D5924DB5B3CDCFE7B9566C2EE107DECCABA4934FA634ABB13","decoded/32KiB/dickens.decoded","32768","FC42DCB9849222C8704C9DCAE606D075B389B66244FB215035148D6409EC0B31","0.0421475","0.0457627","2.02734375","2.02734375","2.02734375","E65526F9DFF3F93844E004D63C7B2A4E4F219B5EAB3F1B3D3ABCF0B301F65003","profile_id=2;mode=fast;block_size=65536;zstd_level=3;lzma_level=9;threads=1;process_timeout_seconds=3600","""E:\MIXER\hybridzip\build\Release\hybridzip.exe"" c --profile=r2 --r2-mode=fast --block-size=65536 --zstd-level=3 ""E:\MIXER\hybridzip\results\experiments\hybridzip-r2-e6-fast-full-20260828-retry1\children\hybridzip-r2-e6-fast-full-20260828-retry1-fast-b64-r3\inputs\32KiB\dickens.bin"" ""E:\MIXER\hybridzip\results\experiments\hybridzip-r2-e6-fast-full-20260828-retry1\children\hybridzip-r2-e6-fast-full-20260828-retry1-fast-b64-r3\archives\32KiB\dickens.hz2""","""E:\MIXER\hybridzip\build\Release\hybridzip.exe"" d ""E:\MIXER\hybridzip\results\experiments\hybridzip-r2-e6-fast-full-20260828-retry1\children\hybridzip-r2-e6-fast-full-20260828-retry1-fast-b64-r3\archives\32KiB\dickens.hz2"" ""E:\MIXER\hybridzip\results\experiments\hybridzip-r2-e6-fast-full-20260828-retry1\children\hybridzip-r2-e6-fast-full-20260828-retry1-fast-b64-r3\decoded\32KiB\dickens.decoded""","0","0","2026-08-28T02:38:44.2024031+08:00","COMPLETE","PASS","zstd=1","Complete R2 archive size; SHA-256 byte-exact roundtrip verified."
"e6-fast","fast","64","3","False","0","0","none","hybridzip-r2-e6-fast-full-20260828-retry1-fast-b64-r3","r2-fast","1","2","dickens","64","inputs/64KiB/dickens.bin","65536","134AD989A7B8B40C900A3B9C0F4895317DFD827D9E6E933895B08D2F4A8A8293","archives/64KiB/dickens.hz2","27192","6F3323E27CEC9D5203E0CDEFE5AF55345CB4AF8D57AF882704791D3D8F8CE1DF","decoded/64KiB/dickens.decoded","65536","134AD989A7B8B40C900A3B9C0F4895317DFD827D9E6E933895B08D2F4A8A8293","0.0456379","0.0494894","2.0234375","2.6796875","2.6796875","E65526F9DFF3F93844E004D63C7B2A4E4F219B5EAB3F1B3D3ABCF0B301F65003","profile_id=2;mode=fast;block_size=65536;zstd_level=3;lzma_level=9;threads=1;process_timeout_seconds=3600","""E:\MIXER\hybridzip\build\Release\hybridzip.exe"" c --profile=r2 --r2-mode=fast --block-size=65536 --zstd-level=3 ""E:\MIXER\hybridzip\results\experiments\hybridzip-r2-e6-fast-full-20260828-retry1\children\hybridzip-r2-e6-fast-full-20260828-retry1-fast-b64-r3\inputs\64KiB\dickens.bin"" ""E:\MIXER\hybridzip\results\experiments\hybridzip-r2-e6-fast-full-20260828-retry1\children\hybridzip-r2-e6-fast-full-20260828-retry1-fast-b64-r3\archives\64KiB\dickens.hz2""","""E:\MIXER\hybridzip\build\Release\hybridzip.exe"" d ""E:\MIXER\hybridzip\results\experiments\hybridzip-r2-e6-fast-full-20260828-retry1\children\hybridzip-r2-e6-fast-full-20260828-retry1-fast-b64-r3\archives\64KiB\dickens.hz2"" ""E:\MIXER\hybridzip\results\experiments\hybridzip-r2-e6-fast-full-20260828-retry1\children\hybridzip-r2-e6-fast-full-20260828-retry1-fast-b64-r3\decoded\64KiB\dickens.decoded""","0","0","2026-08-28T02:38:44.3519352+08:00","COMPLETE","PASS","zstd=1","Complete R2 archive size; SHA-256 byte-exact roundtrip verified."
"e6-fast","fast","64","3","False","0","0","none","hybridzip-r2-e6-fast-full-20260828-retry1-fast-b64-r3","r2-fast","1","3","dickens","128","inputs/128KiB/dickens.bin","131072","20E33FCC8FAA96DC32A2D0921115C0F363E64C598A5847CE1A3876E356D59872","archives/128KiB/dickens.hz2","53619","8B19DBB58BFCE87FE854CDCBBCC7613B2FC08ABA86DE0AE85368576A9F6D78DD","decoded/128KiB/dickens.decoded","131072","20E33FCC8FAA96DC32A2D0921115C0F363E64C598A5847CE1A3876E356D59872","0.045632","0.0645959","2.1953125","4.53515625","4.53515625","E65526F9DFF3F93844E004D63C7B2A4E4F219B5EAB3F1B3D3ABCF0B301F65003","profile_id=2;mode=fast;block_size=65536;zstd_level=3;lzma_level=9;threads=1;process_timeout_seconds=3600","""E:\MIXER\hybridzip\build\Release\hybridzip.exe"" c --profile=r2 --r2-mode=fast --block-size=65536 --zstd-level=3 ""E:\MIXER\hybridzip\results\experiments\hybridzip-r2-e6-fast-full-20260828-retry1\children\hybridzip-r2-e6-fast-full-20260828-retry1-fast-b64-r3\inputs\128KiB\dickens.bin"" ""E:\MIXER\hybridzip\results\experiments\hybridzip-r2-e6-fast-full-20260828-retry1\children\hybridzip-r2-e6-fast-full-20260828-retry1-fast-b64-r3\archives\128KiB\dickens.hz2""","""E:\MIXER\hybridzip\build\Release\hybridzip.exe"" d ""E:\MIXER\hybridzip\results\experiments\hybridzip-r2-e6-fast-full-20260828-retry1\children\hybridzip-r2-e6-fast-full-20260828-retry1-fast-b64-r3\archives\128KiB\dickens.hz2"" ""E:\MIXER\hybridzip\results\experiments\hybridzip-r2-e6-fast-full-20260828-retry1\children\hybridzip-r2-e6-fast-full-20260828-retry1-fast-b64-r3\decoded\128KiB\dickens.decoded""","0","0","2026-08-28T02:38:44.5132502+08:00","COMPLETE","PASS","zstd=2","Complete R2 archive size; SHA-256 byte-exact roundtrip verified."
"e6-fast","fast","64","3","False","0","0","none","hybridzip-r2-e6-fast-full-20260828-retry1-fast-b64-r3","r2-fast","1","4","mozilla","32","inputs/32KiB/mozilla.bin","32768","9DDEEF36CA0CA55B72FE3376D005926DFF3400A2ADE6EAE18482D8017D8645DB","archives/32KiB/mozilla.hz2","11272","50DC99B782A9E06030C9C84A38AF55A7183E5E44728A3A821073143B4BC1AD9D","decoded/32KiB/mozilla.decoded","32768","9DDEEF36CA0CA55B72FE3376D005926DFF3400A2ADE6EAE18482D8017D8645DB","0.0421653","0.045129","2.02734375","2.4140625","2.4140625","E65526F9DFF3F93844E004D63C7B2A4E4F219B5EAB3F1B3D3ABCF0B301F65003","profile_id=2;mode=fast;block_size=65536;zstd_level=3;lzma_level=9;threads=1;process_timeout_seconds=3600","""E:\MIXER\hybridzip\build\Release\hybridzip.exe"" c --profile=r2 --r2-mode=fast --block-size=65536 --zstd-level=3 ""E:\MIXER\hybridzip\results\experiments\hybridzip-r2-e6-fast-full-20260828-retry1\children\hybridzip-r2-e6-fast-full-20260828-retry1-fast-b64-r3\inputs\32KiB\mozilla.bin"" ""E:\MIXER\hybridzip\results\experiments\hybridzip-r2-e6-fast-full-20260828-retry1\children\hybridzip-r2-e6-fast-full-20260828-retry1-fast-b64-r3\archives\32KiB\mozilla.hz2""","""E:\MIXER\hybridzip\build\Release\hybridzip.exe"" d ""E:\MIXER\hybridzip\results\experiments\hybridzip-r2-e6-fast-full-20260828-retry1\children\hybridzip-r2-e6-fast-full-20260828-retry1-fast-b64-r3\archives\32KiB\mozilla.hz2"" ""E:\MIXER\hybridzip\results\experiments\hybridzip-r2-e6-fast-full-20260828-retry1\children\hybridzip-r2-e6-fast-full-20260828-retry1-fast-b64-r3\decoded\32KiB\mozilla.decoded""","0","0","2026-08-28T02:38:44.6878260+08:00","COMPLETE","PASS","zstd=1","Complete R2 archive size; SHA-256 byte-exact roundtrip verified."
"e6-fast","fast","64","3","False","0","0","none","hybridzip-r2-e6-fast-full-20260828-retry1-fast-b64-r3","r2-fast","1","5","mozilla","64","inputs/64KiB/mozilla.bin","65536","B0050240663F54371D372303EEABA0A59AB0758BCD565F4F639D06561E6BC996","archives/64KiB/mozilla.hz2","15985","EDF269DB62D5B452DD70A6AA5D0F23C88B8E0D16D83FF6C52991D3A12142373B","decoded/64KiB/mozilla.decoded","65536","B0050240663F54371D372303EEABA0A59AB0758BCD565F4F639D06561E6BC996","0.0594035","0.0660173","2.02734375","4.515625","4.515625","E65526F9DFF3F93844E004D63C7B2A4E4F219B5EAB3F1B3D3ABCF0B301F65003","profile_id=2;mode=fast;block_size=65536;zstd_level=3;lzma_level=9;threads=1;process_timeout_seconds=3600","""E:\MIXER\hybridzip\build\Release\hybridzip.exe"" c --profile=r2 --r2-mode=fast --block-size=65536 --zstd-level=3 ""E:\MIXER\hybridzip\results\experiments\hybridzip-r2-e6-fast-full-20260828-retry1\children\hybridzip-r2-e6-fast-full-20260828-retry1-fast-b64-r3\inputs\64KiB\mozilla.bin"" ""E:\MIXER\hybridzip\results\experiments\hybridzip-r2-e6-fast-full-20260828-retry1\children\hybridzip-r2-e6-fast-full-20260828-retry1-fast-b64-r3\archives\64KiB\mozilla.hz2""","""E:\MIXER\hybridzip\build\Release\hybridzip.exe"" d ""E:\MIXER\hybridzip\results\experiments\hybridzip-r2-e6-fast-full-20260828-retry1\children\hybridzip-r2-e6-fast-full-20260828-retry1-fast-b64-r3\archives\64KiB\mozilla.hz2"" ""E:\MIXER\hybridzip\results\experiments\hybridzip-r2-e6-fast-full-20260828-retry1\children\hybridzip-r2-e6-fast-full-20260828-retry1-fast-b64-r3\decoded\64KiB\mozilla.decoded""","0","0","2026-08-28T02:38:44.8443780+08:00","COMPLETE","PASS","zstd=1","Complete R2 archive size; SHA-256 byte-exact roundtrip verified."
"e6-fast","fast","64","3","False","0","0","none","hybridzip-r2-e6-fast-full-20260828-retry1-fast-b64-r3","r2-fast","1","6","mozilla","128","inputs/128KiB/mozilla.bin","131072","85CDBEA98382DB12E9A21FF90E1907452712D074000A6B855D2CA215FA591EB4","archives/128KiB/mozilla.hz2","24002","F48B079696ECCFB384679229451B9F16AA128345BE0DEFDEF53D451307AFD414","decoded/128KiB/mozilla.decoded","131072","85CDBEA98382DB12E9A21FF90E1907452712D074000A6B855D2CA215FA591EB4","0.058852","0.0666627","2.02734375","4.515625","4.515625","E65526F9DFF3F93844E004D63C7B2A4E4F219B5EAB3F1B3D3ABCF0B301F65003","profile_id=2;mode=fast;block_size=65536;zstd_level=3;lzma_level=9;threads=1;process_timeout_seconds=3600","""E:\MIXER\hybridzip\build\Release\hybridzip.exe"" c --profile=r2 --r2-mode=fast --block-size=65536 --zstd-level=3 ""E:\MIXER\hybridzip\results\experiments\hybridzip-r2-e6-fast-full-20260828-retry1\children\hybridzip-r2-e6-fast-full-20260828-retry1-fast-b64-r3\inputs\128KiB\mozilla.bin"" ""E:\MIXER\hybridzip\results\experiments\hybridzip-r2-e6-fast-full-20260828-retry1\children\hybridzip-r2-e6-fast-full-20260828-retry1-fast-b64-r3\archives\128KiB\mozilla.hz2""","""E:\MIXER\hybridzip\build\Release\hybridzip.exe"" d ""E:\MIXER\hybridzip\results\experiments\hybridzip-r2-e6-fast-full-20260828-retry1\children\hybridzip-r2-e6-fast-full-20260828-retry1-fast-b64-r3\archives\128KiB\mozilla.hz2"" ""E:\MIXER\hybridzip\results\experiments\hybridzip-r2-e6-fast-full-20260828-retry1\children\hybridzip-r2-e6-fast-full-20260828-retry1-fast-b64-r3\decoded\128KiB\mozilla.decoded""","0","0","2026-08-28T02:38:45.0329205+08:00","COMPLETE","PASS","zstd=2","Complete R2 archive size; SHA-256 byte-exact roundtrip verified."
"e6-fast","fast","64","3","False","0","0","none","hybridzip-r2-e6-fast-full-20260828-retry1-fast-b64-r3","r2-fast","1","7","mr","32","inputs/32KiB/mr.bin","32768","3BB287B0AF65F777AB00C14E362B4D1962087260556001BBEE0689AA10D9F76A","archives/32KiB/mr.hz2","8875","2EEB3B80D287AF3EC5B55951228E35D3921843B5183F3BE70EE7E803777F3498","decoded/32KiB/mr.decoded","32768","3BB287B0AF65F777AB00C14E362B4D1962087260556001BBEE0689AA10D9F76A","0.041596","0.0470874","2.02734375","2.02734375","2.02734375","E65526F9DFF3F93844E004D63C7B2A4E4F219B5EAB3F1B3D3ABCF0B301F65003","profile_id=2;mode=fast;block_size=65536;zstd_level=3;lzma_level=9;threads=1;process_timeout_seconds=3600","""E:\MIXER\hybridzip\build\Release\hybridzip.exe"" c --profile=r2 --r2-mode=fast --block-size=65536 --zstd-level=3 ""E:\MIXER\hybridzip\results\experiments\hybridzip-r2-e6-fast-full-20260828-retry1\children\hybridzip-r2-e6-fast-full-20260828-retry1-fast-b64-r3\inputs\32KiB\mr.bin"" ""E:\MIXER\hybridzip\results\experiments\hybridzip-r2-e6-fast-full-20260828-retry1\children\hybridzip-r2-e6-fast-full-20260828-retry1-fast-b64-r3\archives\32KiB\mr.hz2""","""E:\MIXER\hybridzip\build\Release\hybridzip.exe"" d ""E:\MIXER\hybridzip\results\experiments\hybridzip-r2-e6-fast-full-20260828-retry1\children\hybridzip-r2-e6-fast-full-20260828-retry1-fast-b64-r3\archives\32KiB\mr.hz2"" ""E:\MIXER\hybridzip\results\experiments\hybridzip-r2-e6-fast-full-20260828-retry1\children\hybridzip-r2-e6-fast-full-20260828-retry1-fast-b64-r3\decoded\32KiB\mr.decoded""","0","0","2026-08-28T02:38:45.2252696+08:00","COMPLETE","PASS","zstd=1","Complete R2 archive size; SHA-256 byte-exact roundtrip verified."
"e6-fast","fast","64","3","False","0","0","none","hybridzip-r2-e6-fast-full-20260828-retry1-fast-b64-r3","r2-fast","1","8","mr","64","inputs/64KiB/mr.bin","65536","CAB7B6408934009A4BBFEDB57BEB4943BF5478CF8B3688D01F004E0422EBC651","archives/64KiB/mr.hz2","17591","0049C82A6D13A17055409FABF83EE03550302023DED72E4EE68C073E9F41B447","decoded/64KiB/mr.decoded","65536","CAB7B6408934009A4BBFEDB57BEB4943BF5478CF8B3688D01F004E0422EBC651","0.0435186","0.0497725","2.02734375","4.48828125","4.48828125","E65526F9DFF3F93844E004D63C7B2A4E4F219B5EAB3F1B3D3ABCF0B301F65003","profile_id=2;mode=fast;block_size=65536;zstd_level=3;lzma_level=9;threads=1;process_timeout_seconds=3600","""E:\MIXER\hybridzip\build\Release\hybridzip.exe"" c --profile=r2 --r2-mode=fast --block-size=65536 --zstd-level=3 ""E:\MIXER\hybridzip\results\experiments\hybridzip-r2-e6-fast-full-20260828-retry1\children\hybridzip-r2-e6-fast-full-20260828-retry1-fast-b64-r3\inputs\64KiB\mr.bin"" ""E:\MIXER\hybridzip\results\experiments\hybridzip-r2-e6-fast-full-20260828-retry1\children\hybridzip-r2-e6-fast-full-20260828-retry1-fast-b64-r3\archives\64KiB\mr.hz2""","""E:\MIXER\hybridzip\build\Release\hybridzip.exe"" d ""E:\MIXER\hybridzip\results\experiments\hybridzip-r2-e6-fast-full-20260828-retry1\children\hybridzip-r2-e6-fast-full-20260828-retry1-fast-b64-r3\archives\64KiB\mr.hz2"" ""E:\MIXER\hybridzip\results\experiments\hybridzip-r2-e6-fast-full-20260828-retry1\children\hybridzip-r2-e6-fast-full-20260828-retry1-fast-b64-r3\decoded\64KiB\mr.decoded""","0","0","2026-08-28T02:38:45.3784986+08:00","COMPLETE","PASS","zstd=1","Complete R2 archive size; SHA-256 byte-exact roundtrip verified."
"e6-fast","fast","64","3","False","0","0","none","hybridzip-r2-e6-fast-full-20260828-retry1-fast-b64-r3","r2-fast","1","9","mr","128","inputs/128KiB/mr.bin","131072","473A6A883480C7B2E69402AD888AC07B347C2DF61C6AA0D84E8B8130A27792EA","archives/128KiB/mr.hz2","34478","DA60B6C9474E21BAE4E831025DDA8B0A92F5E0C338EE73E324C9483B852FC9D3","decoded/128KiB/mr.decoded","131072","473A6A883480C7B2E69402AD888AC07B347C2DF61C6AA0D84E8B8130A27792EA","0.0429069","0.0497952","2.02734375","4.5078125","4.5078125","E65526F9DFF3F93844E004D63C7B2A4E4F219B5EAB3F1B3D3ABCF0B301F65003","profile_id=2;mode=fast;block_size=65536;zstd_level=3;lzma_level=9;threads=1;process_timeout_seconds=3600","""E:\MIXER\hybridzip\build\Release\hybridzip.exe"" c --profile=r2 --r2-mode=fast --block-size=65536 --zstd-level=3 ""E:\MIXER\hybridzip\results\experiments\hybridzip-r2-e6-fast-full-20260828-retry1\children\hybridzip-r2-e6-fast-full-20260828-retry1-fast-b64-r3\inputs\128KiB\mr.bin"" ""E:\MIXER\hybridzip\results\experiments\hybridzip-r2-e6-fast-full-20260828-retry1\children\hybridzip-r2-e6-fast-full-20260828-retry1-fast-b64-r3\archives\128KiB\mr.hz2""","""E:\MIXER\hybridzip\build\Release\hybridzip.exe"" d ""E:\MIXER\hybridzip\results\experiments\hybridzip-r2-e6-fast-full-20260828-retry1\children\hybridzip-r2-e6-fast-full-20260828-retry1-fast-b64-r3\archives\128KiB\mr.hz2"" ""E:\MIXER\hybridzip\results\experiments\hybridzip-r2-e6-fast-full-20260828-retry1\children\hybridzip-r2-e6-fast-full-20260828-retry1-fast-b64-r3\decoded\128KiB\mr.decoded""","0","0","2026-08-28T02:38:45.5372525+08:00","COMPLETE","PASS","zstd=2","Complete R2 archive size; SHA-256 byte-exact roundtrip verified."
"e6-fast","fast","64","3","False","0","0","none","hybridzip-r2-e6-fast-full-20260828-retry1-fast-b64-r3","r2-fast","1","10","nci","32","inputs/32KiB/nci.bin","32768","0D3034FE8B0E573DE1439ED98CE409B83B13E5895085C9BFB0BF980F4962FB79","archives/32KiB/nci.hz2","3102","91EB7CCE5C2847DBB7EDA4797432B8AC1364032F7BA85B80F00FB12E5812206F","decoded/32KiB/nci.decoded","32768","0D3034FE8B0E573DE1439ED98CE409B83B13E5895085C9BFB0BF980F4962FB79","0.0422548","0.0491033","2.02734375","4.46484375","4.46484375","E65526F9DFF3F93844E004D63C7B2A4E4F219B5EAB3F1B3D3ABCF0B301F65003","profile_id=2;mode=fast;block_size=65536;zstd_level=3;lzma_level=9;threads=1;process_timeout_seconds=3600","""E:\MIXER\hybridzip\build\Release\hybridzip.exe"" c --profile=r2 --r2-mode=fast --block-size=65536 --zstd-level=3 ""E:\MIXER\hybridzip\results\experiments\hybridzip-r2-e6-fast-full-20260828-retry1\children\hybridzip-r2-e6-fast-full-20260828-retry1-fast-b64-r3\inputs\32KiB\nci.bin"" ""E:\MIXER\hybridzip\results\experiments\hybridzip-r2-e6-fast-full-20260828-retry1\children\hybridzip-r2-e6-fast-full-20260828-retry1-fast-b64-r3\archives\32KiB\nci.hz2""","""E:\MIXER\hybridzip\build\Release\hybridzip.exe"" d ""E:\MIXER\hybridzip\results\experiments\hybridzip-r2-e6-fast-full-20260828-retry1\children\hybridzip-r2-e6-fast-full-20260828-retry1-fast-b64-r3\archives\32KiB\nci.hz2"" ""E:\MIXER\hybridzip\results\experiments\hybridzip-r2-e6-fast-full-20260828-retry1\children\hybridzip-r2-e6-fast-full-20260828-retry1-fast-b64-r3\decoded\32KiB\nci.decoded""","0","0","2026-08-28T02:38:45.6960026+08:00","COMPLETE","PASS","zstd=1","Complete R2 archive size; SHA-256 byte-exact roundtrip verified."
"e6-fast","fast","64","3","False","0","0","none","hybridzip-r2-e6-fast-full-20260828-retry1-fast-b64-r3","r2-fast","1","11","nci","64","inputs/64KiB/nci.bin","65536","B01B411AC3B5CE2FBF37242C0C59D2D236D2F7039937C1B1A0F18F4CC02549FE","archives/64KiB/nci.hz2","5294","14C56A8AA99BD1B16A5F2AB1C227315A7192CB4B1638E7422E08F178C56E0293","decoded/64KiB/nci.decoded","65536","B01B411AC3B5CE2FBF37242C0C59D2D236D2F7039937C1B1A0F18F4CC02549FE","0.0413471","0.0482815","2.02734375","2.02734375","2.02734375","E65526F9DFF3F93844E004D63C7B2A4E4F219B5EAB3F1B3D3ABCF0B301F65003","profile_id=2;mode=fast;block_size=65536;zstd_level=3;lzma_level=9;threads=1;process_timeout_seconds=3600","""E:\MIXER\hybridzip\build\Release\hybridzip.exe"" c --profile=r2 --r2-mode=fast --block-size=65536 --zstd-level=3 ""E:\MIXER\hybridzip\results\experiments\hybridzip-r2-e6-fast-full-20260828-retry1\children\hybridzip-r2-e6-fast-full-20260828-retry1-fast-b64-r3\inputs\64KiB\nci.bin"" ""E:\MIXER\hybridzip\results\experiments\hybridzip-r2-e6-fast-full-20260828-retry1\children\hybridzip-r2-e6-fast-full-20260828-retry1-fast-b64-r3\archives\64KiB\nci.hz2""","""E:\MIXER\hybridzip\build\Release\hybridzip.exe"" d ""E:\MIXER\hybridzip\results\experiments\hybridzip-r2-e6-fast-full-20260828-retry1\children\hybridzip-r2-e6-fast-full-20260828-retry1-fast-b64-r3\archives\64KiB\nci.hz2"" ""E:\MIXER\hybridzip\results\experiments\hybridzip-r2-e6-fast-full-20260828-retry1\children\hybridzip-r2-e6-fast-full-20260828-retry1-fast-b64-r3\decoded\64KiB\nci.decoded""","0","0","2026-08-28T02:38:45.8521053+08:00","COMPLETE","PASS","zstd=1","Complete R2 archive size; SHA-256 byte-exact roundtrip verified."
"e6-fast","fast","64","3","False","0","0","none","hybridzip-r2-e6-fast-full-20260828-retry1-fast-b64-r3","r2-fast","1","12","nci","128","inputs/128KiB/nci.bin","131072","C8A1D610355E5EF900ED4C704DF14ADF1935D95DFD8F1740AC9FD90FC9BF5781","archives/128KiB/nci.hz2","11819","DECB82FF6307CCBD33FA64AAF68B5C56B3311941A8C6CC9368FEAFFBD7EB8D4D","decoded/128KiB/nci.decoded","131072","C8A1D610355E5EF900ED4C704DF14ADF1935D95DFD8F1740AC9FD90FC9BF5781","0.0419007","0.0489811","2.02734375","4.48828125","4.48828125","E65526F9DFF3F93844E004D63C7B2A4E4F219B5EAB3F1B3D3ABCF0B301F65003","profile_id=2;mode=fast;block_size=65536;zstd_level=3;lzma_level=9;threads=1;process_timeout_seconds=3600","""E:\MIXER\hybridzip\build\Release\hybridzip.exe"" c --profile=r2 --r2-mode=fast --block-size=65536 --zstd-level=3 ""E:\MIXER\hybridzip\results\experiments\hybridzip-r2-e6-fast-full-20260828-retry1\children\hybridzip-r2-e6-fast-full-20260828-retry1-fast-b64-r3\inputs\128KiB\nci.bin"" ""E:\MIXER\hybridzip\results\experiments\hybridzip-r2-e6-fast-full-20260828-retry1\children\hybridzip-r2-e6-fast-full-20260828-retry1-fast-b64-r3\archives\128KiB\nci.hz2""","""E:\MIXER\hybridzip\build\Release\hybridzip.exe"" d ""E:\MIXER\hybridzip\results\experiments\hybridzip-r2-e6-fast-full-20260828-retry1\children\hybridzip-r2-e6-fast-full-20260828-retry1-fast-b64-r3\archives\128KiB\nci.hz2"" ""E:\MIXER\hybridzip\results\experiments\hybridzip-r2-e6-fast-full-20260828-retry1\children\hybridzip-r2-e6-fast-full-20260828-retry1-fast-b64-r3\decoded\128KiB\nci.decoded""","0","0","2026-08-28T02:38:46.0093372+08:00","COMPLETE","PASS","zstd=2","Complete R2 archive size; SHA-256 byte-exact roundtrip verified."
"e6-fast","fast","64","3","False","0","0","none","hybridzip-r2-e6-fast-full-20260828-retry1-fast-b64-r3","r2-fast","1","13","ooffice","32","inputs/32KiB/ooffice.bin","32768","2ACF9B4CAAEAC5814CDFEF0FA48A5ECE857C847DBDB7B44EEAB95CA3C098921C","archives/32KiB/ooffice.hz2","14873","FEC09556597029936E6B57D61901FF20630CBE875EC44D9E4B4C0B2DC91DEB08","decoded/32KiB/ooffice.decoded","32768","2ACF9B4CAAEAC5814CDFEF0FA48A5ECE857C847DBDB7B44EEAB95CA3C098921C","0.044043","0.0454602","2.02734375","2.0234375","2.02734375","E65526F9DFF3F93844E004D63C7B2A4E4F219B5EAB3F1B3D3ABCF0B301F65003","profile_id=2;mode=fast;block_size=65536;zstd_level=3;lzma_level=9;threads=1;process_timeout_seconds=3600","""E:\MIXER\hybridzip\build\Release\hybridzip.exe"" c --profile=r2 --r2-mode=fast --block-size=65536 --zstd-level=3 ""E:\MIXER\hybridzip\results\experiments\hybridzip-r2-e6-fast-full-20260828-retry1\children\hybridzip-r2-e6-fast-full-20260828-retry1-fast-b64-r3\inputs\32KiB\ooffice.bin"" ""E:\MIXER\hybridzip\results\experiments\hybridzip-r2-e6-fast-full-20260828-retry1\children\hybridzip-r2-e6-fast-full-20260828-retry1-fast-b64-r3\archives\32KiB\ooffice.hz2""","""E:\MIXER\hybridzip\build\Release\hybridzip.exe"" d ""E:\MIXER\hybridzip\results\experiments\hybridzip-r2-e6-fast-full-20260828-retry1\children\hybridzip-r2-e6-fast-full-20260828-retry1-fast-b64-r3\archives\32KiB\ooffice.hz2"" ""E:\MIXER\hybridzip\results\experiments\hybridzip-r2-e6-fast-full-20260828-retry1\children\hybridzip-r2-e6-fast-full-20260828-retry1-fast-b64-r3\decoded\32KiB\ooffice.decoded""","0","0","2026-08-28T02:38:46.1676207+08:00","COMPLETE","PASS","zstd=1","Complete R2 archive size; SHA-256 byte-exact roundtrip verified."
"e6-fast","fast","64","3","False","0","0","none","hybridzip-r2-e6-fast-full-20260828-retry1-fast-b64-r3","r2-fast","1","14","ooffice","64","inputs/64KiB/ooffice.bin","65536","9D30521922187D0A26F56CF2DF85001F9585D0D4EC6A0A8797466AFCC367F825","archives/64KiB/ooffice.hz2","34284","D446A858F716B5741517702EA1A3C35406C335DDCB953A67F1F69B0C13B27B7A","decoded/64KiB/ooffice.decoded","65536","9D30521922187D0A26F56CF2DF85001F9585D0D4EC6A0A8797466AFCC367F825","0.0461882","0.0486307","2.02734375","3.953125","3.953125","E65526F9DFF3F93844E004D63C7B2A4E4F219B5EAB3F1B3D3ABCF0B301F65003","profile_id=2;mode=fast;block_size=65536;zstd_level=3;lzma_level=9;threads=1;process_timeout_seconds=3600","""E:\MIXER\hybridzip\build\Release\hybridzip.exe"" c --profile=r2 --r2-mode=fast --block-size=65536 --zstd-level=3 ""E:\MIXER\hybridzip\results\experiments\hybridzip-r2-e6-fast-full-20260828-retry1\children\hybridzip-r2-e6-fast-full-20260828-retry1-fast-b64-r3\inputs\64KiB\ooffice.bin"" ""E:\MIXER\hybridzip\results\experiments\hybridzip-r2-e6-fast-full-20260828-retry1\children\hybridzip-r2-e6-fast-full-20260828-retry1-fast-b64-r3\archives\64KiB\ooffice.hz2""","""E:\MIXER\hybridzip\build\Release\hybridzip.exe"" d ""E:\MIXER\hybridzip\results\experiments\hybridzip-r2-e6-fast-full-20260828-retry1\children\hybridzip-r2-e6-fast-full-20260828-retry1-fast-b64-r3\archives\64KiB\ooffice.hz2"" ""E:\MIXER\hybridzip\results\experiments\hybridzip-r2-e6-fast-full-20260828-retry1\children\hybridzip-r2-e6-fast-full-20260828-retry1-fast-b64-r3\decoded\64KiB\ooffice.decoded""","0","0","2026-08-28T02:38:46.3440262+08:00","COMPLETE","PASS","zstd=1","Complete R2 archive size; SHA-256 byte-exact roundtrip verified."
"e6-fast","fast","64","3","False","0","0","none","hybridzip-r2-e6-fast-full-20260828-retry1-fast-b64-r3","r2-fast","1","15","ooffice","128","inputs/128KiB/ooffice.bin","131072","09FA5F3EE5311528863F8C3FADA3B530CC24AC1D88128E4DB2BF434161879FEF","archives/128KiB/ooffice.hz2","73134","C9F36D21FC1E53673A811B11BEA3DCDF1AECC66744D960BEF3CDCED6930E0677","decoded/128KiB/ooffice.decoded","131072","09FA5F3EE5311528863F8C3FADA3B530CC24AC1D88128E4DB2BF434161879FEF","0.0417594","0.0474522","2.02734375","4.47265625","4.47265625","E65526F9DFF3F93844E004D63C7B2A4E4F219B5EAB3F1B3D3ABCF0B301F65003","profile_id=2;mode=fast;block_size=65536;zstd_level=3;lzma_level=9;threads=1;process_timeout_seconds=3600","""E:\MIXER\hybridzip\build\Release\hybridzip.exe"" c --profile=r2 --r2-mode=fast --block-size=65536 --zstd-level=3 ""E:\MIXER\hybridzip\results\experiments\hybridzip-r2-e6-fast-full-20260828-retry1\children\hybridzip-r2-e6-fast-full-20260828-retry1-fast-b64-r3\inputs\128KiB\ooffice.bin"" ""E:\MIXER\hybridzip\results\experiments\hybridzip-r2-e6-fast-full-20260828-retry1\children\hybridzip-r2-e6-fast-full-20260828-retry1-fast-b64-r3\archives\128KiB\ooffice.hz2""","""E:\MIXER\hybridzip\build\Release\hybridzip.exe"" d ""E:\MIXER\hybridzip\results\experiments\hybridzip-r2-e6-fast-full-20260828-retry1\children\hybridzip-r2-e6-fast-full-20260828-retry1-fast-b64-r3\archives\128KiB\ooffice.hz2"" ""E:\MIXER\hybridzip\results\experiments\hybridzip-r2-e6-fast-full-20260828-retry1\children\hybridzip-r2-e6-fast-full-20260828-retry1-fast-b64-r3\decoded\128KiB\ooffice.decoded""","0","0","2026-08-28T02:38:46.5220711+08:00","COMPLETE","PASS","zstd=2","Complete R2 archive size; SHA-256 byte-exact roundtrip verified."
"e6-fast","fast","64","3","False","0","0","none","hybridzip-r2-e6-fast-full-20260828-retry1-fast-b64-r3","r2-fast","1","16","osdb","32","inputs/32KiB/osdb.bin","32768","03B2C20B777682CD960BCD893D7A4463161D9C0200FD1708B2EFAE32A259D0B7","archives/32KiB/osdb.hz2","15697","B1BF8ED6574FCF84843EA65C9B35A45657DE408EF27146AC48F0B06BC1715B65","decoded/32KiB/osdb.decoded","32768","03B2C20B777682CD960BCD893D7A4463161D9C0200FD1708B2EFAE32A259D0B7","0.042688","0.0502771","2.02734375","2.02734375","2.02734375","E65526F9DFF3F93844E004D63C7B2A4E4F219B5EAB3F1B3D3ABCF0B301F65003","profile_id=2;mode=fast;block_size=65536;zstd_level=3;lzma_level=9;threads=1;process_timeout_seconds=3600","""E:\MIXER\hybridzip\build\Release\hybridzip.exe"" c --profile=r2 --r2-mode=fast --block-size=65536 --zstd-level=3 ""E:\MIXER\hybridzip\results\experiments\hybridzip-r2-e6-fast-full-20260828-retry1\children\hybridzip-r2-e6-fast-full-20260828-retry1-fast-b64-r3\inputs\32KiB\osdb.bin"" ""E:\MIXER\hybridzip\results\experiments\hybridzip-r2-e6-fast-full-20260828-retry1\children\hybridzip-r2-e6-fast-full-20260828-retry1-fast-b64-r3\archives\32KiB\osdb.hz2""","""E:\MIXER\hybridzip\build\Release\hybridzip.exe"" d ""E:\MIXER\hybridzip\results\experiments\hybridzip-r2-e6-fast-full-20260828-retry1\children\hybridzip-r2-e6-fast-full-20260828-retry1-fast-b64-r3\archives\32KiB\osdb.hz2"" ""E:\MIXER\hybridzip\results\experiments\hybridzip-r2-e6-fast-full-20260828-retry1\children\hybridzip-r2-e6-fast-full-20260828-retry1-fast-b64-r3\decoded\32KiB\osdb.decoded""","0","0","2026-08-28T02:38:46.6934755+08:00","COMPLETE","PASS","zstd=1","Complete R2 archive size; SHA-256 byte-exact roundtrip verified."
"e6-fast","fast","64","3","False","0","0","none","hybridzip-r2-e6-fast-full-20260828-retry1-fast-b64-r3","r2-fast","1","17","osdb","64","inputs/64KiB/osdb.bin","65536","F8FE629325A07588118BA0B65880A87DED43EF249CCBC91F0E977BBACAE0C125","archives/64KiB/osdb.hz2","27356","D425810BF3483F14A95A01CB72B86EEEDDF5AF70BEFCD965409B389B4D68461E","decoded/64KiB/osdb.decoded","65536","F8FE629325A07588118BA0B65880A87DED43EF249CCBC91F0E977BBACAE0C125","0.0418491","0.0465708","2.02734375","2.6796875","2.6796875","E65526F9DFF3F93844E004D63C7B2A4E4F219B5EAB3F1B3D3ABCF0B301F65003","profile_id=2;mode=fast;block_size=65536;zstd_level=3;lzma_level=9;threads=1;process_timeout_seconds=3600","""E:\MIXER\hybridzip\build\Release\hybridzip.exe"" c --profile=r2 --r2-mode=fast --block-size=65536 --zstd-level=3 ""E:\MIXER\hybridzip\results\experiments\hybridzip-r2-e6-fast-full-20260828-retry1\children\hybridzip-r2-e6-fast-full-20260828-retry1-fast-b64-r3\inputs\64KiB\osdb.bin"" ""E:\MIXER\hybridzip\results\experiments\hybridzip-r2-e6-fast-full-20260828-retry1\children\hybridzip-r2-e6-fast-full-20260828-retry1-fast-b64-r3\archives\64KiB\osdb.hz2""","""E:\MIXER\hybridzip\build\Release\hybridzip.exe"" d ""E:\MIXER\hybridzip\results\experiments\hybridzip-r2-e6-fast-full-20260828-retry1\children\hybridzip-r2-e6-fast-full-20260828-retry1-fast-b64-r3\archives\64KiB\osdb.hz2"" ""E:\MIXER\hybridzip\results\experiments\hybridzip-r2-e6-fast-full-20260828-retry1\children\hybridzip-r2-e6-fast-full-20260828-retry1-fast-b64-r3\decoded\64KiB\osdb.decoded""","0","0","2026-08-28T02:38:46.8510364+08:00","COMPLETE","PASS","zstd=1","Complete R2 archive size; SHA-256 byte-exact roundtrip verified."
"e6-fast","fast","64","3","False","0","0","none","hybridzip-r2-e6-fast-full-20260828-retry1-fast-b64-r3","r2-fast","1","18","osdb","128","inputs/128KiB/osdb.bin","131072","D977E72AE13AEFC36A4B6171A895E26A0E6EEE447B1B9FBE868D7B1C046CC91F","archives/128KiB/osdb.hz2","54810","00ACDC9EA08E34796CE689A2B8C589624B2F09E60680CFF552EDE4394B8740B0","decoded/128KiB/osdb.decoded","131072","D977E72AE13AEFC36A4B6171A895E26A0E6EEE447B1B9FBE868D7B1C046CC91F","0.0441415","0.0499442","2.02734375","4.53125","4.53125","E65526F9DFF3F93844E004D63C7B2A4E4F219B5EAB3F1B3D3ABCF0B301F65003","profile_id=2;mode=fast;block_size=65536;zstd_level=3;lzma_level=9;threads=1;process_timeout_seconds=3600","""E:\MIXER\hybridzip\build\Release\hybridzip.exe"" c --profile=r2 --r2-mode=fast --block-size=65536 --zstd-level=3 ""E:\MIXER\hybridzip\results\experiments\hybridzip-r2-e6-fast-full-20260828-retry1\children\hybridzip-r2-e6-fast-full-20260828-retry1-fast-b64-r3\inputs\128KiB\osdb.bin"" ""E:\MIXER\hybridzip\results\experiments\hybridzip-r2-e6-fast-full-20260828-retry1\children\hybridzip-r2-e6-fast-full-20260828-retry1-fast-b64-r3\archives\128KiB\osdb.hz2""","""E:\MIXER\hybridzip\build\Release\hybridzip.exe"" d ""E:\MIXER\hybridzip\results\experiments\hybridzip-r2-e6-fast-full-20260828-retry1\children\hybridzip-r2-e6-fast-full-20260828-retry1-fast-b64-r3\archives\128KiB\osdb.hz2"" ""E:\MIXER\hybridzip\results\experiments\hybridzip-r2-e6-fast-full-20260828-retry1\children\hybridzip-r2-e6-fast-full-20260828-retry1-fast-b64-r3\decoded\128KiB\osdb.decoded""","0","0","2026-08-28T02:38:47.0078364+08:00","COMPLETE","PASS","zstd=2","Complete R2 archive size; SHA-256 byte-exact roundtrip verified."
"e6-fast","fast","64","3","False","0","0","none","hybridzip-r2-e6-fast-full-20260828-retry1-fast-b64-r3","r2-fast","1","19","reymont","32","inputs/32KiB/reymont.bin","32768","9D5E4B9340C2260DAE7DDB01B3EDA58236FF2DE5E1FF4D56767AA840B6FB1A87","archives/32KiB/reymont.hz2","10573","E3863B0EF6FAD548CBB2609F28078EA2CEA09C3B3BF02CEC238420B09EB1C5E8","decoded/32KiB/reymont.decoded","32768","9D5E4B9340C2260DAE7DDB01B3EDA58236FF2DE5E1FF4D56767AA840B6FB1A87","0.0419971","0.0482241","2.02734375","4.4765625","4.4765625","E65526F9DFF3F93844E004D63C7B2A4E4F219B5EAB3F1B3D3ABCF0B301F65003","profile_id=2;mode=fast;block_size=65536;zstd_level=3;lzma_level=9;threads=1;process_timeout_seconds=3600","""E:\MIXER\hybridzip\build\Release\hybridzip.exe"" c --profile=r2 --r2-mode=fast --block-size=65536 --zstd-level=3 ""E:\MIXER\hybridzip\results\experiments\hybridzip-r2-e6-fast-full-20260828-retry1\children\hybridzip-r2-e6-fast-full-20260828-retry1-fast-b64-r3\inputs\32KiB\reymont.bin"" ""E:\MIXER\hybridzip\results\experiments\hybridzip-r2-e6-fast-full-20260828-retry1\children\hybridzip-r2-e6-fast-full-20260828-retry1-fast-b64-r3\archives\32KiB\reymont.hz2""","""E:\MIXER\hybridzip\build\Release\hybridzip.exe"" d ""E:\MIXER\hybridzip\results\experiments\hybridzip-r2-e6-fast-full-20260828-retry1\children\hybridzip-r2-e6-fast-full-20260828-retry1-fast-b64-r3\archives\32KiB\reymont.hz2"" ""E:\MIXER\hybridzip\results\experiments\hybridzip-r2-e6-fast-full-20260828-retry1\children\hybridzip-r2-e6-fast-full-20260828-retry1-fast-b64-r3\decoded\32KiB\reymont.decoded""","0","0","2026-08-28T02:38:47.1642667+08:00","COMPLETE","PASS","zstd=1","Complete R2 archive size; SHA-256 byte-exact roundtrip verified."
"e6-fast","fast","64","3","False","0","0","none","hybridzip-r2-e6-fast-full-20260828-retry1-fast-b64-r3","r2-fast","1","20","reymont","64","inputs/64KiB/reymont.bin","65536","A5ECAAABB133F1ADF8DE6062BE6381D143E87F9F8050EEA9B5BE6F92B88C3C22","archives/64KiB/reymont.hz2","20575","F7FD3841D3C709AF87D2860BBF5CF9F07C4D30EA191814A59DE9C5958E86701E","decoded/64KiB/reymont.decoded","65536","A5ECAAABB133F1ADF8DE6062BE6381D143E87F9F8050EEA9B5BE6F92B88C3C22","0.0401925","0.0477409","2.02734375","4.49609375","4.49609375","E65526F9DFF3F93844E004D63C7B2A4E4F219B5EAB3F1B3D3ABCF0B301F65003","profile_id=2;mode=fast;block_size=65536;zstd_level=3;lzma_level=9;threads=1;process_timeout_seconds=3600","""E:\MIXER\hybridzip\build\Release\hybridzip.exe"" c --profile=r2 --r2-mode=fast --block-size=65536 --zstd-level=3 ""E:\MIXER\hybridzip\results\experiments\hybridzip-r2-e6-fast-full-20260828-retry1\children\hybridzip-r2-e6-fast-full-20260828-retry1-fast-b64-r3\inputs\64KiB\reymont.bin"" ""E:\MIXER\hybridzip\results\experiments\hybridzip-r2-e6-fast-full-20260828-retry1\children\hybridzip-r2-e6-fast-full-20260828-retry1-fast-b64-r3\archives\64KiB\reymont.hz2""","""E:\MIXER\hybridzip\build\Release\hybridzip.exe"" d ""E:\MIXER\hybridzip\results\experiments\hybridzip-r2-e6-fast-full-20260828-retry1\children\hybridzip-r2-e6-fast-full-20260828-retry1-fast-b64-r3\archives\64KiB\reymont.hz2"" ""E:\MIXER\hybridzip\results\experiments\hybridzip-r2-e6-fast-full-20260828-retry1\children\hybridzip-r2-e6-fast-full-20260828-retry1-fast-b64-r3\decoded\64KiB\reymont.decoded""","0","0","2026-08-28T02:38:47.3227604+08:00","COMPLETE","PASS","zstd=1","Complete R2 archive size; SHA-256 byte-exact roundtrip verified."
"e6-fast","fast","64","3","False","0","0","none","hybridzip-r2-e6-fast-full-20260828-retry1-fast-b64-r3","r2-fast","1","21","reymont","128","inputs/128KiB/reymont.bin","131072","A6CA7478854C1E80DFEAF9FB3444B357F9D7625E55232FAE3B3632A5A1217DEA","archives/128KiB/reymont.hz2","41753","6F5EE37B4151120DBE6A8C7B413EA91D882444510420A263F2E706D156D4D77D","decoded/128KiB/reymont.decoded","131072","A6CA7478854C1E80DFEAF9FB3444B357F9D7625E55232FAE3B3632A5A1217DEA","0.0423415","0.0501211","2.02734375","4.5078125","4.5078125","E65526F9DFF3F93844E004D63C7B2A4E4F219B5EAB3F1B3D3ABCF0B301F65003","profile_id=2;mode=fast;block_size=65536;zstd_level=3;lzma_level=9;threads=1;process_timeout_seconds=3600","""E:\MIXER\hybridzip\build\Release\hybridzip.exe"" c --profile=r2 --r2-mode=fast --block-size=65536 --zstd-level=3 ""E:\MIXER\hybridzip\results\experiments\hybridzip-r2-e6-fast-full-20260828-retry1\children\hybridzip-r2-e6-fast-full-20260828-retry1-fast-b64-r3\inputs\128KiB\reymont.bin"" ""E:\MIXER\hybridzip\results\experiments\hybridzip-r2-e6-fast-full-20260828-retry1\children\hybridzip-r2-e6-fast-full-20260828-retry1-fast-b64-r3\archives\128KiB\reymont.hz2""","""E:\MIXER\hybridzip\build\Release\hybridzip.exe"" d ""E:\MIXER\hybridzip\results\experiments\hybridzip-r2-e6-fast-full-20260828-retry1\children\hybridzip-r2-e6-fast-full-20260828-retry1-fast-b64-r3\archives\128KiB\reymont.hz2"" ""E:\MIXER\hybridzip\results\experiments\hybridzip-r2-e6-fast-full-20260828-retry1\children\hybridzip-r2-e6-fast-full-20260828-retry1-fast-b64-r3\decoded\128KiB\reymont.decoded""","0","0","2026-08-28T02:38:47.4778618+08:00","COMPLETE","PASS","zstd=2","Complete R2 archive size; SHA-256 byte-exact roundtrip verified."
"e6-fast","fast","64","3","False","0","0","none","hybridzip-r2-e6-fast-full-20260828-retry1-fast-b64-r3","r2-fast","1","22","samba","32","inputs/32KiB/samba.bin","32768","9C4F5BEE544E4531E4946E62F796987418B4526911C34877EF282F14DD57AD12","archives/32KiB/samba.hz2","11947","B00503843DC7694A0ACA3249C322E91406106F738E6088FBDD7244741C9B6E18","decoded/32KiB/samba.decoded","32768","9C4F5BEE544E4531E4946E62F796987418B4526911C34877EF282F14DD57AD12","0.0442351","0.0484855","2.23828125","4.48046875","4.48046875","E65526F9DFF3F93844E004D63C7B2A4E4F219B5EAB3F1B3D3ABCF0B301F65003","profile_id=2;mode=fast;block_size=65536;zstd_level=3;lzma_level=9;threads=1;process_timeout_seconds=3600","""E:\MIXER\hybridzip\build\Release\hybridzip.exe"" c --profile=r2 --r2-mode=fast --block-size=65536 --zstd-level=3 ""E:\MIXER\hybridzip\results\experiments\hybridzip-r2-e6-fast-full-20260828-retry1\children\hybridzip-r2-e6-fast-full-20260828-retry1-fast-b64-r3\inputs\32KiB\samba.bin"" ""E:\MIXER\hybridzip\results\experiments\hybridzip-r2-e6-fast-full-20260828-retry1\children\hybridzip-r2-e6-fast-full-20260828-retry1-fast-b64-r3\archives\32KiB\samba.hz2""","""E:\MIXER\hybridzip\build\Release\hybridzip.exe"" d ""E:\MIXER\hybridzip\results\experiments\hybridzip-r2-e6-fast-full-20260828-retry1\children\hybridzip-r2-e6-fast-full-20260828-retry1-fast-b64-r3\archives\32KiB\samba.hz2"" ""E:\MIXER\hybridzip\results\experiments\hybridzip-r2-e6-fast-full-20260828-retry1\children\hybridzip-r2-e6-fast-full-20260828-retry1-fast-b64-r3\decoded\32KiB\samba.decoded""","0","0","2026-08-28T02:38:47.6363064+08:00","COMPLETE","PASS","zstd=1","Complete R2 archive size; SHA-256 byte-exact roundtrip verified."
"e6-fast","fast","64","3","False","0","0","none","hybridzip-r2-e6-fast-full-20260828-retry1-fast-b64-r3","r2-fast","1","23","samba","64","inputs/64KiB/samba.bin","65536","3E0420984C0F260EA7350734600CEA9D8500B745E2E4B7DBD4D1DA1D1ADAC421","archives/64KiB/samba.hz2","23329","62165D5F501FBB88395F3F4B43BD91E739B24DCA230199BFC7955142CE970E2B","decoded/64KiB/samba.decoded","65536","3E0420984C0F260EA7350734600CEA9D8500B745E2E4B7DBD4D1DA1D1ADAC421","0.0432266","0.0490244","2.02734375","2.02734375","2.02734375","E65526F9DFF3F93844E004D63C7B2A4E4F219B5EAB3F1B3D3ABCF0B301F65003","profile_id=2;mode=fast;block_size=65536;zstd_level=3;lzma_level=9;threads=1;process_timeout_seconds=3600","""E:\MIXER\hybridzip\build\Release\hybridzip.exe"" c --profile=r2 --r2-mode=fast --block-size=65536 --zstd-level=3 ""E:\MIXER\hybridzip\results\experiments\hybridzip-r2-e6-fast-full-20260828-retry1\children\hybridzip-r2-e6-fast-full-20260828-retry1-fast-b64-r3\inputs\64KiB\samba.bin"" ""E:\MIXER\hybridzip\results\experiments\hybridzip-r2-e6-fast-full-20260828-retry1\children\hybridzip-r2-e6-fast-full-20260828-retry1-fast-b64-r3\archives\64KiB\samba.hz2""","""E:\MIXER\hybridzip\build\Release\hybridzip.exe"" d ""E:\MIXER\hybridzip\results\experiments\hybridzip-r2-e6-fast-full-20260828-retry1\children\hybridzip-r2-e6-fast-full-20260828-retry1-fast-b64-r3\archives\64KiB\samba.hz2"" ""E:\MIXER\hybridzip\results\experiments\hybridzip-r2-e6-fast-full-20260828-retry1\children\hybridzip-r2-e6-fast-full-20260828-retry1-fast-b64-r3\decoded\64KiB\samba.decoded""","0","0","2026-08-28T02:38:47.7933032+08:00","COMPLETE","PASS","zstd=1","Complete R2 archive size; SHA-256 byte-exact roundtrip verified."
"e6-fast","fast","64","3","False","0","0","none","hybridzip-r2-e6-fast-full-20260828-retry1-fast-b64-r3","r2-fast","1","24","samba","128","inputs/128KiB/samba.bin","131072","F3B8C4AD35BC6CF21977895D6F04A22B1422605942FA5AFE35CE28B2A221D7E8","archives/128KiB/samba.hz2","48810","931FFB515714B54313CC1C3B313228EB475091CE8DA264616DBDE395133A4575","decoded/128KiB/samba.decoded","131072","F3B8C4AD35BC6CF21977895D6F04A22B1422605942FA5AFE35CE28B2A221D7E8","0.0438336","0.0499214","2.02734375","4.52734375","4.52734375","E65526F9DFF3F93844E004D63C7B2A4E4F219B5EAB3F1B3D3ABCF0B301F65003","profile_id=2;mode=fast;block_size=65536;zstd_level=3;lzma_level=9;threads=1;process_timeout_seconds=3600","""E:\MIXER\hybridzip\build\Release\hybridzip.exe"" c --profile=r2 --r2-mode=fast --block-size=65536 --zstd-level=3 ""E:\MIXER\hybridzip\results\experiments\hybridzip-r2-e6-fast-full-20260828-retry1\children\hybridzip-r2-e6-fast-full-20260828-retry1-fast-b64-r3\inputs\128KiB\samba.bin"" ""E:\MIXER\hybridzip\results\experiments\hybridzip-r2-e6-fast-full-20260828-retry1\children\hybridzip-r2-e6-fast-full-20260828-retry1-fast-b64-r3\archives\128KiB\samba.hz2""","""E:\MIXER\hybridzip\build\Release\hybridzip.exe"" d ""E:\MIXER\hybridzip\results\experiments\hybridzip-r2-e6-fast-full-20260828-retry1\children\hybridzip-r2-e6-fast-full-20260828-retry1-fast-b64-r3\archives\128KiB\samba.hz2"" ""E:\MIXER\hybridzip\results\experiments\hybridzip-r2-e6-fast-full-20260828-retry1\children\hybridzip-r2-e6-fast-full-20260828-retry1-fast-b64-r3\decoded\128KiB\samba.decoded""","0","0","2026-08-28T02:38:47.9503967+08:00","COMPLETE","PASS","zstd=2","Complete R2 archive size; SHA-256 byte-exact roundtrip verified."
"e6-fast","fast","64","3","False","0","0","none","hybridzip-r2-e6-fast-full-20260828-retry1-fast-b64-r3","r2-fast","1","25","sao","32","inputs/32KiB/sao.bin","32768","95677430CAD4F000506BC5EE22815C3F4E13D64B477ED506B78D5D9ACFB50CCD","archives/32KiB/sao.hz2","26959","2F6775B5829F4A0AB18C009F73061BDDE87A4548D489048BA49C522B1319F58F","decoded/32KiB/sao.decoded","32768","95677430CAD4F000506BC5EE22815C3F4E13D64B477ED506B78D5D9ACFB50CCD","0.0441382","0.0481718","2.9765625","2.0234375","2.9765625","E65526F9DFF3F93844E004D63C7B2A4E4F219B5EAB3F1B3D3ABCF0B301F65003","profile_id=2;mode=fast;block_size=65536;zstd_level=3;lzma_level=9;threads=1;process_timeout_seconds=3600","""E:\MIXER\hybridzip\build\Release\hybridzip.exe"" c --profile=r2 --r2-mode=fast --block-size=65536 --zstd-level=3 ""E:\MIXER\hybridzip\results\experiments\hybridzip-r2-e6-fast-full-20260828-retry1\children\hybridzip-r2-e6-fast-full-20260828-retry1-fast-b64-r3\inputs\32KiB\sao.bin"" ""E:\MIXER\hybridzip\results\experiments\hybridzip-r2-e6-fast-full-20260828-retry1\children\hybridzip-r2-e6-fast-full-20260828-retry1-fast-b64-r3\archives\32KiB\sao.hz2""","""E:\MIXER\hybridzip\build\Release\hybridzip.exe"" d ""E:\MIXER\hybridzip\results\experiments\hybridzip-r2-e6-fast-full-20260828-retry1\children\hybridzip-r2-e6-fast-full-20260828-retry1-fast-b64-r3\archives\32KiB\sao.hz2"" ""E:\MIXER\hybridzip\results\experiments\hybridzip-r2-e6-fast-full-20260828-retry1\children\hybridzip-r2-e6-fast-full-20260828-retry1-fast-b64-r3\decoded\32KiB\sao.decoded""","0","0","2026-08-28T02:38:48.1090712+08:00","COMPLETE","PASS","zstd=1","Complete R2 archive size; SHA-256 byte-exact roundtrip verified."
"e6-fast","fast","64","3","False","0","0","none","hybridzip-r2-e6-fast-full-20260828-retry1-fast-b64-r3","r2-fast","1","26","sao","64","inputs/64KiB/sao.bin","65536","17CBD7166A47786139F60BA33B4E771CE0154F6FA56986883D129BC23F78EBEE","archives/64KiB/sao.hz2","53336","23A8C065260A52639E1A36E2EEA9E83B6F18FF22C7AF231E0FED8026B1A148A2","decoded/64KiB/sao.decoded","65536","17CBD7166A47786139F60BA33B4E771CE0154F6FA56986883D129BC23F78EBEE","0.0421532","0.0430013","2.02734375","2.02734375","2.02734375","E65526F9DFF3F93844E004D63C7B2A4E4F219B5EAB3F1B3D3ABCF0B301F65003","profile_id=2;mode=fast;block_size=65536;zstd_level=3;lzma_level=9;threads=1;process_timeout_seconds=3600","""E:\MIXER\hybridzip\build\Release\hybridzip.exe"" c --profile=r2 --r2-mode=fast --block-size=65536 --zstd-level=3 ""E:\MIXER\hybridzip\results\experiments\hybridzip-r2-e6-fast-full-20260828-retry1\children\hybridzip-r2-e6-fast-full-20260828-retry1-fast-b64-r3\inputs\64KiB\sao.bin"" ""E:\MIXER\hybridzip\results\experiments\hybridzip-r2-e6-fast-full-20260828-retry1\children\hybridzip-r2-e6-fast-full-20260828-retry1-fast-b64-r3\archives\64KiB\sao.hz2""","""E:\MIXER\hybridzip\build\Release\hybridzip.exe"" d ""E:\MIXER\hybridzip\results\experiments\hybridzip-r2-e6-fast-full-20260828-retry1\children\hybridzip-r2-e6-fast-full-20260828-retry1-fast-b64-r3\archives\64KiB\sao.hz2"" ""E:\MIXER\hybridzip\results\experiments\hybridzip-r2-e6-fast-full-20260828-retry1\children\hybridzip-r2-e6-fast-full-20260828-retry1-fast-b64-r3\decoded\64KiB\sao.decoded""","0","0","2026-08-28T02:38:48.2655986+08:00","COMPLETE","PASS","zstd=1","Complete R2 archive size; SHA-256 byte-exact roundtrip verified."
"e6-fast","fast","64","3","False","0","0","none","hybridzip-r2-e6-fast-full-20260828-retry1-fast-b64-r3","r2-fast","1","27","sao","128","inputs/128KiB/sao.bin","131072","75E535B42DB7505118D8B19C7C42C1F49C5542ADDC9DBC13383953659F675CE0","archives/128KiB/sao.hz2","106836","F19408D7EC943F700C2417A64F528244224A72CBB8CA853C8AD732EB6998EFF2","decoded/128KiB/sao.decoded","131072","75E535B42DB7505118D8B19C7C42C1F49C5542ADDC9DBC13383953659F675CE0","0.0420457","0.0485262","2.02734375","4.57421875","4.57421875","E65526F9DFF3F93844E004D63C7B2A4E4F219B5EAB3F1B3D3ABCF0B301F65003","profile_id=2;mode=fast;block_size=65536;zstd_level=3;lzma_level=9;threads=1;process_timeout_seconds=3600","""E:\MIXER\hybridzip\build\Release\hybridzip.exe"" c --profile=r2 --r2-mode=fast --block-size=65536 --zstd-level=3 ""E:\MIXER\hybridzip\results\experiments\hybridzip-r2-e6-fast-full-20260828-retry1\children\hybridzip-r2-e6-fast-full-20260828-retry1-fast-b64-r3\inputs\128KiB\sao.bin"" ""E:\MIXER\hybridzip\results\experiments\hybridzip-r2-e6-fast-full-20260828-retry1\children\hybridzip-r2-e6-fast-full-20260828-retry1-fast-b64-r3\archives\128KiB\sao.hz2""","""E:\MIXER\hybridzip\build\Release\hybridzip.exe"" d ""E:\MIXER\hybridzip\results\experiments\hybridzip-r2-e6-fast-full-20260828-retry1\children\hybridzip-r2-e6-fast-full-20260828-retry1-fast-b64-r3\archives\128KiB\sao.hz2"" ""E:\MIXER\hybridzip\results\experiments\hybridzip-r2-e6-fast-full-20260828-retry1\children\hybridzip-r2-e6-fast-full-20260828-retry1-fast-b64-r3\decoded\128KiB\sao.decoded""","0","0","2026-08-28T02:38:48.4212465+08:00","COMPLETE","PASS","zstd=2","Complete R2 archive size; SHA-256 byte-exact roundtrip verified."
"e6-fast","fast","64","3","False","0","0","none","hybridzip-r2-e6-fast-full-20260828-retry1-fast-b64-r3","r2-fast","1","28","webster","32","inputs/32KiB/webster.bin","32768","774D224695AF4057353F72602BB96CD2AFEEA059AC7737535645F11596FCA85E","archives/32KiB/webster.hz2","13778","E24E0990EFC0CD6C7296B5AB36C15CFA1BE099E023927ECF8EE3D6C1EAB8F528","decoded/32KiB/webster.decoded","32768","774D224695AF4057353F72602BB96CD2AFEEA059AC7737535645F11596FCA85E","0.0531544","0.0501489","5.00390625","2.02734375","5.00390625","E65526F9DFF3F93844E004D63C7B2A4E4F219B5EAB3F1B3D3ABCF0B301F65003","profile_id=2;mode=fast;block_size=65536;zstd_level=3;lzma_level=9;threads=1;process_timeout_seconds=3600","""E:\MIXER\hybridzip\build\Release\hybridzip.exe"" c --profile=r2 --r2-mode=fast --block-size=65536 --zstd-level=3 ""E:\MIXER\hybridzip\results\experiments\hybridzip-r2-e6-fast-full-20260828-retry1\children\hybridzip-r2-e6-fast-full-20260828-retry1-fast-b64-r3\inputs\32KiB\webster.bin"" ""E:\MIXER\hybridzip\results\experiments\hybridzip-r2-e6-fast-full-20260828-retry1\children\hybridzip-r2-e6-fast-full-20260828-retry1-fast-b64-r3\archives\32KiB\webster.hz2""","""E:\MIXER\hybridzip\build\Release\hybridzip.exe"" d ""E:\MIXER\hybridzip\results\experiments\hybridzip-r2-e6-fast-full-20260828-retry1\children\hybridzip-r2-e6-fast-full-20260828-retry1-fast-b64-r3\archives\32KiB\webster.hz2"" ""E:\MIXER\hybridzip\results\experiments\hybridzip-r2-e6-fast-full-20260828-retry1\children\hybridzip-r2-e6-fast-full-20260828-retry1-fast-b64-r3\decoded\32KiB\webster.decoded""","0","0","2026-08-28T02:38:48.5758243+08:00","COMPLETE","PASS","zstd=1","Complete R2 archive size; SHA-256 byte-exact roundtrip verified."
"e6-fast","fast","64","3","False","0","0","none","hybridzip-r2-e6-fast-full-20260828-retry1-fast-b64-r3","r2-fast","1","29","webster","64","inputs/64KiB/webster.bin","65536","262258811321382F9E4F44D2184B6B7FED0336CF831446D8336C47D6CCC2B32E","archives/64KiB/webster.hz2","24457","A5826396FD6F34BEEF749D2C4DAD0B2127FA8FBAF87F297ADCB9A7F5987820D8","decoded/64KiB/webster.decoded","65536","262258811321382F9E4F44D2184B6B7FED0336CF831446D8336C47D6CCC2B32E","0.0398485","0.0486655","2.02734375","3.953125","3.953125","E65526F9DFF3F93844E004D63C7B2A4E4F219B5EAB3F1B3D3ABCF0B301F65003","profile_id=2;mode=fast;block_size=65536;zstd_level=3;lzma_level=9;threads=1;process_timeout_seconds=3600","""E:\MIXER\hybridzip\build\Release\hybridzip.exe"" c --profile=r2 --r2-mode=fast --block-size=65536 --zstd-level=3 ""E:\MIXER\hybridzip\results\experiments\hybridzip-r2-e6-fast-full-20260828-retry1\children\hybridzip-r2-e6-fast-full-20260828-retry1-fast-b64-r3\inputs\64KiB\webster.bin"" ""E:\MIXER\hybridzip\results\experiments\hybridzip-r2-e6-fast-full-20260828-retry1\children\hybridzip-r2-e6-fast-full-20260828-retry1-fast-b64-r3\archives\64KiB\webster.hz2""","""E:\MIXER\hybridzip\build\Release\hybridzip.exe"" d ""E:\MIXER\hybridzip\results\experiments\hybridzip-r2-e6-fast-full-20260828-retry1\children\hybridzip-r2-e6-fast-full-20260828-retry1-fast-b64-r3\archives\64KiB\webster.hz2"" ""E:\MIXER\hybridzip\results\experiments\hybridzip-r2-e6-fast-full-20260828-retry1\children\hybridzip-r2-e6-fast-full-20260828-retry1-fast-b64-r3\decoded\64KiB\webster.decoded""","0","0","2026-08-28T02:38:48.7466203+08:00","COMPLETE","PASS","zstd=1","Complete R2 archive size; SHA-256 byte-exact roundtrip verified."
"e6-fast","fast","64","3","False","0","0","none","hybridzip-r2-e6-fast-full-20260828-retry1-fast-b64-r3","r2-fast","1","30","webster","128","inputs/128KiB/webster.bin","131072","C069C1FDCA99BC5C44F06D134CD0CDA60315DD631AA6564733B2CE0E6D59305C","archives/128KiB/webster.hz2","45966","6A859A353F8D24E1CDAC467E5211A750EAE4F7A65332AE4FA288738258CD2A83","decoded/128KiB/webster.decoded","131072","C069C1FDCA99BC5C44F06D134CD0CDA60315DD631AA6564733B2CE0E6D59305C","0.0389528","0.0480492","2.02734375","4.2109375","4.2109375","E65526F9DFF3F93844E004D63C7B2A4E4F219B5EAB3F1B3D3ABCF0B301F65003","profile_id=2;mode=fast;block_size=65536;zstd_level=3;lzma_level=9;threads=1;process_timeout_seconds=3600","""E:\MIXER\hybridzip\build\Release\hybridzip.exe"" c --profile=r2 --r2-mode=fast --block-size=65536 --zstd-level=3 ""E:\MIXER\hybridzip\results\experiments\hybridzip-r2-e6-fast-full-20260828-retry1\children\hybridzip-r2-e6-fast-full-20260828-retry1-fast-b64-r3\inputs\128KiB\webster.bin"" ""E:\MIXER\hybridzip\results\experiments\hybridzip-r2-e6-fast-full-20260828-retry1\children\hybridzip-r2-e6-fast-full-20260828-retry1-fast-b64-r3\archives\128KiB\webster.hz2""","""E:\MIXER\hybridzip\build\Release\hybridzip.exe"" d ""E:\MIXER\hybridzip\results\experiments\hybridzip-r2-e6-fast-full-20260828-retry1\children\hybridzip-r2-e6-fast-full-20260828-retry1-fast-b64-r3\archives\128KiB\webster.hz2"" ""E:\MIXER\hybridzip\results\experiments\hybridzip-r2-e6-fast-full-20260828-retry1\children\hybridzip-r2-e6-fast-full-20260828-retry1-fast-b64-r3\decoded\128KiB\webster.decoded""","0","0","2026-08-28T02:38:48.9034602+08:00","COMPLETE","PASS","zstd=2","Complete R2 archive size; SHA-256 byte-exact roundtrip verified."
"e6-fast","fast","64","3","False","0","0","none","hybridzip-r2-e6-fast-full-20260828-retry1-fast-b64-r3","r2-fast","1","31","x-ray","32","inputs/32KiB/x-ray.bin","32768","10511AA63DFBD9C0DDBFEFE36068740103D4BA1116E214154A0772057D7E9314","archives/32KiB/x-ray.hz2","26409","F8AA8051F1BCFF2B4E4C22CEF9300CD52BFC7AD4DDAEBA217D1387303EBF0CC7","decoded/32KiB/x-ray.decoded","32768","10511AA63DFBD9C0DDBFEFE36068740103D4BA1116E214154A0772057D7E9314","0.0569629","0.0454365","2.02734375","2.82421875","2.82421875","E65526F9DFF3F93844E004D63C7B2A4E4F219B5EAB3F1B3D3ABCF0B301F65003","profile_id=2;mode=fast;block_size=65536;zstd_level=3;lzma_level=9;threads=1;process_timeout_seconds=3600","""E:\MIXER\hybridzip\build\Release\hybridzip.exe"" c --profile=r2 --r2-mode=fast --block-size=65536 --zstd-level=3 ""E:\MIXER\hybridzip\results\experiments\hybridzip-r2-e6-fast-full-20260828-retry1\children\hybridzip-r2-e6-fast-full-20260828-retry1-fast-b64-r3\inputs\32KiB\x-ray.bin"" ""E:\MIXER\hybridzip\results\experiments\hybridzip-r2-e6-fast-full-20260828-retry1\children\hybridzip-r2-e6-fast-full-20260828-retry1-fast-b64-r3\archives\32KiB\x-ray.hz2""","""E:\MIXER\hybridzip\build\Release\hybridzip.exe"" d ""E:\MIXER\hybridzip\results\experiments\hybridzip-r2-e6-fast-full-20260828-retry1\children\hybridzip-r2-e6-fast-full-20260828-retry1-fast-b64-r3\archives\32KiB\x-ray.hz2"" ""E:\MIXER\hybridzip\results\experiments\hybridzip-r2-e6-fast-full-20260828-retry1\children\hybridzip-r2-e6-fast-full-20260828-retry1-fast-b64-r3\decoded\32KiB\x-ray.decoded""","0","0","2026-08-28T02:38:49.0623221+08:00","COMPLETE","PASS","zstd=1","Complete R2 archive size; SHA-256 byte-exact roundtrip verified."
"e6-fast","fast","64","3","False","0","0","none","hybridzip-r2-e6-fast-full-20260828-retry1-fast-b64-r3","r2-fast","1","32","x-ray","64","inputs/64KiB/x-ray.bin","65536","B5A07146616BCD7C2D10071D41E07D204DE0AC629C4CA37D8E867FF00574D0D8","archives/64KiB/x-ray.hz2","51793","06B91310B1C08979F126D37D2399025F76AB5A43E78CB1E827396B8B5B8B2CDB","decoded/64KiB/x-ray.decoded","65536","B5A07146616BCD7C2D10071D41E07D204DE0AC629C4CA37D8E867FF00574D0D8","0.0553317","0.0490055","2.02734375","4.1640625","4.1640625","E65526F9DFF3F93844E004D63C7B2A4E4F219B5EAB3F1B3D3ABCF0B301F65003","profile_id=2;mode=fast;block_size=65536;zstd_level=3;lzma_level=9;threads=1;process_timeout_seconds=3600","""E:\MIXER\hybridzip\build\Release\hybridzip.exe"" c --profile=r2 --r2-mode=fast --block-size=65536 --zstd-level=3 ""E:\MIXER\hybridzip\results\experiments\hybridzip-r2-e6-fast-full-20260828-retry1\children\hybridzip-r2-e6-fast-full-20260828-retry1-fast-b64-r3\inputs\64KiB\x-ray.bin"" ""E:\MIXER\hybridzip\results\experiments\hybridzip-r2-e6-fast-full-20260828-retry1\children\hybridzip-r2-e6-fast-full-20260828-retry1-fast-b64-r3\archives\64KiB\x-ray.hz2""","""E:\MIXER\hybridzip\build\Release\hybridzip.exe"" d ""E:\MIXER\hybridzip\results\experiments\hybridzip-r2-e6-fast-full-20260828-retry1\children\hybridzip-r2-e6-fast-full-20260828-retry1-fast-b64-r3\archives\64KiB\x-ray.hz2"" ""E:\MIXER\hybridzip\results\experiments\hybridzip-r2-e6-fast-full-20260828-retry1\children\hybridzip-r2-e6-fast-full-20260828-retry1-fast-b64-r3\decoded\64KiB\x-ray.decoded""","0","0","2026-08-28T02:38:49.2315939+08:00","COMPLETE","PASS","zstd=1","Complete R2 archive size; SHA-256 byte-exact roundtrip verified."
"e6-fast","fast","64","3","False","0","0","none","hybridzip-r2-e6-fast-full-20260828-retry1-fast-b64-r3","r2-fast","1","33","x-ray","128","inputs/128KiB/x-ray.bin","131072","7A65B793FB2A694C20686275A899B304445473528F7C998BE26F8C68EB18F76E","archives/128KiB/x-ray.hz2","103873","50BFF26A39E21B1DDDA57309E118B02ADA050471F3FBA60554D46F94F102D013","decoded/128KiB/x-ray.decoded","131072","7A65B793FB2A694C20686275A899B304445473528F7C998BE26F8C68EB18F76E","0.0428097","0.0474618","2.02734375","4.57421875","4.57421875","E65526F9DFF3F93844E004D63C7B2A4E4F219B5EAB3F1B3D3ABCF0B301F65003","profile_id=2;mode=fast;block_size=65536;zstd_level=3;lzma_level=9;threads=1;process_timeout_seconds=3600","""E:\MIXER\hybridzip\build\Release\hybridzip.exe"" c --profile=r2 --r2-mode=fast --block-size=65536 --zstd-level=3 ""E:\MIXER\hybridzip\results\experiments\hybridzip-r2-e6-fast-full-20260828-retry1\children\hybridzip-r2-e6-fast-full-20260828-retry1-fast-b64-r3\inputs\128KiB\x-ray.bin"" ""E:\MIXER\hybridzip\results\experiments\hybridzip-r2-e6-fast-full-20260828-retry1\children\hybridzip-r2-e6-fast-full-20260828-retry1-fast-b64-r3\archives\128KiB\x-ray.hz2""","""E:\MIXER\hybridzip\build\Release\hybridzip.exe"" d ""E:\MIXER\hybridzip\results\experiments\hybridzip-r2-e6-fast-full-20260828-retry1\children\hybridzip-r2-e6-fast-full-20260828-retry1-fast-b64-r3\archives\128KiB\x-ray.hz2"" ""E:\MIXER\hybridzip\results\experiments\hybridzip-r2-e6-fast-full-20260828-retry1\children\hybridzip-r2-e6-fast-full-20260828-retry1-fast-b64-r3\decoded\128KiB\x-ray.decoded""","0","0","2026-08-28T02:38:49.4012884+08:00","COMPLETE","PASS","zstd=2","Complete R2 archive size; SHA-256 byte-exact roundtrip verified."
"e6-fast","fast","64","3","False","0","0","none","hybridzip-r2-e6-fast-full-20260828-retry1-fast-b64-r3","r2-fast","1","34","xml","32","inputs/32KiB/xml.bin","32768","C2F7F129956F8D6FC3D0E3595D93F98D5270B6F5BC4AB5E70F45867822EFDD71","archives/32KiB/xml.hz2","3483","D36CEC68AD01A63B120F4B819FA958437053BD411FF5021620E98803D35D4A32","decoded/32KiB/xml.decoded","32768","C2F7F129956F8D6FC3D0E3595D93F98D5270B6F5BC4AB5E70F45867822EFDD71","0.0426894","0.0494319","2.02734375","4.50390625","4.50390625","E65526F9DFF3F93844E004D63C7B2A4E4F219B5EAB3F1B3D3ABCF0B301F65003","profile_id=2;mode=fast;block_size=65536;zstd_level=3;lzma_level=9;threads=1;process_timeout_seconds=3600","""E:\MIXER\hybridzip\build\Release\hybridzip.exe"" c --profile=r2 --r2-mode=fast --block-size=65536 --zstd-level=3 ""E:\MIXER\hybridzip\results\experiments\hybridzip-r2-e6-fast-full-20260828-retry1\children\hybridzip-r2-e6-fast-full-20260828-retry1-fast-b64-r3\inputs\32KiB\xml.bin"" ""E:\MIXER\hybridzip\results\experiments\hybridzip-r2-e6-fast-full-20260828-retry1\children\hybridzip-r2-e6-fast-full-20260828-retry1-fast-b64-r3\archives\32KiB\xml.hz2""","""E:\MIXER\hybridzip\build\Release\hybridzip.exe"" d ""E:\MIXER\hybridzip\results\experiments\hybridzip-r2-e6-fast-full-20260828-retry1\children\hybridzip-r2-e6-fast-full-20260828-retry1-fast-b64-r3\archives\32KiB\xml.hz2"" ""E:\MIXER\hybridzip\results\experiments\hybridzip-r2-e6-fast-full-20260828-retry1\children\hybridzip-r2-e6-fast-full-20260828-retry1-fast-b64-r3\decoded\32KiB\xml.decoded""","0","0","2026-08-28T02:38:49.5566066+08:00","COMPLETE","PASS","zstd=1","Complete R2 archive size; SHA-256 byte-exact roundtrip verified."
"e6-fast","fast","64","3","False","0","0","none","hybridzip-r2-e6-fast-full-20260828-retry1-fast-b64-r3","r2-fast","1","35","xml","64","inputs/64KiB/xml.bin","65536","E32AFF2BEBF00105A17DD57F5490C1986D17543CEE837B42EB56B3E0E6F8E7F1","archives/64KiB/xml.hz2","6163","B6580EA52F378B6D7D189D50582EE49E313AA5616EBACEBADB0D85BAB17183A8","decoded/64KiB/xml.decoded","65536","E32AFF2BEBF00105A17DD57F5490C1986D17543CEE837B42EB56B3E0E6F8E7F1","0.0583753","0.0480551","2.02734375","4.48828125","4.48828125","E65526F9DFF3F93844E004D63C7B2A4E4F219B5EAB3F1B3D3ABCF0B301F65003","profile_id=2;mode=fast;block_size=65536;zstd_level=3;lzma_level=9;threads=1;process_timeout_seconds=3600","""E:\MIXER\hybridzip\build\Release\hybridzip.exe"" c --profile=r2 --r2-mode=fast --block-size=65536 --zstd-level=3 ""E:\MIXER\hybridzip\results\experiments\hybridzip-r2-e6-fast-full-20260828-retry1\children\hybridzip-r2-e6-fast-full-20260828-retry1-fast-b64-r3\inputs\64KiB\xml.bin"" ""E:\MIXER\hybridzip\results\experiments\hybridzip-r2-e6-fast-full-20260828-retry1\children\hybridzip-r2-e6-fast-full-20260828-retry1-fast-b64-r3\archives\64KiB\xml.hz2""","""E:\MIXER\hybridzip\build\Release\hybridzip.exe"" d ""E:\MIXER\hybridzip\results\experiments\hybridzip-r2-e6-fast-full-20260828-retry1\children\hybridzip-r2-e6-fast-full-20260828-retry1-fast-b64-r3\archives\64KiB\xml.hz2"" ""E:\MIXER\hybridzip\results\experiments\hybridzip-r2-e6-fast-full-20260828-retry1\children\hybridzip-r2-e6-fast-full-20260828-retry1-fast-b64-r3\decoded\64KiB\xml.decoded""","0","0","2026-08-28T02:38:49.7143389+08:00","COMPLETE","PASS","zstd=1","Complete R2 archive size; SHA-256 byte-exact roundtrip verified."
"e6-fast","fast","64","3","False","0","0","none","hybridzip-r2-e6-fast-full-20260828-retry1-fast-b64-r3","r2-fast","1","36","xml","128","inputs/128KiB/xml.bin","131072","5FA29C746885F2EEB98734218475915A78092CCB3B0F68B08861EE210E5B6E25","archives/128KiB/xml.hz2","12622","19AA4652F5E4444902107F4048029D0455120561D8EFF6F8E0D6B8560B110F30","decoded/128KiB/xml.decoded","131072","5FA29C746885F2EEB98734218475915A78092CCB3B0F68B08861EE210E5B6E25","0.0447373","0.0489641","2.02734375","4.49609375","4.49609375","E65526F9DFF3F93844E004D63C7B2A4E4F219B5EAB3F1B3D3ABCF0B301F65003","profile_id=2;mode=fast;block_size=65536;zstd_level=3;lzma_level=9;threads=1;process_timeout_seconds=3600","""E:\MIXER\hybridzip\build\Release\hybridzip.exe"" c --profile=r2 --r2-mode=fast --block-size=65536 --zstd-level=3 ""E:\MIXER\hybridzip\results\experiments\hybridzip-r2-e6-fast-full-20260828-retry1\children\hybridzip-r2-e6-fast-full-20260828-retry1-fast-b64-r3\inputs\128KiB\xml.bin"" ""E:\MIXER\hybridzip\results\experiments\hybridzip-r2-e6-fast-full-20260828-retry1\children\hybridzip-r2-e6-fast-full-20260828-retry1-fast-b64-r3\archives\128KiB\xml.hz2""","""E:\MIXER\hybridzip\build\Release\hybridzip.exe"" d ""E:\MIXER\hybridzip\results\experiments\hybridzip-r2-e6-fast-full-20260828-retry1\children\hybridzip-r2-e6-fast-full-20260828-retry1-fast-b64-r3\archives\128KiB\xml.hz2"" ""E:\MIXER\hybridzip\results\experiments\hybridzip-r2-e6-fast-full-20260828-retry1\children\hybridzip-r2-e6-fast-full-20260828-retry1-fast-b64-r3\decoded\128KiB\xml.decoded""","0","0","2026-08-28T02:38:49.8858722+08:00","COMPLETE","PASS","zstd=2","Complete R2 archive size; SHA-256 byte-exact roundtrip verified."
"e6-fast","fast","128","0","True","0","0","none","hybridzip-r2-e6-fast-full-20260828-retry1-fast-b128-r0","r2-fast","1","1","dickens","32","inputs/32KiB/dickens.bin","32768","FC42DCB9849222C8704C9DCAE606D075B389B66244FB215035148D6409EC0B31","archives/32KiB/dickens.hz2","14205","A1BDE08B462A24B7CFB93910676C2D06BEF38F98AF2F8427055FF52A270B7718","decoded/32KiB/dickens.decoded","32768","FC42DCB9849222C8704C9DCAE606D075B389B66244FB215035148D6409EC0B31","0.0425412","0.0473757","2.02734375","3.390625","3.390625","E65526F9DFF3F93844E004D63C7B2A4E4F219B5EAB3F1B3D3ABCF0B301F65003","profile_id=2;mode=fast;block_size=131072;zstd_level=3;lzma_level=9;threads=1;process_timeout_seconds=3600","""E:\MIXER\hybridzip\build\Release\hybridzip.exe"" c --profile=r2 --r2-mode=fast --block-size=131072 --zstd-level=3 ""E:\MIXER\hybridzip\results\experiments\hybridzip-r2-e6-fast-full-20260828-retry1\children\hybridzip-r2-e6-fast-full-20260828-retry1-fast-b128-r0\inputs\32KiB\dickens.bin"" ""E:\MIXER\hybridzip\results\experiments\hybridzip-r2-e6-fast-full-20260828-retry1\children\hybridzip-r2-e6-fast-full-20260828-retry1-fast-b128-r0\archives\32KiB\dickens.hz2""","""E:\MIXER\hybridzip\build\Release\hybridzip.exe"" d ""E:\MIXER\hybridzip\results\experiments\hybridzip-r2-e6-fast-full-20260828-retry1\children\hybridzip-r2-e6-fast-full-20260828-retry1-fast-b128-r0\archives\32KiB\dickens.hz2"" ""E:\MIXER\hybridzip\results\experiments\hybridzip-r2-e6-fast-full-20260828-retry1\children\hybridzip-r2-e6-fast-full-20260828-retry1-fast-b128-r0\decoded\32KiB\dickens.decoded""","0","0","2026-08-28T02:38:51.1927301+08:00","COMPLETE","PASS","zstd=1","Complete R2 archive size; SHA-256 byte-exact roundtrip verified."
"e6-fast","fast","128","0","True","0","0","none","hybridzip-r2-e6-fast-full-20260828-retry1-fast-b128-r0","r2-fast","1","2","dickens","64","inputs/64KiB/dickens.bin","65536","134AD989A7B8B40C900A3B9C0F4895317DFD827D9E6E933895B08D2F4A8A8293","archives/64KiB/dickens.hz2","27192","EF69986E9EFFF328656B34CB72D665B3DD9D5A3282B16B4E8FF6D9AD45ADC50F","decoded/64KiB/dickens.decoded","65536","134AD989A7B8B40C900A3B9C0F4895317DFD827D9E6E933895B08D2F4A8A8293","0.0452795","0.0508196","2.7734375","4.515625","4.515625","E65526F9DFF3F93844E004D63C7B2A4E4F219B5EAB3F1B3D3ABCF0B301F65003","profile_id=2;mode=fast;block_size=131072;zstd_level=3;lzma_level=9;threads=1;process_timeout_seconds=3600","""E:\MIXER\hybridzip\build\Release\hybridzip.exe"" c --profile=r2 --r2-mode=fast --block-size=131072 --zstd-level=3 ""E:\MIXER\hybridzip\results\experiments\hybridzip-r2-e6-fast-full-20260828-retry1\children\hybridzip-r2-e6-fast-full-20260828-retry1-fast-b128-r0\inputs\64KiB\dickens.bin"" ""E:\MIXER\hybridzip\results\experiments\hybridzip-r2-e6-fast-full-20260828-retry1\children\hybridzip-r2-e6-fast-full-20260828-retry1-fast-b128-r0\archives\64KiB\dickens.hz2""","""E:\MIXER\hybridzip\build\Release\hybridzip.exe"" d ""E:\MIXER\hybridzip\results\experiments\hybridzip-r2-e6-fast-full-20260828-retry1\children\hybridzip-r2-e6-fast-full-20260828-retry1-fast-b128-r0\archives\64KiB\dickens.hz2"" ""E:\MIXER\hybridzip\results\experiments\hybridzip-r2-e6-fast-full-20260828-retry1\children\hybridzip-r2-e6-fast-full-20260828-retry1-fast-b128-r0\decoded\64KiB\dickens.decoded""","0","0","2026-08-28T02:38:51.3446296+08:00","COMPLETE","PASS","zstd=1","Complete R2 archive size; SHA-256 byte-exact roundtrip verified."
"e6-fast","fast","128","0","True","0","0","none","hybridzip-r2-e6-fast-full-20260828-retry1-fast-b128-r0","r2-fast","1","3","dickens","128","inputs/128KiB/dickens.bin","131072","20E33FCC8FAA96DC32A2D0921115C0F363E64C598A5847CE1A3876E356D59872","archives/128KiB/dickens.hz2","51902","16752AC02B1553B8A03487D0E855141F28425FED10A36FE1685B9C13DCDFD596","decoded/128KiB/dickens.decoded","131072","20E33FCC8FAA96DC32A2D0921115C0F363E64C598A5847CE1A3876E356D59872","0.0414938","0.0447326","2.02734375","2.02734375","2.02734375","E65526F9DFF3F93844E004D63C7B2A4E4F219B5EAB3F1B3D3ABCF0B301F65003","profile_id=2;mode=fast;block_size=131072;zstd_level=3;lzma_level=9;threads=1;process_timeout_seconds=3600","""E:\MIXER\hybridzip\build\Release\hybridzip.exe"" c --profile=r2 --r2-mode=fast --block-size=131072 --zstd-level=3 ""E:\MIXER\hybridzip\results\experiments\hybridzip-r2-e6-fast-full-20260828-retry1\children\hybridzip-r2-e6-fast-full-20260828-retry1-fast-b128-r0\inputs\128KiB\dickens.bin"" ""E:\MIXER\hybridzip\results\experiments\hybridzip-r2-e6-fast-full-20260828-retry1\children\hybridzip-r2-e6-fast-full-20260828-retry1-fast-b128-r0\archives\128KiB\dickens.hz2""","""E:\MIXER\hybridzip\build\Release\hybridzip.exe"" d ""E:\MIXER\hybridzip\results\experiments\hybridzip-r2-e6-fast-full-20260828-retry1\children\hybridzip-r2-e6-fast-full-20260828-retry1-fast-b128-r0\archives\128KiB\dickens.hz2"" ""E:\MIXER\hybridzip\results\experiments\hybridzip-r2-e6-fast-full-20260828-retry1\children\hybridzip-r2-e6-fast-full-20260828-retry1-fast-b128-r0\decoded\128KiB\dickens.decoded""","0","0","2026-08-28T02:38:51.5085878+08:00","COMPLETE","PASS","zstd=1","Complete R2 archive size; SHA-256 byte-exact roundtrip verified."
"e6-fast","fast","128","0","True","0","0","none","hybridzip-r2-e6-fast-full-20260828-retry1-fast-b128-r0","r2-fast","1","4","mozilla","32","inputs/32KiB/mozilla.bin","32768","9DDEEF36CA0CA55B72FE3376D005926DFF3400A2ADE6EAE18482D8017D8645DB","archives/32KiB/mozilla.hz2","11272","3BB03E188B30B8B1CD5D51CA2785A9F57B7D0B2097FCAA1DAD26A476378ACF3A","decoded/32KiB/mozilla.decoded","32768","9DDEEF36CA0CA55B72FE3376D005926DFF3400A2ADE6EAE18482D8017D8645DB","0.0441722","0.0472445","2.02734375","2.02734375","2.02734375","E65526F9DFF3F93844E004D63C7B2A4E4F219B5EAB3F1B3D3ABCF0B301F65003","profile_id=2;mode=fast;block_size=131072;zstd_level=3;lzma_level=9;threads=1;process_timeout_seconds=3600","""E:\MIXER\hybridzip\build\Release\hybridzip.exe"" c --profile=r2 --r2-mode=fast --block-size=131072 --zstd-level=3 ""E:\MIXER\hybridzip\results\experiments\hybridzip-r2-e6-fast-full-20260828-retry1\children\hybridzip-r2-e6-fast-full-20260828-retry1-fast-b128-r0\inputs\32KiB\mozilla.bin"" ""E:\MIXER\hybridzip\results\experiments\hybridzip-r2-e6-fast-full-20260828-retry1\children\hybridzip-r2-e6-fast-full-20260828-retry1-fast-b128-r0\archives\32KiB\mozilla.hz2""","""E:\MIXER\hybridzip\build\Release\hybridzip.exe"" d ""E:\MIXER\hybridzip\results\experiments\hybridzip-r2-e6-fast-full-20260828-retry1\children\hybridzip-r2-e6-fast-full-20260828-retry1-fast-b128-r0\archives\32KiB\mozilla.hz2"" ""E:\MIXER\hybridzip\results\experiments\hybridzip-r2-e6-fast-full-20260828-retry1\children\hybridzip-r2-e6-fast-full-20260828-retry1-fast-b128-r0\decoded\32KiB\mozilla.decoded""","0","0","2026-08-28T02:38:51.6657745+08:00","COMPLETE","PASS","zstd=1","Complete R2 archive size; SHA-256 byte-exact roundtrip verified."
"e6-fast","fast","128","0","True","0","0","none","hybridzip-r2-e6-fast-full-20260828-retry1-fast-b128-r0","r2-fast","1","5","mozilla","64","inputs/64KiB/mozilla.bin","65536","B0050240663F54371D372303EEABA0A59AB0758BCD565F4F639D06561E6BC996","archives/64KiB/mozilla.hz2","15985","C59415F0E8620E2CDC5BF63E665959C05FF22F638D1E3D038FF8A9B308F47FD6","decoded/64KiB/mozilla.decoded","65536","B0050240663F54371D372303EEABA0A59AB0758BCD565F4F639D06561E6BC996","0.0431758","0.047675","2.02734375","4.046875","4.046875","E65526F9DFF3F93844E004D63C7B2A4E4F219B5EAB3F1B3D3ABCF0B301F65003","profile_id=2;mode=fast;block_size=131072;zstd_level=3;lzma_level=9;threads=1;process_timeout_seconds=3600","""E:\MIXER\hybridzip\build\Release\hybridzip.exe"" c --profile=r2 --r2-mode=fast --block-size=131072 --zstd-level=3 ""E:\MIXER\hybridzip\results\experiments\hybridzip-r2-e6-fast-full-20260828-retry1\children\hybridzip-r2-e6-fast-full-20260828-retry1-fast-b128-r0\inputs\64KiB\mozilla.bin"" ""E:\MIXER\hybridzip\results\experiments\hybridzip-r2-e6-fast-full-20260828-retry1\children\hybridzip-r2-e6-fast-full-20260828-retry1-fast-b128-r0\archives\64KiB\mozilla.hz2""","""E:\MIXER\hybridzip\build\Release\hybridzip.exe"" d ""E:\MIXER\hybridzip\results\experiments\hybridzip-r2-e6-fast-full-20260828-retry1\children\hybridzip-r2-e6-fast-full-20260828-retry1-fast-b128-r0\archives\64KiB\mozilla.hz2"" ""E:\MIXER\hybridzip\results\experiments\hybridzip-r2-e6-fast-full-20260828-retry1\children\hybridzip-r2-e6-fast-full-20260828-retry1-fast-b128-r0\decoded\64KiB\mozilla.decoded""","0","0","2026-08-28T02:38:51.8229302+08:00","COMPLETE","PASS","zstd=1","Complete R2 archive size; SHA-256 byte-exact roundtrip verified."
"e6-fast","fast","128","0","True","0","0","none","hybridzip-r2-e6-fast-full-20260828-retry1-fast-b128-r0","r2-fast","1","6","mozilla","128","inputs/128KiB/mozilla.bin","131072","85CDBEA98382DB12E9A21FF90E1907452712D074000A6B855D2CA215FA591EB4","archives/128KiB/mozilla.hz2","21364","87FD10D687B2333F5057784A02760999AB08AA3084AD7FCC8B3454C07946F644","decoded/128KiB/mozilla.decoded","131072","85CDBEA98382DB12E9A21FF90E1907452712D074000A6B855D2CA215FA591EB4","0.0483913","0.0456498","2.02734375","2.39453125","2.39453125","E65526F9DFF3F93844E004D63C7B2A4E4F219B5EAB3F1B3D3ABCF0B301F65003","profile_id=2;mode=fast;block_size=131072;zstd_level=3;lzma_level=9;threads=1;process_timeout_seconds=3600","""E:\MIXER\hybridzip\build\Release\hybridzip.exe"" c --profile=r2 --r2-mode=fast --block-size=131072 --zstd-level=3 ""E:\MIXER\hybridzip\results\experiments\hybridzip-r2-e6-fast-full-20260828-retry1\children\hybridzip-r2-e6-fast-full-20260828-retry1-fast-b128-r0\inputs\128KiB\mozilla.bin"" ""E:\MIXER\hybridzip\results\experiments\hybridzip-r2-e6-fast-full-20260828-retry1\children\hybridzip-r2-e6-fast-full-20260828-retry1-fast-b128-r0\archives\128KiB\mozilla.hz2""","""E:\MIXER\hybridzip\build\Release\hybridzip.exe"" d ""E:\MIXER\hybridzip\results\experiments\hybridzip-r2-e6-fast-full-20260828-retry1\children\hybridzip-r2-e6-fast-full-20260828-retry1-fast-b128-r0\archives\128KiB\mozilla.hz2"" ""E:\MIXER\hybridzip\results\experiments\hybridzip-r2-e6-fast-full-20260828-retry1\children\hybridzip-r2-e6-fast-full-20260828-retry1-fast-b128-r0\decoded\128KiB\mozilla.decoded""","0","0","2026-08-28T02:38:51.9772010+08:00","COMPLETE","PASS","zstd=1","Complete R2 archive size; SHA-256 byte-exact roundtrip verified."
"e6-fast","fast","128","0","True","0","0","none","hybridzip-r2-e6-fast-full-20260828-retry1-fast-b128-r0","r2-fast","1","7","mr","32","inputs/32KiB/mr.bin","32768","3BB287B0AF65F777AB00C14E362B4D1962087260556001BBEE0689AA10D9F76A","archives/32KiB/mr.hz2","8875","E4A3B3DA2CBA627AB48B73829C94415E072251701388DF1DFC55BCBC2549B667","decoded/32KiB/mr.decoded","32768","3BB287B0AF65F777AB00C14E362B4D1962087260556001BBEE0689AA10D9F76A","0.0565385","0.0477309","2.02734375","3.22265625","3.22265625","E65526F9DFF3F93844E004D63C7B2A4E4F219B5EAB3F1B3D3ABCF0B301F65003","profile_id=2;mode=fast;block_size=131072;zstd_level=3;lzma_level=9;threads=1;process_timeout_seconds=3600","""E:\MIXER\hybridzip\build\Release\hybridzip.exe"" c --profile=r2 --r2-mode=fast --block-size=131072 --zstd-level=3 ""E:\MIXER\hybridzip\results\experiments\hybridzip-r2-e6-fast-full-20260828-retry1\children\hybridzip-r2-e6-fast-full-20260828-retry1-fast-b128-r0\inputs\32KiB\mr.bin"" ""E:\MIXER\hybridzip\results\experiments\hybridzip-r2-e6-fast-full-20260828-retry1\children\hybridzip-r2-e6-fast-full-20260828-retry1-fast-b128-r0\archives\32KiB\mr.hz2""","""E:\MIXER\hybridzip\build\Release\hybridzip.exe"" d ""E:\MIXER\hybridzip\results\experiments\hybridzip-r2-e6-fast-full-20260828-retry1\children\hybridzip-r2-e6-fast-full-20260828-retry1-fast-b128-r0\archives\32KiB\mr.hz2"" ""E:\MIXER\hybridzip\results\experiments\hybridzip-r2-e6-fast-full-20260828-retry1\children\hybridzip-r2-e6-fast-full-20260828-retry1-fast-b128-r0\decoded\32KiB\mr.decoded""","0","0","2026-08-28T02:38:52.1355315+08:00","COMPLETE","PASS","zstd=1","Complete R2 archive size; SHA-256 byte-exact roundtrip verified."
"e6-fast","fast","128","0","True","0","0","none","hybridzip-r2-e6-fast-full-20260828-retry1-fast-b128-r0","r2-fast","1","8","mr","64","inputs/64KiB/mr.bin","65536","CAB7B6408934009A4BBFEDB57BEB4943BF5478CF8B3688D01F004E0422EBC651","archives/64KiB/mr.hz2","17591","EB68A4F098C05EE5C8E585FE0228F71639DE861FDB6927710FB2917355BE8D9B","decoded/64KiB/mr.decoded","65536","CAB7B6408934009A4BBFEDB57BEB4943BF5478CF8B3688D01F004E0422EBC651","0.0452691","0.0502895","2.02734375","4.50390625","4.50390625","E65526F9DFF3F93844E004D63C7B2A4E4F219B5EAB3F1B3D3ABCF0B301F65003","profile_id=2;mode=fast;block_size=131072;zstd_level=3;lzma_level=9;threads=1;process_timeout_seconds=3600","""E:\MIXER\hybridzip\build\Release\hybridzip.exe"" c --profile=r2 --r2-mode=fast --block-size=131072 --zstd-level=3 ""E:\MIXER\hybridzip\results\experiments\hybridzip-r2-e6-fast-full-20260828-retry1\children\hybridzip-r2-e6-fast-full-20260828-retry1-fast-b128-r0\inputs\64KiB\mr.bin"" ""E:\MIXER\hybridzip\results\experiments\hybridzip-r2-e6-fast-full-20260828-retry1\children\hybridzip-r2-e6-fast-full-20260828-retry1-fast-b128-r0\archives\64KiB\mr.hz2""","""E:\MIXER\hybridzip\build\Release\hybridzip.exe"" d ""E:\MIXER\hybridzip\results\experiments\hybridzip-r2-e6-fast-full-20260828-retry1\children\hybridzip-r2-e6-fast-full-20260828-retry1-fast-b128-r0\archives\64KiB\mr.hz2"" ""E:\MIXER\hybridzip\results\experiments\hybridzip-r2-e6-fast-full-20260828-retry1\children\hybridzip-r2-e6-fast-full-20260828-retry1-fast-b128-r0\decoded\64KiB\mr.decoded""","0","0","2026-08-28T02:38:52.3060103+08:00","COMPLETE","PASS","zstd=1","Complete R2 archive size; SHA-256 byte-exact roundtrip verified."
"e6-fast","fast","128","0","True","0","0","none","hybridzip-r2-e6-fast-full-20260828-retry1-fast-b128-r0","r2-fast","1","9","mr","128","inputs/128KiB/mr.bin","131072","473A6A883480C7B2E69402AD888AC07B347C2DF61C6AA0D84E8B8130A27792EA","archives/128KiB/mr.hz2","34068","8490E4B2279CF2C3302397236372E25C02F387E930A5B52C55D732E650BE5FAF","decoded/128KiB/mr.decoded","131072","473A6A883480C7B2E69402AD888AC07B347C2DF61C6AA0D84E8B8130A27792EA","0.0583392","0.0475805","2.0234375","4.5703125","4.5703125","E65526F9DFF3F93844E004D63C7B2A4E4F219B5EAB3F1B3D3ABCF0B301F65003","profile_id=2;mode=fast;block_size=131072;zstd_level=3;lzma_level=9;threads=1;process_timeout_seconds=3600","""E:\MIXER\hybridzip\build\Release\hybridzip.exe"" c --profile=r2 --r2-mode=fast --block-size=131072 --zstd-level=3 ""E:\MIXER\hybridzip\results\experiments\hybridzip-r2-e6-fast-full-20260828-retry1\children\hybridzip-r2-e6-fast-full-20260828-retry1-fast-b128-r0\inputs\128KiB\mr.bin"" ""E:\MIXER\hybridzip\results\experiments\hybridzip-r2-e6-fast-full-20260828-retry1\children\hybridzip-r2-e6-fast-full-20260828-retry1-fast-b128-r0\archives\128KiB\mr.hz2""","""E:\MIXER\hybridzip\build\Release\hybridzip.exe"" d ""E:\MIXER\hybridzip\results\experiments\hybridzip-r2-e6-fast-full-20260828-retry1\children\hybridzip-r2-e6-fast-full-20260828-retry1-fast-b128-r0\archives\128KiB\mr.hz2"" ""E:\MIXER\hybridzip\results\experiments\hybridzip-r2-e6-fast-full-20260828-retry1\children\hybridzip-r2-e6-fast-full-20260828-retry1-fast-b128-r0\decoded\128KiB\mr.decoded""","0","0","2026-08-28T02:38:52.4643853+08:00","COMPLETE","PASS","zstd=1","Complete R2 archive size; SHA-256 byte-exact roundtrip verified."
"e6-fast","fast","128","0","True","0","0","none","hybridzip-r2-e6-fast-full-20260828-retry1-fast-b128-r0","r2-fast","1","10","nci","32","inputs/32KiB/nci.bin","32768","0D3034FE8B0E573DE1439ED98CE409B83B13E5895085C9BFB0BF980F4962FB79","archives/32KiB/nci.hz2","3102","443B113655BA2DB5A81951154F64E0605D17E1E5745B1B4D1DCB7E6A304E4A37","decoded/32KiB/nci.decoded","32768","0D3034FE8B0E573DE1439ED98CE409B83B13E5895085C9BFB0BF980F4962FB79","0.0402687","0.0486056","2.02734375","4.45703125","4.45703125","E65526F9DFF3F93844E004D63C7B2A4E4F219B5EAB3F1B3D3ABCF0B301F65003","profile_id=2;mode=fast;block_size=131072;zstd_level=3;lzma_level=9;threads=1;process_timeout_seconds=3600","""E:\MIXER\hybridzip\build\Release\hybridzip.exe"" c --profile=r2 --r2-mode=fast --block-size=131072 --zstd-level=3 ""E:\MIXER\hybridzip\results\experiments\hybridzip-r2-e6-fast-full-20260828-retry1\children\hybridzip-r2-e6-fast-full-20260828-retry1-fast-b128-r0\inputs\32KiB\nci.bin"" ""E:\MIXER\hybridzip\results\experiments\hybridzip-r2-e6-fast-full-20260828-retry1\children\hybridzip-r2-e6-fast-full-20260828-retry1-fast-b128-r0\archives\32KiB\nci.hz2""","""E:\MIXER\hybridzip\build\Release\hybridzip.exe"" d ""E:\MIXER\hybridzip\results\experiments\hybridzip-r2-e6-fast-full-20260828-retry1\children\hybridzip-r2-e6-fast-full-20260828-retry1-fast-b128-r0\archives\32KiB\nci.hz2"" ""E:\MIXER\hybridzip\results\experiments\hybridzip-r2-e6-fast-full-20260828-retry1\children\hybridzip-r2-e6-fast-full-20260828-retry1-fast-b128-r0\decoded\32KiB\nci.decoded""","0","0","2026-08-28T02:38:52.6368721+08:00","COMPLETE","PASS","zstd=1","Complete R2 archive size; SHA-256 byte-exact roundtrip verified."
"e6-fast","fast","128","0","True","0","0","none","hybridzip-r2-e6-fast-full-20260828-retry1-fast-b128-r0","r2-fast","1","11","nci","64","inputs/64KiB/nci.bin","65536","B01B411AC3B5CE2FBF37242C0C59D2D236D2F7039937C1B1A0F18F4CC02549FE","archives/64KiB/nci.hz2","5294","E4E3AA0265B6A36DA35D9F9F03708E58C7CE2AB951DEAACB0080CD4FF3D9EE18","decoded/64KiB/nci.decoded","65536","B01B411AC3B5CE2FBF37242C0C59D2D236D2F7039937C1B1A0F18F4CC02549FE","0.0447388","0.0503867","2.02734375","2.02734375","2.02734375","E65526F9DFF3F93844E004D63C7B2A4E4F219B5EAB3F1B3D3ABCF0B301F65003","profile_id=2;mode=fast;block_size=131072;zstd_level=3;lzma_level=9;threads=1;process_timeout_seconds=3600","""E:\MIXER\hybridzip\build\Release\hybridzip.exe"" c --profile=r2 --r2-mode=fast --block-size=131072 --zstd-level=3 ""E:\MIXER\hybridzip\results\experiments\hybridzip-r2-e6-fast-full-20260828-retry1\children\hybridzip-r2-e6-fast-full-20260828-retry1-fast-b128-r0\inputs\64KiB\nci.bin"" ""E:\MIXER\hybridzip\results\experiments\hybridzip-r2-e6-fast-full-20260828-retry1\children\hybridzip-r2-e6-fast-full-20260828-retry1-fast-b128-r0\archives\64KiB\nci.hz2""","""E:\MIXER\hybridzip\build\Release\hybridzip.exe"" d ""E:\MIXER\hybridzip\results\experiments\hybridzip-r2-e6-fast-full-20260828-retry1\children\hybridzip-r2-e6-fast-full-20260828-retry1-fast-b128-r0\archives\64KiB\nci.hz2"" ""E:\MIXER\hybridzip\results\experiments\hybridzip-r2-e6-fast-full-20260828-retry1\children\hybridzip-r2-e6-fast-full-20260828-retry1-fast-b128-r0\decoded\64KiB\nci.decoded""","0","0","2026-08-28T02:38:52.7908745+08:00","COMPLETE","PASS","zstd=1","Complete R2 archive size; SHA-256 byte-exact roundtrip verified."
"e6-fast","fast","128","0","True","0","0","none","hybridzip-r2-e6-fast-full-20260828-retry1-fast-b128-r0","r2-fast","1","12","nci","128","inputs/128KiB/nci.bin","131072","C8A1D610355E5EF900ED4C704DF14ADF1935D95DFD8F1740AC9FD90FC9BF5781","archives/128KiB/nci.hz2","11268","3C147EFAEDD4A98442B6ADF65A3B61C40FEE75A1BC2B37921F2BF202BE801CC5","decoded/128KiB/nci.decoded","131072","C8A1D610355E5EF900ED4C704DF14ADF1935D95DFD8F1740AC9FD90FC9BF5781","0.047157","0.0439471","2.02734375","2.02734375","2.02734375","E65526F9DFF3F93844E004D63C7B2A4E4F219B5EAB3F1B3D3ABCF0B301F65003","profile_id=2;mode=fast;block_size=131072;zstd_level=3;lzma_level=9;threads=1;process_timeout_seconds=3600","""E:\MIXER\hybridzip\build\Release\hybridzip.exe"" c --profile=r2 --r2-mode=fast --block-size=131072 --zstd-level=3 ""E:\MIXER\hybridzip\results\experiments\hybridzip-r2-e6-fast-full-20260828-retry1\children\hybridzip-r2-e6-fast-full-20260828-retry1-fast-b128-r0\inputs\128KiB\nci.bin"" ""E:\MIXER\hybridzip\results\experiments\hybridzip-r2-e6-fast-full-20260828-retry1\children\hybridzip-r2-e6-fast-full-20260828-retry1-fast-b128-r0\archives\128KiB\nci.hz2""","""E:\MIXER\hybridzip\build\Release\hybridzip.exe"" d ""E:\MIXER\hybridzip\results\experiments\hybridzip-r2-e6-fast-full-20260828-retry1\children\hybridzip-r2-e6-fast-full-20260828-retry1-fast-b128-r0\archives\128KiB\nci.hz2"" ""E:\MIXER\hybridzip\results\experiments\hybridzip-r2-e6-fast-full-20260828-retry1\children\hybridzip-r2-e6-fast-full-20260828-retry1-fast-b128-r0\decoded\128KiB\nci.decoded""","0","0","2026-08-28T02:38:52.9503006+08:00","COMPLETE","PASS","zstd=1","Complete R2 archive size; SHA-256 byte-exact roundtrip verified."
"e6-fast","fast","128","0","True","0","0","none","hybridzip-r2-e6-fast-full-20260828-retry1-fast-b128-r0","r2-fast","1","13","ooffice","32","inputs/32KiB/ooffice.bin","32768","2ACF9B4CAAEAC5814CDFEF0FA48A5ECE857C847DBDB7B44EEAB95CA3C098921C","archives/32KiB/ooffice.hz2","14873","FFFC0F96DB39FB6AEA0EB7F90BBCB9345D8D9CC1FFE9965B08A36BE31DBADED4","decoded/32KiB/ooffice.decoded","32768","2ACF9B4CAAEAC5814CDFEF0FA48A5ECE857C847DBDB7B44EEAB95CA3C098921C","0.0413036","0.0469469","2.02734375","4.46875","4.46875","E65526F9DFF3F93844E004D63C7B2A4E4F219B5EAB3F1B3D3ABCF0B301F65003","profile_id=2;mode=fast;block_size=131072;zstd_level=3;lzma_level=9;threads=1;process_timeout_seconds=3600","""E:\MIXER\hybridzip\build\Release\hybridzip.exe"" c --profile=r2 --r2-mode=fast --block-size=131072 --zstd-level=3 ""E:\MIXER\hybridzip\results\experiments\hybridzip-r2-e6-fast-full-20260828-retry1\children\hybridzip-r2-e6-fast-full-20260828-retry1-fast-b128-r0\inputs\32KiB\ooffice.bin"" ""E:\MIXER\hybridzip\results\experiments\hybridzip-r2-e6-fast-full-20260828-retry1\children\hybridzip-r2-e6-fast-full-20260828-retry1-fast-b128-r0\archives\32KiB\ooffice.hz2""","""E:\MIXER\hybridzip\build\Release\hybridzip.exe"" d ""E:\MIXER\hybridzip\results\experiments\hybridzip-r2-e6-fast-full-20260828-retry1\children\hybridzip-r2-e6-fast-full-20260828-retry1-fast-b128-r0\archives\32KiB\ooffice.hz2"" ""E:\MIXER\hybridzip\results\experiments\hybridzip-r2-e6-fast-full-20260828-retry1\children\hybridzip-r2-e6-fast-full-20260828-retry1-fast-b128-r0\decoded\32KiB\ooffice.decoded""","0","0","2026-08-28T02:38:53.1099491+08:00","COMPLETE","PASS","zstd=1","Complete R2 archive size; SHA-256 byte-exact roundtrip verified."
"e6-fast","fast","128","0","True","0","0","none","hybridzip-r2-e6-fast-full-20260828-retry1-fast-b128-r0","r2-fast","1","14","ooffice","64","inputs/64KiB/ooffice.bin","65536","9D30521922187D0A26F56CF2DF85001F9585D0D4EC6A0A8797466AFCC367F825","archives/64KiB/ooffice.hz2","34284","51A2829A908BCA425C4FB0CB720D5C32CEED33788C312294963F9A52B691742E","decoded/64KiB/ooffice.decoded","65536","9D30521922187D0A26F56CF2DF85001F9585D0D4EC6A0A8797466AFCC367F825","0.0391863","0.0477115","2.02734375","4.5546875","4.5546875","E65526F9DFF3F93844E004D63C7B2A4E4F219B5EAB3F1B3D3ABCF0B301F65003","profile_id=2;mode=fast;block_size=131072;zstd_level=3;lzma_level=9;threads=1;process_timeout_seconds=3600","""E:\MIXER\hybridzip\build\Release\hybridzip.exe"" c --profile=r2 --r2-mode=fast --block-size=131072 --zstd-level=3 ""E:\MIXER\hybridzip\results\experiments\hybridzip-r2-e6-fast-full-20260828-retry1\children\hybridzip-r2-e6-fast-full-20260828-retry1-fast-b128-r0\inputs\64KiB\ooffice.bin"" ""E:\MIXER\hybridzip\results\experiments\hybridzip-r2-e6-fast-full-20260828-retry1\children\hybridzip-r2-e6-fast-full-20260828-retry1-fast-b128-r0\archives\64KiB\ooffice.hz2""","""E:\MIXER\hybridzip\build\Release\hybridzip.exe"" d ""E:\MIXER\hybridzip\results\experiments\hybridzip-r2-e6-fast-full-20260828-retry1\children\hybridzip-r2-e6-fast-full-20260828-retry1-fast-b128-r0\archives\64KiB\ooffice.hz2"" ""E:\MIXER\hybridzip\results\experiments\hybridzip-r2-e6-fast-full-20260828-retry1\children\hybridzip-r2-e6-fast-full-20260828-retry1-fast-b128-r0\decoded\64KiB\ooffice.decoded""","0","0","2026-08-28T02:38:53.2809072+08:00","COMPLETE","PASS","zstd=1","Complete R2 archive size; SHA-256 byte-exact roundtrip verified."
"e6-fast","fast","128","0","True","0","0","none","hybridzip-r2-e6-fast-full-20260828-retry1-fast-b128-r0","r2-fast","1","15","ooffice","128","inputs/128KiB/ooffice.bin","131072","09FA5F3EE5311528863F8C3FADA3B530CC24AC1D88128E4DB2BF434161879FEF","archives/128KiB/ooffice.hz2","72249","387F7F2E6B96D1519168EFF132EA75B68BE57A8740E3D5A898879AD953391EB7","decoded/128KiB/ooffice.decoded","131072","09FA5F3EE5311528863F8C3FADA3B530CC24AC1D88128E4DB2BF434161879FEF","0.0396352","0.0436045","2.02734375","2.28515625","2.28515625","E65526F9DFF3F93844E004D63C7B2A4E4F219B5EAB3F1B3D3ABCF0B301F65003","profile_id=2;mode=fast;block_size=131072;zstd_level=3;lzma_level=9;threads=1;process_timeout_seconds=3600","""E:\MIXER\hybridzip\build\Release\hybridzip.exe"" c --profile=r2 --r2-mode=fast --block-size=131072 --zstd-level=3 ""E:\MIXER\hybridzip\results\experiments\hybridzip-r2-e6-fast-full-20260828-retry1\children\hybridzip-r2-e6-fast-full-20260828-retry1-fast-b128-r0\inputs\128KiB\ooffice.bin"" ""E:\MIXER\hybridzip\results\experiments\hybridzip-r2-e6-fast-full-20260828-retry1\children\hybridzip-r2-e6-fast-full-20260828-retry1-fast-b128-r0\archives\128KiB\ooffice.hz2""","""E:\MIXER\hybridzip\build\Release\hybridzip.exe"" d ""E:\MIXER\hybridzip\results\experiments\hybridzip-r2-e6-fast-full-20260828-retry1\children\hybridzip-r2-e6-fast-full-20260828-retry1-fast-b128-r0\archives\128KiB\ooffice.hz2"" ""E:\MIXER\hybridzip\results\experiments\hybridzip-r2-e6-fast-full-20260828-retry1\children\hybridzip-r2-e6-fast-full-20260828-retry1-fast-b128-r0\decoded\128KiB\ooffice.decoded""","0","0","2026-08-28T02:38:53.4524074+08:00","COMPLETE","PASS","zstd=1","Complete R2 archive size; SHA-256 byte-exact roundtrip verified."
"e6-fast","fast","128","0","True","0","0","none","hybridzip-r2-e6-fast-full-20260828-retry1-fast-b128-r0","r2-fast","1","16","osdb","32","inputs/32KiB/osdb.bin","32768","03B2C20B777682CD960BCD893D7A4463161D9C0200FD1708B2EFAE32A259D0B7","archives/32KiB/osdb.hz2","15697","D277689F1E1A3429E5461613F1BAB79DAE6EB59DA2650E2DDE4A1ADA36C563CF","decoded/32KiB/osdb.decoded","32768","03B2C20B777682CD960BCD893D7A4463161D9C0200FD1708B2EFAE32A259D0B7","0.0385061","0.0495112","2.02734375","4.5","4.5","E65526F9DFF3F93844E004D63C7B2A4E4F219B5EAB3F1B3D3ABCF0B301F65003","profile_id=2;mode=fast;block_size=131072;zstd_level=3;lzma_level=9;threads=1;process_timeout_seconds=3600","""E:\MIXER\hybridzip\build\Release\hybridzip.exe"" c --profile=r2 --r2-mode=fast --block-size=131072 --zstd-level=3 ""E:\MIXER\hybridzip\results\experiments\hybridzip-r2-e6-fast-full-20260828-retry1\children\hybridzip-r2-e6-fast-full-20260828-retry1-fast-b128-r0\inputs\32KiB\osdb.bin"" ""E:\MIXER\hybridzip\results\experiments\hybridzip-r2-e6-fast-full-20260828-retry1\children\hybridzip-r2-e6-fast-full-20260828-retry1-fast-b128-r0\archives\32KiB\osdb.hz2""","""E:\MIXER\hybridzip\build\Release\hybridzip.exe"" d ""E:\MIXER\hybridzip\results\experiments\hybridzip-r2-e6-fast-full-20260828-retry1\children\hybridzip-r2-e6-fast-full-20260828-retry1-fast-b128-r0\archives\32KiB\osdb.hz2"" ""E:\MIXER\hybridzip\results\experiments\hybridzip-r2-e6-fast-full-20260828-retry1\children\hybridzip-r2-e6-fast-full-20260828-retry1-fast-b128-r0\decoded\32KiB\osdb.decoded""","0","0","2026-08-28T02:38:53.6271388+08:00","COMPLETE","PASS","zstd=1","Complete R2 archive size; SHA-256 byte-exact roundtrip verified."
"e6-fast","fast","128","0","True","0","0","none","hybridzip-r2-e6-fast-full-20260828-retry1-fast-b128-r0","r2-fast","1","17","osdb","64","inputs/64KiB/osdb.bin","65536","F8FE629325A07588118BA0B65880A87DED43EF249CCBC91F0E977BBACAE0C125","archives/64KiB/osdb.hz2","27356","231783C9AE9D539E88CC7F7825EFF5B9AB5B117C0114902BFB676CB8EC04A912","decoded/64KiB/osdb.decoded","65536","F8FE629325A07588118BA0B65880A87DED43EF249CCBC91F0E977BBACAE0C125","0.0505663","0.0525722","2.125","2.02734375","2.125","E65526F9DFF3F93844E004D63C7B2A4E4F219B5EAB3F1B3D3ABCF0B301F65003","profile_id=2;mode=fast;block_size=131072;zstd_level=3;lzma_level=9;threads=1;process_timeout_seconds=3600","""E:\MIXER\hybridzip\build\Release\hybridzip.exe"" c --profile=r2 --r2-mode=fast --block-size=131072 --zstd-level=3 ""E:\MIXER\hybridzip\results\experiments\hybridzip-r2-e6-fast-full-20260828-retry1\children\hybridzip-r2-e6-fast-full-20260828-retry1-fast-b128-r0\inputs\64KiB\osdb.bin"" ""E:\MIXER\hybridzip\results\experiments\hybridzip-r2-e6-fast-full-20260828-retry1\children\hybridzip-r2-e6-fast-full-20260828-retry1-fast-b128-r0\archives\64KiB\osdb.hz2""","""E:\MIXER\hybridzip\build\Release\hybridzip.exe"" d ""E:\MIXER\hybridzip\results\experiments\hybridzip-r2-e6-fast-full-20260828-retry1\children\hybridzip-r2-e6-fast-full-20260828-retry1-fast-b128-r0\archives\64KiB\osdb.hz2"" ""E:\MIXER\hybridzip\results\experiments\hybridzip-r2-e6-fast-full-20260828-retry1\children\hybridzip-r2-e6-fast-full-20260828-retry1-fast-b128-r0\decoded\64KiB\osdb.decoded""","0","0","2026-08-28T02:38:53.7787685+08:00","COMPLETE","PASS","zstd=1","Complete R2 archive size; SHA-256 byte-exact roundtrip verified."
"e6-fast","fast","128","0","True","0","0","none","hybridzip-r2-e6-fast-full-20260828-retry1-fast-b128-r0","r2-fast","1","18","osdb","128","inputs/128KiB/osdb.bin","131072","D977E72AE13AEFC36A4B6171A895E26A0E6EEE447B1B9FBE868D7B1C046CC91F","archives/128KiB/osdb.hz2","50368","58C9C1223298E9FC28BC03D3C11CA61968154871ADE825F9CB1F13B0F1882283","decoded/128KiB/osdb.decoded","131072","D977E72AE13AEFC36A4B6171A895E26A0E6EEE447B1B9FBE868D7B1C046CC91F","0.0479751","0.0430031","2.02734375","2.02734375","2.02734375","E65526F9DFF3F93844E004D63C7B2A4E4F219B5EAB3F1B3D3ABCF0B301F65003","profile_id=2;mode=fast;block_size=131072;zstd_level=3;lzma_level=9;threads=1;process_timeout_seconds=3600","""E:\MIXER\hybridzip\build\Release\hybridzip.exe"" c --profile=r2 --r2-mode=fast --block-size=131072 --zstd-level=3 ""E:\MIXER\hybridzip\results\experiments\hybridzip-r2-e6-fast-full-20260828-retry1\children\hybridzip-r2-e6-fast-full-20260828-retry1-fast-b128-r0\inputs\128KiB\osdb.bin"" ""E:\MIXER\hybridzip\results\experiments\hybridzip-r2-e6-fast-full-20260828-retry1\children\hybridzip-r2-e6-fast-full-20260828-retry1-fast-b128-r0\archives\128KiB\osdb.hz2""","""E:\MIXER\hybridzip\build\Release\hybridzip.exe"" d ""E:\MIXER\hybridzip\results\experiments\hybridzip-r2-e6-fast-full-20260828-retry1\children\hybridzip-r2-e6-fast-full-20260828-retry1-fast-b128-r0\archives\128KiB\osdb.hz2"" ""E:\MIXER\hybridzip\results\experiments\hybridzip-r2-e6-fast-full-20260828-retry1\children\hybridzip-r2-e6-fast-full-20260828-retry1-fast-b128-r0\decoded\128KiB\osdb.decoded""","0","0","2026-08-28T02:38:53.9529048+08:00","COMPLETE","PASS","zstd=1","Complete R2 archive size; SHA-256 byte-exact roundtrip verified."
"e6-fast","fast","128","0","True","0","0","none","hybridzip-r2-e6-fast-full-20260828-retry1-fast-b128-r0","r2-fast","1","19","reymont","32","inputs/32KiB/reymont.bin","32768","9D5E4B9340C2260DAE7DDB01B3EDA58236FF2DE5E1FF4D56767AA840B6FB1A87","archives/32KiB/reymont.hz2","10573","9E59A3CC9F4D4E3976CD42C686353C9AB1A02B800FF226B966A3557D1456F178","decoded/32KiB/reymont.decoded","32768","9D5E4B9340C2260DAE7DDB01B3EDA58236FF2DE5E1FF4D56767AA840B6FB1A87","0.053146","0.0477662","2.02734375","3.66015625","3.66015625","E65526F9DFF3F93844E004D63C7B2A4E4F219B5EAB3F1B3D3ABCF0B301F65003","profile_id=2;mode=fast;block_size=131072;zstd_level=3;lzma_level=9;threads=1;process_timeout_seconds=3600","""E:\MIXER\hybridzip\build\Release\hybridzip.exe"" c --profile=r2 --r2-mode=fast --block-size=131072 --zstd-level=3 ""E:\MIXER\hybridzip\results\experiments\hybridzip-r2-e6-fast-full-20260828-retry1\children\hybridzip-r2-e6-fast-full-20260828-retry1-fast-b128-r0\inputs\32KiB\reymont.bin"" ""E:\MIXER\hybridzip\results\experiments\hybridzip-r2-e6-fast-full-20260828-retry1\children\hybridzip-r2-e6-fast-full-20260828-retry1-fast-b128-r0\archives\32KiB\reymont.hz2""","""E:\MIXER\hybridzip\build\Release\hybridzip.exe"" d ""E:\MIXER\hybridzip\results\experiments\hybridzip-r2-e6-fast-full-20260828-retry1\children\hybridzip-r2-e6-fast-full-20260828-retry1-fast-b128-r0\archives\32KiB\reymont.hz2"" ""E:\MIXER\hybridzip\results\experiments\hybridzip-r2-e6-fast-full-20260828-retry1\children\hybridzip-r2-e6-fast-full-20260828-retry1-fast-b128-r0\decoded\32KiB\reymont.decoded""","0","0","2026-08-28T02:38:54.1104548+08:00","COMPLETE","PASS","zstd=1","Complete R2 archive size; SHA-256 byte-exact roundtrip verified."
"e6-fast","fast","128","0","True","0","0","none","hybridzip-r2-e6-fast-full-20260828-retry1-fast-b128-r0","r2-fast","1","20","reymont","64","inputs/64KiB/reymont.bin","65536","A5ECAAABB133F1ADF8DE6062BE6381D143E87F9F8050EEA9B5BE6F92B88C3C22","archives/64KiB/reymont.hz2","20575","57285E7982646F44B3B885226D45014EA98515D265E3FE4ACCB8280086AEA74B","decoded/64KiB/reymont.decoded","65536","A5ECAAABB133F1ADF8DE6062BE6381D143E87F9F8050EEA9B5BE6F92B88C3C22","0.0498472","0.0487073","5.13671875","4.2421875","5.13671875","E65526F9DFF3F93844E004D63C7B2A4E4F219B5EAB3F1B3D3ABCF0B301F65003","profile_id=2;mode=fast;block_size=131072;zstd_level=3;lzma_level=9;threads=1;process_timeout_seconds=3600","""E:\MIXER\hybridzip\build\Release\hybridzip.exe"" c --profile=r2 --r2-mode=fast --block-size=131072 --zstd-level=3 ""E:\MIXER\hybridzip\results\experiments\hybridzip-r2-e6-fast-full-20260828-retry1\children\hybridzip-r2-e6-fast-full-20260828-retry1-fast-b128-r0\inputs\64KiB\reymont.bin"" ""E:\MIXER\hybridzip\results\experiments\hybridzip-r2-e6-fast-full-20260828-retry1\children\hybridzip-r2-e6-fast-full-20260828-retry1-fast-b128-r0\archives\64KiB\reymont.hz2""","""E:\MIXER\hybridzip\build\Release\hybridzip.exe"" d ""E:\MIXER\hybridzip\results\experiments\hybridzip-r2-e6-fast-full-20260828-retry1\children\hybridzip-r2-e6-fast-full-20260828-retry1-fast-b128-r0\archives\64KiB\reymont.hz2"" ""E:\MIXER\hybridzip\results\experiments\hybridzip-r2-e6-fast-full-20260828-retry1\children\hybridzip-r2-e6-fast-full-20260828-retry1-fast-b128-r0\decoded\64KiB\reymont.decoded""","0","0","2026-08-28T02:38:54.2827679+08:00","COMPLETE","PASS","zstd=1","Complete R2 archive size; SHA-256 byte-exact roundtrip verified."
"e6-fast","fast","128","0","True","0","0","none","hybridzip-r2-e6-fast-full-20260828-retry1-fast-b128-r0","r2-fast","1","21","reymont","128","inputs/128KiB/reymont.bin","131072","A6CA7478854C1E80DFEAF9FB3444B357F9D7625E55232FAE3B3632A5A1217DEA","archives/128KiB/reymont.hz2","40443","C036491CB7C40963F23DEE49D664635246CC83F3B5982E91961E4E30BB6CB492","decoded/128KiB/reymont.decoded","131072","A6CA7478854C1E80DFEAF9FB3444B357F9D7625E55232FAE3B3632A5A1217DEA","0.0421505","0.0423532","2.02734375","2.02734375","2.02734375","E65526F9DFF3F93844E004D63C7B2A4E4F219B5EAB3F1B3D3ABCF0B301F65003","profile_id=2;mode=fast;block_size=131072;zstd_level=3;lzma_level=9;threads=1;process_timeout_seconds=3600","""E:\MIXER\hybridzip\build\Release\hybridzip.exe"" c --profile=r2 --r2-mode=fast --block-size=131072 --zstd-level=3 ""E:\MIXER\hybridzip\results\experiments\hybridzip-r2-e6-fast-full-20260828-retry1\children\hybridzip-r2-e6-fast-full-20260828-retry1-fast-b128-r0\inputs\128KiB\reymont.bin"" ""E:\MIXER\hybridzip\results\experiments\hybridzip-r2-e6-fast-full-20260828-retry1\children\hybridzip-r2-e6-fast-full-20260828-retry1-fast-b128-r0\archives\128KiB\reymont.hz2""","""E:\MIXER\hybridzip\build\Release\hybridzip.exe"" d ""E:\MIXER\hybridzip\results\experiments\hybridzip-r2-e6-fast-full-20260828-retry1\children\hybridzip-r2-e6-fast-full-20260828-retry1-fast-b128-r0\archives\128KiB\reymont.hz2"" ""E:\MIXER\hybridzip\results\experiments\hybridzip-r2-e6-fast-full-20260828-retry1\children\hybridzip-r2-e6-fast-full-20260828-retry1-fast-b128-r0\decoded\128KiB\reymont.decoded""","0","0","2026-08-28T02:38:54.4510094+08:00","COMPLETE","PASS","zstd=1","Complete R2 archive size; SHA-256 byte-exact roundtrip verified."
"e6-fast","fast","128","0","True","0","0","none","hybridzip-r2-e6-fast-full-20260828-retry1-fast-b128-r0","r2-fast","1","22","samba","32","inputs/32KiB/samba.bin","32768","9C4F5BEE544E4531E4946E62F796987418B4526911C34877EF282F14DD57AD12","archives/32KiB/samba.hz2","11947","A8C4B07E7AA03D14EFD4BCD0A2CD1C19BF70C84E984AF81886E9EB9EB4342E79","decoded/32KiB/samba.decoded","32768","9C4F5BEE544E4531E4946E62F796987418B4526911C34877EF282F14DD57AD12","0.0411019","0.0492817","2.02734375","4.2578125","4.2578125","E65526F9DFF3F93844E004D63C7B2A4E4F219B5EAB3F1B3D3ABCF0B301F65003","profile_id=2;mode=fast;block_size=131072;zstd_level=3;lzma_level=9;threads=1;process_timeout_seconds=3600","""E:\MIXER\hybridzip\build\Release\hybridzip.exe"" c --profile=r2 --r2-mode=fast --block-size=131072 --zstd-level=3 ""E:\MIXER\hybridzip\results\experiments\hybridzip-r2-e6-fast-full-20260828-retry1\children\hybridzip-r2-e6-fast-full-20260828-retry1-fast-b128-r0\inputs\32KiB\samba.bin"" ""E:\MIXER\hybridzip\results\experiments\hybridzip-r2-e6-fast-full-20260828-retry1\children\hybridzip-r2-e6-fast-full-20260828-retry1-fast-b128-r0\archives\32KiB\samba.hz2""","""E:\MIXER\hybridzip\build\Release\hybridzip.exe"" d ""E:\MIXER\hybridzip\results\experiments\hybridzip-r2-e6-fast-full-20260828-retry1\children\hybridzip-r2-e6-fast-full-20260828-retry1-fast-b128-r0\archives\32KiB\samba.hz2"" ""E:\MIXER\hybridzip\results\experiments\hybridzip-r2-e6-fast-full-20260828-retry1\children\hybridzip-r2-e6-fast-full-20260828-retry1-fast-b128-r0\decoded\32KiB\samba.decoded""","0","0","2026-08-28T02:38:54.6100568+08:00","COMPLETE","PASS","zstd=1","Complete R2 archive size; SHA-256 byte-exact roundtrip verified."
"e6-fast","fast","128","0","True","0","0","none","hybridzip-r2-e6-fast-full-20260828-retry1-fast-b128-r0","r2-fast","1","23","samba","64","inputs/64KiB/samba.bin","65536","3E0420984C0F260EA7350734600CEA9D8500B745E2E4B7DBD4D1DA1D1ADAC421","archives/64KiB/samba.hz2","23329","FA0E3DCCADA67868F221F9C0EF13E9BCF278AF14EF428CF19783B0C9B3739D60","decoded/64KiB/samba.decoded","65536","3E0420984C0F260EA7350734600CEA9D8500B745E2E4B7DBD4D1DA1D1ADAC421","0.0413131","0.0479462","2.02734375","4.5078125","4.5078125","E65526F9DFF3F93844E004D63C7B2A4E4F219B5EAB3F1B3D3ABCF0B301F65003","profile_id=2;mode=fast;block_size=131072;zstd_level=3;lzma_level=9;threads=1;process_timeout_seconds=3600","""E:\MIXER\hybridzip\build\Release\hybridzip.exe"" c --profile=r2 --r2-mode=fast --block-size=131072 --zstd-level=3 ""E:\MIXER\hybridzip\results\experiments\hybridzip-r2-e6-fast-full-20260828-retry1\children\hybridzip-r2-e6-fast-full-20260828-retry1-fast-b128-r0\inputs\64KiB\samba.bin"" ""E:\MIXER\hybridzip\results\experiments\hybridzip-r2-e6-fast-full-20260828-retry1\children\hybridzip-r2-e6-fast-full-20260828-retry1-fast-b128-r0\archives\64KiB\samba.hz2""","""E:\MIXER\hybridzip\build\Release\hybridzip.exe"" d ""E:\MIXER\hybridzip\results\experiments\hybridzip-r2-e6-fast-full-20260828-retry1\children\hybridzip-r2-e6-fast-full-20260828-retry1-fast-b128-r0\archives\64KiB\samba.hz2"" ""E:\MIXER\hybridzip\results\experiments\hybridzip-r2-e6-fast-full-20260828-retry1\children\hybridzip-r2-e6-fast-full-20260828-retry1-fast-b128-r0\decoded\64KiB\samba.decoded""","0","0","2026-08-28T02:38:54.7655999+08:00","COMPLETE","PASS","zstd=1","Complete R2 archive size; SHA-256 byte-exact roundtrip verified."
"e6-fast","fast","128","0","True","0","0","none","hybridzip-r2-e6-fast-full-20260828-retry1-fast-b128-r0","r2-fast","1","24","samba","128","inputs/128KiB/samba.bin","131072","F3B8C4AD35BC6CF21977895D6F04A22B1422605942FA5AFE35CE28B2A221D7E8","archives/128KiB/samba.hz2","50587","4370481858B1F3E89B7A7324D0A3D3A2BEA7AF769FF0EB664409E721BD243CA3","decoded/128KiB/samba.decoded","131072","F3B8C4AD35BC6CF21977895D6F04A22B1422605942FA5AFE35CE28B2A221D7E8","0.0481974","0.0437212","2.02734375","2.02734375","2.02734375","E65526F9DFF3F93844E004D63C7B2A4E4F219B5EAB3F1B3D3ABCF0B301F65003","profile_id=2;mode=fast;block_size=131072;zstd_level=3;lzma_level=9;threads=1;process_timeout_seconds=3600","""E:\MIXER\hybridzip\build\Release\hybridzip.exe"" c --profile=r2 --r2-mode=fast --block-size=131072 --zstd-level=3 ""E:\MIXER\hybridzip\results\experiments\hybridzip-r2-e6-fast-full-20260828-retry1\children\hybridzip-r2-e6-fast-full-20260828-retry1-fast-b128-r0\inputs\128KiB\samba.bin"" ""E:\MIXER\hybridzip\results\experiments\hybridzip-r2-e6-fast-full-20260828-retry1\children\hybridzip-r2-e6-fast-full-20260828-retry1-fast-b128-r0\archives\128KiB\samba.hz2""","""E:\MIXER\hybridzip\build\Release\hybridzip.exe"" d ""E:\MIXER\hybridzip\results\experiments\hybridzip-r2-e6-fast-full-20260828-retry1\children\hybridzip-r2-e6-fast-full-20260828-retry1-fast-b128-r0\archives\128KiB\samba.hz2"" ""E:\MIXER\hybridzip\results\experiments\hybridzip-r2-e6-fast-full-20260828-retry1\children\hybridzip-r2-e6-fast-full-20260828-retry1-fast-b128-r0\decoded\128KiB\samba.decoded""","0","0","2026-08-28T02:38:54.9197041+08:00","COMPLETE","PASS","zstd=1","Complete R2 archive size; SHA-256 byte-exact roundtrip verified."
"e6-fast","fast","128","0","True","0","0","none","hybridzip-r2-e6-fast-full-20260828-retry1-fast-b128-r0","r2-fast","1","25","sao","32","inputs/32KiB/sao.bin","32768","95677430CAD4F000506BC5EE22815C3F4E13D64B477ED506B78D5D9ACFB50CCD","archives/32KiB/sao.hz2","26959","A639E9A06D1680DDDFB56D34E720F1000FB7E99D79A98D6E7B2472E9EB2835FC","decoded/32KiB/sao.decoded","32768","95677430CAD4F000506BC5EE22815C3F4E13D64B477ED506B78D5D9ACFB50CCD","0.0411495","0.0483395","2.02734375","4.50390625","4.50390625","E65526F9DFF3F93844E004D63C7B2A4E4F219B5EAB3F1B3D3ABCF0B301F65003","profile_id=2;mode=fast;block_size=131072;zstd_level=3;lzma_level=9;threads=1;process_timeout_seconds=3600","""E:\MIXER\hybridzip\build\Release\hybridzip.exe"" c --profile=r2 --r2-mode=fast --block-size=131072 --zstd-level=3 ""E:\MIXER\hybridzip\results\experiments\hybridzip-r2-e6-fast-full-20260828-retry1\children\hybridzip-r2-e6-fast-full-20260828-retry1-fast-b128-r0\inputs\32KiB\sao.bin"" ""E:\MIXER\hybridzip\results\experiments\hybridzip-r2-e6-fast-full-20260828-retry1\children\hybridzip-r2-e6-fast-full-20260828-retry1-fast-b128-r0\archives\32KiB\sao.hz2""","""E:\MIXER\hybridzip\build\Release\hybridzip.exe"" d ""E:\MIXER\hybridzip\results\experiments\hybridzip-r2-e6-fast-full-20260828-retry1\children\hybridzip-r2-e6-fast-full-20260828-retry1-fast-b128-r0\archives\32KiB\sao.hz2"" ""E:\MIXER\hybridzip\results\experiments\hybridzip-r2-e6-fast-full-20260828-retry1\children\hybridzip-r2-e6-fast-full-20260828-retry1-fast-b128-r0\decoded\32KiB\sao.decoded""","0","0","2026-08-28T02:38:55.0779858+08:00","COMPLETE","PASS","zstd=1","Complete R2 archive size; SHA-256 byte-exact roundtrip verified."
"e6-fast","fast","128","0","True","0","0","none","hybridzip-r2-e6-fast-full-20260828-retry1-fast-b128-r0","r2-fast","1","26","sao","64","inputs/64KiB/sao.bin","65536","17CBD7166A47786139F60BA33B4E771CE0154F6FA56986883D129BC23F78EBEE","archives/64KiB/sao.hz2","53336","A35CD777886E2CD0C5AF0AE69237091B528DCBCC0DEEE14727EDE4E482FEC205","decoded/64KiB/sao.decoded","65536","17CBD7166A47786139F60BA33B4E771CE0154F6FA56986883D129BC23F78EBEE","0.0445132","0.0491299","2.02734375","4.55859375","4.55859375","E65526F9DFF3F93844E004D63C7B2A4E4F219B5EAB3F1B3D3ABCF0B301F65003","profile_id=2;mode=fast;block_size=131072;zstd_level=3;lzma_level=9;threads=1;process_timeout_seconds=3600","""E:\MIXER\hybridzip\build\Release\hybridzip.exe"" c --profile=r2 --r2-mode=fast --block-size=131072 --zstd-level=3 ""E:\MIXER\hybridzip\results\experiments\hybridzip-r2-e6-fast-full-20260828-retry1\children\hybridzip-r2-e6-fast-full-20260828-retry1-fast-b128-r0\inputs\64KiB\sao.bin"" ""E:\MIXER\hybridzip\results\experiments\hybridzip-r2-e6-fast-full-20260828-retry1\children\hybridzip-r2-e6-fast-full-20260828-retry1-fast-b128-r0\archives\64KiB\sao.hz2""","""E:\MIXER\hybridzip\build\Release\hybridzip.exe"" d ""E:\MIXER\hybridzip\results\experiments\hybridzip-r2-e6-fast-full-20260828-retry1\children\hybridzip-r2-e6-fast-full-20260828-retry1-fast-b128-r0\archives\64KiB\sao.hz2"" ""E:\MIXER\hybridzip\results\experiments\hybridzip-r2-e6-fast-full-20260828-retry1\children\hybridzip-r2-e6-fast-full-20260828-retry1-fast-b128-r0\decoded\64KiB\sao.decoded""","0","0","2026-08-28T02:38:55.2311872+08:00","COMPLETE","PASS","zstd=1","Complete R2 archive size; SHA-256 byte-exact roundtrip verified."
"e6-fast","fast","128","0","True","0","0","none","hybridzip-r2-e6-fast-full-20260828-retry1-fast-b128-r0","r2-fast","1","27","sao","128","inputs/128KiB/sao.bin","131072","75E535B42DB7505118D8B19C7C42C1F49C5542ADDC9DBC13383953659F675CE0","archives/128KiB/sao.hz2","105736","323AF00C6FB6B528E5F57629478C4C90986785C96A153CC174669C86BB19052E","decoded/128KiB/sao.decoded","131072","75E535B42DB7505118D8B19C7C42C1F49C5542ADDC9DBC13383953659F675CE0","0.0455809","0.0481162","2.02734375","4.25390625","4.25390625","E65526F9DFF3F93844E004D63C7B2A4E4F219B5EAB3F1B3D3ABCF0B301F65003","profile_id=2;mode=fast;block_size=131072;zstd_level=3;lzma_level=9;threads=1;process_timeout_seconds=3600","""E:\MIXER\hybridzip\build\Release\hybridzip.exe"" c --profile=r2 --r2-mode=fast --block-size=131072 --zstd-level=3 ""E:\MIXER\hybridzip\results\experiments\hybridzip-r2-e6-fast-full-20260828-retry1\children\hybridzip-r2-e6-fast-full-20260828-retry1-fast-b128-r0\inputs\128KiB\sao.bin"" ""E:\MIXER\hybridzip\results\experiments\hybridzip-r2-e6-fast-full-20260828-retry1\children\hybridzip-r2-e6-fast-full-20260828-retry1-fast-b128-r0\archives\128KiB\sao.hz2""","""E:\MIXER\hybridzip\build\Release\hybridzip.exe"" d ""E:\MIXER\hybridzip\results\experiments\hybridzip-r2-e6-fast-full-20260828-retry1\children\hybridzip-r2-e6-fast-full-20260828-retry1-fast-b128-r0\archives\128KiB\sao.hz2"" ""E:\MIXER\hybridzip\results\experiments\hybridzip-r2-e6-fast-full-20260828-retry1\children\hybridzip-r2-e6-fast-full-20260828-retry1-fast-b128-r0\decoded\128KiB\sao.decoded""","0","0","2026-08-28T02:38:55.3884896+08:00","COMPLETE","PASS","zstd=1","Complete R2 archive size; SHA-256 byte-exact roundtrip verified."
"e6-fast","fast","128","0","True","0","0","none","hybridzip-r2-e6-fast-full-20260828-retry1-fast-b128-r0","r2-fast","1","28","webster","32","inputs/32KiB/webster.bin","32768","774D224695AF4057353F72602BB96CD2AFEEA059AC7737535645F11596FCA85E","archives/32KiB/webster.hz2","13778","1AD7809B3A943552CC23DD44EA1DA58ECE002A5905262C3CFF34E4F3E0AE8917","decoded/32KiB/webster.decoded","32768","774D224695AF4057353F72602BB96CD2AFEEA059AC7737535645F11596FCA85E","0.0397824","0.0465092","2.02734375","4.12109375","4.12109375","E65526F9DFF3F93844E004D63C7B2A4E4F219B5EAB3F1B3D3ABCF0B301F65003","profile_id=2;mode=fast;block_size=131072;zstd_level=3;lzma_level=9;threads=1;process_timeout_seconds=3600","""E:\MIXER\hybridzip\build\Release\hybridzip.exe"" c --profile=r2 --r2-mode=fast --block-size=131072 --zstd-level=3 ""E:\MIXER\hybridzip\results\experiments\hybridzip-r2-e6-fast-full-20260828-retry1\children\hybridzip-r2-e6-fast-full-20260828-retry1-fast-b128-r0\inputs\32KiB\webster.bin"" ""E:\MIXER\hybridzip\results\experiments\hybridzip-r2-e6-fast-full-20260828-retry1\children\hybridzip-r2-e6-fast-full-20260828-retry1-fast-b128-r0\archives\32KiB\webster.hz2""","""E:\MIXER\hybridzip\build\Release\hybridzip.exe"" d ""E:\MIXER\hybridzip\results\experiments\hybridzip-r2-e6-fast-full-20260828-retry1\children\hybridzip-r2-e6-fast-full-20260828-retry1-fast-b128-r0\archives\32KiB\webster.hz2"" ""E:\MIXER\hybridzip\results\experiments\hybridzip-r2-e6-fast-full-20260828-retry1\children\hybridzip-r2-e6-fast-full-20260828-retry1-fast-b128-r0\decoded\32KiB\webster.decoded""","0","0","2026-08-28T02:38:55.5467539+08:00","COMPLETE","PASS","zstd=1","Complete R2 archive size; SHA-256 byte-exact roundtrip verified."
"e6-fast","fast","128","0","True","0","0","none","hybridzip-r2-e6-fast-full-20260828-retry1-fast-b128-r0","r2-fast","1","29","webster","64","inputs/64KiB/webster.bin","65536","262258811321382F9E4F44D2184B6B7FED0336CF831446D8336C47D6CCC2B32E","archives/64KiB/webster.hz2","24457","88E26D73D6020366498C4BC807B20AE0B63E6B06CA6D41CF7338D570F04C1693","decoded/64KiB/webster.decoded","65536","262258811321382F9E4F44D2184B6B7FED0336CF831446D8336C47D6CCC2B32E","0.0515072","0.0548949","5.15234375","2.0234375","5.15234375","E65526F9DFF3F93844E004D63C7B2A4E4F219B5EAB3F1B3D3ABCF0B301F65003","profile_id=2;mode=fast;block_size=131072;zstd_level=3;lzma_level=9;threads=1;process_timeout_seconds=3600","""E:\MIXER\hybridzip\build\Release\hybridzip.exe"" c --profile=r2 --r2-mode=fast --block-size=131072 --zstd-level=3 ""E:\MIXER\hybridzip\results\experiments\hybridzip-r2-e6-fast-full-20260828-retry1\children\hybridzip-r2-e6-fast-full-20260828-retry1-fast-b128-r0\inputs\64KiB\webster.bin"" ""E:\MIXER\hybridzip\results\experiments\hybridzip-r2-e6-fast-full-20260828-retry1\children\hybridzip-r2-e6-fast-full-20260828-retry1-fast-b128-r0\archives\64KiB\webster.hz2""","""E:\MIXER\hybridzip\build\Release\hybridzip.exe"" d ""E:\MIXER\hybridzip\results\experiments\hybridzip-r2-e6-fast-full-20260828-retry1\children\hybridzip-r2-e6-fast-full-20260828-retry1-fast-b128-r0\archives\64KiB\webster.hz2"" ""E:\MIXER\hybridzip\results\experiments\hybridzip-r2-e6-fast-full-20260828-retry1\children\hybridzip-r2-e6-fast-full-20260828-retry1-fast-b128-r0\decoded\64KiB\webster.decoded""","0","0","2026-08-28T02:38:55.7037559+08:00","COMPLETE","PASS","zstd=1","Complete R2 archive size; SHA-256 byte-exact roundtrip verified."
"e6-fast","fast","128","0","True","0","0","none","hybridzip-r2-e6-fast-full-20260828-retry1-fast-b128-r0","r2-fast","1","30","webster","128","inputs/128KiB/webster.bin","131072","C069C1FDCA99BC5C44F06D134CD0CDA60315DD631AA6564733B2CE0E6D59305C","archives/128KiB/webster.hz2","44683","562486FF4C549743086F14B4E09FF5C2CE877986078BA63FB958B74148756C21","decoded/128KiB/webster.decoded","131072","C069C1FDCA99BC5C44F06D134CD0CDA60315DD631AA6564733B2CE0E6D59305C","0.0506204","0.0467995","5.41796875","2.02734375","5.41796875","E65526F9DFF3F93844E004D63C7B2A4E4F219B5EAB3F1B3D3ABCF0B301F65003","profile_id=2;mode=fast;block_size=131072;zstd_level=3;lzma_level=9;threads=1;process_timeout_seconds=3600","""E:\MIXER\hybridzip\build\Release\hybridzip.exe"" c --profile=r2 --r2-mode=fast --block-size=131072 --zstd-level=3 ""E:\MIXER\hybridzip\results\experiments\hybridzip-r2-e6-fast-full-20260828-retry1\children\hybridzip-r2-e6-fast-full-20260828-retry1-fast-b128-r0\inputs\128KiB\webster.bin"" ""E:\MIXER\hybridzip\results\experiments\hybridzip-r2-e6-fast-full-20260828-retry1\children\hybridzip-r2-e6-fast-full-20260828-retry1-fast-b128-r0\archives\128KiB\webster.hz2""","""E:\MIXER\hybridzip\build\Release\hybridzip.exe"" d ""E:\MIXER\hybridzip\results\experiments\hybridzip-r2-e6-fast-full-20260828-retry1\children\hybridzip-r2-e6-fast-full-20260828-retry1-fast-b128-r0\archives\128KiB\webster.hz2"" ""E:\MIXER\hybridzip\results\experiments\hybridzip-r2-e6-fast-full-20260828-retry1\children\hybridzip-r2-e6-fast-full-20260828-retry1-fast-b128-r0\decoded\128KiB\webster.decoded""","0","0","2026-08-28T02:38:55.8787323+08:00","COMPLETE","PASS","zstd=1","Complete R2 archive size; SHA-256 byte-exact roundtrip verified."
"e6-fast","fast","128","0","True","0","0","none","hybridzip-r2-e6-fast-full-20260828-retry1-fast-b128-r0","r2-fast","1","31","x-ray","32","inputs/32KiB/x-ray.bin","32768","10511AA63DFBD9C0DDBFEFE36068740103D4BA1116E214154A0772057D7E9314","archives/32KiB/x-ray.hz2","26409","D5E023394953E143ECBB50629923DC6C6BA8027B9C5AD24C1E61D5D91BA37A7A","decoded/32KiB/x-ray.decoded","32768","10511AA63DFBD9C0DDBFEFE36068740103D4BA1116E214154A0772057D7E9314","0.0440331","0.0473656","2.02734375","4.4921875","4.4921875","E65526F9DFF3F93844E004D63C7B2A4E4F219B5EAB3F1B3D3ABCF0B301F65003","profile_id=2;mode=fast;block_size=131072;zstd_level=3;lzma_level=9;threads=1;process_timeout_seconds=3600","""E:\MIXER\hybridzip\build\Release\hybridzip.exe"" c --profile=r2 --r2-mode=fast --block-size=131072 --zstd-level=3 ""E:\MIXER\hybridzip\results\experiments\hybridzip-r2-e6-fast-full-20260828-retry1\children\hybridzip-r2-e6-fast-full-20260828-retry1-fast-b128-r0\inputs\32KiB\x-ray.bin"" ""E:\MIXER\hybridzip\results\experiments\hybridzip-r2-e6-fast-full-20260828-retry1\children\hybridzip-r2-e6-fast-full-20260828-retry1-fast-b128-r0\archives\32KiB\x-ray.hz2""","""E:\MIXER\hybridzip\build\Release\hybridzip.exe"" d ""E:\MIXER\hybridzip\results\experiments\hybridzip-r2-e6-fast-full-20260828-retry1\children\hybridzip-r2-e6-fast-full-20260828-retry1-fast-b128-r0\archives\32KiB\x-ray.hz2"" ""E:\MIXER\hybridzip\results\experiments\hybridzip-r2-e6-fast-full-20260828-retry1\children\hybridzip-r2-e6-fast-full-20260828-retry1-fast-b128-r0\decoded\32KiB\x-ray.decoded""","0","0","2026-08-28T02:38:56.0462322+08:00","COMPLETE","PASS","zstd=1","Complete R2 archive size; SHA-256 byte-exact roundtrip verified."
"e6-fast","fast","128","0","True","0","0","none","hybridzip-r2-e6-fast-full-20260828-retry1-fast-b128-r0","r2-fast","1","32","x-ray","64","inputs/64KiB/x-ray.bin","65536","B5A07146616BCD7C2D10071D41E07D204DE0AC629C4CA37D8E867FF00574D0D8","archives/64KiB/x-ray.hz2","51793","FCFA5E6BE99D18F361146D0AFE016EBB2B4943866A67902A7D4AC258C837EA97","decoded/64KiB/x-ray.decoded","65536","B5A07146616BCD7C2D10071D41E07D204DE0AC629C4CA37D8E867FF00574D0D8","0.0431248","0.0492943","2.02734375","2.0234375","2.02734375","E65526F9DFF3F93844E004D63C7B2A4E4F219B5EAB3F1B3D3ABCF0B301F65003","profile_id=2;mode=fast;block_size=131072;zstd_level=3;lzma_level=9;threads=1;process_timeout_seconds=3600","""E:\MIXER\hybridzip\build\Release\hybridzip.exe"" c --profile=r2 --r2-mode=fast --block-size=131072 --zstd-level=3 ""E:\MIXER\hybridzip\results\experiments\hybridzip-r2-e6-fast-full-20260828-retry1\children\hybridzip-r2-e6-fast-full-20260828-retry1-fast-b128-r0\inputs\64KiB\x-ray.bin"" ""E:\MIXER\hybridzip\results\experiments\hybridzip-r2-e6-fast-full-20260828-retry1\children\hybridzip-r2-e6-fast-full-20260828-retry1-fast-b128-r0\archives\64KiB\x-ray.hz2""","""E:\MIXER\hybridzip\build\Release\hybridzip.exe"" d ""E:\MIXER\hybridzip\results\experiments\hybridzip-r2-e6-fast-full-20260828-retry1\children\hybridzip-r2-e6-fast-full-20260828-retry1-fast-b128-r0\archives\64KiB\x-ray.hz2"" ""E:\MIXER\hybridzip\results\experiments\hybridzip-r2-e6-fast-full-20260828-retry1\children\hybridzip-r2-e6-fast-full-20260828-retry1-fast-b128-r0\decoded\64KiB\x-ray.decoded""","0","0","2026-08-28T02:38:56.2031959+08:00","COMPLETE","PASS","zstd=1","Complete R2 archive size; SHA-256 byte-exact roundtrip verified."
"e6-fast","fast","128","0","True","0","0","none","hybridzip-r2-e6-fast-full-20260828-retry1-fast-b128-r0","r2-fast","1","33","x-ray","128","inputs/128KiB/x-ray.bin","131072","7A65B793FB2A694C20686275A899B304445473528F7C998BE26F8C68EB18F76E","archives/128KiB/x-ray.hz2","103283","406A0B381F8BADE4B9CA1F408517A590FAEBE88C2D46FC12A9635E278D0A32B2","decoded/128KiB/x-ray.decoded","131072","7A65B793FB2A694C20686275A899B304445473528F7C998BE26F8C68EB18F76E","0.0438419","0.0458781","2.02734375","2.02734375","2.02734375","E65526F9DFF3F93844E004D63C7B2A4E4F219B5EAB3F1B3D3ABCF0B301F65003","profile_id=2;mode=fast;block_size=131072;zstd_level=3;lzma_level=9;threads=1;process_timeout_seconds=3600","""E:\MIXER\hybridzip\build\Release\hybridzip.exe"" c --profile=r2 --r2-mode=fast --block-size=131072 --zstd-level=3 ""E:\MIXER\hybridzip\results\experiments\hybridzip-r2-e6-fast-full-20260828-retry1\children\hybridzip-r2-e6-fast-full-20260828-retry1-fast-b128-r0\inputs\128KiB\x-ray.bin"" ""E:\MIXER\hybridzip\results\experiments\hybridzip-r2-e6-fast-full-20260828-retry1\children\hybridzip-r2-e6-fast-full-20260828-retry1-fast-b128-r0\archives\128KiB\x-ray.hz2""","""E:\MIXER\hybridzip\build\Release\hybridzip.exe"" d ""E:\MIXER\hybridzip\results\experiments\hybridzip-r2-e6-fast-full-20260828-retry1\children\hybridzip-r2-e6-fast-full-20260828-retry1-fast-b128-r0\archives\128KiB\x-ray.hz2"" ""E:\MIXER\hybridzip\results\experiments\hybridzip-r2-e6-fast-full-20260828-retry1\children\hybridzip-r2-e6-fast-full-20260828-retry1-fast-b128-r0\decoded\128KiB\x-ray.decoded""","0","0","2026-08-28T02:38:56.3610273+08:00","COMPLETE","PASS","zstd=1","Complete R2 archive size; SHA-256 byte-exact roundtrip verified."
"e6-fast","fast","128","0","True","0","0","none","hybridzip-r2-e6-fast-full-20260828-retry1-fast-b128-r0","r2-fast","1","34","xml","32","inputs/32KiB/xml.bin","32768","C2F7F129956F8D6FC3D0E3595D93F98D5270B6F5BC4AB5E70F45867822EFDD71","archives/32KiB/xml.hz2","3483","E8F7DB88DEBC2B79BDE181866CDEC9DE1EEDC0A27F60588F2D550F5927DE4797","decoded/32KiB/xml.decoded","32768","C2F7F129956F8D6FC3D0E3595D93F98D5270B6F5BC4AB5E70F45867822EFDD71","0.0426361","0.0492555","2.02734375","4.49609375","4.49609375","E65526F9DFF3F93844E004D63C7B2A4E4F219B5EAB3F1B3D3ABCF0B301F65003","profile_id=2;mode=fast;block_size=131072;zstd_level=3;lzma_level=9;threads=1;process_timeout_seconds=3600","""E:\MIXER\hybridzip\build\Release\hybridzip.exe"" c --profile=r2 --r2-mode=fast --block-size=131072 --zstd-level=3 ""E:\MIXER\hybridzip\results\experiments\hybridzip-r2-e6-fast-full-20260828-retry1\children\hybridzip-r2-e6-fast-full-20260828-retry1-fast-b128-r0\inputs\32KiB\xml.bin"" ""E:\MIXER\hybridzip\results\experiments\hybridzip-r2-e6-fast-full-20260828-retry1\children\hybridzip-r2-e6-fast-full-20260828-retry1-fast-b128-r0\archives\32KiB\xml.hz2""","""E:\MIXER\hybridzip\build\Release\hybridzip.exe"" d ""E:\MIXER\hybridzip\results\experiments\hybridzip-r2-e6-fast-full-20260828-retry1\children\hybridzip-r2-e6-fast-full-20260828-retry1-fast-b128-r0\archives\32KiB\xml.hz2"" ""E:\MIXER\hybridzip\results\experiments\hybridzip-r2-e6-fast-full-20260828-retry1\children\hybridzip-r2-e6-fast-full-20260828-retry1-fast-b128-r0\decoded\32KiB\xml.decoded""","0","0","2026-08-28T02:38:56.5155836+08:00","COMPLETE","PASS","zstd=1","Complete R2 archive size; SHA-256 byte-exact roundtrip verified."
"e6-fast","fast","128","0","True","0","0","none","hybridzip-r2-e6-fast-full-20260828-retry1-fast-b128-r0","r2-fast","1","35","xml","64","inputs/64KiB/xml.bin","65536","E32AFF2BEBF00105A17DD57F5490C1986D17543CEE837B42EB56B3E0E6F8E7F1","archives/64KiB/xml.hz2","6163","9A91E692659A8953CC8AF0263A5A3790BE104DC5BD3D6E9E18C8AE6212D3D51D","decoded/64KiB/xml.decoded","65536","E32AFF2BEBF00105A17DD57F5490C1986D17543CEE837B42EB56B3E0E6F8E7F1","0.0412798","0.0495765","2.02734375","2.02734375","2.02734375","E65526F9DFF3F93844E004D63C7B2A4E4F219B5EAB3F1B3D3ABCF0B301F65003","profile_id=2;mode=fast;block_size=131072;zstd_level=3;lzma_level=9;threads=1;process_timeout_seconds=3600","""E:\MIXER\hybridzip\build\Release\hybridzip.exe"" c --profile=r2 --r2-mode=fast --block-size=131072 --zstd-level=3 ""E:\MIXER\hybridzip\results\experiments\hybridzip-r2-e6-fast-full-20260828-retry1\children\hybridzip-r2-e6-fast-full-20260828-retry1-fast-b128-r0\inputs\64KiB\xml.bin"" ""E:\MIXER\hybridzip\results\experiments\hybridzip-r2-e6-fast-full-20260828-retry1\children\hybridzip-r2-e6-fast-full-20260828-retry1-fast-b128-r0\archives\64KiB\xml.hz2""","""E:\MIXER\hybridzip\build\Release\hybridzip.exe"" d ""E:\MIXER\hybridzip\results\experiments\hybridzip-r2-e6-fast-full-20260828-retry1\children\hybridzip-r2-e6-fast-full-20260828-retry1-fast-b128-r0\archives\64KiB\xml.hz2"" ""E:\MIXER\hybridzip\results\experiments\hybridzip-r2-e6-fast-full-20260828-retry1\children\hybridzip-r2-e6-fast-full-20260828-retry1-fast-b128-r0\decoded\64KiB\xml.decoded""","0","0","2026-08-28T02:38:56.6708605+08:00","COMPLETE","PASS","zstd=1","Complete R2 archive size; SHA-256 byte-exact roundtrip verified."
"e6-fast","fast","128","0","True","0","0","none","hybridzip-r2-e6-fast-full-20260828-retry1-fast-b128-r0","r2-fast","1","36","xml","128","inputs/128KiB/xml.bin","131072","5FA29C746885F2EEB98734218475915A78092CCB3B0F68B08861EE210E5B6E25","archives/128KiB/xml.hz2","11955","B74E4D7BDEE5A366CA69CA2AC980B8B6713C481231703FD13090E9E0AF24D68F","decoded/128KiB/xml.decoded","131072","5FA29C746885F2EEB98734218475915A78092CCB3B0F68B08861EE210E5B6E25","0.0438253","0.0488435","2.02734375","4.5703125","4.5703125","E65526F9DFF3F93844E004D63C7B2A4E4F219B5EAB3F1B3D3ABCF0B301F65003","profile_id=2;mode=fast;block_size=131072;zstd_level=3;lzma_level=9;threads=1;process_timeout_seconds=3600","""E:\MIXER\hybridzip\build\Release\hybridzip.exe"" c --profile=r2 --r2-mode=fast --block-size=131072 --zstd-level=3 ""E:\MIXER\hybridzip\results\experiments\hybridzip-r2-e6-fast-full-20260828-retry1\children\hybridzip-r2-e6-fast-full-20260828-retry1-fast-b128-r0\inputs\128KiB\xml.bin"" ""E:\MIXER\hybridzip\results\experiments\hybridzip-r2-e6-fast-full-20260828-retry1\children\hybridzip-r2-e6-fast-full-20260828-retry1-fast-b128-r0\archives\128KiB\xml.hz2""","""E:\MIXER\hybridzip\build\Release\hybridzip.exe"" d ""E:\MIXER\hybridzip\results\experiments\hybridzip-r2-e6-fast-full-20260828-retry1\children\hybridzip-r2-e6-fast-full-20260828-retry1-fast-b128-r0\archives\128KiB\xml.hz2"" ""E:\MIXER\hybridzip\results\experiments\hybridzip-r2-e6-fast-full-20260828-retry1\children\hybridzip-r2-e6-fast-full-20260828-retry1-fast-b128-r0\decoded\128KiB\xml.decoded""","0","0","2026-08-28T02:38:56.8269863+08:00","COMPLETE","PASS","zstd=1","Complete R2 archive size; SHA-256 byte-exact roundtrip verified."
"e6-fast","fast","128","1","False","0","0","none","hybridzip-r2-e6-fast-full-20260828-retry1-fast-b128-r1","r2-fast","1","1","dickens","32","inputs/32KiB/dickens.bin","32768","FC42DCB9849222C8704C9DCAE606D075B389B66244FB215035148D6409EC0B31","archives/32KiB/dickens.hz2","14205","A1BDE08B462A24B7CFB93910676C2D06BEF38F98AF2F8427055FF52A270B7718","decoded/32KiB/dickens.decoded","32768","FC42DCB9849222C8704C9DCAE606D075B389B66244FB215035148D6409EC0B31","0.044526","0.0476281","2.02734375","4.23828125","4.23828125","E65526F9DFF3F93844E004D63C7B2A4E4F219B5EAB3F1B3D3ABCF0B301F65003","profile_id=2;mode=fast;block_size=131072;zstd_level=3;lzma_level=9;threads=1;process_timeout_seconds=3600","""E:\MIXER\hybridzip\build\Release\hybridzip.exe"" c --profile=r2 --r2-mode=fast --block-size=131072 --zstd-level=3 ""E:\MIXER\hybridzip\results\experiments\hybridzip-r2-e6-fast-full-20260828-retry1\children\hybridzip-r2-e6-fast-full-20260828-retry1-fast-b128-r1\inputs\32KiB\dickens.bin"" ""E:\MIXER\hybridzip\results\experiments\hybridzip-r2-e6-fast-full-20260828-retry1\children\hybridzip-r2-e6-fast-full-20260828-retry1-fast-b128-r1\archives\32KiB\dickens.hz2""","""E:\MIXER\hybridzip\build\Release\hybridzip.exe"" d ""E:\MIXER\hybridzip\results\experiments\hybridzip-r2-e6-fast-full-20260828-retry1\children\hybridzip-r2-e6-fast-full-20260828-retry1-fast-b128-r1\archives\32KiB\dickens.hz2"" ""E:\MIXER\hybridzip\results\experiments\hybridzip-r2-e6-fast-full-20260828-retry1\children\hybridzip-r2-e6-fast-full-20260828-retry1-fast-b128-r1\decoded\32KiB\dickens.decoded""","0","0","2026-08-28T02:38:58.1330937+08:00","COMPLETE","PASS","zstd=1","Complete R2 archive size; SHA-256 byte-exact roundtrip verified."
"e6-fast","fast","128","1","False","0","0","none","hybridzip-r2-e6-fast-full-20260828-retry1-fast-b128-r1","r2-fast","1","2","dickens","64","inputs/64KiB/dickens.bin","65536","134AD989A7B8B40C900A3B9C0F4895317DFD827D9E6E933895B08D2F4A8A8293","archives/64KiB/dickens.hz2","27192","EF69986E9EFFF328656B34CB72D665B3DD9D5A3282B16B4E8FF6D9AD45ADC50F","decoded/64KiB/dickens.decoded","65536","134AD989A7B8B40C900A3B9C0F4895317DFD827D9E6E933895B08D2F4A8A8293","0.0427308","0.0473664","2.02734375","2.02734375","2.02734375","E65526F9DFF3F93844E004D63C7B2A4E4F219B5EAB3F1B3D3ABCF0B301F65003","profile_id=2;mode=fast;block_size=131072;zstd_level=3;lzma_level=9;threads=1;process_timeout_seconds=3600","""E:\MIXER\hybridzip\build\Release\hybridzip.exe"" c --profile=r2 --r2-mode=fast --block-size=131072 --zstd-level=3 ""E:\MIXER\hybridzip\results\experiments\hybridzip-r2-e6-fast-full-20260828-retry1\children\hybridzip-r2-e6-fast-full-20260828-retry1-fast-b128-r1\inputs\64KiB\dickens.bin"" ""E:\MIXER\hybridzip\results\experiments\hybridzip-r2-e6-fast-full-20260828-retry1\children\hybridzip-r2-e6-fast-full-20260828-retry1-fast-b128-r1\archives\64KiB\dickens.hz2""","""E:\MIXER\hybridzip\build\Release\hybridzip.exe"" d ""E:\MIXER\hybridzip\results\experiments\hybridzip-r2-e6-fast-full-20260828-retry1\children\hybridzip-r2-e6-fast-full-20260828-retry1-fast-b128-r1\archives\64KiB\dickens.hz2"" ""E:\MIXER\hybridzip\results\experiments\hybridzip-r2-e6-fast-full-20260828-retry1\children\hybridzip-r2-e6-fast-full-20260828-retry1-fast-b128-r1\decoded\64KiB\dickens.decoded""","0","0","2026-08-28T02:38:58.2880310+08:00","COMPLETE","PASS","zstd=1","Complete R2 archive size; SHA-256 byte-exact roundtrip verified."
"e6-fast","fast","128","1","False","0","0","none","hybridzip-r2-e6-fast-full-20260828-retry1-fast-b128-r1","r2-fast","1","3","dickens","128","inputs/128KiB/dickens.bin","131072","20E33FCC8FAA96DC32A2D0921115C0F363E64C598A5847CE1A3876E356D59872","archives/128KiB/dickens.hz2","51902","16752AC02B1553B8A03487D0E855141F28425FED10A36FE1685B9C13DCDFD596","decoded/128KiB/dickens.decoded","131072","20E33FCC8FAA96DC32A2D0921115C0F363E64C598A5847CE1A3876E356D59872","0.041019","0.0480676","2.02734375","4.61328125","4.61328125","E65526F9DFF3F93844E004D63C7B2A4E4F219B5EAB3F1B3D3ABCF0B301F65003","profile_id=2;mode=fast;block_size=131072;zstd_level=3;lzma_level=9;threads=1;process_timeout_seconds=3600","""E:\MIXER\hybridzip\build\Release\hybridzip.exe"" c --profile=r2 --r2-mode=fast --block-size=131072 --zstd-level=3 ""E:\MIXER\hybridzip\results\experiments\hybridzip-r2-e6-fast-full-20260828-retry1\children\hybridzip-r2-e6-fast-full-20260828-retry1-fast-b128-r1\inputs\128KiB\dickens.bin"" ""E:\MIXER\hybridzip\results\experiments\hybridzip-r2-e6-fast-full-20260828-retry1\children\hybridzip-r2-e6-fast-full-20260828-retry1-fast-b128-r1\archives\128KiB\dickens.hz2""","""E:\MIXER\hybridzip\build\Release\hybridzip.exe"" d ""E:\MIXER\hybridzip\results\experiments\hybridzip-r2-e6-fast-full-20260828-retry1\children\hybridzip-r2-e6-fast-full-20260828-retry1-fast-b128-r1\archives\128KiB\dickens.hz2"" ""E:\MIXER\hybridzip\results\experiments\hybridzip-r2-e6-fast-full-20260828-retry1\children\hybridzip-r2-e6-fast-full-20260828-retry1-fast-b128-r1\decoded\128KiB\dickens.decoded""","0","0","2026-08-28T02:38:58.4461350+08:00","COMPLETE","PASS","zstd=1","Complete R2 archive size; SHA-256 byte-exact roundtrip verified."
"e6-fast","fast","128","1","False","0","0","none","hybridzip-r2-e6-fast-full-20260828-retry1-fast-b128-r1","r2-fast","1","4","mozilla","32","inputs/32KiB/mozilla.bin","32768","9DDEEF36CA0CA55B72FE3376D005926DFF3400A2ADE6EAE18482D8017D8645DB","archives/32KiB/mozilla.hz2","11272","3BB03E188B30B8B1CD5D51CA2785A9F57B7D0B2097FCAA1DAD26A476378ACF3A","decoded/32KiB/mozilla.decoded","32768","9DDEEF36CA0CA55B72FE3376D005926DFF3400A2ADE6EAE18482D8017D8645DB","0.0462552","0.0483951","3.26171875","3.85546875","3.85546875","E65526F9DFF3F93844E004D63C7B2A4E4F219B5EAB3F1B3D3ABCF0B301F65003","profile_id=2;mode=fast;block_size=131072;zstd_level=3;lzma_level=9;threads=1;process_timeout_seconds=3600","""E:\MIXER\hybridzip\build\Release\hybridzip.exe"" c --profile=r2 --r2-mode=fast --block-size=131072 --zstd-level=3 ""E:\MIXER\hybridzip\results\experiments\hybridzip-r2-e6-fast-full-20260828-retry1\children\hybridzip-r2-e6-fast-full-20260828-retry1-fast-b128-r1\inputs\32KiB\mozilla.bin"" ""E:\MIXER\hybridzip\results\experiments\hybridzip-r2-e6-fast-full-20260828-retry1\children\hybridzip-r2-e6-fast-full-20260828-retry1-fast-b128-r1\archives\32KiB\mozilla.hz2""","""E:\MIXER\hybridzip\build\Release\hybridzip.exe"" d ""E:\MIXER\hybridzip\results\experiments\hybridzip-r2-e6-fast-full-20260828-retry1\children\hybridzip-r2-e6-fast-full-20260828-retry1-fast-b128-r1\archives\32KiB\mozilla.hz2"" ""E:\MIXER\hybridzip\results\experiments\hybridzip-r2-e6-fast-full-20260828-retry1\children\hybridzip-r2-e6-fast-full-20260828-retry1-fast-b128-r1\decoded\32KiB\mozilla.decoded""","0","0","2026-08-28T02:38:58.6031320+08:00","COMPLETE","PASS","zstd=1","Complete R2 archive size; SHA-256 byte-exact roundtrip verified."
"e6-fast","fast","128","1","False","0","0","none","hybridzip-r2-e6-fast-full-20260828-retry1-fast-b128-r1","r2-fast","1","5","mozilla","64","inputs/64KiB/mozilla.bin","65536","B0050240663F54371D372303EEABA0A59AB0758BCD565F4F639D06561E6BC996","archives/64KiB/mozilla.hz2","15985","C59415F0E8620E2CDC5BF63E665959C05FF22F638D1E3D038FF8A9B308F47FD6","decoded/64KiB/mozilla.decoded","65536","B0050240663F54371D372303EEABA0A59AB0758BCD565F4F639D06561E6BC996","0.0426639","0.0496304","2.02734375","4.4921875","4.4921875","E65526F9DFF3F93844E004D63C7B2A4E4F219B5EAB3F1B3D3ABCF0B301F65003","profile_id=2;mode=fast;block_size=131072;zstd_level=3;lzma_level=9;threads=1;process_timeout_seconds=3600","""E:\MIXER\hybridzip\build\Release\hybridzip.exe"" c --profile=r2 --r2-mode=fast --block-size=131072 --zstd-level=3 ""E:\MIXER\hybridzip\results\experiments\hybridzip-r2-e6-fast-full-20260828-retry1\children\hybridzip-r2-e6-fast-full-20260828-retry1-fast-b128-r1\inputs\64KiB\mozilla.bin"" ""E:\MIXER\hybridzip\results\experiments\hybridzip-r2-e6-fast-full-20260828-retry1\children\hybridzip-r2-e6-fast-full-20260828-retry1-fast-b128-r1\archives\64KiB\mozilla.hz2""","""E:\MIXER\hybridzip\build\Release\hybridzip.exe"" d ""E:\MIXER\hybridzip\results\experiments\hybridzip-r2-e6-fast-full-20260828-retry1\children\hybridzip-r2-e6-fast-full-20260828-retry1-fast-b128-r1\archives\64KiB\mozilla.hz2"" ""E:\MIXER\hybridzip\results\experiments\hybridzip-r2-e6-fast-full-20260828-retry1\children\hybridzip-r2-e6-fast-full-20260828-retry1-fast-b128-r1\decoded\64KiB\mozilla.decoded""","0","0","2026-08-28T02:38:58.7612102+08:00","COMPLETE","PASS","zstd=1","Complete R2 archive size; SHA-256 byte-exact roundtrip verified."
"e6-fast","fast","128","1","False","0","0","none","hybridzip-r2-e6-fast-full-20260828-retry1-fast-b128-r1","r2-fast","1","6","mozilla","128","inputs/128KiB/mozilla.bin","131072","85CDBEA98382DB12E9A21FF90E1907452712D074000A6B855D2CA215FA591EB4","archives/128KiB/mozilla.hz2","21364","87FD10D687B2333F5057784A02760999AB08AA3084AD7FCC8B3454C07946F644","decoded/128KiB/mozilla.decoded","131072","85CDBEA98382DB12E9A21FF90E1907452712D074000A6B855D2CA215FA591EB4","0.0449723","0.0465372","2.02734375","4.58203125","4.58203125","E65526F9DFF3F93844E004D63C7B2A4E4F219B5EAB3F1B3D3ABCF0B301F65003","profile_id=2;mode=fast;block_size=131072;zstd_level=3;lzma_level=9;threads=1;process_timeout_seconds=3600","""E:\MIXER\hybridzip\build\Release\hybridzip.exe"" c --profile=r2 --r2-mode=fast --block-size=131072 --zstd-level=3 ""E:\MIXER\hybridzip\results\experiments\hybridzip-r2-e6-fast-full-20260828-retry1\children\hybridzip-r2-e6-fast-full-20260828-retry1-fast-b128-r1\inputs\128KiB\mozilla.bin"" ""E:\MIXER\hybridzip\results\experiments\hybridzip-r2-e6-fast-full-20260828-retry1\children\hybridzip-r2-e6-fast-full-20260828-retry1-fast-b128-r1\archives\128KiB\mozilla.hz2""","""E:\MIXER\hybridzip\build\Release\hybridzip.exe"" d ""E:\MIXER\hybridzip\results\experiments\hybridzip-r2-e6-fast-full-20260828-retry1\children\hybridzip-r2-e6-fast-full-20260828-retry1-fast-b128-r1\archives\128KiB\mozilla.hz2"" ""E:\MIXER\hybridzip\results\experiments\hybridzip-r2-e6-fast-full-20260828-retry1\children\hybridzip-r2-e6-fast-full-20260828-retry1-fast-b128-r1\decoded\128KiB\mozilla.decoded""","0","0","2026-08-28T02:38:58.9175266+08:00","COMPLETE","PASS","zstd=1","Complete R2 archive size; SHA-256 byte-exact roundtrip verified."
"e6-fast","fast","128","1","False","0","0","none","hybridzip-r2-e6-fast-full-20260828-retry1-fast-b128-r1","r2-fast","1","7","mr","32","inputs/32KiB/mr.bin","32768","3BB287B0AF65F777AB00C14E362B4D1962087260556001BBEE0689AA10D9F76A","archives/32KiB/mr.hz2","8875","E4A3B3DA2CBA627AB48B73829C94415E072251701388DF1DFC55BCBC2549B667","decoded/32KiB/mr.decoded","32768","3BB287B0AF65F777AB00C14E362B4D1962087260556001BBEE0689AA10D9F76A","0.0399714","0.0499967","2.02734375","4.25","4.25","E65526F9DFF3F93844E004D63C7B2A4E4F219B5EAB3F1B3D3ABCF0B301F65003","profile_id=2;mode=fast;block_size=131072;zstd_level=3;lzma_level=9;threads=1;process_timeout_seconds=3600","""E:\MIXER\hybridzip\build\Release\hybridzip.exe"" c --profile=r2 --r2-mode=fast --block-size=131072 --zstd-level=3 ""E:\MIXER\hybridzip\results\experiments\hybridzip-r2-e6-fast-full-20260828-retry1\children\hybridzip-r2-e6-fast-full-20260828-retry1-fast-b128-r1\inputs\32KiB\mr.bin"" ""E:\MIXER\hybridzip\results\experiments\hybridzip-r2-e6-fast-full-20260828-retry1\children\hybridzip-r2-e6-fast-full-20260828-retry1-fast-b128-r1\archives\32KiB\mr.hz2""","""E:\MIXER\hybridzip\build\Release\hybridzip.exe"" d ""E:\MIXER\hybridzip\results\experiments\hybridzip-r2-e6-fast-full-20260828-retry1\children\hybridzip-r2-e6-fast-full-20260828-retry1-fast-b128-r1\archives\32KiB\mr.hz2"" ""E:\MIXER\hybridzip\results\experiments\hybridzip-r2-e6-fast-full-20260828-retry1\children\hybridzip-r2-e6-fast-full-20260828-retry1-fast-b128-r1\decoded\32KiB\mr.decoded""","0","0","2026-08-28T02:38:59.0762878+08:00","COMPLETE","PASS","zstd=1","Complete R2 archive size; SHA-256 byte-exact roundtrip verified."
"e6-fast","fast","128","1","False","0","0","none","hybridzip-r2-e6-fast-full-20260828-retry1-fast-b128-r1","r2-fast","1","8","mr","64","inputs/64KiB/mr.bin","65536","CAB7B6408934009A4BBFEDB57BEB4943BF5478CF8B3688D01F004E0422EBC651","archives/64KiB/mr.hz2","17591","EB68A4F098C05EE5C8E585FE0228F71639DE861FDB6927710FB2917355BE8D9B","decoded/64KiB/mr.decoded","65536","CAB7B6408934009A4BBFEDB57BEB4943BF5478CF8B3688D01F004E0422EBC651","0.0433909","0.0496209","2.0234375","4.515625","4.515625","E65526F9DFF3F93844E004D63C7B2A4E4F219B5EAB3F1B3D3ABCF0B301F65003","profile_id=2;mode=fast;block_size=131072;zstd_level=3;lzma_level=9;threads=1;process_timeout_seconds=3600","""E:\MIXER\hybridzip\build\Release\hybridzip.exe"" c --profile=r2 --r2-mode=fast --block-size=131072 --zstd-level=3 ""E:\MIXER\hybridzip\results\experiments\hybridzip-r2-e6-fast-full-20260828-retry1\children\hybridzip-r2-e6-fast-full-20260828-retry1-fast-b128-r1\inputs\64KiB\mr.bin"" ""E:\MIXER\hybridzip\results\experiments\hybridzip-r2-e6-fast-full-20260828-retry1\children\hybridzip-r2-e6-fast-full-20260828-retry1-fast-b128-r1\archives\64KiB\mr.hz2""","""E:\MIXER\hybridzip\build\Release\hybridzip.exe"" d ""E:\MIXER\hybridzip\results\experiments\hybridzip-r2-e6-fast-full-20260828-retry1\children\hybridzip-r2-e6-fast-full-20260828-retry1-fast-b128-r1\archives\64KiB\mr.hz2"" ""E:\MIXER\hybridzip\results\experiments\hybridzip-r2-e6-fast-full-20260828-retry1\children\hybridzip-r2-e6-fast-full-20260828-retry1-fast-b128-r1\decoded\64KiB\mr.decoded""","0","0","2026-08-28T02:38:59.2314359+08:00","COMPLETE","PASS","zstd=1","Complete R2 archive size; SHA-256 byte-exact roundtrip verified."
"e6-fast","fast","128","1","False","0","0","none","hybridzip-r2-e6-fast-full-20260828-retry1-fast-b128-r1","r2-fast","1","9","mr","128","inputs/128KiB/mr.bin","131072","473A6A883480C7B2E69402AD888AC07B347C2DF61C6AA0D84E8B8130A27792EA","archives/128KiB/mr.hz2","34068","8490E4B2279CF2C3302397236372E25C02F387E930A5B52C55D732E650BE5FAF","decoded/128KiB/mr.decoded","131072","473A6A883480C7B2E69402AD888AC07B347C2DF61C6AA0D84E8B8130A27792EA","0.042976","0.0440502","2.02734375","2.02734375","2.02734375","E65526F9DFF3F93844E004D63C7B2A4E4F219B5EAB3F1B3D3ABCF0B301F65003","profile_id=2;mode=fast;block_size=131072;zstd_level=3;lzma_level=9;threads=1;process_timeout_seconds=3600","""E:\MIXER\hybridzip\build\Release\hybridzip.exe"" c --profile=r2 --r2-mode=fast --block-size=131072 --zstd-level=3 ""E:\MIXER\hybridzip\results\experiments\hybridzip-r2-e6-fast-full-20260828-retry1\children\hybridzip-r2-e6-fast-full-20260828-retry1-fast-b128-r1\inputs\128KiB\mr.bin"" ""E:\MIXER\hybridzip\results\experiments\hybridzip-r2-e6-fast-full-20260828-retry1\children\hybridzip-r2-e6-fast-full-20260828-retry1-fast-b128-r1\archives\128KiB\mr.hz2""","""E:\MIXER\hybridzip\build\Release\hybridzip.exe"" d ""E:\MIXER\hybridzip\results\experiments\hybridzip-r2-e6-fast-full-20260828-retry1\children\hybridzip-r2-e6-fast-full-20260828-retry1-fast-b128-r1\archives\128KiB\mr.hz2"" ""E:\MIXER\hybridzip\results\experiments\hybridzip-r2-e6-fast-full-20260828-retry1\children\hybridzip-r2-e6-fast-full-20260828-retry1-fast-b128-r1\decoded\128KiB\mr.decoded""","0","0","2026-08-28T02:38:59.3885089+08:00","COMPLETE","PASS","zstd=1","Complete R2 archive size; SHA-256 byte-exact roundtrip verified."
"e6-fast","fast","128","1","False","0","0","none","hybridzip-r2-e6-fast-full-20260828-retry1-fast-b128-r1","r2-fast","1","10","nci","32","inputs/32KiB/nci.bin","32768","0D3034FE8B0E573DE1439ED98CE409B83B13E5895085C9BFB0BF980F4962FB79","archives/32KiB/nci.hz2","3102","443B113655BA2DB5A81951154F64E0605D17E1E5745B1B4D1DCB7E6A304E4A37","decoded/32KiB/nci.decoded","32768","0D3034FE8B0E573DE1439ED98CE409B83B13E5895085C9BFB0BF980F4962FB79","0.0594601","0.0617182","2.02734375","2.02734375","2.02734375","E65526F9DFF3F93844E004D63C7B2A4E4F219B5EAB3F1B3D3ABCF0B301F65003","profile_id=2;mode=fast;block_size=131072;zstd_level=3;lzma_level=9;threads=1;process_timeout_seconds=3600","""E:\MIXER\hybridzip\build\Release\hybridzip.exe"" c --profile=r2 --r2-mode=fast --block-size=131072 --zstd-level=3 ""E:\MIXER\hybridzip\results\experiments\hybridzip-r2-e6-fast-full-20260828-retry1\children\hybridzip-r2-e6-fast-full-20260828-retry1-fast-b128-r1\inputs\32KiB\nci.bin"" ""E:\MIXER\hybridzip\results\experiments\hybridzip-r2-e6-fast-full-20260828-retry1\children\hybridzip-r2-e6-fast-full-20260828-retry1-fast-b128-r1\archives\32KiB\nci.hz2""","""E:\MIXER\hybridzip\build\Release\hybridzip.exe"" d ""E:\MIXER\hybridzip\results\experiments\hybridzip-r2-e6-fast-full-20260828-retry1\children\hybridzip-r2-e6-fast-full-20260828-retry1-fast-b128-r1\archives\32KiB\nci.hz2"" ""E:\MIXER\hybridzip\results\experiments\hybridzip-r2-e6-fast-full-20260828-retry1\children\hybridzip-r2-e6-fast-full-20260828-retry1-fast-b128-r1\decoded\32KiB\nci.decoded""","0","0","2026-08-28T02:38:59.5466303+08:00","COMPLETE","PASS","zstd=1","Complete R2 archive size; SHA-256 byte-exact roundtrip verified."
"e6-fast","fast","128","1","False","0","0","none","hybridzip-r2-e6-fast-full-20260828-retry1-fast-b128-r1","r2-fast","1","11","nci","64","inputs/64KiB/nci.bin","65536","B01B411AC3B5CE2FBF37242C0C59D2D236D2F7039937C1B1A0F18F4CC02549FE","archives/64KiB/nci.hz2","5294","E4E3AA0265B6A36DA35D9F9F03708E58C7CE2AB951DEAACB0080CD4FF3D9EE18","decoded/64KiB/nci.decoded","65536","B01B411AC3B5CE2FBF37242C0C59D2D236D2F7039937C1B1A0F18F4CC02549FE","0.0553998","0.0654507","2.02734375","4.5","4.5","E65526F9DFF3F93844E004D63C7B2A4E4F219B5EAB3F1B3D3ABCF0B301F65003","profile_id=2;mode=fast;block_size=131072;zstd_level=3;lzma_level=9;threads=1;process_timeout_seconds=3600","""E:\MIXER\hybridzip\build\Release\hybridzip.exe"" c --profile=r2 --r2-mode=fast --block-size=131072 --zstd-level=3 ""E:\MIXER\hybridzip\results\experiments\hybridzip-r2-e6-fast-full-20260828-retry1\children\hybridzip-r2-e6-fast-full-20260828-retry1-fast-b128-r1\inputs\64KiB\nci.bin"" ""E:\MIXER\hybridzip\results\experiments\hybridzip-r2-e6-fast-full-20260828-retry1\children\hybridzip-r2-e6-fast-full-20260828-retry1-fast-b128-r1\archives\64KiB\nci.hz2""","""E:\MIXER\hybridzip\build\Release\hybridzip.exe"" d ""E:\MIXER\hybridzip\results\experiments\hybridzip-r2-e6-fast-full-20260828-retry1\children\hybridzip-r2-e6-fast-full-20260828-retry1-fast-b128-r1\archives\64KiB\nci.hz2"" ""E:\MIXER\hybridzip\results\experiments\hybridzip-r2-e6-fast-full-20260828-retry1\children\hybridzip-r2-e6-fast-full-20260828-retry1-fast-b128-r1\decoded\64KiB\nci.decoded""","0","0","2026-08-28T02:38:59.7360785+08:00","COMPLETE","PASS","zstd=1","Complete R2 archive size; SHA-256 byte-exact roundtrip verified."
"e6-fast","fast","128","1","False","0","0","none","hybridzip-r2-e6-fast-full-20260828-retry1-fast-b128-r1","r2-fast","1","12","nci","128","inputs/128KiB/nci.bin","131072","C8A1D610355E5EF900ED4C704DF14ADF1935D95DFD8F1740AC9FD90FC9BF5781","archives/128KiB/nci.hz2","11268","3C147EFAEDD4A98442B6ADF65A3B61C40FEE75A1BC2B37921F2BF202BE801CC5","decoded/128KiB/nci.decoded","131072","C8A1D610355E5EF900ED4C704DF14ADF1935D95DFD8F1740AC9FD90FC9BF5781","0.0606492","0.0619042","2.02734375","2.9765625","2.9765625","E65526F9DFF3F93844E004D63C7B2A4E4F219B5EAB3F1B3D3ABCF0B301F65003","profile_id=2;mode=fast;block_size=131072;zstd_level=3;lzma_level=9;threads=1;process_timeout_seconds=3600","""E:\MIXER\hybridzip\build\Release\hybridzip.exe"" c --profile=r2 --r2-mode=fast --block-size=131072 --zstd-level=3 ""E:\MIXER\hybridzip\results\experiments\hybridzip-r2-e6-fast-full-20260828-retry1\children\hybridzip-r2-e6-fast-full-20260828-retry1-fast-b128-r1\inputs\128KiB\nci.bin"" ""E:\MIXER\hybridzip\results\experiments\hybridzip-r2-e6-fast-full-20260828-retry1\children\hybridzip-r2-e6-fast-full-20260828-retry1-fast-b128-r1\archives\128KiB\nci.hz2""","""E:\MIXER\hybridzip\build\Release\hybridzip.exe"" d ""E:\MIXER\hybridzip\results\experiments\hybridzip-r2-e6-fast-full-20260828-retry1\children\hybridzip-r2-e6-fast-full-20260828-retry1-fast-b128-r1\archives\128KiB\nci.hz2"" ""E:\MIXER\hybridzip\results\experiments\hybridzip-r2-e6-fast-full-20260828-retry1\children\hybridzip-r2-e6-fast-full-20260828-retry1-fast-b128-r1\decoded\128KiB\nci.decoded""","0","0","2026-08-28T02:38:59.9224454+08:00","COMPLETE","PASS","zstd=1","Complete R2 archive size; SHA-256 byte-exact roundtrip verified."
"e6-fast","fast","128","1","False","0","0","none","hybridzip-r2-e6-fast-full-20260828-retry1-fast-b128-r1","r2-fast","1","13","ooffice","32","inputs/32KiB/ooffice.bin","32768","2ACF9B4CAAEAC5814CDFEF0FA48A5ECE857C847DBDB7B44EEAB95CA3C098921C","archives/32KiB/ooffice.hz2","14873","FFFC0F96DB39FB6AEA0EB7F90BBCB9345D8D9CC1FFE9965B08A36BE31DBADED4","decoded/32KiB/ooffice.decoded","32768","2ACF9B4CAAEAC5814CDFEF0FA48A5ECE857C847DBDB7B44EEAB95CA3C098921C","0.0580499","0.0630364","2.02734375","4.20703125","4.20703125","E65526F9DFF3F93844E004D63C7B2A4E4F219B5EAB3F1B3D3ABCF0B301F65003","profile_id=2;mode=fast;block_size=131072;zstd_level=3;lzma_level=9;threads=1;process_timeout_seconds=3600","""E:\MIXER\hybridzip\build\Release\hybridzip.exe"" c --profile=r2 --r2-mode=fast --block-size=131072 --zstd-level=3 ""E:\MIXER\hybridzip\results\experiments\hybridzip-r2-e6-fast-full-20260828-retry1\children\hybridzip-r2-e6-fast-full-20260828-retry1-fast-b128-r1\inputs\32KiB\ooffice.bin"" ""E:\MIXER\hybridzip\results\experiments\hybridzip-r2-e6-fast-full-20260828-retry1\children\hybridzip-r2-e6-fast-full-20260828-retry1-fast-b128-r1\archives\32KiB\ooffice.hz2""","""E:\MIXER\hybridzip\build\Release\hybridzip.exe"" d ""E:\MIXER\hybridzip\results\experiments\hybridzip-r2-e6-fast-full-20260828-retry1\children\hybridzip-r2-e6-fast-full-20260828-retry1-fast-b128-r1\archives\32KiB\ooffice.hz2"" ""E:\MIXER\hybridzip\results\experiments\hybridzip-r2-e6-fast-full-20260828-retry1\children\hybridzip-r2-e6-fast-full-20260828-retry1-fast-b128-r1\decoded\32KiB\ooffice.decoded""","0","0","2026-08-28T02:39:00.1119056+08:00","COMPLETE","PASS","zstd=1","Complete R2 archive size; SHA-256 byte-exact roundtrip verified."
"e6-fast","fast","128","1","False","0","0","none","hybridzip-r2-e6-fast-full-20260828-retry1-fast-b128-r1","r2-fast","1","14","ooffice","64","inputs/64KiB/ooffice.bin","65536","9D30521922187D0A26F56CF2DF85001F9585D0D4EC6A0A8797466AFCC367F825","archives/64KiB/ooffice.hz2","34284","51A2829A908BCA425C4FB0CB720D5C32CEED33788C312294963F9A52B691742E","decoded/64KiB/ooffice.decoded","65536","9D30521922187D0A26F56CF2DF85001F9585D0D4EC6A0A8797466AFCC367F825","0.060429","0.0485468","2.02734375","4.5546875","4.5546875","E65526F9DFF3F93844E004D63C7B2A4E4F219B5EAB3F1B3D3ABCF0B301F65003","profile_id=2;mode=fast;block_size=131072;zstd_level=3;lzma_level=9;threads=1;process_timeout_seconds=3600","""E:\MIXER\hybridzip\build\Release\hybridzip.exe"" c --profile=r2 --r2-mode=fast --block-size=131072 --zstd-level=3 ""E:\MIXER\hybridzip\results\experiments\hybridzip-r2-e6-fast-full-20260828-retry1\children\hybridzip-r2-e6-fast-full-20260828-retry1-fast-b128-r1\inputs\64KiB\ooffice.bin"" ""E:\MIXER\hybridzip\results\experiments\hybridzip-r2-e6-fast-full-20260828-retry1\children\hybridzip-r2-e6-fast-full-20260828-retry1-fast-b128-r1\archives\64KiB\ooffice.hz2""","""E:\MIXER\hybridzip\build\Release\hybridzip.exe"" d ""E:\MIXER\hybridzip\results\experiments\hybridzip-r2-e6-fast-full-20260828-retry1\children\hybridzip-r2-e6-fast-full-20260828-retry1-fast-b128-r1\archives\64KiB\ooffice.hz2"" ""E:\MIXER\hybridzip\results\experiments\hybridzip-r2-e6-fast-full-20260828-retry1\children\hybridzip-r2-e6-fast-full-20260828-retry1-fast-b128-r1\decoded\64KiB\ooffice.decoded""","0","0","2026-08-28T02:39:00.3130208+08:00","COMPLETE","PASS","zstd=1","Complete R2 archive size; SHA-256 byte-exact roundtrip verified."
"e6-fast","fast","128","1","False","0","0","none","hybridzip-r2-e6-fast-full-20260828-retry1-fast-b128-r1","r2-fast","1","15","ooffice","128","inputs/128KiB/ooffice.bin","131072","09FA5F3EE5311528863F8C3FADA3B530CC24AC1D88128E4DB2BF434161879FEF","archives/128KiB/ooffice.hz2","72249","387F7F2E6B96D1519168EFF132EA75B68BE57A8740E3D5A898879AD953391EB7","decoded/128KiB/ooffice.decoded","131072","09FA5F3EE5311528863F8C3FADA3B530CC24AC1D88128E4DB2BF434161879FEF","0.0447171","0.0480554","2.02734375","2.02734375","2.02734375","E65526F9DFF3F93844E004D63C7B2A4E4F219B5EAB3F1B3D3ABCF0B301F65003","profile_id=2;mode=fast;block_size=131072;zstd_level=3;lzma_level=9;threads=1;process_timeout_seconds=3600","""E:\MIXER\hybridzip\build\Release\hybridzip.exe"" c --profile=r2 --r2-mode=fast --block-size=131072 --zstd-level=3 ""E:\MIXER\hybridzip\results\experiments\hybridzip-r2-e6-fast-full-20260828-retry1\children\hybridzip-r2-e6-fast-full-20260828-retry1-fast-b128-r1\inputs\128KiB\ooffice.bin"" ""E:\MIXER\hybridzip\results\experiments\hybridzip-r2-e6-fast-full-20260828-retry1\children\hybridzip-r2-e6-fast-full-20260828-retry1-fast-b128-r1\archives\128KiB\ooffice.hz2""","""E:\MIXER\hybridzip\build\Release\hybridzip.exe"" d ""E:\MIXER\hybridzip\results\experiments\hybridzip-r2-e6-fast-full-20260828-retry1\children\hybridzip-r2-e6-fast-full-20260828-retry1-fast-b128-r1\archives\128KiB\ooffice.hz2"" ""E:\MIXER\hybridzip\results\experiments\hybridzip-r2-e6-fast-full-20260828-retry1\children\hybridzip-r2-e6-fast-full-20260828-retry1-fast-b128-r1\decoded\128KiB\ooffice.decoded""","0","0","2026-08-28T02:39:00.5041910+08:00","COMPLETE","PASS","zstd=1","Complete R2 archive size; SHA-256 byte-exact roundtrip verified."
"e6-fast","fast","128","1","False","0","0","none","hybridzip-r2-e6-fast-full-20260828-retry1-fast-b128-r1","r2-fast","1","16","osdb","32","inputs/32KiB/osdb.bin","32768","03B2C20B777682CD960BCD893D7A4463161D9C0200FD1708B2EFAE32A259D0B7","archives/32KiB/osdb.hz2","15697","D277689F1E1A3429E5461613F1BAB79DAE6EB59DA2650E2DDE4A1ADA36C563CF","decoded/32KiB/osdb.decoded","32768","03B2C20B777682CD960BCD893D7A4463161D9C0200FD1708B2EFAE32A259D0B7","0.0536015","0.0481075","5.015625","3.96484375","5.015625","E65526F9DFF3F93844E004D63C7B2A4E4F219B5EAB3F1B3D3ABCF0B301F65003","profile_id=2;mode=fast;block_size=131072;zstd_level=3;lzma_level=9;threads=1;process_timeout_seconds=3600","""E:\MIXER\hybridzip\build\Release\hybridzip.exe"" c --profile=r2 --r2-mode=fast --block-size=131072 --zstd-level=3 ""E:\MIXER\hybridzip\results\experiments\hybridzip-r2-e6-fast-full-20260828-retry1\children\hybridzip-r2-e6-fast-full-20260828-retry1-fast-b128-r1\inputs\32KiB\osdb.bin"" ""E:\MIXER\hybridzip\results\experiments\hybridzip-r2-e6-fast-full-20260828-retry1\children\hybridzip-r2-e6-fast-full-20260828-retry1-fast-b128-r1\archives\32KiB\osdb.hz2""","""E:\MIXER\hybridzip\build\Release\hybridzip.exe"" d ""E:\MIXER\hybridzip\results\experiments\hybridzip-r2-e6-fast-full-20260828-retry1\children\hybridzip-r2-e6-fast-full-20260828-retry1-fast-b128-r1\archives\32KiB\osdb.hz2"" ""E:\MIXER\hybridzip\results\experiments\hybridzip-r2-e6-fast-full-20260828-retry1\children\hybridzip-r2-e6-fast-full-20260828-retry1-fast-b128-r1\decoded\32KiB\osdb.decoded""","0","0","2026-08-28T02:39:00.6845441+08:00","COMPLETE","PASS","zstd=1","Complete R2 archive size; SHA-256 byte-exact roundtrip verified."
"e6-fast","fast","128","1","False","0","0","none","hybridzip-r2-e6-fast-full-20260828-retry1-fast-b128-r1","r2-fast","1","17","osdb","64","inputs/64KiB/osdb.bin","65536","F8FE629325A07588118BA0B65880A87DED43EF249CCBC91F0E977BBACAE0C125","archives/64KiB/osdb.hz2","27356","231783C9AE9D539E88CC7F7825EFF5B9AB5B117C0114902BFB676CB8EC04A912","decoded/64KiB/osdb.decoded","65536","F8FE629325A07588118BA0B65880A87DED43EF249CCBC91F0E977BBACAE0C125","0.0447084","0.0525676","2.02734375","4.53515625","4.53515625","E65526F9DFF3F93844E004D63C7B2A4E4F219B5EAB3F1B3D3ABCF0B301F65003","profile_id=2;mode=fast;block_size=131072;zstd_level=3;lzma_level=9;threads=1;process_timeout_seconds=3600","""E:\MIXER\hybridzip\build\Release\hybridzip.exe"" c --profile=r2 --r2-mode=fast --block-size=131072 --zstd-level=3 ""E:\MIXER\hybridzip\results\experiments\hybridzip-r2-e6-fast-full-20260828-retry1\children\hybridzip-r2-e6-fast-full-20260828-retry1-fast-b128-r1\inputs\64KiB\osdb.bin"" ""E:\MIXER\hybridzip\results\experiments\hybridzip-r2-e6-fast-full-20260828-retry1\children\hybridzip-r2-e6-fast-full-20260828-retry1-fast-b128-r1\archives\64KiB\osdb.hz2""","""E:\MIXER\hybridzip\build\Release\hybridzip.exe"" d ""E:\MIXER\hybridzip\results\experiments\hybridzip-r2-e6-fast-full-20260828-retry1\children\hybridzip-r2-e6-fast-full-20260828-retry1-fast-b128-r1\archives\64KiB\osdb.hz2"" ""E:\MIXER\hybridzip\results\experiments\hybridzip-r2-e6-fast-full-20260828-retry1\children\hybridzip-r2-e6-fast-full-20260828-retry1-fast-b128-r1\decoded\64KiB\osdb.decoded""","0","0","2026-08-28T02:39:00.8512632+08:00","COMPLETE","PASS","zstd=1","Complete R2 archive size; SHA-256 byte-exact roundtrip verified."
"e6-fast","fast","128","1","False","0","0","none","hybridzip-r2-e6-fast-full-20260828-retry1-fast-b128-r1","r2-fast","1","18","osdb","128","inputs/128KiB/osdb.bin","131072","D977E72AE13AEFC36A4B6171A895E26A0E6EEE447B1B9FBE868D7B1C046CC91F","archives/128KiB/osdb.hz2","50368","58C9C1223298E9FC28BC03D3C11CA61968154871ADE825F9CB1F13B0F1882283","decoded/128KiB/osdb.decoded","131072","D977E72AE13AEFC36A4B6171A895E26A0E6EEE447B1B9FBE868D7B1C046CC91F","0.0558412","0.0408449","2.0234375","2.02734375","2.02734375","E65526F9DFF3F93844E004D63C7B2A4E4F219B5EAB3F1B3D3ABCF0B301F65003","profile_id=2;mode=fast;block_size=131072;zstd_level=3;lzma_level=9;threads=1;process_timeout_seconds=3600","""E:\MIXER\hybridzip\build\Release\hybridzip.exe"" c --profile=r2 --r2-mode=fast --block-size=131072 --zstd-level=3 ""E:\MIXER\hybridzip\results\experiments\hybridzip-r2-e6-fast-full-20260828-retry1\children\hybridzip-r2-e6-fast-full-20260828-retry1-fast-b128-r1\inputs\128KiB\osdb.bin"" ""E:\MIXER\hybridzip\results\experiments\hybridzip-r2-e6-fast-full-20260828-retry1\children\hybridzip-r2-e6-fast-full-20260828-retry1-fast-b128-r1\archives\128KiB\osdb.hz2""","""E:\MIXER\hybridzip\build\Release\hybridzip.exe"" d ""E:\MIXER\hybridzip\results\experiments\hybridzip-r2-e6-fast-full-20260828-retry1\children\hybridzip-r2-e6-fast-full-20260828-retry1-fast-b128-r1\archives\128KiB\osdb.hz2"" ""E:\MIXER\hybridzip\results\experiments\hybridzip-r2-e6-fast-full-20260828-retry1\children\hybridzip-r2-e6-fast-full-20260828-retry1-fast-b128-r1\decoded\128KiB\osdb.decoded""","0","0","2026-08-28T02:39:01.0148635+08:00","COMPLETE","PASS","zstd=1","Complete R2 archive size; SHA-256 byte-exact roundtrip verified."
"e6-fast","fast","128","1","False","0","0","none","hybridzip-r2-e6-fast-full-20260828-retry1-fast-b128-r1","r2-fast","1","19","reymont","32","inputs/32KiB/reymont.bin","32768","9D5E4B9340C2260DAE7DDB01B3EDA58236FF2DE5E1FF4D56767AA840B6FB1A87","archives/32KiB/reymont.hz2","10573","9E59A3CC9F4D4E3976CD42C686353C9AB1A02B800FF226B966A3557D1456F178","decoded/32KiB/reymont.decoded","32768","9D5E4B9340C2260DAE7DDB01B3EDA58236FF2DE5E1FF4D56767AA840B6FB1A87","0.0541855","0.0483216","2.02734375","2.02734375","2.02734375","E65526F9DFF3F93844E004D63C7B2A4E4F219B5EAB3F1B3D3ABCF0B301F65003","profile_id=2;mode=fast;block_size=131072;zstd_level=3;lzma_level=9;threads=1;process_timeout_seconds=3600","""E:\MIXER\hybridzip\build\Release\hybridzip.exe"" c --profile=r2 --r2-mode=fast --block-size=131072 --zstd-level=3 ""E:\MIXER\hybridzip\results\experiments\hybridzip-r2-e6-fast-full-20260828-retry1\children\hybridzip-r2-e6-fast-full-20260828-retry1-fast-b128-r1\inputs\32KiB\reymont.bin"" ""E:\MIXER\hybridzip\results\experiments\hybridzip-r2-e6-fast-full-20260828-retry1\children\hybridzip-r2-e6-fast-full-20260828-retry1-fast-b128-r1\archives\32KiB\reymont.hz2""","""E:\MIXER\hybridzip\build\Release\hybridzip.exe"" d ""E:\MIXER\hybridzip\results\experiments\hybridzip-r2-e6-fast-full-20260828-retry1\children\hybridzip-r2-e6-fast-full-20260828-retry1-fast-b128-r1\archives\32KiB\reymont.hz2"" ""E:\MIXER\hybridzip\results\experiments\hybridzip-r2-e6-fast-full-20260828-retry1\children\hybridzip-r2-e6-fast-full-20260828-retry1-fast-b128-r1\decoded\32KiB\reymont.decoded""","0","0","2026-08-28T02:39:01.1833615+08:00","COMPLETE","PASS","zstd=1","Complete R2 archive size; SHA-256 byte-exact roundtrip verified."
"e6-fast","fast","128","1","False","0","0","none","hybridzip-r2-e6-fast-full-20260828-retry1-fast-b128-r1","r2-fast","1","20","reymont","64","inputs/64KiB/reymont.bin","65536","A5ECAAABB133F1ADF8DE6062BE6381D143E87F9F8050EEA9B5BE6F92B88C3C22","archives/64KiB/reymont.hz2","20575","57285E7982646F44B3B885226D45014EA98515D265E3FE4ACCB8280086AEA74B","decoded/64KiB/reymont.decoded","65536","A5ECAAABB133F1ADF8DE6062BE6381D143E87F9F8050EEA9B5BE6F92B88C3C22","0.041239","0.0489199","2.02734375","4.25","4.25","E65526F9DFF3F93844E004D63C7B2A4E4F219B5EAB3F1B3D3ABCF0B301F65003","profile_id=2;mode=fast;block_size=131072;zstd_level=3;lzma_level=9;threads=1;process_timeout_seconds=3600","""E:\MIXER\hybridzip\build\Release\hybridzip.exe"" c --profile=r2 --r2-mode=fast --block-size=131072 --zstd-level=3 ""E:\MIXER\hybridzip\results\experiments\hybridzip-r2-e6-fast-full-20260828-retry1\children\hybridzip-r2-e6-fast-full-20260828-retry1-fast-b128-r1\inputs\64KiB\reymont.bin"" ""E:\MIXER\hybridzip\results\experiments\hybridzip-r2-e6-fast-full-20260828-retry1\children\hybridzip-r2-e6-fast-full-20260828-retry1-fast-b128-r1\archives\64KiB\reymont.hz2""","""E:\MIXER\hybridzip\build\Release\hybridzip.exe"" d ""E:\MIXER\hybridzip\results\experiments\hybridzip-r2-e6-fast-full-20260828-retry1\children\hybridzip-r2-e6-fast-full-20260828-retry1-fast-b128-r1\archives\64KiB\reymont.hz2"" ""E:\MIXER\hybridzip\results\experiments\hybridzip-r2-e6-fast-full-20260828-retry1\children\hybridzip-r2-e6-fast-full-20260828-retry1-fast-b128-r1\decoded\64KiB\reymont.decoded""","0","0","2026-08-28T02:39:01.3550633+08:00","COMPLETE","PASS","zstd=1","Complete R2 archive size; SHA-256 byte-exact roundtrip verified."
"e6-fast","fast","128","1","False","0","0","none","hybridzip-r2-e6-fast-full-20260828-retry1-fast-b128-r1","r2-fast","1","21","reymont","128","inputs/128KiB/reymont.bin","131072","A6CA7478854C1E80DFEAF9FB3444B357F9D7625E55232FAE3B3632A5A1217DEA","archives/128KiB/reymont.hz2","40443","C036491CB7C40963F23DEE49D664635246CC83F3B5982E91961E4E30BB6CB492","decoded/128KiB/reymont.decoded","131072","A6CA7478854C1E80DFEAF9FB3444B357F9D7625E55232FAE3B3632A5A1217DEA","0.0530168","0.048896","5.40625","4.59765625","5.40625","E65526F9DFF3F93844E004D63C7B2A4E4F219B5EAB3F1B3D3ABCF0B301F65003","profile_id=2;mode=fast;block_size=131072;zstd_level=3;lzma_level=9;threads=1;process_timeout_seconds=3600","""E:\MIXER\hybridzip\build\Release\hybridzip.exe"" c --profile=r2 --r2-mode=fast --block-size=131072 --zstd-level=3 ""E:\MIXER\hybridzip\results\experiments\hybridzip-r2-e6-fast-full-20260828-retry1\children\hybridzip-r2-e6-fast-full-20260828-retry1-fast-b128-r1\inputs\128KiB\reymont.bin"" ""E:\MIXER\hybridzip\results\experiments\hybridzip-r2-e6-fast-full-20260828-retry1\children\hybridzip-r2-e6-fast-full-20260828-retry1-fast-b128-r1\archives\128KiB\reymont.hz2""","""E:\MIXER\hybridzip\build\Release\hybridzip.exe"" d ""E:\MIXER\hybridzip\results\experiments\hybridzip-r2-e6-fast-full-20260828-retry1\children\hybridzip-r2-e6-fast-full-20260828-retry1-fast-b128-r1\archives\128KiB\reymont.hz2"" ""E:\MIXER\hybridzip\results\experiments\hybridzip-r2-e6-fast-full-20260828-retry1\children\hybridzip-r2-e6-fast-full-20260828-retry1-fast-b128-r1\decoded\128KiB\reymont.decoded""","0","0","2026-08-28T02:39:01.5141351+08:00","COMPLETE","PASS","zstd=1","Complete R2 archive size; SHA-256 byte-exact roundtrip verified."
"e6-fast","fast","128","1","False","0","0","none","hybridzip-r2-e6-fast-full-20260828-retry1-fast-b128-r1","r2-fast","1","22","samba","32","inputs/32KiB/samba.bin","32768","9C4F5BEE544E4531E4946E62F796987418B4526911C34877EF282F14DD57AD12","archives/32KiB/samba.hz2","11947","A8C4B07E7AA03D14EFD4BCD0A2CD1C19BF70C84E984AF81886E9EB9EB4342E79","decoded/32KiB/samba.decoded","32768","9C4F5BEE544E4531E4946E62F796987418B4526911C34877EF282F14DD57AD12","0.0449241","0.0521052","2.02734375","4.1640625","4.1640625","E65526F9DFF3F93844E004D63C7B2A4E4F219B5EAB3F1B3D3ABCF0B301F65003","profile_id=2;mode=fast;block_size=131072;zstd_level=3;lzma_level=9;threads=1;process_timeout_seconds=3600","""E:\MIXER\hybridzip\build\Release\hybridzip.exe"" c --profile=r2 --r2-mode=fast --block-size=131072 --zstd-level=3 ""E:\MIXER\hybridzip\results\experiments\hybridzip-r2-e6-fast-full-20260828-retry1\children\hybridzip-r2-e6-fast-full-20260828-retry1-fast-b128-r1\inputs\32KiB\samba.bin"" ""E:\MIXER\hybridzip\results\experiments\hybridzip-r2-e6-fast-full-20260828-retry1\children\hybridzip-r2-e6-fast-full-20260828-retry1-fast-b128-r1\archives\32KiB\samba.hz2""","""E:\MIXER\hybridzip\build\Release\hybridzip.exe"" d ""E:\MIXER\hybridzip\results\experiments\hybridzip-r2-e6-fast-full-20260828-retry1\children\hybridzip-r2-e6-fast-full-20260828-retry1-fast-b128-r1\archives\32KiB\samba.hz2"" ""E:\MIXER\hybridzip\results\experiments\hybridzip-r2-e6-fast-full-20260828-retry1\children\hybridzip-r2-e6-fast-full-20260828-retry1-fast-b128-r1\decoded\32KiB\samba.decoded""","0","0","2026-08-28T02:39:01.6845521+08:00","COMPLETE","PASS","zstd=1","Complete R2 archive size; SHA-256 byte-exact roundtrip verified."
"e6-fast","fast","128","1","False","0","0","none","hybridzip-r2-e6-fast-full-20260828-retry1-fast-b128-r1","r2-fast","1","23","samba","64","inputs/64KiB/samba.bin","65536","3E0420984C0F260EA7350734600CEA9D8500B745E2E4B7DBD4D1DA1D1ADAC421","archives/64KiB/samba.hz2","23329","FA0E3DCCADA67868F221F9C0EF13E9BCF278AF14EF428CF19783B0C9B3739D60","decoded/64KiB/samba.decoded","65536","3E0420984C0F260EA7350734600CEA9D8500B745E2E4B7DBD4D1DA1D1ADAC421","0.0509177","0.0493517","5.14453125","4.5234375","5.14453125","E65526F9DFF3F93844E004D63C7B2A4E4F219B5EAB3F1B3D3ABCF0B301F65003","profile_id=2;mode=fast;block_size=131072;zstd_level=3;lzma_level=9;threads=1;process_timeout_seconds=3600","""E:\MIXER\hybridzip\build\Release\hybridzip.exe"" c --profile=r2 --r2-mode=fast --block-size=131072 --zstd-level=3 ""E:\MIXER\hybridzip\results\experiments\hybridzip-r2-e6-fast-full-20260828-retry1\children\hybridzip-r2-e6-fast-full-20260828-retry1-fast-b128-r1\inputs\64KiB\samba.bin"" ""E:\MIXER\hybridzip\results\experiments\hybridzip-r2-e6-fast-full-20260828-retry1\children\hybridzip-r2-e6-fast-full-20260828-retry1-fast-b128-r1\archives\64KiB\samba.hz2""","""E:\MIXER\hybridzip\build\Release\hybridzip.exe"" d ""E:\MIXER\hybridzip\results\experiments\hybridzip-r2-e6-fast-full-20260828-retry1\children\hybridzip-r2-e6-fast-full-20260828-retry1-fast-b128-r1\archives\64KiB\samba.hz2"" ""E:\MIXER\hybridzip\results\experiments\hybridzip-r2-e6-fast-full-20260828-retry1\children\hybridzip-r2-e6-fast-full-20260828-retry1-fast-b128-r1\decoded\64KiB\samba.decoded""","0","0","2026-08-28T02:39:01.8502992+08:00","COMPLETE","PASS","zstd=1","Complete R2 archive size; SHA-256 byte-exact roundtrip verified."
"e6-fast","fast","128","1","False","0","0","none","hybridzip-r2-e6-fast-full-20260828-retry1-fast-b128-r1","r2-fast","1","24","samba","128","inputs/128KiB/samba.bin","131072","F3B8C4AD35BC6CF21977895D6F04A22B1422605942FA5AFE35CE28B2A221D7E8","archives/128KiB/samba.hz2","50587","4370481858B1F3E89B7A7324D0A3D3A2BEA7AF769FF0EB664409E721BD243CA3","decoded/128KiB/samba.decoded","131072","F3B8C4AD35BC6CF21977895D6F04A22B1422605942FA5AFE35CE28B2A221D7E8","0.041272","0.0471734","2.02734375","2.48828125","2.48828125","E65526F9DFF3F93844E004D63C7B2A4E4F219B5EAB3F1B3D3ABCF0B301F65003","profile_id=2;mode=fast;block_size=131072;zstd_level=3;lzma_level=9;threads=1;process_timeout_seconds=3600","""E:\MIXER\hybridzip\build\Release\hybridzip.exe"" c --profile=r2 --r2-mode=fast --block-size=131072 --zstd-level=3 ""E:\MIXER\hybridzip\results\experiments\hybridzip-r2-e6-fast-full-20260828-retry1\children\hybridzip-r2-e6-fast-full-20260828-retry1-fast-b128-r1\inputs\128KiB\samba.bin"" ""E:\MIXER\hybridzip\results\experiments\hybridzip-r2-e6-fast-full-20260828-retry1\children\hybridzip-r2-e6-fast-full-20260828-retry1-fast-b128-r1\archives\128KiB\samba.hz2""","""E:\MIXER\hybridzip\build\Release\hybridzip.exe"" d ""E:\MIXER\hybridzip\results\experiments\hybridzip-r2-e6-fast-full-20260828-retry1\children\hybridzip-r2-e6-fast-full-20260828-retry1-fast-b128-r1\archives\128KiB\samba.hz2"" ""E:\MIXER\hybridzip\results\experiments\hybridzip-r2-e6-fast-full-20260828-retry1\children\hybridzip-r2-e6-fast-full-20260828-retry1-fast-b128-r1\decoded\128KiB\samba.decoded""","0","0","2026-08-28T02:39:02.0142293+08:00","COMPLETE","PASS","zstd=1","Complete R2 archive size; SHA-256 byte-exact roundtrip verified."
"e6-fast","fast","128","1","False","0","0","none","hybridzip-r2-e6-fast-full-20260828-retry1-fast-b128-r1","r2-fast","1","25","sao","32","inputs/32KiB/sao.bin","32768","95677430CAD4F000506BC5EE22815C3F4E13D64B477ED506B78D5D9ACFB50CCD","archives/32KiB/sao.hz2","26959","A639E9A06D1680DDDFB56D34E720F1000FB7E99D79A98D6E7B2472E9EB2835FC","decoded/32KiB/sao.decoded","32768","95677430CAD4F000506BC5EE22815C3F4E13D64B477ED506B78D5D9ACFB50CCD","0.0436754","0.0458858","2.02734375","2.02734375","2.02734375","E65526F9DFF3F93844E004D63C7B2A4E4F219B5EAB3F1B3D3ABCF0B301F65003","profile_id=2;mode=fast;block_size=131072;zstd_level=3;lzma_level=9;threads=1;process_timeout_seconds=3600","""E:\MIXER\hybridzip\build\Release\hybridzip.exe"" c --profile=r2 --r2-mode=fast --block-size=131072 --zstd-level=3 ""E:\MIXER\hybridzip\results\experiments\hybridzip-r2-e6-fast-full-20260828-retry1\children\hybridzip-r2-e6-fast-full-20260828-retry1-fast-b128-r1\inputs\32KiB\sao.bin"" ""E:\MIXER\hybridzip\results\experiments\hybridzip-r2-e6-fast-full-20260828-retry1\children\hybridzip-r2-e6-fast-full-20260828-retry1-fast-b128-r1\archives\32KiB\sao.hz2""","""E:\MIXER\hybridzip\build\Release\hybridzip.exe"" d ""E:\MIXER\hybridzip\results\experiments\hybridzip-r2-e6-fast-full-20260828-retry1\children\hybridzip-r2-e6-fast-full-20260828-retry1-fast-b128-r1\archives\32KiB\sao.hz2"" ""E:\MIXER\hybridzip\results\experiments\hybridzip-r2-e6-fast-full-20260828-retry1\children\hybridzip-r2-e6-fast-full-20260828-retry1-fast-b128-r1\decoded\32KiB\sao.decoded""","0","0","2026-08-28T02:39:02.1697077+08:00","COMPLETE","PASS","zstd=1","Complete R2 archive size; SHA-256 byte-exact roundtrip verified."
"e6-fast","fast","128","1","False","0","0","none","hybridzip-r2-e6-fast-full-20260828-retry1-fast-b128-r1","r2-fast","1","26","sao","64","inputs/64KiB/sao.bin","65536","17CBD7166A47786139F60BA33B4E771CE0154F6FA56986883D129BC23F78EBEE","archives/64KiB/sao.hz2","53336","A35CD777886E2CD0C5AF0AE69237091B528DCBCC0DEEE14727EDE4E482FEC205","decoded/64KiB/sao.decoded","65536","17CBD7166A47786139F60BA33B4E771CE0154F6FA56986883D129BC23F78EBEE","0.0419931","0.0501497","2.02734375","4.57421875","4.57421875","E65526F9DFF3F93844E004D63C7B2A4E4F219B5EAB3F1B3D3ABCF0B301F65003","profile_id=2;mode=fast;block_size=131072;zstd_level=3;lzma_level=9;threads=1;process_timeout_seconds=3600","""E:\MIXER\hybridzip\build\Release\hybridzip.exe"" c --profile=r2 --r2-mode=fast --block-size=131072 --zstd-level=3 ""E:\MIXER\hybridzip\results\experiments\hybridzip-r2-e6-fast-full-20260828-retry1\children\hybridzip-r2-e6-fast-full-20260828-retry1-fast-b128-r1\inputs\64KiB\sao.bin"" ""E:\MIXER\hybridzip\results\experiments\hybridzip-r2-e6-fast-full-20260828-retry1\children\hybridzip-r2-e6-fast-full-20260828-retry1-fast-b128-r1\archives\64KiB\sao.hz2""","""E:\MIXER\hybridzip\build\Release\hybridzip.exe"" d ""E:\MIXER\hybridzip\results\experiments\hybridzip-r2-e6-fast-full-20260828-retry1\children\hybridzip-r2-e6-fast-full-20260828-retry1-fast-b128-r1\archives\64KiB\sao.hz2"" ""E:\MIXER\hybridzip\results\experiments\hybridzip-r2-e6-fast-full-20260828-retry1\children\hybridzip-r2-e6-fast-full-20260828-retry1-fast-b128-r1\decoded\64KiB\sao.decoded""","0","0","2026-08-28T02:39:02.3259785+08:00","COMPLETE","PASS","zstd=1","Complete R2 archive size; SHA-256 byte-exact roundtrip verified."
"e6-fast","fast","128","1","False","0","0","none","hybridzip-r2-e6-fast-full-20260828-retry1-fast-b128-r1","r2-fast","1","27","sao","128","inputs/128KiB/sao.bin","131072","75E535B42DB7505118D8B19C7C42C1F49C5542ADDC9DBC13383953659F675CE0","archives/128KiB/sao.hz2","105736","323AF00C6FB6B528E5F57629478C4C90986785C96A153CC174669C86BB19052E","decoded/128KiB/sao.decoded","131072","75E535B42DB7505118D8B19C7C42C1F49C5542ADDC9DBC13383953659F675CE0","0.042211","0.0663606","2.02734375","4.69140625","4.69140625","E65526F9DFF3F93844E004D63C7B2A4E4F219B5EAB3F1B3D3ABCF0B301F65003","profile_id=2;mode=fast;block_size=131072;zstd_level=3;lzma_level=9;threads=1;process_timeout_seconds=3600","""E:\MIXER\hybridzip\build\Release\hybridzip.exe"" c --profile=r2 --r2-mode=fast --block-size=131072 --zstd-level=3 ""E:\MIXER\hybridzip\results\experiments\hybridzip-r2-e6-fast-full-20260828-retry1\children\hybridzip-r2-e6-fast-full-20260828-retry1-fast-b128-r1\inputs\128KiB\sao.bin"" ""E:\MIXER\hybridzip\results\experiments\hybridzip-r2-e6-fast-full-20260828-retry1\children\hybridzip-r2-e6-fast-full-20260828-retry1-fast-b128-r1\archives\128KiB\sao.hz2""","""E:\MIXER\hybridzip\build\Release\hybridzip.exe"" d ""E:\MIXER\hybridzip\results\experiments\hybridzip-r2-e6-fast-full-20260828-retry1\children\hybridzip-r2-e6-fast-full-20260828-retry1-fast-b128-r1\archives\128KiB\sao.hz2"" ""E:\MIXER\hybridzip\results\experiments\hybridzip-r2-e6-fast-full-20260828-retry1\children\hybridzip-r2-e6-fast-full-20260828-retry1-fast-b128-r1\decoded\128KiB\sao.decoded""","0","0","2026-08-28T02:39:02.4842595+08:00","COMPLETE","PASS","zstd=1","Complete R2 archive size; SHA-256 byte-exact roundtrip verified."
"e6-fast","fast","128","1","False","0","0","none","hybridzip-r2-e6-fast-full-20260828-retry1-fast-b128-r1","r2-fast","1","28","webster","32","inputs/32KiB/webster.bin","32768","774D224695AF4057353F72602BB96CD2AFEEA059AC7737535645F11596FCA85E","archives/32KiB/webster.hz2","13778","1AD7809B3A943552CC23DD44EA1DA58ECE002A5905262C3CFF34E4F3E0AE8917","decoded/32KiB/webster.decoded","32768","774D224695AF4057353F72602BB96CD2AFEEA059AC7737535645F11596FCA85E","0.0534111","0.0655688","2.02734375","2.0234375","2.02734375","E65526F9DFF3F93844E004D63C7B2A4E4F219B5EAB3F1B3D3ABCF0B301F65003","profile_id=2;mode=fast;block_size=131072;zstd_level=3;lzma_level=9;threads=1;process_timeout_seconds=3600","""E:\MIXER\hybridzip\build\Release\hybridzip.exe"" c --profile=r2 --r2-mode=fast --block-size=131072 --zstd-level=3 ""E:\MIXER\hybridzip\results\experiments\hybridzip-r2-e6-fast-full-20260828-retry1\children\hybridzip-r2-e6-fast-full-20260828-retry1-fast-b128-r1\inputs\32KiB\webster.bin"" ""E:\MIXER\hybridzip\results\experiments\hybridzip-r2-e6-fast-full-20260828-retry1\children\hybridzip-r2-e6-fast-full-20260828-retry1-fast-b128-r1\archives\32KiB\webster.hz2""","""E:\MIXER\hybridzip\build\Release\hybridzip.exe"" d ""E:\MIXER\hybridzip\results\experiments\hybridzip-r2-e6-fast-full-20260828-retry1\children\hybridzip-r2-e6-fast-full-20260828-retry1-fast-b128-r1\archives\32KiB\webster.hz2"" ""E:\MIXER\hybridzip\results\experiments\hybridzip-r2-e6-fast-full-20260828-retry1\children\hybridzip-r2-e6-fast-full-20260828-retry1-fast-b128-r1\decoded\32KiB\webster.decoded""","0","0","2026-08-28T02:39:02.6598507+08:00","COMPLETE","PASS","zstd=1","Complete R2 archive size; SHA-256 byte-exact roundtrip verified."
"e6-fast","fast","128","1","False","0","0","none","hybridzip-r2-e6-fast-full-20260828-retry1-fast-b128-r1","r2-fast","1","29","webster","64","inputs/64KiB/webster.bin","65536","262258811321382F9E4F44D2184B6B7FED0336CF831446D8336C47D6CCC2B32E","archives/64KiB/webster.hz2","24457","88E26D73D6020366498C4BC807B20AE0B63E6B06CA6D41CF7338D570F04C1693","decoded/64KiB/webster.decoded","65536","262258811321382F9E4F44D2184B6B7FED0336CF831446D8336C47D6CCC2B32E","0.0412746","0.0493264","2.02734375","4.5078125","4.5078125","E65526F9DFF3F93844E004D63C7B2A4E4F219B5EAB3F1B3D3ABCF0B301F65003","profile_id=2;mode=fast;block_size=131072;zstd_level=3;lzma_level=9;threads=1;process_timeout_seconds=3600","""E:\MIXER\hybridzip\build\Release\hybridzip.exe"" c --profile=r2 --r2-mode=fast --block-size=131072 --zstd-level=3 ""E:\MIXER\hybridzip\results\experiments\hybridzip-r2-e6-fast-full-20260828-retry1\children\hybridzip-r2-e6-fast-full-20260828-retry1-fast-b128-r1\inputs\64KiB\webster.bin"" ""E:\MIXER\hybridzip\results\experiments\hybridzip-r2-e6-fast-full-20260828-retry1\children\hybridzip-r2-e6-fast-full-20260828-retry1-fast-b128-r1\archives\64KiB\webster.hz2""","""E:\MIXER\hybridzip\build\Release\hybridzip.exe"" d ""E:\MIXER\hybridzip\results\experiments\hybridzip-r2-e6-fast-full-20260828-retry1\children\hybridzip-r2-e6-fast-full-20260828-retry1-fast-b128-r1\archives\64KiB\webster.hz2"" ""E:\MIXER\hybridzip\results\experiments\hybridzip-r2-e6-fast-full-20260828-retry1\children\hybridzip-r2-e6-fast-full-20260828-retry1-fast-b128-r1\decoded\64KiB\webster.decoded""","0","0","2026-08-28T02:39:02.8457192+08:00","COMPLETE","PASS","zstd=1","Complete R2 archive size; SHA-256 byte-exact roundtrip verified."
"e6-fast","fast","128","1","False","0","0","none","hybridzip-r2-e6-fast-full-20260828-retry1-fast-b128-r1","r2-fast","1","30","webster","128","inputs/128KiB/webster.bin","131072","C069C1FDCA99BC5C44F06D134CD0CDA60315DD631AA6564733B2CE0E6D59305C","archives/128KiB/webster.hz2","44683","562486FF4C549743086F14B4E09FF5C2CE877986078BA63FB958B74148756C21","decoded/128KiB/webster.decoded","131072","C069C1FDCA99BC5C44F06D134CD0CDA60315DD631AA6564733B2CE0E6D59305C","0.0402217","0.0495153","2.02734375","4.609375","4.609375","E65526F9DFF3F93844E004D63C7B2A4E4F219B5EAB3F1B3D3ABCF0B301F65003","profile_id=2;mode=fast;block_size=131072;zstd_level=3;lzma_level=9;threads=1;process_timeout_seconds=3600","""E:\MIXER\hybridzip\build\Release\hybridzip.exe"" c --profile=r2 --r2-mode=fast --block-size=131072 --zstd-level=3 ""E:\MIXER\hybridzip\results\experiments\hybridzip-r2-e6-fast-full-20260828-retry1\children\hybridzip-r2-e6-fast-full-20260828-retry1-fast-b128-r1\inputs\128KiB\webster.bin"" ""E:\MIXER\hybridzip\results\experiments\hybridzip-r2-e6-fast-full-20260828-retry1\children\hybridzip-r2-e6-fast-full-20260828-retry1-fast-b128-r1\archives\128KiB\webster.hz2""","""E:\MIXER\hybridzip\build\Release\hybridzip.exe"" d ""E:\MIXER\hybridzip\results\experiments\hybridzip-r2-e6-fast-full-20260828-retry1\children\hybridzip-r2-e6-fast-full-20260828-retry1-fast-b128-r1\archives\128KiB\webster.hz2"" ""E:\MIXER\hybridzip\results\experiments\hybridzip-r2-e6-fast-full-20260828-retry1\children\hybridzip-r2-e6-fast-full-20260828-retry1-fast-b128-r1\decoded\128KiB\webster.decoded""","0","0","2026-08-28T02:39:03.0051576+08:00","COMPLETE","PASS","zstd=1","Complete R2 archive size; SHA-256 byte-exact roundtrip verified."
"e6-fast","fast","128","1","False","0","0","none","hybridzip-r2-e6-fast-full-20260828-retry1-fast-b128-r1","r2-fast","1","31","x-ray","32","inputs/32KiB/x-ray.bin","32768","10511AA63DFBD9C0DDBFEFE36068740103D4BA1116E214154A0772057D7E9314","archives/32KiB/x-ray.hz2","26409","D5E023394953E143ECBB50629923DC6C6BA8027B9C5AD24C1E61D5D91BA37A7A","decoded/32KiB/x-ray.decoded","32768","10511AA63DFBD9C0DDBFEFE36068740103D4BA1116E214154A0772057D7E9314","0.0407837","0.0468681","2.02734375","2.02734375","2.02734375","E65526F9DFF3F93844E004D63C7B2A4E4F219B5EAB3F1B3D3ABCF0B301F65003","profile_id=2;mode=fast;block_size=131072;zstd_level=3;lzma_level=9;threads=1;process_timeout_seconds=3600","""E:\MIXER\hybridzip\build\Release\hybridzip.exe"" c --profile=r2 --r2-mode=fast --block-size=131072 --zstd-level=3 ""E:\MIXER\hybridzip\results\experiments\hybridzip-r2-e6-fast-full-20260828-retry1\children\hybridzip-r2-e6-fast-full-20260828-retry1-fast-b128-r1\inputs\32KiB\x-ray.bin"" ""E:\MIXER\hybridzip\results\experiments\hybridzip-r2-e6-fast-full-20260828-retry1\children\hybridzip-r2-e6-fast-full-20260828-retry1-fast-b128-r1\archives\32KiB\x-ray.hz2""","""E:\MIXER\hybridzip\build\Release\hybridzip.exe"" d ""E:\MIXER\hybridzip\results\experiments\hybridzip-r2-e6-fast-full-20260828-retry1\children\hybridzip-r2-e6-fast-full-20260828-retry1-fast-b128-r1\archives\32KiB\x-ray.hz2"" ""E:\MIXER\hybridzip\results\experiments\hybridzip-r2-e6-fast-full-20260828-retry1\children\hybridzip-r2-e6-fast-full-20260828-retry1-fast-b128-r1\decoded\32KiB\x-ray.decoded""","0","0","2026-08-28T02:39:03.1665160+08:00","COMPLETE","PASS","zstd=1","Complete R2 archive size; SHA-256 byte-exact roundtrip verified."
"e6-fast","fast","128","1","False","0","0","none","hybridzip-r2-e6-fast-full-20260828-retry1-fast-b128-r1","r2-fast","1","32","x-ray","64","inputs/64KiB/x-ray.bin","65536","B5A07146616BCD7C2D10071D41E07D204DE0AC629C4CA37D8E867FF00574D0D8","archives/64KiB/x-ray.hz2","51793","FCFA5E6BE99D18F361146D0AFE016EBB2B4943866A67902A7D4AC258C837EA97","decoded/64KiB/x-ray.decoded","65536","B5A07146616BCD7C2D10071D41E07D204DE0AC629C4CA37D8E867FF00574D0D8","0.0444373","0.0476716","2.02734375","4.58984375","4.58984375","E65526F9DFF3F93844E004D63C7B2A4E4F219B5EAB3F1B3D3ABCF0B301F65003","profile_id=2;mode=fast;block_size=131072;zstd_level=3;lzma_level=9;threads=1;process_timeout_seconds=3600","""E:\MIXER\hybridzip\build\Release\hybridzip.exe"" c --profile=r2 --r2-mode=fast --block-size=131072 --zstd-level=3 ""E:\MIXER\hybridzip\results\experiments\hybridzip-r2-e6-fast-full-20260828-retry1\children\hybridzip-r2-e6-fast-full-20260828-retry1-fast-b128-r1\inputs\64KiB\x-ray.bin"" ""E:\MIXER\hybridzip\results\experiments\hybridzip-r2-e6-fast-full-20260828-retry1\children\hybridzip-r2-e6-fast-full-20260828-retry1-fast-b128-r1\archives\64KiB\x-ray.hz2""","""E:\MIXER\hybridzip\build\Release\hybridzip.exe"" d ""E:\MIXER\hybridzip\results\experiments\hybridzip-r2-e6-fast-full-20260828-retry1\children\hybridzip-r2-e6-fast-full-20260828-retry1-fast-b128-r1\archives\64KiB\x-ray.hz2"" ""E:\MIXER\hybridzip\results\experiments\hybridzip-r2-e6-fast-full-20260828-retry1\children\hybridzip-r2-e6-fast-full-20260828-retry1-fast-b128-r1\decoded\64KiB\x-ray.decoded""","0","0","2026-08-28T02:39:03.3196697+08:00","COMPLETE","PASS","zstd=1","Complete R2 archive size; SHA-256 byte-exact roundtrip verified."
"e6-fast","fast","128","1","False","0","0","none","hybridzip-r2-e6-fast-full-20260828-retry1-fast-b128-r1","r2-fast","1","33","x-ray","128","inputs/128KiB/x-ray.bin","131072","7A65B793FB2A694C20686275A899B304445473528F7C998BE26F8C68EB18F76E","archives/128KiB/x-ray.hz2","103283","406A0B381F8BADE4B9CA1F408517A590FAEBE88C2D46FC12A9635E278D0A32B2","decoded/128KiB/x-ray.decoded","131072","7A65B793FB2A694C20686275A899B304445473528F7C998BE26F8C68EB18F76E","0.0436113","0.0496344","2.02734375","4.69921875","4.69921875","E65526F9DFF3F93844E004D63C7B2A4E4F219B5EAB3F1B3D3ABCF0B301F65003","profile_id=2;mode=fast;block_size=131072;zstd_level=3;lzma_level=9;threads=1;process_timeout_seconds=3600","""E:\MIXER\hybridzip\build\Release\hybridzip.exe"" c --profile=r2 --r2-mode=fast --block-size=131072 --zstd-level=3 ""E:\MIXER\hybridzip\results\experiments\hybridzip-r2-e6-fast-full-20260828-retry1\children\hybridzip-r2-e6-fast-full-20260828-retry1-fast-b128-r1\inputs\128KiB\x-ray.bin"" ""E:\MIXER\hybridzip\results\experiments\hybridzip-r2-e6-fast-full-20260828-retry1\children\hybridzip-r2-e6-fast-full-20260828-retry1-fast-b128-r1\archives\128KiB\x-ray.hz2""","""E:\MIXER\hybridzip\build\Release\hybridzip.exe"" d ""E:\MIXER\hybridzip\results\experiments\hybridzip-r2-e6-fast-full-20260828-retry1\children\hybridzip-r2-e6-fast-full-20260828-retry1-fast-b128-r1\archives\128KiB\x-ray.hz2"" ""E:\MIXER\hybridzip\results\experiments\hybridzip-r2-e6-fast-full-20260828-retry1\children\hybridzip-r2-e6-fast-full-20260828-retry1-fast-b128-r1\decoded\128KiB\x-ray.decoded""","0","0","2026-08-28T02:39:03.4776261+08:00","COMPLETE","PASS","zstd=1","Complete R2 archive size; SHA-256 byte-exact roundtrip verified."
"e6-fast","fast","128","1","False","0","0","none","hybridzip-r2-e6-fast-full-20260828-retry1-fast-b128-r1","r2-fast","1","34","xml","32","inputs/32KiB/xml.bin","32768","C2F7F129956F8D6FC3D0E3595D93F98D5270B6F5BC4AB5E70F45867822EFDD71","archives/32KiB/xml.hz2","3483","E8F7DB88DEBC2B79BDE181866CDEC9DE1EEDC0A27F60588F2D550F5927DE4797","decoded/32KiB/xml.decoded","32768","C2F7F129956F8D6FC3D0E3595D93F98D5270B6F5BC4AB5E70F45867822EFDD71","0.0454461","0.0495994","2.65234375","4.49609375","4.49609375","E65526F9DFF3F93844E004D63C7B2A4E4F219B5EAB3F1B3D3ABCF0B301F65003","profile_id=2;mode=fast;block_size=131072;zstd_level=3;lzma_level=9;threads=1;process_timeout_seconds=3600","""E:\MIXER\hybridzip\build\Release\hybridzip.exe"" c --profile=r2 --r2-mode=fast --block-size=131072 --zstd-level=3 ""E:\MIXER\hybridzip\results\experiments\hybridzip-r2-e6-fast-full-20260828-retry1\children\hybridzip-r2-e6-fast-full-20260828-retry1-fast-b128-r1\inputs\32KiB\xml.bin"" ""E:\MIXER\hybridzip\results\experiments\hybridzip-r2-e6-fast-full-20260828-retry1\children\hybridzip-r2-e6-fast-full-20260828-retry1-fast-b128-r1\archives\32KiB\xml.hz2""","""E:\MIXER\hybridzip\build\Release\hybridzip.exe"" d ""E:\MIXER\hybridzip\results\experiments\hybridzip-r2-e6-fast-full-20260828-retry1\children\hybridzip-r2-e6-fast-full-20260828-retry1-fast-b128-r1\archives\32KiB\xml.hz2"" ""E:\MIXER\hybridzip\results\experiments\hybridzip-r2-e6-fast-full-20260828-retry1\children\hybridzip-r2-e6-fast-full-20260828-retry1-fast-b128-r1\decoded\32KiB\xml.decoded""","0","0","2026-08-28T02:39:03.6358177+08:00","COMPLETE","PASS","zstd=1","Complete R2 archive size; SHA-256 byte-exact roundtrip verified."
"e6-fast","fast","128","1","False","0","0","none","hybridzip-r2-e6-fast-full-20260828-retry1-fast-b128-r1","r2-fast","1","35","xml","64","inputs/64KiB/xml.bin","65536","E32AFF2BEBF00105A17DD57F5490C1986D17543CEE837B42EB56B3E0E6F8E7F1","archives/64KiB/xml.hz2","6163","9A91E692659A8953CC8AF0263A5A3790BE104DC5BD3D6E9E18C8AE6212D3D51D","decoded/64KiB/xml.decoded","65536","E32AFF2BEBF00105A17DD57F5490C1986D17543CEE837B42EB56B3E0E6F8E7F1","0.0424775","0.0485524","2.02734375","4.25390625","4.25390625","E65526F9DFF3F93844E004D63C7B2A4E4F219B5EAB3F1B3D3ABCF0B301F65003","profile_id=2;mode=fast;block_size=131072;zstd_level=3;lzma_level=9;threads=1;process_timeout_seconds=3600","""E:\MIXER\hybridzip\build\Release\hybridzip.exe"" c --profile=r2 --r2-mode=fast --block-size=131072 --zstd-level=3 ""E:\MIXER\hybridzip\results\experiments\hybridzip-r2-e6-fast-full-20260828-retry1\children\hybridzip-r2-e6-fast-full-20260828-retry1-fast-b128-r1\inputs\64KiB\xml.bin"" ""E:\MIXER\hybridzip\results\experiments\hybridzip-r2-e6-fast-full-20260828-retry1\children\hybridzip-r2-e6-fast-full-20260828-retry1-fast-b128-r1\archives\64KiB\xml.hz2""","""E:\MIXER\hybridzip\build\Release\hybridzip.exe"" d ""E:\MIXER\hybridzip\results\experiments\hybridzip-r2-e6-fast-full-20260828-retry1\children\hybridzip-r2-e6-fast-full-20260828-retry1-fast-b128-r1\archives\64KiB\xml.hz2"" ""E:\MIXER\hybridzip\results\experiments\hybridzip-r2-e6-fast-full-20260828-retry1\children\hybridzip-r2-e6-fast-full-20260828-retry1-fast-b128-r1\decoded\64KiB\xml.decoded""","0","0","2026-08-28T02:39:03.7947379+08:00","COMPLETE","PASS","zstd=1","Complete R2 archive size; SHA-256 byte-exact roundtrip verified."
"e6-fast","fast","128","1","False","0","0","none","hybridzip-r2-e6-fast-full-20260828-retry1-fast-b128-r1","r2-fast","1","36","xml","128","inputs/128KiB/xml.bin","131072","5FA29C746885F2EEB98734218475915A78092CCB3B0F68B08861EE210E5B6E25","archives/128KiB/xml.hz2","11955","B74E4D7BDEE5A366CA69CA2AC980B8B6713C481231703FD13090E9E0AF24D68F","decoded/128KiB/xml.decoded","131072","5FA29C746885F2EEB98734218475915A78092CCB3B0F68B08861EE210E5B6E25","0.041556","0.0488967","2.02734375","4.57421875","4.57421875","E65526F9DFF3F93844E004D63C7B2A4E4F219B5EAB3F1B3D3ABCF0B301F65003","profile_id=2;mode=fast;block_size=131072;zstd_level=3;lzma_level=9;threads=1;process_timeout_seconds=3600","""E:\MIXER\hybridzip\build\Release\hybridzip.exe"" c --profile=r2 --r2-mode=fast --block-size=131072 --zstd-level=3 ""E:\MIXER\hybridzip\results\experiments\hybridzip-r2-e6-fast-full-20260828-retry1\children\hybridzip-r2-e6-fast-full-20260828-retry1-fast-b128-r1\inputs\128KiB\xml.bin"" ""E:\MIXER\hybridzip\results\experiments\hybridzip-r2-e6-fast-full-20260828-retry1\children\hybridzip-r2-e6-fast-full-20260828-retry1-fast-b128-r1\archives\128KiB\xml.hz2""","""E:\MIXER\hybridzip\build\Release\hybridzip.exe"" d ""E:\MIXER\hybridzip\results\experiments\hybridzip-r2-e6-fast-full-20260828-retry1\children\hybridzip-r2-e6-fast-full-20260828-retry1-fast-b128-r1\archives\128KiB\xml.hz2"" ""E:\MIXER\hybridzip\results\experiments\hybridzip-r2-e6-fast-full-20260828-retry1\children\hybridzip-r2-e6-fast-full-20260828-retry1-fast-b128-r1\decoded\128KiB\xml.decoded""","0","0","2026-08-28T02:39:03.9517091+08:00","COMPLETE","PASS","zstd=1","Complete R2 archive size; SHA-256 byte-exact roundtrip verified."
"e6-fast","fast","128","2","False","0","0","none","hybridzip-r2-e6-fast-full-20260828-retry1-fast-b128-r2","r2-fast","1","1","dickens","32","inputs/32KiB/dickens.bin","32768","FC42DCB9849222C8704C9DCAE606D075B389B66244FB215035148D6409EC0B31","archives/32KiB/dickens.hz2","14205","A1BDE08B462A24B7CFB93910676C2D06BEF38F98AF2F8427055FF52A270B7718","decoded/32KiB/dickens.decoded","32768","FC42DCB9849222C8704C9DCAE606D075B389B66244FB215035148D6409EC0B31","0.0464761","0.0472775","2.02734375","2.03125","2.03125","E65526F9DFF3F93844E004D63C7B2A4E4F219B5EAB3F1B3D3ABCF0B301F65003","profile_id=2;mode=fast;block_size=131072;zstd_level=3;lzma_level=9;threads=1;process_timeout_seconds=3600","""E:\MIXER\hybridzip\build\Release\hybridzip.exe"" c --profile=r2 --r2-mode=fast --block-size=131072 --zstd-level=3 ""E:\MIXER\hybridzip\results\experiments\hybridzip-r2-e6-fast-full-20260828-retry1\children\hybridzip-r2-e6-fast-full-20260828-retry1-fast-b128-r2\inputs\32KiB\dickens.bin"" ""E:\MIXER\hybridzip\results\experiments\hybridzip-r2-e6-fast-full-20260828-retry1\children\hybridzip-r2-e6-fast-full-20260828-retry1-fast-b128-r2\archives\32KiB\dickens.hz2""","""E:\MIXER\hybridzip\build\Release\hybridzip.exe"" d ""E:\MIXER\hybridzip\results\experiments\hybridzip-r2-e6-fast-full-20260828-retry1\children\hybridzip-r2-e6-fast-full-20260828-retry1-fast-b128-r2\archives\32KiB\dickens.hz2"" ""E:\MIXER\hybridzip\results\experiments\hybridzip-r2-e6-fast-full-20260828-retry1\children\hybridzip-r2-e6-fast-full-20260828-retry1-fast-b128-r2\decoded\32KiB\dickens.decoded""","0","0","2026-08-28T02:39:05.2686918+08:00","COMPLETE","PASS","zstd=1","Complete R2 archive size; SHA-256 byte-exact roundtrip verified."
"e6-fast","fast","128","2","False","0","0","none","hybridzip-r2-e6-fast-full-20260828-retry1-fast-b128-r2","r2-fast","1","2","dickens","64","inputs/64KiB/dickens.bin","65536","134AD989A7B8B40C900A3B9C0F4895317DFD827D9E6E933895B08D2F4A8A8293","archives/64KiB/dickens.hz2","27192","EF69986E9EFFF328656B34CB72D665B3DD9D5A3282B16B4E8FF6D9AD45ADC50F","decoded/64KiB/dickens.decoded","65536","134AD989A7B8B40C900A3B9C0F4895317DFD827D9E6E933895B08D2F4A8A8293","0.0516195","0.0490339","2.02734375","4.53125","4.53125","E65526F9DFF3F93844E004D63C7B2A4E4F219B5EAB3F1B3D3ABCF0B301F65003","profile_id=2;mode=fast;block_size=131072;zstd_level=3;lzma_level=9;threads=1;process_timeout_seconds=3600","""E:\MIXER\hybridzip\build\Release\hybridzip.exe"" c --profile=r2 --r2-mode=fast --block-size=131072 --zstd-level=3 ""E:\MIXER\hybridzip\results\experiments\hybridzip-r2-e6-fast-full-20260828-retry1\children\hybridzip-r2-e6-fast-full-20260828-retry1-fast-b128-r2\inputs\64KiB\dickens.bin"" ""E:\MIXER\hybridzip\results\experiments\hybridzip-r2-e6-fast-full-20260828-retry1\children\hybridzip-r2-e6-fast-full-20260828-retry1-fast-b128-r2\archives\64KiB\dickens.hz2""","""E:\MIXER\hybridzip\build\Release\hybridzip.exe"" d ""E:\MIXER\hybridzip\results\experiments\hybridzip-r2-e6-fast-full-20260828-retry1\children\hybridzip-r2-e6-fast-full-20260828-retry1-fast-b128-r2\archives\64KiB\dickens.hz2"" ""E:\MIXER\hybridzip\results\experiments\hybridzip-r2-e6-fast-full-20260828-retry1\children\hybridzip-r2-e6-fast-full-20260828-retry1-fast-b128-r2\decoded\64KiB\dickens.decoded""","0","0","2026-08-28T02:39:05.4226729+08:00","COMPLETE","PASS","zstd=1","Complete R2 archive size; SHA-256 byte-exact roundtrip verified."
"e6-fast","fast","128","2","False","0","0","none","hybridzip-r2-e6-fast-full-20260828-retry1-fast-b128-r2","r2-fast","1","3","dickens","128","inputs/128KiB/dickens.bin","131072","20E33FCC8FAA96DC32A2D0921115C0F363E64C598A5847CE1A3876E356D59872","archives/128KiB/dickens.hz2","51902","16752AC02B1553B8A03487D0E855141F28425FED10A36FE1685B9C13DCDFD596","decoded/128KiB/dickens.decoded","131072","20E33FCC8FAA96DC32A2D0921115C0F363E64C598A5847CE1A3876E356D59872","0.0440223","0.0491291","2.12890625","4.609375","4.609375","E65526F9DFF3F93844E004D63C7B2A4E4F219B5EAB3F1B3D3ABCF0B301F65003","profile_id=2;mode=fast;block_size=131072;zstd_level=3;lzma_level=9;threads=1;process_timeout_seconds=3600","""E:\MIXER\hybridzip\build\Release\hybridzip.exe"" c --profile=r2 --r2-mode=fast --block-size=131072 --zstd-level=3 ""E:\MIXER\hybridzip\results\experiments\hybridzip-r2-e6-fast-full-20260828-retry1\children\hybridzip-r2-e6-fast-full-20260828-retry1-fast-b128-r2\inputs\128KiB\dickens.bin"" ""E:\MIXER\hybridzip\results\experiments\hybridzip-r2-e6-fast-full-20260828-retry1\children\hybridzip-r2-e6-fast-full-20260828-retry1-fast-b128-r2\archives\128KiB\dickens.hz2""","""E:\MIXER\hybridzip\build\Release\hybridzip.exe"" d ""E:\MIXER\hybridzip\results\experiments\hybridzip-r2-e6-fast-full-20260828-retry1\children\hybridzip-r2-e6-fast-full-20260828-retry1-fast-b128-r2\archives\128KiB\dickens.hz2"" ""E:\MIXER\hybridzip\results\experiments\hybridzip-r2-e6-fast-full-20260828-retry1\children\hybridzip-r2-e6-fast-full-20260828-retry1-fast-b128-r2\decoded\128KiB\dickens.decoded""","0","0","2026-08-28T02:39:05.5876003+08:00","COMPLETE","PASS","zstd=1","Complete R2 archive size; SHA-256 byte-exact roundtrip verified."
"e6-fast","fast","128","2","False","0","0","none","hybridzip-r2-e6-fast-full-20260828-retry1-fast-b128-r2","r2-fast","1","4","mozilla","32","inputs/32KiB/mozilla.bin","32768","9DDEEF36CA0CA55B72FE3376D005926DFF3400A2ADE6EAE18482D8017D8645DB","archives/32KiB/mozilla.hz2","11272","3BB03E188B30B8B1CD5D51CA2785A9F57B7D0B2097FCAA1DAD26A476378ACF3A","decoded/32KiB/mozilla.decoded","32768","9DDEEF36CA0CA55B72FE3376D005926DFF3400A2ADE6EAE18482D8017D8645DB","0.0454619","0.0489585","2.02734375","2.0234375","2.02734375","E65526F9DFF3F93844E004D63C7B2A4E4F219B5EAB3F1B3D3ABCF0B301F65003","profile_id=2;mode=fast;block_size=131072;zstd_level=3;lzma_level=9;threads=1;process_timeout_seconds=3600","""E:\MIXER\hybridzip\build\Release\hybridzip.exe"" c --profile=r2 --r2-mode=fast --block-size=131072 --zstd-level=3 ""E:\MIXER\hybridzip\results\experiments\hybridzip-r2-e6-fast-full-20260828-retry1\children\hybridzip-r2-e6-fast-full-20260828-retry1-fast-b128-r2\inputs\32KiB\mozilla.bin"" ""E:\MIXER\hybridzip\results\experiments\hybridzip-r2-e6-fast-full-20260828-retry1\children\hybridzip-r2-e6-fast-full-20260828-retry1-fast-b128-r2\archives\32KiB\mozilla.hz2""","""E:\MIXER\hybridzip\build\Release\hybridzip.exe"" d ""E:\MIXER\hybridzip\results\experiments\hybridzip-r2-e6-fast-full-20260828-retry1\children\hybridzip-r2-e6-fast-full-20260828-retry1-fast-b128-r2\archives\32KiB\mozilla.hz2"" ""E:\MIXER\hybridzip\results\experiments\hybridzip-r2-e6-fast-full-20260828-retry1\children\hybridzip-r2-e6-fast-full-20260828-retry1-fast-b128-r2\decoded\32KiB\mozilla.decoded""","0","0","2026-08-28T02:39:05.7469602+08:00","COMPLETE","PASS","zstd=1","Complete R2 archive size; SHA-256 byte-exact roundtrip verified."
"e6-fast","fast","128","2","False","0","0","none","hybridzip-r2-e6-fast-full-20260828-retry1-fast-b128-r2","r2-fast","1","5","mozilla","64","inputs/64KiB/mozilla.bin","65536","B0050240663F54371D372303EEABA0A59AB0758BCD565F4F639D06561E6BC996","archives/64KiB/mozilla.hz2","15985","C59415F0E8620E2CDC5BF63E665959C05FF22F638D1E3D038FF8A9B308F47FD6","decoded/64KiB/mozilla.decoded","65536","B0050240663F54371D372303EEABA0A59AB0758BCD565F4F639D06561E6BC996","0.0386006","0.047228","2.02734375","4.49609375","4.49609375","E65526F9DFF3F93844E004D63C7B2A4E4F219B5EAB3F1B3D3ABCF0B301F65003","profile_id=2;mode=fast;block_size=131072;zstd_level=3;lzma_level=9;threads=1;process_timeout_seconds=3600","""E:\MIXER\hybridzip\build\Release\hybridzip.exe"" c --profile=r2 --r2-mode=fast --block-size=131072 --zstd-level=3 ""E:\MIXER\hybridzip\results\experiments\hybridzip-r2-e6-fast-full-20260828-retry1\children\hybridzip-r2-e6-fast-full-20260828-retry1-fast-b128-r2\inputs\64KiB\mozilla.bin"" ""E:\MIXER\hybridzip\results\experiments\hybridzip-r2-e6-fast-full-20260828-retry1\children\hybridzip-r2-e6-fast-full-20260828-retry1-fast-b128-r2\archives\64KiB\mozilla.hz2""","""E:\MIXER\hybridzip\build\Release\hybridzip.exe"" d ""E:\MIXER\hybridzip\results\experiments\hybridzip-r2-e6-fast-full-20260828-retry1\children\hybridzip-r2-e6-fast-full-20260828-retry1-fast-b128-r2\archives\64KiB\mozilla.hz2"" ""E:\MIXER\hybridzip\results\experiments\hybridzip-r2-e6-fast-full-20260828-retry1\children\hybridzip-r2-e6-fast-full-20260828-retry1-fast-b128-r2\decoded\64KiB\mozilla.decoded""","0","0","2026-08-28T02:39:05.9057872+08:00","COMPLETE","PASS","zstd=1","Complete R2 archive size; SHA-256 byte-exact roundtrip verified."
"e6-fast","fast","128","2","False","0","0","none","hybridzip-r2-e6-fast-full-20260828-retry1-fast-b128-r2","r2-fast","1","6","mozilla","128","inputs/128KiB/mozilla.bin","131072","85CDBEA98382DB12E9A21FF90E1907452712D074000A6B855D2CA215FA591EB4","archives/128KiB/mozilla.hz2","21364","87FD10D687B2333F5057784A02760999AB08AA3084AD7FCC8B3454C07946F644","decoded/128KiB/mozilla.decoded","131072","85CDBEA98382DB12E9A21FF90E1907452712D074000A6B855D2CA215FA591EB4","0.0426371","0.0486849","2.02734375","4.5625","4.5625","E65526F9DFF3F93844E004D63C7B2A4E4F219B5EAB3F1B3D3ABCF0B301F65003","profile_id=2;mode=fast;block_size=131072;zstd_level=3;lzma_level=9;threads=1;process_timeout_seconds=3600","""E:\MIXER\hybridzip\build\Release\hybridzip.exe"" c --profile=r2 --r2-mode=fast --block-size=131072 --zstd-level=3 ""E:\MIXER\hybridzip\results\experiments\hybridzip-r2-e6-fast-full-20260828-retry1\children\hybridzip-r2-e6-fast-full-20260828-retry1-fast-b128-r2\inputs\128KiB\mozilla.bin"" ""E:\MIXER\hybridzip\results\experiments\hybridzip-r2-e6-fast-full-20260828-retry1\children\hybridzip-r2-e6-fast-full-20260828-retry1-fast-b128-r2\archives\128KiB\mozilla.hz2""","""E:\MIXER\hybridzip\build\Release\hybridzip.exe"" d ""E:\MIXER\hybridzip\results\experiments\hybridzip-r2-e6-fast-full-20260828-retry1\children\hybridzip-r2-e6-fast-full-20260828-retry1-fast-b128-r2\archives\128KiB\mozilla.hz2"" ""E:\MIXER\hybridzip\results\experiments\hybridzip-r2-e6-fast-full-20260828-retry1\children\hybridzip-r2-e6-fast-full-20260828-retry1-fast-b128-r2\decoded\128KiB\mozilla.decoded""","0","0","2026-08-28T02:39:06.0563700+08:00","COMPLETE","PASS","zstd=1","Complete R2 archive size; SHA-256 byte-exact roundtrip verified."
"e6-fast","fast","128","2","False","0","0","none","hybridzip-r2-e6-fast-full-20260828-retry1-fast-b128-r2","r2-fast","1","7","mr","32","inputs/32KiB/mr.bin","32768","3BB287B0AF65F777AB00C14E362B4D1962087260556001BBEE0689AA10D9F76A","archives/32KiB/mr.hz2","8875","E4A3B3DA2CBA627AB48B73829C94415E072251701388DF1DFC55BCBC2549B667","decoded/32KiB/mr.decoded","32768","3BB287B0AF65F777AB00C14E362B4D1962087260556001BBEE0689AA10D9F76A","0.0456255","0.0473524","2.03125","4.19921875","4.19921875","E65526F9DFF3F93844E004D63C7B2A4E4F219B5EAB3F1B3D3ABCF0B301F65003","profile_id=2;mode=fast;block_size=131072;zstd_level=3;lzma_level=9;threads=1;process_timeout_seconds=3600","""E:\MIXER\hybridzip\build\Release\hybridzip.exe"" c --profile=r2 --r2-mode=fast --block-size=131072 --zstd-level=3 ""E:\MIXER\hybridzip\results\experiments\hybridzip-r2-e6-fast-full-20260828-retry1\children\hybridzip-r2-e6-fast-full-20260828-retry1-fast-b128-r2\inputs\32KiB\mr.bin"" ""E:\MIXER\hybridzip\results\experiments\hybridzip-r2-e6-fast-full-20260828-retry1\children\hybridzip-r2-e6-fast-full-20260828-retry1-fast-b128-r2\archives\32KiB\mr.hz2""","""E:\MIXER\hybridzip\build\Release\hybridzip.exe"" d ""E:\MIXER\hybridzip\results\experiments\hybridzip-r2-e6-fast-full-20260828-retry1\children\hybridzip-r2-e6-fast-full-20260828-retry1-fast-b128-r2\archives\32KiB\mr.hz2"" ""E:\MIXER\hybridzip\results\experiments\hybridzip-r2-e6-fast-full-20260828-retry1\children\hybridzip-r2-e6-fast-full-20260828-retry1-fast-b128-r2\decoded\32KiB\mr.decoded""","0","0","2026-08-28T02:39:06.2110144+08:00","COMPLETE","PASS","zstd=1","Complete R2 archive size; SHA-256 byte-exact roundtrip verified."
"e6-fast","fast","128","2","False","0","0","none","hybridzip-r2-e6-fast-full-20260828-retry1-fast-b128-r2","r2-fast","1","8","mr","64","inputs/64KiB/mr.bin","65536","CAB7B6408934009A4BBFEDB57BEB4943BF5478CF8B3688D01F004E0422EBC651","archives/64KiB/mr.hz2","17591","EB68A4F098C05EE5C8E585FE0228F71639DE861FDB6927710FB2917355BE8D9B","decoded/64KiB/mr.decoded","65536","CAB7B6408934009A4BBFEDB57BEB4943BF5478CF8B3688D01F004E0422EBC651","0.0415843","0.0489038","2.02734375","3.8671875","3.8671875","E65526F9DFF3F93844E004D63C7B2A4E4F219B5EAB3F1B3D3ABCF0B301F65003","profile_id=2;mode=fast;block_size=131072;zstd_level=3;lzma_level=9;threads=1;process_timeout_seconds=3600","""E:\MIXER\hybridzip\build\Release\hybridzip.exe"" c --profile=r2 --r2-mode=fast --block-size=131072 --zstd-level=3 ""E:\MIXER\hybridzip\results\experiments\hybridzip-r2-e6-fast-full-20260828-retry1\children\hybridzip-r2-e6-fast-full-20260828-retry1-fast-b128-r2\inputs\64KiB\mr.bin"" ""E:\MIXER\hybridzip\results\experiments\hybridzip-r2-e6-fast-full-20260828-retry1\children\hybridzip-r2-e6-fast-full-20260828-retry1-fast-b128-r2\archives\64KiB\mr.hz2""","""E:\MIXER\hybridzip\build\Release\hybridzip.exe"" d ""E:\MIXER\hybridzip\results\experiments\hybridzip-r2-e6-fast-full-20260828-retry1\children\hybridzip-r2-e6-fast-full-20260828-retry1-fast-b128-r2\archives\64KiB\mr.hz2"" ""E:\MIXER\hybridzip\results\experiments\hybridzip-r2-e6-fast-full-20260828-retry1\children\hybridzip-r2-e6-fast-full-20260828-retry1-fast-b128-r2\decoded\64KiB\mr.decoded""","0","0","2026-08-28T02:39:06.3700346+08:00","COMPLETE","PASS","zstd=1","Complete R2 archive size; SHA-256 byte-exact roundtrip verified."
"e6-fast","fast","128","2","False","0","0","none","hybridzip-r2-e6-fast-full-20260828-retry1-fast-b128-r2","r2-fast","1","9","mr","128","inputs/128KiB/mr.bin","131072","473A6A883480C7B2E69402AD888AC07B347C2DF61C6AA0D84E8B8130A27792EA","archives/128KiB/mr.hz2","34068","8490E4B2279CF2C3302397236372E25C02F387E930A5B52C55D732E650BE5FAF","decoded/128KiB/mr.decoded","131072","473A6A883480C7B2E69402AD888AC07B347C2DF61C6AA0D84E8B8130A27792EA","0.0393675","0.0476245","2.02734375","4.20703125","4.20703125","E65526F9DFF3F93844E004D63C7B2A4E4F219B5EAB3F1B3D3ABCF0B301F65003","profile_id=2;mode=fast;block_size=131072;zstd_level=3;lzma_level=9;threads=1;process_timeout_seconds=3600","""E:\MIXER\hybridzip\build\Release\hybridzip.exe"" c --profile=r2 --r2-mode=fast --block-size=131072 --zstd-level=3 ""E:\MIXER\hybridzip\results\experiments\hybridzip-r2-e6-fast-full-20260828-retry1\children\hybridzip-r2-e6-fast-full-20260828-retry1-fast-b128-r2\inputs\128KiB\mr.bin"" ""E:\MIXER\hybridzip\results\experiments\hybridzip-r2-e6-fast-full-20260828-retry1\children\hybridzip-r2-e6-fast-full-20260828-retry1-fast-b128-r2\archives\128KiB\mr.hz2""","""E:\MIXER\hybridzip\build\Release\hybridzip.exe"" d ""E:\MIXER\hybridzip\results\experiments\hybridzip-r2-e6-fast-full-20260828-retry1\children\hybridzip-r2-e6-fast-full-20260828-retry1-fast-b128-r2\archives\128KiB\mr.hz2"" ""E:\MIXER\hybridzip\results\experiments\hybridzip-r2-e6-fast-full-20260828-retry1\children\hybridzip-r2-e6-fast-full-20260828-retry1-fast-b128-r2\decoded\128KiB\mr.decoded""","0","0","2026-08-28T02:39:06.5288517+08:00","COMPLETE","PASS","zstd=1","Complete R2 archive size; SHA-256 byte-exact roundtrip verified."
"e6-fast","fast","128","2","False","0","0","none","hybridzip-r2-e6-fast-full-20260828-retry1-fast-b128-r2","r2-fast","1","10","nci","32","inputs/32KiB/nci.bin","32768","0D3034FE8B0E573DE1439ED98CE409B83B13E5895085C9BFB0BF980F4962FB79","archives/32KiB/nci.hz2","3102","443B113655BA2DB5A81951154F64E0605D17E1E5745B1B4D1DCB7E6A304E4A37","decoded/32KiB/nci.decoded","32768","0D3034FE8B0E573DE1439ED98CE409B83B13E5895085C9BFB0BF980F4962FB79","0.0410653","0.0480923","2.02734375","4.44140625","4.44140625","E65526F9DFF3F93844E004D63C7B2A4E4F219B5EAB3F1B3D3ABCF0B301F65003","profile_id=2;mode=fast;block_size=131072;zstd_level=3;lzma_level=9;threads=1;process_timeout_seconds=3600","""E:\MIXER\hybridzip\build\Release\hybridzip.exe"" c --profile=r2 --r2-mode=fast --block-size=131072 --zstd-level=3 ""E:\MIXER\hybridzip\results\experiments\hybridzip-r2-e6-fast-full-20260828-retry1\children\hybridzip-r2-e6-fast-full-20260828-retry1-fast-b128-r2\inputs\32KiB\nci.bin"" ""E:\MIXER\hybridzip\results\experiments\hybridzip-r2-e6-fast-full-20260828-retry1\children\hybridzip-r2-e6-fast-full-20260828-retry1-fast-b128-r2\archives\32KiB\nci.hz2""","""E:\MIXER\hybridzip\build\Release\hybridzip.exe"" d ""E:\MIXER\hybridzip\results\experiments\hybridzip-r2-e6-fast-full-20260828-retry1\children\hybridzip-r2-e6-fast-full-20260828-retry1-fast-b128-r2\archives\32KiB\nci.hz2"" ""E:\MIXER\hybridzip\results\experiments\hybridzip-r2-e6-fast-full-20260828-retry1\children\hybridzip-r2-e6-fast-full-20260828-retry1-fast-b128-r2\decoded\32KiB\nci.decoded""","0","0","2026-08-28T02:39:06.6815984+08:00","COMPLETE","PASS","zstd=1","Complete R2 archive size; SHA-256 byte-exact roundtrip verified."
"e6-fast","fast","128","2","False","0","0","none","hybridzip-r2-e6-fast-full-20260828-retry1-fast-b128-r2","r2-fast","1","11","nci","64","inputs/64KiB/nci.bin","65536","B01B411AC3B5CE2FBF37242C0C59D2D236D2F7039937C1B1A0F18F4CC02549FE","archives/64KiB/nci.hz2","5294","E4E3AA0265B6A36DA35D9F9F03708E58C7CE2AB951DEAACB0080CD4FF3D9EE18","decoded/64KiB/nci.decoded","65536","B01B411AC3B5CE2FBF37242C0C59D2D236D2F7039937C1B1A0F18F4CC02549FE","0.0436945","0.0482187","2.60546875","4.484375","4.484375","E65526F9DFF3F93844E004D63C7B2A4E4F219B5EAB3F1B3D3ABCF0B301F65003","profile_id=2;mode=fast;block_size=131072;zstd_level=3;lzma_level=9;threads=1;process_timeout_seconds=3600","""E:\MIXER\hybridzip\build\Release\hybridzip.exe"" c --profile=r2 --r2-mode=fast --block-size=131072 --zstd-level=3 ""E:\MIXER\hybridzip\results\experiments\hybridzip-r2-e6-fast-full-20260828-retry1\children\hybridzip-r2-e6-fast-full-20260828-retry1-fast-b128-r2\inputs\64KiB\nci.bin"" ""E:\MIXER\hybridzip\results\experiments\hybridzip-r2-e6-fast-full-20260828-retry1\children\hybridzip-r2-e6-fast-full-20260828-retry1-fast-b128-r2\archives\64KiB\nci.hz2""","""E:\MIXER\hybridzip\build\Release\hybridzip.exe"" d ""E:\MIXER\hybridzip\results\experiments\hybridzip-r2-e6-fast-full-20260828-retry1\children\hybridzip-r2-e6-fast-full-20260828-retry1-fast-b128-r2\archives\64KiB\nci.hz2"" ""E:\MIXER\hybridzip\results\experiments\hybridzip-r2-e6-fast-full-20260828-retry1\children\hybridzip-r2-e6-fast-full-20260828-retry1-fast-b128-r2\decoded\64KiB\nci.decoded""","0","0","2026-08-28T02:39:06.8379814+08:00","COMPLETE","PASS","zstd=1","Complete R2 archive size; SHA-256 byte-exact roundtrip verified."
"e6-fast","fast","128","2","False","0","0","none","hybridzip-r2-e6-fast-full-20260828-retry1-fast-b128-r2","r2-fast","1","12","nci","128","inputs/128KiB/nci.bin","131072","C8A1D610355E5EF900ED4C704DF14ADF1935D95DFD8F1740AC9FD90FC9BF5781","archives/128KiB/nci.hz2","11268","3C147EFAEDD4A98442B6ADF65A3B61C40FEE75A1BC2B37921F2BF202BE801CC5","decoded/128KiB/nci.decoded","131072","C8A1D610355E5EF900ED4C704DF14ADF1935D95DFD8F1740AC9FD90FC9BF5781","0.0452933","0.0484802","4.06640625","4.5703125","4.5703125","E65526F9DFF3F93844E004D63C7B2A4E4F219B5EAB3F1B3D3ABCF0B301F65003","profile_id=2;mode=fast;block_size=131072;zstd_level=3;lzma_level=9;threads=1;process_timeout_seconds=3600","""E:\MIXER\hybridzip\build\Release\hybridzip.exe"" c --profile=r2 --r2-mode=fast --block-size=131072 --zstd-level=3 ""E:\MIXER\hybridzip\results\experiments\hybridzip-r2-e6-fast-full-20260828-retry1\children\hybridzip-r2-e6-fast-full-20260828-retry1-fast-b128-r2\inputs\128KiB\nci.bin"" ""E:\MIXER\hybridzip\results\experiments\hybridzip-r2-e6-fast-full-20260828-retry1\children\hybridzip-r2-e6-fast-full-20260828-retry1-fast-b128-r2\archives\128KiB\nci.hz2""","""E:\MIXER\hybridzip\build\Release\hybridzip.exe"" d ""E:\MIXER\hybridzip\results\experiments\hybridzip-r2-e6-fast-full-20260828-retry1\children\hybridzip-r2-e6-fast-full-20260828-retry1-fast-b128-r2\archives\128KiB\nci.hz2"" ""E:\MIXER\hybridzip\results\experiments\hybridzip-r2-e6-fast-full-20260828-retry1\children\hybridzip-r2-e6-fast-full-20260828-retry1-fast-b128-r2\decoded\128KiB\nci.decoded""","0","0","2026-08-28T02:39:06.9955120+08:00","COMPLETE","PASS","zstd=1","Complete R2 archive size; SHA-256 byte-exact roundtrip verified."
"e6-fast","fast","128","2","False","0","0","none","hybridzip-r2-e6-fast-full-20260828-retry1-fast-b128-r2","r2-fast","1","13","ooffice","32","inputs/32KiB/ooffice.bin","32768","2ACF9B4CAAEAC5814CDFEF0FA48A5ECE857C847DBDB7B44EEAB95CA3C098921C","archives/32KiB/ooffice.hz2","14873","FFFC0F96DB39FB6AEA0EB7F90BBCB9345D8D9CC1FFE9965B08A36BE31DBADED4","decoded/32KiB/ooffice.decoded","32768","2ACF9B4CAAEAC5814CDFEF0FA48A5ECE857C847DBDB7B44EEAB95CA3C098921C","0.0424684","0.0462611","2.02734375","2.90625","2.90625","E65526F9DFF3F93844E004D63C7B2A4E4F219B5EAB3F1B3D3ABCF0B301F65003","profile_id=2;mode=fast;block_size=131072;zstd_level=3;lzma_level=9;threads=1;process_timeout_seconds=3600","""E:\MIXER\hybridzip\build\Release\hybridzip.exe"" c --profile=r2 --r2-mode=fast --block-size=131072 --zstd-level=3 ""E:\MIXER\hybridzip\results\experiments\hybridzip-r2-e6-fast-full-20260828-retry1\children\hybridzip-r2-e6-fast-full-20260828-retry1-fast-b128-r2\inputs\32KiB\ooffice.bin"" ""E:\MIXER\hybridzip\results\experiments\hybridzip-r2-e6-fast-full-20260828-retry1\children\hybridzip-r2-e6-fast-full-20260828-retry1-fast-b128-r2\archives\32KiB\ooffice.hz2""","""E:\MIXER\hybridzip\build\Release\hybridzip.exe"" d ""E:\MIXER\hybridzip\results\experiments\hybridzip-r2-e6-fast-full-20260828-retry1\children\hybridzip-r2-e6-fast-full-20260828-retry1-fast-b128-r2\archives\32KiB\ooffice.hz2"" ""E:\MIXER\hybridzip\results\experiments\hybridzip-r2-e6-fast-full-20260828-retry1\children\hybridzip-r2-e6-fast-full-20260828-retry1-fast-b128-r2\decoded\32KiB\ooffice.decoded""","0","0","2026-08-28T02:39:07.1553865+08:00","COMPLETE","PASS","zstd=1","Complete R2 archive size; SHA-256 byte-exact roundtrip verified."
"e6-fast","fast","128","2","False","0","0","none","hybridzip-r2-e6-fast-full-20260828-retry1-fast-b128-r2","r2-fast","1","14","ooffice","64","inputs/64KiB/ooffice.bin","65536","9D30521922187D0A26F56CF2DF85001F9585D0D4EC6A0A8797466AFCC367F825","archives/64KiB/ooffice.hz2","34284","51A2829A908BCA425C4FB0CB720D5C32CEED33788C312294963F9A52B691742E","decoded/64KiB/ooffice.decoded","65536","9D30521922187D0A26F56CF2DF85001F9585D0D4EC6A0A8797466AFCC367F825","0.038589","0.0467123","2.02734375","3.109375","3.109375","E65526F9DFF3F93844E004D63C7B2A4E4F219B5EAB3F1B3D3ABCF0B301F65003","profile_id=2;mode=fast;block_size=131072;zstd_level=3;lzma_level=9;threads=1;process_timeout_seconds=3600","""E:\MIXER\hybridzip\build\Release\hybridzip.exe"" c --profile=r2 --r2-mode=fast --block-size=131072 --zstd-level=3 ""E:\MIXER\hybridzip\results\experiments\hybridzip-r2-e6-fast-full-20260828-retry1\children\hybridzip-r2-e6-fast-full-20260828-retry1-fast-b128-r2\inputs\64KiB\ooffice.bin"" ""E:\MIXER\hybridzip\results\experiments\hybridzip-r2-e6-fast-full-20260828-retry1\children\hybridzip-r2-e6-fast-full-20260828-retry1-fast-b128-r2\archives\64KiB\ooffice.hz2""","""E:\MIXER\hybridzip\build\Release\hybridzip.exe"" d ""E:\MIXER\hybridzip\results\experiments\hybridzip-r2-e6-fast-full-20260828-retry1\children\hybridzip-r2-e6-fast-full-20260828-retry1-fast-b128-r2\archives\64KiB\ooffice.hz2"" ""E:\MIXER\hybridzip\results\experiments\hybridzip-r2-e6-fast-full-20260828-retry1\children\hybridzip-r2-e6-fast-full-20260828-retry1-fast-b128-r2\decoded\64KiB\ooffice.decoded""","0","0","2026-08-28T02:39:07.3273550+08:00","COMPLETE","PASS","zstd=1","Complete R2 archive size; SHA-256 byte-exact roundtrip verified."
"e6-fast","fast","128","2","False","0","0","none","hybridzip-r2-e6-fast-full-20260828-retry1-fast-b128-r2","r2-fast","1","15","ooffice","128","inputs/128KiB/ooffice.bin","131072","09FA5F3EE5311528863F8C3FADA3B530CC24AC1D88128E4DB2BF434161879FEF","archives/128KiB/ooffice.hz2","72249","387F7F2E6B96D1519168EFF132EA75B68BE57A8740E3D5A898879AD953391EB7","decoded/128KiB/ooffice.decoded","131072","09FA5F3EE5311528863F8C3FADA3B530CC24AC1D88128E4DB2BF434161879FEF","0.0402779","0.0491606","2.02734375","4.6796875","4.6796875","E65526F9DFF3F93844E004D63C7B2A4E4F219B5EAB3F1B3D3ABCF0B301F65003","profile_id=2;mode=fast;block_size=131072;zstd_level=3;lzma_level=9;threads=1;process_timeout_seconds=3600","""E:\MIXER\hybridzip\build\Release\hybridzip.exe"" c --profile=r2 --r2-mode=fast --block-size=131072 --zstd-level=3 ""E:\MIXER\hybridzip\results\experiments\hybridzip-r2-e6-fast-full-20260828-retry1\children\hybridzip-r2-e6-fast-full-20260828-retry1-fast-b128-r2\inputs\128KiB\ooffice.bin"" ""E:\MIXER\hybridzip\results\experiments\hybridzip-r2-e6-fast-full-20260828-retry1\children\hybridzip-r2-e6-fast-full-20260828-retry1-fast-b128-r2\archives\128KiB\ooffice.hz2""","""E:\MIXER\hybridzip\build\Release\hybridzip.exe"" d ""E:\MIXER\hybridzip\results\experiments\hybridzip-r2-e6-fast-full-20260828-retry1\children\hybridzip-r2-e6-fast-full-20260828-retry1-fast-b128-r2\archives\128KiB\ooffice.hz2"" ""E:\MIXER\hybridzip\results\experiments\hybridzip-r2-e6-fast-full-20260828-retry1\children\hybridzip-r2-e6-fast-full-20260828-retry1-fast-b128-r2\decoded\128KiB\ooffice.decoded""","0","0","2026-08-28T02:39:07.4971222+08:00","COMPLETE","PASS","zstd=1","Complete R2 archive size; SHA-256 byte-exact roundtrip verified."
"e6-fast","fast","128","2","False","0","0","none","hybridzip-r2-e6-fast-full-20260828-retry1-fast-b128-r2","r2-fast","1","16","osdb","32","inputs/32KiB/osdb.bin","32768","03B2C20B777682CD960BCD893D7A4463161D9C0200FD1708B2EFAE32A259D0B7","archives/32KiB/osdb.hz2","15697","D277689F1E1A3429E5461613F1BAB79DAE6EB59DA2650E2DDE4A1ADA36C563CF","decoded/32KiB/osdb.decoded","32768","03B2C20B777682CD960BCD893D7A4463161D9C0200FD1708B2EFAE32A259D0B7","0.0452123","0.0476376","2.02734375","2.01953125","2.02734375","E65526F9DFF3F93844E004D63C7B2A4E4F219B5EAB3F1B3D3ABCF0B301F65003","profile_id=2;mode=fast;block_size=131072;zstd_level=3;lzma_level=9;threads=1;process_timeout_seconds=3600","""E:\MIXER\hybridzip\build\Release\hybridzip.exe"" c --profile=r2 --r2-mode=fast --block-size=131072 --zstd-level=3 ""E:\MIXER\hybridzip\results\experiments\hybridzip-r2-e6-fast-full-20260828-retry1\children\hybridzip-r2-e6-fast-full-20260828-retry1-fast-b128-r2\inputs\32KiB\osdb.bin"" ""E:\MIXER\hybridzip\results\experiments\hybridzip-r2-e6-fast-full-20260828-retry1\children\hybridzip-r2-e6-fast-full-20260828-retry1-fast-b128-r2\archives\32KiB\osdb.hz2""","""E:\MIXER\hybridzip\build\Release\hybridzip.exe"" d ""E:\MIXER\hybridzip\results\experiments\hybridzip-r2-e6-fast-full-20260828-retry1\children\hybridzip-r2-e6-fast-full-20260828-retry1-fast-b128-r2\archives\32KiB\osdb.hz2"" ""E:\MIXER\hybridzip\results\experiments\hybridzip-r2-e6-fast-full-20260828-retry1\children\hybridzip-r2-e6-fast-full-20260828-retry1-fast-b128-r2\decoded\32KiB\osdb.decoded""","0","0","2026-08-28T02:39:07.6667116+08:00","COMPLETE","PASS","zstd=1","Complete R2 archive size; SHA-256 byte-exact roundtrip verified."
"e6-fast","fast","128","2","False","0","0","none","hybridzip-r2-e6-fast-full-20260828-retry1-fast-b128-r2","r2-fast","1","17","osdb","64","inputs/64KiB/osdb.bin","65536","F8FE629325A07588118BA0B65880A87DED43EF249CCBC91F0E977BBACAE0C125","archives/64KiB/osdb.hz2","27356","231783C9AE9D539E88CC7F7825EFF5B9AB5B117C0114902BFB676CB8EC04A912","decoded/64KiB/osdb.decoded","65536","F8FE629325A07588118BA0B65880A87DED43EF249CCBC91F0E977BBACAE0C125","0.0432372","0.0471417","2.328125","2.703125","2.703125","E65526F9DFF3F93844E004D63C7B2A4E4F219B5EAB3F1B3D3ABCF0B301F65003","profile_id=2;mode=fast;block_size=131072;zstd_level=3;lzma_level=9;threads=1;process_timeout_seconds=3600","""E:\MIXER\hybridzip\build\Release\hybridzip.exe"" c --profile=r2 --r2-mode=fast --block-size=131072 --zstd-level=3 ""E:\MIXER\hybridzip\results\experiments\hybridzip-r2-e6-fast-full-20260828-retry1\children\hybridzip-r2-e6-fast-full-20260828-retry1-fast-b128-r2\inputs\64KiB\osdb.bin"" ""E:\MIXER\hybridzip\results\experiments\hybridzip-r2-e6-fast-full-20260828-retry1\children\hybridzip-r2-e6-fast-full-20260828-retry1-fast-b128-r2\archives\64KiB\osdb.hz2""","""E:\MIXER\hybridzip\build\Release\hybridzip.exe"" d ""E:\MIXER\hybridzip\results\experiments\hybridzip-r2-e6-fast-full-20260828-retry1\children\hybridzip-r2-e6-fast-full-20260828-retry1-fast-b128-r2\archives\64KiB\osdb.hz2"" ""E:\MIXER\hybridzip\results\experiments\hybridzip-r2-e6-fast-full-20260828-retry1\children\hybridzip-r2-e6-fast-full-20260828-retry1-fast-b128-r2\decoded\64KiB\osdb.decoded""","0","0","2026-08-28T02:39:07.8228767+08:00","COMPLETE","PASS","zstd=1","Complete R2 archive size; SHA-256 byte-exact roundtrip verified."
"e6-fast","fast","128","2","False","0","0","none","hybridzip-r2-e6-fast-full-20260828-retry1-fast-b128-r2","r2-fast","1","18","osdb","128","inputs/128KiB/osdb.bin","131072","D977E72AE13AEFC36A4B6171A895E26A0E6EEE447B1B9FBE868D7B1C046CC91F","archives/128KiB/osdb.hz2","50368","58C9C1223298E9FC28BC03D3C11CA61968154871ADE825F9CB1F13B0F1882283","decoded/128KiB/osdb.decoded","131072","D977E72AE13AEFC36A4B6171A895E26A0E6EEE447B1B9FBE868D7B1C046CC91F","0.0435442","0.048324","2.02734375","4.61328125","4.61328125","E65526F9DFF3F93844E004D63C7B2A4E4F219B5EAB3F1B3D3ABCF0B301F65003","profile_id=2;mode=fast;block_size=131072;zstd_level=3;lzma_level=9;threads=1;process_timeout_seconds=3600","""E:\MIXER\hybridzip\build\Release\hybridzip.exe"" c --profile=r2 --r2-mode=fast --block-size=131072 --zstd-level=3 ""E:\MIXER\hybridzip\results\experiments\hybridzip-r2-e6-fast-full-20260828-retry1\children\hybridzip-r2-e6-fast-full-20260828-retry1-fast-b128-r2\inputs\128KiB\osdb.bin"" ""E:\MIXER\hybridzip\results\experiments\hybridzip-r2-e6-fast-full-20260828-retry1\children\hybridzip-r2-e6-fast-full-20260828-retry1-fast-b128-r2\archives\128KiB\osdb.hz2""","""E:\MIXER\hybridzip\build\Release\hybridzip.exe"" d ""E:\MIXER\hybridzip\results\experiments\hybridzip-r2-e6-fast-full-20260828-retry1\children\hybridzip-r2-e6-fast-full-20260828-retry1-fast-b128-r2\archives\128KiB\osdb.hz2"" ""E:\MIXER\hybridzip\results\experiments\hybridzip-r2-e6-fast-full-20260828-retry1\children\hybridzip-r2-e6-fast-full-20260828-retry1-fast-b128-r2\decoded\128KiB\osdb.decoded""","0","0","2026-08-28T02:39:07.9781419+08:00","COMPLETE","PASS","zstd=1","Complete R2 archive size; SHA-256 byte-exact roundtrip verified."
"e6-fast","fast","128","2","False","0","0","none","hybridzip-r2-e6-fast-full-20260828-retry1-fast-b128-r2","r2-fast","1","19","reymont","32","inputs/32KiB/reymont.bin","32768","9D5E4B9340C2260DAE7DDB01B3EDA58236FF2DE5E1FF4D56767AA840B6FB1A87","archives/32KiB/reymont.hz2","10573","9E59A3CC9F4D4E3976CD42C686353C9AB1A02B800FF226B966A3557D1456F178","decoded/32KiB/reymont.decoded","32768","9D5E4B9340C2260DAE7DDB01B3EDA58236FF2DE5E1FF4D56767AA840B6FB1A87","0.0395446","0.0471557","2.02734375","4.4921875","4.4921875","E65526F9DFF3F93844E004D63C7B2A4E4F219B5EAB3F1B3D3ABCF0B301F65003","profile_id=2;mode=fast;block_size=131072;zstd_level=3;lzma_level=9;threads=1;process_timeout_seconds=3600","""E:\MIXER\hybridzip\build\Release\hybridzip.exe"" c --profile=r2 --r2-mode=fast --block-size=131072 --zstd-level=3 ""E:\MIXER\hybridzip\results\experiments\hybridzip-r2-e6-fast-full-20260828-retry1\children\hybridzip-r2-e6-fast-full-20260828-retry1-fast-b128-r2\inputs\32KiB\reymont.bin"" ""E:\MIXER\hybridzip\results\experiments\hybridzip-r2-e6-fast-full-20260828-retry1\children\hybridzip-r2-e6-fast-full-20260828-retry1-fast-b128-r2\archives\32KiB\reymont.hz2""","""E:\MIXER\hybridzip\build\Release\hybridzip.exe"" d ""E:\MIXER\hybridzip\results\experiments\hybridzip-r2-e6-fast-full-20260828-retry1\children\hybridzip-r2-e6-fast-full-20260828-retry1-fast-b128-r2\archives\32KiB\reymont.hz2"" ""E:\MIXER\hybridzip\results\experiments\hybridzip-r2-e6-fast-full-20260828-retry1\children\hybridzip-r2-e6-fast-full-20260828-retry1-fast-b128-r2\decoded\32KiB\reymont.decoded""","0","0","2026-08-28T02:39:08.1378292+08:00","COMPLETE","PASS","zstd=1","Complete R2 archive size; SHA-256 byte-exact roundtrip verified."
"e6-fast","fast","128","2","False","0","0","none","hybridzip-r2-e6-fast-full-20260828-retry1-fast-b128-r2","r2-fast","1","20","reymont","64","inputs/64KiB/reymont.bin","65536","A5ECAAABB133F1ADF8DE6062BE6381D143E87F9F8050EEA9B5BE6F92B88C3C22","archives/64KiB/reymont.hz2","20575","57285E7982646F44B3B885226D45014EA98515D265E3FE4ACCB8280086AEA74B","decoded/64KiB/reymont.decoded","65536","A5ECAAABB133F1ADF8DE6062BE6381D143E87F9F8050EEA9B5BE6F92B88C3C22","0.0396262","0.0447751","2.02734375","2.41796875","2.41796875","E65526F9DFF3F93844E004D63C7B2A4E4F219B5EAB3F1B3D3ABCF0B301F65003","profile_id=2;mode=fast;block_size=131072;zstd_level=3;lzma_level=9;threads=1;process_timeout_seconds=3600","""E:\MIXER\hybridzip\build\Release\hybridzip.exe"" c --profile=r2 --r2-mode=fast --block-size=131072 --zstd-level=3 ""E:\MIXER\hybridzip\results\experiments\hybridzip-r2-e6-fast-full-20260828-retry1\children\hybridzip-r2-e6-fast-full-20260828-retry1-fast-b128-r2\inputs\64KiB\reymont.bin"" ""E:\MIXER\hybridzip\results\experiments\hybridzip-r2-e6-fast-full-20260828-retry1\children\hybridzip-r2-e6-fast-full-20260828-retry1-fast-b128-r2\archives\64KiB\reymont.hz2""","""E:\MIXER\hybridzip\build\Release\hybridzip.exe"" d ""E:\MIXER\hybridzip\results\experiments\hybridzip-r2-e6-fast-full-20260828-retry1\children\hybridzip-r2-e6-fast-full-20260828-retry1-fast-b128-r2\archives\64KiB\reymont.hz2"" ""E:\MIXER\hybridzip\results\experiments\hybridzip-r2-e6-fast-full-20260828-retry1\children\hybridzip-r2-e6-fast-full-20260828-retry1-fast-b128-r2\decoded\64KiB\reymont.decoded""","0","0","2026-08-28T02:39:08.2911901+08:00","COMPLETE","PASS","zstd=1","Complete R2 archive size; SHA-256 byte-exact roundtrip verified."
"e6-fast","fast","128","2","False","0","0","none","hybridzip-r2-e6-fast-full-20260828-retry1-fast-b128-r2","r2-fast","1","21","reymont","128","inputs/128KiB/reymont.bin","131072","A6CA7478854C1E80DFEAF9FB3444B357F9D7625E55232FAE3B3632A5A1217DEA","archives/128KiB/reymont.hz2","40443","C036491CB7C40963F23DEE49D664635246CC83F3B5982E91961E4E30BB6CB492","decoded/128KiB/reymont.decoded","131072","A6CA7478854C1E80DFEAF9FB3444B357F9D7625E55232FAE3B3632A5A1217DEA","0.0709523","0.0502193","5.421875","4.6015625","5.421875","E65526F9DFF3F93844E004D63C7B2A4E4F219B5EAB3F1B3D3ABCF0B301F65003","profile_id=2;mode=fast;block_size=131072;zstd_level=3;lzma_level=9;threads=1;process_timeout_seconds=3600","""E:\MIXER\hybridzip\build\Release\hybridzip.exe"" c --profile=r2 --r2-mode=fast --block-size=131072 --zstd-level=3 ""E:\MIXER\hybridzip\results\experiments\hybridzip-r2-e6-fast-full-20260828-retry1\children\hybridzip-r2-e6-fast-full-20260828-retry1-fast-b128-r2\inputs\128KiB\reymont.bin"" ""E:\MIXER\hybridzip\results\experiments\hybridzip-r2-e6-fast-full-20260828-retry1\children\hybridzip-r2-e6-fast-full-20260828-retry1-fast-b128-r2\archives\128KiB\reymont.hz2""","""E:\MIXER\hybridzip\build\Release\hybridzip.exe"" d ""E:\MIXER\hybridzip\results\experiments\hybridzip-r2-e6-fast-full-20260828-retry1\children\hybridzip-r2-e6-fast-full-20260828-retry1-fast-b128-r2\archives\128KiB\reymont.hz2"" ""E:\MIXER\hybridzip\results\experiments\hybridzip-r2-e6-fast-full-20260828-retry1\children\hybridzip-r2-e6-fast-full-20260828-retry1-fast-b128-r2\decoded\128KiB\reymont.decoded""","0","0","2026-08-28T02:39:08.4473267+08:00","COMPLETE","PASS","zstd=1","Complete R2 archive size; SHA-256 byte-exact roundtrip verified."
"e6-fast","fast","128","2","False","0","0","none","hybridzip-r2-e6-fast-full-20260828-retry1-fast-b128-r2","r2-fast","1","22","samba","32","inputs/32KiB/samba.bin","32768","9C4F5BEE544E4531E4946E62F796987418B4526911C34877EF282F14DD57AD12","archives/32KiB/samba.hz2","11947","A8C4B07E7AA03D14EFD4BCD0A2CD1C19BF70C84E984AF81886E9EB9EB4342E79","decoded/32KiB/samba.decoded","32768","9C4F5BEE544E4531E4946E62F796987418B4526911C34877EF282F14DD57AD12","0.043813","0.0486417","2.02734375","4.47265625","4.47265625","E65526F9DFF3F93844E004D63C7B2A4E4F219B5EAB3F1B3D3ABCF0B301F65003","profile_id=2;mode=fast;block_size=131072;zstd_level=3;lzma_level=9;threads=1;process_timeout_seconds=3600","""E:\MIXER\hybridzip\build\Release\hybridzip.exe"" c --profile=r2 --r2-mode=fast --block-size=131072 --zstd-level=3 ""E:\MIXER\hybridzip\results\experiments\hybridzip-r2-e6-fast-full-20260828-retry1\children\hybridzip-r2-e6-fast-full-20260828-retry1-fast-b128-r2\inputs\32KiB\samba.bin"" ""E:\MIXER\hybridzip\results\experiments\hybridzip-r2-e6-fast-full-20260828-retry1\children\hybridzip-r2-e6-fast-full-20260828-retry1-fast-b128-r2\archives\32KiB\samba.hz2""","""E:\MIXER\hybridzip\build\Release\hybridzip.exe"" d ""E:\MIXER\hybridzip\results\experiments\hybridzip-r2-e6-fast-full-20260828-retry1\children\hybridzip-r2-e6-fast-full-20260828-retry1-fast-b128-r2\archives\32KiB\samba.hz2"" ""E:\MIXER\hybridzip\results\experiments\hybridzip-r2-e6-fast-full-20260828-retry1\children\hybridzip-r2-e6-fast-full-20260828-retry1-fast-b128-r2\decoded\32KiB\samba.decoded""","0","0","2026-08-28T02:39:08.6351134+08:00","COMPLETE","PASS","zstd=1","Complete R2 archive size; SHA-256 byte-exact roundtrip verified."
"e6-fast","fast","128","2","False","0","0","none","hybridzip-r2-e6-fast-full-20260828-retry1-fast-b128-r2","r2-fast","1","23","samba","64","inputs/64KiB/samba.bin","65536","3E0420984C0F260EA7350734600CEA9D8500B745E2E4B7DBD4D1DA1D1ADAC421","archives/64KiB/samba.hz2","23329","FA0E3DCCADA67868F221F9C0EF13E9BCF278AF14EF428CF19783B0C9B3739D60","decoded/64KiB/samba.decoded","65536","3E0420984C0F260EA7350734600CEA9D8500B745E2E4B7DBD4D1DA1D1ADAC421","0.0410986","0.0477213","2.02734375","4.5","4.5","E65526F9DFF3F93844E004D63C7B2A4E4F219B5EAB3F1B3D3ABCF0B301F65003","profile_id=2;mode=fast;block_size=131072;zstd_level=3;lzma_level=9;threads=1;process_timeout_seconds=3600","""E:\MIXER\hybridzip\build\Release\hybridzip.exe"" c --profile=r2 --r2-mode=fast --block-size=131072 --zstd-level=3 ""E:\MIXER\hybridzip\results\experiments\hybridzip-r2-e6-fast-full-20260828-retry1\children\hybridzip-r2-e6-fast-full-20260828-retry1-fast-b128-r2\inputs\64KiB\samba.bin"" ""E:\MIXER\hybridzip\results\experiments\hybridzip-r2-e6-fast-full-20260828-retry1\children\hybridzip-r2-e6-fast-full-20260828-retry1-fast-b128-r2\archives\64KiB\samba.hz2""","""E:\MIXER\hybridzip\build\Release\hybridzip.exe"" d ""E:\MIXER\hybridzip\results\experiments\hybridzip-r2-e6-fast-full-20260828-retry1\children\hybridzip-r2-e6-fast-full-20260828-retry1-fast-b128-r2\archives\64KiB\samba.hz2"" ""E:\MIXER\hybridzip\results\experiments\hybridzip-r2-e6-fast-full-20260828-retry1\children\hybridzip-r2-e6-fast-full-20260828-retry1-fast-b128-r2\decoded\64KiB\samba.decoded""","0","0","2026-08-28T02:39:08.7946718+08:00","COMPLETE","PASS","zstd=1","Complete R2 archive size; SHA-256 byte-exact roundtrip verified."
"e6-fast","fast","128","2","False","0","0","none","hybridzip-r2-e6-fast-full-20260828-retry1-fast-b128-r2","r2-fast","1","24","samba","128","inputs/128KiB/samba.bin","131072","F3B8C4AD35BC6CF21977895D6F04A22B1422605942FA5AFE35CE28B2A221D7E8","archives/128KiB/samba.hz2","50587","4370481858B1F3E89B7A7324D0A3D3A2BEA7AF769FF0EB664409E721BD243CA3","decoded/128KiB/samba.decoded","131072","F3B8C4AD35BC6CF21977895D6F04A22B1422605942FA5AFE35CE28B2A221D7E8","0.043294","0.0497455","2.02734375","4.609375","4.609375","E65526F9DFF3F93844E004D63C7B2A4E4F219B5EAB3F1B3D3ABCF0B301F65003","profile_id=2;mode=fast;block_size=131072;zstd_level=3;lzma_level=9;threads=1;process_timeout_seconds=3600","""E:\MIXER\hybridzip\build\Release\hybridzip.exe"" c --profile=r2 --r2-mode=fast --block-size=131072 --zstd-level=3 ""E:\MIXER\hybridzip\results\experiments\hybridzip-r2-e6-fast-full-20260828-retry1\children\hybridzip-r2-e6-fast-full-20260828-retry1-fast-b128-r2\inputs\128KiB\samba.bin"" ""E:\MIXER\hybridzip\results\experiments\hybridzip-r2-e6-fast-full-20260828-retry1\children\hybridzip-r2-e6-fast-full-20260828-retry1-fast-b128-r2\archives\128KiB\samba.hz2""","""E:\MIXER\hybridzip\build\Release\hybridzip.exe"" d ""E:\MIXER\hybridzip\results\experiments\hybridzip-r2-e6-fast-full-20260828-retry1\children\hybridzip-r2-e6-fast-full-20260828-retry1-fast-b128-r2\archives\128KiB\samba.hz2"" ""E:\MIXER\hybridzip\results\experiments\hybridzip-r2-e6-fast-full-20260828-retry1\children\hybridzip-r2-e6-fast-full-20260828-retry1-fast-b128-r2\decoded\128KiB\samba.decoded""","0","0","2026-08-28T02:39:08.9491305+08:00","COMPLETE","PASS","zstd=1","Complete R2 archive size; SHA-256 byte-exact roundtrip verified."
"e6-fast","fast","128","2","False","0","0","none","hybridzip-r2-e6-fast-full-20260828-retry1-fast-b128-r2","r2-fast","1","25","sao","32","inputs/32KiB/sao.bin","32768","95677430CAD4F000506BC5EE22815C3F4E13D64B477ED506B78D5D9ACFB50CCD","archives/32KiB/sao.hz2","26959","A639E9A06D1680DDDFB56D34E720F1000FB7E99D79A98D6E7B2472E9EB2835FC","decoded/32KiB/sao.decoded","32768","95677430CAD4F000506BC5EE22815C3F4E13D64B477ED506B78D5D9ACFB50CCD","0.0439363","0.0489057","2.02734375","2.12890625","2.12890625","E65526F9DFF3F93844E004D63C7B2A4E4F219B5EAB3F1B3D3ABCF0B301F65003","profile_id=2;mode=fast;block_size=131072;zstd_level=3;lzma_level=9;threads=1;process_timeout_seconds=3600","""E:\MIXER\hybridzip\build\Release\hybridzip.exe"" c --profile=r2 --r2-mode=fast --block-size=131072 --zstd-level=3 ""E:\MIXER\hybridzip\results\experiments\hybridzip-r2-e6-fast-full-20260828-retry1\children\hybridzip-r2-e6-fast-full-20260828-retry1-fast-b128-r2\inputs\32KiB\sao.bin"" ""E:\MIXER\hybridzip\results\experiments\hybridzip-r2-e6-fast-full-20260828-retry1\children\hybridzip-r2-e6-fast-full-20260828-retry1-fast-b128-r2\archives\32KiB\sao.hz2""","""E:\MIXER\hybridzip\build\Release\hybridzip.exe"" d ""E:\MIXER\hybridzip\results\experiments\hybridzip-r2-e6-fast-full-20260828-retry1\children\hybridzip-r2-e6-fast-full-20260828-retry1-fast-b128-r2\archives\32KiB\sao.hz2"" ""E:\MIXER\hybridzip\results\experiments\hybridzip-r2-e6-fast-full-20260828-retry1\children\hybridzip-r2-e6-fast-full-20260828-retry1-fast-b128-r2\decoded\32KiB\sao.decoded""","0","0","2026-08-28T02:39:09.1067933+08:00","COMPLETE","PASS","zstd=1","Complete R2 archive size; SHA-256 byte-exact roundtrip verified."
"e6-fast","fast","128","2","False","0","0","none","hybridzip-r2-e6-fast-full-20260828-retry1-fast-b128-r2","r2-fast","1","26","sao","64","inputs/64KiB/sao.bin","65536","17CBD7166A47786139F60BA33B4E771CE0154F6FA56986883D129BC23F78EBEE","archives/64KiB/sao.hz2","53336","A35CD777886E2CD0C5AF0AE69237091B528DCBCC0DEEE14727EDE4E482FEC205","decoded/64KiB/sao.decoded","65536","17CBD7166A47786139F60BA33B4E771CE0154F6FA56986883D129BC23F78EBEE","0.0550751","0.0503327","2.02734375","4.57421875","4.57421875","E65526F9DFF3F93844E004D63C7B2A4E4F219B5EAB3F1B3D3ABCF0B301F65003","profile_id=2;mode=fast;block_size=131072;zstd_level=3;lzma_level=9;threads=1;process_timeout_seconds=3600","""E:\MIXER\hybridzip\build\Release\hybridzip.exe"" c --profile=r2 --r2-mode=fast --block-size=131072 --zstd-level=3 ""E:\MIXER\hybridzip\results\experiments\hybridzip-r2-e6-fast-full-20260828-retry1\children\hybridzip-r2-e6-fast-full-20260828-retry1-fast-b128-r2\inputs\64KiB\sao.bin"" ""E:\MIXER\hybridzip\results\experiments\hybridzip-r2-e6-fast-full-20260828-retry1\children\hybridzip-r2-e6-fast-full-20260828-retry1-fast-b128-r2\archives\64KiB\sao.hz2""","""E:\MIXER\hybridzip\build\Release\hybridzip.exe"" d ""E:\MIXER\hybridzip\results\experiments\hybridzip-r2-e6-fast-full-20260828-retry1\children\hybridzip-r2-e6-fast-full-20260828-retry1-fast-b128-r2\archives\64KiB\sao.hz2"" ""E:\MIXER\hybridzip\results\experiments\hybridzip-r2-e6-fast-full-20260828-retry1\children\hybridzip-r2-e6-fast-full-20260828-retry1-fast-b128-r2\decoded\64KiB\sao.decoded""","0","0","2026-08-28T02:39:09.2660669+08:00","COMPLETE","PASS","zstd=1","Complete R2 archive size; SHA-256 byte-exact roundtrip verified."
"e6-fast","fast","128","2","False","0","0","none","hybridzip-r2-e6-fast-full-20260828-retry1-fast-b128-r2","r2-fast","1","27","sao","128","inputs/128KiB/sao.bin","131072","75E535B42DB7505118D8B19C7C42C1F49C5542ADDC9DBC13383953659F675CE0","archives/128KiB/sao.hz2","105736","323AF00C6FB6B528E5F57629478C4C90986785C96A153CC174669C86BB19052E","decoded/128KiB/sao.decoded","131072","75E535B42DB7505118D8B19C7C42C1F49C5542ADDC9DBC13383953659F675CE0","0.0423973","0.047213","2.02734375","4.70703125","4.70703125","E65526F9DFF3F93844E004D63C7B2A4E4F219B5EAB3F1B3D3ABCF0B301F65003","profile_id=2;mode=fast;block_size=131072;zstd_level=3;lzma_level=9;threads=1;process_timeout_seconds=3600","""E:\MIXER\hybridzip\build\Release\hybridzip.exe"" c --profile=r2 --r2-mode=fast --block-size=131072 --zstd-level=3 ""E:\MIXER\hybridzip\results\experiments\hybridzip-r2-e6-fast-full-20260828-retry1\children\hybridzip-r2-e6-fast-full-20260828-retry1-fast-b128-r2\inputs\128KiB\sao.bin"" ""E:\MIXER\hybridzip\results\experiments\hybridzip-r2-e6-fast-full-20260828-retry1\children\hybridzip-r2-e6-fast-full-20260828-retry1-fast-b128-r2\archives\128KiB\sao.hz2""","""E:\MIXER\hybridzip\build\Release\hybridzip.exe"" d ""E:\MIXER\hybridzip\results\experiments\hybridzip-r2-e6-fast-full-20260828-retry1\children\hybridzip-r2-e6-fast-full-20260828-retry1-fast-b128-r2\archives\128KiB\sao.hz2"" ""E:\MIXER\hybridzip\results\experiments\hybridzip-r2-e6-fast-full-20260828-retry1\children\hybridzip-r2-e6-fast-full-20260828-retry1-fast-b128-r2\decoded\128KiB\sao.decoded""","0","0","2026-08-28T02:39:09.4349593+08:00","COMPLETE","PASS","zstd=1","Complete R2 archive size; SHA-256 byte-exact roundtrip verified."
"e6-fast","fast","128","2","False","0","0","none","hybridzip-r2-e6-fast-full-20260828-retry1-fast-b128-r2","r2-fast","1","28","webster","32","inputs/32KiB/webster.bin","32768","774D224695AF4057353F72602BB96CD2AFEEA059AC7737535645F11596FCA85E","archives/32KiB/webster.hz2","13778","1AD7809B3A943552CC23DD44EA1DA58ECE002A5905262C3CFF34E4F3E0AE8917","decoded/32KiB/webster.decoded","32768","774D224695AF4057353F72602BB96CD2AFEEA059AC7737535645F11596FCA85E","0.0390231","0.0469289","2.02734375","3.875","3.875","E65526F9DFF3F93844E004D63C7B2A4E4F219B5EAB3F1B3D3ABCF0B301F65003","profile_id=2;mode=fast;block_size=131072;zstd_level=3;lzma_level=9;threads=1;process_timeout_seconds=3600","""E:\MIXER\hybridzip\build\Release\hybridzip.exe"" c --profile=r2 --r2-mode=fast --block-size=131072 --zstd-level=3 ""E:\MIXER\hybridzip\results\experiments\hybridzip-r2-e6-fast-full-20260828-retry1\children\hybridzip-r2-e6-fast-full-20260828-retry1-fast-b128-r2\inputs\32KiB\webster.bin"" ""E:\MIXER\hybridzip\results\experiments\hybridzip-r2-e6-fast-full-20260828-retry1\children\hybridzip-r2-e6-fast-full-20260828-retry1-fast-b128-r2\archives\32KiB\webster.hz2""","""E:\MIXER\hybridzip\build\Release\hybridzip.exe"" d ""E:\MIXER\hybridzip\results\experiments\hybridzip-r2-e6-fast-full-20260828-retry1\children\hybridzip-r2-e6-fast-full-20260828-retry1-fast-b128-r2\archives\32KiB\webster.hz2"" ""E:\MIXER\hybridzip\results\experiments\hybridzip-r2-e6-fast-full-20260828-retry1\children\hybridzip-r2-e6-fast-full-20260828-retry1-fast-b128-r2\decoded\32KiB\webster.decoded""","0","0","2026-08-28T02:39:09.5911979+08:00","COMPLETE","PASS","zstd=1","Complete R2 archive size; SHA-256 byte-exact roundtrip verified."
"e6-fast","fast","128","2","False","0","0","none","hybridzip-r2-e6-fast-full-20260828-retry1-fast-b128-r2","r2-fast","1","29","webster","64","inputs/64KiB/webster.bin","65536","262258811321382F9E4F44D2184B6B7FED0336CF831446D8336C47D6CCC2B32E","archives/64KiB/webster.hz2","24457","88E26D73D6020366498C4BC807B20AE0B63E6B06CA6D41CF7338D570F04C1693","decoded/64KiB/webster.decoded","65536","262258811321382F9E4F44D2184B6B7FED0336CF831446D8336C47D6CCC2B32E","0.0558138","0.0437132","2.02734375","2.02734375","2.02734375","E65526F9DFF3F93844E004D63C7B2A4E4F219B5EAB3F1B3D3ABCF0B301F65003","profile_id=2;mode=fast;block_size=131072;zstd_level=3;lzma_level=9;threads=1;process_timeout_seconds=3600","""E:\MIXER\hybridzip\build\Release\hybridzip.exe"" c --profile=r2 --r2-mode=fast --block-size=131072 --zstd-level=3 ""E:\MIXER\hybridzip\results\experiments\hybridzip-r2-e6-fast-full-20260828-retry1\children\hybridzip-r2-e6-fast-full-20260828-retry1-fast-b128-r2\inputs\64KiB\webster.bin"" ""E:\MIXER\hybridzip\results\experiments\hybridzip-r2-e6-fast-full-20260828-retry1\children\hybridzip-r2-e6-fast-full-20260828-retry1-fast-b128-r2\archives\64KiB\webster.hz2""","""E:\MIXER\hybridzip\build\Release\hybridzip.exe"" d ""E:\MIXER\hybridzip\results\experiments\hybridzip-r2-e6-fast-full-20260828-retry1\children\hybridzip-r2-e6-fast-full-20260828-retry1-fast-b128-r2\archives\64KiB\webster.hz2"" ""E:\MIXER\hybridzip\results\experiments\hybridzip-r2-e6-fast-full-20260828-retry1\children\hybridzip-r2-e6-fast-full-20260828-retry1-fast-b128-r2\decoded\64KiB\webster.decoded""","0","0","2026-08-28T02:39:09.7454837+08:00","COMPLETE","PASS","zstd=1","Complete R2 archive size; SHA-256 byte-exact roundtrip verified."
"e6-fast","fast","128","2","False","0","0","none","hybridzip-r2-e6-fast-full-20260828-retry1-fast-b128-r2","r2-fast","1","30","webster","128","inputs/128KiB/webster.bin","131072","C069C1FDCA99BC5C44F06D134CD0CDA60315DD631AA6564733B2CE0E6D59305C","archives/128KiB/webster.hz2","44683","562486FF4C549743086F14B4E09FF5C2CE877986078BA63FB958B74148756C21","decoded/128KiB/webster.decoded","131072","C069C1FDCA99BC5C44F06D134CD0CDA60315DD631AA6564733B2CE0E6D59305C","0.039467","0.041045","2.02734375","2.02734375","2.02734375","E65526F9DFF3F93844E004D63C7B2A4E4F219B5EAB3F1B3D3ABCF0B301F65003","profile_id=2;mode=fast;block_size=131072;zstd_level=3;lzma_level=9;threads=1;process_timeout_seconds=3600","""E:\MIXER\hybridzip\build\Release\hybridzip.exe"" c --profile=r2 --r2-mode=fast --block-size=131072 --zstd-level=3 ""E:\MIXER\hybridzip\results\experiments\hybridzip-r2-e6-fast-full-20260828-retry1\children\hybridzip-r2-e6-fast-full-20260828-retry1-fast-b128-r2\inputs\128KiB\webster.bin"" ""E:\MIXER\hybridzip\results\experiments\hybridzip-r2-e6-fast-full-20260828-retry1\children\hybridzip-r2-e6-fast-full-20260828-retry1-fast-b128-r2\archives\128KiB\webster.hz2""","""E:\MIXER\hybridzip\build\Release\hybridzip.exe"" d ""E:\MIXER\hybridzip\results\experiments\hybridzip-r2-e6-fast-full-20260828-retry1\children\hybridzip-r2-e6-fast-full-20260828-retry1-fast-b128-r2\archives\128KiB\webster.hz2"" ""E:\MIXER\hybridzip\results\experiments\hybridzip-r2-e6-fast-full-20260828-retry1\children\hybridzip-r2-e6-fast-full-20260828-retry1-fast-b128-r2\decoded\128KiB\webster.decoded""","0","0","2026-08-28T02:39:09.9207603+08:00","COMPLETE","PASS","zstd=1","Complete R2 archive size; SHA-256 byte-exact roundtrip verified."
"e6-fast","fast","128","2","False","0","0","none","hybridzip-r2-e6-fast-full-20260828-retry1-fast-b128-r2","r2-fast","1","31","x-ray","32","inputs/32KiB/x-ray.bin","32768","10511AA63DFBD9C0DDBFEFE36068740103D4BA1116E214154A0772057D7E9314","archives/32KiB/x-ray.hz2","26409","D5E023394953E143ECBB50629923DC6C6BA8027B9C5AD24C1E61D5D91BA37A7A","decoded/32KiB/x-ray.decoded","32768","10511AA63DFBD9C0DDBFEFE36068740103D4BA1116E214154A0772057D7E9314","0.0428332","0.0486722","2.02734375","4.5234375","4.5234375","E65526F9DFF3F93844E004D63C7B2A4E4F219B5EAB3F1B3D3ABCF0B301F65003","profile_id=2;mode=fast;block_size=131072;zstd_level=3;lzma_level=9;threads=1;process_timeout_seconds=3600","""E:\MIXER\hybridzip\build\Release\hybridzip.exe"" c --profile=r2 --r2-mode=fast --block-size=131072 --zstd-level=3 ""E:\MIXER\hybridzip\results\experiments\hybridzip-r2-e6-fast-full-20260828-retry1\children\hybridzip-r2-e6-fast-full-20260828-retry1-fast-b128-r2\inputs\32KiB\x-ray.bin"" ""E:\MIXER\hybridzip\results\experiments\hybridzip-r2-e6-fast-full-20260828-retry1\children\hybridzip-r2-e6-fast-full-20260828-retry1-fast-b128-r2\archives\32KiB\x-ray.hz2""","""E:\MIXER\hybridzip\build\Release\hybridzip.exe"" d ""E:\MIXER\hybridzip\results\experiments\hybridzip-r2-e6-fast-full-20260828-retry1\children\hybridzip-r2-e6-fast-full-20260828-retry1-fast-b128-r2\archives\32KiB\x-ray.hz2"" ""E:\MIXER\hybridzip\results\experiments\hybridzip-r2-e6-fast-full-20260828-retry1\children\hybridzip-r2-e6-fast-full-20260828-retry1-fast-b128-r2\decoded\32KiB\x-ray.decoded""","0","0","2026-08-28T02:39:10.0774437+08:00","COMPLETE","PASS","zstd=1","Complete R2 archive size; SHA-256 byte-exact roundtrip verified."
"e6-fast","fast","128","2","False","0","0","none","hybridzip-r2-e6-fast-full-20260828-retry1-fast-b128-r2","r2-fast","1","32","x-ray","64","inputs/64KiB/x-ray.bin","65536","B5A07146616BCD7C2D10071D41E07D204DE0AC629C4CA37D8E867FF00574D0D8","archives/64KiB/x-ray.hz2","51793","FCFA5E6BE99D18F361146D0AFE016EBB2B4943866A67902A7D4AC258C837EA97","decoded/64KiB/x-ray.decoded","65536","B5A07146616BCD7C2D10071D41E07D204DE0AC629C4CA37D8E867FF00574D0D8","0.0427935","0.0458479","2.02734375","3.1015625","3.1015625","E65526F9DFF3F93844E004D63C7B2A4E4F219B5EAB3F1B3D3ABCF0B301F65003","profile_id=2;mode=fast;block_size=131072;zstd_level=3;lzma_level=9;threads=1;process_timeout_seconds=3600","""E:\MIXER\hybridzip\build\Release\hybridzip.exe"" c --profile=r2 --r2-mode=fast --block-size=131072 --zstd-level=3 ""E:\MIXER\hybridzip\results\experiments\hybridzip-r2-e6-fast-full-20260828-retry1\children\hybridzip-r2-e6-fast-full-20260828-retry1-fast-b128-r2\inputs\64KiB\x-ray.bin"" ""E:\MIXER\hybridzip\results\experiments\hybridzip-r2-e6-fast-full-20260828-retry1\children\hybridzip-r2-e6-fast-full-20260828-retry1-fast-b128-r2\archives\64KiB\x-ray.hz2""","""E:\MIXER\hybridzip\build\Release\hybridzip.exe"" d ""E:\MIXER\hybridzip\results\experiments\hybridzip-r2-e6-fast-full-20260828-retry1\children\hybridzip-r2-e6-fast-full-20260828-retry1-fast-b128-r2\archives\64KiB\x-ray.hz2"" ""E:\MIXER\hybridzip\results\experiments\hybridzip-r2-e6-fast-full-20260828-retry1\children\hybridzip-r2-e6-fast-full-20260828-retry1-fast-b128-r2\decoded\64KiB\x-ray.decoded""","0","0","2026-08-28T02:39:10.2330389+08:00","COMPLETE","PASS","zstd=1","Complete R2 archive size; SHA-256 byte-exact roundtrip verified."
"e6-fast","fast","128","2","False","0","0","none","hybridzip-r2-e6-fast-full-20260828-retry1-fast-b128-r2","r2-fast","1","33","x-ray","128","inputs/128KiB/x-ray.bin","131072","7A65B793FB2A694C20686275A899B304445473528F7C998BE26F8C68EB18F76E","archives/128KiB/x-ray.hz2","103283","406A0B381F8BADE4B9CA1F408517A590FAEBE88C2D46FC12A9635E278D0A32B2","decoded/128KiB/x-ray.decoded","131072","7A65B793FB2A694C20686275A899B304445473528F7C998BE26F8C68EB18F76E","0.0426067","0.0484631","2.02734375","2.84765625","2.84765625","E65526F9DFF3F93844E004D63C7B2A4E4F219B5EAB3F1B3D3ABCF0B301F65003","profile_id=2;mode=fast;block_size=131072;zstd_level=3;lzma_level=9;threads=1;process_timeout_seconds=3600","""E:\MIXER\hybridzip\build\Release\hybridzip.exe"" c --profile=r2 --r2-mode=fast --block-size=131072 --zstd-level=3 ""E:\MIXER\hybridzip\results\experiments\hybridzip-r2-e6-fast-full-20260828-retry1\children\hybridzip-r2-e6-fast-full-20260828-retry1-fast-b128-r2\inputs\128KiB\x-ray.bin"" ""E:\MIXER\hybridzip\results\experiments\hybridzip-r2-e6-fast-full-20260828-retry1\children\hybridzip-r2-e6-fast-full-20260828-retry1-fast-b128-r2\archives\128KiB\x-ray.hz2""","""E:\MIXER\hybridzip\build\Release\hybridzip.exe"" d ""E:\MIXER\hybridzip\results\experiments\hybridzip-r2-e6-fast-full-20260828-retry1\children\hybridzip-r2-e6-fast-full-20260828-retry1-fast-b128-r2\archives\128KiB\x-ray.hz2"" ""E:\MIXER\hybridzip\results\experiments\hybridzip-r2-e6-fast-full-20260828-retry1\children\hybridzip-r2-e6-fast-full-20260828-retry1-fast-b128-r2\decoded\128KiB\x-ray.decoded""","0","0","2026-08-28T02:39:10.3868685+08:00","COMPLETE","PASS","zstd=1","Complete R2 archive size; SHA-256 byte-exact roundtrip verified."
"e6-fast","fast","128","2","False","0","0","none","hybridzip-r2-e6-fast-full-20260828-retry1-fast-b128-r2","r2-fast","1","34","xml","32","inputs/32KiB/xml.bin","32768","C2F7F129956F8D6FC3D0E3595D93F98D5270B6F5BC4AB5E70F45867822EFDD71","archives/32KiB/xml.hz2","3483","E8F7DB88DEBC2B79BDE181866CDEC9DE1EEDC0A27F60588F2D550F5927DE4797","decoded/32KiB/xml.decoded","32768","C2F7F129956F8D6FC3D0E3595D93F98D5270B6F5BC4AB5E70F45867822EFDD71","0.0393417","0.0481659","2.02734375","4.4453125","4.4453125","E65526F9DFF3F93844E004D63C7B2A4E4F219B5EAB3F1B3D3ABCF0B301F65003","profile_id=2;mode=fast;block_size=131072;zstd_level=3;lzma_level=9;threads=1;process_timeout_seconds=3600","""E:\MIXER\hybridzip\build\Release\hybridzip.exe"" c --profile=r2 --r2-mode=fast --block-size=131072 --zstd-level=3 ""E:\MIXER\hybridzip\results\experiments\hybridzip-r2-e6-fast-full-20260828-retry1\children\hybridzip-r2-e6-fast-full-20260828-retry1-fast-b128-r2\inputs\32KiB\xml.bin"" ""E:\MIXER\hybridzip\results\experiments\hybridzip-r2-e6-fast-full-20260828-retry1\children\hybridzip-r2-e6-fast-full-20260828-retry1-fast-b128-r2\archives\32KiB\xml.hz2""","""E:\MIXER\hybridzip\build\Release\hybridzip.exe"" d ""E:\MIXER\hybridzip\results\experiments\hybridzip-r2-e6-fast-full-20260828-retry1\children\hybridzip-r2-e6-fast-full-20260828-retry1-fast-b128-r2\archives\32KiB\xml.hz2"" ""E:\MIXER\hybridzip\results\experiments\hybridzip-r2-e6-fast-full-20260828-retry1\children\hybridzip-r2-e6-fast-full-20260828-retry1-fast-b128-r2\decoded\32KiB\xml.decoded""","0","0","2026-08-28T02:39:10.5475224+08:00","COMPLETE","PASS","zstd=1","Complete R2 archive size; SHA-256 byte-exact roundtrip verified."
"e6-fast","fast","128","2","False","0","0","none","hybridzip-r2-e6-fast-full-20260828-retry1-fast-b128-r2","r2-fast","1","35","xml","64","inputs/64KiB/xml.bin","65536","E32AFF2BEBF00105A17DD57F5490C1986D17543CEE837B42EB56B3E0E6F8E7F1","archives/64KiB/xml.hz2","6163","9A91E692659A8953CC8AF0263A5A3790BE104DC5BD3D6E9E18C8AE6212D3D51D","decoded/64KiB/xml.decoded","65536","E32AFF2BEBF00105A17DD57F5490C1986D17543CEE837B42EB56B3E0E6F8E7F1","0.0431307","0.0495667","2.02734375","4.26953125","4.26953125","E65526F9DFF3F93844E004D63C7B2A4E4F219B5EAB3F1B3D3ABCF0B301F65003","profile_id=2;mode=fast;block_size=131072;zstd_level=3;lzma_level=9;threads=1;process_timeout_seconds=3600","""E:\MIXER\hybridzip\build\Release\hybridzip.exe"" c --profile=r2 --r2-mode=fast --block-size=131072 --zstd-level=3 ""E:\MIXER\hybridzip\results\experiments\hybridzip-r2-e6-fast-full-20260828-retry1\children\hybridzip-r2-e6-fast-full-20260828-retry1-fast-b128-r2\inputs\64KiB\xml.bin"" ""E:\MIXER\hybridzip\results\experiments\hybridzip-r2-e6-fast-full-20260828-retry1\children\hybridzip-r2-e6-fast-full-20260828-retry1-fast-b128-r2\archives\64KiB\xml.hz2""","""E:\MIXER\hybridzip\build\Release\hybridzip.exe"" d ""E:\MIXER\hybridzip\results\experiments\hybridzip-r2-e6-fast-full-20260828-retry1\children\hybridzip-r2-e6-fast-full-20260828-retry1-fast-b128-r2\archives\64KiB\xml.hz2"" ""E:\MIXER\hybridzip\results\experiments\hybridzip-r2-e6-fast-full-20260828-retry1\children\hybridzip-r2-e6-fast-full-20260828-retry1-fast-b128-r2\decoded\64KiB\xml.decoded""","0","0","2026-08-28T02:39:10.7012076+08:00","COMPLETE","PASS","zstd=1","Complete R2 archive size; SHA-256 byte-exact roundtrip verified."
"e6-fast","fast","128","2","False","0","0","none","hybridzip-r2-e6-fast-full-20260828-retry1-fast-b128-r2","r2-fast","1","36","xml","128","inputs/128KiB/xml.bin","131072","5FA29C746885F2EEB98734218475915A78092CCB3B0F68B08861EE210E5B6E25","archives/128KiB/xml.hz2","11955","B74E4D7BDEE5A366CA69CA2AC980B8B6713C481231703FD13090E9E0AF24D68F","decoded/128KiB/xml.decoded","131072","5FA29C746885F2EEB98734218475915A78092CCB3B0F68B08861EE210E5B6E25","0.0396768","0.0476436","2.02734375","4.55078125","4.55078125","E65526F9DFF3F93844E004D63C7B2A4E4F219B5EAB3F1B3D3ABCF0B301F65003","profile_id=2;mode=fast;block_size=131072;zstd_level=3;lzma_level=9;threads=1;process_timeout_seconds=3600","""E:\MIXER\hybridzip\build\Release\hybridzip.exe"" c --profile=r2 --r2-mode=fast --block-size=131072 --zstd-level=3 ""E:\MIXER\hybridzip\results\experiments\hybridzip-r2-e6-fast-full-20260828-retry1\children\hybridzip-r2-e6-fast-full-20260828-retry1-fast-b128-r2\inputs\128KiB\xml.bin"" ""E:\MIXER\hybridzip\results\experiments\hybridzip-r2-e6-fast-full-20260828-retry1\children\hybridzip-r2-e6-fast-full-20260828-retry1-fast-b128-r2\archives\128KiB\xml.hz2""","""E:\MIXER\hybridzip\build\Release\hybridzip.exe"" d ""E:\MIXER\hybridzip\results\experiments\hybridzip-r2-e6-fast-full-20260828-retry1\children\hybridzip-r2-e6-fast-full-20260828-retry1-fast-b128-r2\archives\128KiB\xml.hz2"" ""E:\MIXER\hybridzip\results\experiments\hybridzip-r2-e6-fast-full-20260828-retry1\children\hybridzip-r2-e6-fast-full-20260828-retry1-fast-b128-r2\decoded\128KiB\xml.decoded""","0","0","2026-08-28T02:39:10.8589207+08:00","COMPLETE","PASS","zstd=1","Complete R2 archive size; SHA-256 byte-exact roundtrip verified."
"e6-fast","fast","128","3","False","0","0","none","hybridzip-r2-e6-fast-full-20260828-retry1-fast-b128-r3","r2-fast","1","1","dickens","32","inputs/32KiB/dickens.bin","32768","FC42DCB9849222C8704C9DCAE606D075B389B66244FB215035148D6409EC0B31","archives/32KiB/dickens.hz2","14205","A1BDE08B462A24B7CFB93910676C2D06BEF38F98AF2F8427055FF52A270B7718","decoded/32KiB/dickens.decoded","32768","FC42DCB9849222C8704C9DCAE606D075B389B66244FB215035148D6409EC0B31","0.0560963","0.0480869","4.90234375","2.02734375","4.90234375","E65526F9DFF3F93844E004D63C7B2A4E4F219B5EAB3F1B3D3ABCF0B301F65003","profile_id=2;mode=fast;block_size=131072;zstd_level=3;lzma_level=9;threads=1;process_timeout_seconds=3600","""E:\MIXER\hybridzip\build\Release\hybridzip.exe"" c --profile=r2 --r2-mode=fast --block-size=131072 --zstd-level=3 ""E:\MIXER\hybridzip\results\experiments\hybridzip-r2-e6-fast-full-20260828-retry1\children\hybridzip-r2-e6-fast-full-20260828-retry1-fast-b128-r3\inputs\32KiB\dickens.bin"" ""E:\MIXER\hybridzip\results\experiments\hybridzip-r2-e6-fast-full-20260828-retry1\children\hybridzip-r2-e6-fast-full-20260828-retry1-fast-b128-r3\archives\32KiB\dickens.hz2""","""E:\MIXER\hybridzip\build\Release\hybridzip.exe"" d ""E:\MIXER\hybridzip\results\experiments\hybridzip-r2-e6-fast-full-20260828-retry1\children\hybridzip-r2-e6-fast-full-20260828-retry1-fast-b128-r3\archives\32KiB\dickens.hz2"" ""E:\MIXER\hybridzip\results\experiments\hybridzip-r2-e6-fast-full-20260828-retry1\children\hybridzip-r2-e6-fast-full-20260828-retry1-fast-b128-r3\decoded\32KiB\dickens.decoded""","0","0","2026-08-28T02:39:12.1515424+08:00","COMPLETE","PASS","zstd=1","Complete R2 archive size; SHA-256 byte-exact roundtrip verified."
"e6-fast","fast","128","3","False","0","0","none","hybridzip-r2-e6-fast-full-20260828-retry1-fast-b128-r3","r2-fast","1","2","dickens","64","inputs/64KiB/dickens.bin","65536","134AD989A7B8B40C900A3B9C0F4895317DFD827D9E6E933895B08D2F4A8A8293","archives/64KiB/dickens.hz2","27192","EF69986E9EFFF328656B34CB72D665B3DD9D5A3282B16B4E8FF6D9AD45ADC50F","decoded/64KiB/dickens.decoded","65536","134AD989A7B8B40C900A3B9C0F4895317DFD827D9E6E933895B08D2F4A8A8293","0.0477968","0.0477129","5.04296875","4.51953125","5.04296875","E65526F9DFF3F93844E004D63C7B2A4E4F219B5EAB3F1B3D3ABCF0B301F65003","profile_id=2;mode=fast;block_size=131072;zstd_level=3;lzma_level=9;threads=1;process_timeout_seconds=3600","""E:\MIXER\hybridzip\build\Release\hybridzip.exe"" c --profile=r2 --r2-mode=fast --block-size=131072 --zstd-level=3 ""E:\MIXER\hybridzip\results\experiments\hybridzip-r2-e6-fast-full-20260828-retry1\children\hybridzip-r2-e6-fast-full-20260828-retry1-fast-b128-r3\inputs\64KiB\dickens.bin"" ""E:\MIXER\hybridzip\results\experiments\hybridzip-r2-e6-fast-full-20260828-retry1\children\hybridzip-r2-e6-fast-full-20260828-retry1-fast-b128-r3\archives\64KiB\dickens.hz2""","""E:\MIXER\hybridzip\build\Release\hybridzip.exe"" d ""E:\MIXER\hybridzip\results\experiments\hybridzip-r2-e6-fast-full-20260828-retry1\children\hybridzip-r2-e6-fast-full-20260828-retry1-fast-b128-r3\archives\64KiB\dickens.hz2"" ""E:\MIXER\hybridzip\results\experiments\hybridzip-r2-e6-fast-full-20260828-retry1\children\hybridzip-r2-e6-fast-full-20260828-retry1-fast-b128-r3\decoded\64KiB\dickens.decoded""","0","0","2026-08-28T02:39:12.3142758+08:00","COMPLETE","PASS","zstd=1","Complete R2 archive size; SHA-256 byte-exact roundtrip verified."
"e6-fast","fast","128","3","False","0","0","none","hybridzip-r2-e6-fast-full-20260828-retry1-fast-b128-r3","r2-fast","1","3","dickens","128","inputs/128KiB/dickens.bin","131072","20E33FCC8FAA96DC32A2D0921115C0F363E64C598A5847CE1A3876E356D59872","archives/128KiB/dickens.hz2","51902","16752AC02B1553B8A03487D0E855141F28425FED10A36FE1685B9C13DCDFD596","decoded/128KiB/dickens.decoded","131072","20E33FCC8FAA96DC32A2D0921115C0F363E64C598A5847CE1A3876E356D59872","0.0428806","0.0506101","2.0234375","2.02734375","2.02734375","E65526F9DFF3F93844E004D63C7B2A4E4F219B5EAB3F1B3D3ABCF0B301F65003","profile_id=2;mode=fast;block_size=131072;zstd_level=3;lzma_level=9;threads=1;process_timeout_seconds=3600","""E:\MIXER\hybridzip\build\Release\hybridzip.exe"" c --profile=r2 --r2-mode=fast --block-size=131072 --zstd-level=3 ""E:\MIXER\hybridzip\results\experiments\hybridzip-r2-e6-fast-full-20260828-retry1\children\hybridzip-r2-e6-fast-full-20260828-retry1-fast-b128-r3\inputs\128KiB\dickens.bin"" ""E:\MIXER\hybridzip\results\experiments\hybridzip-r2-e6-fast-full-20260828-retry1\children\hybridzip-r2-e6-fast-full-20260828-retry1-fast-b128-r3\archives\128KiB\dickens.hz2""","""E:\MIXER\hybridzip\build\Release\hybridzip.exe"" d ""E:\MIXER\hybridzip\results\experiments\hybridzip-r2-e6-fast-full-20260828-retry1\children\hybridzip-r2-e6-fast-full-20260828-retry1-fast-b128-r3\archives\128KiB\dickens.hz2"" ""E:\MIXER\hybridzip\results\experiments\hybridzip-r2-e6-fast-full-20260828-retry1\children\hybridzip-r2-e6-fast-full-20260828-retry1-fast-b128-r3\decoded\128KiB\dickens.decoded""","0","0","2026-08-28T02:39:12.4756564+08:00","COMPLETE","PASS","zstd=1","Complete R2 archive size; SHA-256 byte-exact roundtrip verified."
"e6-fast","fast","128","3","False","0","0","none","hybridzip-r2-e6-fast-full-20260828-retry1-fast-b128-r3","r2-fast","1","4","mozilla","32","inputs/32KiB/mozilla.bin","32768","9DDEEF36CA0CA55B72FE3376D005926DFF3400A2ADE6EAE18482D8017D8645DB","archives/32KiB/mozilla.hz2","11272","3BB03E188B30B8B1CD5D51CA2785A9F57B7D0B2097FCAA1DAD26A476378ACF3A","decoded/32KiB/mozilla.decoded","32768","9DDEEF36CA0CA55B72FE3376D005926DFF3400A2ADE6EAE18482D8017D8645DB","0.0414661","0.0498946","2.02734375","4.48046875","4.48046875","E65526F9DFF3F93844E004D63C7B2A4E4F219B5EAB3F1B3D3ABCF0B301F65003","profile_id=2;mode=fast;block_size=131072;zstd_level=3;lzma_level=9;threads=1;process_timeout_seconds=3600","""E:\MIXER\hybridzip\build\Release\hybridzip.exe"" c --profile=r2 --r2-mode=fast --block-size=131072 --zstd-level=3 ""E:\MIXER\hybridzip\results\experiments\hybridzip-r2-e6-fast-full-20260828-retry1\children\hybridzip-r2-e6-fast-full-20260828-retry1-fast-b128-r3\inputs\32KiB\mozilla.bin"" ""E:\MIXER\hybridzip\results\experiments\hybridzip-r2-e6-fast-full-20260828-retry1\children\hybridzip-r2-e6-fast-full-20260828-retry1-fast-b128-r3\archives\32KiB\mozilla.hz2""","""E:\MIXER\hybridzip\build\Release\hybridzip.exe"" d ""E:\MIXER\hybridzip\results\experiments\hybridzip-r2-e6-fast-full-20260828-retry1\children\hybridzip-r2-e6-fast-full-20260828-retry1-fast-b128-r3\archives\32KiB\mozilla.hz2"" ""E:\MIXER\hybridzip\results\experiments\hybridzip-r2-e6-fast-full-20260828-retry1\children\hybridzip-r2-e6-fast-full-20260828-retry1-fast-b128-r3\decoded\32KiB\mozilla.decoded""","0","0","2026-08-28T02:39:12.6340477+08:00","COMPLETE","PASS","zstd=1","Complete R2 archive size; SHA-256 byte-exact roundtrip verified."
"e6-fast","fast","128","3","False","0","0","none","hybridzip-r2-e6-fast-full-20260828-retry1-fast-b128-r3","r2-fast","1","5","mozilla","64","inputs/64KiB/mozilla.bin","65536","B0050240663F54371D372303EEABA0A59AB0758BCD565F4F639D06561E6BC996","archives/64KiB/mozilla.hz2","15985","C59415F0E8620E2CDC5BF63E665959C05FF22F638D1E3D038FF8A9B308F47FD6","decoded/64KiB/mozilla.decoded","65536","B0050240663F54371D372303EEABA0A59AB0758BCD565F4F639D06561E6BC996","0.0440418","0.0495981","2.02734375","4.4921875","4.4921875","E65526F9DFF3F93844E004D63C7B2A4E4F219B5EAB3F1B3D3ABCF0B301F65003","profile_id=2;mode=fast;block_size=131072;zstd_level=3;lzma_level=9;threads=1;process_timeout_seconds=3600","""E:\MIXER\hybridzip\build\Release\hybridzip.exe"" c --profile=r2 --r2-mode=fast --block-size=131072 --zstd-level=3 ""E:\MIXER\hybridzip\results\experiments\hybridzip-r2-e6-fast-full-20260828-retry1\children\hybridzip-r2-e6-fast-full-20260828-retry1-fast-b128-r3\inputs\64KiB\mozilla.bin"" ""E:\MIXER\hybridzip\results\experiments\hybridzip-r2-e6-fast-full-20260828-retry1\children\hybridzip-r2-e6-fast-full-20260828-retry1-fast-b128-r3\archives\64KiB\mozilla.hz2""","""E:\MIXER\hybridzip\build\Release\hybridzip.exe"" d ""E:\MIXER\hybridzip\results\experiments\hybridzip-r2-e6-fast-full-20260828-retry1\children\hybridzip-r2-e6-fast-full-20260828-retry1-fast-b128-r3\archives\64KiB\mozilla.hz2"" ""E:\MIXER\hybridzip\results\experiments\hybridzip-r2-e6-fast-full-20260828-retry1\children\hybridzip-r2-e6-fast-full-20260828-retry1-fast-b128-r3\decoded\64KiB\mozilla.decoded""","0","0","2026-08-28T02:39:12.7906066+08:00","COMPLETE","PASS","zstd=1","Complete R2 archive size; SHA-256 byte-exact roundtrip verified."
"e6-fast","fast","128","3","False","0","0","none","hybridzip-r2-e6-fast-full-20260828-retry1-fast-b128-r3","r2-fast","1","6","mozilla","128","inputs/128KiB/mozilla.bin","131072","85CDBEA98382DB12E9A21FF90E1907452712D074000A6B855D2CA215FA591EB4","archives/128KiB/mozilla.hz2","21364","87FD10D687B2333F5057784A02760999AB08AA3084AD7FCC8B3454C07946F644","decoded/128KiB/mozilla.decoded","131072","85CDBEA98382DB12E9A21FF90E1907452712D074000A6B855D2CA215FA591EB4","0.0403101","0.0415362","2.02734375","2.02734375","2.02734375","E65526F9DFF3F93844E004D63C7B2A4E4F219B5EAB3F1B3D3ABCF0B301F65003","profile_id=2;mode=fast;block_size=131072;zstd_level=3;lzma_level=9;threads=1;process_timeout_seconds=3600","""E:\MIXER\hybridzip\build\Release\hybridzip.exe"" c --profile=r2 --r2-mode=fast --block-size=131072 --zstd-level=3 ""E:\MIXER\hybridzip\results\experiments\hybridzip-r2-e6-fast-full-20260828-retry1\children\hybridzip-r2-e6-fast-full-20260828-retry1-fast-b128-r3\inputs\128KiB\mozilla.bin"" ""E:\MIXER\hybridzip\results\experiments\hybridzip-r2-e6-fast-full-20260828-retry1\children\hybridzip-r2-e6-fast-full-20260828-retry1-fast-b128-r3\archives\128KiB\mozilla.hz2""","""E:\MIXER\hybridzip\build\Release\hybridzip.exe"" d ""E:\MIXER\hybridzip\results\experiments\hybridzip-r2-e6-fast-full-20260828-retry1\children\hybridzip-r2-e6-fast-full-20260828-retry1-fast-b128-r3\archives\128KiB\mozilla.hz2"" ""E:\MIXER\hybridzip\results\experiments\hybridzip-r2-e6-fast-full-20260828-retry1\children\hybridzip-r2-e6-fast-full-20260828-retry1-fast-b128-r3\decoded\128KiB\mozilla.decoded""","0","0","2026-08-28T02:39:12.9500363+08:00","COMPLETE","PASS","zstd=1","Complete R2 archive size; SHA-256 byte-exact roundtrip verified."
"e6-fast","fast","128","3","False","0","0","none","hybridzip-r2-e6-fast-full-20260828-retry1-fast-b128-r3","r2-fast","1","7","mr","32","inputs/32KiB/mr.bin","32768","3BB287B0AF65F777AB00C14E362B4D1962087260556001BBEE0689AA10D9F76A","archives/32KiB/mr.hz2","8875","E4A3B3DA2CBA627AB48B73829C94415E072251701388DF1DFC55BCBC2549B667","decoded/32KiB/mr.decoded","32768","3BB287B0AF65F777AB00C14E362B4D1962087260556001BBEE0689AA10D9F76A","0.044388","0.045178","2.02734375","2.02734375","2.02734375","E65526F9DFF3F93844E004D63C7B2A4E4F219B5EAB3F1B3D3ABCF0B301F65003","profile_id=2;mode=fast;block_size=131072;zstd_level=3;lzma_level=9;threads=1;process_timeout_seconds=3600","""E:\MIXER\hybridzip\build\Release\hybridzip.exe"" c --profile=r2 --r2-mode=fast --block-size=131072 --zstd-level=3 ""E:\MIXER\hybridzip\results\experiments\hybridzip-r2-e6-fast-full-20260828-retry1\children\hybridzip-r2-e6-fast-full-20260828-retry1-fast-b128-r3\inputs\32KiB\mr.bin"" ""E:\MIXER\hybridzip\results\experiments\hybridzip-r2-e6-fast-full-20260828-retry1\children\hybridzip-r2-e6-fast-full-20260828-retry1-fast-b128-r3\archives\32KiB\mr.hz2""","""E:\MIXER\hybridzip\build\Release\hybridzip.exe"" d ""E:\MIXER\hybridzip\results\experiments\hybridzip-r2-e6-fast-full-20260828-retry1\children\hybridzip-r2-e6-fast-full-20260828-retry1-fast-b128-r3\archives\32KiB\mr.hz2"" ""E:\MIXER\hybridzip\results\experiments\hybridzip-r2-e6-fast-full-20260828-retry1\children\hybridzip-r2-e6-fast-full-20260828-retry1-fast-b128-r3\decoded\32KiB\mr.decoded""","0","0","2026-08-28T02:39:13.1041752+08:00","COMPLETE","PASS","zstd=1","Complete R2 archive size; SHA-256 byte-exact roundtrip verified."
"e6-fast","fast","128","3","False","0","0","none","hybridzip-r2-e6-fast-full-20260828-retry1-fast-b128-r3","r2-fast","1","8","mr","64","inputs/64KiB/mr.bin","65536","CAB7B6408934009A4BBFEDB57BEB4943BF5478CF8B3688D01F004E0422EBC651","archives/64KiB/mr.hz2","17591","EB68A4F098C05EE5C8E585FE0228F71639DE861FDB6927710FB2917355BE8D9B","decoded/64KiB/mr.decoded","65536","CAB7B6408934009A4BBFEDB57BEB4943BF5478CF8B3688D01F004E0422EBC651","0.0416618","0.0489671","2.02734375","4.50390625","4.50390625","E65526F9DFF3F93844E004D63C7B2A4E4F219B5EAB3F1B3D3ABCF0B301F65003","profile_id=2;mode=fast;block_size=131072;zstd_level=3;lzma_level=9;threads=1;process_timeout_seconds=3600","""E:\MIXER\hybridzip\build\Release\hybridzip.exe"" c --profile=r2 --r2-mode=fast --block-size=131072 --zstd-level=3 ""E:\MIXER\hybridzip\results\experiments\hybridzip-r2-e6-fast-full-20260828-retry1\children\hybridzip-r2-e6-fast-full-20260828-retry1-fast-b128-r3\inputs\64KiB\mr.bin"" ""E:\MIXER\hybridzip\results\experiments\hybridzip-r2-e6-fast-full-20260828-retry1\children\hybridzip-r2-e6-fast-full-20260828-retry1-fast-b128-r3\archives\64KiB\mr.hz2""","""E:\MIXER\hybridzip\build\Release\hybridzip.exe"" d ""E:\MIXER\hybridzip\results\experiments\hybridzip-r2-e6-fast-full-20260828-retry1\children\hybridzip-r2-e6-fast-full-20260828-retry1-fast-b128-r3\archives\64KiB\mr.hz2"" ""E:\MIXER\hybridzip\results\experiments\hybridzip-r2-e6-fast-full-20260828-retry1\children\hybridzip-r2-e6-fast-full-20260828-retry1-fast-b128-r3\decoded\64KiB\mr.decoded""","0","0","2026-08-28T02:39:13.2633559+08:00","COMPLETE","PASS","zstd=1","Complete R2 archive size; SHA-256 byte-exact roundtrip verified."
"e6-fast","fast","128","3","False","0","0","none","hybridzip-r2-e6-fast-full-20260828-retry1-fast-b128-r3","r2-fast","1","9","mr","128","inputs/128KiB/mr.bin","131072","473A6A883480C7B2E69402AD888AC07B347C2DF61C6AA0D84E8B8130A27792EA","archives/128KiB/mr.hz2","34068","8490E4B2279CF2C3302397236372E25C02F387E930A5B52C55D732E650BE5FAF","decoded/128KiB/mr.decoded","131072","473A6A883480C7B2E69402AD888AC07B347C2DF61C6AA0D84E8B8130A27792EA","0.0440535","0.0488947","2.02734375","4.578125","4.578125","E65526F9DFF3F93844E004D63C7B2A4E4F219B5EAB3F1B3D3ABCF0B301F65003","profile_id=2;mode=fast;block_size=131072;zstd_level=3;lzma_level=9;threads=1;process_timeout_seconds=3600","""E:\MIXER\hybridzip\build\Release\hybridzip.exe"" c --profile=r2 --r2-mode=fast --block-size=131072 --zstd-level=3 ""E:\MIXER\hybridzip\results\experiments\hybridzip-r2-e6-fast-full-20260828-retry1\children\hybridzip-r2-e6-fast-full-20260828-retry1-fast-b128-r3\inputs\128KiB\mr.bin"" ""E:\MIXER\hybridzip\results\experiments\hybridzip-r2-e6-fast-full-20260828-retry1\children\hybridzip-r2-e6-fast-full-20260828-retry1-fast-b128-r3\archives\128KiB\mr.hz2""","""E:\MIXER\hybridzip\build\Release\hybridzip.exe"" d ""E:\MIXER\hybridzip\results\experiments\hybridzip-r2-e6-fast-full-20260828-retry1\children\hybridzip-r2-e6-fast-full-20260828-retry1-fast-b128-r3\archives\128KiB\mr.hz2"" ""E:\MIXER\hybridzip\results\experiments\hybridzip-r2-e6-fast-full-20260828-retry1\children\hybridzip-r2-e6-fast-full-20260828-retry1-fast-b128-r3\decoded\128KiB\mr.decoded""","0","0","2026-08-28T02:39:13.4182924+08:00","COMPLETE","PASS","zstd=1","Complete R2 archive size; SHA-256 byte-exact roundtrip verified."
"e6-fast","fast","128","3","False","0","0","none","hybridzip-r2-e6-fast-full-20260828-retry1-fast-b128-r3","r2-fast","1","10","nci","32","inputs/32KiB/nci.bin","32768","0D3034FE8B0E573DE1439ED98CE409B83B13E5895085C9BFB0BF980F4962FB79","archives/32KiB/nci.hz2","3102","443B113655BA2DB5A81951154F64E0605D17E1E5745B1B4D1DCB7E6A304E4A37","decoded/32KiB/nci.decoded","32768","0D3034FE8B0E573DE1439ED98CE409B83B13E5895085C9BFB0BF980F4962FB79","0.0413434","0.0471137","2.02734375","4.26953125","4.26953125","E65526F9DFF3F93844E004D63C7B2A4E4F219B5EAB3F1B3D3ABCF0B301F65003","profile_id=2;mode=fast;block_size=131072;zstd_level=3;lzma_level=9;threads=1;process_timeout_seconds=3600","""E:\MIXER\hybridzip\build\Release\hybridzip.exe"" c --profile=r2 --r2-mode=fast --block-size=131072 --zstd-level=3 ""E:\MIXER\hybridzip\results\experiments\hybridzip-r2-e6-fast-full-20260828-retry1\children\hybridzip-r2-e6-fast-full-20260828-retry1-fast-b128-r3\inputs\32KiB\nci.bin"" ""E:\MIXER\hybridzip\results\experiments\hybridzip-r2-e6-fast-full-20260828-retry1\children\hybridzip-r2-e6-fast-full-20260828-retry1-fast-b128-r3\archives\32KiB\nci.hz2""","""E:\MIXER\hybridzip\build\Release\hybridzip.exe"" d ""E:\MIXER\hybridzip\results\experiments\hybridzip-r2-e6-fast-full-20260828-retry1\children\hybridzip-r2-e6-fast-full-20260828-retry1-fast-b128-r3\archives\32KiB\nci.hz2"" ""E:\MIXER\hybridzip\results\experiments\hybridzip-r2-e6-fast-full-20260828-retry1\children\hybridzip-r2-e6-fast-full-20260828-retry1-fast-b128-r3\decoded\32KiB\nci.decoded""","0","0","2026-08-28T02:39:13.5783624+08:00","COMPLETE","PASS","zstd=1","Complete R2 archive size; SHA-256 byte-exact roundtrip verified."
"e6-fast","fast","128","3","False","0","0","none","hybridzip-r2-e6-fast-full-20260828-retry1-fast-b128-r3","r2-fast","1","11","nci","64","inputs/64KiB/nci.bin","65536","B01B411AC3B5CE2FBF37242C0C59D2D236D2F7039937C1B1A0F18F4CC02549FE","archives/64KiB/nci.hz2","5294","E4E3AA0265B6A36DA35D9F9F03708E58C7CE2AB951DEAACB0080CD4FF3D9EE18","decoded/64KiB/nci.decoded","65536","B01B411AC3B5CE2FBF37242C0C59D2D236D2F7039937C1B1A0F18F4CC02549FE","0.0429948","0.0659891","2.02734375","4.48828125","4.48828125","E65526F9DFF3F93844E004D63C7B2A4E4F219B5EAB3F1B3D3ABCF0B301F65003","profile_id=2;mode=fast;block_size=131072;zstd_level=3;lzma_level=9;threads=1;process_timeout_seconds=3600","""E:\MIXER\hybridzip\build\Release\hybridzip.exe"" c --profile=r2 --r2-mode=fast --block-size=131072 --zstd-level=3 ""E:\MIXER\hybridzip\results\experiments\hybridzip-r2-e6-fast-full-20260828-retry1\children\hybridzip-r2-e6-fast-full-20260828-retry1-fast-b128-r3\inputs\64KiB\nci.bin"" ""E:\MIXER\hybridzip\results\experiments\hybridzip-r2-e6-fast-full-20260828-retry1\children\hybridzip-r2-e6-fast-full-20260828-retry1-fast-b128-r3\archives\64KiB\nci.hz2""","""E:\MIXER\hybridzip\build\Release\hybridzip.exe"" d ""E:\MIXER\hybridzip\results\experiments\hybridzip-r2-e6-fast-full-20260828-retry1\children\hybridzip-r2-e6-fast-full-20260828-retry1-fast-b128-r3\archives\64KiB\nci.hz2"" ""E:\MIXER\hybridzip\results\experiments\hybridzip-r2-e6-fast-full-20260828-retry1\children\hybridzip-r2-e6-fast-full-20260828-retry1-fast-b128-r3\decoded\64KiB\nci.decoded""","0","0","2026-08-28T02:39:13.7319921+08:00","COMPLETE","PASS","zstd=1","Complete R2 archive size; SHA-256 byte-exact roundtrip verified."
"e6-fast","fast","128","3","False","0","0","none","hybridzip-r2-e6-fast-full-20260828-retry1-fast-b128-r3","r2-fast","1","12","nci","128","inputs/128KiB/nci.bin","131072","C8A1D610355E5EF900ED4C704DF14ADF1935D95DFD8F1740AC9FD90FC9BF5781","archives/128KiB/nci.hz2","11268","3C147EFAEDD4A98442B6ADF65A3B61C40FEE75A1BC2B37921F2BF202BE801CC5","decoded/128KiB/nci.decoded","131072","C8A1D610355E5EF900ED4C704DF14ADF1935D95DFD8F1740AC9FD90FC9BF5781","0.0425139","0.0649815","2.02734375","2.0234375","2.02734375","E65526F9DFF3F93844E004D63C7B2A4E4F219B5EAB3F1B3D3ABCF0B301F65003","profile_id=2;mode=fast;block_size=131072;zstd_level=3;lzma_level=9;threads=1;process_timeout_seconds=3600","""E:\MIXER\hybridzip\build\Release\hybridzip.exe"" c --profile=r2 --r2-mode=fast --block-size=131072 --zstd-level=3 ""E:\MIXER\hybridzip\results\experiments\hybridzip-r2-e6-fast-full-20260828-retry1\children\hybridzip-r2-e6-fast-full-20260828-retry1-fast-b128-r3\inputs\128KiB\nci.bin"" ""E:\MIXER\hybridzip\results\experiments\hybridzip-r2-e6-fast-full-20260828-retry1\children\hybridzip-r2-e6-fast-full-20260828-retry1-fast-b128-r3\archives\128KiB\nci.hz2""","""E:\MIXER\hybridzip\build\Release\hybridzip.exe"" d ""E:\MIXER\hybridzip\results\experiments\hybridzip-r2-e6-fast-full-20260828-retry1\children\hybridzip-r2-e6-fast-full-20260828-retry1-fast-b128-r3\archives\128KiB\nci.hz2"" ""E:\MIXER\hybridzip\results\experiments\hybridzip-r2-e6-fast-full-20260828-retry1\children\hybridzip-r2-e6-fast-full-20260828-retry1-fast-b128-r3\decoded\128KiB\nci.decoded""","0","0","2026-08-28T02:39:13.9063451+08:00","COMPLETE","PASS","zstd=1","Complete R2 archive size; SHA-256 byte-exact roundtrip verified."
"e6-fast","fast","128","3","False","0","0","none","hybridzip-r2-e6-fast-full-20260828-retry1-fast-b128-r3","r2-fast","1","13","ooffice","32","inputs/32KiB/ooffice.bin","32768","2ACF9B4CAAEAC5814CDFEF0FA48A5ECE857C847DBDB7B44EEAB95CA3C098921C","archives/32KiB/ooffice.hz2","14873","FFFC0F96DB39FB6AEA0EB7F90BBCB9345D8D9CC1FFE9965B08A36BE31DBADED4","decoded/32KiB/ooffice.decoded","32768","2ACF9B4CAAEAC5814CDFEF0FA48A5ECE857C847DBDB7B44EEAB95CA3C098921C","0.0511105","0.0480957","4.98828125","3.796875","4.98828125","E65526F9DFF3F93844E004D63C7B2A4E4F219B5EAB3F1B3D3ABCF0B301F65003","profile_id=2;mode=fast;block_size=131072;zstd_level=3;lzma_level=9;threads=1;process_timeout_seconds=3600","""E:\MIXER\hybridzip\build\Release\hybridzip.exe"" c --profile=r2 --r2-mode=fast --block-size=131072 --zstd-level=3 ""E:\MIXER\hybridzip\results\experiments\hybridzip-r2-e6-fast-full-20260828-retry1\children\hybridzip-r2-e6-fast-full-20260828-retry1-fast-b128-r3\inputs\32KiB\ooffice.bin"" ""E:\MIXER\hybridzip\results\experiments\hybridzip-r2-e6-fast-full-20260828-retry1\children\hybridzip-r2-e6-fast-full-20260828-retry1-fast-b128-r3\archives\32KiB\ooffice.hz2""","""E:\MIXER\hybridzip\build\Release\hybridzip.exe"" d ""E:\MIXER\hybridzip\results\experiments\hybridzip-r2-e6-fast-full-20260828-retry1\children\hybridzip-r2-e6-fast-full-20260828-retry1-fast-b128-r3\archives\32KiB\ooffice.hz2"" ""E:\MIXER\hybridzip\results\experiments\hybridzip-r2-e6-fast-full-20260828-retry1\children\hybridzip-r2-e6-fast-full-20260828-retry1-fast-b128-r3\decoded\32KiB\ooffice.decoded""","0","0","2026-08-28T02:39:14.0804821+08:00","COMPLETE","PASS","zstd=1","Complete R2 archive size; SHA-256 byte-exact roundtrip verified."
"e6-fast","fast","128","3","False","0","0","none","hybridzip-r2-e6-fast-full-20260828-retry1-fast-b128-r3","r2-fast","1","14","ooffice","64","inputs/64KiB/ooffice.bin","65536","9D30521922187D0A26F56CF2DF85001F9585D0D4EC6A0A8797466AFCC367F825","archives/64KiB/ooffice.hz2","34284","51A2829A908BCA425C4FB0CB720D5C32CEED33788C312294963F9A52B691742E","decoded/64KiB/ooffice.decoded","65536","9D30521922187D0A26F56CF2DF85001F9585D0D4EC6A0A8797466AFCC367F825","0.0570522","0.0479442","2.02734375","4.40234375","4.40234375","E65526F9DFF3F93844E004D63C7B2A4E4F219B5EAB3F1B3D3ABCF0B301F65003","profile_id=2;mode=fast;block_size=131072;zstd_level=3;lzma_level=9;threads=1;process_timeout_seconds=3600","""E:\MIXER\hybridzip\build\Release\hybridzip.exe"" c --profile=r2 --r2-mode=fast --block-size=131072 --zstd-level=3 ""E:\MIXER\hybridzip\results\experiments\hybridzip-r2-e6-fast-full-20260828-retry1\children\hybridzip-r2-e6-fast-full-20260828-retry1-fast-b128-r3\inputs\64KiB\ooffice.bin"" ""E:\MIXER\hybridzip\results\experiments\hybridzip-r2-e6-fast-full-20260828-retry1\children\hybridzip-r2-e6-fast-full-20260828-retry1-fast-b128-r3\archives\64KiB\ooffice.hz2""","""E:\MIXER\hybridzip\build\Release\hybridzip.exe"" d ""E:\MIXER\hybridzip\results\experiments\hybridzip-r2-e6-fast-full-20260828-retry1\children\hybridzip-r2-e6-fast-full-20260828-retry1-fast-b128-r3\archives\64KiB\ooffice.hz2"" ""E:\MIXER\hybridzip\results\experiments\hybridzip-r2-e6-fast-full-20260828-retry1\children\hybridzip-r2-e6-fast-full-20260828-retry1-fast-b128-r3\decoded\64KiB\ooffice.decoded""","0","0","2026-08-28T02:39:14.2627576+08:00","COMPLETE","PASS","zstd=1","Complete R2 archive size; SHA-256 byte-exact roundtrip verified."
"e6-fast","fast","128","3","False","0","0","none","hybridzip-r2-e6-fast-full-20260828-retry1-fast-b128-r3","r2-fast","1","15","ooffice","128","inputs/128KiB/ooffice.bin","131072","09FA5F3EE5311528863F8C3FADA3B530CC24AC1D88128E4DB2BF434161879FEF","archives/128KiB/ooffice.hz2","72249","387F7F2E6B96D1519168EFF132EA75B68BE57A8740E3D5A898879AD953391EB7","decoded/128KiB/ooffice.decoded","131072","09FA5F3EE5311528863F8C3FADA3B530CC24AC1D88128E4DB2BF434161879FEF","0.0447166","0.0468053","2.02734375","3.87890625","3.87890625","E65526F9DFF3F93844E004D63C7B2A4E4F219B5EAB3F1B3D3ABCF0B301F65003","profile_id=2;mode=fast;block_size=131072;zstd_level=3;lzma_level=9;threads=1;process_timeout_seconds=3600","""E:\MIXER\hybridzip\build\Release\hybridzip.exe"" c --profile=r2 --r2-mode=fast --block-size=131072 --zstd-level=3 ""E:\MIXER\hybridzip\results\experiments\hybridzip-r2-e6-fast-full-20260828-retry1\children\hybridzip-r2-e6-fast-full-20260828-retry1-fast-b128-r3\inputs\128KiB\ooffice.bin"" ""E:\MIXER\hybridzip\results\experiments\hybridzip-r2-e6-fast-full-20260828-retry1\children\hybridzip-r2-e6-fast-full-20260828-retry1-fast-b128-r3\archives\128KiB\ooffice.hz2""","""E:\MIXER\hybridzip\build\Release\hybridzip.exe"" d ""E:\MIXER\hybridzip\results\experiments\hybridzip-r2-e6-fast-full-20260828-retry1\children\hybridzip-r2-e6-fast-full-20260828-retry1-fast-b128-r3\archives\128KiB\ooffice.hz2"" ""E:\MIXER\hybridzip\results\experiments\hybridzip-r2-e6-fast-full-20260828-retry1\children\hybridzip-r2-e6-fast-full-20260828-retry1-fast-b128-r3\decoded\128KiB\ooffice.decoded""","0","0","2026-08-28T02:39:14.4499267+08:00","COMPLETE","PASS","zstd=1","Complete R2 archive size; SHA-256 byte-exact roundtrip verified."
"e6-fast","fast","128","3","False","0","0","none","hybridzip-r2-e6-fast-full-20260828-retry1-fast-b128-r3","r2-fast","1","16","osdb","32","inputs/32KiB/osdb.bin","32768","03B2C20B777682CD960BCD893D7A4463161D9C0200FD1708B2EFAE32A259D0B7","archives/32KiB/osdb.hz2","15697","D277689F1E1A3429E5461613F1BAB79DAE6EB59DA2650E2DDE4A1ADA36C563CF","decoded/32KiB/osdb.decoded","32768","03B2C20B777682CD960BCD893D7A4463161D9C0200FD1708B2EFAE32A259D0B7","0.0434428","0.0484483","2.02734375","4.48046875","4.48046875","E65526F9DFF3F93844E004D63C7B2A4E4F219B5EAB3F1B3D3ABCF0B301F65003","profile_id=2;mode=fast;block_size=131072;zstd_level=3;lzma_level=9;threads=1;process_timeout_seconds=3600","""E:\MIXER\hybridzip\build\Release\hybridzip.exe"" c --profile=r2 --r2-mode=fast --block-size=131072 --zstd-level=3 ""E:\MIXER\hybridzip\results\experiments\hybridzip-r2-e6-fast-full-20260828-retry1\children\hybridzip-r2-e6-fast-full-20260828-retry1-fast-b128-r3\inputs\32KiB\osdb.bin"" ""E:\MIXER\hybridzip\results\experiments\hybridzip-r2-e6-fast-full-20260828-retry1\children\hybridzip-r2-e6-fast-full-20260828-retry1-fast-b128-r3\archives\32KiB\osdb.hz2""","""E:\MIXER\hybridzip\build\Release\hybridzip.exe"" d ""E:\MIXER\hybridzip\results\experiments\hybridzip-r2-e6-fast-full-20260828-retry1\children\hybridzip-r2-e6-fast-full-20260828-retry1-fast-b128-r3\archives\32KiB\osdb.hz2"" ""E:\MIXER\hybridzip\results\experiments\hybridzip-r2-e6-fast-full-20260828-retry1\children\hybridzip-r2-e6-fast-full-20260828-retry1-fast-b128-r3\decoded\32KiB\osdb.decoded""","0","0","2026-08-28T02:39:14.6263481+08:00","COMPLETE","PASS","zstd=1","Complete R2 archive size; SHA-256 byte-exact roundtrip verified."
"e6-fast","fast","128","3","False","0","0","none","hybridzip-r2-e6-fast-full-20260828-retry1-fast-b128-r3","r2-fast","1","17","osdb","64","inputs/64KiB/osdb.bin","65536","F8FE629325A07588118BA0B65880A87DED43EF249CCBC91F0E977BBACAE0C125","archives/64KiB/osdb.hz2","27356","231783C9AE9D539E88CC7F7825EFF5B9AB5B117C0114902BFB676CB8EC04A912","decoded/64KiB/osdb.decoded","65536","F8FE629325A07588118BA0B65880A87DED43EF249CCBC91F0E977BBACAE0C125","0.0604955","0.0657276","2.02734375","2.0234375","2.02734375","E65526F9DFF3F93844E004D63C7B2A4E4F219B5EAB3F1B3D3ABCF0B301F65003","profile_id=2;mode=fast;block_size=131072;zstd_level=3;lzma_level=9;threads=1;process_timeout_seconds=3600","""E:\MIXER\hybridzip\build\Release\hybridzip.exe"" c --profile=r2 --r2-mode=fast --block-size=131072 --zstd-level=3 ""E:\MIXER\hybridzip\results\experiments\hybridzip-r2-e6-fast-full-20260828-retry1\children\hybridzip-r2-e6-fast-full-20260828-retry1-fast-b128-r3\inputs\64KiB\osdb.bin"" ""E:\MIXER\hybridzip\results\experiments\hybridzip-r2-e6-fast-full-20260828-retry1\children\hybridzip-r2-e6-fast-full-20260828-retry1-fast-b128-r3\archives\64KiB\osdb.hz2""","""E:\MIXER\hybridzip\build\Release\hybridzip.exe"" d ""E:\MIXER\hybridzip\results\experiments\hybridzip-r2-e6-fast-full-20260828-retry1\children\hybridzip-r2-e6-fast-full-20260828-retry1-fast-b128-r3\archives\64KiB\osdb.hz2"" ""E:\MIXER\hybridzip\results\experiments\hybridzip-r2-e6-fast-full-20260828-retry1\children\hybridzip-r2-e6-fast-full-20260828-retry1-fast-b128-r3\decoded\64KiB\osdb.decoded""","0","0","2026-08-28T02:39:14.7809455+08:00","COMPLETE","PASS","zstd=1","Complete R2 archive size; SHA-256 byte-exact roundtrip verified."
"e6-fast","fast","128","3","False","0","0","none","hybridzip-r2-e6-fast-full-20260828-retry1-fast-b128-r3","r2-fast","1","18","osdb","128","inputs/128KiB/osdb.bin","131072","D977E72AE13AEFC36A4B6171A895E26A0E6EEE447B1B9FBE868D7B1C046CC91F","archives/128KiB/osdb.hz2","50368","58C9C1223298E9FC28BC03D3C11CA61968154871ADE825F9CB1F13B0F1882283","decoded/128KiB/osdb.decoded","131072","D977E72AE13AEFC36A4B6171A895E26A0E6EEE447B1B9FBE868D7B1C046CC91F","0.043673","0.0475701","2.02734375","3.72265625","3.72265625","E65526F9DFF3F93844E004D63C7B2A4E4F219B5EAB3F1B3D3ABCF0B301F65003","profile_id=2;mode=fast;block_size=131072;zstd_level=3;lzma_level=9;threads=1;process_timeout_seconds=3600","""E:\MIXER\hybridzip\build\Release\hybridzip.exe"" c --profile=r2 --r2-mode=fast --block-size=131072 --zstd-level=3 ""E:\MIXER\hybridzip\results\experiments\hybridzip-r2-e6-fast-full-20260828-retry1\children\hybridzip-r2-e6-fast-full-20260828-retry1-fast-b128-r3\inputs\128KiB\osdb.bin"" ""E:\MIXER\hybridzip\results\experiments\hybridzip-r2-e6-fast-full-20260828-retry1\children\hybridzip-r2-e6-fast-full-20260828-retry1-fast-b128-r3\archives\128KiB\osdb.hz2""","""E:\MIXER\hybridzip\build\Release\hybridzip.exe"" d ""E:\MIXER\hybridzip\results\experiments\hybridzip-r2-e6-fast-full-20260828-retry1\children\hybridzip-r2-e6-fast-full-20260828-retry1-fast-b128-r3\archives\128KiB\osdb.hz2"" ""E:\MIXER\hybridzip\results\experiments\hybridzip-r2-e6-fast-full-20260828-retry1\children\hybridzip-r2-e6-fast-full-20260828-retry1-fast-b128-r3\decoded\128KiB\osdb.decoded""","0","0","2026-08-28T02:39:14.9735707+08:00","COMPLETE","PASS","zstd=1","Complete R2 archive size; SHA-256 byte-exact roundtrip verified."
"e6-fast","fast","128","3","False","0","0","none","hybridzip-r2-e6-fast-full-20260828-retry1-fast-b128-r3","r2-fast","1","19","reymont","32","inputs/32KiB/reymont.bin","32768","9D5E4B9340C2260DAE7DDB01B3EDA58236FF2DE5E1FF4D56767AA840B6FB1A87","archives/32KiB/reymont.hz2","10573","9E59A3CC9F4D4E3976CD42C686353C9AB1A02B800FF226B966A3557D1456F178","decoded/32KiB/reymont.decoded","32768","9D5E4B9340C2260DAE7DDB01B3EDA58236FF2DE5E1FF4D56767AA840B6FB1A87","0.0392632","0.0474954","2.01953125","4.45703125","4.45703125","E65526F9DFF3F93844E004D63C7B2A4E4F219B5EAB3F1B3D3ABCF0B301F65003","profile_id=2;mode=fast;block_size=131072;zstd_level=3;lzma_level=9;threads=1;process_timeout_seconds=3600","""E:\MIXER\hybridzip\build\Release\hybridzip.exe"" c --profile=r2 --r2-mode=fast --block-size=131072 --zstd-level=3 ""E:\MIXER\hybridzip\results\experiments\hybridzip-r2-e6-fast-full-20260828-retry1\children\hybridzip-r2-e6-fast-full-20260828-retry1-fast-b128-r3\inputs\32KiB\reymont.bin"" ""E:\MIXER\hybridzip\results\experiments\hybridzip-r2-e6-fast-full-20260828-retry1\children\hybridzip-r2-e6-fast-full-20260828-retry1-fast-b128-r3\archives\32KiB\reymont.hz2""","""E:\MIXER\hybridzip\build\Release\hybridzip.exe"" d ""E:\MIXER\hybridzip\results\experiments\hybridzip-r2-e6-fast-full-20260828-retry1\children\hybridzip-r2-e6-fast-full-20260828-retry1-fast-b128-r3\archives\32KiB\reymont.hz2"" ""E:\MIXER\hybridzip\results\experiments\hybridzip-r2-e6-fast-full-20260828-retry1\children\hybridzip-r2-e6-fast-full-20260828-retry1-fast-b128-r3\decoded\32KiB\reymont.decoded""","0","0","2026-08-28T02:39:15.1312947+08:00","COMPLETE","PASS","zstd=1","Complete R2 archive size; SHA-256 byte-exact roundtrip verified."
"e6-fast","fast","128","3","False","0","0","none","hybridzip-r2-e6-fast-full-20260828-retry1-fast-b128-r3","r2-fast","1","20","reymont","64","inputs/64KiB/reymont.bin","65536","A5ECAAABB133F1ADF8DE6062BE6381D143E87F9F8050EEA9B5BE6F92B88C3C22","archives/64KiB/reymont.hz2","20575","57285E7982646F44B3B885226D45014EA98515D265E3FE4ACCB8280086AEA74B","decoded/64KiB/reymont.decoded","65536","A5ECAAABB133F1ADF8DE6062BE6381D143E87F9F8050EEA9B5BE6F92B88C3C22","0.0402012","0.0468021","2.0234375","4.515625","4.515625","E65526F9DFF3F93844E004D63C7B2A4E4F219B5EAB3F1B3D3ABCF0B301F65003","profile_id=2;mode=fast;block_size=131072;zstd_level=3;lzma_level=9;threads=1;process_timeout_seconds=3600","""E:\MIXER\hybridzip\build\Release\hybridzip.exe"" c --profile=r2 --r2-mode=fast --block-size=131072 --zstd-level=3 ""E:\MIXER\hybridzip\results\experiments\hybridzip-r2-e6-fast-full-20260828-retry1\children\hybridzip-r2-e6-fast-full-20260828-retry1-fast-b128-r3\inputs\64KiB\reymont.bin"" ""E:\MIXER\hybridzip\results\experiments\hybridzip-r2-e6-fast-full-20260828-retry1\children\hybridzip-r2-e6-fast-full-20260828-retry1-fast-b128-r3\archives\64KiB\reymont.hz2""","""E:\MIXER\hybridzip\build\Release\hybridzip.exe"" d ""E:\MIXER\hybridzip\results\experiments\hybridzip-r2-e6-fast-full-20260828-retry1\children\hybridzip-r2-e6-fast-full-20260828-retry1-fast-b128-r3\archives\64KiB\reymont.hz2"" ""E:\MIXER\hybridzip\results\experiments\hybridzip-r2-e6-fast-full-20260828-retry1\children\hybridzip-r2-e6-fast-full-20260828-retry1-fast-b128-r3\decoded\64KiB\reymont.decoded""","0","0","2026-08-28T02:39:15.2856683+08:00","COMPLETE","PASS","zstd=1","Complete R2 archive size; SHA-256 byte-exact roundtrip verified."
"e6-fast","fast","128","3","False","0","0","none","hybridzip-r2-e6-fast-full-20260828-retry1-fast-b128-r3","r2-fast","1","21","reymont","128","inputs/128KiB/reymont.bin","131072","A6CA7478854C1E80DFEAF9FB3444B357F9D7625E55232FAE3B3632A5A1217DEA","archives/128KiB/reymont.hz2","40443","C036491CB7C40963F23DEE49D664635246CC83F3B5982E91961E4E30BB6CB492","decoded/128KiB/reymont.decoded","131072","A6CA7478854C1E80DFEAF9FB3444B357F9D7625E55232FAE3B3632A5A1217DEA","0.0424576","0.0627469","2.02734375","4.6015625","4.6015625","E65526F9DFF3F93844E004D63C7B2A4E4F219B5EAB3F1B3D3ABCF0B301F65003","profile_id=2;mode=fast;block_size=131072;zstd_level=3;lzma_level=9;threads=1;process_timeout_seconds=3600","""E:\MIXER\hybridzip\build\Release\hybridzip.exe"" c --profile=r2 --r2-mode=fast --block-size=131072 --zstd-level=3 ""E:\MIXER\hybridzip\results\experiments\hybridzip-r2-e6-fast-full-20260828-retry1\children\hybridzip-r2-e6-fast-full-20260828-retry1-fast-b128-r3\inputs\128KiB\reymont.bin"" ""E:\MIXER\hybridzip\results\experiments\hybridzip-r2-e6-fast-full-20260828-retry1\children\hybridzip-r2-e6-fast-full-20260828-retry1-fast-b128-r3\archives\128KiB\reymont.hz2""","""E:\MIXER\hybridzip\build\Release\hybridzip.exe"" d ""E:\MIXER\hybridzip\results\experiments\hybridzip-r2-e6-fast-full-20260828-retry1\children\hybridzip-r2-e6-fast-full-20260828-retry1-fast-b128-r3\archives\128KiB\reymont.hz2"" ""E:\MIXER\hybridzip\results\experiments\hybridzip-r2-e6-fast-full-20260828-retry1\children\hybridzip-r2-e6-fast-full-20260828-retry1-fast-b128-r3\decoded\128KiB\reymont.decoded""","0","0","2026-08-28T02:39:15.4414554+08:00","COMPLETE","PASS","zstd=1","Complete R2 archive size; SHA-256 byte-exact roundtrip verified."
"e6-fast","fast","128","3","False","0","0","none","hybridzip-r2-e6-fast-full-20260828-retry1-fast-b128-r3","r2-fast","1","22","samba","32","inputs/32KiB/samba.bin","32768","9C4F5BEE544E4531E4946E62F796987418B4526911C34877EF282F14DD57AD12","archives/32KiB/samba.hz2","11947","A8C4B07E7AA03D14EFD4BCD0A2CD1C19BF70C84E984AF81886E9EB9EB4342E79","decoded/32KiB/samba.decoded","32768","9C4F5BEE544E4531E4946E62F796987418B4526911C34877EF282F14DD57AD12","0.0588037","0.0642809","2.28125","2.01953125","2.28125","E65526F9DFF3F93844E004D63C7B2A4E4F219B5EAB3F1B3D3ABCF0B301F65003","profile_id=2;mode=fast;block_size=131072;zstd_level=3;lzma_level=9;threads=1;process_timeout_seconds=3600","""E:\MIXER\hybridzip\build\Release\hybridzip.exe"" c --profile=r2 --r2-mode=fast --block-size=131072 --zstd-level=3 ""E:\MIXER\hybridzip\results\experiments\hybridzip-r2-e6-fast-full-20260828-retry1\children\hybridzip-r2-e6-fast-full-20260828-retry1-fast-b128-r3\inputs\32KiB\samba.bin"" ""E:\MIXER\hybridzip\results\experiments\hybridzip-r2-e6-fast-full-20260828-retry1\children\hybridzip-r2-e6-fast-full-20260828-retry1-fast-b128-r3\archives\32KiB\samba.hz2""","""E:\MIXER\hybridzip\build\Release\hybridzip.exe"" d ""E:\MIXER\hybridzip\results\experiments\hybridzip-r2-e6-fast-full-20260828-retry1\children\hybridzip-r2-e6-fast-full-20260828-retry1-fast-b128-r3\archives\32KiB\samba.hz2"" ""E:\MIXER\hybridzip\results\experiments\hybridzip-r2-e6-fast-full-20260828-retry1\children\hybridzip-r2-e6-fast-full-20260828-retry1-fast-b128-r3\decoded\32KiB\samba.decoded""","0","0","2026-08-28T02:39:15.6124455+08:00","COMPLETE","PASS","zstd=1","Complete R2 archive size; SHA-256 byte-exact roundtrip verified."
"e6-fast","fast","128","3","False","0","0","none","hybridzip-r2-e6-fast-full-20260828-retry1-fast-b128-r3","r2-fast","1","23","samba","64","inputs/64KiB/samba.bin","65536","3E0420984C0F260EA7350734600CEA9D8500B745E2E4B7DBD4D1DA1D1ADAC421","archives/64KiB/samba.hz2","23329","FA0E3DCCADA67868F221F9C0EF13E9BCF278AF14EF428CF19783B0C9B3739D60","decoded/64KiB/samba.decoded","65536","3E0420984C0F260EA7350734600CEA9D8500B745E2E4B7DBD4D1DA1D1ADAC421","0.0561015","0.0464712","2.02734375","2.02734375","2.02734375","E65526F9DFF3F93844E004D63C7B2A4E4F219B5EAB3F1B3D3ABCF0B301F65003","profile_id=2;mode=fast;block_size=131072;zstd_level=3;lzma_level=9;threads=1;process_timeout_seconds=3600","""E:\MIXER\hybridzip\build\Release\hybridzip.exe"" c --profile=r2 --r2-mode=fast --block-size=131072 --zstd-level=3 ""E:\MIXER\hybridzip\results\experiments\hybridzip-r2-e6-fast-full-20260828-retry1\children\hybridzip-r2-e6-fast-full-20260828-retry1-fast-b128-r3\inputs\64KiB\samba.bin"" ""E:\MIXER\hybridzip\results\experiments\hybridzip-r2-e6-fast-full-20260828-retry1\children\hybridzip-r2-e6-fast-full-20260828-retry1-fast-b128-r3\archives\64KiB\samba.hz2""","""E:\MIXER\hybridzip\build\Release\hybridzip.exe"" d ""E:\MIXER\hybridzip\results\experiments\hybridzip-r2-e6-fast-full-20260828-retry1\children\hybridzip-r2-e6-fast-full-20260828-retry1-fast-b128-r3\archives\64KiB\samba.hz2"" ""E:\MIXER\hybridzip\results\experiments\hybridzip-r2-e6-fast-full-20260828-retry1\children\hybridzip-r2-e6-fast-full-20260828-retry1-fast-b128-r3\decoded\64KiB\samba.decoded""","0","0","2026-08-28T02:39:15.8007128+08:00","COMPLETE","PASS","zstd=1","Complete R2 archive size; SHA-256 byte-exact roundtrip verified."
"e6-fast","fast","128","3","False","0","0","none","hybridzip-r2-e6-fast-full-20260828-retry1-fast-b128-r3","r2-fast","1","24","samba","128","inputs/128KiB/samba.bin","131072","F3B8C4AD35BC6CF21977895D6F04A22B1422605942FA5AFE35CE28B2A221D7E8","archives/128KiB/samba.hz2","50587","4370481858B1F3E89B7A7324D0A3D3A2BEA7AF769FF0EB664409E721BD243CA3","decoded/128KiB/samba.decoded","131072","F3B8C4AD35BC6CF21977895D6F04A22B1422605942FA5AFE35CE28B2A221D7E8","0.0412501","0.0423972","2.02734375","2.02734375","2.02734375","E65526F9DFF3F93844E004D63C7B2A4E4F219B5EAB3F1B3D3ABCF0B301F65003","profile_id=2;mode=fast;block_size=131072;zstd_level=3;lzma_level=9;threads=1;process_timeout_seconds=3600","""E:\MIXER\hybridzip\build\Release\hybridzip.exe"" c --profile=r2 --r2-mode=fast --block-size=131072 --zstd-level=3 ""E:\MIXER\hybridzip\results\experiments\hybridzip-r2-e6-fast-full-20260828-retry1\children\hybridzip-r2-e6-fast-full-20260828-retry1-fast-b128-r3\inputs\128KiB\samba.bin"" ""E:\MIXER\hybridzip\results\experiments\hybridzip-r2-e6-fast-full-20260828-retry1\children\hybridzip-r2-e6-fast-full-20260828-retry1-fast-b128-r3\archives\128KiB\samba.hz2""","""E:\MIXER\hybridzip\build\Release\hybridzip.exe"" d ""E:\MIXER\hybridzip\results\experiments\hybridzip-r2-e6-fast-full-20260828-retry1\children\hybridzip-r2-e6-fast-full-20260828-retry1-fast-b128-r3\archives\128KiB\samba.hz2"" ""E:\MIXER\hybridzip\results\experiments\hybridzip-r2-e6-fast-full-20260828-retry1\children\hybridzip-r2-e6-fast-full-20260828-retry1-fast-b128-r3\decoded\128KiB\samba.decoded""","0","0","2026-08-28T02:39:15.9697780+08:00","COMPLETE","PASS","zstd=1","Complete R2 archive size; SHA-256 byte-exact roundtrip verified."
"e6-fast","fast","128","3","False","0","0","none","hybridzip-r2-e6-fast-full-20260828-retry1-fast-b128-r3","r2-fast","1","25","sao","32","inputs/32KiB/sao.bin","32768","95677430CAD4F000506BC5EE22815C3F4E13D64B477ED506B78D5D9ACFB50CCD","archives/32KiB/sao.hz2","26959","A639E9A06D1680DDDFB56D34E720F1000FB7E99D79A98D6E7B2472E9EB2835FC","decoded/32KiB/sao.decoded","32768","95677430CAD4F000506BC5EE22815C3F4E13D64B477ED506B78D5D9ACFB50CCD","0.0428019","0.0468668","2.02734375","4.48046875","4.48046875","E65526F9DFF3F93844E004D63C7B2A4E4F219B5EAB3F1B3D3ABCF0B301F65003","profile_id=2;mode=fast;block_size=131072;zstd_level=3;lzma_level=9;threads=1;process_timeout_seconds=3600","""E:\MIXER\hybridzip\build\Release\hybridzip.exe"" c --profile=r2 --r2-mode=fast --block-size=131072 --zstd-level=3 ""E:\MIXER\hybridzip\results\experiments\hybridzip-r2-e6-fast-full-20260828-retry1\children\hybridzip-r2-e6-fast-full-20260828-retry1-fast-b128-r3\inputs\32KiB\sao.bin"" ""E:\MIXER\hybridzip\results\experiments\hybridzip-r2-e6-fast-full-20260828-retry1\children\hybridzip-r2-e6-fast-full-20260828-retry1-fast-b128-r3\archives\32KiB\sao.hz2""","""E:\MIXER\hybridzip\build\Release\hybridzip.exe"" d ""E:\MIXER\hybridzip\results\experiments\hybridzip-r2-e6-fast-full-20260828-retry1\children\hybridzip-r2-e6-fast-full-20260828-retry1-fast-b128-r3\archives\32KiB\sao.hz2"" ""E:\MIXER\hybridzip\results\experiments\hybridzip-r2-e6-fast-full-20260828-retry1\children\hybridzip-r2-e6-fast-full-20260828-retry1-fast-b128-r3\decoded\32KiB\sao.decoded""","0","0","2026-08-28T02:39:16.1237647+08:00","COMPLETE","PASS","zstd=1","Complete R2 archive size; SHA-256 byte-exact roundtrip verified."
"e6-fast","fast","128","3","False","0","0","none","hybridzip-r2-e6-fast-full-20260828-retry1-fast-b128-r3","r2-fast","1","26","sao","64","inputs/64KiB/sao.bin","65536","17CBD7166A47786139F60BA33B4E771CE0154F6FA56986883D129BC23F78EBEE","archives/64KiB/sao.hz2","53336","A35CD777886E2CD0C5AF0AE69237091B528DCBCC0DEEE14727EDE4E482FEC205","decoded/64KiB/sao.decoded","65536","17CBD7166A47786139F60BA33B4E771CE0154F6FA56986883D129BC23F78EBEE","0.0443128","0.0473652","2.48828125","4.27734375","4.27734375","E65526F9DFF3F93844E004D63C7B2A4E4F219B5EAB3F1B3D3ABCF0B301F65003","profile_id=2;mode=fast;block_size=131072;zstd_level=3;lzma_level=9;threads=1;process_timeout_seconds=3600","""E:\MIXER\hybridzip\build\Release\hybridzip.exe"" c --profile=r2 --r2-mode=fast --block-size=131072 --zstd-level=3 ""E:\MIXER\hybridzip\results\experiments\hybridzip-r2-e6-fast-full-20260828-retry1\children\hybridzip-r2-e6-fast-full-20260828-retry1-fast-b128-r3\inputs\64KiB\sao.bin"" ""E:\MIXER\hybridzip\results\experiments\hybridzip-r2-e6-fast-full-20260828-retry1\children\hybridzip-r2-e6-fast-full-20260828-retry1-fast-b128-r3\archives\64KiB\sao.hz2""","""E:\MIXER\hybridzip\build\Release\hybridzip.exe"" d ""E:\MIXER\hybridzip\results\experiments\hybridzip-r2-e6-fast-full-20260828-retry1\children\hybridzip-r2-e6-fast-full-20260828-retry1-fast-b128-r3\archives\64KiB\sao.hz2"" ""E:\MIXER\hybridzip\results\experiments\hybridzip-r2-e6-fast-full-20260828-retry1\children\hybridzip-r2-e6-fast-full-20260828-retry1-fast-b128-r3\decoded\64KiB\sao.decoded""","0","0","2026-08-28T02:39:16.2806021+08:00","COMPLETE","PASS","zstd=1","Complete R2 archive size; SHA-256 byte-exact roundtrip verified."
"e6-fast","fast","128","3","False","0","0","none","hybridzip-r2-e6-fast-full-20260828-retry1-fast-b128-r3","r2-fast","1","27","sao","128","inputs/128KiB/sao.bin","131072","75E535B42DB7505118D8B19C7C42C1F49C5542ADDC9DBC13383953659F675CE0","archives/128KiB/sao.hz2","105736","323AF00C6FB6B528E5F57629478C4C90986785C96A153CC174669C86BB19052E","decoded/128KiB/sao.decoded","131072","75E535B42DB7505118D8B19C7C42C1F49C5542ADDC9DBC13383953659F675CE0","0.0437866","0.049624","2.02734375","4.69140625","4.69140625","E65526F9DFF3F93844E004D63C7B2A4E4F219B5EAB3F1B3D3ABCF0B301F65003","profile_id=2;mode=fast;block_size=131072;zstd_level=3;lzma_level=9;threads=1;process_timeout_seconds=3600","""E:\MIXER\hybridzip\build\Release\hybridzip.exe"" c --profile=r2 --r2-mode=fast --block-size=131072 --zstd-level=3 ""E:\MIXER\hybridzip\results\experiments\hybridzip-r2-e6-fast-full-20260828-retry1\children\hybridzip-r2-e6-fast-full-20260828-retry1-fast-b128-r3\inputs\128KiB\sao.bin"" ""E:\MIXER\hybridzip\results\experiments\hybridzip-r2-e6-fast-full-20260828-retry1\children\hybridzip-r2-e6-fast-full-20260828-retry1-fast-b128-r3\archives\128KiB\sao.hz2""","""E:\MIXER\hybridzip\build\Release\hybridzip.exe"" d ""E:\MIXER\hybridzip\results\experiments\hybridzip-r2-e6-fast-full-20260828-retry1\children\hybridzip-r2-e6-fast-full-20260828-retry1-fast-b128-r3\archives\128KiB\sao.hz2"" ""E:\MIXER\hybridzip\results\experiments\hybridzip-r2-e6-fast-full-20260828-retry1\children\hybridzip-r2-e6-fast-full-20260828-retry1-fast-b128-r3\decoded\128KiB\sao.decoded""","0","0","2026-08-28T02:39:16.4348921+08:00","COMPLETE","PASS","zstd=1","Complete R2 archive size; SHA-256 byte-exact roundtrip verified."
"e6-fast","fast","128","3","False","0","0","none","hybridzip-r2-e6-fast-full-20260828-retry1-fast-b128-r3","r2-fast","1","28","webster","32","inputs/32KiB/webster.bin","32768","774D224695AF4057353F72602BB96CD2AFEEA059AC7737535645F11596FCA85E","archives/32KiB/webster.hz2","13778","1AD7809B3A943552CC23DD44EA1DA58ECE002A5905262C3CFF34E4F3E0AE8917","decoded/32KiB/webster.decoded","32768","774D224695AF4057353F72602BB96CD2AFEEA059AC7737535645F11596FCA85E","0.0561381","0.06325","2.02734375","4.48828125","4.48828125","E65526F9DFF3F93844E004D63C7B2A4E4F219B5EAB3F1B3D3ABCF0B301F65003","profile_id=2;mode=fast;block_size=131072;zstd_level=3;lzma_level=9;threads=1;process_timeout_seconds=3600","""E:\MIXER\hybridzip\build\Release\hybridzip.exe"" c --profile=r2 --r2-mode=fast --block-size=131072 --zstd-level=3 ""E:\MIXER\hybridzip\results\experiments\hybridzip-r2-e6-fast-full-20260828-retry1\children\hybridzip-r2-e6-fast-full-20260828-retry1-fast-b128-r3\inputs\32KiB\webster.bin"" ""E:\MIXER\hybridzip\results\experiments\hybridzip-r2-e6-fast-full-20260828-retry1\children\hybridzip-r2-e6-fast-full-20260828-retry1-fast-b128-r3\archives\32KiB\webster.hz2""","""E:\MIXER\hybridzip\build\Release\hybridzip.exe"" d ""E:\MIXER\hybridzip\results\experiments\hybridzip-r2-e6-fast-full-20260828-retry1\children\hybridzip-r2-e6-fast-full-20260828-retry1-fast-b128-r3\archives\32KiB\webster.hz2"" ""E:\MIXER\hybridzip\results\experiments\hybridzip-r2-e6-fast-full-20260828-retry1\children\hybridzip-r2-e6-fast-full-20260828-retry1-fast-b128-r3\decoded\32KiB\webster.decoded""","0","0","2026-08-28T02:39:16.5945236+08:00","COMPLETE","PASS","zstd=1","Complete R2 archive size; SHA-256 byte-exact roundtrip verified."
"e6-fast","fast","128","3","False","0","0","none","hybridzip-r2-e6-fast-full-20260828-retry1-fast-b128-r3","r2-fast","1","29","webster","64","inputs/64KiB/webster.bin","65536","262258811321382F9E4F44D2184B6B7FED0336CF831446D8336C47D6CCC2B32E","archives/64KiB/webster.hz2","24457","88E26D73D6020366498C4BC807B20AE0B63E6B06CA6D41CF7338D570F04C1693","decoded/64KiB/webster.decoded","65536","262258811321382F9E4F44D2184B6B7FED0336CF831446D8336C47D6CCC2B32E","0.0571717","0.0632633","2.0234375","4.5234375","4.5234375","E65526F9DFF3F93844E004D63C7B2A4E4F219B5EAB3F1B3D3ABCF0B301F65003","profile_id=2;mode=fast;block_size=131072;zstd_level=3;lzma_level=9;threads=1;process_timeout_seconds=3600","""E:\MIXER\hybridzip\build\Release\hybridzip.exe"" c --profile=r2 --r2-mode=fast --block-size=131072 --zstd-level=3 ""E:\MIXER\hybridzip\results\experiments\hybridzip-r2-e6-fast-full-20260828-retry1\children\hybridzip-r2-e6-fast-full-20260828-retry1-fast-b128-r3\inputs\64KiB\webster.bin"" ""E:\MIXER\hybridzip\results\experiments\hybridzip-r2-e6-fast-full-20260828-retry1\children\hybridzip-r2-e6-fast-full-20260828-retry1-fast-b128-r3\archives\64KiB\webster.hz2""","""E:\MIXER\hybridzip\build\Release\hybridzip.exe"" d ""E:\MIXER\hybridzip\results\experiments\hybridzip-r2-e6-fast-full-20260828-retry1\children\hybridzip-r2-e6-fast-full-20260828-retry1-fast-b128-r3\archives\64KiB\webster.hz2"" ""E:\MIXER\hybridzip\results\experiments\hybridzip-r2-e6-fast-full-20260828-retry1\children\hybridzip-r2-e6-fast-full-20260828-retry1-fast-b128-r3\decoded\64KiB\webster.decoded""","0","0","2026-08-28T02:39:16.7807541+08:00","COMPLETE","PASS","zstd=1","Complete R2 archive size; SHA-256 byte-exact roundtrip verified."
"e6-fast","fast","128","3","False","0","0","none","hybridzip-r2-e6-fast-full-20260828-retry1-fast-b128-r3","r2-fast","1","30","webster","128","inputs/128KiB/webster.bin","131072","C069C1FDCA99BC5C44F06D134CD0CDA60315DD631AA6564733B2CE0E6D59305C","archives/128KiB/webster.hz2","44683","562486FF4C549743086F14B4E09FF5C2CE877986078BA63FB958B74148756C21","decoded/128KiB/webster.decoded","131072","C069C1FDCA99BC5C44F06D134CD0CDA60315DD631AA6564733B2CE0E6D59305C","0.0544077","0.0486659","2.01953125","2.02734375","2.02734375","E65526F9DFF3F93844E004D63C7B2A4E4F219B5EAB3F1B3D3ABCF0B301F65003","profile_id=2;mode=fast;block_size=131072;zstd_level=3;lzma_level=9;threads=1;process_timeout_seconds=3600","""E:\MIXER\hybridzip\build\Release\hybridzip.exe"" c --profile=r2 --r2-mode=fast --block-size=131072 --zstd-level=3 ""E:\MIXER\hybridzip\results\experiments\hybridzip-r2-e6-fast-full-20260828-retry1\children\hybridzip-r2-e6-fast-full-20260828-retry1-fast-b128-r3\inputs\128KiB\webster.bin"" ""E:\MIXER\hybridzip\results\experiments\hybridzip-r2-e6-fast-full-20260828-retry1\children\hybridzip-r2-e6-fast-full-20260828-retry1-fast-b128-r3\archives\128KiB\webster.hz2""","""E:\MIXER\hybridzip\build\Release\hybridzip.exe"" d ""E:\MIXER\hybridzip\results\experiments\hybridzip-r2-e6-fast-full-20260828-retry1\children\hybridzip-r2-e6-fast-full-20260828-retry1-fast-b128-r3\archives\128KiB\webster.hz2"" ""E:\MIXER\hybridzip\results\experiments\hybridzip-r2-e6-fast-full-20260828-retry1\children\hybridzip-r2-e6-fast-full-20260828-retry1-fast-b128-r3\decoded\128KiB\webster.decoded""","0","0","2026-08-28T02:39:16.9702613+08:00","COMPLETE","PASS","zstd=1","Complete R2 archive size; SHA-256 byte-exact roundtrip verified."
"e6-fast","fast","128","3","False","0","0","none","hybridzip-r2-e6-fast-full-20260828-retry1-fast-b128-r3","r2-fast","1","31","x-ray","32","inputs/32KiB/x-ray.bin","32768","10511AA63DFBD9C0DDBFEFE36068740103D4BA1116E214154A0772057D7E9314","archives/32KiB/x-ray.hz2","26409","D5E023394953E143ECBB50629923DC6C6BA8027B9C5AD24C1E61D5D91BA37A7A","decoded/32KiB/x-ray.decoded","32768","10511AA63DFBD9C0DDBFEFE36068740103D4BA1116E214154A0772057D7E9314","0.0414172","0.0486561","2.02734375","4.20703125","4.20703125","E65526F9DFF3F93844E004D63C7B2A4E4F219B5EAB3F1B3D3ABCF0B301F65003","profile_id=2;mode=fast;block_size=131072;zstd_level=3;lzma_level=9;threads=1;process_timeout_seconds=3600","""E:\MIXER\hybridzip\build\Release\hybridzip.exe"" c --profile=r2 --r2-mode=fast --block-size=131072 --zstd-level=3 ""E:\MIXER\hybridzip\results\experiments\hybridzip-r2-e6-fast-full-20260828-retry1\children\hybridzip-r2-e6-fast-full-20260828-retry1-fast-b128-r3\inputs\32KiB\x-ray.bin"" ""E:\MIXER\hybridzip\results\experiments\hybridzip-r2-e6-fast-full-20260828-retry1\children\hybridzip-r2-e6-fast-full-20260828-retry1-fast-b128-r3\archives\32KiB\x-ray.hz2""","""E:\MIXER\hybridzip\build\Release\hybridzip.exe"" d ""E:\MIXER\hybridzip\results\experiments\hybridzip-r2-e6-fast-full-20260828-retry1\children\hybridzip-r2-e6-fast-full-20260828-retry1-fast-b128-r3\archives\32KiB\x-ray.hz2"" ""E:\MIXER\hybridzip\results\experiments\hybridzip-r2-e6-fast-full-20260828-retry1\children\hybridzip-r2-e6-fast-full-20260828-retry1-fast-b128-r3\decoded\32KiB\x-ray.decoded""","0","0","2026-08-28T02:39:17.1467984+08:00","COMPLETE","PASS","zstd=1","Complete R2 archive size; SHA-256 byte-exact roundtrip verified."
"e6-fast","fast","128","3","False","0","0","none","hybridzip-r2-e6-fast-full-20260828-retry1-fast-b128-r3","r2-fast","1","32","x-ray","64","inputs/64KiB/x-ray.bin","65536","B5A07146616BCD7C2D10071D41E07D204DE0AC629C4CA37D8E867FF00574D0D8","archives/64KiB/x-ray.hz2","51793","FCFA5E6BE99D18F361146D0AFE016EBB2B4943866A67902A7D4AC258C837EA97","decoded/64KiB/x-ray.decoded","65536","B5A07146616BCD7C2D10071D41E07D204DE0AC629C4CA37D8E867FF00574D0D8","0.0442799","0.0524786","2.02734375","4.26171875","4.26171875","E65526F9DFF3F93844E004D63C7B2A4E4F219B5EAB3F1B3D3ABCF0B301F65003","profile_id=2;mode=fast;block_size=131072;zstd_level=3;lzma_level=9;threads=1;process_timeout_seconds=3600","""E:\MIXER\hybridzip\build\Release\hybridzip.exe"" c --profile=r2 --r2-mode=fast --block-size=131072 --zstd-level=3 ""E:\MIXER\hybridzip\results\experiments\hybridzip-r2-e6-fast-full-20260828-retry1\children\hybridzip-r2-e6-fast-full-20260828-retry1-fast-b128-r3\inputs\64KiB\x-ray.bin"" ""E:\MIXER\hybridzip\results\experiments\hybridzip-r2-e6-fast-full-20260828-retry1\children\hybridzip-r2-e6-fast-full-20260828-retry1-fast-b128-r3\archives\64KiB\x-ray.hz2""","""E:\MIXER\hybridzip\build\Release\hybridzip.exe"" d ""E:\MIXER\hybridzip\results\experiments\hybridzip-r2-e6-fast-full-20260828-retry1\children\hybridzip-r2-e6-fast-full-20260828-retry1-fast-b128-r3\archives\64KiB\x-ray.hz2"" ""E:\MIXER\hybridzip\results\experiments\hybridzip-r2-e6-fast-full-20260828-retry1\children\hybridzip-r2-e6-fast-full-20260828-retry1-fast-b128-r3\decoded\64KiB\x-ray.decoded""","0","0","2026-08-28T02:39:17.3028463+08:00","COMPLETE","PASS","zstd=1","Complete R2 archive size; SHA-256 byte-exact roundtrip verified."
"e6-fast","fast","128","3","False","0","0","none","hybridzip-r2-e6-fast-full-20260828-retry1-fast-b128-r3","r2-fast","1","33","x-ray","128","inputs/128KiB/x-ray.bin","131072","7A65B793FB2A694C20686275A899B304445473528F7C998BE26F8C68EB18F76E","archives/128KiB/x-ray.hz2","103283","406A0B381F8BADE4B9CA1F408517A590FAEBE88C2D46FC12A9635E278D0A32B2","decoded/128KiB/x-ray.decoded","131072","7A65B793FB2A694C20686275A899B304445473528F7C998BE26F8C68EB18F76E","0.0541774","0.0482418","5.41015625","2.28125","5.41015625","E65526F9DFF3F93844E004D63C7B2A4E4F219B5EAB3F1B3D3ABCF0B301F65003","profile_id=2;mode=fast;block_size=131072;zstd_level=3;lzma_level=9;threads=1;process_timeout_seconds=3600","""E:\MIXER\hybridzip\build\Release\hybridzip.exe"" c --profile=r2 --r2-mode=fast --block-size=131072 --zstd-level=3 ""E:\MIXER\hybridzip\results\experiments\hybridzip-r2-e6-fast-full-20260828-retry1\children\hybridzip-r2-e6-fast-full-20260828-retry1-fast-b128-r3\inputs\128KiB\x-ray.bin"" ""E:\MIXER\hybridzip\results\experiments\hybridzip-r2-e6-fast-full-20260828-retry1\children\hybridzip-r2-e6-fast-full-20260828-retry1-fast-b128-r3\archives\128KiB\x-ray.hz2""","""E:\MIXER\hybridzip\build\Release\hybridzip.exe"" d ""E:\MIXER\hybridzip\results\experiments\hybridzip-r2-e6-fast-full-20260828-retry1\children\hybridzip-r2-e6-fast-full-20260828-retry1-fast-b128-r3\archives\128KiB\x-ray.hz2"" ""E:\MIXER\hybridzip\results\experiments\hybridzip-r2-e6-fast-full-20260828-retry1\children\hybridzip-r2-e6-fast-full-20260828-retry1-fast-b128-r3\decoded\128KiB\x-ray.decoded""","0","0","2026-08-28T02:39:17.4639478+08:00","COMPLETE","PASS","zstd=1","Complete R2 archive size; SHA-256 byte-exact roundtrip verified."
"e6-fast","fast","128","3","False","0","0","none","hybridzip-r2-e6-fast-full-20260828-retry1-fast-b128-r3","r2-fast","1","34","xml","32","inputs/32KiB/xml.bin","32768","C2F7F129956F8D6FC3D0E3595D93F98D5270B6F5BC4AB5E70F45867822EFDD71","archives/32KiB/xml.hz2","3483","E8F7DB88DEBC2B79BDE181866CDEC9DE1EEDC0A27F60588F2D550F5927DE4797","decoded/32KiB/xml.decoded","32768","C2F7F129956F8D6FC3D0E3595D93F98D5270B6F5BC4AB5E70F45867822EFDD71","0.0556522","0.0628845","2.02734375","4.203125","4.203125","E65526F9DFF3F93844E004D63C7B2A4E4F219B5EAB3F1B3D3ABCF0B301F65003","profile_id=2;mode=fast;block_size=131072;zstd_level=3;lzma_level=9;threads=1;process_timeout_seconds=3600","""E:\MIXER\hybridzip\build\Release\hybridzip.exe"" c --profile=r2 --r2-mode=fast --block-size=131072 --zstd-level=3 ""E:\MIXER\hybridzip\results\experiments\hybridzip-r2-e6-fast-full-20260828-retry1\children\hybridzip-r2-e6-fast-full-20260828-retry1-fast-b128-r3\inputs\32KiB\xml.bin"" ""E:\MIXER\hybridzip\results\experiments\hybridzip-r2-e6-fast-full-20260828-retry1\children\hybridzip-r2-e6-fast-full-20260828-retry1-fast-b128-r3\archives\32KiB\xml.hz2""","""E:\MIXER\hybridzip\build\Release\hybridzip.exe"" d ""E:\MIXER\hybridzip\results\experiments\hybridzip-r2-e6-fast-full-20260828-retry1\children\hybridzip-r2-e6-fast-full-20260828-retry1-fast-b128-r3\archives\32KiB\xml.hz2"" ""E:\MIXER\hybridzip\results\experiments\hybridzip-r2-e6-fast-full-20260828-retry1\children\hybridzip-r2-e6-fast-full-20260828-retry1-fast-b128-r3\decoded\32KiB\xml.decoded""","0","0","2026-08-28T02:39:17.6306059+08:00","COMPLETE","PASS","zstd=1","Complete R2 archive size; SHA-256 byte-exact roundtrip verified."
"e6-fast","fast","128","3","False","0","0","none","hybridzip-r2-e6-fast-full-20260828-retry1-fast-b128-r3","r2-fast","1","35","xml","64","inputs/64KiB/xml.bin","65536","E32AFF2BEBF00105A17DD57F5490C1986D17543CEE837B42EB56B3E0E6F8E7F1","archives/64KiB/xml.hz2","6163","9A91E692659A8953CC8AF0263A5A3790BE104DC5BD3D6E9E18C8AE6212D3D51D","decoded/64KiB/xml.decoded","65536","E32AFF2BEBF00105A17DD57F5490C1986D17543CEE837B42EB56B3E0E6F8E7F1","0.0458831","0.0492711","2.02734375","3.2109375","3.2109375","E65526F9DFF3F93844E004D63C7B2A4E4F219B5EAB3F1B3D3ABCF0B301F65003","profile_id=2;mode=fast;block_size=131072;zstd_level=3;lzma_level=9;threads=1;process_timeout_seconds=3600","""E:\MIXER\hybridzip\build\Release\hybridzip.exe"" c --profile=r2 --r2-mode=fast --block-size=131072 --zstd-level=3 ""E:\MIXER\hybridzip\results\experiments\hybridzip-r2-e6-fast-full-20260828-retry1\children\hybridzip-r2-e6-fast-full-20260828-retry1-fast-b128-r3\inputs\64KiB\xml.bin"" ""E:\MIXER\hybridzip\results\experiments\hybridzip-r2-e6-fast-full-20260828-retry1\children\hybridzip-r2-e6-fast-full-20260828-retry1-fast-b128-r3\archives\64KiB\xml.hz2""","""E:\MIXER\hybridzip\build\Release\hybridzip.exe"" d ""E:\MIXER\hybridzip\results\experiments\hybridzip-r2-e6-fast-full-20260828-retry1\children\hybridzip-r2-e6-fast-full-20260828-retry1-fast-b128-r3\archives\64KiB\xml.hz2"" ""E:\MIXER\hybridzip\results\experiments\hybridzip-r2-e6-fast-full-20260828-retry1\children\hybridzip-r2-e6-fast-full-20260828-retry1-fast-b128-r3\decoded\64KiB\xml.decoded""","0","0","2026-08-28T02:39:17.8153263+08:00","COMPLETE","PASS","zstd=1","Complete R2 archive size; SHA-256 byte-exact roundtrip verified."
"e6-fast","fast","128","3","False","0","0","none","hybridzip-r2-e6-fast-full-20260828-retry1-fast-b128-r3","r2-fast","1","36","xml","128","inputs/128KiB/xml.bin","131072","5FA29C746885F2EEB98734218475915A78092CCB3B0F68B08861EE210E5B6E25","archives/128KiB/xml.hz2","11955","B74E4D7BDEE5A366CA69CA2AC980B8B6713C481231703FD13090E9E0AF24D68F","decoded/128KiB/xml.decoded","131072","5FA29C746885F2EEB98734218475915A78092CCB3B0F68B08861EE210E5B6E25","0.0400592","0.0482166","2.02734375","2.83203125","2.83203125","E65526F9DFF3F93844E004D63C7B2A4E4F219B5EAB3F1B3D3ABCF0B301F65003","profile_id=2;mode=fast;block_size=131072;zstd_level=3;lzma_level=9;threads=1;process_timeout_seconds=3600","""E:\MIXER\hybridzip\build\Release\hybridzip.exe"" c --profile=r2 --r2-mode=fast --block-size=131072 --zstd-level=3 ""E:\MIXER\hybridzip\results\experiments\hybridzip-r2-e6-fast-full-20260828-retry1\children\hybridzip-r2-e6-fast-full-20260828-retry1-fast-b128-r3\inputs\128KiB\xml.bin"" ""E:\MIXER\hybridzip\results\experiments\hybridzip-r2-e6-fast-full-20260828-retry1\children\hybridzip-r2-e6-fast-full-20260828-retry1-fast-b128-r3\archives\128KiB\xml.hz2""","""E:\MIXER\hybridzip\build\Release\hybridzip.exe"" d ""E:\MIXER\hybridzip\results\experiments\hybridzip-r2-e6-fast-full-20260828-retry1\children\hybridzip-r2-e6-fast-full-20260828-retry1-fast-b128-r3\archives\128KiB\xml.hz2"" ""E:\MIXER\hybridzip\results\experiments\hybridzip-r2-e6-fast-full-20260828-retry1\children\hybridzip-r2-e6-fast-full-20260828-retry1-fast-b128-r3\decoded\128KiB\xml.decoded""","0","0","2026-08-28T02:39:17.9764951+08:00","COMPLETE","PASS","zstd=1","Complete R2 archive size; SHA-256 byte-exact roundtrip verified."
