"file","scope_kib","input_bytes","input_sha256","mode","mode_id","complete_archive_bytes","archive_sha256","decoded_sha256","codec_sha256","source_package"
"dickens","32","32768","FC42DCB9849222C8704C9DCAE606D075B389B66244FB215035148D6409EC0B31","stored","0","32828","19406D5A13191DC1D4E56637C6684E7053C44E7801F1E546ECE838B29E2C1E34","FC42DCB9849222C8704C9DCAE606D075B389B66244FB215035148D6409EC0B31","74FF260A939B01673667723D8351AAEDB679339610009ECB23C70E373B862D9F","E:\MIXER\hybridzip\results\experiments\hybridzip-r2-forced-oracle-current-320dd1b-stored"
"mozilla","32","32768","9DDEEF36CA0CA55B72FE3376D005926DFF3400A2ADE6EAE18482D8017D8645DB","stored","0","32828","F1541EF27D18139AAB6447C78521BF7BE0159560604C246006A8550CE66E62F1","9DDEEF36CA0CA55B72FE3376D005926DFF3400A2ADE6EAE18482D8017D8645DB","74FF260A939B01673667723D8351AAEDB679339610009ECB23C70E373B862D9F","E:\MIXER\hybridzip\results\experiments\hybridzip-r2-forced-oracle-current-320dd1b-stored"
"mr","32","32768","3BB287B0AF65F777AB00C14E362B4D1962087260556001BBEE0689AA10D9F76A","stored","0","32828","5AB3330F5C17EA50B3CB1B77D70778811DD9FC49C4D8E628360B68C1C33836C0","3BB287B0AF65F777AB00C14E362B4D1962087260556001BBEE0689AA10D9F76A","74FF260A939B01673667723D8351AAEDB679339610009ECB23C70E373B862D9F","E:\MIXER\hybridzip\results\experiments\hybridzip-r2-forced-oracle-current-320dd1b-stored"
"nci","32","32768","0D3034FE8B0E573DE1439ED98CE409B83B13E5895085C9BFB0BF980F4962FB79","stored","0","32828","6CB8D24BA19B72E0EB0885017B1FE521C018B6A43A8A833438D841A70173B524","0D3034FE8B0E573DE1439ED98CE409B83B13E5895085C9BFB0BF980F4962FB79","74FF260A939B01673667723D8351AAEDB679339610009ECB23C70E373B862D9F","E:\MIXER\hybridzip\results\experiments\hybridzip-r2-forced-oracle-current-320dd1b-stored"
"ooffice","32","32768","2ACF9B4CAAEAC5814CDFEF0FA48A5ECE857C847DBDB7B44EEAB95CA3C098921C","stored","0","32828","0957AFB1F341D548E1656547AF3B8B2E529525B27624C15F384BBC55D2ADA91C","2ACF9B4CAAEAC5814CDFEF0FA48A5ECE857C847DBDB7B44EEAB95CA3C098921C","74FF260A939B01673667723D8351AAEDB679339610009ECB23C70E373B862D9F","E:\MIXER\hybridzip\results\experiments\hybridzip-r2-forced-oracle-current-320dd1b-stored"
"osdb","32","32768","03B2C20B777682CD960BCD893D7A4463161D9C0200FD1708B2EFAE32A259D0B7","stored","0","32828","69F13AE04635F76C04BBBB34A359CCD8A684AD5C306731CACAA48068916A0BD5","03B2C20B777682CD960BCD893D7A4463161D9C0200FD1708B2EFAE32A259D0B7","74FF260A939B01673667723D8351AAEDB679339610009ECB23C70E373B862D9F","E:\MIXER\hybridzip\results\experiments\hybridzip-r2-forced-oracle-current-320dd1b-stored"
"reymont","32","32768","9D5E4B9340C2260DAE7DDB01B3EDA58236FF2DE5E1FF4D56767AA840B6FB1A87","stored","0","32828","39AD68509BB04A3058DF5DDAA481FA5BE428342E15C71BE2B5413B9DB374C7FA","9D5E4B9340C2260DAE7DDB01B3EDA58236FF2DE5E1FF4D56767AA840B6FB1A87","74FF260A939B01673667723D8351AAEDB679339610009ECB23C70E373B862D9F","E:\MIXER\hybridzip\results\experiments\hybridzip-r2-forced-oracle-current-320dd1b-stored"
"samba","32","32768","9C4F5BEE544E4531E4946E62F796987418B4526911C34877EF282F14DD57AD12","stored","0","32828","04AEF62DDDD619683FE64B7F55C1B77EA1D355A73F55414D39204850D1CFF5CD","9C4F5BEE544E4531E4946E62F796987418B4526911C34877EF282F14DD57AD12","74FF260A939B01673667723D8351AAEDB679339610009ECB23C70E373B862D9F","E:\MIXER\hybridzip\results\experiments\hybridzip-r2-forced-oracle-current-320dd1b-stored"
"sao","32","32768","95677430CAD4F000506BC5EE22815C3F4E13D64B477ED506B78D5D9ACFB50CCD","stored","0","32828","35174CE8933D0091B2F346F1EBB7EEF59DF905C46761BA4E189509CB32247DB4","95677430CAD4F000506BC5EE22815C3F4E13D64B477ED506B78D5D9ACFB50CCD","74FF260A939B01673667723D8351AAEDB679339610009ECB23C70E373B862D9F","E:\MIXER\hybridzip\results\experiments\hybridzip-r2-forced-oracle-current-320dd1b-stored"
"webster","32","32768","774D224695AF4057353F72602BB96CD2AFEEA059AC7737535645F11596FCA85E","stored","0","32828","B9D421221A0B324FAFEBE4E646446C5B634AE16B4EBBCE65D8CBBD5809264BD0","774D224695AF4057353F72602BB96CD2AFEEA059AC7737535645F11596FCA85E","74FF260A939B01673667723D8351AAEDB679339610009ECB23C70E373B862D9F","E:\MIXER\hybridzip\results\experiments\hybridzip-r2-forced-oracle-current-320dd1b-stored"
"x-ray","32","32768","10511AA63DFBD9C0DDBFEFE36068740103D4BA1116E214154A0772057D7E9314","stored","0","32828","7A296E905B232B7D36A9A59C042003D5584CA7DBD51CCF4A444C7F031B2437FF","10511AA63DFBD9C0DDBFEFE36068740103D4BA1116E214154A0772057D7E9314","74FF260A939B01673667723D8351AAEDB679339610009ECB23C70E373B862D9F","E:\MIXER\hybridzip\results\experiments\hybridzip-r2-forced-oracle-current-320dd1b-stored"
"xml","32","32768","C2F7F129956F8D6FC3D0E3595D93F98D5270B6F5BC4AB5E70F45867822EFDD71","stored","0","32828","7F52CFEE0EADC9996AD33EC9F72B4E6551B4AAEE79DAD9496178762D879942F4","C2F7F129956F8D6FC3D0E3595D93F98D5270B6F5BC4AB5E70F45867822EFDD71","74FF260A939B01673667723D8351AAEDB679339610009ECB23C70E373B862D9F","E:\MIXER\hybridzip\results\experiments\hybridzip-r2-forced-oracle-current-320dd1b-stored"
"dickens","32","32768","FC42DCB9849222C8704C9DCAE606D075B389B66244FB215035148D6409EC0B31","predictive","1","11052","8F46FBBE924A78207ED348C7B77216698D5982C322EA038B25B9F665B2E908F4","FC42DCB9849222C8704C9DCAE606D075B389B66244FB215035148D6409EC0B31","74FF260A939B01673667723D8351AAEDB679339610009ECB23C70E373B862D9F","E:\MIXER\hybridzip\results\experiments\hybridzip-r2-forced-oracle-current-320dd1b-predictive"
"mozilla","32","32768","9DDEEF36CA0CA55B72FE3376D005926DFF3400A2ADE6EAE18482D8017D8645DB","predictive","1","9487","6260276C69334D4DBBC8AE6B3612F4F8527E0CBEFD5DB5277BA378F2998F4EAC","9DDEEF36CA0CA55B72FE3376D005926DFF3400A2ADE6EAE18482D8017D8645DB","74FF260A939B01673667723D8351AAEDB679339610009ECB23C70E373B862D9F","E:\MIXER\hybridzip\results\experiments\hybridzip-r2-forced-oracle-current-320dd1b-predictive"
"mr","32","32768","3BB287B0AF65F777AB00C14E362B4D1962087260556001BBEE0689AA10D9F76A","predictive","1","6507","D873073B1CD7399BCDA8CE8EA124C793F5AD38381BA9541A4517117ECA80FB19","3BB287B0AF65F777AB00C14E362B4D1962087260556001BBEE0689AA10D9F76A","74FF260A939B01673667723D8351AAEDB679339610009ECB23C70E373B862D9F","E:\MIXER\hybridzip\results\experiments\hybridzip-r2-forced-oracle-current-320dd1b-predictive"
"nci","32","32768","0D3034FE8B0E573DE1439ED98CE409B83B13E5895085C9BFB0BF980F4962FB79","predictive","1","2519","137B0C70BB31194DB41E465DF05BB3012969FFF4DAEAE92A1FC48DC91E2915CE","0D3034FE8B0E573DE1439ED98CE409B83B13E5895085C9BFB0BF980F4962FB79","74FF260A939B01673667723D8351AAEDB679339610009ECB23C70E373B862D9F","E:\MIXER\hybridzip\results\experiments\hybridzip-r2-forced-oracle-current-320dd1b-predictive"
"ooffice","32","32768","2ACF9B4CAAEAC5814CDFEF0FA48A5ECE857C847DBDB7B44EEAB95CA3C098921C","predictive","1","12453","6D03ED51D2E4C6DCDCCF0035CF15B58E5918BA3DC623315CCDFB2F46B3B055A7","2ACF9B4CAAEAC5814CDFEF0FA48A5ECE857C847DBDB7B44EEAB95CA3C098921C","74FF260A939B01673667723D8351AAEDB679339610009ECB23C70E373B862D9F","E:\MIXER\hybridzip\results\experiments\hybridzip-r2-forced-oracle-current-320dd1b-predictive"
"osdb","32","32768","03B2C20B777682CD960BCD893D7A4463161D9C0200FD1708B2EFAE32A259D0B7","predictive","1","13929","FDA74348483F249CCD158B565D0F4CB130F655FC1174BEA2CA14210F2BCDC0FF","03B2C20B777682CD960BCD893D7A4463161D9C0200FD1708B2EFAE32A259D0B7","74FF260A939B01673667723D8351AAEDB679339610009ECB23C70E373B862D9F","E:\MIXER\hybridzip\results\experiments\hybridzip-r2-forced-oracle-current-320dd1b-predictive"
"reymont","32","32768","9D5E4B9340C2260DAE7DDB01B3EDA58236FF2DE5E1FF4D56767AA840B6FB1A87","predictive","1","7263","261A2EF2E98A70369822E4EAB599C98F53771775828CD766EA2E57DC97361968","9D5E4B9340C2260DAE7DDB01B3EDA58236FF2DE5E1FF4D56767AA840B6FB1A87","74FF260A939B01673667723D8351AAEDB679339610009ECB23C70E373B862D9F","E:\MIXER\hybridzip\results\experiments\hybridzip-r2-forced-oracle-current-320dd1b-predictive"
"samba","32","32768","9C4F5BEE544E4531E4946E62F796987418B4526911C34877EF282F14DD57AD12","predictive","1","9272","50509B018395D336F9BBE4F63572006BB3D0848A48DBF185ED060951E5A1C13A","9C4F5BEE544E4531E4946E62F796987418B4526911C34877EF282F14DD57AD12","74FF260A939B01673667723D8351AAEDB679339610009ECB23C70E373B862D9F","E:\MIXER\hybridzip\results\experiments\hybridzip-r2-forced-oracle-current-320dd1b-predictive"
"sao","32","32768","95677430CAD4F000506BC5EE22815C3F4E13D64B477ED506B78D5D9ACFB50CCD","predictive","1","23038","B760AE9E631312FD835FF8AC9AC2382C8DACBF3172967130447811558F823C64","95677430CAD4F000506BC5EE22815C3F4E13D64B477ED506B78D5D9ACFB50CCD","74FF260A939B01673667723D8351AAEDB679339610009ECB23C70E373B862D9F","E:\MIXER\hybridzip\results\experiments\hybridzip-r2-forced-oracle-current-320dd1b-predictive"
"webster","32","32768","774D224695AF4057353F72602BB96CD2AFEEA059AC7737535645F11596FCA85E","predictive","1","10867","70BEAD4B2560B9DE746192C5363BFF116BFC9DEAB1C71AC301FD2E4C80AE3117","774D224695AF4057353F72602BB96CD2AFEEA059AC7737535645F11596FCA85E","74FF260A939B01673667723D8351AAEDB679339610009ECB23C70E373B862D9F","E:\MIXER\hybridzip\results\experiments\hybridzip-r2-forced-oracle-current-320dd1b-predictive"
"x-ray","32","32768","10511AA63DFBD9C0DDBFEFE36068740103D4BA1116E214154A0772057D7E9314","predictive","1","18618","6FA49D9C3CA03A5F9657110AD90AEF7572BAA4029FCBDA7BBA7D037EB7FD7B3D","10511AA63DFBD9C0DDBFEFE36068740103D4BA1116E214154A0772057D7E9314","74FF260A939B01673667723D8351AAEDB679339610009ECB23C70E373B862D9F","E:\MIXER\hybridzip\results\experiments\hybridzip-r2-forced-oracle-current-320dd1b-predictive"
"xml","32","32768","C2F7F129956F8D6FC3D0E3595D93F98D5270B6F5BC4AB5E70F45867822EFDD71","predictive","1","2351","7BEBDC722CD277E1A21CE77C61DF99A74B523A2ECA37B52E8C9A10B255720944","C2F7F129956F8D6FC3D0E3595D93F98D5270B6F5BC4AB5E70F45867822EFDD71","74FF260A939B01673667723D8351AAEDB679339610009ECB23C70E373B862D9F","E:\MIXER\hybridzip\results\experiments\hybridzip-r2-forced-oracle-current-320dd1b-predictive"
"dickens","32","32768","FC42DCB9849222C8704C9DCAE606D075B389B66244FB215035148D6409EC0B31","zstd","2","13216","237F501DD052DB37C7D51DCB2E3E0279D87BEA60ACC6031D018DC207B350A8A4","FC42DCB9849222C8704C9DCAE606D075B389B66244FB215035148D6409EC0B31","74FF260A939B01673667723D8351AAEDB679339610009ECB23C70E373B862D9F","E:\MIXER\hybridzip\results\experiments\hybridzip-r2-forced-oracle-current-320dd1b-zstd"
"mozilla","32","32768","9DDEEF36CA0CA55B72FE3376D005926DFF3400A2ADE6EAE18482D8017D8645DB","zstd","2","9548","EF9C7E171A78172F90C130AC69C596EC6A85BA2274C5465F7BCDA3EB526C9E1A","9DDEEF36CA0CA55B72FE3376D005926DFF3400A2ADE6EAE18482D8017D8645DB","74FF260A939B01673667723D8351AAEDB679339610009ECB23C70E373B862D9F","E:\MIXER\hybridzip\results\experiments\hybridzip-r2-forced-oracle-current-320dd1b-zstd"
"mr","32","32768","3BB287B0AF65F777AB00C14E362B4D1962087260556001BBEE0689AA10D9F76A","zstd","2","7957","8DCF061076327F0BD579586EC5DBD946BDB7010CC8971AAFBFA2929A43A11EEE","3BB287B0AF65F777AB00C14E362B4D1962087260556001BBEE0689AA10D9F76A","74FF260A939B01673667723D8351AAEDB679339610009ECB23C70E373B862D9F","E:\MIXER\hybridzip\results\experiments\hybridzip-r2-forced-oracle-current-320dd1b-zstd"
"nci","32","32768","0D3034FE8B0E573DE1439ED98CE409B83B13E5895085C9BFB0BF980F4962FB79","zstd","2","2480","069FD3B2333188BC2795E2605F0901E8D30020A537F0B036870A3A2292D1F409","0D3034FE8B0E573DE1439ED98CE409B83B13E5895085C9BFB0BF980F4962FB79","74FF260A939B01673667723D8351AAEDB679339610009ECB23C70E373B862D9F","E:\MIXER\hybridzip\results\experiments\hybridzip-r2-forced-oracle-current-320dd1b-zstd"
"ooffice","32","32768","2ACF9B4CAAEAC5814CDFEF0FA48A5ECE857C847DBDB7B44EEAB95CA3C098921C","zstd","2","13019","0BCF5F3A1037D77D224A6E20E82C6770B8FB41AEAF8C1A023DC4280C76E76B5C","2ACF9B4CAAEAC5814CDFEF0FA48A5ECE857C847DBDB7B44EEAB95CA3C098921C","74FF260A939B01673667723D8351AAEDB679339610009ECB23C70E373B862D9F","E:\MIXER\hybridzip\results\experiments\hybridzip-r2-forced-oracle-current-320dd1b-zstd"
"osdb","32","32768","03B2C20B777682CD960BCD893D7A4463161D9C0200FD1708B2EFAE32A259D0B7","zstd","2","15144","160AF73F8EDC841CC33A647B5ACD1C79A48F6D96AE96ED83CDA2E7B2FF2D929E","03B2C20B777682CD960BCD893D7A4463161D9C0200FD1708B2EFAE32A259D0B7","74FF260A939B01673667723D8351AAEDB679339610009ECB23C70E373B862D9F","E:\MIXER\hybridzip\results\experiments\hybridzip-r2-forced-oracle-current-320dd1b-zstd"
"reymont","32","32768","9D5E4B9340C2260DAE7DDB01B3EDA58236FF2DE5E1FF4D56767AA840B6FB1A87","zstd","2","9108","3DA9FF7331F9AA475B05C9576268FCB645F2E342EB589314AD7033427A2D9E5A","9D5E4B9340C2260DAE7DDB01B3EDA58236FF2DE5E1FF4D56767AA840B6FB1A87","74FF260A939B01673667723D8351AAEDB679339610009ECB23C70E373B862D9F","E:\MIXER\hybridzip\results\experiments\hybridzip-r2-forced-oracle-current-320dd1b-zstd"
"samba","32","32768","9C4F5BEE544E4531E4946E62F796987418B4526911C34877EF282F14DD57AD12","zstd","2","11027","D9C45038BFE3AE4B6FB1682953AA1243D3854D0859613506A72D063FF5EA6AD3","9C4F5BEE544E4531E4946E62F796987418B4526911C34877EF282F14DD57AD12","74FF260A939B01673667723D8351AAEDB679339610009ECB23C70E373B862D9F","E:\MIXER\hybridzip\results\experiments\hybridzip-r2-forced-oracle-current-320dd1b-zstd"
"sao","32","32768","95677430CAD4F000506BC5EE22815C3F4E13D64B477ED506B78D5D9ACFB50CCD","zstd","2","24423","5551C9F8D2380492CF1595892BB30FF39ACA5146DE164B32FC4A31427C83001F","95677430CAD4F000506BC5EE22815C3F4E13D64B477ED506B78D5D9ACFB50CCD","74FF260A939B01673667723D8351AAEDB679339610009ECB23C70E373B862D9F","E:\MIXER\hybridzip\results\experiments\hybridzip-r2-forced-oracle-current-320dd1b-zstd"
"webster","32","32768","774D224695AF4057353F72602BB96CD2AFEEA059AC7737535645F11596FCA85E","zstd","2","12772","F9A56E73D38316D667047FEE5D839CD8DCDFD22F8B2504CA1C6FEA996DCA19C1","774D224695AF4057353F72602BB96CD2AFEEA059AC7737535645F11596FCA85E","74FF260A939B01673667723D8351AAEDB679339610009ECB23C70E373B862D9F","E:\MIXER\hybridzip\results\experiments\hybridzip-r2-forced-oracle-current-320dd1b-zstd"
"x-ray","32","32768","10511AA63DFBD9C0DDBFEFE36068740103D4BA1116E214154A0772057D7E9314","zstd","2","22464","F3867DAA974F4BD9B8C565B4BF5EA11553E1988C47480E1C3B4260AD762C9359","10511AA63DFBD9C0DDBFEFE36068740103D4BA1116E214154A0772057D7E9314","74FF260A939B01673667723D8351AAEDB679339610009ECB23C70E373B862D9F","E:\MIXER\hybridzip\results\experiments\hybridzip-r2-forced-oracle-current-320dd1b-zstd"
"xml","32","32768","C2F7F129956F8D6FC3D0E3595D93F98D5270B6F5BC4AB5E70F45867822EFDD71","zstd","2","2713","5750A5B996B031C93E2EDE57F53C621C5961F4FC10B86C497436F96B8D7461A9","C2F7F129956F8D6FC3D0E3595D93F98D5270B6F5BC4AB5E70F45867822EFDD71","74FF260A939B01673667723D8351AAEDB679339610009ECB23C70E373B862D9F","E:\MIXER\hybridzip\results\experiments\hybridzip-r2-forced-oracle-current-320dd1b-zstd"
"dickens","32","32768","FC42DCB9849222C8704C9DCAE606D075B389B66244FB215035148D6409EC0B31","fse","3","19344","036AA3BCC5E5CD15F137089E96A9841B1A58F13F368252BB7BF10F078DEC30D6","FC42DCB9849222C8704C9DCAE606D075B389B66244FB215035148D6409EC0B31","74FF260A939B01673667723D8351AAEDB679339610009ECB23C70E373B862D9F","E:\MIXER\hybridzip\results\experiments\hybridzip-r2-forced-oracle-current-320dd1b-fse"
"mozilla","32","32768","9DDEEF36CA0CA55B72FE3376D005926DFF3400A2ADE6EAE18482D8017D8645DB","fse","3","21274","FB4BAB5BB1D49EF1861FDCB6DAC5A9D663FB25030DC64F746F29214754562797","9DDEEF36CA0CA55B72FE3376D005926DFF3400A2ADE6EAE18482D8017D8645DB","74FF260A939B01673667723D8351AAEDB679339610009ECB23C70E373B862D9F","E:\MIXER\hybridzip\results\experiments\hybridzip-r2-forced-oracle-current-320dd1b-fse"
"mr","32","32768","3BB287B0AF65F777AB00C14E362B4D1962087260556001BBEE0689AA10D9F76A","fse","3","12118","EC6EBFCF133A68E32185AD628FEDF66E73B00E145EE125CC172E585AFAAFEAEE","3BB287B0AF65F777AB00C14E362B4D1962087260556001BBEE0689AA10D9F76A","74FF260A939B01673667723D8351AAEDB679339610009ECB23C70E373B862D9F","E:\MIXER\hybridzip\results\experiments\hybridzip-r2-forced-oracle-current-320dd1b-fse"
"nci","32","32768","0D3034FE8B0E573DE1439ED98CE409B83B13E5895085C9BFB0BF980F4962FB79","fse","3","10000","09A5D15D02A118CD9332335F403483DD9ABA42EFC7C22C52780AFE3C84DA75EB","0D3034FE8B0E573DE1439ED98CE409B83B13E5895085C9BFB0BF980F4962FB79","74FF260A939B01673667723D8351AAEDB679339610009ECB23C70E373B862D9F","E:\MIXER\hybridzip\results\experiments\hybridzip-r2-forced-oracle-current-320dd1b-fse"
"ooffice","32","32768","2ACF9B4CAAEAC5814CDFEF0FA48A5ECE857C847DBDB7B44EEAB95CA3C098921C","fse","3","25182","4A5A67AFD71906B659E4BCB186CB92060FA3E7893984EACC4AFD81744054C4CC","2ACF9B4CAAEAC5814CDFEF0FA48A5ECE857C847DBDB7B44EEAB95CA3C098921C","74FF260A939B01673667723D8351AAEDB679339610009ECB23C70E373B862D9F","E:\MIXER\hybridzip\results\experiments\hybridzip-r2-forced-oracle-current-320dd1b-fse"
"osdb","32","32768","03B2C20B777682CD960BCD893D7A4463161D9C0200FD1708B2EFAE32A259D0B7","fse","3","27311","4F11BE6BB7B02C0DA0A01B1651DFCBCA10609EFE3CD18106602183F0803DF525","03B2C20B777682CD960BCD893D7A4463161D9C0200FD1708B2EFAE32A259D0B7","74FF260A939B01673667723D8351AAEDB679339610009ECB23C70E373B862D9F","E:\MIXER\hybridzip\results\experiments\hybridzip-r2-forced-oracle-current-320dd1b-fse"
"reymont","32","32768","9D5E4B9340C2260DAE7DDB01B3EDA58236FF2DE5E1FF4D56767AA840B6FB1A87","fse","3","20364","7925C9FE14C70DA1BA8F1FED3ABE2F2CF148864CC6E8D942C23E76093B9D6391","9D5E4B9340C2260DAE7DDB01B3EDA58236FF2DE5E1FF4D56767AA840B6FB1A87","74FF260A939B01673667723D8351AAEDB679339610009ECB23C70E373B862D9F","E:\MIXER\hybridzip\results\experiments\hybridzip-r2-forced-oracle-current-320dd1b-fse"
"samba","32","32768","9C4F5BEE544E4531E4946E62F796987418B4526911C34877EF282F14DD57AD12","fse","3","19959","FE88E69738664EFC7072CE5D5BD70AAD32CED14C8737F41F8584F774008654A5","9C4F5BEE544E4531E4946E62F796987418B4526911C34877EF282F14DD57AD12","74FF260A939B01673667723D8351AAEDB679339610009ECB23C70E373B862D9F","E:\MIXER\hybridzip\results\experiments\hybridzip-r2-forced-oracle-current-320dd1b-fse"
"sao","32","32768","95677430CAD4F000506BC5EE22815C3F4E13D64B477ED506B78D5D9ACFB50CCD","fse","3","30507","734EF97D962B0933EC5E33A81EBF17C6E7E4BB85DDAD954487D1C3DDB76A90C3","95677430CAD4F000506BC5EE22815C3F4E13D64B477ED506B78D5D9ACFB50CCD","74FF260A939B01673667723D8351AAEDB679339610009ECB23C70E373B862D9F","E:\MIXER\hybridzip\results\experiments\hybridzip-r2-forced-oracle-current-320dd1b-fse"
"webster","32","32768","774D224695AF4057353F72602BB96CD2AFEEA059AC7737535645F11596FCA85E","fse","3","21014","AA80D120771972C3FEA65955D14B0883D40583CB19A8A8CD663E0D27D12106F5","774D224695AF4057353F72602BB96CD2AFEEA059AC7737535645F11596FCA85E","74FF260A939B01673667723D8351AAEDB679339610009ECB23C70E373B862D9F","E:\MIXER\hybridzip\results\experiments\hybridzip-r2-forced-oracle-current-320dd1b-fse"
"x-ray","32","32768","10511AA63DFBD9C0DDBFEFE36068740103D4BA1116E214154A0772057D7E9314","fse","3","27018","AA134C758D2EBA3DB26CE6B02C8FCE9BAD8F8CB80BE864E5B013D92D0DCFF509","10511AA63DFBD9C0DDBFEFE36068740103D4BA1116E214154A0772057D7E9314","74FF260A939B01673667723D8351AAEDB679339610009ECB23C70E373B862D9F","E:\MIXER\hybridzip\results\experiments\hybridzip-r2-forced-oracle-current-320dd1b-fse"
"xml","32","32768","C2F7F129956F8D6FC3D0E3595D93F98D5270B6F5BC4AB5E70F45867822EFDD71","fse","3","21653","0C6A57EEA8813DD22BB5A17A1E3A55C443E6B95F84EA5DB0CBC7F64DD0184569","C2F7F129956F8D6FC3D0E3595D93F98D5270B6F5BC4AB5E70F45867822EFDD71","74FF260A939B01673667723D8351AAEDB679339610009ECB23C70E373B862D9F","E:\MIXER\hybridzip\results\experiments\hybridzip-r2-forced-oracle-current-320dd1b-fse"
"dickens","32","32768","FC42DCB9849222C8704C9DCAE606D075B389B66244FB215035148D6409EC0B31","lzma","4","13027","2C8A9FA39A9A508CBF751D974BEBE31022B668B4C19FEF2F3510B885D54936C4","FC42DCB9849222C8704C9DCAE606D075B389B66244FB215035148D6409EC0B31","74FF260A939B01673667723D8351AAEDB679339610009ECB23C70E373B862D9F","E:\MIXER\hybridzip\results\experiments\hybridzip-r2-forced-oracle-current-320dd1b-lzma"
"mozilla","32","32768","9DDEEF36CA0CA55B72FE3376D005926DFF3400A2ADE6EAE18482D8017D8645DB","lzma","4","8601","8FC98FDB884F57183A88EF94E9442E58C5D67D68FD1B0C2DF173173D2500BA01","9DDEEF36CA0CA55B72FE3376D005926DFF3400A2ADE6EAE18482D8017D8645DB","74FF260A939B01673667723D8351AAEDB679339610009ECB23C70E373B862D9F","E:\MIXER\hybridzip\results\experiments\hybridzip-r2-forced-oracle-current-320dd1b-lzma"
"mr","32","32768","3BB287B0AF65F777AB00C14E362B4D1962087260556001BBEE0689AA10D9F76A","lzma","4","6731","4EC5FA474136303BF80EFB5E21BA72F3176EA4818F08842EDFB4F19EA842832E","3BB287B0AF65F777AB00C14E362B4D1962087260556001BBEE0689AA10D9F76A","74FF260A939B01673667723D8351AAEDB679339610009ECB23C70E373B862D9F","E:\MIXER\hybridzip\results\experiments\hybridzip-r2-forced-oracle-current-320dd1b-lzma"
"nci","32","32768","0D3034FE8B0E573DE1439ED98CE409B83B13E5895085C9BFB0BF980F4962FB79","lzma","4","2495","B58281B579EDF2F498CAB774CA10A13610582166365D0F168DABF39BB019B604","0D3034FE8B0E573DE1439ED98CE409B83B13E5895085C9BFB0BF980F4962FB79","74FF260A939B01673667723D8351AAEDB679339610009ECB23C70E373B862D9F","E:\MIXER\hybridzip\results\experiments\hybridzip-r2-forced-oracle-current-320dd1b-lzma"
"ooffice","32","32768","2ACF9B4CAAEAC5814CDFEF0FA48A5ECE857C847DBDB7B44EEAB95CA3C098921C","lzma","4","12372","F5EA7D6B96A591EFE4D48D0FF9CC26500EC35626067858C9FFD5423EE631F32E","2ACF9B4CAAEAC5814CDFEF0FA48A5ECE857C847DBDB7B44EEAB95CA3C098921C","74FF260A939B01673667723D8351AAEDB679339610009ECB23C70E373B862D9F","E:\MIXER\hybridzip\results\experiments\hybridzip-r2-forced-oracle-current-320dd1b-lzma"
"osdb","32","32768","03B2C20B777682CD960BCD893D7A4463161D9C0200FD1708B2EFAE32A259D0B7","lzma","4","14483","8B0EC1611C5B0F1CA16DFBE46DC148E1C37E8E7BEF09C93753536CF92B486E0C","03B2C20B777682CD960BCD893D7A4463161D9C0200FD1708B2EFAE32A259D0B7","74FF260A939B01673667723D8351AAEDB679339610009ECB23C70E373B862D9F","E:\MIXER\hybridzip\results\experiments\hybridzip-r2-forced-oracle-current-320dd1b-lzma"
"reymont","32","32768","9D5E4B9340C2260DAE7DDB01B3EDA58236FF2DE5E1FF4D56767AA840B6FB1A87","lzma","4","8810","3352BF47C5E4393DB8838F03D8791A45BEF01FF85676877C8EABF79BC86398B1","9D5E4B9340C2260DAE7DDB01B3EDA58236FF2DE5E1FF4D56767AA840B6FB1A87","74FF260A939B01673667723D8351AAEDB679339610009ECB23C70E373B862D9F","E:\MIXER\hybridzip\results\experiments\hybridzip-r2-forced-oracle-current-320dd1b-lzma"
"samba","32","32768","9C4F5BEE544E4531E4946E62F796987418B4526911C34877EF282F14DD57AD12","lzma","4","10865","D0C2BD6A067E7CC418EB6966BF66264DF9533D50935AFD3D5D854F508260583E","9C4F5BEE544E4531E4946E62F796987418B4526911C34877EF282F14DD57AD12","74FF260A939B01673667723D8351AAEDB679339610009ECB23C70E373B862D9F","E:\MIXER\hybridzip\results\experiments\hybridzip-r2-forced-oracle-current-320dd1b-lzma"
"sao","32","32768","95677430CAD4F000506BC5EE22815C3F4E13D64B477ED506B78D5D9ACFB50CCD","lzma","4","22279","42E39E8E4C5A2BB2ECA3D1C3E7A8EB054A818917D4FE17D8014497D968674705","95677430CAD4F000506BC5EE22815C3F4E13D64B477ED506B78D5D9ACFB50CCD","74FF260A939B01673667723D8351AAEDB679339610009ECB23C70E373B862D9F","E:\MIXER\hybridzip\results\experiments\hybridzip-r2-forced-oracle-current-320dd1b-lzma"
"webster","32","32768","774D224695AF4057353F72602BB96CD2AFEEA059AC7737535645F11596FCA85E","lzma","4","12595","9C9C70164319F1998D199B444DC6779DF8615167316E9FA26A8721D947F90227","774D224695AF4057353F72602BB96CD2AFEEA059AC7737535645F11596FCA85E","74FF260A939B01673667723D8351AAEDB679339610009ECB23C70E373B862D9F","E:\MIXER\hybridzip\results\experiments\hybridzip-r2-forced-oracle-current-320dd1b-lzma"
"x-ray","32","32768","10511AA63DFBD9C0DDBFEFE36068740103D4BA1116E214154A0772057D7E9314","lzma","4","18233","46E816DEF73258FD445EFBF76CC70EBC1376AD322F7FCC2F4625BFE0A2C37D06","10511AA63DFBD9C0DDBFEFE36068740103D4BA1116E214154A0772057D7E9314","74FF260A939B01673667723D8351AAEDB679339610009ECB23C70E373B862D9F","E:\MIXER\hybridzip\results\experiments\hybridzip-r2-forced-oracle-current-320dd1b-lzma"
"xml","32","32768","C2F7F129956F8D6FC3D0E3595D93F98D5270B6F5BC4AB5E70F45867822EFDD71","lzma","4","2614","8D4C341F8D54EC3A142D56D2085FE8888B967B7BDE70A819C9F006BF197AE81D","C2F7F129956F8D6FC3D0E3595D93F98D5270B6F5BC4AB5E70F45867822EFDD71","74FF260A939B01673667723D8351AAEDB679339610009ECB23C70E373B862D9F","E:\MIXER\hybridzip\results\experiments\hybridzip-r2-forced-oracle-current-320dd1b-lzma"
"dickens","32","32768","FC42DCB9849222C8704C9DCAE606D075B389B66244FB215035148D6409EC0B31","donor-match","5","12951","5C2043CE39BD1E7AC26C918B020B5002D27CBDAE74784E0553C4FF4F1B81E80A","FC42DCB9849222C8704C9DCAE606D075B389B66244FB215035148D6409EC0B31","74FF260A939B01673667723D8351AAEDB679339610009ECB23C70E373B862D9F","E:\MIXER\hybridzip\results\experiments\hybridzip-r2-forced-oracle-current-320dd1b-donor-match"
"mozilla","32","32768","9DDEEF36CA0CA55B72FE3376D005926DFF3400A2ADE6EAE18482D8017D8645DB","donor-match","5","10890","AD9F123C8557F0C9055BB7A83F57543A28175D6550946339BD9C6EC4A155F44D","9DDEEF36CA0CA55B72FE3376D005926DFF3400A2ADE6EAE18482D8017D8645DB","74FF260A939B01673667723D8351AAEDB679339610009ECB23C70E373B862D9F","E:\MIXER\hybridzip\results\experiments\hybridzip-r2-forced-oracle-current-320dd1b-donor-match"
"mr","32","32768","3BB287B0AF65F777AB00C14E362B4D1962087260556001BBEE0689AA10D9F76A","donor-match","5","8474","891486ADCD7EAEC9566D9723020B5BBE1C15A13992201C305AFB6F3B97BA8EBD","3BB287B0AF65F777AB00C14E362B4D1962087260556001BBEE0689AA10D9F76A","74FF260A939B01673667723D8351AAEDB679339610009ECB23C70E373B862D9F","E:\MIXER\hybridzip\results\experiments\hybridzip-r2-forced-oracle-current-320dd1b-donor-match"
"nci","32","32768","0D3034FE8B0E573DE1439ED98CE409B83B13E5895085C9BFB0BF980F4962FB79","donor-match","5","4879","4012F2DC7D2C5413FA877124E7DA46BABC0F9CE77D3CC3EEB2B6AD2104CDD291","0D3034FE8B0E573DE1439ED98CE409B83B13E5895085C9BFB0BF980F4962FB79","74FF260A939B01673667723D8351AAEDB679339610009ECB23C70E373B862D9F","E:\MIXER\hybridzip\results\experiments\hybridzip-r2-forced-oracle-current-320dd1b-donor-match"
"ooffice","32","32768","2ACF9B4CAAEAC5814CDFEF0FA48A5ECE857C847DBDB7B44EEAB95CA3C098921C","donor-match","5","13659","D63815C6F5C7A45CB405EC238AB012FC8938032F81663A3615EC7ED304D1F8B2","2ACF9B4CAAEAC5814CDFEF0FA48A5ECE857C847DBDB7B44EEAB95CA3C098921C","74FF260A939B01673667723D8351AAEDB679339610009ECB23C70E373B862D9F","E:\MIXER\hybridzip\results\experiments\hybridzip-r2-forced-oracle-current-320dd1b-donor-match"
"osdb","32","32768","03B2C20B777682CD960BCD893D7A4463161D9C0200FD1708B2EFAE32A259D0B7","donor-match","5","15142","6E3AE88212301C6FC060BFC76DCD8A8744671422B2B736C329CDB4D31DA71520","03B2C20B777682CD960BCD893D7A4463161D9C0200FD1708B2EFAE32A259D0B7","74FF260A939B01673667723D8351AAEDB679339610009ECB23C70E373B862D9F","E:\MIXER\hybridzip\results\experiments\hybridzip-r2-forced-oracle-current-320dd1b-donor-match"
"reymont","32","32768","9D5E4B9340C2260DAE7DDB01B3EDA58236FF2DE5E1FF4D56767AA840B6FB1A87","donor-match","5","9361","8F0D4CACF0102317BE4E0CA395DB4C109BFFAAE4A37A10CDFAF0EF45A0925743","9D5E4B9340C2260DAE7DDB01B3EDA58236FF2DE5E1FF4D56767AA840B6FB1A87","74FF260A939B01673667723D8351AAEDB679339610009ECB23C70E373B862D9F","E:\MIXER\hybridzip\results\experiments\hybridzip-r2-forced-oracle-current-320dd1b-donor-match"
"samba","32","32768","9C4F5BEE544E4531E4946E62F796987418B4526911C34877EF282F14DD57AD12","donor-match","5","11173","DAB5DCBE888A1FF3104DE0DD8CC0DB3638A267C411C2C5DE2704A2494CF7F76F","9C4F5BEE544E4531E4946E62F796987418B4526911C34877EF282F14DD57AD12","74FF260A939B01673667723D8351AAEDB679339610009ECB23C70E373B862D9F","E:\MIXER\hybridzip\results\experiments\hybridzip-r2-forced-oracle-current-320dd1b-donor-match"
"sao","32","32768","95677430CAD4F000506BC5EE22815C3F4E13D64B477ED506B78D5D9ACFB50CCD","donor-match","5","23756","939187808CD8F61AFA5B41C5344266E74612FC2A19A3B3ADA96161E060AD6C2B","95677430CAD4F000506BC5EE22815C3F4E13D64B477ED506B78D5D9ACFB50CCD","74FF260A939B01673667723D8351AAEDB679339610009ECB23C70E373B862D9F","E:\MIXER\hybridzip\results\experiments\hybridzip-r2-forced-oracle-current-320dd1b-donor-match"
"webster","32","32768","774D224695AF4057353F72602BB96CD2AFEEA059AC7737535645F11596FCA85E","donor-match","5","12539","1898475432CD08DEB916AEEB7E45608D2D3F3E889F7F5CAF1D8E6AB8E9C807E1","774D224695AF4057353F72602BB96CD2AFEEA059AC7737535645F11596FCA85E","74FF260A939B01673667723D8351AAEDB679339610009ECB23C70E373B862D9F","E:\MIXER\hybridzip\results\experiments\hybridzip-r2-forced-oracle-current-320dd1b-donor-match"
"x-ray","32","32768","10511AA63DFBD9C0DDBFEFE36068740103D4BA1116E214154A0772057D7E9314","donor-match","5","19389","A29ED2FD5712E786678091A62012BC7F44BCF240CFE6CF23229AA32D4C73A08B","10511AA63DFBD9C0DDBFEFE36068740103D4BA1116E214154A0772057D7E9314","74FF260A939B01673667723D8351AAEDB679339610009ECB23C70E373B862D9F","E:\MIXER\hybridzip\results\experiments\hybridzip-r2-forced-oracle-current-320dd1b-donor-match"
"xml","32","32768","C2F7F129956F8D6FC3D0E3595D93F98D5270B6F5BC4AB5E70F45867822EFDD71","donor-match","5","5016","F05BDF6AA74C9866940C353ACB04CAA75FB1050BBE804BEED1F04B2F698F23B5","C2F7F129956F8D6FC3D0E3595D93F98D5270B6F5BC4AB5E70F45867822EFDD71","74FF260A939B01673667723D8351AAEDB679339610009ECB23C70E373B862D9F","E:\MIXER\hybridzip\results\experiments\hybridzip-r2-forced-oracle-current-320dd1b-donor-match"
"dickens","32","32768","FC42DCB9849222C8704C9DCAE606D075B389B66244FB215035148D6409EC0B31","bwt-zstd","6","14061","334303869C68C5259150B5630686FFEE42E1D3B56C3DF856CDC50699609F7D18","FC42DCB9849222C8704C9DCAE606D075B389B66244FB215035148D6409EC0B31","74FF260A939B01673667723D8351AAEDB679339610009ECB23C70E373B862D9F","E:\MIXER\hybridzip\results\experiments\hybridzip-r2-forced-oracle-current-320dd1b-bwt-zstd"
"mozilla","32","32768","9DDEEF36CA0CA55B72FE3376D005926DFF3400A2ADE6EAE18482D8017D8645DB","bwt-zstd","6","12081","D681D9AE5A19787D98AB25D7D9797399C5093467F1C62C9F16138F8FC8A34923","9DDEEF36CA0CA55B72FE3376D005926DFF3400A2ADE6EAE18482D8017D8645DB","74FF260A939B01673667723D8351AAEDB679339610009ECB23C70E373B862D9F","E:\MIXER\hybridzip\results\experiments\hybridzip-r2-forced-oracle-current-320dd1b-bwt-zstd"
"mr","32","32768","3BB287B0AF65F777AB00C14E362B4D1962087260556001BBEE0689AA10D9F76A","bwt-zstd","6","7934","528FE8A558528F995B874191DBBD7E123FE7200532B6DB72076B4911538B1CF8","3BB287B0AF65F777AB00C14E362B4D1962087260556001BBEE0689AA10D9F76A","74FF260A939B01673667723D8351AAEDB679339610009ECB23C70E373B862D9F","E:\MIXER\hybridzip\results\experiments\hybridzip-r2-forced-oracle-current-320dd1b-bwt-zstd"
"nci","32","32768","0D3034FE8B0E573DE1439ED98CE409B83B13E5895085C9BFB0BF980F4962FB79","bwt-zstd","6","2775","D2E410D1A80117F84921BB77445156EEDE3408EA3533693870433FBED4940A8E","0D3034FE8B0E573DE1439ED98CE409B83B13E5895085C9BFB0BF980F4962FB79","74FF260A939B01673667723D8351AAEDB679339610009ECB23C70E373B862D9F","E:\MIXER\hybridzip\results\experiments\hybridzip-r2-forced-oracle-current-320dd1b-bwt-zstd"
"ooffice","32","32768","2ACF9B4CAAEAC5814CDFEF0FA48A5ECE857C847DBDB7B44EEAB95CA3C098921C","bwt-zstd","6","15371","43AE4733E9D36558F6193436E2B8D6E478F174C4EC04835B18A9078375CC0074","2ACF9B4CAAEAC5814CDFEF0FA48A5ECE857C847DBDB7B44EEAB95CA3C098921C","74FF260A939B01673667723D8351AAEDB679339610009ECB23C70E373B862D9F","E:\MIXER\hybridzip\results\experiments\hybridzip-r2-forced-oracle-current-320dd1b-bwt-zstd"
"osdb","32","32768","03B2C20B777682CD960BCD893D7A4463161D9C0200FD1708B2EFAE32A259D0B7","bwt-zstd","6","17505","7EE691703A35E71294180F0C8D46A4438F5A4EF44365BD882984FC047BBF8B63","03B2C20B777682CD960BCD893D7A4463161D9C0200FD1708B2EFAE32A259D0B7","74FF260A939B01673667723D8351AAEDB679339610009ECB23C70E373B862D9F","E:\MIXER\hybridzip\results\experiments\hybridzip-r2-forced-oracle-current-320dd1b-bwt-zstd"
"reymont","32","32768","9D5E4B9340C2260DAE7DDB01B3EDA58236FF2DE5E1FF4D56767AA840B6FB1A87","bwt-zstd","6","9556","1145E0DA6F2457FF68A97E32D6A742AA087F2F43E06639538A9E1523F88E626C","9D5E4B9340C2260DAE7DDB01B3EDA58236FF2DE5E1FF4D56767AA840B6FB1A87","74FF260A939B01673667723D8351AAEDB679339610009ECB23C70E373B862D9F","E:\MIXER\hybridzip\results\experiments\hybridzip-r2-forced-oracle-current-320dd1b-bwt-zstd"
"samba","32","32768","9C4F5BEE544E4531E4946E62F796987418B4526911C34877EF282F14DD57AD12","bwt-zstd","6","12113","3E62A148E0CCA8633CF80A0BB4F0443D45D36053ED175A3FFAB70C1679D68E2C","9C4F5BEE544E4531E4946E62F796987418B4526911C34877EF282F14DD57AD12","74FF260A939B01673667723D8351AAEDB679339610009ECB23C70E373B862D9F","E:\MIXER\hybridzip\results\experiments\hybridzip-r2-forced-oracle-current-320dd1b-bwt-zstd"
"sao","32","32768","95677430CAD4F000506BC5EE22815C3F4E13D64B477ED506B78D5D9ACFB50CCD","bwt-zstd","6","24720","546672827854DCDF4D82F0349AEC32FC345CCE12FA3B017BE4148CB80D3323A9","95677430CAD4F000506BC5EE22815C3F4E13D64B477ED506B78D5D9ACFB50CCD","74FF260A939B01673667723D8351AAEDB679339610009ECB23C70E373B862D9F","E:\MIXER\hybridzip\results\experiments\hybridzip-r2-forced-oracle-current-320dd1b-bwt-zstd"
"webster","32","32768","774D224695AF4057353F72602BB96CD2AFEEA059AC7737535645F11596FCA85E","bwt-zstd","6","13874","E1DD7F328210405EA64CAD4BD3F2D90B99C2E34E28E3C82984782D7C60D2E594","774D224695AF4057353F72602BB96CD2AFEEA059AC7737535645F11596FCA85E","74FF260A939B01673667723D8351AAEDB679339610009ECB23C70E373B862D9F","E:\MIXER\hybridzip\results\experiments\hybridzip-r2-forced-oracle-current-320dd1b-bwt-zstd"
"x-ray","32","32768","10511AA63DFBD9C0DDBFEFE36068740103D4BA1116E214154A0772057D7E9314","bwt-zstd","6","20054","DD59FD7B4966C7CFC1251C9DE4B0BA9C7889167741212BAE95E99188E1881815","10511AA63DFBD9C0DDBFEFE36068740103D4BA1116E214154A0772057D7E9314","74FF260A939B01673667723D8351AAEDB679339610009ECB23C70E373B862D9F","E:\MIXER\hybridzip\results\experiments\hybridzip-r2-forced-oracle-current-320dd1b-bwt-zstd"
"xml","32","32768","C2F7F129956F8D6FC3D0E3595D93F98D5270B6F5BC4AB5E70F45867822EFDD71","bwt-zstd","6","3024","FFD8876F569652F25E211F35D70488E15021FFB92B49EED2A9B35DBD119D024E","C2F7F129956F8D6FC3D0E3595D93F98D5270B6F5BC4AB5E70F45867822EFDD71","74FF260A939B01673667723D8351AAEDB679339610009ECB23C70E373B862D9F","E:\MIXER\hybridzip\results\experiments\hybridzip-r2-forced-oracle-current-320dd1b-bwt-zstd"
"dickens","32","32768","FC42DCB9849222C8704C9DCAE606D075B389B66244FB215035148D6409EC0B31","bwt-mtf-zstd","7","13057","EDFBAFD0A25F8293C0BA0F149531F5B605FC3E725937F319952B988B7CD11CC2","FC42DCB9849222C8704C9DCAE606D075B389B66244FB215035148D6409EC0B31","74FF260A939B01673667723D8351AAEDB679339610009ECB23C70E373B862D9F","E:\MIXER\hybridzip\results\experiments\hybridzip-r2-forced-oracle-current-320dd1b-bwt-mtf-zstd"
"mozilla","32","32768","9DDEEF36CA0CA55B72FE3376D005926DFF3400A2ADE6EAE18482D8017D8645DB","bwt-mtf-zstd","7","11408","75D51EF2E41509C9A1D0B029175B291EC765372D3C92C6EA9110F1D3D0D6F78E","9DDEEF36CA0CA55B72FE3376D005926DFF3400A2ADE6EAE18482D8017D8645DB","74FF260A939B01673667723D8351AAEDB679339610009ECB23C70E373B862D9F","E:\MIXER\hybridzip\results\experiments\hybridzip-r2-forced-oracle-current-320dd1b-bwt-mtf-zstd"
"mr","32","32768","3BB287B0AF65F777AB00C14E362B4D1962087260556001BBEE0689AA10D9F76A","bwt-mtf-zstd","7","7586","964DC2FE5D76AFA519692EC70E2C04105BEE11B0E4B5F744DB400EE0D2A3DF40","3BB287B0AF65F777AB00C14E362B4D1962087260556001BBEE0689AA10D9F76A","74FF260A939B01673667723D8351AAEDB679339610009ECB23C70E373B862D9F","E:\MIXER\hybridzip\results\experiments\hybridzip-r2-forced-oracle-current-320dd1b-bwt-mtf-zstd"
"nci","32","32768","0D3034FE8B0E573DE1439ED98CE409B83B13E5895085C9BFB0BF980F4962FB79","bwt-mtf-zstd","7","2721","B050E3FA728A9CD3365FD92BF7FEFE2818F81E63F6AF8E251C70967ED45FCC2D","0D3034FE8B0E573DE1439ED98CE409B83B13E5895085C9BFB0BF980F4962FB79","74FF260A939B01673667723D8351AAEDB679339610009ECB23C70E373B862D9F","E:\MIXER\hybridzip\results\experiments\hybridzip-r2-forced-oracle-current-320dd1b-bwt-mtf-zstd"
"ooffice","32","32768","2ACF9B4CAAEAC5814CDFEF0FA48A5ECE857C847DBDB7B44EEAB95CA3C098921C","bwt-mtf-zstd","7","14605","868940A2166EE3FA0B556AB1D6580698B0EEA586F87431AC1C844B935BEEFAEC","2ACF9B4CAAEAC5814CDFEF0FA48A5ECE857C847DBDB7B44EEAB95CA3C098921C","74FF260A939B01673667723D8351AAEDB679339610009ECB23C70E373B862D9F","E:\MIXER\hybridzip\results\experiments\hybridzip-r2-forced-oracle-current-320dd1b-bwt-mtf-zstd"
"osdb","32","32768","03B2C20B777682CD960BCD893D7A4463161D9C0200FD1708B2EFAE32A259D0B7","bwt-mtf-zstd","7","17562","5FD253B5C4180EE68B7B45AA7A69FCE1E8610603311E5E424308742A96508646","03B2C20B777682CD960BCD893D7A4463161D9C0200FD1708B2EFAE32A259D0B7","74FF260A939B01673667723D8351AAEDB679339610009ECB23C70E373B862D9F","E:\MIXER\hybridzip\results\experiments\hybridzip-r2-forced-oracle-current-320dd1b-bwt-mtf-zstd"
"reymont","32","32768","9D5E4B9340C2260DAE7DDB01B3EDA58236FF2DE5E1FF4D56767AA840B6FB1A87","bwt-mtf-zstd","7","8700","95CED55B9811DBECF7196E3FEE2F99DB44C45115E8102715FF00D3797D4BFAF2","9D5E4B9340C2260DAE7DDB01B3EDA58236FF2DE5E1FF4D56767AA840B6FB1A87","74FF260A939B01673667723D8351AAEDB679339610009ECB23C70E373B862D9F","E:\MIXER\hybridzip\results\experiments\hybridzip-r2-forced-oracle-current-320dd1b-bwt-mtf-zstd"
"samba","32","32768","9C4F5BEE544E4531E4946E62F796987418B4526911C34877EF282F14DD57AD12","bwt-mtf-zstd","7","11163","5B81FF386397CF88B1622578115BF65F8E569021865C8714A6B0509AAE4BBEEA","9C4F5BEE544E4531E4946E62F796987418B4526911C34877EF282F14DD57AD12","74FF260A939B01673667723D8351AAEDB679339610009ECB23C70E373B862D9F","E:\MIXER\hybridzip\results\experiments\hybridzip-r2-forced-oracle-current-320dd1b-bwt-mtf-zstd"
"sao","32","32768","95677430CAD4F000506BC5EE22815C3F4E13D64B477ED506B78D5D9ACFB50CCD","bwt-mtf-zstd","7","25217","3BC8B79565DCED271A742D7FC0568A1DBF81C8FF6939521B6C9EA3ED384569DE","95677430CAD4F000506BC5EE22815C3F4E13D64B477ED506B78D5D9ACFB50CCD","74FF260A939B01673667723D8351AAEDB679339610009ECB23C70E373B862D9F","E:\MIXER\hybridzip\results\experiments\hybridzip-r2-forced-oracle-current-320dd1b-bwt-mtf-zstd"
"webster","32","32768","774D224695AF4057353F72602BB96CD2AFEEA059AC7737535645F11596FCA85E","bwt-mtf-zstd","7","12804","7C17284662EAACD30C039E389CADE26858682E1D51F0DD95559A54124ADA9BDA","774D224695AF4057353F72602BB96CD2AFEEA059AC7737535645F11596FCA85E","74FF260A939B01673667723D8351AAEDB679339610009ECB23C70E373B862D9F","E:\MIXER\hybridzip\results\experiments\hybridzip-r2-forced-oracle-current-320dd1b-bwt-mtf-zstd"
"x-ray","32","32768","10511AA63DFBD9C0DDBFEFE36068740103D4BA1116E214154A0772057D7E9314","bwt-mtf-zstd","7","19931","E3B00D618969BB384226570F48CD5B0BB5A17837DF324A4995DF2DA0072C696F","10511AA63DFBD9C0DDBFEFE36068740103D4BA1116E214154A0772057D7E9314","74FF260A939B01673667723D8351AAEDB679339610009ECB23C70E373B862D9F","E:\MIXER\hybridzip\results\experiments\hybridzip-r2-forced-oracle-current-320dd1b-bwt-mtf-zstd"
"xml","32","32768","C2F7F129956F8D6FC3D0E3595D93F98D5270B6F5BC4AB5E70F45867822EFDD71","bwt-mtf-zstd","7","2834","73D66A959BC5E9AEB6FB7266E5BD1A5C4A3E99E98F6F8807194F246BCB4164E9","C2F7F129956F8D6FC3D0E3595D93F98D5270B6F5BC4AB5E70F45867822EFDD71","74FF260A939B01673667723D8351AAEDB679339610009ECB23C70E373B862D9F","E:\MIXER\hybridzip\results\experiments\hybridzip-r2-forced-oracle-current-320dd1b-bwt-mtf-zstd"
"dickens","32","32768","FC42DCB9849222C8704C9DCAE606D075B389B66244FB215035148D6409EC0B31","bwt-rlt-zstd","8","14522","E91B241D5957055021FD4CA99B611D9750F41DF15E08E33E61852464BD89D919","FC42DCB9849222C8704C9DCAE606D075B389B66244FB215035148D6409EC0B31","74FF260A939B01673667723D8351AAEDB679339610009ECB23C70E373B862D9F","E:\MIXER\hybridzip\results\experiments\hybridzip-r2-forced-oracle-current-320dd1b-bwt-rlt-zstd"
"mozilla","32","32768","9DDEEF36CA0CA55B72FE3376D005926DFF3400A2ADE6EAE18482D8017D8645DB","bwt-rlt-zstd","8","12319","5A0C30E55F6ACCB863C3BB9ACA83F05497DB735D3020646E3C4F99B741F0BF93","9DDEEF36CA0CA55B72FE3376D005926DFF3400A2ADE6EAE18482D8017D8645DB","74FF260A939B01673667723D8351AAEDB679339610009ECB23C70E373B862D9F","E:\MIXER\hybridzip\results\experiments\hybridzip-r2-forced-oracle-current-320dd1b-bwt-rlt-zstd"
"mr","32","32768","3BB287B0AF65F777AB00C14E362B4D1962087260556001BBEE0689AA10D9F76A","bwt-rlt-zstd","8","7918","BC47BF6383397C17252F73804FE7F12F2968C593F25FEBE837E1864070AE0216","3BB287B0AF65F777AB00C14E362B4D1962087260556001BBEE0689AA10D9F76A","74FF260A939B01673667723D8351AAEDB679339610009ECB23C70E373B862D9F","E:\MIXER\hybridzip\results\experiments\hybridzip-r2-forced-oracle-current-320dd1b-bwt-rlt-zstd"
"nci","32","32768","0D3034FE8B0E573DE1439ED98CE409B83B13E5895085C9BFB0BF980F4962FB79","bwt-rlt-zstd","8","2923","60C9636535EFB80C4FA5370FB227DBE90814B5BF84A0A8C57995700F385C6ECC","0D3034FE8B0E573DE1439ED98CE409B83B13E5895085C9BFB0BF980F4962FB79","74FF260A939B01673667723D8351AAEDB679339610009ECB23C70E373B862D9F","E:\MIXER\hybridzip\results\experiments\hybridzip-r2-forced-oracle-current-320dd1b-bwt-rlt-zstd"
"ooffice","32","32768","2ACF9B4CAAEAC5814CDFEF0FA48A5ECE857C847DBDB7B44EEAB95CA3C098921C","bwt-rlt-zstd","8","15676","38F736DBDC3E6E01CF7A40C4FBBCDD83790EAF9AA82F6431B08C7E21779D8303","2ACF9B4CAAEAC5814CDFEF0FA48A5ECE857C847DBDB7B44EEAB95CA3C098921C","74FF260A939B01673667723D8351AAEDB679339610009ECB23C70E373B862D9F","E:\MIXER\hybridzip\results\experiments\hybridzip-r2-forced-oracle-current-320dd1b-bwt-rlt-zstd"
"osdb","32","32768","03B2C20B777682CD960BCD893D7A4463161D9C0200FD1708B2EFAE32A259D0B7","bwt-rlt-zstd","8","17822","21B9D4865295F49495E68DC4D07037C673C7FFDD1C26E3A72A05153063FE0308","03B2C20B777682CD960BCD893D7A4463161D9C0200FD1708B2EFAE32A259D0B7","74FF260A939B01673667723D8351AAEDB679339610009ECB23C70E373B862D9F","E:\MIXER\hybridzip\results\experiments\hybridzip-r2-forced-oracle-current-320dd1b-bwt-rlt-zstd"
"reymont","32","32768","9D5E4B9340C2260DAE7DDB01B3EDA58236FF2DE5E1FF4D56767AA840B6FB1A87","bwt-rlt-zstd","8","9857","D00072DCDCBB2E16228D536BEA6C4D8CC811B194C15EC6ADB8D14F521725A89C","9D5E4B9340C2260DAE7DDB01B3EDA58236FF2DE5E1FF4D56767AA840B6FB1A87","74FF260A939B01673667723D8351AAEDB679339610009ECB23C70E373B862D9F","E:\MIXER\hybridzip\results\experiments\hybridzip-r2-forced-oracle-current-320dd1b-bwt-rlt-zstd"
"samba","32","32768","9C4F5BEE544E4531E4946E62F796987418B4526911C34877EF282F14DD57AD12","bwt-rlt-zstd","8","12578","A9ED61E6D0B96D5955A84C1BC181E14324BC79720E8971E54A48090E9996DBE7","9C4F5BEE544E4531E4946E62F796987418B4526911C34877EF282F14DD57AD12","74FF260A939B01673667723D8351AAEDB679339610009ECB23C70E373B862D9F","E:\MIXER\hybridzip\results\experiments\hybridzip-r2-forced-oracle-current-320dd1b-bwt-rlt-zstd"
"sao","32","32768","95677430CAD4F000506BC5EE22815C3F4E13D64B477ED506B78D5D9ACFB50CCD","bwt-rlt-zstd","8","24882","837655B51F941D4E6F23FDE6F04B3CC86FFE1B7E27B6B93EE9A3B88CE2CB392D","95677430CAD4F000506BC5EE22815C3F4E13D64B477ED506B78D5D9ACFB50CCD","74FF260A939B01673667723D8351AAEDB679339610009ECB23C70E373B862D9F","E:\MIXER\hybridzip\results\experiments\hybridzip-r2-forced-oracle-current-320dd1b-bwt-rlt-zstd"
"webster","32","32768","774D224695AF4057353F72602BB96CD2AFEEA059AC7737535645F11596FCA85E","bwt-rlt-zstd","8","14319","B83B44490637F2806C4ABCB624F2D76B6A54183084C3BDF0615F9359106FADF2","774D224695AF4057353F72602BB96CD2AFEEA059AC7737535645F11596FCA85E","74FF260A939B01673667723D8351AAEDB679339610009ECB23C70E373B862D9F","E:\MIXER\hybridzip\results\experiments\hybridzip-r2-forced-oracle-current-320dd1b-bwt-rlt-zstd"
"x-ray","32","32768","10511AA63DFBD9C0DDBFEFE36068740103D4BA1116E214154A0772057D7E9314","bwt-rlt-zstd","8","20283","F68B3010540BD8CD44E3EEDF4A861D3E11F73E62A6CE373A25BAEAB6E3AE9610","10511AA63DFBD9C0DDBFEFE36068740103D4BA1116E214154A0772057D7E9314","74FF260A939B01673667723D8351AAEDB679339610009ECB23C70E373B862D9F","E:\MIXER\hybridzip\results\experiments\hybridzip-r2-forced-oracle-current-320dd1b-bwt-rlt-zstd"
"xml","32","32768","C2F7F129956F8D6FC3D0E3595D93F98D5270B6F5BC4AB5E70F45867822EFDD71","bwt-rlt-zstd","8","3043","65CA6E7CDB86AE41F5E8CE443886516F74C320024952A34DABA721EE90818E2E","C2F7F129956F8D6FC3D0E3595D93F98D5270B6F5BC4AB5E70F45867822EFDD71","74FF260A939B01673667723D8351AAEDB679339610009ECB23C70E373B862D9F","E:\MIXER\hybridzip\results\experiments\hybridzip-r2-forced-oracle-current-320dd1b-bwt-rlt-zstd"
"dickens","32","32768","FC42DCB9849222C8704C9DCAE606D075B389B66244FB215035148D6409EC0B31","x86-bcj-zstd","9","13216","0E9998FB8CD8B019EAADB06898773F13020917321ECC948880F5EB58FA93210A","FC42DCB9849222C8704C9DCAE606D075B389B66244FB215035148D6409EC0B31","74FF260A939B01673667723D8351AAEDB679339610009ECB23C70E373B862D9F","E:\MIXER\hybridzip\results\experiments\hybridzip-r2-forced-oracle-current-320dd1b-x86-bcj-zstd"
"mozilla","32","32768","9DDEEF36CA0CA55B72FE3376D005926DFF3400A2ADE6EAE18482D8017D8645DB","x86-bcj-zstd","9","9561","B97FD8ECEF1AE3E422211CD86BD02331FE5AF8DF3E4F40AB111E43B299B28F92","9DDEEF36CA0CA55B72FE3376D005926DFF3400A2ADE6EAE18482D8017D8645DB","74FF260A939B01673667723D8351AAEDB679339610009ECB23C70E373B862D9F","E:\MIXER\hybridzip\results\experiments\hybridzip-r2-forced-oracle-current-320dd1b-x86-bcj-zstd"
"mr","32","32768","3BB287B0AF65F777AB00C14E362B4D1962087260556001BBEE0689AA10D9F76A","x86-bcj-zstd","9","7962","DD98CD440CE4395CD0BC94AEA1F21560F738FD82C9BFB383EA412371B4CF872E","3BB287B0AF65F777AB00C14E362B4D1962087260556001BBEE0689AA10D9F76A","74FF260A939B01673667723D8351AAEDB679339610009ECB23C70E373B862D9F","E:\MIXER\hybridzip\results\experiments\hybridzip-r2-forced-oracle-current-320dd1b-x86-bcj-zstd"
"nci","32","32768","0D3034FE8B0E573DE1439ED98CE409B83B13E5895085C9BFB0BF980F4962FB79","x86-bcj-zstd","9","2480","3564BD0251D5F6625890F1809BCFD7A24FA16800DB956C35ED3AF676DC955DDC","0D3034FE8B0E573DE1439ED98CE409B83B13E5895085C9BFB0BF980F4962FB79","74FF260A939B01673667723D8351AAEDB679339610009ECB23C70E373B862D9F","E:\MIXER\hybridzip\results\experiments\hybridzip-r2-forced-oracle-current-320dd1b-x86-bcj-zstd"
"ooffice","32","32768","2ACF9B4CAAEAC5814CDFEF0FA48A5ECE857C847DBDB7B44EEAB95CA3C098921C","x86-bcj-zstd","9","11362","E52212A5B4BC956267682E813CC738B19964C8A3005E041E1CE1024691E2FFD9","2ACF9B4CAAEAC5814CDFEF0FA48A5ECE857C847DBDB7B44EEAB95CA3C098921C","74FF260A939B01673667723D8351AAEDB679339610009ECB23C70E373B862D9F","E:\MIXER\hybridzip\results\experiments\hybridzip-r2-forced-oracle-current-320dd1b-x86-bcj-zstd"
"osdb","32","32768","03B2C20B777682CD960BCD893D7A4463161D9C0200FD1708B2EFAE32A259D0B7","x86-bcj-zstd","9","15145","0D2B4F0F379B4EEAB7FD9C0AFFCB44E04E6D5B28D05F5DC61CAF8F7CC9AEA5B2","03B2C20B777682CD960BCD893D7A4463161D9C0200FD1708B2EFAE32A259D0B7","74FF260A939B01673667723D8351AAEDB679339610009ECB23C70E373B862D9F","E:\MIXER\hybridzip\results\experiments\hybridzip-r2-forced-oracle-current-320dd1b-x86-bcj-zstd"
"reymont","32","32768","9D5E4B9340C2260DAE7DDB01B3EDA58236FF2DE5E1FF4D56767AA840B6FB1A87","x86-bcj-zstd","9","9108","FFFF50ADB4DC01179E589BA5ED4692F2E947F64CC03D156D440C5E444CB71EFC","9D5E4B9340C2260DAE7DDB01B3EDA58236FF2DE5E1FF4D56767AA840B6FB1A87","74FF260A939B01673667723D8351AAEDB679339610009ECB23C70E373B862D9F","E:\MIXER\hybridzip\results\experiments\hybridzip-r2-forced-oracle-current-320dd1b-x86-bcj-zstd"
"samba","32","32768","9C4F5BEE544E4531E4946E62F796987418B4526911C34877EF282F14DD57AD12","x86-bcj-zstd","9","11027","8C06B3DBAD5BFACCCF0DC6672B393686DA8B20814ADF476C5CE742860CC422DB","9C4F5BEE544E4531E4946E62F796987418B4526911C34877EF282F14DD57AD12","74FF260A939B01673667723D8351AAEDB679339610009ECB23C70E373B862D9F","E:\MIXER\hybridzip\results\experiments\hybridzip-r2-forced-oracle-current-320dd1b-x86-bcj-zstd"
"sao","32","32768","95677430CAD4F000506BC5EE22815C3F4E13D64B477ED506B78D5D9ACFB50CCD","x86-bcj-zstd","9","24423","D32C2DB5037FB04D7F457A2415A5E219387D7987EEB4A23CD44084BBB51F8803","95677430CAD4F000506BC5EE22815C3F4E13D64B477ED506B78D5D9ACFB50CCD","74FF260A939B01673667723D8351AAEDB679339610009ECB23C70E373B862D9F","E:\MIXER\hybridzip\results\experiments\hybridzip-r2-forced-oracle-current-320dd1b-x86-bcj-zstd"
"webster","32","32768","774D224695AF4057353F72602BB96CD2AFEEA059AC7737535645F11596FCA85E","x86-bcj-zstd","9","12772","F62D200B27AAE1A6A51AC187C81037592D5E9749BA4602C08D2A48FB2A940162","774D224695AF4057353F72602BB96CD2AFEEA059AC7737535645F11596FCA85E","74FF260A939B01673667723D8351AAEDB679339610009ECB23C70E373B862D9F","E:\MIXER\hybridzip\results\experiments\hybridzip-r2-forced-oracle-current-320dd1b-x86-bcj-zstd"
"x-ray","32","32768","10511AA63DFBD9C0DDBFEFE36068740103D4BA1116E214154A0772057D7E9314","x86-bcj-zstd","9","22464","4016EAEC568FB5ACDAF894D1E72D6F48100646832261C094BDFEC6804712B2BD","10511AA63DFBD9C0DDBFEFE36068740103D4BA1116E214154A0772057D7E9314","74FF260A939B01673667723D8351AAEDB679339610009ECB23C70E373B862D9F","E:\MIXER\hybridzip\results\experiments\hybridzip-r2-forced-oracle-current-320dd1b-x86-bcj-zstd"
"xml","32","32768","C2F7F129956F8D6FC3D0E3595D93F98D5270B6F5BC4AB5E70F45867822EFDD71","x86-bcj-zstd","9","2713","8066C37204131DE6AEA38EFB63FACCF83021290EF1D485A9E71D946E5DCFB7AC","C2F7F129956F8D6FC3D0E3595D93F98D5270B6F5BC4AB5E70F45867822EFDD71","74FF260A939B01673667723D8351AAEDB679339610009ECB23C70E373B862D9F","E:\MIXER\hybridzip\results\experiments\hybridzip-r2-forced-oracle-current-320dd1b-x86-bcj-zstd"
"dickens","32","32768","FC42DCB9849222C8704C9DCAE606D075B389B66244FB215035148D6409EC0B31","shuffle-zstd","10","17630","D9B594DF066C2C7712DA62333204C9678434D094155695462C6ED1E2C6F7BCB9","FC42DCB9849222C8704C9DCAE606D075B389B66244FB215035148D6409EC0B31","74FF260A939B01673667723D8351AAEDB679339610009ECB23C70E373B862D9F","E:\MIXER\hybridzip\results\experiments\hybridzip-r2-forced-oracle-current-320dd1b-shuffle-zstd"
"mozilla","32","32768","9DDEEF36CA0CA55B72FE3376D005926DFF3400A2ADE6EAE18482D8017D8645DB","shuffle-zstd","10","11220","2CD1DE6012A71A865F9A2757D24A0EE9B7AACFB0CD794C4D23B49400AAFCDFA9","9DDEEF36CA0CA55B72FE3376D005926DFF3400A2ADE6EAE18482D8017D8645DB","74FF260A939B01673667723D8351AAEDB679339610009ECB23C70E373B862D9F","E:\MIXER\hybridzip\results\experiments\hybridzip-r2-forced-oracle-current-320dd1b-shuffle-zstd"
"mr","32","32768","3BB287B0AF65F777AB00C14E362B4D1962087260556001BBEE0689AA10D9F76A","shuffle-zstd","10","7493","323A5253EC2B00FE461DC8FED4D88876ACA6103FF07CA80A11428A5A9F15D815","3BB287B0AF65F777AB00C14E362B4D1962087260556001BBEE0689AA10D9F76A","74FF260A939B01673667723D8351AAEDB679339610009ECB23C70E373B862D9F","E:\MIXER\hybridzip\results\experiments\hybridzip-r2-forced-oracle-current-320dd1b-shuffle-zstd"
"nci","32","32768","0D3034FE8B0E573DE1439ED98CE409B83B13E5895085C9BFB0BF980F4962FB79","shuffle-zstd","10","2760","3480CFDB28972A27CCE53E55FB6736A0C4601E80015C8B807719FB02EC147137","0D3034FE8B0E573DE1439ED98CE409B83B13E5895085C9BFB0BF980F4962FB79","74FF260A939B01673667723D8351AAEDB679339610009ECB23C70E373B862D9F","E:\MIXER\hybridzip\results\experiments\hybridzip-r2-forced-oracle-current-320dd1b-shuffle-zstd"
"ooffice","32","32768","2ACF9B4CAAEAC5814CDFEF0FA48A5ECE857C847DBDB7B44EEAB95CA3C098921C","shuffle-zstd","10","15433","58173BACAAE5B5A1B9BB5ED7EFAB59B389F43724776F723D4E6AB6BB61F50BCC","2ACF9B4CAAEAC5814CDFEF0FA48A5ECE857C847DBDB7B44EEAB95CA3C098921C","74FF260A939B01673667723D8351AAEDB679339610009ECB23C70E373B862D9F","E:\MIXER\hybridzip\results\experiments\hybridzip-r2-forced-oracle-current-320dd1b-shuffle-zstd"
"osdb","32","32768","03B2C20B777682CD960BCD893D7A4463161D9C0200FD1708B2EFAE32A259D0B7","shuffle-zstd","10","17796","258A5E616EACB3441FFB4C21B9673F5FA3755B05D4C07222B9AB9F737B8FC34E","03B2C20B777682CD960BCD893D7A4463161D9C0200FD1708B2EFAE32A259D0B7","74FF260A939B01673667723D8351AAEDB679339610009ECB23C70E373B862D9F","E:\MIXER\hybridzip\results\experiments\hybridzip-r2-forced-oracle-current-320dd1b-shuffle-zstd"
"reymont","32","32768","9D5E4B9340C2260DAE7DDB01B3EDA58236FF2DE5E1FF4D56767AA840B6FB1A87","shuffle-zstd","10","13009","D86E803E0FC2469A2ACADF7FF4BEB524ADAFDF6C1E865152C1A4E817A1BF163E","9D5E4B9340C2260DAE7DDB01B3EDA58236FF2DE5E1FF4D56767AA840B6FB1A87","74FF260A939B01673667723D8351AAEDB679339610009ECB23C70E373B862D9F","E:\MIXER\hybridzip\results\experiments\hybridzip-r2-forced-oracle-current-320dd1b-shuffle-zstd"
"samba","32","32768","9C4F5BEE544E4531E4946E62F796987418B4526911C34877EF282F14DD57AD12","shuffle-zstd","10","14970","A3AC26AE39FD3CC8284FE2119DD44F71F6BECE694AAB882BA0B3BE91750E5640","9C4F5BEE544E4531E4946E62F796987418B4526911C34877EF282F14DD57AD12","74FF260A939B01673667723D8351AAEDB679339610009ECB23C70E373B862D9F","E:\MIXER\hybridzip\results\experiments\hybridzip-r2-forced-oracle-current-320dd1b-shuffle-zstd"
"sao","32","32768","95677430CAD4F000506BC5EE22815C3F4E13D64B477ED506B78D5D9ACFB50CCD","shuffle-zstd","10","27721","4F8C1823B5A084B524C24B689F15A5ECD8A90D345F1A9E500247704C74E27457","95677430CAD4F000506BC5EE22815C3F4E13D64B477ED506B78D5D9ACFB50CCD","74FF260A939B01673667723D8351AAEDB679339610009ECB23C70E373B862D9F","E:\MIXER\hybridzip\results\experiments\hybridzip-r2-forced-oracle-current-320dd1b-shuffle-zstd"
"webster","32","32768","774D224695AF4057353F72602BB96CD2AFEEA059AC7737535645F11596FCA85E","shuffle-zstd","10","16844","41177F6C93890B6557A0DF70373E9B836D370D375499CCA5E06E3F44274B96FA","774D224695AF4057353F72602BB96CD2AFEEA059AC7737535645F11596FCA85E","74FF260A939B01673667723D8351AAEDB679339610009ECB23C70E373B862D9F","E:\MIXER\hybridzip\results\experiments\hybridzip-r2-forced-oracle-current-320dd1b-shuffle-zstd"
"x-ray","32","32768","10511AA63DFBD9C0DDBFEFE36068740103D4BA1116E214154A0772057D7E9314","shuffle-zstd","10","17977","0D1924D80C01392D8E078F4EEA3820BDFF75B983E03B3FA4CEEEA5FA1D036D7A","10511AA63DFBD9C0DDBFEFE36068740103D4BA1116E214154A0772057D7E9314","74FF260A939B01673667723D8351AAEDB679339610009ECB23C70E373B862D9F","E:\MIXER\hybridzip\results\experiments\hybridzip-r2-forced-oracle-current-320dd1b-shuffle-zstd"
"xml","32","32768","C2F7F129956F8D6FC3D0E3595D93F98D5270B6F5BC4AB5E70F45867822EFDD71","shuffle-zstd","10","3483","8EFF615930B3F44449EFE70C0C8A6F2A9744156058D60C95512D555D93DBFCA1","C2F7F129956F8D6FC3D0E3595D93F98D5270B6F5BC4AB5E70F45867822EFDD71","74FF260A939B01673667723D8351AAEDB679339610009ECB23C70E373B862D9F","E:\MIXER\hybridzip\results\experiments\hybridzip-r2-forced-oracle-current-320dd1b-shuffle-zstd"
"dickens","32","32768","FC42DCB9849222C8704C9DCAE606D075B389B66244FB215035148D6409EC0B31","bitshuffle-zstd","11","25969","868E768A97E7482BDA6DC97F77A2B4BB57C38380B3EB29E2A65DEC9E24C55D2E","FC42DCB9849222C8704C9DCAE606D075B389B66244FB215035148D6409EC0B31","74FF260A939B01673667723D8351AAEDB679339610009ECB23C70E373B862D9F","E:\MIXER\hybridzip\results\experiments\hybridzip-r2-forced-oracle-current-320dd1b-bitshuffle-zstd"
"mozilla","32","32768","9DDEEF36CA0CA55B72FE3376D005926DFF3400A2ADE6EAE18482D8017D8645DB","bitshuffle-zstd","11","17365","773EC067D8862B0A767B316CA3B64ABE84536D1FFF8F88757B307DAA7EA97FD7","9DDEEF36CA0CA55B72FE3376D005926DFF3400A2ADE6EAE18482D8017D8645DB","74FF260A939B01673667723D8351AAEDB679339610009ECB23C70E373B862D9F","E:\MIXER\hybridzip\results\experiments\hybridzip-r2-forced-oracle-current-320dd1b-bitshuffle-zstd"
"mr","32","32768","3BB287B0AF65F777AB00C14E362B4D1962087260556001BBEE0689AA10D9F76A","bitshuffle-zstd","11","7954","DD41A1E54E6DB1B64612933DD550C3DF88A1E0A340083BB909707962E5D16D2D","3BB287B0AF65F777AB00C14E362B4D1962087260556001BBEE0689AA10D9F76A","74FF260A939B01673667723D8351AAEDB679339610009ECB23C70E373B862D9F","E:\MIXER\hybridzip\results\experiments\hybridzip-r2-forced-oracle-current-320dd1b-bitshuffle-zstd"
"nci","32","32768","0D3034FE8B0E573DE1439ED98CE409B83B13E5895085C9BFB0BF980F4962FB79","bitshuffle-zstd","11","6587","1F59B18AB41D05BC76A5FAF62EC0995E4F58449A6CF1BCA9FAF00F28D92FB21D","0D3034FE8B0E573DE1439ED98CE409B83B13E5895085C9BFB0BF980F4962FB79","74FF260A939B01673667723D8351AAEDB679339610009ECB23C70E373B862D9F","E:\MIXER\hybridzip\results\experiments\hybridzip-r2-forced-oracle-current-320dd1b-bitshuffle-zstd"
"ooffice","32","32768","2ACF9B4CAAEAC5814CDFEF0FA48A5ECE857C847DBDB7B44EEAB95CA3C098921C","bitshuffle-zstd","11","25593","DAFA189556D0C2EBC9642D2E04D3747C875E609F2068AB784EB4A9067DBFA9ED","2ACF9B4CAAEAC5814CDFEF0FA48A5ECE857C847DBDB7B44EEAB95CA3C098921C","74FF260A939B01673667723D8351AAEDB679339610009ECB23C70E373B862D9F","E:\MIXER\hybridzip\results\experiments\hybridzip-r2-forced-oracle-current-320dd1b-bitshuffle-zstd"
"osdb","32","32768","03B2C20B777682CD960BCD893D7A4463161D9C0200FD1708B2EFAE32A259D0B7","bitshuffle-zstd","11","29581","DF5E9537A7220202A6CE5796FBE4EB326B45FCCB177FB32A6CD7BC64D5A7A9C5","03B2C20B777682CD960BCD893D7A4463161D9C0200FD1708B2EFAE32A259D0B7","74FF260A939B01673667723D8351AAEDB679339610009ECB23C70E373B862D9F","E:\MIXER\hybridzip\results\experiments\hybridzip-r2-forced-oracle-current-320dd1b-bitshuffle-zstd"
"reymont","32","32768","9D5E4B9340C2260DAE7DDB01B3EDA58236FF2DE5E1FF4D56767AA840B6FB1A87","bitshuffle-zstd","11","25429","768893E5F031CA69D002C917A7605CC2C3EC447657269A74014304CAFE116166","9D5E4B9340C2260DAE7DDB01B3EDA58236FF2DE5E1FF4D56767AA840B6FB1A87","74FF260A939B01673667723D8351AAEDB679339610009ECB23C70E373B862D9F","E:\MIXER\hybridzip\results\experiments\hybridzip-r2-forced-oracle-current-320dd1b-bitshuffle-zstd"
"samba","32","32768","9C4F5BEE544E4531E4946E62F796987418B4526911C34877EF282F14DD57AD12","bitshuffle-zstd","11","23428","4FF679F9A6D506F01454E0CF1BE30A7C7C17DBE4FAAB41F6DBFB97F6603A6850","9C4F5BEE544E4531E4946E62F796987418B4526911C34877EF282F14DD57AD12","74FF260A939B01673667723D8351AAEDB679339610009ECB23C70E373B862D9F","E:\MIXER\hybridzip\results\experiments\hybridzip-r2-forced-oracle-current-320dd1b-bitshuffle-zstd"
"sao","32","32768","95677430CAD4F000506BC5EE22815C3F4E13D64B477ED506B78D5D9ACFB50CCD","bitshuffle-zstd","11","31336","B2BD26EF9251B230FFE62B22F71224F5AA375A2F834F5C336AD593C69979FAE2","95677430CAD4F000506BC5EE22815C3F4E13D64B477ED506B78D5D9ACFB50CCD","74FF260A939B01673667723D8351AAEDB679339610009ECB23C70E373B862D9F","E:\MIXER\hybridzip\results\experiments\hybridzip-r2-forced-oracle-current-320dd1b-bitshuffle-zstd"
"webster","32","32768","774D224695AF4057353F72602BB96CD2AFEEA059AC7737535645F11596FCA85E","bitshuffle-zstd","11","26475","F87007AFA4149B8D0A7671F130133C15CF95BD9D7F46F3CB23C890C20AC9D525","774D224695AF4057353F72602BB96CD2AFEEA059AC7737535645F11596FCA85E","74FF260A939B01673667723D8351AAEDB679339610009ECB23C70E373B862D9F","E:\MIXER\hybridzip\results\experiments\hybridzip-r2-forced-oracle-current-320dd1b-bitshuffle-zstd"
"x-ray","32","32768","10511AA63DFBD9C0DDBFEFE36068740103D4BA1116E214154A0772057D7E9314","bitshuffle-zstd","11","17975","6B1EA13922E291A39F2CB094551DE7F8C9647798522E4D3504F2479DD73A2E6D","10511AA63DFBD9C0DDBFEFE36068740103D4BA1116E214154A0772057D7E9314","74FF260A939B01673667723D8351AAEDB679339610009ECB23C70E373B862D9F","E:\MIXER\hybridzip\results\experiments\hybridzip-r2-forced-oracle-current-320dd1b-bitshuffle-zstd"
"xml","32","32768","C2F7F129956F8D6FC3D0E3595D93F98D5270B6F5BC4AB5E70F45867822EFDD71","bitshuffle-zstd","11","17645","EE98A493680CF5CA7EBC68C890F944E344473C1402D2D8F7CA8E565726986D8A","C2F7F129956F8D6FC3D0E3595D93F98D5270B6F5BC4AB5E70F45867822EFDD71","74FF260A939B01673667723D8351AAEDB679339610009ECB23C70E373B862D9F","E:\MIXER\hybridzip\results\experiments\hybridzip-r2-forced-oracle-current-320dd1b-bitshuffle-zstd"
"dickens","32","32768","FC42DCB9849222C8704C9DCAE606D075B389B66244FB215035148D6409EC0B31","delta-zstd","12","15849","05B1C7467A8B5B521B499049AEAA9DC12FDD87D211B54B310F4B8B0DE27CCD49","FC42DCB9849222C8704C9DCAE606D075B389B66244FB215035148D6409EC0B31","74FF260A939B01673667723D8351AAEDB679339610009ECB23C70E373B862D9F","E:\MIXER\hybridzip\results\experiments\hybridzip-r2-forced-oracle-current-320dd1b-delta-zstd"
"mozilla","32","32768","9DDEEF36CA0CA55B72FE3376D005926DFF3400A2ADE6EAE18482D8017D8645DB","delta-zstd","12","12840","8C67BFF6B86DD12CB0B36C2A0DDAA26D8AE5BAD02B7CD85A1012F8A6FF1841DE","9DDEEF36CA0CA55B72FE3376D005926DFF3400A2ADE6EAE18482D8017D8645DB","74FF260A939B01673667723D8351AAEDB679339610009ECB23C70E373B862D9F","E:\MIXER\hybridzip\results\experiments\hybridzip-r2-forced-oracle-current-320dd1b-delta-zstd"
"mr","32","32768","3BB287B0AF65F777AB00C14E362B4D1962087260556001BBEE0689AA10D9F76A","delta-zstd","12","8838","776464E282F69406A10713E2BE838C21268CF7EB3104E30FC519FA653B6E8F7B","3BB287B0AF65F777AB00C14E362B4D1962087260556001BBEE0689AA10D9F76A","74FF260A939B01673667723D8351AAEDB679339610009ECB23C70E373B862D9F","E:\MIXER\hybridzip\results\experiments\hybridzip-r2-forced-oracle-current-320dd1b-delta-zstd"
"nci","32","32768","0D3034FE8B0E573DE1439ED98CE409B83B13E5895085C9BFB0BF980F4962FB79","delta-zstd","12","3002","41DBB9F828DA2E34E16D9FE4AD68DAD4053AF723A8D1A10A7A3544030B62C33C","0D3034FE8B0E573DE1439ED98CE409B83B13E5895085C9BFB0BF980F4962FB79","74FF260A939B01673667723D8351AAEDB679339610009ECB23C70E373B862D9F","E:\MIXER\hybridzip\results\experiments\hybridzip-r2-forced-oracle-current-320dd1b-delta-zstd"
"ooffice","32","32768","2ACF9B4CAAEAC5814CDFEF0FA48A5ECE857C847DBDB7B44EEAB95CA3C098921C","delta-zstd","12","16962","D63F14152193C80A49C97C25E962F3DDE72079381B4BA981750636F86BA9B4AD","2ACF9B4CAAEAC5814CDFEF0FA48A5ECE857C847DBDB7B44EEAB95CA3C098921C","74FF260A939B01673667723D8351AAEDB679339610009ECB23C70E373B862D9F","E:\MIXER\hybridzip\results\experiments\hybridzip-r2-forced-oracle-current-320dd1b-delta-zstd"
"osdb","32","32768","03B2C20B777682CD960BCD893D7A4463161D9C0200FD1708B2EFAE32A259D0B7","delta-zstd","12","17324","083AFE8E99AE32EB569EF9776AE11FCE53AA1DBA2B23EB9424F33E8FFE58B98D","03B2C20B777682CD960BCD893D7A4463161D9C0200FD1708B2EFAE32A259D0B7","74FF260A939B01673667723D8351AAEDB679339610009ECB23C70E373B862D9F","E:\MIXER\hybridzip\results\experiments\hybridzip-r2-forced-oracle-current-320dd1b-delta-zstd"
"reymont","32","32768","9D5E4B9340C2260DAE7DDB01B3EDA58236FF2DE5E1FF4D56767AA840B6FB1A87","delta-zstd","12","11100","5F41672B8EDC8E0909B789A670991F0DCC42B3615217994BB770BC43FA25936B","9D5E4B9340C2260DAE7DDB01B3EDA58236FF2DE5E1FF4D56767AA840B6FB1A87","74FF260A939B01673667723D8351AAEDB679339610009ECB23C70E373B862D9F","E:\MIXER\hybridzip\results\experiments\hybridzip-r2-forced-oracle-current-320dd1b-delta-zstd"
"samba","32","32768","9C4F5BEE544E4531E4946E62F796987418B4526911C34877EF282F14DD57AD12","delta-zstd","12","13148","04B8FD282F99DE51C29FAB6B506D1BF10DE42FB6BD582C6CF2F987CCB520D6C8","9C4F5BEE544E4531E4946E62F796987418B4526911C34877EF282F14DD57AD12","74FF260A939B01673667723D8351AAEDB679339610009ECB23C70E373B862D9F","E:\MIXER\hybridzip\results\experiments\hybridzip-r2-forced-oracle-current-320dd1b-delta-zstd"
"sao","32","32768","95677430CAD4F000506BC5EE22815C3F4E13D64B477ED506B78D5D9ACFB50CCD","delta-zstd","12","27206","AD07D00ACF5A9FBD2F2F52A0940FC67708CC40A2B3AF3B439E6EBAF94CABFB5D","95677430CAD4F000506BC5EE22815C3F4E13D64B477ED506B78D5D9ACFB50CCD","74FF260A939B01673667723D8351AAEDB679339610009ECB23C70E373B862D9F","E:\MIXER\hybridzip\results\experiments\hybridzip-r2-forced-oracle-current-320dd1b-delta-zstd"
"webster","32","32768","774D224695AF4057353F72602BB96CD2AFEEA059AC7737535645F11596FCA85E","delta-zstd","12","15520","1E42E61B358202E3CE4785A017C7A0418AE785E30EFF890EF50F5CEEC436CA36","774D224695AF4057353F72602BB96CD2AFEEA059AC7737535645F11596FCA85E","74FF260A939B01673667723D8351AAEDB679339610009ECB23C70E373B862D9F","E:\MIXER\hybridzip\results\experiments\hybridzip-r2-forced-oracle-current-320dd1b-delta-zstd"
"x-ray","32","32768","10511AA63DFBD9C0DDBFEFE36068740103D4BA1116E214154A0772057D7E9314","delta-zstd","12","20185","E83EF66B05A2FE5E4BA0DA3760E9FDEF1265A58EA2870E673B1155E1C28837DD","10511AA63DFBD9C0DDBFEFE36068740103D4BA1116E214154A0772057D7E9314","74FF260A939B01673667723D8351AAEDB679339610009ECB23C70E373B862D9F","E:\MIXER\hybridzip\results\experiments\hybridzip-r2-forced-oracle-current-320dd1b-delta-zstd"
"xml","32","32768","C2F7F129956F8D6FC3D0E3595D93F98D5270B6F5BC4AB5E70F45867822EFDD71","delta-zstd","12","3278","D62C63053578DC1165B44383AB8D2B29819E969A2F7F44E0D043BE50C285C318","C2F7F129956F8D6FC3D0E3595D93F98D5270B6F5BC4AB5E70F45867822EFDD71","74FF260A939B01673667723D8351AAEDB679339610009ECB23C70E373B862D9F","E:\MIXER\hybridzip\results\experiments\hybridzip-r2-forced-oracle-current-320dd1b-delta-zstd"
"dickens","32","32768","FC42DCB9849222C8704C9DCAE606D075B389B66244FB215035148D6409EC0B31","fastpfor","13","31886","7B0C5910E36BA6812F01874304E217C140F5835E6522303D799D333A1A6747A0","FC42DCB9849222C8704C9DCAE606D075B389B66244FB215035148D6409EC0B31","74FF260A939B01673667723D8351AAEDB679339610009ECB23C70E373B862D9F","E:\MIXER\hybridzip\results\experiments\hybridzip-r2-forced-oracle-current-320dd1b-fastpfor"
"mozilla","32","32768","9DDEEF36CA0CA55B72FE3376D005926DFF3400A2ADE6EAE18482D8017D8645DB","fastpfor","13","25926","502135D31A5AF7C4685D882D257C3DF9EAB85EBE90B18B014FFA8BC333DE4E23","9DDEEF36CA0CA55B72FE3376D005926DFF3400A2ADE6EAE18482D8017D8645DB","74FF260A939B01673667723D8351AAEDB679339610009ECB23C70E373B862D9F","E:\MIXER\hybridzip\results\experiments\hybridzip-r2-forced-oracle-current-320dd1b-fastpfor"
"mr","32","32768","3BB287B0AF65F777AB00C14E362B4D1962087260556001BBEE0689AA10D9F76A","fastpfor","13","20874","356CB15C1D21FFBA1617C57E5A1665E7E2CBBF4AC03A671FE3BA5A2F584250B0","3BB287B0AF65F777AB00C14E362B4D1962087260556001BBEE0689AA10D9F76A","74FF260A939B01673667723D8351AAEDB679339610009ECB23C70E373B862D9F","E:\MIXER\hybridzip\results\experiments\hybridzip-r2-forced-oracle-current-320dd1b-fastpfor"
"nci","32","32768","0D3034FE8B0E573DE1439ED98CE409B83B13E5895085C9BFB0BF980F4962FB79","fastpfor","13","31066","0B08E4B0232049D4970A6FD4FDB6DFE1ABFDE85A49054B003B829D38A40F4E88","0D3034FE8B0E573DE1439ED98CE409B83B13E5895085C9BFB0BF980F4962FB79","74FF260A939B01673667723D8351AAEDB679339610009ECB23C70E373B862D9F","E:\MIXER\hybridzip\results\experiments\hybridzip-r2-forced-oracle-current-320dd1b-fastpfor"
"ooffice","32","32768","2ACF9B4CAAEAC5814CDFEF0FA48A5ECE857C847DBDB7B44EEAB95CA3C098921C","fastpfor","13","29446","3794147FA08943E1B26EA73535332131CF8EE0029C59264EE78B5AB326039ECB","2ACF9B4CAAEAC5814CDFEF0FA48A5ECE857C847DBDB7B44EEAB95CA3C098921C","74FF260A939B01673667723D8351AAEDB679339610009ECB23C70E373B862D9F","E:\MIXER\hybridzip\results\experiments\hybridzip-r2-forced-oracle-current-320dd1b-fastpfor"
"osdb","32","32768","03B2C20B777682CD960BCD893D7A4463161D9C0200FD1708B2EFAE32A259D0B7","fastpfor","13","32478","0B8345C8E669D02456E2E87F5E88271FBE9C44FDFF3A7D89732D5D3BDEA3203F","03B2C20B777682CD960BCD893D7A4463161D9C0200FD1708B2EFAE32A259D0B7","74FF260A939B01673667723D8351AAEDB679339610009ECB23C70E373B862D9F","E:\MIXER\hybridzip\results\experiments\hybridzip-r2-forced-oracle-current-320dd1b-fastpfor"
"reymont","32","32768","9D5E4B9340C2260DAE7DDB01B3EDA58236FF2DE5E1FF4D56767AA840B6FB1A87","fastpfor","13","31886","43E3BA4169CCAB00808615CCF6E546379FC656BC0988412B61A7B211FBC00321","9D5E4B9340C2260DAE7DDB01B3EDA58236FF2DE5E1FF4D56767AA840B6FB1A87","74FF260A939B01673667723D8351AAEDB679339610009ECB23C70E373B862D9F","E:\MIXER\hybridzip\results\experiments\hybridzip-r2-forced-oracle-current-320dd1b-fastpfor"
"samba","32","32768","9C4F5BEE544E4531E4946E62F796987418B4526911C34877EF282F14DD57AD12","fastpfor","13","29454","1505BCDC96DEA7CE90F7C1C2738417265378E7ADADE06CA7C37AD34E93C81C32","9C4F5BEE544E4531E4946E62F796987418B4526911C34877EF282F14DD57AD12","74FF260A939B01673667723D8351AAEDB679339610009ECB23C70E373B862D9F","E:\MIXER\hybridzip\results\experiments\hybridzip-r2-forced-oracle-current-320dd1b-fastpfor"
"sao","32","32768","95677430CAD4F000506BC5EE22815C3F4E13D64B477ED506B78D5D9ACFB50CCD","fastpfor","13","32910","13396A829E2F29D59C5CEF66B158892EFAD4398CD466E104C5C2CC26B81DFA67","95677430CAD4F000506BC5EE22815C3F4E13D64B477ED506B78D5D9ACFB50CCD","74FF260A939B01673667723D8351AAEDB679339610009ECB23C70E373B862D9F","E:\MIXER\hybridzip\results\experiments\hybridzip-r2-forced-oracle-current-320dd1b-fastpfor"
"webster","32","32768","774D224695AF4057353F72602BB96CD2AFEEA059AC7737535645F11596FCA85E","fastpfor","13","31886","F08185D3650B32BCF8C291ACBBF9BB8625061D3B8E9F07B14698767F3CA5BE5E","774D224695AF4057353F72602BB96CD2AFEEA059AC7737535645F11596FCA85E","74FF260A939B01673667723D8351AAEDB679339610009ECB23C70E373B862D9F","E:\MIXER\hybridzip\results\experiments\hybridzip-r2-forced-oracle-current-320dd1b-fastpfor"
"x-ray","32","32768","10511AA63DFBD9C0DDBFEFE36068740103D4BA1116E214154A0772057D7E9314","fastpfor","13","28574","50713D48452DE433AE914E9071E716C50F89B781CAD3896878D600E431821BB4","10511AA63DFBD9C0DDBFEFE36068740103D4BA1116E214154A0772057D7E9314","74FF260A939B01673667723D8351AAEDB679339610009ECB23C70E373B862D9F","E:\MIXER\hybridzip\results\experiments\hybridzip-r2-forced-oracle-current-320dd1b-fastpfor"
"xml","32","32768","C2F7F129956F8D6FC3D0E3595D93F98D5270B6F5BC4AB5E70F45867822EFDD71","fastpfor","13","31638","D53CAD3AA1206942BC1CEA168A8FAD86536194CB4284E7F9B8931C43D38C89DE","C2F7F129956F8D6FC3D0E3595D93F98D5270B6F5BC4AB5E70F45867822EFDD71","74FF260A939B01673667723D8351AAEDB679339610009ECB23C70E373B862D9F","E:\MIXER\hybridzip\results\experiments\hybridzip-r2-forced-oracle-current-320dd1b-fastpfor"
"dickens","32","32768","FC42DCB9849222C8704C9DCAE606D075B389B66244FB215035148D6409EC0B31","rans","14","19469","44C823226D323C4A35ACCBE82601D240B3C0C3348A9CDF754BF4F79A15F8F071","FC42DCB9849222C8704C9DCAE606D075B389B66244FB215035148D6409EC0B31","74FF260A939B01673667723D8351AAEDB679339610009ECB23C70E373B862D9F","E:\MIXER\hybridzip\results\experiments\hybridzip-r2-forced-oracle-current-320dd1b-rans"
"mozilla","32","32768","9DDEEF36CA0CA55B72FE3376D005926DFF3400A2ADE6EAE18482D8017D8645DB","rans","14","21742","CB64BDA3EC9B5EF6F46A7463322DA2CA043B07557AC6E76D7BFFB357E6E7F6E0","9DDEEF36CA0CA55B72FE3376D005926DFF3400A2ADE6EAE18482D8017D8645DB","74FF260A939B01673667723D8351AAEDB679339610009ECB23C70E373B862D9F","E:\MIXER\hybridzip\results\experiments\hybridzip-r2-forced-oracle-current-320dd1b-rans"
"mr","32","32768","3BB287B0AF65F777AB00C14E362B4D1962087260556001BBEE0689AA10D9F76A","rans","14","12528","BFCAF9F16326D74BB93FC79A23F5BE2F7805F522959ED61A918F3F4F719373C4","3BB287B0AF65F777AB00C14E362B4D1962087260556001BBEE0689AA10D9F76A","74FF260A939B01673667723D8351AAEDB679339610009ECB23C70E373B862D9F","E:\MIXER\hybridzip\results\experiments\hybridzip-r2-forced-oracle-current-320dd1b-rans"
"nci","32","32768","0D3034FE8B0E573DE1439ED98CE409B83B13E5895085C9BFB0BF980F4962FB79","rans","14","10095","A47B965B4815F8EDE1843A264577B10159CFC8F40430388A50142D92063292FA","0D3034FE8B0E573DE1439ED98CE409B83B13E5895085C9BFB0BF980F4962FB79","74FF260A939B01673667723D8351AAEDB679339610009ECB23C70E373B862D9F","E:\MIXER\hybridzip\results\experiments\hybridzip-r2-forced-oracle-current-320dd1b-rans"
"ooffice","32","32768","2ACF9B4CAAEAC5814CDFEF0FA48A5ECE857C847DBDB7B44EEAB95CA3C098921C","rans","14","25655","570E38108AF62D0D86D2E53D602CCD2D65875B778251B32E99B48971E5E6EF26","2ACF9B4CAAEAC5814CDFEF0FA48A5ECE857C847DBDB7B44EEAB95CA3C098921C","74FF260A939B01673667723D8351AAEDB679339610009ECB23C70E373B862D9F","E:\MIXER\hybridzip\results\experiments\hybridzip-r2-forced-oracle-current-320dd1b-rans"
"osdb","32","32768","03B2C20B777682CD960BCD893D7A4463161D9C0200FD1708B2EFAE32A259D0B7","rans","14","27825","14619FD09F7344FCC5D4E982AD8AF7219803DE1D8C56A552F124DAD2B49F1A29","03B2C20B777682CD960BCD893D7A4463161D9C0200FD1708B2EFAE32A259D0B7","74FF260A939B01673667723D8351AAEDB679339610009ECB23C70E373B862D9F","E:\MIXER\hybridzip\results\experiments\hybridzip-r2-forced-oracle-current-320dd1b-rans"
"reymont","32","32768","9D5E4B9340C2260DAE7DDB01B3EDA58236FF2DE5E1FF4D56767AA840B6FB1A87","rans","14","20482","68F49F4FE0A932DB232EFB87ED994AF658D493F4F310DA8AB15AA9CC73423E83","9D5E4B9340C2260DAE7DDB01B3EDA58236FF2DE5E1FF4D56767AA840B6FB1A87","74FF260A939B01673667723D8351AAEDB679339610009ECB23C70E373B862D9F","E:\MIXER\hybridzip\results\experiments\hybridzip-r2-forced-oracle-current-320dd1b-rans"
"samba","32","32768","9C4F5BEE544E4531E4946E62F796987418B4526911C34877EF282F14DD57AD12","rans","14","20094","96E132A409DA5B2DBD407316D09742D3F3DDA72BB2749F6DD3DE4614445EE468","9C4F5BEE544E4531E4946E62F796987418B4526911C34877EF282F14DD57AD12","74FF260A939B01673667723D8351AAEDB679339610009ECB23C70E373B862D9F","E:\MIXER\hybridzip\results\experiments\hybridzip-r2-forced-oracle-current-320dd1b-rans"
"sao","32","32768","95677430CAD4F000506BC5EE22815C3F4E13D64B477ED506B78D5D9ACFB50CCD","rans","14","30960","3EFBDBD95392BDB2D832E72AC0AD77CCF3776F74384DE37A117C074F0D4DA99F","95677430CAD4F000506BC5EE22815C3F4E13D64B477ED506B78D5D9ACFB50CCD","74FF260A939B01673667723D8351AAEDB679339610009ECB23C70E373B862D9F","E:\MIXER\hybridzip\results\experiments\hybridzip-r2-forced-oracle-current-320dd1b-rans"
"webster","32","32768","774D224695AF4057353F72602BB96CD2AFEEA059AC7737535645F11596FCA85E","rans","14","21165","CC20D00558C3827D9472A55179018EA56B512B749827191B9A55CE36D1BBC170","774D224695AF4057353F72602BB96CD2AFEEA059AC7737535645F11596FCA85E","74FF260A939B01673667723D8351AAEDB679339610009ECB23C70E373B862D9F","E:\MIXER\hybridzip\results\experiments\hybridzip-r2-forced-oracle-current-320dd1b-rans"
"x-ray","32","32768","10511AA63DFBD9C0DDBFEFE36068740103D4BA1116E214154A0772057D7E9314","rans","14","27517","3C7AA2BF01CDE308B2F659B205AD4C48D5B7CFCDA88ADD0444B27D75360CD10E","10511AA63DFBD9C0DDBFEFE36068740103D4BA1116E214154A0772057D7E9314","74FF260A939B01673667723D8351AAEDB679339610009ECB23C70E373B862D9F","E:\MIXER\hybridzip\results\experiments\hybridzip-r2-forced-oracle-current-320dd1b-rans"
"xml","32","32768","C2F7F129956F8D6FC3D0E3595D93F98D5270B6F5BC4AB5E70F45867822EFDD71","rans","14","21775","2D7F67207435176E82571C8D5754D6277B0E93851DA2A8E843EE8409509E8346","C2F7F129956F8D6FC3D0E3595D93F98D5270B6F5BC4AB5E70F45867822EFDD71","74FF260A939B01673667723D8351AAEDB679339610009ECB23C70E373B862D9F","E:\MIXER\hybridzip\results\experiments\hybridzip-r2-forced-oracle-current-320dd1b-rans"
"dickens","32","32768","FC42DCB9849222C8704C9DCAE606D075B389B66244FB215035148D6409EC0B31","bcj2-zstd","15","13238","899C04379749EE3962FE34208286CB354C523522DBFA0E02BCD4BDF99ADC7242","FC42DCB9849222C8704C9DCAE606D075B389B66244FB215035148D6409EC0B31","74FF260A939B01673667723D8351AAEDB679339610009ECB23C70E373B862D9F","E:\MIXER\hybridzip\results\experiments\hybridzip-r2-forced-oracle-current-320dd1b-bcj2-zstd"
"mozilla","32","32768","9DDEEF36CA0CA55B72FE3376D005926DFF3400A2ADE6EAE18482D8017D8645DB","bcj2-zstd","15","9579","BB50BDF8167F1C483990FE8FD1967770FFAB91E2E72D9FBADF4B43F00B3C44A0","9DDEEF36CA0CA55B72FE3376D005926DFF3400A2ADE6EAE18482D8017D8645DB","74FF260A939B01673667723D8351AAEDB679339610009ECB23C70E373B862D9F","E:\MIXER\hybridzip\results\experiments\hybridzip-r2-forced-oracle-current-320dd1b-bcj2-zstd"
"mr","32","32768","3BB287B0AF65F777AB00C14E362B4D1962087260556001BBEE0689AA10D9F76A","bcj2-zstd","15","7972","14A62278845CB023A61871F0C7BF4091D52143A6B85E825DFE7D5D063AB1C23A","3BB287B0AF65F777AB00C14E362B4D1962087260556001BBEE0689AA10D9F76A","74FF260A939B01673667723D8351AAEDB679339610009ECB23C70E373B862D9F","E:\MIXER\hybridzip\results\experiments\hybridzip-r2-forced-oracle-current-320dd1b-bcj2-zstd"
"nci","32","32768","0D3034FE8B0E573DE1439ED98CE409B83B13E5895085C9BFB0BF980F4962FB79","bcj2-zstd","15","2505","0B9D9ED62BD99FEA0652CB7BDDFAF45E7329FF107B9D7468799AF9457DA2CB2D","0D3034FE8B0E573DE1439ED98CE409B83B13E5895085C9BFB0BF980F4962FB79","74FF260A939B01673667723D8351AAEDB679339610009ECB23C70E373B862D9F","E:\MIXER\hybridzip\results\experiments\hybridzip-r2-forced-oracle-current-320dd1b-bcj2-zstd"
"ooffice","32","32768","2ACF9B4CAAEAC5814CDFEF0FA48A5ECE857C847DBDB7B44EEAB95CA3C098921C","bcj2-zstd","15","12934","0D4F7C0128571FD2EDFFF2376A73324D26D55A6CC1D1DE449DC80A1F48549640","2ACF9B4CAAEAC5814CDFEF0FA48A5ECE857C847DBDB7B44EEAB95CA3C098921C","74FF260A939B01673667723D8351AAEDB679339610009ECB23C70E373B862D9F","E:\MIXER\hybridzip\results\experiments\hybridzip-r2-forced-oracle-current-320dd1b-bcj2-zstd"
"osdb","32","32768","03B2C20B777682CD960BCD893D7A4463161D9C0200FD1708B2EFAE32A259D0B7","bcj2-zstd","15","15154","81C49D65CFA57591AE753D60EAB217BF8692025D10BACB335594E87E48392236","03B2C20B777682CD960BCD893D7A4463161D9C0200FD1708B2EFAE32A259D0B7","74FF260A939B01673667723D8351AAEDB679339610009ECB23C70E373B862D9F","E:\MIXER\hybridzip\results\experiments\hybridzip-r2-forced-oracle-current-320dd1b-bcj2-zstd"
"reymont","32","32768","9D5E4B9340C2260DAE7DDB01B3EDA58236FF2DE5E1FF4D56767AA840B6FB1A87","bcj2-zstd","15","9127","18C210510E50170E19C67ED76BFC93D4778E4C4528E0015AA2FB891140B2B402","9D5E4B9340C2260DAE7DDB01B3EDA58236FF2DE5E1FF4D56767AA840B6FB1A87","74FF260A939B01673667723D8351AAEDB679339610009ECB23C70E373B862D9F","E:\MIXER\hybridzip\results\experiments\hybridzip-r2-forced-oracle-current-320dd1b-bcj2-zstd"
"samba","32","32768","9C4F5BEE544E4531E4946E62F796987418B4526911C34877EF282F14DD57AD12","bcj2-zstd","15","11047","2BC83683100B6AB38309ADA7038E3E5A894842BEC04D829930CC8987D0CC7A3F","9C4F5BEE544E4531E4946E62F796987418B4526911C34877EF282F14DD57AD12","74FF260A939B01673667723D8351AAEDB679339610009ECB23C70E373B862D9F","E:\MIXER\hybridzip\results\experiments\hybridzip-r2-forced-oracle-current-320dd1b-bcj2-zstd"
"sao","32","32768","95677430CAD4F000506BC5EE22815C3F4E13D64B477ED506B78D5D9ACFB50CCD","bcj2-zstd","15","24447","D1B468B6FA1494F13DDD25C266DED1C3A5D4DA147DCF4A61821CD6C398EF44EF","95677430CAD4F000506BC5EE22815C3F4E13D64B477ED506B78D5D9ACFB50CCD","74FF260A939B01673667723D8351AAEDB679339610009ECB23C70E373B862D9F","E:\MIXER\hybridzip\results\experiments\hybridzip-r2-forced-oracle-current-320dd1b-bcj2-zstd"
"webster","32","32768","774D224695AF4057353F72602BB96CD2AFEEA059AC7737535645F11596FCA85E","bcj2-zstd","15","12792","A3FDC14BC10804E17244F3C124873DE7B2E266976FF38DD23C91F277F299F43C","774D224695AF4057353F72602BB96CD2AFEEA059AC7737535645F11596FCA85E","74FF260A939B01673667723D8351AAEDB679339610009ECB23C70E373B862D9F","E:\MIXER\hybridzip\results\experiments\hybridzip-r2-forced-oracle-current-320dd1b-bcj2-zstd"
"x-ray","32","32768","10511AA63DFBD9C0DDBFEFE36068740103D4BA1116E214154A0772057D7E9314","bcj2-zstd","15","22430","F38A71420D872E40AE2E054AADC3EAB211DFE89BC59D3EEB307A888B951FE2FC","10511AA63DFBD9C0DDBFEFE36068740103D4BA1116E214154A0772057D7E9314","74FF260A939B01673667723D8351AAEDB679339610009ECB23C70E373B862D9F","E:\MIXER\hybridzip\results\experiments\hybridzip-r2-forced-oracle-current-320dd1b-bcj2-zstd"
"xml","32","32768","C2F7F129956F8D6FC3D0E3595D93F98D5270B6F5BC4AB5E70F45867822EFDD71","bcj2-zstd","15","2734","83CF40409EBDD0C354E2508E9417F3754FE5F74B30FB4DF6281422125B3DD763","C2F7F129956F8D6FC3D0E3595D93F98D5270B6F5BC4AB5E70F45867822EFDD71","74FF260A939B01673667723D8351AAEDB679339610009ECB23C70E373B862D9F","E:\MIXER\hybridzip\results\experiments\hybridzip-r2-forced-oracle-current-320dd1b-bcj2-zstd"
"dickens","32","32768","FC42DCB9849222C8704C9DCAE606D075B389B66244FB215035148D6409EC0B31","record-transpose-zstd","16","19532","095EBD3C0DB824A9F47AD4771FDA0F7E95E076E572715A895632C0F604E8691C","FC42DCB9849222C8704C9DCAE606D075B389B66244FB215035148D6409EC0B31","74FF260A939B01673667723D8351AAEDB679339610009ECB23C70E373B862D9F","E:\MIXER\hybridzip\results\experiments\hybridzip-r2-forced-oracle-current-320dd1b-record-transpose-zstd"
"mozilla","32","32768","9DDEEF36CA0CA55B72FE3376D005926DFF3400A2ADE6EAE18482D8017D8645DB","record-transpose-zstd","16","14402","B427415322FFAD213F78CD57B58D64F41E4B514FBFD7D75130259FD64EB5F0D0","9DDEEF36CA0CA55B72FE3376D005926DFF3400A2ADE6EAE18482D8017D8645DB","74FF260A939B01673667723D8351AAEDB679339610009ECB23C70E373B862D9F","E:\MIXER\hybridzip\results\experiments\hybridzip-r2-forced-oracle-current-320dd1b-record-transpose-zstd"
"mr","32","32768","3BB287B0AF65F777AB00C14E362B4D1962087260556001BBEE0689AA10D9F76A","record-transpose-zstd","16","9086","FE3FFAA952BC7BC7E2EC54783B5D9B5112FAEBC9F46E5F8D9E16C2BEC7929ACC","3BB287B0AF65F777AB00C14E362B4D1962087260556001BBEE0689AA10D9F76A","74FF260A939B01673667723D8351AAEDB679339610009ECB23C70E373B862D9F","E:\MIXER\hybridzip\results\experiments\hybridzip-r2-forced-oracle-current-320dd1b-record-transpose-zstd"
"nci","32","32768","0D3034FE8B0E573DE1439ED98CE409B83B13E5895085C9BFB0BF980F4962FB79","record-transpose-zstd","16","4718","3A249D1060B344DE9EF6B6D63DB70DA978DF141FE558059C60D955C249D4BE06","0D3034FE8B0E573DE1439ED98CE409B83B13E5895085C9BFB0BF980F4962FB79","74FF260A939B01673667723D8351AAEDB679339610009ECB23C70E373B862D9F","E:\MIXER\hybridzip\results\experiments\hybridzip-r2-forced-oracle-current-320dd1b-record-transpose-zstd"
"ooffice","32","32768","2ACF9B4CAAEAC5814CDFEF0FA48A5ECE857C847DBDB7B44EEAB95CA3C098921C","record-transpose-zstd","16","20800","D35D2B8884F82D1AB0091864B8BD8E4B8138BAC3F4FA9513DB3B30FBBE4DA407","2ACF9B4CAAEAC5814CDFEF0FA48A5ECE857C847DBDB7B44EEAB95CA3C098921C","74FF260A939B01673667723D8351AAEDB679339610009ECB23C70E373B862D9F","E:\MIXER\hybridzip\results\experiments\hybridzip-r2-forced-oracle-current-320dd1b-record-transpose-zstd"
"osdb","32","32768","03B2C20B777682CD960BCD893D7A4463161D9C0200FD1708B2EFAE32A259D0B7","record-transpose-zstd","16","26493","B1841C95C50B7B6F1DC2A973961420A8B57DAF266A88A5FFDAC3446E088F4680","03B2C20B777682CD960BCD893D7A4463161D9C0200FD1708B2EFAE32A259D0B7","74FF260A939B01673667723D8351AAEDB679339610009ECB23C70E373B862D9F","E:\MIXER\hybridzip\results\experiments\hybridzip-r2-forced-oracle-current-320dd1b-record-transpose-zstd"
"reymont","32","32768","9D5E4B9340C2260DAE7DDB01B3EDA58236FF2DE5E1FF4D56767AA840B6FB1A87","record-transpose-zstd","16","18766","400530FFABC42A5579CB2D7EA2226E0226F8EF62F7C3C79E08E30937F81FB903","9D5E4B9340C2260DAE7DDB01B3EDA58236FF2DE5E1FF4D56767AA840B6FB1A87","74FF260A939B01673667723D8351AAEDB679339610009ECB23C70E373B862D9F","E:\MIXER\hybridzip\results\experiments\hybridzip-r2-forced-oracle-current-320dd1b-record-transpose-zstd"
"samba","32","32768","9C4F5BEE544E4531E4946E62F796987418B4526911C34877EF282F14DD57AD12","record-transpose-zstd","16","18402","C6172B19587ED46DFA49073EEF2DA04B30FC271BC73B147F43C9CB4CCBF674D9","9C4F5BEE544E4531E4946E62F796987418B4526911C34877EF282F14DD57AD12","74FF260A939B01673667723D8351AAEDB679339610009ECB23C70E373B862D9F","E:\MIXER\hybridzip\results\experiments\hybridzip-r2-forced-oracle-current-320dd1b-record-transpose-zstd"
"sao","32","32768","95677430CAD4F000506BC5EE22815C3F4E13D64B477ED506B78D5D9ACFB50CCD","record-transpose-zstd","16","29064","47D7DA5FDBB1C67E5255F6E28FA87383360F49400D5A40446C9D3FDF8A9D49A0","95677430CAD4F000506BC5EE22815C3F4E13D64B477ED506B78D5D9ACFB50CCD","74FF260A939B01673667723D8351AAEDB679339610009ECB23C70E373B862D9F","E:\MIXER\hybridzip\results\experiments\hybridzip-r2-forced-oracle-current-320dd1b-record-transpose-zstd"
"webster","32","32768","774D224695AF4057353F72602BB96CD2AFEEA059AC7737535645F11596FCA85E","record-transpose-zstd","16","21114","4E84313DF436B69A22520425CFBC33896E818B0057692230BEAF41EB3671F0BA","774D224695AF4057353F72602BB96CD2AFEEA059AC7737535645F11596FCA85E","74FF260A939B01673667723D8351AAEDB679339610009ECB23C70E373B862D9F","E:\MIXER\hybridzip\results\experiments\hybridzip-r2-forced-oracle-current-320dd1b-record-transpose-zstd"
"x-ray","32","32768","10511AA63DFBD9C0DDBFEFE36068740103D4BA1116E214154A0772057D7E9314","record-transpose-zstd","16","18829","F44DEBC8029460AE3522F97230BD1590A03869BF689D631FAF8A7C88577A18A8","10511AA63DFBD9C0DDBFEFE36068740103D4BA1116E214154A0772057D7E9314","74FF260A939B01673667723D8351AAEDB679339610009ECB23C70E373B862D9F","E:\MIXER\hybridzip\results\experiments\hybridzip-r2-forced-oracle-current-320dd1b-record-transpose-zstd"
"xml","32","32768","C2F7F129956F8D6FC3D0E3595D93F98D5270B6F5BC4AB5E70F45867822EFDD71","record-transpose-zstd","16","8981","1B0063540B508DA9E6B32EABC3D6AB7D8CBC048A73CEEBD95999007924F1D2D5","C2F7F129956F8D6FC3D0E3595D93F98D5270B6F5BC4AB5E70F45867822EFDD71","74FF260A939B01673667723D8351AAEDB679339610009ECB23C70E373B862D9F","E:\MIXER\hybridzip\results\experiments\hybridzip-r2-forced-oracle-current-320dd1b-record-transpose-zstd"
"dickens","32","32768","FC42DCB9849222C8704C9DCAE606D075B389B66244FB215035148D6409EC0B31","jpegls","17","30616","67F3BAFA1B6314C1661DC0BA8C2E90BFF8FFB2AC44D222742CA2F49C618F0D16","FC42DCB9849222C8704C9DCAE606D075B389B66244FB215035148D6409EC0B31","74FF260A939B01673667723D8351AAEDB679339610009ECB23C70E373B862D9F","E:\MIXER\hybridzip\results\experiments\hybridzip-r2-forced-oracle-current-320dd1b-jpegls"
"mozilla","32","32768","9DDEEF36CA0CA55B72FE3376D005926DFF3400A2ADE6EAE18482D8017D8645DB","jpegls","17","24706","ED2AF6A2A1F6E6962C707984D58E932CF848C8C24D02A5C4823E62306EE977CA","9DDEEF36CA0CA55B72FE3376D005926DFF3400A2ADE6EAE18482D8017D8645DB","74FF260A939B01673667723D8351AAEDB679339610009ECB23C70E373B862D9F","E:\MIXER\hybridzip\results\experiments\hybridzip-r2-forced-oracle-current-320dd1b-jpegls"
"mr","32","32768","3BB287B0AF65F777AB00C14E362B4D1962087260556001BBEE0689AA10D9F76A","jpegls","17","12364","6207EC38A2816A406375F94B0426C0716F01F91B8DA7867AA660A86F7274ACE0","3BB287B0AF65F777AB00C14E362B4D1962087260556001BBEE0689AA10D9F76A","74FF260A939B01673667723D8351AAEDB679339610009ECB23C70E373B862D9F","E:\MIXER\hybridzip\results\experiments\hybridzip-r2-forced-oracle-current-320dd1b-jpegls"
"nci","32","32768","0D3034FE8B0E573DE1439ED98CE409B83B13E5895085C9BFB0BF980F4962FB79","jpegls","17","18509","7C842EAD0D575D42E3A4A540ECA3D8A0F14C1B4D51EACCFA0DDC1AC7BA8D92AE","0D3034FE8B0E573DE1439ED98CE409B83B13E5895085C9BFB0BF980F4962FB79","74FF260A939B01673667723D8351AAEDB679339610009ECB23C70E373B862D9F","E:\MIXER\hybridzip\results\experiments\hybridzip-r2-forced-oracle-current-320dd1b-jpegls"
"ooffice","32","32768","2ACF9B4CAAEAC5814CDFEF0FA48A5ECE857C847DBDB7B44EEAB95CA3C098921C","jpegls","17","30781","673769014628834B92C20CC99A3A3D80D68F4F498828C42F0717F4EC74C44287","2ACF9B4CAAEAC5814CDFEF0FA48A5ECE857C847DBDB7B44EEAB95CA3C098921C","74FF260A939B01673667723D8351AAEDB679339610009ECB23C70E373B862D9F","E:\MIXER\hybridzip\results\experiments\hybridzip-r2-forced-oracle-current-320dd1b-jpegls"
"osdb","32","32768","03B2C20B777682CD960BCD893D7A4463161D9C0200FD1708B2EFAE32A259D0B7","jpegls","17","31715","EBF80A7D9A3A33800BB7FC3A9BBBF98EA980671251307776E5BB72DD4F12E319","03B2C20B777682CD960BCD893D7A4463161D9C0200FD1708B2EFAE32A259D0B7","74FF260A939B01673667723D8351AAEDB679339610009ECB23C70E373B862D9F","E:\MIXER\hybridzip\results\experiments\hybridzip-r2-forced-oracle-current-320dd1b-jpegls"
"reymont","32","32768","9D5E4B9340C2260DAE7DDB01B3EDA58236FF2DE5E1FF4D56767AA840B6FB1A87","jpegls","17","28084","6637BCB25776743D5A004D71BFA6F9202C09654225894AE90B5B4A179E2F5AC8","9D5E4B9340C2260DAE7DDB01B3EDA58236FF2DE5E1FF4D56767AA840B6FB1A87","74FF260A939B01673667723D8351AAEDB679339610009ECB23C70E373B862D9F","E:\MIXER\hybridzip\results\experiments\hybridzip-r2-forced-oracle-current-320dd1b-jpegls"
"samba","32","32768","9C4F5BEE544E4531E4946E62F796987418B4526911C34877EF282F14DD57AD12","jpegls","17","27625","0B5389AB3852CB744927365B3266DBC34A4CE7AB703A617BB68EB1683FEA2FB9","9C4F5BEE544E4531E4946E62F796987418B4526911C34877EF282F14DD57AD12","74FF260A939B01673667723D8351AAEDB679339610009ECB23C70E373B862D9F","E:\MIXER\hybridzip\results\experiments\hybridzip-r2-forced-oracle-current-320dd1b-jpegls"
"sao","32","32768","95677430CAD4F000506BC5EE22815C3F4E13D64B477ED506B78D5D9ACFB50CCD","jpegls","17","34802","1649646C5D3C1E998E14B9138DAE95D39CC364C5DA0A8B840839BD17F18B14F3","95677430CAD4F000506BC5EE22815C3F4E13D64B477ED506B78D5D9ACFB50CCD","74FF260A939B01673667723D8351AAEDB679339610009ECB23C70E373B862D9F","E:\MIXER\hybridzip\results\experiments\hybridzip-r2-forced-oracle-current-320dd1b-jpegls"
"webster","32","32768","774D224695AF4057353F72602BB96CD2AFEEA059AC7737535645F11596FCA85E","jpegls","17","30745","2D854C5DFC05173ACD77F144AF70B83565AF11D32EA93B23D8556F71AB33B1C8","774D224695AF4057353F72602BB96CD2AFEEA059AC7737535645F11596FCA85E","74FF260A939B01673667723D8351AAEDB679339610009ECB23C70E373B862D9F","E:\MIXER\hybridzip\results\experiments\hybridzip-r2-forced-oracle-current-320dd1b-jpegls"
"x-ray","32","32768","10511AA63DFBD9C0DDBFEFE36068740103D4BA1116E214154A0772057D7E9314","jpegls","17","27154","9212527E8B56E41B22DE32F2AF427700B556E7B9389DEC9006ABC4ABCF604CF4","10511AA63DFBD9C0DDBFEFE36068740103D4BA1116E214154A0772057D7E9314","74FF260A939B01673667723D8351AAEDB679339610009ECB23C70E373B862D9F","E:\MIXER\hybridzip\results\experiments\hybridzip-r2-forced-oracle-current-320dd1b-jpegls"
"xml","32","32768","C2F7F129956F8D6FC3D0E3595D93F98D5270B6F5BC4AB5E70F45867822EFDD71","jpegls","17","25671","152E116717D76F9A262A7E213CCF48C89F1217A6DFD71D39F5AF82D65D9A3488","C2F7F129956F8D6FC3D0E3595D93F98D5270B6F5BC4AB5E70F45867822EFDD71","74FF260A939B01673667723D8351AAEDB679339610009ECB23C70E373B862D9F","E:\MIXER\hybridzip\results\experiments\hybridzip-r2-forced-oracle-current-320dd1b-jpegls"
"dickens","32","32768","FC42DCB9849222C8704C9DCAE606D075B389B66244FB215035148D6409EC0B31","flac-residual","18","31542","60CE051BC7955ADDDC9283EED0C76C9BAF83A294B1A4F32EFE311694F8257DEA","FC42DCB9849222C8704C9DCAE606D075B389B66244FB215035148D6409EC0B31","74FF260A939B01673667723D8351AAEDB679339610009ECB23C70E373B862D9F","E:\MIXER\hybridzip\results\experiments\hybridzip-r2-forced-oracle-current-320dd1b-flac-residual"
"mozilla","32","32768","9DDEEF36CA0CA55B72FE3376D005926DFF3400A2ADE6EAE18482D8017D8645DB","flac-residual","18","31925","8E787A0935E31C8607B2D27F3BDA85368739B43E9C268880FFFC35C04EE55244","9DDEEF36CA0CA55B72FE3376D005926DFF3400A2ADE6EAE18482D8017D8645DB","74FF260A939B01673667723D8351AAEDB679339610009ECB23C70E373B862D9F","E:\MIXER\hybridzip\results\experiments\hybridzip-r2-forced-oracle-current-320dd1b-flac-residual"
"mr","32","32768","3BB287B0AF65F777AB00C14E362B4D1962087260556001BBEE0689AA10D9F76A","flac-residual","18","26374","489B338B3A6982D36455D713DCE1C127E47FE5BC7A6FFDF0AF223C6F74C3FDA0","3BB287B0AF65F777AB00C14E362B4D1962087260556001BBEE0689AA10D9F76A","74FF260A939B01673667723D8351AAEDB679339610009ECB23C70E373B862D9F","E:\MIXER\hybridzip\results\experiments\hybridzip-r2-forced-oracle-current-320dd1b-flac-residual"
"nci","32","32768","0D3034FE8B0E573DE1439ED98CE409B83B13E5895085C9BFB0BF980F4962FB79","flac-residual","18","27308","911B99F44A3660C431955D18D052C8AB5AB8A8E65DB5A65F848B55D2B3323B46","0D3034FE8B0E573DE1439ED98CE409B83B13E5895085C9BFB0BF980F4962FB79","74FF260A939B01673667723D8351AAEDB679339610009ECB23C70E373B862D9F","E:\MIXER\hybridzip\results\experiments\hybridzip-r2-forced-oracle-current-320dd1b-flac-residual"
"ooffice","32","32768","2ACF9B4CAAEAC5814CDFEF0FA48A5ECE857C847DBDB7B44EEAB95CA3C098921C","flac-residual","18","33375","AA8FAA0FBA59256E645A246897DA26E662EAC404A090913F3E17A6EE86B12F10","2ACF9B4CAAEAC5814CDFEF0FA48A5ECE857C847DBDB7B44EEAB95CA3C098921C","74FF260A939B01673667723D8351AAEDB679339610009ECB23C70E373B862D9F","E:\MIXER\hybridzip\results\experiments\hybridzip-r2-forced-oracle-current-320dd1b-flac-residual"
"osdb","32","32768","03B2C20B777682CD960BCD893D7A4463161D9C0200FD1708B2EFAE32A259D0B7","flac-residual","18","31654","1B3C2FD6BBF0915725A11C3435A6731C15FD4D6D22CC73A9F8FD1C0BE44CEDD6","03B2C20B777682CD960BCD893D7A4463161D9C0200FD1708B2EFAE32A259D0B7","74FF260A939B01673667723D8351AAEDB679339610009ECB23C70E373B862D9F","E:\MIXER\hybridzip\results\experiments\hybridzip-r2-forced-oracle-current-320dd1b-flac-residual"
"reymont","32","32768","9D5E4B9340C2260DAE7DDB01B3EDA58236FF2DE5E1FF4D56767AA840B6FB1A87","flac-residual","18","30798","AF48CDF5FC09FE1845099D7FB521298D066F3A8A26C4C7F51B079CAC6993D650","9D5E4B9340C2260DAE7DDB01B3EDA58236FF2DE5E1FF4D56767AA840B6FB1A87","74FF260A939B01673667723D8351AAEDB679339610009ECB23C70E373B862D9F","E:\MIXER\hybridzip\results\experiments\hybridzip-r2-forced-oracle-current-320dd1b-flac-residual"
"samba","32","32768","9C4F5BEE544E4531E4946E62F796987418B4526911C34877EF282F14DD57AD12","flac-residual","18","31047","9F20C28F696BAC75E936A9C68181ED8A584A157F18C37830E2EA50251E6365E3","9C4F5BEE544E4531E4946E62F796987418B4526911C34877EF282F14DD57AD12","74FF260A939B01673667723D8351AAEDB679339610009ECB23C70E373B862D9F","E:\MIXER\hybridzip\results\experiments\hybridzip-r2-forced-oracle-current-320dd1b-flac-residual"
"sao","32","32768","95677430CAD4F000506BC5EE22815C3F4E13D64B477ED506B78D5D9ACFB50CCD","flac-residual","18","33309","6AE026521C0C30F044E10918DDBAC8C8EC83F09B101960C903854F1F9A5253B9","95677430CAD4F000506BC5EE22815C3F4E13D64B477ED506B78D5D9ACFB50CCD","74FF260A939B01673667723D8351AAEDB679339610009ECB23C70E373B862D9F","E:\MIXER\hybridzip\results\experiments\hybridzip-r2-forced-oracle-current-320dd1b-flac-residual"
"webster","32","32768","774D224695AF4057353F72602BB96CD2AFEEA059AC7737535645F11596FCA85E","flac-residual","18","31466","CA8BC36996BDBB439C27D5B85AF884381AF273179CDA11064E5FCE77D6F810C8","774D224695AF4057353F72602BB96CD2AFEEA059AC7737535645F11596FCA85E","74FF260A939B01673667723D8351AAEDB679339610009ECB23C70E373B862D9F","E:\MIXER\hybridzip\results\experiments\hybridzip-r2-forced-oracle-current-320dd1b-flac-residual"
"x-ray","32","32768","10511AA63DFBD9C0DDBFEFE36068740103D4BA1116E214154A0772057D7E9314","flac-residual","18","17930","FAA9B34E792BD705CC710C49CECE1ED46F2465FAE4D21189CB6C83399BDAD9B4","10511AA63DFBD9C0DDBFEFE36068740103D4BA1116E214154A0772057D7E9314","74FF260A939B01673667723D8351AAEDB679339610009ECB23C70E373B862D9F","E:\MIXER\hybridzip\results\experiments\hybridzip-r2-forced-oracle-current-320dd1b-flac-residual"
"xml","32","32768","C2F7F129956F8D6FC3D0E3595D93F98D5270B6F5BC4AB5E70F45867822EFDD71","flac-residual","18","30013","BA71674F8EB8CB328192A8DE46D135D46242691E589AE488D392FB365B9A09EA","C2F7F129956F8D6FC3D0E3595D93F98D5270B6F5BC4AB5E70F45867822EFDD71","74FF260A939B01673667723D8351AAEDB679339610009ECB23C70E373B862D9F","E:\MIXER\hybridzip\results\experiments\hybridzip-r2-forced-oracle-current-320dd1b-flac-residual"
"dickens","32","32768","FC42DCB9849222C8704C9DCAE606D075B389B66244FB215035148D6409EC0B31","brotli-text","19","11322","F279686158C0638706C9A7E513FFCD4099C7DBE46CECEBA4D1647117D1493B7B","FC42DCB9849222C8704C9DCAE606D075B389B66244FB215035148D6409EC0B31","74FF260A939B01673667723D8351AAEDB679339610009ECB23C70E373B862D9F","E:\MIXER\hybridzip\results\experiments\hybridzip-r2-forced-oracle-current-320dd1b-brotli-text"
"mozilla","32","32768","9DDEEF36CA0CA55B72FE3376D005926DFF3400A2ADE6EAE18482D8017D8645DB","brotli-text","19","8869","7D87736294409C66C2B5AFF2B3A11AEF55811879263ABCDE21F1B8028A0BE256","9DDEEF36CA0CA55B72FE3376D005926DFF3400A2ADE6EAE18482D8017D8645DB","74FF260A939B01673667723D8351AAEDB679339610009ECB23C70E373B862D9F","E:\MIXER\hybridzip\results\experiments\hybridzip-r2-forced-oracle-current-320dd1b-brotli-text"
"mr","32","32768","3BB287B0AF65F777AB00C14E362B4D1962087260556001BBEE0689AA10D9F76A","brotli-text","19","6938","2E8F66A492FAC3F4E93743DF4AD5E942D0DC4FA2284ADA93C7857ED85F382DBB","3BB287B0AF65F777AB00C14E362B4D1962087260556001BBEE0689AA10D9F76A","74FF260A939B01673667723D8351AAEDB679339610009ECB23C70E373B862D9F","E:\MIXER\hybridzip\results\experiments\hybridzip-r2-forced-oracle-current-320dd1b-brotli-text"
"nci","32","32768","0D3034FE8B0E573DE1439ED98CE409B83B13E5895085C9BFB0BF980F4962FB79","brotli-text","19","2366","FF817B9973EEE4807C071F73CD476B1664E5C9568673B8D2153608F01117FE9F","0D3034FE8B0E573DE1439ED98CE409B83B13E5895085C9BFB0BF980F4962FB79","74FF260A939B01673667723D8351AAEDB679339610009ECB23C70E373B862D9F","E:\MIXER\hybridzip\results\experiments\hybridzip-r2-forced-oracle-current-320dd1b-brotli-text"
"ooffice","32","32768","2ACF9B4CAAEAC5814CDFEF0FA48A5ECE857C847DBDB7B44EEAB95CA3C098921C","brotli-text","19","12584","102290FBE7980E19A3C5DEDBD02B9AAB8A1E13DD6FA196A2FE7EDB9AF6810AE6","2ACF9B4CAAEAC5814CDFEF0FA48A5ECE857C847DBDB7B44EEAB95CA3C098921C","74FF260A939B01673667723D8351AAEDB679339610009ECB23C70E373B862D9F","E:\MIXER\hybridzip\results\experiments\hybridzip-r2-forced-oracle-current-320dd1b-brotli-text"
"osdb","32","32768","03B2C20B777682CD960BCD893D7A4463161D9C0200FD1708B2EFAE32A259D0B7","brotli-text","19","14231","B6C9B7F4C69FED2DF51FDA91DD412CD2144B81164F025FE6770A22C07A3C64CE","03B2C20B777682CD960BCD893D7A4463161D9C0200FD1708B2EFAE32A259D0B7","74FF260A939B01673667723D8351AAEDB679339610009ECB23C70E373B862D9F","E:\MIXER\hybridzip\results\experiments\hybridzip-r2-forced-oracle-current-320dd1b-brotli-text"
"reymont","32","32768","9D5E4B9340C2260DAE7DDB01B3EDA58236FF2DE5E1FF4D56767AA840B6FB1A87","brotli-text","19","8742","07BF1C915738E2E8324FC970395C86A41F1ADAE1D5076377ED65E2684B27720A","9D5E4B9340C2260DAE7DDB01B3EDA58236FF2DE5E1FF4D56767AA840B6FB1A87","74FF260A939B01673667723D8351AAEDB679339610009ECB23C70E373B862D9F","E:\MIXER\hybridzip\results\experiments\hybridzip-r2-forced-oracle-current-320dd1b-brotli-text"
"samba","32","32768","9C4F5BEE544E4531E4946E62F796987418B4526911C34877EF282F14DD57AD12","brotli-text","19","9204","90286CC936DD88BE40BE8FB1168709E08A0ED9EB7DE2A1B3693DAB84F02A21B8","9C4F5BEE544E4531E4946E62F796987418B4526911C34877EF282F14DD57AD12","74FF260A939B01673667723D8351AAEDB679339610009ECB23C70E373B862D9F","E:\MIXER\hybridzip\results\experiments\hybridzip-r2-forced-oracle-current-320dd1b-brotli-text"
"sao","32","32768","95677430CAD4F000506BC5EE22815C3F4E13D64B477ED506B78D5D9ACFB50CCD","brotli-text","19","23113","9F456D5DD095A37EDB5D7EE65DF2D86A4531FB997333077CBD4D18EB51BB8934","95677430CAD4F000506BC5EE22815C3F4E13D64B477ED506B78D5D9ACFB50CCD","74FF260A939B01673667723D8351AAEDB679339610009ECB23C70E373B862D9F","E:\MIXER\hybridzip\results\experiments\hybridzip-r2-forced-oracle-current-320dd1b-brotli-text"
"webster","32","32768","774D224695AF4057353F72602BB96CD2AFEEA059AC7737535645F11596FCA85E","brotli-text","19","10905","F1FC84B60A585505D4C466EB1849FD45994317DFAE1B2B1513691C0802FB48D5","774D224695AF4057353F72602BB96CD2AFEEA059AC7737535645F11596FCA85E","74FF260A939B01673667723D8351AAEDB679339610009ECB23C70E373B862D9F","E:\MIXER\hybridzip\results\experiments\hybridzip-r2-forced-oracle-current-320dd1b-brotli-text"
"x-ray","32","32768","10511AA63DFBD9C0DDBFEFE36068740103D4BA1116E214154A0772057D7E9314","brotli-text","19","18319","B55C6E8907D58772660D46F245E34701F082ED66268176E620F43763FEE88C88","10511AA63DFBD9C0DDBFEFE36068740103D4BA1116E214154A0772057D7E9314","74FF260A939B01673667723D8351AAEDB679339610009ECB23C70E373B862D9F","E:\MIXER\hybridzip\results\experiments\hybridzip-r2-forced-oracle-current-320dd1b-brotli-text"
"xml","32","32768","C2F7F129956F8D6FC3D0E3595D93F98D5270B6F5BC4AB5E70F45867822EFDD71","brotli-text","19","2381","C401E24A2DF72098FD8FC632D1212ADAE183AFBDA95CA8EBEA62161814C2F120","C2F7F129956F8D6FC3D0E3595D93F98D5270B6F5BC4AB5E70F45867822EFDD71","74FF260A939B01673667723D8351AAEDB679339610009ECB23C70E373B862D9F","E:\MIXER\hybridzip\results\experiments\hybridzip-r2-forced-oracle-current-320dd1b-brotli-text"
"dickens","32","32768","FC42DCB9849222C8704C9DCAE606D075B389B66244FB215035148D6409EC0B31","cmix-word-zstd","20","10890","0FED9A1AC523CD2BBCFD7397F0E4F05D1FAFF1EBCA51ABF0FA919CA51B629235","FC42DCB9849222C8704C9DCAE606D075B389B66244FB215035148D6409EC0B31","74FF260A939B01673667723D8351AAEDB679339610009ECB23C70E373B862D9F","E:\MIXER\hybridzip\results\experiments\hybridzip-r2-forced-oracle-current-320dd1b-cmix-word-zstd"
"mozilla","32","32768","9DDEEF36CA0CA55B72FE3376D005926DFF3400A2ADE6EAE18482D8017D8645DB","cmix-word-zstd","20","10622","482E4DE7E0FDCEF82939309A6E411F8E6073E20AC6E4EF74C4E66BEA0B09CCA4","9DDEEF36CA0CA55B72FE3376D005926DFF3400A2ADE6EAE18482D8017D8645DB","74FF260A939B01673667723D8351AAEDB679339610009ECB23C70E373B862D9F","E:\MIXER\hybridzip\results\experiments\hybridzip-r2-forced-oracle-current-320dd1b-cmix-word-zstd"
"mr","32","32768","3BB287B0AF65F777AB00C14E362B4D1962087260556001BBEE0689AA10D9F76A","cmix-word-zstd","20","8264","6A1E03A5809AE9070DF6D20E003607A3FA2FB945991E6B3B7A7E5C263D3B4865","3BB287B0AF65F777AB00C14E362B4D1962087260556001BBEE0689AA10D9F76A","74FF260A939B01673667723D8351AAEDB679339610009ECB23C70E373B862D9F","E:\MIXER\hybridzip\results\experiments\hybridzip-r2-forced-oracle-current-320dd1b-cmix-word-zstd"
"nci","32","32768","0D3034FE8B0E573DE1439ED98CE409B83B13E5895085C9BFB0BF980F4962FB79","cmix-word-zstd","20","2521","4AC3EF0A734C607265FD42D17C1D6B9E30AF37E60CB8BF7C1B0A00A500E3EF22","0D3034FE8B0E573DE1439ED98CE409B83B13E5895085C9BFB0BF980F4962FB79","74FF260A939B01673667723D8351AAEDB679339610009ECB23C70E373B862D9F","E:\MIXER\hybridzip\results\experiments\hybridzip-r2-forced-oracle-current-320dd1b-cmix-word-zstd"
"ooffice","32","32768","2ACF9B4CAAEAC5814CDFEF0FA48A5ECE857C847DBDB7B44EEAB95CA3C098921C","cmix-word-zstd","20","14885","8D5FB52D129B3C3924DAE0D7417E55DD3EAD49E5F9730830EFAFFB738463FB05","2ACF9B4CAAEAC5814CDFEF0FA48A5ECE857C847DBDB7B44EEAB95CA3C098921C","74FF260A939B01673667723D8351AAEDB679339610009ECB23C70E373B862D9F","E:\MIXER\hybridzip\results\experiments\hybridzip-r2-forced-oracle-current-320dd1b-cmix-word-zstd"
"osdb","32","32768","03B2C20B777682CD960BCD893D7A4463161D9C0200FD1708B2EFAE32A259D0B7","cmix-word-zstd","20","16981","2C36778F0B8FBB4D673CDC1307EC5081F96726D0116944B38B6376DB1D746FE2","03B2C20B777682CD960BCD893D7A4463161D9C0200FD1708B2EFAE32A259D0B7","74FF260A939B01673667723D8351AAEDB679339610009ECB23C70E373B862D9F","E:\MIXER\hybridzip\results\experiments\hybridzip-r2-forced-oracle-current-320dd1b-cmix-word-zstd"
"reymont","32","32768","9D5E4B9340C2260DAE7DDB01B3EDA58236FF2DE5E1FF4D56767AA840B6FB1A87","cmix-word-zstd","20","9258","BD9557E7509FD7110AE7BB52ADE0D022B3249CF0DB3435CC79F245A4A6993CAB","9D5E4B9340C2260DAE7DDB01B3EDA58236FF2DE5E1FF4D56767AA840B6FB1A87","74FF260A939B01673667723D8351AAEDB679339610009ECB23C70E373B862D9F","E:\MIXER\hybridzip\results\experiments\hybridzip-r2-forced-oracle-current-320dd1b-cmix-word-zstd"
"samba","32","32768","9C4F5BEE544E4531E4946E62F796987418B4526911C34877EF282F14DD57AD12","cmix-word-zstd","20","9020","370D7FAECCCEC666A0CA6A543AF4C5076C13C2C7746A6493C53F226B6AFEFC6B","9C4F5BEE544E4531E4946E62F796987418B4526911C34877EF282F14DD57AD12","74FF260A939B01673667723D8351AAEDB679339610009ECB23C70E373B862D9F","E:\MIXER\hybridzip\results\experiments\hybridzip-r2-forced-oracle-current-320dd1b-cmix-word-zstd"
"sao","32","32768","95677430CAD4F000506BC5EE22815C3F4E13D64B477ED506B78D5D9ACFB50CCD","cmix-word-zstd","20","28778","493969F9184EAF3B1BCD28D50DB7F4076F2928392C6C9A554E9B74DF7EA97753","95677430CAD4F000506BC5EE22815C3F4E13D64B477ED506B78D5D9ACFB50CCD","74FF260A939B01673667723D8351AAEDB679339610009ECB23C70E373B862D9F","E:\MIXER\hybridzip\results\experiments\hybridzip-r2-forced-oracle-current-320dd1b-cmix-word-zstd"
"webster","32","32768","774D224695AF4057353F72602BB96CD2AFEEA059AC7737535645F11596FCA85E","cmix-word-zstd","20","11105","93FD5A1426549FE23BE811E560E39FE467A3B6C12F39A2CCC8DD11EC7592E5C7","774D224695AF4057353F72602BB96CD2AFEEA059AC7737535645F11596FCA85E","74FF260A939B01673667723D8351AAEDB679339610009ECB23C70E373B862D9F","E:\MIXER\hybridzip\results\experiments\hybridzip-r2-forced-oracle-current-320dd1b-cmix-word-zstd"
"x-ray","32","32768","10511AA63DFBD9C0DDBFEFE36068740103D4BA1116E214154A0772057D7E9314","cmix-word-zstd","20","25749","631DBF5AB9758A245985636B3C6AE8415CA85BB3FF2462E3F7210C75F2FD70D5","10511AA63DFBD9C0DDBFEFE36068740103D4BA1116E214154A0772057D7E9314","74FF260A939B01673667723D8351AAEDB679339610009ECB23C70E373B862D9F","E:\MIXER\hybridzip\results\experiments\hybridzip-r2-forced-oracle-current-320dd1b-cmix-word-zstd"
"xml","32","32768","C2F7F129956F8D6FC3D0E3595D93F98D5270B6F5BC4AB5E70F45867822EFDD71","cmix-word-zstd","20","2499","936B7393FF9E03E58D9D0395B489192468020E5A93708581CF5E2C3BF03E92A9","C2F7F129956F8D6FC3D0E3595D93F98D5270B6F5BC4AB5E70F45867822EFDD71","74FF260A939B01673667723D8351AAEDB679339610009ECB23C70E373B862D9F","E:\MIXER\hybridzip\results\experiments\hybridzip-r2-forced-oracle-current-320dd1b-cmix-word-zstd"
"dickens","32","32768","FC42DCB9849222C8704C9DCAE606D075B389B66244FB215035148D6409EC0B31","neural-lstm","21","14609","12C5A23EBDE12882E17DF148FED374106A0A76FA6DDD0F3F8B6B5A7FC6382059","FC42DCB9849222C8704C9DCAE606D075B389B66244FB215035148D6409EC0B31","74FF260A939B01673667723D8351AAEDB679339610009ECB23C70E373B862D9F","E:\MIXER\hybridzip\results\experiments\hybridzip-r2-forced-oracle-current-320dd1b-neural-lstm"
"mozilla","32","32768","9DDEEF36CA0CA55B72FE3376D005926DFF3400A2ADE6EAE18482D8017D8645DB","neural-lstm","21","11193","7F665A258499B4B55A58E67DBF1290AF1C6891200D7CAFF9702F79D1BBC4AF9A","9DDEEF36CA0CA55B72FE3376D005926DFF3400A2ADE6EAE18482D8017D8645DB","74FF260A939B01673667723D8351AAEDB679339610009ECB23C70E373B862D9F","E:\MIXER\hybridzip\results\experiments\hybridzip-r2-forced-oracle-current-320dd1b-neural-lstm"
"mr","32","32768","3BB287B0AF65F777AB00C14E362B4D1962087260556001BBEE0689AA10D9F76A","neural-lstm","21","6973","4E4513C414D4FD57B839DD17B2C9DDB5F41D2530BEFF760F03BB2336A419557E","3BB287B0AF65F777AB00C14E362B4D1962087260556001BBEE0689AA10D9F76A","74FF260A939B01673667723D8351AAEDB679339610009ECB23C70E373B862D9F","E:\MIXER\hybridzip\results\experiments\hybridzip-r2-forced-oracle-current-320dd1b-neural-lstm"
"nci","32","32768","0D3034FE8B0E573DE1439ED98CE409B83B13E5895085C9BFB0BF980F4962FB79","neural-lstm","21","4533","23021FE38FC0464FB754DB7E5B2C93844CA5FFE5B0EBD2D4E4AD9AB72AADCDA9","0D3034FE8B0E573DE1439ED98CE409B83B13E5895085C9BFB0BF980F4962FB79","74FF260A939B01673667723D8351AAEDB679339610009ECB23C70E373B862D9F","E:\MIXER\hybridzip\results\experiments\hybridzip-r2-forced-oracle-current-320dd1b-neural-lstm"
"ooffice","32","32768","2ACF9B4CAAEAC5814CDFEF0FA48A5ECE857C847DBDB7B44EEAB95CA3C098921C","neural-lstm","21","13966","BBDA87755EF9D4BC3A488CF2F3AA6B8A0889061F055CCFBBD48B155F0E4B04D4","2ACF9B4CAAEAC5814CDFEF0FA48A5ECE857C847DBDB7B44EEAB95CA3C098921C","74FF260A939B01673667723D8351AAEDB679339610009ECB23C70E373B862D9F","E:\MIXER\hybridzip\results\experiments\hybridzip-r2-forced-oracle-current-320dd1b-neural-lstm"
"osdb","32","32768","03B2C20B777682CD960BCD893D7A4463161D9C0200FD1708B2EFAE32A259D0B7","neural-lstm","21","22398","7F003AB7BD0E658DB60AED0B93F35AA2655E20A875FEA638071620C9E11BE96F","03B2C20B777682CD960BCD893D7A4463161D9C0200FD1708B2EFAE32A259D0B7","74FF260A939B01673667723D8351AAEDB679339610009ECB23C70E373B862D9F","E:\MIXER\hybridzip\results\experiments\hybridzip-r2-forced-oracle-current-320dd1b-neural-lstm"
"reymont","32","32768","9D5E4B9340C2260DAE7DDB01B3EDA58236FF2DE5E1FF4D56767AA840B6FB1A87","neural-lstm","21","10647","DA9154B4764CA7577DEBC822A9A2EB08A0E0C28914F3AA3C36DC2444A4F7C2FA","9D5E4B9340C2260DAE7DDB01B3EDA58236FF2DE5E1FF4D56767AA840B6FB1A87","74FF260A939B01673667723D8351AAEDB679339610009ECB23C70E373B862D9F","E:\MIXER\hybridzip\results\experiments\hybridzip-r2-forced-oracle-current-320dd1b-neural-lstm"
"samba","32","32768","9C4F5BEE544E4531E4946E62F796987418B4526911C34877EF282F14DD57AD12","neural-lstm","21","14103","AC713AEF1B6283BA07D999CB5FDFBCCCC570DC936808BE4E5BEE2C34CBACB778","9C4F5BEE544E4531E4946E62F796987418B4526911C34877EF282F14DD57AD12","74FF260A939B01673667723D8351AAEDB679339610009ECB23C70E373B862D9F","E:\MIXER\hybridzip\results\experiments\hybridzip-r2-forced-oracle-current-320dd1b-neural-lstm"
"sao","32","32768","95677430CAD4F000506BC5EE22815C3F4E13D64B477ED506B78D5D9ACFB50CCD","neural-lstm","21","23817","3545D1D9AD6F9E3F11DA353C6C57861A5D7319BD6EC4D6FF85C82C3E8A498CD9","95677430CAD4F000506BC5EE22815C3F4E13D64B477ED506B78D5D9ACFB50CCD","74FF260A939B01673667723D8351AAEDB679339610009ECB23C70E373B862D9F","E:\MIXER\hybridzip\results\experiments\hybridzip-r2-forced-oracle-current-320dd1b-neural-lstm"
"webster","32","32768","774D224695AF4057353F72602BB96CD2AFEEA059AC7737535645F11596FCA85E","neural-lstm","21","14627","F1FBDCF61A343E41551BA7980145BB03E7515B976C20562180F2654A153E0B92","774D224695AF4057353F72602BB96CD2AFEEA059AC7737535645F11596FCA85E","74FF260A939B01673667723D8351AAEDB679339610009ECB23C70E373B862D9F","E:\MIXER\hybridzip\results\experiments\hybridzip-r2-forced-oracle-current-320dd1b-neural-lstm"
"x-ray","32","32768","10511AA63DFBD9C0DDBFEFE36068740103D4BA1116E214154A0772057D7E9314","neural-lstm","21","18618","975343EF59C3ADABFDBA90690D337DFE5D7E1E13007C5AEB2F3BBAE64A29ECAC","10511AA63DFBD9C0DDBFEFE36068740103D4BA1116E214154A0772057D7E9314","74FF260A939B01673667723D8351AAEDB679339610009ECB23C70E373B862D9F","E:\MIXER\hybridzip\results\experiments\hybridzip-r2-forced-oracle-current-320dd1b-neural-lstm"
"xml","32","32768","C2F7F129956F8D6FC3D0E3595D93F98D5270B6F5BC4AB5E70F45867822EFDD71","neural-lstm","21","6544","9B1E9035E05C3D29219CC8318ACB870873345129E37ECFE628C3C200E84F5F82","C2F7F129956F8D6FC3D0E3595D93F98D5270B6F5BC4AB5E70F45867822EFDD71","74FF260A939B01673667723D8351AAEDB679339610009ECB23C70E373B862D9F","E:\MIXER\hybridzip\results\experiments\hybridzip-r2-forced-oracle-current-320dd1b-neural-lstm"
"dickens","32","32768","FC42DCB9849222C8704C9DCAE606D075B389B66244FB215035148D6409EC0B31","shared-neural-lstm","22","14777","BE77861802856F77D278D0723A8A00EE18ACB963DFFCB744921CF93092D0B98B","FC42DCB9849222C8704C9DCAE606D075B389B66244FB215035148D6409EC0B31","74FF260A939B01673667723D8351AAEDB679339610009ECB23C70E373B862D9F","E:\MIXER\hybridzip\results\experiments\hybridzip-r2-forced-oracle-current-320dd1b-shared-neural-lstm"
"mozilla","32","32768","9DDEEF36CA0CA55B72FE3376D005926DFF3400A2ADE6EAE18482D8017D8645DB","shared-neural-lstm","22","11241","DB96F56B64FFFB4479FD46556A18BB3198E2A9DBF176F1D5EF71E9481B52D83E","9DDEEF36CA0CA55B72FE3376D005926DFF3400A2ADE6EAE18482D8017D8645DB","74FF260A939B01673667723D8351AAEDB679339610009ECB23C70E373B862D9F","E:\MIXER\hybridzip\results\experiments\hybridzip-r2-forced-oracle-current-320dd1b-shared-neural-lstm"
"mr","32","32768","3BB287B0AF65F777AB00C14E362B4D1962087260556001BBEE0689AA10D9F76A","shared-neural-lstm","22","7009","BBF87E8FCA6BE0102F01A62F07AB04298897EE27EA979B1763736F109A194344","3BB287B0AF65F777AB00C14E362B4D1962087260556001BBEE0689AA10D9F76A","74FF260A939B01673667723D8351AAEDB679339610009ECB23C70E373B862D9F","E:\MIXER\hybridzip\results\experiments\hybridzip-r2-forced-oracle-current-320dd1b-shared-neural-lstm"
"nci","32","32768","0D3034FE8B0E573DE1439ED98CE409B83B13E5895085C9BFB0BF980F4962FB79","shared-neural-lstm","22","4571","AA89F7FD98A5745E0BF05F6072D951DDCE3CA15CB887A80EBDEFDCD1847700B5","0D3034FE8B0E573DE1439ED98CE409B83B13E5895085C9BFB0BF980F4962FB79","74FF260A939B01673667723D8351AAEDB679339610009ECB23C70E373B862D9F","E:\MIXER\hybridzip\results\experiments\hybridzip-r2-forced-oracle-current-320dd1b-shared-neural-lstm"
"ooffice","32","32768","2ACF9B4CAAEAC5814CDFEF0FA48A5ECE857C847DBDB7B44EEAB95CA3C098921C","shared-neural-lstm","22","13924","18A1101A5C0D97EEBB7388473B7A29DF71DF811AE5146E0FE31FCEA788A97D81","2ACF9B4CAAEAC5814CDFEF0FA48A5ECE857C847DBDB7B44EEAB95CA3C098921C","74FF260A939B01673667723D8351AAEDB679339610009ECB23C70E373B862D9F","E:\MIXER\hybridzip\results\experiments\hybridzip-r2-forced-oracle-current-320dd1b-shared-neural-lstm"
"osdb","32","32768","03B2C20B777682CD960BCD893D7A4463161D9C0200FD1708B2EFAE32A259D0B7","shared-neural-lstm","22","22187","528CA9BBE27BA3BB09AA76C42962CE604A6E070ADFC859A152883975B5EFA130","03B2C20B777682CD960BCD893D7A4463161D9C0200FD1708B2EFAE32A259D0B7","74FF260A939B01673667723D8351AAEDB679339610009ECB23C70E373B862D9F","E:\MIXER\hybridzip\results\experiments\hybridzip-r2-forced-oracle-current-320dd1b-shared-neural-lstm"
"reymont","32","32768","9D5E4B9340C2260DAE7DDB01B3EDA58236FF2DE5E1FF4D56767AA840B6FB1A87","shared-neural-lstm","22","10568","81A2BA96103A757D6F0072D2FCFBD8C9D9E165173B5DC1E84D88D8FA7C6E2952","9D5E4B9340C2260DAE7DDB01B3EDA58236FF2DE5E1FF4D56767AA840B6FB1A87","74FF260A939B01673667723D8351AAEDB679339610009ECB23C70E373B862D9F","E:\MIXER\hybridzip\results\experiments\hybridzip-r2-forced-oracle-current-320dd1b-shared-neural-lstm"
"samba","32","32768","9C4F5BEE544E4531E4946E62F796987418B4526911C34877EF282F14DD57AD12","shared-neural-lstm","22","13752","371C349AF08234EFF92F3D9B604FBC132B83E7E2B75D7C7E59CE117D5AF42A73","9C4F5BEE544E4531E4946E62F796987418B4526911C34877EF282F14DD57AD12","74FF260A939B01673667723D8351AAEDB679339610009ECB23C70E373B862D9F","E:\MIXER\hybridzip\results\experiments\hybridzip-r2-forced-oracle-current-320dd1b-shared-neural-lstm"
"sao","32","32768","95677430CAD4F000506BC5EE22815C3F4E13D64B477ED506B78D5D9ACFB50CCD","shared-neural-lstm","22","23810","DD3277F11DB6713D92508E0AE27A3272283D8E2ECA9A7421B404156557F02351","95677430CAD4F000506BC5EE22815C3F4E13D64B477ED506B78D5D9ACFB50CCD","74FF260A939B01673667723D8351AAEDB679339610009ECB23C70E373B862D9F","E:\MIXER\hybridzip\results\experiments\hybridzip-r2-forced-oracle-current-320dd1b-shared-neural-lstm"
"webster","32","32768","774D224695AF4057353F72602BB96CD2AFEEA059AC7737535645F11596FCA85E","shared-neural-lstm","22","14722","551F2107E2A44DDD104EEBF0A97EA9B1F5F9981AACB0FE96EE9DD9386DAF801C","774D224695AF4057353F72602BB96CD2AFEEA059AC7737535645F11596FCA85E","74FF260A939B01673667723D8351AAEDB679339610009ECB23C70E373B862D9F","E:\MIXER\hybridzip\results\experiments\hybridzip-r2-forced-oracle-current-320dd1b-shared-neural-lstm"
"x-ray","32","32768","10511AA63DFBD9C0DDBFEFE36068740103D4BA1116E214154A0772057D7E9314","shared-neural-lstm","22","18194","DF622FD97EFCF5DBF5B73BA4846ED6074D9073930DDC1DC22FDCCE5B20141ECE","10511AA63DFBD9C0DDBFEFE36068740103D4BA1116E214154A0772057D7E9314","74FF260A939B01673667723D8351AAEDB679339610009ECB23C70E373B862D9F","E:\MIXER\hybridzip\results\experiments\hybridzip-r2-forced-oracle-current-320dd1b-shared-neural-lstm"
"xml","32","32768","C2F7F129956F8D6FC3D0E3595D93F98D5270B6F5BC4AB5E70F45867822EFDD71","shared-neural-lstm","22","6286","6374B312449B09C67A24F388A4BCCB60C45C6C92DBF4BF3EDD3640E41346C07B","C2F7F129956F8D6FC3D0E3595D93F98D5270B6F5BC4AB5E70F45867822EFDD71","74FF260A939B01673667723D8351AAEDB679339610009ECB23C70E373B862D9F","E:\MIXER\hybridzip\results\experiments\hybridzip-r2-forced-oracle-current-320dd1b-shared-neural-lstm"
"dickens","32","32768","FC42DCB9849222C8704C9DCAE606D075B389B66244FB215035148D6409EC0B31","lstm-compress","23","15207","CFCC8CF0C5B3A7F368E187172A71D139AE3696B24F53E7E5A680625167A7881E","FC42DCB9849222C8704C9DCAE606D075B389B66244FB215035148D6409EC0B31","74FF260A939B01673667723D8351AAEDB679339610009ECB23C70E373B862D9F","E:\MIXER\hybridzip\results\experiments\hybridzip-r2-forced-oracle-current-320dd1b-lstm-compress"
"mozilla","32","32768","9DDEEF36CA0CA55B72FE3376D005926DFF3400A2ADE6EAE18482D8017D8645DB","lstm-compress","23","12014","87CFE9814F172D65FFB9DF5C7B262D40F84A46BC8DFA9E211F9DDC4ED2551E47","9DDEEF36CA0CA55B72FE3376D005926DFF3400A2ADE6EAE18482D8017D8645DB","74FF260A939B01673667723D8351AAEDB679339610009ECB23C70E373B862D9F","E:\MIXER\hybridzip\results\experiments\hybridzip-r2-forced-oracle-current-320dd1b-lstm-compress"
"mr","32","32768","3BB287B0AF65F777AB00C14E362B4D1962087260556001BBEE0689AA10D9F76A","lstm-compress","23","7014","C9A17D37BD4E1C69B9C8F394EAF7E1FA9CB2EDF67A69877F821F03D3B8B00BDB","3BB287B0AF65F777AB00C14E362B4D1962087260556001BBEE0689AA10D9F76A","74FF260A939B01673667723D8351AAEDB679339610009ECB23C70E373B862D9F","E:\MIXER\hybridzip\results\experiments\hybridzip-r2-forced-oracle-current-320dd1b-lstm-compress"
"nci","32","32768","0D3034FE8B0E573DE1439ED98CE409B83B13E5895085C9BFB0BF980F4962FB79","lstm-compress","23","4397","9B52D6A6E24F3F358DE2367EC9EA3B76430914E2D8AC490DED97FE05C130394E","0D3034FE8B0E573DE1439ED98CE409B83B13E5895085C9BFB0BF980F4962FB79","74FF260A939B01673667723D8351AAEDB679339610009ECB23C70E373B862D9F","E:\MIXER\hybridzip\results\experiments\hybridzip-r2-forced-oracle-current-320dd1b-lstm-compress"
"ooffice","32","32768","2ACF9B4CAAEAC5814CDFEF0FA48A5ECE857C847DBDB7B44EEAB95CA3C098921C","lstm-compress","23","15331","242361C3AECF45705C6689F60EAC0BBB6E690109A967FBE9EAF10F9FEB774C8A","2ACF9B4CAAEAC5814CDFEF0FA48A5ECE857C847DBDB7B44EEAB95CA3C098921C","74FF260A939B01673667723D8351AAEDB679339610009ECB23C70E373B862D9F","E:\MIXER\hybridzip\results\experiments\hybridzip-r2-forced-oracle-current-320dd1b-lstm-compress"
"osdb","32","32768","03B2C20B777682CD960BCD893D7A4463161D9C0200FD1708B2EFAE32A259D0B7","lstm-compress","23","22646","98A4CF80B410C11FC991EEBB17D98DF82854BF13B20AB0122727FF5239C6A6E1","03B2C20B777682CD960BCD893D7A4463161D9C0200FD1708B2EFAE32A259D0B7","74FF260A939B01673667723D8351AAEDB679339610009ECB23C70E373B862D9F","E:\MIXER\hybridzip\results\experiments\hybridzip-r2-forced-oracle-current-320dd1b-lstm-compress"
"reymont","32","32768","9D5E4B9340C2260DAE7DDB01B3EDA58236FF2DE5E1FF4D56767AA840B6FB1A87","lstm-compress","23","10784","B6D946D35F37C00778F679E6A5FCC09EEE8506AC3A2E071F858326A5253283F5","9D5E4B9340C2260DAE7DDB01B3EDA58236FF2DE5E1FF4D56767AA840B6FB1A87","74FF260A939B01673667723D8351AAEDB679339610009ECB23C70E373B862D9F","E:\MIXER\hybridzip\results\experiments\hybridzip-r2-forced-oracle-current-320dd1b-lstm-compress"
"samba","32","32768","9C4F5BEE544E4531E4946E62F796987418B4526911C34877EF282F14DD57AD12","lstm-compress","23","14545","B31A2E504BB465C5D16F8E783370283CDB8F1C925BBA1CFA9394EC6C35701043","9C4F5BEE544E4531E4946E62F796987418B4526911C34877EF282F14DD57AD12","74FF260A939B01673667723D8351AAEDB679339610009ECB23C70E373B862D9F","E:\MIXER\hybridzip\results\experiments\hybridzip-r2-forced-oracle-current-320dd1b-lstm-compress"
"sao","32","32768","95677430CAD4F000506BC5EE22815C3F4E13D64B477ED506B78D5D9ACFB50CCD","lstm-compress","23","24211","62E7C649CE619EABBB66A8BBFAA66533409B4C45D5C0F0EF291BC78628AB2472","95677430CAD4F000506BC5EE22815C3F4E13D64B477ED506B78D5D9ACFB50CCD","74FF260A939B01673667723D8351AAEDB679339610009ECB23C70E373B862D9F","E:\MIXER\hybridzip\results\experiments\hybridzip-r2-forced-oracle-current-320dd1b-lstm-compress"
"webster","32","32768","774D224695AF4057353F72602BB96CD2AFEEA059AC7737535645F11596FCA85E","lstm-compress","23","15541","60D1428CAB4786180958F41A8AD5B58DB7A208BCED0892EA1AE20F9701B3E0AC","774D224695AF4057353F72602BB96CD2AFEEA059AC7737535645F11596FCA85E","74FF260A939B01673667723D8351AAEDB679339610009ECB23C70E373B862D9F","E:\MIXER\hybridzip\results\experiments\hybridzip-r2-forced-oracle-current-320dd1b-lstm-compress"
"x-ray","32","32768","10511AA63DFBD9C0DDBFEFE36068740103D4BA1116E214154A0772057D7E9314","lstm-compress","23","17970","27AD08838294B25E2C6E69E1A7365F7E9CE2F9DC6D88F637FD664082F1A8B7AD","10511AA63DFBD9C0DDBFEFE36068740103D4BA1116E214154A0772057D7E9314","74FF260A939B01673667723D8351AAEDB679339610009ECB23C70E373B862D9F","E:\MIXER\hybridzip\results\experiments\hybridzip-r2-forced-oracle-current-320dd1b-lstm-compress"
"xml","32","32768","C2F7F129956F8D6FC3D0E3595D93F98D5270B6F5BC4AB5E70F45867822EFDD71","lstm-compress","23","8207","B3AFC5F5B0F5F43AC0E1AA011DA8BC926B2EAADBAD6AB97B763DF9BFD57268B4","C2F7F129956F8D6FC3D0E3595D93F98D5270B6F5BC4AB5E70F45867822EFDD71","74FF260A939B01673667723D8351AAEDB679339610009ECB23C70E373B862D9F","E:\MIXER\hybridzip\results\experiments\hybridzip-r2-forced-oracle-current-320dd1b-lstm-compress"
"dickens","32","32768","FC42DCB9849222C8704C9DCAE606D075B389B66244FB215035148D6409EC0B31","delta-of-delta-zstd","24","31091","3A5649F32791F1132374113E8A2F66D61516720936ACE1AF827505BB46789A3E","FC42DCB9849222C8704C9DCAE606D075B389B66244FB215035148D6409EC0B31","74FF260A939B01673667723D8351AAEDB679339610009ECB23C70E373B862D9F","E:\MIXER\hybridzip\results\experiments\hybridzip-r2-forced-oracle-current-320dd1b-delta-of-delta-zstd"
"mozilla","32","32768","9DDEEF36CA0CA55B72FE3376D005926DFF3400A2ADE6EAE18482D8017D8645DB","delta-of-delta-zstd","24","19538","DB362D7876677B22C02D801222515DDCF5E69CDADCB81354FBB2BC6525A514D4","9DDEEF36CA0CA55B72FE3376D005926DFF3400A2ADE6EAE18482D8017D8645DB","74FF260A939B01673667723D8351AAEDB679339610009ECB23C70E373B862D9F","E:\MIXER\hybridzip\results\experiments\hybridzip-r2-forced-oracle-current-320dd1b-delta-of-delta-zstd"
"mr","32","32768","3BB287B0AF65F777AB00C14E362B4D1962087260556001BBEE0689AA10D9F76A","delta-of-delta-zstd","24","12207","61D8734962F46B7C12D6E30D69999E25F295D88DC429C8F2AD647DCF32F21680","3BB287B0AF65F777AB00C14E362B4D1962087260556001BBEE0689AA10D9F76A","74FF260A939B01673667723D8351AAEDB679339610009ECB23C70E373B862D9F","E:\MIXER\hybridzip\results\experiments\hybridzip-r2-forced-oracle-current-320dd1b-delta-of-delta-zstd"
"nci","32","32768","0D3034FE8B0E573DE1439ED98CE409B83B13E5895085C9BFB0BF980F4962FB79","delta-of-delta-zstd","24","7032","51F8F4290EFDEE2F5D4E595E7089953C180ECF90436AE764B6B643D99ABF550E","0D3034FE8B0E573DE1439ED98CE409B83B13E5895085C9BFB0BF980F4962FB79","74FF260A939B01673667723D8351AAEDB679339610009ECB23C70E373B862D9F","E:\MIXER\hybridzip\results\experiments\hybridzip-r2-forced-oracle-current-320dd1b-delta-of-delta-zstd"
"ooffice","32","32768","2ACF9B4CAAEAC5814CDFEF0FA48A5ECE857C847DBDB7B44EEAB95CA3C098921C","delta-of-delta-zstd","24","24851","F17A46ABDDF125A2D10D4F8EE47964914040DA55DFA8CFD76EAFF9A9068FC84A","2ACF9B4CAAEAC5814CDFEF0FA48A5ECE857C847DBDB7B44EEAB95CA3C098921C","74FF260A939B01673667723D8351AAEDB679339610009ECB23C70E373B862D9F","E:\MIXER\hybridzip\results\experiments\hybridzip-r2-forced-oracle-current-320dd1b-delta-of-delta-zstd"
"osdb","32","32768","03B2C20B777682CD960BCD893D7A4463161D9C0200FD1708B2EFAE32A259D0B7","delta-of-delta-zstd","24","27267","71BFBB8D5E5AF1E9FF9EE3DA15E3ED3190D18CF720EC0E7AA360768945C9328A","03B2C20B777682CD960BCD893D7A4463161D9C0200FD1708B2EFAE32A259D0B7","74FF260A939B01673667723D8351AAEDB679339610009ECB23C70E373B862D9F","E:\MIXER\hybridzip\results\experiments\hybridzip-r2-forced-oracle-current-320dd1b-delta-of-delta-zstd"
"reymont","32","32768","9D5E4B9340C2260DAE7DDB01B3EDA58236FF2DE5E1FF4D56767AA840B6FB1A87","delta-of-delta-zstd","24","26921","7F31053C291F4BC1000215BCD1802D55B69EC84F028F3B597BC4DB557022396A","9D5E4B9340C2260DAE7DDB01B3EDA58236FF2DE5E1FF4D56767AA840B6FB1A87","74FF260A939B01673667723D8351AAEDB679339610009ECB23C70E373B862D9F","E:\MIXER\hybridzip\results\experiments\hybridzip-r2-forced-oracle-current-320dd1b-delta-of-delta-zstd"
"samba","32","32768","9C4F5BEE544E4531E4946E62F796987418B4526911C34877EF282F14DD57AD12","delta-of-delta-zstd","24","26600","3DA970467DCE75AFAE0AB2E29663274053A1F888291EF9B9CD02EF4D67FBD4D3","9C4F5BEE544E4531E4946E62F796987418B4526911C34877EF282F14DD57AD12","74FF260A939B01673667723D8351AAEDB679339610009ECB23C70E373B862D9F","E:\MIXER\hybridzip\results\experiments\hybridzip-r2-forced-oracle-current-320dd1b-delta-of-delta-zstd"
"sao","32","32768","95677430CAD4F000506BC5EE22815C3F4E13D64B477ED506B78D5D9ACFB50CCD","delta-of-delta-zstd","24","32612","94B1F48CA204EF6DD3BEC499FC3A533527C4C482A65BEF20CD15B50407F1068F","95677430CAD4F000506BC5EE22815C3F4E13D64B477ED506B78D5D9ACFB50CCD","74FF260A939B01673667723D8351AAEDB679339610009ECB23C70E373B862D9F","E:\MIXER\hybridzip\results\experiments\hybridzip-r2-forced-oracle-current-320dd1b-delta-of-delta-zstd"
"webster","32","32768","774D224695AF4057353F72602BB96CD2AFEEA059AC7737535645F11596FCA85E","delta-of-delta-zstd","24","29711","A1384857413048BFE84203E728034B0CFB46AB813F8EF5441D105A2F3E443A7C","774D224695AF4057353F72602BB96CD2AFEEA059AC7737535645F11596FCA85E","74FF260A939B01673667723D8351AAEDB679339610009ECB23C70E373B862D9F","E:\MIXER\hybridzip\results\experiments\hybridzip-r2-forced-oracle-current-320dd1b-delta-of-delta-zstd"
"x-ray","32","32768","10511AA63DFBD9C0DDBFEFE36068740103D4BA1116E214154A0772057D7E9314","delta-of-delta-zstd","24","22262","89A36AFEBC521E453297ADB5DD5F5F8D58883B67E2CF4579CBA55C34E07B2474","10511AA63DFBD9C0DDBFEFE36068740103D4BA1116E214154A0772057D7E9314","74FF260A939B01673667723D8351AAEDB679339610009ECB23C70E373B862D9F","E:\MIXER\hybridzip\results\experiments\hybridzip-r2-forced-oracle-current-320dd1b-delta-of-delta-zstd"
"xml","32","32768","C2F7F129956F8D6FC3D0E3595D93F98D5270B6F5BC4AB5E70F45867822EFDD71","delta-of-delta-zstd","24","8659","82871E516EC6681470541381353838F6FB6C6596BDA7DEEC84518AD454837E1B","C2F7F129956F8D6FC3D0E3595D93F98D5270B6F5BC4AB5E70F45867822EFDD71","74FF260A939B01673667723D8351AAEDB679339610009ECB23C70E373B862D9F","E:\MIXER\hybridzip\results\experiments\hybridzip-r2-forced-oracle-current-320dd1b-delta-of-delta-zstd"
"dickens","32","32768","FC42DCB9849222C8704C9DCAE606D075B389B66244FB215035148D6409EC0B31","bgpt-shared-prior","25","25234","CC6ECBF8375E1FD66F8ACFBC7A4B4B4AC8C4E7E7CD03366741C948487C2F6534","FC42DCB9849222C8704C9DCAE606D075B389B66244FB215035148D6409EC0B31","74FF260A939B01673667723D8351AAEDB679339610009ECB23C70E373B862D9F","E:\MIXER\hybridzip\results\experiments\hybridzip-r2-forced-oracle-current-320dd1b-bgpt-shared-prior"
"mozilla","32","32768","9DDEEF36CA0CA55B72FE3376D005926DFF3400A2ADE6EAE18482D8017D8645DB","bgpt-shared-prior","25","56189","3FC94F3C864684714506994257EB3EB5037D4D44D82DB4264C6DB2A4B82C288D","9DDEEF36CA0CA55B72FE3376D005926DFF3400A2ADE6EAE18482D8017D8645DB","74FF260A939B01673667723D8351AAEDB679339610009ECB23C70E373B862D9F","E:\MIXER\hybridzip\results\experiments\hybridzip-r2-forced-oracle-current-320dd1b-bgpt-shared-prior"
"mr","32","32768","3BB287B0AF65F777AB00C14E362B4D1962087260556001BBEE0689AA10D9F76A","bgpt-shared-prior","25","62886","D819F79254FC00C7002414100B8BA7FA2E0300807D1B880AB61BF97F8189FFE2","3BB287B0AF65F777AB00C14E362B4D1962087260556001BBEE0689AA10D9F76A","74FF260A939B01673667723D8351AAEDB679339610009ECB23C70E373B862D9F","E:\MIXER\hybridzip\results\experiments\hybridzip-r2-forced-oracle-current-320dd1b-bgpt-shared-prior"
"nci","32","32768","0D3034FE8B0E573DE1439ED98CE409B83B13E5895085C9BFB0BF980F4962FB79","bgpt-shared-prior","25","30232","F871773FCD2670B315DBC44E9DD3ABD94FA25FB1F56E346CC480DDE4193EC496","0D3034FE8B0E573DE1439ED98CE409B83B13E5895085C9BFB0BF980F4962FB79","74FF260A939B01673667723D8351AAEDB679339610009ECB23C70E373B862D9F","E:\MIXER\hybridzip\results\experiments\hybridzip-r2-forced-oracle-current-320dd1b-bgpt-shared-prior"
"ooffice","32","32768","2ACF9B4CAAEAC5814CDFEF0FA48A5ECE857C847DBDB7B44EEAB95CA3C098921C","bgpt-shared-prior","25","54406","0F0202B6B0C56EEF69C753946E54F2A89C5F5969043BF8001BDB1D58F10EF98C","2ACF9B4CAAEAC5814CDFEF0FA48A5ECE857C847DBDB7B44EEAB95CA3C098921C","74FF260A939B01673667723D8351AAEDB679339610009ECB23C70E373B862D9F","E:\MIXER\hybridzip\results\experiments\hybridzip-r2-forced-oracle-current-320dd1b-bgpt-shared-prior"
"osdb","32","32768","03B2C20B777682CD960BCD893D7A4463161D9C0200FD1708B2EFAE32A259D0B7","bgpt-shared-prior","25","42096","8A174D94BA799AB12E3B78940BFE0897FB0A0CD241E456CAF8E46E8DBCF4756D","03B2C20B777682CD960BCD893D7A4463161D9C0200FD1708B2EFAE32A259D0B7","74FF260A939B01673667723D8351AAEDB679339610009ECB23C70E373B862D9F","E:\MIXER\hybridzip\results\experiments\hybridzip-r2-forced-oracle-current-320dd1b-bgpt-shared-prior"
"reymont","32","32768","9D5E4B9340C2260DAE7DDB01B3EDA58236FF2DE5E1FF4D56767AA840B6FB1A87","bgpt-shared-prior","25","37546","37CBC5A0465882CE16685A7E2DF316931BEA3BF7C2D238D3DC246FEFB08DDF07","9D5E4B9340C2260DAE7DDB01B3EDA58236FF2DE5E1FF4D56767AA840B6FB1A87","74FF260A939B01673667723D8351AAEDB679339610009ECB23C70E373B862D9F","E:\MIXER\hybridzip\results\experiments\hybridzip-r2-forced-oracle-current-320dd1b-bgpt-shared-prior"
"samba","32","32768","9C4F5BEE544E4531E4946E62F796987418B4526911C34877EF282F14DD57AD12","bgpt-shared-prior","25","30645","1B97CB2C571AD0A3F0F9C0B0A2A05B571994B407E9142E547E80A75A8ECE2C3E","9C4F5BEE544E4531E4946E62F796987418B4526911C34877EF282F14DD57AD12","74FF260A939B01673667723D8351AAEDB679339610009ECB23C70E373B862D9F","E:\MIXER\hybridzip\results\experiments\hybridzip-r2-forced-oracle-current-320dd1b-bgpt-shared-prior"
"sao","32","32768","95677430CAD4F000506BC5EE22815C3F4E13D64B477ED506B78D5D9ACFB50CCD","bgpt-shared-prior","25","53544","40174F520B1AFD0B1F4C3DFBCAC406E8EC96E94CE509760ADCF7F9A9666C2333","95677430CAD4F000506BC5EE22815C3F4E13D64B477ED506B78D5D9ACFB50CCD","74FF260A939B01673667723D8351AAEDB679339610009ECB23C70E373B862D9F","E:\MIXER\hybridzip\results\experiments\hybridzip-r2-forced-oracle-current-320dd1b-bgpt-shared-prior"
"webster","32","32768","774D224695AF4057353F72602BB96CD2AFEEA059AC7737535645F11596FCA85E","bgpt-shared-prior","25","28283","FED4E81F64F2ADED1E57C9F54967382E26C2DF89DCCDDA78F15D4BEBF0C1DD9C","774D224695AF4057353F72602BB96CD2AFEEA059AC7737535645F11596FCA85E","74FF260A939B01673667723D8351AAEDB679339610009ECB23C70E373B862D9F","E:\MIXER\hybridzip\results\experiments\hybridzip-r2-forced-oracle-current-320dd1b-bgpt-shared-prior"
"x-ray","32","32768","10511AA63DFBD9C0DDBFEFE36068740103D4BA1116E214154A0772057D7E9314","bgpt-shared-prior","25","56077","AE79DAC2C8B76B4697BA2DA11A6B522C28763EE7396AFE41A115F4860AD5BBF5","10511AA63DFBD9C0DDBFEFE36068740103D4BA1116E214154A0772057D7E9314","74FF260A939B01673667723D8351AAEDB679339610009ECB23C70E373B862D9F","E:\MIXER\hybridzip\results\experiments\hybridzip-r2-forced-oracle-current-320dd1b-bgpt-shared-prior"
"xml","32","32768","C2F7F129956F8D6FC3D0E3595D93F98D5270B6F5BC4AB5E70F45867822EFDD71","bgpt-shared-prior","25","38476","B8FC889217305D2CBE504F97235340A67A4ACED9CC8EA471277275A79E258467","C2F7F129956F8D6FC3D0E3595D93F98D5270B6F5BC4AB5E70F45867822EFDD71","74FF260A939B01673667723D8351AAEDB679339610009ECB23C70E373B862D9F","E:\MIXER\hybridzip\results\experiments\hybridzip-r2-forced-oracle-current-320dd1b-bgpt-shared-prior"
"dickens","32","32768","FC42DCB9849222C8704C9DCAE606D075B389B66244FB215035148D6409EC0B31","jax-compress-portable","26","16232","74EAB69E2C1E728E171AEFD89698B35995117DD53B8A7FCE3BAA6D926B0F11E1","FC42DCB9849222C8704C9DCAE606D075B389B66244FB215035148D6409EC0B31","74FF260A939B01673667723D8351AAEDB679339610009ECB23C70E373B862D9F","E:\MIXER\hybridzip\results\experiments\hybridzip-r2-forced-oracle-current-320dd1b-jax-compress-portable"
"mozilla","32","32768","9DDEEF36CA0CA55B72FE3376D005926DFF3400A2ADE6EAE18482D8017D8645DB","jax-compress-portable","26","14721","C87534FDE040722734E65CF25F44A5700F24E6C4C60A4418DF3D7AB13CDC9B60","9DDEEF36CA0CA55B72FE3376D005926DFF3400A2ADE6EAE18482D8017D8645DB","74FF260A939B01673667723D8351AAEDB679339610009ECB23C70E373B862D9F","E:\MIXER\hybridzip\results\experiments\hybridzip-r2-forced-oracle-current-320dd1b-jax-compress-portable"
"mr","32","32768","3BB287B0AF65F777AB00C14E362B4D1962087260556001BBEE0689AA10D9F76A","jax-compress-portable","26","7594","54AE5D5ED60938FDA13829BAC3D93B6B9DC8F72A1E43CD69A7C53697C6552B12","3BB287B0AF65F777AB00C14E362B4D1962087260556001BBEE0689AA10D9F76A","74FF260A939B01673667723D8351AAEDB679339610009ECB23C70E373B862D9F","E:\MIXER\hybridzip\results\experiments\hybridzip-r2-forced-oracle-current-320dd1b-jax-compress-portable"
"nci","32","32768","0D3034FE8B0E573DE1439ED98CE409B83B13E5895085C9BFB0BF980F4962FB79","jax-compress-portable","26","6925","A3259BE9CB90B066FE95C4C3FBF30ABDA2DFAA5398DC5BE3417FA770F48C52F0","0D3034FE8B0E573DE1439ED98CE409B83B13E5895085C9BFB0BF980F4962FB79","74FF260A939B01673667723D8351AAEDB679339610009ECB23C70E373B862D9F","E:\MIXER\hybridzip\results\experiments\hybridzip-r2-forced-oracle-current-320dd1b-jax-compress-portable"
"ooffice","32","32768","2ACF9B4CAAEAC5814CDFEF0FA48A5ECE857C847DBDB7B44EEAB95CA3C098921C","jax-compress-portable","26","18279","0BDB6DC0506695CABEE7EF321E499858F54DD2C15B4CFE6776C212592D4CD624","2ACF9B4CAAEAC5814CDFEF0FA48A5ECE857C847DBDB7B44EEAB95CA3C098921C","74FF260A939B01673667723D8351AAEDB679339610009ECB23C70E373B862D9F","E:\MIXER\hybridzip\results\experiments\hybridzip-r2-forced-oracle-current-320dd1b-jax-compress-portable"
"osdb","32","32768","03B2C20B777682CD960BCD893D7A4463161D9C0200FD1708B2EFAE32A259D0B7","jax-compress-portable","26","22893","4BAB1865734623EF17B3E67961D6489C1D69D23AC723C6C6D9EB7DD00F394808","03B2C20B777682CD960BCD893D7A4463161D9C0200FD1708B2EFAE32A259D0B7","74FF260A939B01673667723D8351AAEDB679339610009ECB23C70E373B862D9F","E:\MIXER\hybridzip\results\experiments\hybridzip-r2-forced-oracle-current-320dd1b-jax-compress-portable"
"reymont","32","32768","9D5E4B9340C2260DAE7DDB01B3EDA58236FF2DE5E1FF4D56767AA840B6FB1A87","jax-compress-portable","26","13672","0D57A4C7D6519BE143461A76FD82948A61839D7E582F8B91D90D8016A6355253","9D5E4B9340C2260DAE7DDB01B3EDA58236FF2DE5E1FF4D56767AA840B6FB1A87","74FF260A939B01673667723D8351AAEDB679339610009ECB23C70E373B862D9F","E:\MIXER\hybridzip\results\experiments\hybridzip-r2-forced-oracle-current-320dd1b-jax-compress-portable"
"samba","32","32768","9C4F5BEE544E4531E4946E62F796987418B4526911C34877EF282F14DD57AD12","jax-compress-portable","26","16289","9E0FEAA8AA29C060C97D01E0C6BE7452699691502357C88A5627E10FEBACD310","9C4F5BEE544E4531E4946E62F796987418B4526911C34877EF282F14DD57AD12","74FF260A939B01673667723D8351AAEDB679339610009ECB23C70E373B862D9F","E:\MIXER\hybridzip\results\experiments\hybridzip-r2-forced-oracle-current-320dd1b-jax-compress-portable"
"sao","32","32768","95677430CAD4F000506BC5EE22815C3F4E13D64B477ED506B78D5D9ACFB50CCD","jax-compress-portable","26","25840","601EF9FD04416F7C03985ECD2460D115778B9275CA27C575385CBD3E779EDB5B","95677430CAD4F000506BC5EE22815C3F4E13D64B477ED506B78D5D9ACFB50CCD","74FF260A939B01673667723D8351AAEDB679339610009ECB23C70E373B862D9F","E:\MIXER\hybridzip\results\experiments\hybridzip-r2-forced-oracle-current-320dd1b-jax-compress-portable"
"webster","32","32768","774D224695AF4057353F72602BB96CD2AFEEA059AC7737535645F11596FCA85E","jax-compress-portable","26","17537","3DE37D8677F2EEFAFAD11CEC5D6D8CA9B14263C8D0D89B497DE21671D55E80C0","774D224695AF4057353F72602BB96CD2AFEEA059AC7737535645F11596FCA85E","74FF260A939B01673667723D8351AAEDB679339610009ECB23C70E373B862D9F","E:\MIXER\hybridzip\results\experiments\hybridzip-r2-forced-oracle-current-320dd1b-jax-compress-portable"
"x-ray","32","32768","10511AA63DFBD9C0DDBFEFE36068740103D4BA1116E214154A0772057D7E9314","jax-compress-portable","26","19070","464998C90D5688FBE717342264C9278D14DFDBB3B42B55498D7E4AFD56C60772","10511AA63DFBD9C0DDBFEFE36068740103D4BA1116E214154A0772057D7E9314","74FF260A939B01673667723D8351AAEDB679339610009ECB23C70E373B862D9F","E:\MIXER\hybridzip\results\experiments\hybridzip-r2-forced-oracle-current-320dd1b-jax-compress-portable"
"xml","32","32768","C2F7F129956F8D6FC3D0E3595D93F98D5270B6F5BC4AB5E70F45867822EFDD71","jax-compress-portable","26","14496","4A1324F7A1B16A459E2B25464B5238C5348D2440D6DA58477162BBA85F38FAF7","C2F7F129956F8D6FC3D0E3595D93F98D5270B6F5BC4AB5E70F45867822EFDD71","74FF260A939B01673667723D8351AAEDB679339610009ECB23C70E373B862D9F","E:\MIXER\hybridzip\results\experiments\hybridzip-r2-forced-oracle-current-320dd1b-jax-compress-portable"
"dickens","32","32768","FC42DCB9849222C8704C9DCAE606D075B389B66244FB215035148D6409EC0B31","ppmd7","27","11123","32E00B4C5D81C53B09D9E1CBF1402C73B8DD21ADEFA20015BF52A3C2EA2333B7","FC42DCB9849222C8704C9DCAE606D075B389B66244FB215035148D6409EC0B31","74FF260A939B01673667723D8351AAEDB679339610009ECB23C70E373B862D9F","E:\MIXER\hybridzip\results\experiments\hybridzip-r2-forced-oracle-current-320dd1b-ppmd7"
"mozilla","32","32768","9DDEEF36CA0CA55B72FE3376D005926DFF3400A2ADE6EAE18482D8017D8645DB","ppmd7","27","9683","3B7B503672F11C60158799812AFF47D35E8FACE4AB5A244BFA627E9C4D6E938A","9DDEEF36CA0CA55B72FE3376D005926DFF3400A2ADE6EAE18482D8017D8645DB","74FF260A939B01673667723D8351AAEDB679339610009ECB23C70E373B862D9F","E:\MIXER\hybridzip\results\experiments\hybridzip-r2-forced-oracle-current-320dd1b-ppmd7"
"mr","32","32768","3BB287B0AF65F777AB00C14E362B4D1962087260556001BBEE0689AA10D9F76A","ppmd7","27","6694","3A64B9D36FDD67FFC65DC3C03368A64AC629C1127F52CA33794A64EEAFD58EE0","3BB287B0AF65F777AB00C14E362B4D1962087260556001BBEE0689AA10D9F76A","74FF260A939B01673667723D8351AAEDB679339610009ECB23C70E373B862D9F","E:\MIXER\hybridzip\results\experiments\hybridzip-r2-forced-oracle-current-320dd1b-ppmd7"
"nci","32","32768","0D3034FE8B0E573DE1439ED98CE409B83B13E5895085C9BFB0BF980F4962FB79","ppmd7","27","2610","A73B969364EE1538149E914EE71852A9ED1533A255C7A1D310ACA67ED5C529BA","0D3034FE8B0E573DE1439ED98CE409B83B13E5895085C9BFB0BF980F4962FB79","74FF260A939B01673667723D8351AAEDB679339610009ECB23C70E373B862D9F","E:\MIXER\hybridzip\results\experiments\hybridzip-r2-forced-oracle-current-320dd1b-ppmd7"
"ooffice","32","32768","2ACF9B4CAAEAC5814CDFEF0FA48A5ECE857C847DBDB7B44EEAB95CA3C098921C","ppmd7","27","12604","3DC74F7B078CA61E9E332A7929D6A6FB4F3D6D5724BB97CF41970CE39433C0B1","2ACF9B4CAAEAC5814CDFEF0FA48A5ECE857C847DBDB7B44EEAB95CA3C098921C","74FF260A939B01673667723D8351AAEDB679339610009ECB23C70E373B862D9F","E:\MIXER\hybridzip\results\experiments\hybridzip-r2-forced-oracle-current-320dd1b-ppmd7"
"osdb","32","32768","03B2C20B777682CD960BCD893D7A4463161D9C0200FD1708B2EFAE32A259D0B7","ppmd7","27","13943","A0D0F2130A5BD6CE422702999B3560821AE930458B0A45E1591EACB09BE6491F","03B2C20B777682CD960BCD893D7A4463161D9C0200FD1708B2EFAE32A259D0B7","74FF260A939B01673667723D8351AAEDB679339610009ECB23C70E373B862D9F","E:\MIXER\hybridzip\results\experiments\hybridzip-r2-forced-oracle-current-320dd1b-ppmd7"
"reymont","32","32768","9D5E4B9340C2260DAE7DDB01B3EDA58236FF2DE5E1FF4D56767AA840B6FB1A87","ppmd7","27","7299","5FFD5231D8E414DCDB9C2A1245813B97F24D33366437D46C4F47BE93BF70DF05","9D5E4B9340C2260DAE7DDB01B3EDA58236FF2DE5E1FF4D56767AA840B6FB1A87","74FF260A939B01673667723D8351AAEDB679339610009ECB23C70E373B862D9F","E:\MIXER\hybridzip\results\experiments\hybridzip-r2-forced-oracle-current-320dd1b-ppmd7"
"samba","32","32768","9C4F5BEE544E4531E4946E62F796987418B4526911C34877EF282F14DD57AD12","ppmd7","27","9312","7BB9ECE7E3C36800A61FE6E909A1860500144EA4062C0478DDF3FB8A031E1FE3","9C4F5BEE544E4531E4946E62F796987418B4526911C34877EF282F14DD57AD12","74FF260A939B01673667723D8351AAEDB679339610009ECB23C70E373B862D9F","E:\MIXER\hybridzip\results\experiments\hybridzip-r2-forced-oracle-current-320dd1b-ppmd7"
"sao","32","32768","95677430CAD4F000506BC5EE22815C3F4E13D64B477ED506B78D5D9ACFB50CCD","ppmd7","27","23039","8332DC34B2AB2DEAB0814F615A6438042200804552C9416CC07A149D66DA1CDC","95677430CAD4F000506BC5EE22815C3F4E13D64B477ED506B78D5D9ACFB50CCD","74FF260A939B01673667723D8351AAEDB679339610009ECB23C70E373B862D9F","E:\MIXER\hybridzip\results\experiments\hybridzip-r2-forced-oracle-current-320dd1b-ppmd7"
"webster","32","32768","774D224695AF4057353F72602BB96CD2AFEEA059AC7737535645F11596FCA85E","ppmd7","27","10897","E646A9BC657466AD2FC05E1F142BEA98B7EAD614B7A4322880186DCB4498B692","774D224695AF4057353F72602BB96CD2AFEEA059AC7737535645F11596FCA85E","74FF260A939B01673667723D8351AAEDB679339610009ECB23C70E373B862D9F","E:\MIXER\hybridzip\results\experiments\hybridzip-r2-forced-oracle-current-320dd1b-ppmd7"
"x-ray","32","32768","10511AA63DFBD9C0DDBFEFE36068740103D4BA1116E214154A0772057D7E9314","ppmd7","27","19813","D98DA4DC43F0D44FE1F8EAD2E918785AE4BFC9F9AA0C8F2C79A47D5E9668F667","10511AA63DFBD9C0DDBFEFE36068740103D4BA1116E214154A0772057D7E9314","74FF260A939B01673667723D8351AAEDB679339610009ECB23C70E373B862D9F","E:\MIXER\hybridzip\results\experiments\hybridzip-r2-forced-oracle-current-320dd1b-ppmd7"
"xml","32","32768","C2F7F129956F8D6FC3D0E3595D93F98D5270B6F5BC4AB5E70F45867822EFDD71","ppmd7","27","2597","CE231458A9C3F1C70EB939A92B27AC9E5551BEA773CB554C86AEBC7F1A18C433","C2F7F129956F8D6FC3D0E3595D93F98D5270B6F5BC4AB5E70F45867822EFDD71","74FF260A939B01673667723D8351AAEDB679339610009ECB23C70E373B862D9F","E:\MIXER\hybridzip\results\experiments\hybridzip-r2-forced-oracle-current-320dd1b-ppmd7"
"dickens","32","32768","FC42DCB9849222C8704C9DCAE606D075B389B66244FB215035148D6409EC0B31","ppmd8","28","11107","E7BE2B96FCC68EFA39A538057BCD7C56896E075994DC88BC42E443B4C823D7FE","FC42DCB9849222C8704C9DCAE606D075B389B66244FB215035148D6409EC0B31","74FF260A939B01673667723D8351AAEDB679339610009ECB23C70E373B862D9F","E:\MIXER\hybridzip\results\experiments\hybridzip-r2-forced-oracle-current-320dd1b-ppmd8"
"mozilla","32","32768","9DDEEF36CA0CA55B72FE3376D005926DFF3400A2ADE6EAE18482D8017D8645DB","ppmd8","28","9652","89FBB87E3AFC01F7551E1163CDA7D777FDBF4895BE289F04B440BC84CB9FD5C3","9DDEEF36CA0CA55B72FE3376D005926DFF3400A2ADE6EAE18482D8017D8645DB","74FF260A939B01673667723D8351AAEDB679339610009ECB23C70E373B862D9F","E:\MIXER\hybridzip\results\experiments\hybridzip-r2-forced-oracle-current-320dd1b-ppmd8"
"mr","32","32768","3BB287B0AF65F777AB00C14E362B4D1962087260556001BBEE0689AA10D9F76A","ppmd8","28","6624","370B5E035C7A0445701DDF380CCF0DEAD9EC169D9A34972ED960007DFA715508","3BB287B0AF65F777AB00C14E362B4D1962087260556001BBEE0689AA10D9F76A","74FF260A939B01673667723D8351AAEDB679339610009ECB23C70E373B862D9F","E:\MIXER\hybridzip\results\experiments\hybridzip-r2-forced-oracle-current-320dd1b-ppmd8"
"nci","32","32768","0D3034FE8B0E573DE1439ED98CE409B83B13E5895085C9BFB0BF980F4962FB79","ppmd8","28","2594","B98EEA948155BE8A74B01E2FC58E28FFF92B7A958321F4AA77226EC6AC11B566","0D3034FE8B0E573DE1439ED98CE409B83B13E5895085C9BFB0BF980F4962FB79","74FF260A939B01673667723D8351AAEDB679339610009ECB23C70E373B862D9F","E:\MIXER\hybridzip\results\experiments\hybridzip-r2-forced-oracle-current-320dd1b-ppmd8"
"ooffice","32","32768","2ACF9B4CAAEAC5814CDFEF0FA48A5ECE857C847DBDB7B44EEAB95CA3C098921C","ppmd8","28","12567","93E5FD311E883EB5167E536FEC4C4624944B7E3CCEEB73A6DEE1D828231C2BD8","2ACF9B4CAAEAC5814CDFEF0FA48A5ECE857C847DBDB7B44EEAB95CA3C098921C","74FF260A939B01673667723D8351AAEDB679339610009ECB23C70E373B862D9F","E:\MIXER\hybridzip\results\experiments\hybridzip-r2-forced-oracle-current-320dd1b-ppmd8"
"osdb","32","32768","03B2C20B777682CD960BCD893D7A4463161D9C0200FD1708B2EFAE32A259D0B7","ppmd8","28","13948","5CE06A34FF4037A2AC8095C7C059CBF17D68B2C3283D12E0CF44D4A6E0C20E84","03B2C20B777682CD960BCD893D7A4463161D9C0200FD1708B2EFAE32A259D0B7","74FF260A939B01673667723D8351AAEDB679339610009ECB23C70E373B862D9F","E:\MIXER\hybridzip\results\experiments\hybridzip-r2-forced-oracle-current-320dd1b-ppmd8"
"reymont","32","32768","9D5E4B9340C2260DAE7DDB01B3EDA58236FF2DE5E1FF4D56767AA840B6FB1A87","ppmd8","28","7278","314223555A736CB6AF32C49585E176ADCDFC01CF0EE636091EAA161FCEDECAB9","9D5E4B9340C2260DAE7DDB01B3EDA58236FF2DE5E1FF4D56767AA840B6FB1A87","74FF260A939B01673667723D8351AAEDB679339610009ECB23C70E373B862D9F","E:\MIXER\hybridzip\results\experiments\hybridzip-r2-forced-oracle-current-320dd1b-ppmd8"
"samba","32","32768","9C4F5BEE544E4531E4946E62F796987418B4526911C34877EF282F14DD57AD12","ppmd8","28","9303","ADA0E8F61EA10A2ECC9DE95B4601A3025E864E0EBDB372AB285BC8C7EB1E894F","9C4F5BEE544E4531E4946E62F796987418B4526911C34877EF282F14DD57AD12","74FF260A939B01673667723D8351AAEDB679339610009ECB23C70E373B862D9F","E:\MIXER\hybridzip\results\experiments\hybridzip-r2-forced-oracle-current-320dd1b-ppmd8"
"sao","32","32768","95677430CAD4F000506BC5EE22815C3F4E13D64B477ED506B78D5D9ACFB50CCD","ppmd8","28","23058","E657A649693A3ECD8BBC1C843B6CE9F3544F0F0616B535FC672055C57AA742BC","95677430CAD4F000506BC5EE22815C3F4E13D64B477ED506B78D5D9ACFB50CCD","74FF260A939B01673667723D8351AAEDB679339610009ECB23C70E373B862D9F","E:\MIXER\hybridzip\results\experiments\hybridzip-r2-forced-oracle-current-320dd1b-ppmd8"
"webster","32","32768","774D224695AF4057353F72602BB96CD2AFEEA059AC7737535645F11596FCA85E","ppmd8","28","10876","260E471C08A73D300FD339C402C27A2FBC4CEEF966D30AD332E994E3F18EC8BA","774D224695AF4057353F72602BB96CD2AFEEA059AC7737535645F11596FCA85E","74FF260A939B01673667723D8351AAEDB679339610009ECB23C70E373B862D9F","E:\MIXER\hybridzip\results\experiments\hybridzip-r2-forced-oracle-current-320dd1b-ppmd8"
"x-ray","32","32768","10511AA63DFBD9C0DDBFEFE36068740103D4BA1116E214154A0772057D7E9314","ppmd8","28","19809","6E25E14F870BC6B496ADE0CAD376FB1A906C22BD85C63B1300192C59E400A823","10511AA63DFBD9C0DDBFEFE36068740103D4BA1116E214154A0772057D7E9314","74FF260A939B01673667723D8351AAEDB679339610009ECB23C70E373B862D9F","E:\MIXER\hybridzip\results\experiments\hybridzip-r2-forced-oracle-current-320dd1b-ppmd8"
"xml","32","32768","C2F7F129956F8D6FC3D0E3595D93F98D5270B6F5BC4AB5E70F45867822EFDD71","ppmd8","28","2566","1868AD2EB066DBA6F6C2F33BC94BAA5318D9F4AA6A564F5369209738C7191315","C2F7F129956F8D6FC3D0E3595D93F98D5270B6F5BC4AB5E70F45867822EFDD71","74FF260A939B01673667723D8351AAEDB679339610009ECB23C70E373B862D9F","E:\MIXER\hybridzip\results\experiments\hybridzip-r2-forced-oracle-current-320dd1b-ppmd8"
"dickens","32","32768","FC42DCB9849222C8704C9DCAE606D075B389B66244FB215035148D6409EC0B31","zpaq","29","13020","F45B7FCDCF76D4BA074D6A67BF35913B08895FE1F5A677133720D0DE111525EB","FC42DCB9849222C8704C9DCAE606D075B389B66244FB215035148D6409EC0B31","74FF260A939B01673667723D8351AAEDB679339610009ECB23C70E373B862D9F","E:\MIXER\hybridzip\results\experiments\hybridzip-r2-forced-oracle-current-320dd1b-zpaq"
"mozilla","32","32768","9DDEEF36CA0CA55B72FE3376D005926DFF3400A2ADE6EAE18482D8017D8645DB","zpaq","29","10379","DB0649312697C129E4287F34D9012BDF9121F83184ED0AAB6686941BA824AC39","9DDEEF36CA0CA55B72FE3376D005926DFF3400A2ADE6EAE18482D8017D8645DB","74FF260A939B01673667723D8351AAEDB679339610009ECB23C70E373B862D9F","E:\MIXER\hybridzip\results\experiments\hybridzip-r2-forced-oracle-current-320dd1b-zpaq"
"mr","32","32768","3BB287B0AF65F777AB00C14E362B4D1962087260556001BBEE0689AA10D9F76A","zpaq","29","7072","BD7617187D5ED62B4447E6F2CD15BBE033E06FEF9A59B977B82AA73C4E02AA92","3BB287B0AF65F777AB00C14E362B4D1962087260556001BBEE0689AA10D9F76A","74FF260A939B01673667723D8351AAEDB679339610009ECB23C70E373B862D9F","E:\MIXER\hybridzip\results\experiments\hybridzip-r2-forced-oracle-current-320dd1b-zpaq"
"nci","32","32768","0D3034FE8B0E573DE1439ED98CE409B83B13E5895085C9BFB0BF980F4962FB79","zpaq","29","3107","1CE494EC58590D8C9820C24118D0B51B684007B6F0121EF048FF4793DE66C0D3","0D3034FE8B0E573DE1439ED98CE409B83B13E5895085C9BFB0BF980F4962FB79","74FF260A939B01673667723D8351AAEDB679339610009ECB23C70E373B862D9F","E:\MIXER\hybridzip\results\experiments\hybridzip-r2-forced-oracle-current-320dd1b-zpaq"
"ooffice","32","32768","2ACF9B4CAAEAC5814CDFEF0FA48A5ECE857C847DBDB7B44EEAB95CA3C098921C","zpaq","29","13818","EBC2D88BD11CB892F909FAB1900483B9366742B38B353A511FE3CE805E4C5949","2ACF9B4CAAEAC5814CDFEF0FA48A5ECE857C847DBDB7B44EEAB95CA3C098921C","74FF260A939B01673667723D8351AAEDB679339610009ECB23C70E373B862D9F","E:\MIXER\hybridzip\results\experiments\hybridzip-r2-forced-oracle-current-320dd1b-zpaq"
"osdb","32","32768","03B2C20B777682CD960BCD893D7A4463161D9C0200FD1708B2EFAE32A259D0B7","zpaq","29","15236","CD85747F56516B338491A94BF3E954E64666BEB08AB277FD78D422D9C45F23D9","03B2C20B777682CD960BCD893D7A4463161D9C0200FD1708B2EFAE32A259D0B7","74FF260A939B01673667723D8351AAEDB679339610009ECB23C70E373B862D9F","E:\MIXER\hybridzip\results\experiments\hybridzip-r2-forced-oracle-current-320dd1b-zpaq"
"reymont","32","32768","9D5E4B9340C2260DAE7DDB01B3EDA58236FF2DE5E1FF4D56767AA840B6FB1A87","zpaq","29","8958","29F5763AAD830B39541EEFD8B49D6E92FEA38AE69EE12E39B4C5B56873AD8DD4","9D5E4B9340C2260DAE7DDB01B3EDA58236FF2DE5E1FF4D56767AA840B6FB1A87","74FF260A939B01673667723D8351AAEDB679339610009ECB23C70E373B862D9F","E:\MIXER\hybridzip\results\experiments\hybridzip-r2-forced-oracle-current-320dd1b-zpaq"
"samba","32","32768","9C4F5BEE544E4531E4946E62F796987418B4526911C34877EF282F14DD57AD12","zpaq","29","11315","C24ABFD748AF5D12D012042FB3D87AC408C459F4341F382F5665888A3066B549","9C4F5BEE544E4531E4946E62F796987418B4526911C34877EF282F14DD57AD12","74FF260A939B01673667723D8351AAEDB679339610009ECB23C70E373B862D9F","E:\MIXER\hybridzip\results\experiments\hybridzip-r2-forced-oracle-current-320dd1b-zpaq"
"sao","32","32768","95677430CAD4F000506BC5EE22815C3F4E13D64B477ED506B78D5D9ACFB50CCD","zpaq","29","24035","57DFC4E0AEE9B8284C051A1DDFDDF577386F8C9C1F668D8992488FBB32C201E4","95677430CAD4F000506BC5EE22815C3F4E13D64B477ED506B78D5D9ACFB50CCD","74FF260A939B01673667723D8351AAEDB679339610009ECB23C70E373B862D9F","E:\MIXER\hybridzip\results\experiments\hybridzip-r2-forced-oracle-current-320dd1b-zpaq"
"webster","32","32768","774D224695AF4057353F72602BB96CD2AFEEA059AC7737535645F11596FCA85E","zpaq","29","12792","6051B1BBC69E5AF452AF4459AB06742A380AFE1FA8B022F6EC7B260A894F6B12","774D224695AF4057353F72602BB96CD2AFEEA059AC7737535645F11596FCA85E","74FF260A939B01673667723D8351AAEDB679339610009ECB23C70E373B862D9F","E:\MIXER\hybridzip\results\experiments\hybridzip-r2-forced-oracle-current-320dd1b-zpaq"
"x-ray","32","32768","10511AA63DFBD9C0DDBFEFE36068740103D4BA1116E214154A0772057D7E9314","zpaq","29","19492","D8B473F17458463D1A86D13C7318B2F311E70620AB817142020DBC61E89EE054","10511AA63DFBD9C0DDBFEFE36068740103D4BA1116E214154A0772057D7E9314","74FF260A939B01673667723D8351AAEDB679339610009ECB23C70E373B862D9F","E:\MIXER\hybridzip\results\experiments\hybridzip-r2-forced-oracle-current-320dd1b-zpaq"
"xml","32","32768","C2F7F129956F8D6FC3D0E3595D93F98D5270B6F5BC4AB5E70F45867822EFDD71","zpaq","29","3337","4F40F7A87544CBBDB3AF09BA84674F0AB22D320CE291BDC198429B0B3A66ABED","C2F7F129956F8D6FC3D0E3595D93F98D5270B6F5BC4AB5E70F45867822EFDD71","74FF260A939B01673667723D8351AAEDB679339610009ECB23C70E373B862D9F","E:\MIXER\hybridzip\results\experiments\hybridzip-r2-forced-oracle-current-320dd1b-zpaq"
"dickens","32","32768","FC42DCB9849222C8704C9DCAE606D075B389B66244FB215035148D6409EC0B31","ctw","30","13237","4168461FF2AB0778AC8FA6D3DABA599502B07E2217F6D5156C87417A7E06D407","FC42DCB9849222C8704C9DCAE606D075B389B66244FB215035148D6409EC0B31","74FF260A939B01673667723D8351AAEDB679339610009ECB23C70E373B862D9F","E:\MIXER\hybridzip\results\experiments\hybridzip-r2-forced-oracle-current-320dd1b-ctw"
"mozilla","32","32768","9DDEEF36CA0CA55B72FE3376D005926DFF3400A2ADE6EAE18482D8017D8645DB","ctw","30","12927","BC6F449FD2B71F91362CC26DB7F3202C076C435C94C3535379124D0D76D6D96F","9DDEEF36CA0CA55B72FE3376D005926DFF3400A2ADE6EAE18482D8017D8645DB","74FF260A939B01673667723D8351AAEDB679339610009ECB23C70E373B862D9F","E:\MIXER\hybridzip\results\experiments\hybridzip-r2-forced-oracle-current-320dd1b-ctw"
"mr","32","32768","3BB287B0AF65F777AB00C14E362B4D1962087260556001BBEE0689AA10D9F76A","ctw","30","7860","4ECD4DE2A328ABC1D1C7E6E79F029CE5DFA8427D6AB0DF2BB7E33BCA4027374D","3BB287B0AF65F777AB00C14E362B4D1962087260556001BBEE0689AA10D9F76A","74FF260A939B01673667723D8351AAEDB679339610009ECB23C70E373B862D9F","E:\MIXER\hybridzip\results\experiments\hybridzip-r2-forced-oracle-current-320dd1b-ctw"
"nci","32","32768","0D3034FE8B0E573DE1439ED98CE409B83B13E5895085C9BFB0BF980F4962FB79","ctw","30","3502","AC654EC40C3EA7705B8E4932BCEB4DE89A69059D0ED88F4161FADB725F12C8AB","0D3034FE8B0E573DE1439ED98CE409B83B13E5895085C9BFB0BF980F4962FB79","74FF260A939B01673667723D8351AAEDB679339610009ECB23C70E373B862D9F","E:\MIXER\hybridzip\results\experiments\hybridzip-r2-forced-oracle-current-320dd1b-ctw"
"ooffice","32","32768","2ACF9B4CAAEAC5814CDFEF0FA48A5ECE857C847DBDB7B44EEAB95CA3C098921C","ctw","30","16685","ABC6B3BBED9E6E815E7EC73D4B4BE97D5FE9095433C4FEE4D862F01A1C444977","2ACF9B4CAAEAC5814CDFEF0FA48A5ECE857C847DBDB7B44EEAB95CA3C098921C","74FF260A939B01673667723D8351AAEDB679339610009ECB23C70E373B862D9F","E:\MIXER\hybridzip\results\experiments\hybridzip-r2-forced-oracle-current-320dd1b-ctw"
"osdb","32","32768","03B2C20B777682CD960BCD893D7A4463161D9C0200FD1708B2EFAE32A259D0B7","ctw","30","21533","FDCBEBB656033475BE99BFC0638DBFC9AA9F3E2FFA8FCE25D0FC7691307662E8","03B2C20B777682CD960BCD893D7A4463161D9C0200FD1708B2EFAE32A259D0B7","74FF260A939B01673667723D8351AAEDB679339610009ECB23C70E373B862D9F","E:\MIXER\hybridzip\results\experiments\hybridzip-r2-forced-oracle-current-320dd1b-ctw"
"reymont","32","32768","9D5E4B9340C2260DAE7DDB01B3EDA58236FF2DE5E1FF4D56767AA840B6FB1A87","ctw","30","9079","BF0280D5602F300955FEC6C12E94F66985CF7FCE421914006960DBF797A14A9C","9D5E4B9340C2260DAE7DDB01B3EDA58236FF2DE5E1FF4D56767AA840B6FB1A87","74FF260A939B01673667723D8351AAEDB679339610009ECB23C70E373B862D9F","E:\MIXER\hybridzip\results\experiments\hybridzip-r2-forced-oracle-current-320dd1b-ctw"
"samba","32","32768","9C4F5BEE544E4531E4946E62F796987418B4526911C34877EF282F14DD57AD12","ctw","30","11733","2ECA5DE02B7DB7AE23AE2F245722ABBC32C653D43C5F226B250E0D1EA8549792","9C4F5BEE544E4531E4946E62F796987418B4526911C34877EF282F14DD57AD12","74FF260A939B01673667723D8351AAEDB679339610009ECB23C70E373B862D9F","E:\MIXER\hybridzip\results\experiments\hybridzip-r2-forced-oracle-current-320dd1b-ctw"
"sao","32","32768","95677430CAD4F000506BC5EE22815C3F4E13D64B477ED506B78D5D9ACFB50CCD","ctw","30","25765","3D4AB3B2B0FCD87F3E77EABB83CFD5F1CD8B47D3021C27E7FE7DF6D9A61F35FC","95677430CAD4F000506BC5EE22815C3F4E13D64B477ED506B78D5D9ACFB50CCD","74FF260A939B01673667723D8351AAEDB679339610009ECB23C70E373B862D9F","E:\MIXER\hybridzip\results\experiments\hybridzip-r2-forced-oracle-current-320dd1b-ctw"
"webster","32","32768","774D224695AF4057353F72602BB96CD2AFEEA059AC7737535645F11596FCA85E","ctw","30","13833","591F52E2EC854FEA2538F8CCF640C676604B4FDDE00C96746D34CBC2E8499998","774D224695AF4057353F72602BB96CD2AFEEA059AC7737535645F11596FCA85E","74FF260A939B01673667723D8351AAEDB679339610009ECB23C70E373B862D9F","E:\MIXER\hybridzip\results\experiments\hybridzip-r2-forced-oracle-current-320dd1b-ctw"
"x-ray","32","32768","10511AA63DFBD9C0DDBFEFE36068740103D4BA1116E214154A0772057D7E9314","ctw","30","21716","D7B4140583F95DD72DCD72A77BE9A1431F2B401610C1EBD7D2BE727A9085BEE5","10511AA63DFBD9C0DDBFEFE36068740103D4BA1116E214154A0772057D7E9314","74FF260A939B01673667723D8351AAEDB679339610009ECB23C70E373B862D9F","E:\MIXER\hybridzip\results\experiments\hybridzip-r2-forced-oracle-current-320dd1b-ctw"
"xml","32","32768","C2F7F129956F8D6FC3D0E3595D93F98D5270B6F5BC4AB5E70F45867822EFDD71","ctw","30","4106","A82B3B02FC7F00B788D1A44CD48FE3FAD3BD05F44FB776831E345B18F7CB6158","C2F7F129956F8D6FC3D0E3595D93F98D5270B6F5BC4AB5E70F45867822EFDD71","74FF260A939B01673667723D8351AAEDB679339610009ECB23C70E373B862D9F","E:\MIXER\hybridzip\results\experiments\hybridzip-r2-forced-oracle-current-320dd1b-ctw"
"dickens","32","32768","FC42DCB9849222C8704C9DCAE606D075B389B66244FB215035148D6409EC0B31","paq8px-apm","31","11634","00E34AF3D7CE0B4873F34C2B1980A49CC4F1C51B677D12932837F8A0E8A47F2D","FC42DCB9849222C8704C9DCAE606D075B389B66244FB215035148D6409EC0B31","74FF260A939B01673667723D8351AAEDB679339610009ECB23C70E373B862D9F","E:\MIXER\hybridzip\results\experiments\hybridzip-r2-forced-oracle-current-320dd1b-paq8px-apm"
"mozilla","32","32768","9DDEEF36CA0CA55B72FE3376D005926DFF3400A2ADE6EAE18482D8017D8645DB","paq8px-apm","31","9789","E37E1CFE0DF3C930697497F051E38FB580F5E8D6AED65BC60A8EE40C64DD059A","9DDEEF36CA0CA55B72FE3376D005926DFF3400A2ADE6EAE18482D8017D8645DB","74FF260A939B01673667723D8351AAEDB679339610009ECB23C70E373B862D9F","E:\MIXER\hybridzip\results\experiments\hybridzip-r2-forced-oracle-current-320dd1b-paq8px-apm"
"mr","32","32768","3BB287B0AF65F777AB00C14E362B4D1962087260556001BBEE0689AA10D9F76A","paq8px-apm","31","6420","B0C80DEA735953B4138C77F229D04E0E6B4E7303A70276694D5B7A18D1E6AE10","3BB287B0AF65F777AB00C14E362B4D1962087260556001BBEE0689AA10D9F76A","74FF260A939B01673667723D8351AAEDB679339610009ECB23C70E373B862D9F","E:\MIXER\hybridzip\results\experiments\hybridzip-r2-forced-oracle-current-320dd1b-paq8px-apm"
"nci","32","32768","0D3034FE8B0E573DE1439ED98CE409B83B13E5895085C9BFB0BF980F4962FB79","paq8px-apm","31","2413","E365D0D4D605E41EAB53E0F4D5FAC926B3A899B5339468DED11ECD5028FDB584","0D3034FE8B0E573DE1439ED98CE409B83B13E5895085C9BFB0BF980F4962FB79","74FF260A939B01673667723D8351AAEDB679339610009ECB23C70E373B862D9F","E:\MIXER\hybridzip\results\experiments\hybridzip-r2-forced-oracle-current-320dd1b-paq8px-apm"
"ooffice","32","32768","2ACF9B4CAAEAC5814CDFEF0FA48A5ECE857C847DBDB7B44EEAB95CA3C098921C","paq8px-apm","31","12731","828F5B58A81BEDB36522F38CF737E4B10BEA24F53A369DC8DFA0BDA3A9155791","2ACF9B4CAAEAC5814CDFEF0FA48A5ECE857C847DBDB7B44EEAB95CA3C098921C","74FF260A939B01673667723D8351AAEDB679339610009ECB23C70E373B862D9F","E:\MIXER\hybridzip\results\experiments\hybridzip-r2-forced-oracle-current-320dd1b-paq8px-apm"
"osdb","32","32768","03B2C20B777682CD960BCD893D7A4463161D9C0200FD1708B2EFAE32A259D0B7","paq8px-apm","31","14502","A4265B8D5E8B4F68BEE6C8F8A1C65843106ACF8AC4C7DDBF97E348118D91CC87","03B2C20B777682CD960BCD893D7A4463161D9C0200FD1708B2EFAE32A259D0B7","74FF260A939B01673667723D8351AAEDB679339610009ECB23C70E373B862D9F","E:\MIXER\hybridzip\results\experiments\hybridzip-r2-forced-oracle-current-320dd1b-paq8px-apm"
"reymont","32","32768","9D5E4B9340C2260DAE7DDB01B3EDA58236FF2DE5E1FF4D56767AA840B6FB1A87","paq8px-apm","31","7867","F7F7D6431DCAE2486F676ED3BD34AB6A86725F122A16AC43F632339CDAF2229E","9D5E4B9340C2260DAE7DDB01B3EDA58236FF2DE5E1FF4D56767AA840B6FB1A87","74FF260A939B01673667723D8351AAEDB679339610009ECB23C70E373B862D9F","E:\MIXER\hybridzip\results\experiments\hybridzip-r2-forced-oracle-current-320dd1b-paq8px-apm"
"samba","32","32768","9C4F5BEE544E4531E4946E62F796987418B4526911C34877EF282F14DD57AD12","paq8px-apm","31","9872","6258E6B13D7F7DD7392D1FDEEBF9AE4ACE0086EF532C4ADABB06BDCDBF66ED88","9C4F5BEE544E4531E4946E62F796987418B4526911C34877EF282F14DD57AD12","74FF260A939B01673667723D8351AAEDB679339610009ECB23C70E373B862D9F","E:\MIXER\hybridzip\results\experiments\hybridzip-r2-forced-oracle-current-320dd1b-paq8px-apm"
"sao","32","32768","95677430CAD4F000506BC5EE22815C3F4E13D64B477ED506B78D5D9ACFB50CCD","paq8px-apm","31","23350","A63CCD5D68F9A558BAE647FC2E7B29972E8180EEE5637630A26ED999C2B6D877","95677430CAD4F000506BC5EE22815C3F4E13D64B477ED506B78D5D9ACFB50CCD","74FF260A939B01673667723D8351AAEDB679339610009ECB23C70E373B862D9F","E:\MIXER\hybridzip\results\experiments\hybridzip-r2-forced-oracle-current-320dd1b-paq8px-apm"
"webster","32","32768","774D224695AF4057353F72602BB96CD2AFEEA059AC7737535645F11596FCA85E","paq8px-apm","31","11454","6BFEB7386A12593D144F5B91B25E54CFC3E665F77AF8976D6BEAB601982D6189","774D224695AF4057353F72602BB96CD2AFEEA059AC7737535645F11596FCA85E","74FF260A939B01673667723D8351AAEDB679339610009ECB23C70E373B862D9F","E:\MIXER\hybridzip\results\experiments\hybridzip-r2-forced-oracle-current-320dd1b-paq8px-apm"
"x-ray","32","32768","10511AA63DFBD9C0DDBFEFE36068740103D4BA1116E214154A0772057D7E9314","paq8px-apm","31","18794","2AAFD36131A09D7E64D8DB354E595D3612B2E973DD5DFA97D79BDF13FBA8CEB5","10511AA63DFBD9C0DDBFEFE36068740103D4BA1116E214154A0772057D7E9314","74FF260A939B01673667723D8351AAEDB679339610009ECB23C70E373B862D9F","E:\MIXER\hybridzip\results\experiments\hybridzip-r2-forced-oracle-current-320dd1b-paq8px-apm"
"xml","32","32768","C2F7F129956F8D6FC3D0E3595D93F98D5270B6F5BC4AB5E70F45867822EFDD71","paq8px-apm","31","3236","151F68CB78259663CF697FE46D0627C58E6AA275B9B32D63D1CC2E1692D83575","C2F7F129956F8D6FC3D0E3595D93F98D5270B6F5BC4AB5E70F45867822EFDD71","74FF260A939B01673667723D8351AAEDB679339610009ECB23C70E373B862D9F","E:\MIXER\hybridzip\results\experiments\hybridzip-r2-forced-oracle-current-320dd1b-paq8px-apm"
"dickens","32","32768","FC42DCB9849222C8704C9DCAE606D075B389B66244FB215035148D6409EC0B31","paq8px-record-model","32","18610","1D8A1C0FE4F09495C3962D9E8994AF16CDB6720AB9B8EF1AAA76B235ACD60876","FC42DCB9849222C8704C9DCAE606D075B389B66244FB215035148D6409EC0B31","74FF260A939B01673667723D8351AAEDB679339610009ECB23C70E373B862D9F","E:\MIXER\hybridzip\results\experiments\hybridzip-r2-forced-oracle-current-320dd1b-paq8px-record-model"
"mozilla","32","32768","9DDEEF36CA0CA55B72FE3376D005926DFF3400A2ADE6EAE18482D8017D8645DB","paq8px-record-model","32","13377","89D9DCF18B1B0A4846B9CDED89B64F02ED52F20C3CD2DEA28B81ACE3D6B3327C","9DDEEF36CA0CA55B72FE3376D005926DFF3400A2ADE6EAE18482D8017D8645DB","74FF260A939B01673667723D8351AAEDB679339610009ECB23C70E373B862D9F","E:\MIXER\hybridzip\results\experiments\hybridzip-r2-forced-oracle-current-320dd1b-paq8px-record-model"
"mr","32","32768","3BB287B0AF65F777AB00C14E362B4D1962087260556001BBEE0689AA10D9F76A","paq8px-record-model","32","7114","0961661B9C1DE243DE87C648BE0434BAA839768E8EDAEF04832B87F9484D2B83","3BB287B0AF65F777AB00C14E362B4D1962087260556001BBEE0689AA10D9F76A","74FF260A939B01673667723D8351AAEDB679339610009ECB23C70E373B862D9F","E:\MIXER\hybridzip\results\experiments\hybridzip-r2-forced-oracle-current-320dd1b-paq8px-record-model"
"nci","32","32768","0D3034FE8B0E573DE1439ED98CE409B83B13E5895085C9BFB0BF980F4962FB79","paq8px-record-model","32","5474","4A7052B89B722EAE5F746BEB1F610B9682D0DC97E5D6E85CC1F513D8DD592A33","0D3034FE8B0E573DE1439ED98CE409B83B13E5895085C9BFB0BF980F4962FB79","74FF260A939B01673667723D8351AAEDB679339610009ECB23C70E373B862D9F","E:\MIXER\hybridzip\results\experiments\hybridzip-r2-forced-oracle-current-320dd1b-paq8px-record-model"
"ooffice","32","32768","2ACF9B4CAAEAC5814CDFEF0FA48A5ECE857C847DBDB7B44EEAB95CA3C098921C","paq8px-record-model","32","17698","BA25416BDBA7D85FF3D984AB33AC70BF95FD3BF3627135E661C0CA664B09BD72","2ACF9B4CAAEAC5814CDFEF0FA48A5ECE857C847DBDB7B44EEAB95CA3C098921C","74FF260A939B01673667723D8351AAEDB679339610009ECB23C70E373B862D9F","E:\MIXER\hybridzip\results\experiments\hybridzip-r2-forced-oracle-current-320dd1b-paq8px-record-model"
"osdb","32","32768","03B2C20B777682CD960BCD893D7A4463161D9C0200FD1708B2EFAE32A259D0B7","paq8px-record-model","32","18228","84CBDEB05E6F5FC20745998A5A2078CC1FD442CD558ED5085EEA7E78CB2278FB","03B2C20B777682CD960BCD893D7A4463161D9C0200FD1708B2EFAE32A259D0B7","74FF260A939B01673667723D8351AAEDB679339610009ECB23C70E373B862D9F","E:\MIXER\hybridzip\results\experiments\hybridzip-r2-forced-oracle-current-320dd1b-paq8px-record-model"
"reymont","32","32768","9D5E4B9340C2260DAE7DDB01B3EDA58236FF2DE5E1FF4D56767AA840B6FB1A87","paq8px-record-model","32","13782","E469F36DDF93D27D8B599C71550D73D8823A1879FD79E253DB85ACA548205B78","9D5E4B9340C2260DAE7DDB01B3EDA58236FF2DE5E1FF4D56767AA840B6FB1A87","74FF260A939B01673667723D8351AAEDB679339610009ECB23C70E373B862D9F","E:\MIXER\hybridzip\results\experiments\hybridzip-r2-forced-oracle-current-320dd1b-paq8px-record-model"
"samba","32","32768","9C4F5BEE544E4531E4946E62F796987418B4526911C34877EF282F14DD57AD12","paq8px-record-model","32","12024","C641D37B57E1AC183014FAB67C90A2CFCD4D02C08ED09C65B16A9C5C17A256B1","9C4F5BEE544E4531E4946E62F796987418B4526911C34877EF282F14DD57AD12","74FF260A939B01673667723D8351AAEDB679339610009ECB23C70E373B862D9F","E:\MIXER\hybridzip\results\experiments\hybridzip-r2-forced-oracle-current-320dd1b-paq8px-record-model"
"sao","32","32768","95677430CAD4F000506BC5EE22815C3F4E13D64B477ED506B78D5D9ACFB50CCD","paq8px-record-model","32","22911","76A29FB86DCFA7576D53E5B113F716A2717A59EC74346DA1C68429DEE1EA9EE4","95677430CAD4F000506BC5EE22815C3F4E13D64B477ED506B78D5D9ACFB50CCD","74FF260A939B01673667723D8351AAEDB679339610009ECB23C70E373B862D9F","E:\MIXER\hybridzip\results\experiments\hybridzip-r2-forced-oracle-current-320dd1b-paq8px-record-model"
"webster","32","32768","774D224695AF4057353F72602BB96CD2AFEEA059AC7737535645F11596FCA85E","paq8px-record-model","32","17203","B0746E6DB5FE99F4B20694B8866A53E0382AFB25D8F29DAA7BE6E01EB4BED2C5","774D224695AF4057353F72602BB96CD2AFEEA059AC7737535645F11596FCA85E","74FF260A939B01673667723D8351AAEDB679339610009ECB23C70E373B862D9F","E:\MIXER\hybridzip\results\experiments\hybridzip-r2-forced-oracle-current-320dd1b-paq8px-record-model"
"x-ray","32","32768","10511AA63DFBD9C0DDBFEFE36068740103D4BA1116E214154A0772057D7E9314","paq8px-record-model","32","16484","71965987C8E8B2CE65433AC0B7068EEE8D2868AEA6861F304005424F1B9F7B54","10511AA63DFBD9C0DDBFEFE36068740103D4BA1116E214154A0772057D7E9314","74FF260A939B01673667723D8351AAEDB679339610009ECB23C70E373B862D9F","E:\MIXER\hybridzip\results\experiments\hybridzip-r2-forced-oracle-current-320dd1b-paq8px-record-model"
"xml","32","32768","C2F7F129956F8D6FC3D0E3595D93F98D5270B6F5BC4AB5E70F45867822EFDD71","paq8px-record-model","32","3780","CFD41EB81EF9E387FE495AC0B522DA58B795E7195C305953C0E5F19C290A5A52","C2F7F129956F8D6FC3D0E3595D93F98D5270B6F5BC4AB5E70F45867822EFDD71","74FF260A939B01673667723D8351AAEDB679339610009ECB23C70E373B862D9F","E:\MIXER\hybridzip\results\experiments\hybridzip-r2-forced-oracle-current-320dd1b-paq8px-record-model"
"dickens","32","32768","FC42DCB9849222C8704C9DCAE606D075B389B66244FB215035148D6409EC0B31","paq8px-linear-prediction","33","25232","9A503C657E5AAAFAFE7C3DC08C3F11C9B2BC7F9C0426EC3BC8B59D9F88145203","FC42DCB9849222C8704C9DCAE606D075B389B66244FB215035148D6409EC0B31","74FF260A939B01673667723D8351AAEDB679339610009ECB23C70E373B862D9F","E:\MIXER\hybridzip\results\experiments\hybridzip-r2-forced-oracle-current-320dd1b-paq8px-linear-prediction"
"mozilla","32","32768","9DDEEF36CA0CA55B72FE3376D005926DFF3400A2ADE6EAE18482D8017D8645DB","paq8px-linear-prediction","33","20161","30BDF545B6F8C99E665EF70A7053CF5D5013CD5D8A26B45BFF9EA0A270B569F2","9DDEEF36CA0CA55B72FE3376D005926DFF3400A2ADE6EAE18482D8017D8645DB","74FF260A939B01673667723D8351AAEDB679339610009ECB23C70E373B862D9F","E:\MIXER\hybridzip\results\experiments\hybridzip-r2-forced-oracle-current-320dd1b-paq8px-linear-prediction"
"mr","32","32768","3BB287B0AF65F777AB00C14E362B4D1962087260556001BBEE0689AA10D9F76A","paq8px-linear-prediction","33","6975","EEF79DCED7929EC7E7709B249D1A8C60797F3BBCCF6EFD6338178E44CEA2B93F","3BB287B0AF65F777AB00C14E362B4D1962087260556001BBEE0689AA10D9F76A","74FF260A939B01673667723D8351AAEDB679339610009ECB23C70E373B862D9F","E:\MIXER\hybridzip\results\experiments\hybridzip-r2-forced-oracle-current-320dd1b-paq8px-linear-prediction"
"nci","32","32768","0D3034FE8B0E573DE1439ED98CE409B83B13E5895085C9BFB0BF980F4962FB79","paq8px-linear-prediction","33","6956","AA4C344C80497E129131A9E6A92C74E2AF74FAEF9153A2D3445FC61A730AA558","0D3034FE8B0E573DE1439ED98CE409B83B13E5895085C9BFB0BF980F4962FB79","74FF260A939B01673667723D8351AAEDB679339610009ECB23C70E373B862D9F","E:\MIXER\hybridzip\results\experiments\hybridzip-r2-forced-oracle-current-320dd1b-paq8px-linear-prediction"
"ooffice","32","32768","2ACF9B4CAAEAC5814CDFEF0FA48A5ECE857C847DBDB7B44EEAB95CA3C098921C","paq8px-linear-prediction","33","26037","D4F464DE4403237CA1A4883F2C20ED072E4A3BADF759A0D4A996B5B0439DFA18","2ACF9B4CAAEAC5814CDFEF0FA48A5ECE857C847DBDB7B44EEAB95CA3C098921C","74FF260A939B01673667723D8351AAEDB679339610009ECB23C70E373B862D9F","E:\MIXER\hybridzip\results\experiments\hybridzip-r2-forced-oracle-current-320dd1b-paq8px-linear-prediction"
"osdb","32","32768","03B2C20B777682CD960BCD893D7A4463161D9C0200FD1708B2EFAE32A259D0B7","paq8px-linear-prediction","33","28841","434862797F71FD74F0A071C9CEEE94059E8437A63FC76F56FA337C0E622AF8AC","03B2C20B777682CD960BCD893D7A4463161D9C0200FD1708B2EFAE32A259D0B7","74FF260A939B01673667723D8351AAEDB679339610009ECB23C70E373B862D9F","E:\MIXER\hybridzip\results\experiments\hybridzip-r2-forced-oracle-current-320dd1b-paq8px-linear-prediction"
"reymont","32","32768","9D5E4B9340C2260DAE7DDB01B3EDA58236FF2DE5E1FF4D56767AA840B6FB1A87","paq8px-linear-prediction","33","23690","F02AD7A10902161E37808EE988583464D802EDB0597CA8BC100EB70138FB3E3A","9D5E4B9340C2260DAE7DDB01B3EDA58236FF2DE5E1FF4D56767AA840B6FB1A87","74FF260A939B01673667723D8351AAEDB679339610009ECB23C70E373B862D9F","E:\MIXER\hybridzip\results\experiments\hybridzip-r2-forced-oracle-current-320dd1b-paq8px-linear-prediction"
"samba","32","32768","9C4F5BEE544E4531E4946E62F796987418B4526911C34877EF282F14DD57AD12","paq8px-linear-prediction","33","22663","F046D4988C97294CBDB3704DBB7ACE836F436E37C70F3CB3214C48B2785A9A7E","9C4F5BEE544E4531E4946E62F796987418B4526911C34877EF282F14DD57AD12","74FF260A939B01673667723D8351AAEDB679339610009ECB23C70E373B862D9F","E:\MIXER\hybridzip\results\experiments\hybridzip-r2-forced-oracle-current-320dd1b-paq8px-linear-prediction"
"sao","32","32768","95677430CAD4F000506BC5EE22815C3F4E13D64B477ED506B78D5D9ACFB50CCD","paq8px-linear-prediction","33","31648","7AE17F9A962AAEF63E7B2B1155329686C51BEB61A4F85788E7E09B3895325D5D","95677430CAD4F000506BC5EE22815C3F4E13D64B477ED506B78D5D9ACFB50CCD","74FF260A939B01673667723D8351AAEDB679339610009ECB23C70E373B862D9F","E:\MIXER\hybridzip\results\experiments\hybridzip-r2-forced-oracle-current-320dd1b-paq8px-linear-prediction"
"webster","32","32768","774D224695AF4057353F72602BB96CD2AFEEA059AC7737535645F11596FCA85E","paq8px-linear-prediction","33","26616","508FD3AB34EE3DBCCD36931CAF7856DB6CA326627192359A0A67C6D028E82CB0","774D224695AF4057353F72602BB96CD2AFEEA059AC7737535645F11596FCA85E","74FF260A939B01673667723D8351AAEDB679339610009ECB23C70E373B862D9F","E:\MIXER\hybridzip\results\experiments\hybridzip-r2-forced-oracle-current-320dd1b-paq8px-linear-prediction"
"x-ray","32","32768","10511AA63DFBD9C0DDBFEFE36068740103D4BA1116E214154A0772057D7E9314","paq8px-linear-prediction","33","15916","2118F3F874BC744742830568DEFF8A1FF5784DE0FA1F599F9FDC963D0AE39ABE","10511AA63DFBD9C0DDBFEFE36068740103D4BA1116E214154A0772057D7E9314","74FF260A939B01673667723D8351AAEDB679339610009ECB23C70E373B862D9F","E:\MIXER\hybridzip\results\experiments\hybridzip-r2-forced-oracle-current-320dd1b-paq8px-linear-prediction"
"xml","32","32768","C2F7F129956F8D6FC3D0E3595D93F98D5270B6F5BC4AB5E70F45867822EFDD71","paq8px-linear-prediction","33","21414","2204AC8F7943CB60C2B337FED7177A3B5F87B07314E0AA51F8BB8BE0101390BB","C2F7F129956F8D6FC3D0E3595D93F98D5270B6F5BC4AB5E70F45867822EFDD71","74FF260A939B01673667723D8351AAEDB679339610009ECB23C70E373B862D9F","E:\MIXER\hybridzip\results\experiments\hybridzip-r2-forced-oracle-current-320dd1b-paq8px-linear-prediction"
"dickens","32","32768","FC42DCB9849222C8704C9DCAE606D075B389B66244FB215035148D6409EC0B31","paq8px-similarity","34","19784","4B1F2E7A8129BF34A201F417553D4157EA82EED13B663DB49B13CF07203EB83F","FC42DCB9849222C8704C9DCAE606D075B389B66244FB215035148D6409EC0B31","74FF260A939B01673667723D8351AAEDB679339610009ECB23C70E373B862D9F","E:\MIXER\hybridzip\results\experiments\hybridzip-r2-forced-oracle-current-320dd1b-paq8px-similarity"
"mozilla","32","32768","9DDEEF36CA0CA55B72FE3376D005926DFF3400A2ADE6EAE18482D8017D8645DB","paq8px-similarity","34","9760","3A1D93D0BCCF6A5EE9BF7068A644061E6D5BD7B0F57E8AFFB02055B0DC9B4BF6","9DDEEF36CA0CA55B72FE3376D005926DFF3400A2ADE6EAE18482D8017D8645DB","74FF260A939B01673667723D8351AAEDB679339610009ECB23C70E373B862D9F","E:\MIXER\hybridzip\results\experiments\hybridzip-r2-forced-oracle-current-320dd1b-paq8px-similarity"
"mr","32","32768","3BB287B0AF65F777AB00C14E362B4D1962087260556001BBEE0689AA10D9F76A","paq8px-similarity","34","6207","53E3BEFA15FA045034E47AED20080655D01C95584B893B766DA90A1768729C83","3BB287B0AF65F777AB00C14E362B4D1962087260556001BBEE0689AA10D9F76A","74FF260A939B01673667723D8351AAEDB679339610009ECB23C70E373B862D9F","E:\MIXER\hybridzip\results\experiments\hybridzip-r2-forced-oracle-current-320dd1b-paq8px-similarity"
"nci","32","32768","0D3034FE8B0E573DE1439ED98CE409B83B13E5895085C9BFB0BF980F4962FB79","paq8px-similarity","34","3323","FA6DC19F5CDA5CFFB057D03EDF4E3D3241BC212E50A79D10F553974D7C4AF90D","0D3034FE8B0E573DE1439ED98CE409B83B13E5895085C9BFB0BF980F4962FB79","74FF260A939B01673667723D8351AAEDB679339610009ECB23C70E373B862D9F","E:\MIXER\hybridzip\results\experiments\hybridzip-r2-forced-oracle-current-320dd1b-paq8px-similarity"
"ooffice","32","32768","2ACF9B4CAAEAC5814CDFEF0FA48A5ECE857C847DBDB7B44EEAB95CA3C098921C","paq8px-similarity","34","15072","B315EF266E88669AF72202B8C38AE9E8E4BFA82ADDAD4CC62D3B4EE8F5B3001F","2ACF9B4CAAEAC5814CDFEF0FA48A5ECE857C847DBDB7B44EEAB95CA3C098921C","74FF260A939B01673667723D8351AAEDB679339610009ECB23C70E373B862D9F","E:\MIXER\hybridzip\results\experiments\hybridzip-r2-forced-oracle-current-320dd1b-paq8px-similarity"
"osdb","32","32768","03B2C20B777682CD960BCD893D7A4463161D9C0200FD1708B2EFAE32A259D0B7","paq8px-similarity","34","22659","C66DBD47D1541730CB6428B84350FAFB584AFB7A2951F1144CDD1B7057D6C668","03B2C20B777682CD960BCD893D7A4463161D9C0200FD1708B2EFAE32A259D0B7","74FF260A939B01673667723D8351AAEDB679339610009ECB23C70E373B862D9F","E:\MIXER\hybridzip\results\experiments\hybridzip-r2-forced-oracle-current-320dd1b-paq8px-similarity"
"reymont","32","32768","9D5E4B9340C2260DAE7DDB01B3EDA58236FF2DE5E1FF4D56767AA840B6FB1A87","paq8px-similarity","34","16041","A727EACA3E8560C651444C9552DD2A3C6900AE8AA809D9586756107DE8ED272B","9D5E4B9340C2260DAE7DDB01B3EDA58236FF2DE5E1FF4D56767AA840B6FB1A87","74FF260A939B01673667723D8351AAEDB679339610009ECB23C70E373B862D9F","E:\MIXER\hybridzip\results\experiments\hybridzip-r2-forced-oracle-current-320dd1b-paq8px-similarity"
"samba","32","32768","9C4F5BEE544E4531E4946E62F796987418B4526911C34877EF282F14DD57AD12","paq8px-similarity","34","17207","E5E9C4B389DC9111BD97AB136E12020062D595B529178D92DF396A22EE69C9F4","9C4F5BEE544E4531E4946E62F796987418B4526911C34877EF282F14DD57AD12","74FF260A939B01673667723D8351AAEDB679339610009ECB23C70E373B862D9F","E:\MIXER\hybridzip\results\experiments\hybridzip-r2-forced-oracle-current-320dd1b-paq8px-similarity"
"sao","32","32768","95677430CAD4F000506BC5EE22815C3F4E13D64B477ED506B78D5D9ACFB50CCD","paq8px-similarity","34","23845","E55D66FCE6718C57618EC82BEB96E7FA71986153B03CB7C5605EED750FBBF9D2","95677430CAD4F000506BC5EE22815C3F4E13D64B477ED506B78D5D9ACFB50CCD","74FF260A939B01673667723D8351AAEDB679339610009ECB23C70E373B862D9F","E:\MIXER\hybridzip\results\experiments\hybridzip-r2-forced-oracle-current-320dd1b-paq8px-similarity"
"webster","32","32768","774D224695AF4057353F72602BB96CD2AFEEA059AC7737535645F11596FCA85E","paq8px-similarity","34","19583","BA157D284952F9D82E81E2724674CCEA7E18D764BB1B76E3B856400D9BCCB27B","774D224695AF4057353F72602BB96CD2AFEEA059AC7737535645F11596FCA85E","74FF260A939B01673667723D8351AAEDB679339610009ECB23C70E373B862D9F","E:\MIXER\hybridzip\results\experiments\hybridzip-r2-forced-oracle-current-320dd1b-paq8px-similarity"
"x-ray","32","32768","10511AA63DFBD9C0DDBFEFE36068740103D4BA1116E214154A0772057D7E9314","paq8px-similarity","34","15608","F44F3AE375C5E9CC98E7DC6B3EF5EF531A406D14664879B404683B9ADECBE138","10511AA63DFBD9C0DDBFEFE36068740103D4BA1116E214154A0772057D7E9314","74FF260A939B01673667723D8351AAEDB679339610009ECB23C70E373B862D9F","E:\MIXER\hybridzip\results\experiments\hybridzip-r2-forced-oracle-current-320dd1b-paq8px-similarity"
"xml","32","32768","C2F7F129956F8D6FC3D0E3595D93F98D5270B6F5BC4AB5E70F45867822EFDD71","paq8px-similarity","34","6737","3A176446BFB513519B627452EE61F13DAAAAF80FF1C93B6C8E4A08242C301456","C2F7F129956F8D6FC3D0E3595D93F98D5270B6F5BC4AB5E70F45867822EFDD71","74FF260A939B01673667723D8351AAEDB679339610009ECB23C70E373B862D9F","E:\MIXER\hybridzip\results\experiments\hybridzip-r2-forced-oracle-current-320dd1b-paq8px-similarity"
"dickens","32","32768","FC42DCB9849222C8704C9DCAE606D075B389B66244FB215035148D6409EC0B31","paq8px-similarity-sse","35","17055","FE26283988E64C4DC2C0447E945BC054702D0987381F132A300F9F43647319BC","FC42DCB9849222C8704C9DCAE606D075B389B66244FB215035148D6409EC0B31","74FF260A939B01673667723D8351AAEDB679339610009ECB23C70E373B862D9F","E:\MIXER\hybridzip\results\experiments\hybridzip-r2-forced-oracle-current-320dd1b-paq8px-similarity-sse"
"mozilla","32","32768","9DDEEF36CA0CA55B72FE3376D005926DFF3400A2ADE6EAE18482D8017D8645DB","paq8px-similarity-sse","35","8883","ED3B01788D11994B78BBDD5B0016241CB9506278CD3BD2AF772D48728C490A4E","9DDEEF36CA0CA55B72FE3376D005926DFF3400A2ADE6EAE18482D8017D8645DB","74FF260A939B01673667723D8351AAEDB679339610009ECB23C70E373B862D9F","E:\MIXER\hybridzip\results\experiments\hybridzip-r2-forced-oracle-current-320dd1b-paq8px-similarity-sse"
"mr","32","32768","3BB287B0AF65F777AB00C14E362B4D1962087260556001BBEE0689AA10D9F76A","paq8px-similarity-sse","35","5721","1723CB7D2AC2AB6A8F014F048A34A03BDDFEC667AC2F1967281064EA31ED7E37","3BB287B0AF65F777AB00C14E362B4D1962087260556001BBEE0689AA10D9F76A","74FF260A939B01673667723D8351AAEDB679339610009ECB23C70E373B862D9F","E:\MIXER\hybridzip\results\experiments\hybridzip-r2-forced-oracle-current-320dd1b-paq8px-similarity-sse"
"nci","32","32768","0D3034FE8B0E573DE1439ED98CE409B83B13E5895085C9BFB0BF980F4962FB79","paq8px-similarity-sse","35","2719","0290E297BFFC065058C9F577DDA931D987FDA88274E8DA471709E7AA9D873268","0D3034FE8B0E573DE1439ED98CE409B83B13E5895085C9BFB0BF980F4962FB79","74FF260A939B01673667723D8351AAEDB679339610009ECB23C70E373B862D9F","E:\MIXER\hybridzip\results\experiments\hybridzip-r2-forced-oracle-current-320dd1b-paq8px-similarity-sse"
"ooffice","32","32768","2ACF9B4CAAEAC5814CDFEF0FA48A5ECE857C847DBDB7B44EEAB95CA3C098921C","paq8px-similarity-sse","35","13558","5E1ADB1DD1603E9F6472E9E0BA130F1458A364B6C17BA453EBAA8E8F7A43EC00","2ACF9B4CAAEAC5814CDFEF0FA48A5ECE857C847DBDB7B44EEAB95CA3C098921C","74FF260A939B01673667723D8351AAEDB679339610009ECB23C70E373B862D9F","E:\MIXER\hybridzip\results\experiments\hybridzip-r2-forced-oracle-current-320dd1b-paq8px-similarity-sse"
"osdb","32","32768","03B2C20B777682CD960BCD893D7A4463161D9C0200FD1708B2EFAE32A259D0B7","paq8px-similarity-sse","35","21054","55AC3E4EDB2610825821B45C9C6D6F2E8CA6E9E2DFE5D5307A5C5048BF43C4B3","03B2C20B777682CD960BCD893D7A4463161D9C0200FD1708B2EFAE32A259D0B7","74FF260A939B01673667723D8351AAEDB679339610009ECB23C70E373B862D9F","E:\MIXER\hybridzip\results\experiments\hybridzip-r2-forced-oracle-current-320dd1b-paq8px-similarity-sse"
"reymont","32","32768","9D5E4B9340C2260DAE7DDB01B3EDA58236FF2DE5E1FF4D56767AA840B6FB1A87","paq8px-similarity-sse","35","13137","E3A554BAA2517B67BA9BA679C91F17DB2F89F346118F1534FD9EBE9940F2806B","9D5E4B9340C2260DAE7DDB01B3EDA58236FF2DE5E1FF4D56767AA840B6FB1A87","74FF260A939B01673667723D8351AAEDB679339610009ECB23C70E373B862D9F","E:\MIXER\hybridzip\results\experiments\hybridzip-r2-forced-oracle-current-320dd1b-paq8px-similarity-sse"
"samba","32","32768","9C4F5BEE544E4531E4946E62F796987418B4526911C34877EF282F14DD57AD12","paq8px-similarity-sse","35","15003","6E6D8574D21DBCDBEBE066A62EC6B5724DC9250448DB6378D0D8D94914A1563D","9C4F5BEE544E4531E4946E62F796987418B4526911C34877EF282F14DD57AD12","74FF260A939B01673667723D8351AAEDB679339610009ECB23C70E373B862D9F","E:\MIXER\hybridzip\results\experiments\hybridzip-r2-forced-oracle-current-320dd1b-paq8px-similarity-sse"
"sao","32","32768","95677430CAD4F000506BC5EE22815C3F4E13D64B477ED506B78D5D9ACFB50CCD","paq8px-similarity-sse","35","22653","F7DE47D0974DF89F6FE7BCDC3F3447ACFEC8981780FBAE0233C619E74A1308A1","95677430CAD4F000506BC5EE22815C3F4E13D64B477ED506B78D5D9ACFB50CCD","74FF260A939B01673667723D8351AAEDB679339610009ECB23C70E373B862D9F","E:\MIXER\hybridzip\results\experiments\hybridzip-r2-forced-oracle-current-320dd1b-paq8px-similarity-sse"
"webster","32","32768","774D224695AF4057353F72602BB96CD2AFEEA059AC7737535645F11596FCA85E","paq8px-similarity-sse","35","17023","034EC1B0FE5F3753CDB95C6190CDEBE2860AE525BC44AFAD93DAE2302F767C67","774D224695AF4057353F72602BB96CD2AFEEA059AC7737535645F11596FCA85E","74FF260A939B01673667723D8351AAEDB679339610009ECB23C70E373B862D9F","E:\MIXER\hybridzip\results\experiments\hybridzip-r2-forced-oracle-current-320dd1b-paq8px-similarity-sse"
"x-ray","32","32768","10511AA63DFBD9C0DDBFEFE36068740103D4BA1116E214154A0772057D7E9314","paq8px-similarity-sse","35","15166","5FA7C7F79F49B07BA22550F21025F97B5F6994D9CEF70078E514D974B117215B","10511AA63DFBD9C0DDBFEFE36068740103D4BA1116E214154A0772057D7E9314","74FF260A939B01673667723D8351AAEDB679339610009ECB23C70E373B862D9F","E:\MIXER\hybridzip\results\experiments\hybridzip-r2-forced-oracle-current-320dd1b-paq8px-similarity-sse"
"xml","32","32768","C2F7F129956F8D6FC3D0E3595D93F98D5270B6F5BC4AB5E70F45867822EFDD71","paq8px-similarity-sse","35","5364","FDD67D4615BA5FD922F479064168F480C698B15C9468ADEDF45EB9D80E90A9C0","C2F7F129956F8D6FC3D0E3595D93F98D5270B6F5BC4AB5E70F45867822EFDD71","74FF260A939B01673667723D8351AAEDB679339610009ECB23C70E373B862D9F","E:\MIXER\hybridzip\results\experiments\hybridzip-r2-forced-oracle-current-320dd1b-paq8px-similarity-sse"
"dickens","32","32768","FC42DCB9849222C8704C9DCAE606D075B389B66244FB215035148D6409EC0B31","paq8px-generic-sse","36","9688","971F4799C669B1737B0D355D2E31C8CF79E644BDA0DB760B4C637A3E7852BC0D","FC42DCB9849222C8704C9DCAE606D075B389B66244FB215035148D6409EC0B31","74FF260A939B01673667723D8351AAEDB679339610009ECB23C70E373B862D9F","E:\MIXER\hybridzip\results\experiments\hybridzip-r2-forced-oracle-current-320dd1b-paq8px-generic-sse"
"mozilla","32","32768","9DDEEF36CA0CA55B72FE3376D005926DFF3400A2ADE6EAE18482D8017D8645DB","paq8px-generic-sse","36","6285","3D627250C09C9FB44E7083288BF126FFE69F490E317C51726FFCD690325A5CC6","9DDEEF36CA0CA55B72FE3376D005926DFF3400A2ADE6EAE18482D8017D8645DB","74FF260A939B01673667723D8351AAEDB679339610009ECB23C70E373B862D9F","E:\MIXER\hybridzip\results\experiments\hybridzip-r2-forced-oracle-current-320dd1b-paq8px-generic-sse"
"mr","32","32768","3BB287B0AF65F777AB00C14E362B4D1962087260556001BBEE0689AA10D9F76A","paq8px-generic-sse","36","5167","251D84CCB4751BDBA9662CBDE45D9E8B6235F8E106FF950D0D0F36372C81E16D","3BB287B0AF65F777AB00C14E362B4D1962087260556001BBEE0689AA10D9F76A","74FF260A939B01673667723D8351AAEDB679339610009ECB23C70E373B862D9F","E:\MIXER\hybridzip\results\experiments\hybridzip-r2-forced-oracle-current-320dd1b-paq8px-generic-sse"
"nci","32","32768","0D3034FE8B0E573DE1439ED98CE409B83B13E5895085C9BFB0BF980F4962FB79","paq8px-generic-sse","36","1369","C3C5B9DD2B92C8836B7DFFD2498E75D43BFA93F9D3BB35332B9D9D54810593B7","0D3034FE8B0E573DE1439ED98CE409B83B13E5895085C9BFB0BF980F4962FB79","74FF260A939B01673667723D8351AAEDB679339610009ECB23C70E373B862D9F","E:\MIXER\hybridzip\results\experiments\hybridzip-r2-forced-oracle-current-320dd1b-paq8px-generic-sse"
"ooffice","32","32768","2ACF9B4CAAEAC5814CDFEF0FA48A5ECE857C847DBDB7B44EEAB95CA3C098921C","paq8px-generic-sse","36","8097","6C8E58317D925D95EE18AC13E8B5A779830824F89E7EC4D00DECA2C48E7F671C","2ACF9B4CAAEAC5814CDFEF0FA48A5ECE857C847DBDB7B44EEAB95CA3C098921C","74FF260A939B01673667723D8351AAEDB679339610009ECB23C70E373B862D9F","E:\MIXER\hybridzip\results\experiments\hybridzip-r2-forced-oracle-current-320dd1b-paq8px-generic-sse"
"osdb","32","32768","03B2C20B777682CD960BCD893D7A4463161D9C0200FD1708B2EFAE32A259D0B7","paq8px-generic-sse","36","11420","531C0C1C4F1878FB31F9AC37327933A6C2F7441905336E92A154CEE7D6E24525","03B2C20B777682CD960BCD893D7A4463161D9C0200FD1708B2EFAE32A259D0B7","74FF260A939B01673667723D8351AAEDB679339610009ECB23C70E373B862D9F","E:\MIXER\hybridzip\results\experiments\hybridzip-r2-forced-oracle-current-320dd1b-paq8px-generic-sse"
"reymont","32","32768","9D5E4B9340C2260DAE7DDB01B3EDA58236FF2DE5E1FF4D56767AA840B6FB1A87","paq8px-generic-sse","36","5726","5F834D0C9F517138A467E1A8CBD3FC6DC517F90503898CD6A5BC48DC0F89F8FB","9D5E4B9340C2260DAE7DDB01B3EDA58236FF2DE5E1FF4D56767AA840B6FB1A87","74FF260A939B01673667723D8351AAEDB679339610009ECB23C70E373B862D9F","E:\MIXER\hybridzip\results\experiments\hybridzip-r2-forced-oracle-current-320dd1b-paq8px-generic-sse"
"samba","32","32768","9C4F5BEE544E4531E4946E62F796987418B4526911C34877EF282F14DD57AD12","paq8px-generic-sse","36","7956","557C146845CDFA6C9097D074218E604BE0DBD5F2944C814716458C9A1ECDC4C7","9C4F5BEE544E4531E4946E62F796987418B4526911C34877EF282F14DD57AD12","74FF260A939B01673667723D8351AAEDB679339610009ECB23C70E373B862D9F","E:\MIXER\hybridzip\results\experiments\hybridzip-r2-forced-oracle-current-320dd1b-paq8px-generic-sse"
"sao","32","32768","95677430CAD4F000506BC5EE22815C3F4E13D64B477ED506B78D5D9ACFB50CCD","paq8px-generic-sse","36","18805","F2051C527BDC64B7FF932E6902A9812845F68FB987886C197ECDF0BD665E1CD4","95677430CAD4F000506BC5EE22815C3F4E13D64B477ED506B78D5D9ACFB50CCD","74FF260A939B01673667723D8351AAEDB679339610009ECB23C70E373B862D9F","E:\MIXER\hybridzip\results\experiments\hybridzip-r2-forced-oracle-current-320dd1b-paq8px-generic-sse"
"webster","32","32768","774D224695AF4057353F72602BB96CD2AFEEA059AC7737535645F11596FCA85E","paq8px-generic-sse","36","9355","0A681B4B8AFDFB138458BF136B0CB8B7981ABA5A4D202DD53C2F85A9DF31F841","774D224695AF4057353F72602BB96CD2AFEEA059AC7737535645F11596FCA85E","74FF260A939B01673667723D8351AAEDB679339610009ECB23C70E373B862D9F","E:\MIXER\hybridzip\results\experiments\hybridzip-r2-forced-oracle-current-320dd1b-paq8px-generic-sse"
"x-ray","32","32768","10511AA63DFBD9C0DDBFEFE36068740103D4BA1116E214154A0772057D7E9314","paq8px-generic-sse","36","14702","7A42F5E3021F2D74A0EB1AA0493B4A1A020327428389D7C79EF9707CCAC35324","10511AA63DFBD9C0DDBFEFE36068740103D4BA1116E214154A0772057D7E9314","74FF260A939B01673667723D8351AAEDB679339610009ECB23C70E373B862D9F","E:\MIXER\hybridzip\results\experiments\hybridzip-r2-forced-oracle-current-320dd1b-paq8px-generic-sse"
"xml","32","32768","C2F7F129956F8D6FC3D0E3595D93F98D5270B6F5BC4AB5E70F45867822EFDD71","paq8px-generic-sse","36","1441","E86CAEABDB7A3613F62A84446E1F67B6E78306E4884BF63D05C2D9832C85AE6F","C2F7F129956F8D6FC3D0E3595D93F98D5270B6F5BC4AB5E70F45867822EFDD71","74FF260A939B01673667723D8351AAEDB679339610009ECB23C70E373B862D9F","E:\MIXER\hybridzip\results\experiments\hybridzip-r2-forced-oracle-current-320dd1b-paq8px-generic-sse"
"dickens","32","32768","FC42DCB9849222C8704C9DCAE606D075B389B66244FB215035148D6409EC0B31","paq8px-detected-sse","37","9598","9BE685F918147AFF7BBAACA81E3A8176253CD9BBB57047C383360BE028A6360F","FC42DCB9849222C8704C9DCAE606D075B389B66244FB215035148D6409EC0B31","74FF260A939B01673667723D8351AAEDB679339610009ECB23C70E373B862D9F","E:\MIXER\hybridzip\results\experiments\hybridzip-r2-forced-oracle-current-320dd1b-paq8px-detected-sse"
"mozilla","32","32768","9DDEEF36CA0CA55B72FE3376D005926DFF3400A2ADE6EAE18482D8017D8645DB","paq8px-detected-sse","37","6256","E92F3C1568356B4964F123744751422F277F607FD0492A2109AEDA3136D11B08","9DDEEF36CA0CA55B72FE3376D005926DFF3400A2ADE6EAE18482D8017D8645DB","74FF260A939B01673667723D8351AAEDB679339610009ECB23C70E373B862D9F","E:\MIXER\hybridzip\results\experiments\hybridzip-r2-forced-oracle-current-320dd1b-paq8px-detected-sse"
"mr","32","32768","3BB287B0AF65F777AB00C14E362B4D1962087260556001BBEE0689AA10D9F76A","paq8px-detected-sse","37","5189","B394269B1CBCBA7016B9513E8FAD8F0111EE0138A395D47B9BD32AC75D46AB9B","3BB287B0AF65F777AB00C14E362B4D1962087260556001BBEE0689AA10D9F76A","74FF260A939B01673667723D8351AAEDB679339610009ECB23C70E373B862D9F","E:\MIXER\hybridzip\results\experiments\hybridzip-r2-forced-oracle-current-320dd1b-paq8px-detected-sse"
"nci","32","32768","0D3034FE8B0E573DE1439ED98CE409B83B13E5895085C9BFB0BF980F4962FB79","paq8px-detected-sse","37","1341","4DCBABC4AA4D3E8AEF5FF91D34DFE87F67F440AECF1BD49B5EE2EF4282A9A983","0D3034FE8B0E573DE1439ED98CE409B83B13E5895085C9BFB0BF980F4962FB79","74FF260A939B01673667723D8351AAEDB679339610009ECB23C70E373B862D9F","E:\MIXER\hybridzip\results\experiments\hybridzip-r2-forced-oracle-current-320dd1b-paq8px-detected-sse"
"ooffice","32","32768","2ACF9B4CAAEAC5814CDFEF0FA48A5ECE857C847DBDB7B44EEAB95CA3C098921C","paq8px-detected-sse","37","8165","0C34A8B91736CD4A44F403F0431321FF726B1220FADE75E238E3E56422A166CE","2ACF9B4CAAEAC5814CDFEF0FA48A5ECE857C847DBDB7B44EEAB95CA3C098921C","74FF260A939B01673667723D8351AAEDB679339610009ECB23C70E373B862D9F","E:\MIXER\hybridzip\results\experiments\hybridzip-r2-forced-oracle-current-320dd1b-paq8px-detected-sse"
"osdb","32","32768","03B2C20B777682CD960BCD893D7A4463161D9C0200FD1708B2EFAE32A259D0B7","paq8px-detected-sse","37","11442","925C1CF0771E9F4FA170F068A9436243E38838A3726EE2BBA82D6376D9C0FF35","03B2C20B777682CD960BCD893D7A4463161D9C0200FD1708B2EFAE32A259D0B7","74FF260A939B01673667723D8351AAEDB679339610009ECB23C70E373B862D9F","E:\MIXER\hybridzip\results\experiments\hybridzip-r2-forced-oracle-current-320dd1b-paq8px-detected-sse"
"reymont","32","32768","9D5E4B9340C2260DAE7DDB01B3EDA58236FF2DE5E1FF4D56767AA840B6FB1A87","paq8px-detected-sse","37","5679","064166BDEAEDFD7D25A7384C32DD9CAB3A5208BCC5A1B9F771CFF15C16824208","9D5E4B9340C2260DAE7DDB01B3EDA58236FF2DE5E1FF4D56767AA840B6FB1A87","74FF260A939B01673667723D8351AAEDB679339610009ECB23C70E373B862D9F","E:\MIXER\hybridzip\results\experiments\hybridzip-r2-forced-oracle-current-320dd1b-paq8px-detected-sse"
"samba","32","32768","9C4F5BEE544E4531E4946E62F796987418B4526911C34877EF282F14DD57AD12","paq8px-detected-sse","37","7978","E8040BA85E1C60930FE4A25B93C9D60A94FA59427032E0F13262E9F33CEE6FF3","9C4F5BEE544E4531E4946E62F796987418B4526911C34877EF282F14DD57AD12","74FF260A939B01673667723D8351AAEDB679339610009ECB23C70E373B862D9F","E:\MIXER\hybridzip\results\experiments\hybridzip-r2-forced-oracle-current-320dd1b-paq8px-detected-sse"
"sao","32","32768","95677430CAD4F000506BC5EE22815C3F4E13D64B477ED506B78D5D9ACFB50CCD","paq8px-detected-sse","37","18827","93A3921235C0F09C6C6D4894195A6062FD0B91EA79FF35A739932494C8095E3E","95677430CAD4F000506BC5EE22815C3F4E13D64B477ED506B78D5D9ACFB50CCD","74FF260A939B01673667723D8351AAEDB679339610009ECB23C70E373B862D9F","E:\MIXER\hybridzip\results\experiments\hybridzip-r2-forced-oracle-current-320dd1b-paq8px-detected-sse"
"webster","32","32768","774D224695AF4057353F72602BB96CD2AFEEA059AC7737535645F11596FCA85E","paq8px-detected-sse","37","9258","82F165E498709848BB88AAFA42C857918BF864A622ABAA31DF3A47A29E0DD6B2","774D224695AF4057353F72602BB96CD2AFEEA059AC7737535645F11596FCA85E","74FF260A939B01673667723D8351AAEDB679339610009ECB23C70E373B862D9F","E:\MIXER\hybridzip\results\experiments\hybridzip-r2-forced-oracle-current-320dd1b-paq8px-detected-sse"
"x-ray","32","32768","10511AA63DFBD9C0DDBFEFE36068740103D4BA1116E214154A0772057D7E9314","paq8px-detected-sse","37","14724","7F15F0BF37EC8D74AF2E184E8BB7E27C756AC38E53C3AA6E9C307FAD10E4B845","10511AA63DFBD9C0DDBFEFE36068740103D4BA1116E214154A0772057D7E9314","74FF260A939B01673667723D8351AAEDB679339610009ECB23C70E373B862D9F","E:\MIXER\hybridzip\results\experiments\hybridzip-r2-forced-oracle-current-320dd1b-paq8px-detected-sse"
"xml","32","32768","C2F7F129956F8D6FC3D0E3595D93F98D5270B6F5BC4AB5E70F45867822EFDD71","paq8px-detected-sse","37","1463","406B2A0D12F3406B066FFCF3356E14E34751DC9224F233085759339C4E85CF23","C2F7F129956F8D6FC3D0E3595D93F98D5270B6F5BC4AB5E70F45867822EFDD71","74FF260A939B01673667723D8351AAEDB679339610009ECB23C70E373B862D9F","E:\MIXER\hybridzip\results\experiments\hybridzip-r2-forced-oracle-current-320dd1b-paq8px-detected-sse"
"dickens","32","32768","FC42DCB9849222C8704C9DCAE606D075B389B66244FB215035148D6409EC0B31","wavpack","38","30394","2071A127B46E1C2756377F1174E221CCD8E824FF17A3668B34248A651B423C86","FC42DCB9849222C8704C9DCAE606D075B389B66244FB215035148D6409EC0B31","74FF260A939B01673667723D8351AAEDB679339610009ECB23C70E373B862D9F","E:\MIXER\hybridzip\results\experiments\hybridzip-r2-forced-oracle-current-320dd1b-wavpack"
"mozilla","32","32768","9DDEEF36CA0CA55B72FE3376D005926DFF3400A2ADE6EAE18482D8017D8645DB","wavpack","38","27684","08B45289D2751DA2BF10559EEA8CB88535E8D69747C1EA8C0AD0A125D1B718C1","9DDEEF36CA0CA55B72FE3376D005926DFF3400A2ADE6EAE18482D8017D8645DB","74FF260A939B01673667723D8351AAEDB679339610009ECB23C70E373B862D9F","E:\MIXER\hybridzip\results\experiments\hybridzip-r2-forced-oracle-current-320dd1b-wavpack"
"mr","32","32768","3BB287B0AF65F777AB00C14E362B4D1962087260556001BBEE0689AA10D9F76A","wavpack","38","12004","FDD556E3FCB4547AA06A3002E3FFBBE51301733501E91D9461A96B597F724A6E","3BB287B0AF65F777AB00C14E362B4D1962087260556001BBEE0689AA10D9F76A","74FF260A939B01673667723D8351AAEDB679339610009ECB23C70E373B862D9F","E:\MIXER\hybridzip\results\experiments\hybridzip-r2-forced-oracle-current-320dd1b-wavpack"
"nci","32","32768","0D3034FE8B0E573DE1439ED98CE409B83B13E5895085C9BFB0BF980F4962FB79","wavpack","38","23086","C18A8882092195F22E9F113B50B5B653C4781C2F4B15FF31C39EAC3457DB3ADC","0D3034FE8B0E573DE1439ED98CE409B83B13E5895085C9BFB0BF980F4962FB79","74FF260A939B01673667723D8351AAEDB679339610009ECB23C70E373B862D9F","E:\MIXER\hybridzip\results\experiments\hybridzip-r2-forced-oracle-current-320dd1b-wavpack"
"ooffice","32","32768","2ACF9B4CAAEAC5814CDFEF0FA48A5ECE857C847DBDB7B44EEAB95CA3C098921C","wavpack","38","30730","D61F6EFF82E9965136189F065BFAB65DCDECE4A66A5337C4B78BD0033353EE2D","2ACF9B4CAAEAC5814CDFEF0FA48A5ECE857C847DBDB7B44EEAB95CA3C098921C","74FF260A939B01673667723D8351AAEDB679339610009ECB23C70E373B862D9F","E:\MIXER\hybridzip\results\experiments\hybridzip-r2-forced-oracle-current-320dd1b-wavpack"
"osdb","32","32768","03B2C20B777682CD960BCD893D7A4463161D9C0200FD1708B2EFAE32A259D0B7","wavpack","38","30666","21177002259BD00C0C294EF0EF8577FE4727E2694E325CFAA1D8623A10600828","03B2C20B777682CD960BCD893D7A4463161D9C0200FD1708B2EFAE32A259D0B7","74FF260A939B01673667723D8351AAEDB679339610009ECB23C70E373B862D9F","E:\MIXER\hybridzip\results\experiments\hybridzip-r2-forced-oracle-current-320dd1b-wavpack"
"reymont","32","32768","9D5E4B9340C2260DAE7DDB01B3EDA58236FF2DE5E1FF4D56767AA840B6FB1A87","wavpack","38","29064","9D6F0339DEF839A7C7054843ECDD9BE5C01FA693CF6E9FF5EE20768E3567D8BE","9D5E4B9340C2260DAE7DDB01B3EDA58236FF2DE5E1FF4D56767AA840B6FB1A87","74FF260A939B01673667723D8351AAEDB679339610009ECB23C70E373B862D9F","E:\MIXER\hybridzip\results\experiments\hybridzip-r2-forced-oracle-current-320dd1b-wavpack"
"samba","32","32768","9C4F5BEE544E4531E4946E62F796987418B4526911C34877EF282F14DD57AD12","wavpack","38","28612","11D8081D37ED15C1054F76E3E5D6494762761DF43E5508D4C087CCB3EE2B8856","9C4F5BEE544E4531E4946E62F796987418B4526911C34877EF282F14DD57AD12","74FF260A939B01673667723D8351AAEDB679339610009ECB23C70E373B862D9F","E:\MIXER\hybridzip\results\experiments\hybridzip-r2-forced-oracle-current-320dd1b-wavpack"
"sao","32","32768","95677430CAD4F000506BC5EE22815C3F4E13D64B477ED506B78D5D9ACFB50CCD","wavpack","38","33134","84BE78D78C7992ABF0F8EA0A66012EDA3226D0850183D0AB1CA44B299C5B2624","95677430CAD4F000506BC5EE22815C3F4E13D64B477ED506B78D5D9ACFB50CCD","74FF260A939B01673667723D8351AAEDB679339610009ECB23C70E373B862D9F","E:\MIXER\hybridzip\results\experiments\hybridzip-r2-forced-oracle-current-320dd1b-wavpack"
"webster","32","32768","774D224695AF4057353F72602BB96CD2AFEEA059AC7737535645F11596FCA85E","wavpack","38","29864","4BD79FEDD00B01A0F35B749126F39C9667F1F5C56A57B882D6FAD00FB50C474D","774D224695AF4057353F72602BB96CD2AFEEA059AC7737535645F11596FCA85E","74FF260A939B01673667723D8351AAEDB679339610009ECB23C70E373B862D9F","E:\MIXER\hybridzip\results\experiments\hybridzip-r2-forced-oracle-current-320dd1b-wavpack"
"x-ray","32","32768","10511AA63DFBD9C0DDBFEFE36068740103D4BA1116E214154A0772057D7E9314","wavpack","38","15700","B3A66DFD8E1B0B348497E561E3A2799C11140B0D796604DF2B960D16B2C2ED18","10511AA63DFBD9C0DDBFEFE36068740103D4BA1116E214154A0772057D7E9314","74FF260A939B01673667723D8351AAEDB679339610009ECB23C70E373B862D9F","E:\MIXER\hybridzip\results\experiments\hybridzip-r2-forced-oracle-current-320dd1b-wavpack"
"xml","32","32768","C2F7F129956F8D6FC3D0E3595D93F98D5270B6F5BC4AB5E70F45867822EFDD71","wavpack","38","26290","3A8DDD4FF6E717299A38ABF72B76C707C5E0C48430B0CDE601BDFBB06DFF2A2C","C2F7F129956F8D6FC3D0E3595D93F98D5270B6F5BC4AB5E70F45867822EFDD71","74FF260A939B01673667723D8351AAEDB679339610009ECB23C70E373B862D9F","E:\MIXER\hybridzip\results\experiments\hybridzip-r2-forced-oracle-current-320dd1b-wavpack"
"dickens","32","32768","FC42DCB9849222C8704C9DCAE606D075B389B66244FB215035148D6409EC0B31","lz4","39","17904","20B6C970F35C8835156F6AA91062CF71B2A7AF66227624A76ACDE7B66F04BA9E","FC42DCB9849222C8704C9DCAE606D075B389B66244FB215035148D6409EC0B31","74FF260A939B01673667723D8351AAEDB679339610009ECB23C70E373B862D9F","E:\MIXER\hybridzip\results\experiments\hybridzip-r2-forced-oracle-current-320dd1b-lz4"
"mozilla","32","32768","9DDEEF36CA0CA55B72FE3376D005926DFF3400A2ADE6EAE18482D8017D8645DB","lz4","39","13788","AE6826C3772029557C73C3434D7926AD56CB4595230DE116B8B5D90936DDF56E","9DDEEF36CA0CA55B72FE3376D005926DFF3400A2ADE6EAE18482D8017D8645DB","74FF260A939B01673667723D8351AAEDB679339610009ECB23C70E373B862D9F","E:\MIXER\hybridzip\results\experiments\hybridzip-r2-forced-oracle-current-320dd1b-lz4"
"mr","32","32768","3BB287B0AF65F777AB00C14E362B4D1962087260556001BBEE0689AA10D9F76A","lz4","39","11063","2C4DE6747A2D2732B4CE8EECE81941813E6D14ED5E98E040B1473E2C088AD418","3BB287B0AF65F777AB00C14E362B4D1962087260556001BBEE0689AA10D9F76A","74FF260A939B01673667723D8351AAEDB679339610009ECB23C70E373B862D9F","E:\MIXER\hybridzip\results\experiments\hybridzip-r2-forced-oracle-current-320dd1b-lz4"
"nci","32","32768","0D3034FE8B0E573DE1439ED98CE409B83B13E5895085C9BFB0BF980F4962FB79","lz4","39","4082","9621E36A3AA098BD8B691626679901ADC2DA3A3276F3BB174E4A234C689615F4","0D3034FE8B0E573DE1439ED98CE409B83B13E5895085C9BFB0BF980F4962FB79","74FF260A939B01673667723D8351AAEDB679339610009ECB23C70E373B862D9F","E:\MIXER\hybridzip\results\experiments\hybridzip-r2-forced-oracle-current-320dd1b-lz4"
"ooffice","32","32768","2ACF9B4CAAEAC5814CDFEF0FA48A5ECE857C847DBDB7B44EEAB95CA3C098921C","lz4","39","17537","46942E52265DD9EA431F19A724EF3F261A6F3342132915B353CCCA3B1783325B","2ACF9B4CAAEAC5814CDFEF0FA48A5ECE857C847DBDB7B44EEAB95CA3C098921C","74FF260A939B01673667723D8351AAEDB679339610009ECB23C70E373B862D9F","E:\MIXER\hybridzip\results\experiments\hybridzip-r2-forced-oracle-current-320dd1b-lz4"
"osdb","32","32768","03B2C20B777682CD960BCD893D7A4463161D9C0200FD1708B2EFAE32A259D0B7","lz4","39","17886","9A0549A87336CEAAE70D808F855C6074C86544891FECF6D86CF54135229CF7B8","03B2C20B777682CD960BCD893D7A4463161D9C0200FD1708B2EFAE32A259D0B7","74FF260A939B01673667723D8351AAEDB679339610009ECB23C70E373B862D9F","E:\MIXER\hybridzip\results\experiments\hybridzip-r2-forced-oracle-current-320dd1b-lz4"
"reymont","32","32768","9D5E4B9340C2260DAE7DDB01B3EDA58236FF2DE5E1FF4D56767AA840B6FB1A87","lz4","39","12650","CE1AB4F34C64952FEAE770F48704FED3DABC61B663138F7A9E0E3E677D97C32C","9D5E4B9340C2260DAE7DDB01B3EDA58236FF2DE5E1FF4D56767AA840B6FB1A87","74FF260A939B01673667723D8351AAEDB679339610009ECB23C70E373B862D9F","E:\MIXER\hybridzip\results\experiments\hybridzip-r2-forced-oracle-current-320dd1b-lz4"
"samba","32","32768","9C4F5BEE544E4531E4946E62F796987418B4526911C34877EF282F14DD57AD12","lz4","39","14773","ADC61D9F575BFB13764FEF4CB3DE5517A2BA0F9E6D8836A459FD3E39AE1E8EFE","9C4F5BEE544E4531E4946E62F796987418B4526911C34877EF282F14DD57AD12","74FF260A939B01673667723D8351AAEDB679339610009ECB23C70E373B862D9F","E:\MIXER\hybridzip\results\experiments\hybridzip-r2-forced-oracle-current-320dd1b-lz4"
"sao","32","32768","95677430CAD4F000506BC5EE22815C3F4E13D64B477ED506B78D5D9ACFB50CCD","lz4","39","27179","8FC4F86590ECCC12E2A6CF8DF11A7FA79492FE28483770A7BA5A3350C27CC92F","95677430CAD4F000506BC5EE22815C3F4E13D64B477ED506B78D5D9ACFB50CCD","74FF260A939B01673667723D8351AAEDB679339610009ECB23C70E373B862D9F","E:\MIXER\hybridzip\results\experiments\hybridzip-r2-forced-oracle-current-320dd1b-lz4"
"webster","32","32768","774D224695AF4057353F72602BB96CD2AFEEA059AC7737535645F11596FCA85E","lz4","39","17144","A57F2203A5059A86FC7C1F60E030AA10CF2B47D4254C0F2D1F734102DBAB16F0","774D224695AF4057353F72602BB96CD2AFEEA059AC7737535645F11596FCA85E","74FF260A939B01673667723D8351AAEDB679339610009ECB23C70E373B862D9F","E:\MIXER\hybridzip\results\experiments\hybridzip-r2-forced-oracle-current-320dd1b-lz4"
"x-ray","32","32768","10511AA63DFBD9C0DDBFEFE36068740103D4BA1116E214154A0772057D7E9314","lz4","39","31072","9F5DA827A36DEE5F76C7E37D19470B2A1F8AF1FFAB8B589D00C7053911743584","10511AA63DFBD9C0DDBFEFE36068740103D4BA1116E214154A0772057D7E9314","74FF260A939B01673667723D8351AAEDB679339610009ECB23C70E373B862D9F","E:\MIXER\hybridzip\results\experiments\hybridzip-r2-forced-oracle-current-320dd1b-lz4"
"xml","32","32768","C2F7F129956F8D6FC3D0E3595D93F98D5270B6F5BC4AB5E70F45867822EFDD71","lz4","39","3939","59641D1C6B8554503307100516021B2F289397267C65A907E8DBD6D686AE4610","C2F7F129956F8D6FC3D0E3595D93F98D5270B6F5BC4AB5E70F45867822EFDD71","74FF260A939B01673667723D8351AAEDB679339610009ECB23C70E373B862D9F","E:\MIXER\hybridzip\results\experiments\hybridzip-r2-forced-oracle-current-320dd1b-lz4"
"dickens","32","32768","FC42DCB9849222C8704C9DCAE606D075B389B66244FB215035148D6409EC0B31","kanzi-ans","40","19323","11B99A90C102C706A79E9D7E297706F49FAFF04A18155DF479997A4E46EEB088","FC42DCB9849222C8704C9DCAE606D075B389B66244FB215035148D6409EC0B31","74FF260A939B01673667723D8351AAEDB679339610009ECB23C70E373B862D9F","E:\MIXER\hybridzip\results\experiments\hybridzip-r2-forced-oracle-current-320dd1b-kanzi-ans"
"mozilla","32","32768","9DDEEF36CA0CA55B72FE3376D005926DFF3400A2ADE6EAE18482D8017D8645DB","kanzi-ans","40","20043","EBB6EBF5D2D4454CE590FFFD1D815EF99E88375D400DABD8CD416F95026F97CD","9DDEEF36CA0CA55B72FE3376D005926DFF3400A2ADE6EAE18482D8017D8645DB","74FF260A939B01673667723D8351AAEDB679339610009ECB23C70E373B862D9F","E:\MIXER\hybridzip\results\experiments\hybridzip-r2-forced-oracle-current-320dd1b-kanzi-ans"
"mr","32","32768","3BB287B0AF65F777AB00C14E362B4D1962087260556001BBEE0689AA10D9F76A","kanzi-ans","40","11198","6C162D24BC79F3F31DAB7C9C3E63EEA24CCF6B44BC31506B2067206C13DEA70F","3BB287B0AF65F777AB00C14E362B4D1962087260556001BBEE0689AA10D9F76A","74FF260A939B01673667723D8351AAEDB679339610009ECB23C70E373B862D9F","E:\MIXER\hybridzip\results\experiments\hybridzip-r2-forced-oracle-current-320dd1b-kanzi-ans"
"nci","32","32768","0D3034FE8B0E573DE1439ED98CE409B83B13E5895085C9BFB0BF980F4962FB79","kanzi-ans","40","10104","C16B0C0389E2454282872DF161950F5C349B04A52782AC85538D3D958F1A8B24","0D3034FE8B0E573DE1439ED98CE409B83B13E5895085C9BFB0BF980F4962FB79","74FF260A939B01673667723D8351AAEDB679339610009ECB23C70E373B862D9F","E:\MIXER\hybridzip\results\experiments\hybridzip-r2-forced-oracle-current-320dd1b-kanzi-ans"
"ooffice","32","32768","2ACF9B4CAAEAC5814CDFEF0FA48A5ECE857C847DBDB7B44EEAB95CA3C098921C","kanzi-ans","40","24740","DE533449B602591E47C2C54DB86D4F55F457D9AC8F3BC9C59E0513A414EAB3DA","2ACF9B4CAAEAC5814CDFEF0FA48A5ECE857C847DBDB7B44EEAB95CA3C098921C","74FF260A939B01673667723D8351AAEDB679339610009ECB23C70E373B862D9F","E:\MIXER\hybridzip\results\experiments\hybridzip-r2-forced-oracle-current-320dd1b-kanzi-ans"
"osdb","32","32768","03B2C20B777682CD960BCD893D7A4463161D9C0200FD1708B2EFAE32A259D0B7","kanzi-ans","40","27447","AF9E99EA0E19CEC1C74B505C5358DDF420C0F3F06F4C87F82D3E2D6CC4EF4328","03B2C20B777682CD960BCD893D7A4463161D9C0200FD1708B2EFAE32A259D0B7","74FF260A939B01673667723D8351AAEDB679339610009ECB23C70E373B862D9F","E:\MIXER\hybridzip\results\experiments\hybridzip-r2-forced-oracle-current-320dd1b-kanzi-ans"
"reymont","32","32768","9D5E4B9340C2260DAE7DDB01B3EDA58236FF2DE5E1FF4D56767AA840B6FB1A87","kanzi-ans","40","20356","BB4FBDBAE55AECE889CC266B9ABB72C16512626DB824CFC44542A940CD99560A","9D5E4B9340C2260DAE7DDB01B3EDA58236FF2DE5E1FF4D56767AA840B6FB1A87","74FF260A939B01673667723D8351AAEDB679339610009ECB23C70E373B862D9F","E:\MIXER\hybridzip\results\experiments\hybridzip-r2-forced-oracle-current-320dd1b-kanzi-ans"
"samba","32","32768","9C4F5BEE544E4531E4946E62F796987418B4526911C34877EF282F14DD57AD12","kanzi-ans","40","19855","210BB1125A76D81246D4076433748F0708565380613785A874FFB8940E6E1537","9C4F5BEE544E4531E4946E62F796987418B4526911C34877EF282F14DD57AD12","74FF260A939B01673667723D8351AAEDB679339610009ECB23C70E373B862D9F","E:\MIXER\hybridzip\results\experiments\hybridzip-r2-forced-oracle-current-320dd1b-kanzi-ans"
"sao","32","32768","95677430CAD4F000506BC5EE22815C3F4E13D64B477ED506B78D5D9ACFB50CCD","kanzi-ans","40","30571","287A72C666BEEC87CCA2B9FCD24DFCD17726FFC4504808B5CEC4EEF86B1820AC","95677430CAD4F000506BC5EE22815C3F4E13D64B477ED506B78D5D9ACFB50CCD","74FF260A939B01673667723D8351AAEDB679339610009ECB23C70E373B862D9F","E:\MIXER\hybridzip\results\experiments\hybridzip-r2-forced-oracle-current-320dd1b-kanzi-ans"
"webster","32","32768","774D224695AF4057353F72602BB96CD2AFEEA059AC7737535645F11596FCA85E","kanzi-ans","40","20704","F760BA7A544583A00B52C4C7CE675968F34D885A9CAAA4E6C0E3F5CDEB0B7D8F","774D224695AF4057353F72602BB96CD2AFEEA059AC7737535645F11596FCA85E","74FF260A939B01673667723D8351AAEDB679339610009ECB23C70E373B862D9F","E:\MIXER\hybridzip\results\experiments\hybridzip-r2-forced-oracle-current-320dd1b-kanzi-ans"
"x-ray","32","32768","10511AA63DFBD9C0DDBFEFE36068740103D4BA1116E214154A0772057D7E9314","kanzi-ans","40","27032","99A7D70ECFA3A0AFC4EC2DF698E052E922B857C66ACC8E32C5DA59D787E7DEE0","10511AA63DFBD9C0DDBFEFE36068740103D4BA1116E214154A0772057D7E9314","74FF260A939B01673667723D8351AAEDB679339610009ECB23C70E373B862D9F","E:\MIXER\hybridzip\results\experiments\hybridzip-r2-forced-oracle-current-320dd1b-kanzi-ans"
"xml","32","32768","C2F7F129956F8D6FC3D0E3595D93F98D5270B6F5BC4AB5E70F45867822EFDD71","kanzi-ans","40","21723","240DD694B20AA391A92404B655427371E9B7B4E75289025565C696C1039DC54B","C2F7F129956F8D6FC3D0E3595D93F98D5270B6F5BC4AB5E70F45867822EFDD71","74FF260A939B01673667723D8351AAEDB679339610009ECB23C70E373B862D9F","E:\MIXER\hybridzip\results\experiments\hybridzip-r2-forced-oracle-current-320dd1b-kanzi-ans"
"dickens","32","32768","FC42DCB9849222C8704C9DCAE606D075B389B66244FB215035148D6409EC0B31","lmic-arithmetic","41","25243","F32FA269C923165F87BB9A4D699835E41ACEB7B4B0B68E899B9042FC0D408DFC","FC42DCB9849222C8704C9DCAE606D075B389B66244FB215035148D6409EC0B31","74FF260A939B01673667723D8351AAEDB679339610009ECB23C70E373B862D9F","E:\MIXER\hybridzip\results\experiments\hybridzip-r2-forced-oracle-current-320dd1b-lmic-arithmetic"
"mozilla","32","32768","9DDEEF36CA0CA55B72FE3376D005926DFF3400A2ADE6EAE18482D8017D8645DB","lmic-arithmetic","41","56197","4D7D49D9241CC8A4C28BD31C4A62F53FA0121C066723751AA438FC1504DDCAEA","9DDEEF36CA0CA55B72FE3376D005926DFF3400A2ADE6EAE18482D8017D8645DB","74FF260A939B01673667723D8351AAEDB679339610009ECB23C70E373B862D9F","E:\MIXER\hybridzip\results\experiments\hybridzip-r2-forced-oracle-current-320dd1b-lmic-arithmetic"
"mr","32","32768","3BB287B0AF65F777AB00C14E362B4D1962087260556001BBEE0689AA10D9F76A","lmic-arithmetic","41","62894","E200F448C358EDF5CDBECE6C3F86EEC77892F69A33605D3CB5E72A172C37F9DE","3BB287B0AF65F777AB00C14E362B4D1962087260556001BBEE0689AA10D9F76A","74FF260A939B01673667723D8351AAEDB679339610009ECB23C70E373B862D9F","E:\MIXER\hybridzip\results\experiments\hybridzip-r2-forced-oracle-current-320dd1b-lmic-arithmetic"
"nci","32","32768","0D3034FE8B0E573DE1439ED98CE409B83B13E5895085C9BFB0BF980F4962FB79","lmic-arithmetic","41","30240","8A8FDA04AA3E7D1C154E7A101106E0DC23032FCF9D5805569DC78823EA765694","0D3034FE8B0E573DE1439ED98CE409B83B13E5895085C9BFB0BF980F4962FB79","74FF260A939B01673667723D8351AAEDB679339610009ECB23C70E373B862D9F","E:\MIXER\hybridzip\results\experiments\hybridzip-r2-forced-oracle-current-320dd1b-lmic-arithmetic"
"ooffice","32","32768","2ACF9B4CAAEAC5814CDFEF0FA48A5ECE857C847DBDB7B44EEAB95CA3C098921C","lmic-arithmetic","41","54414","D5A76A67DEEB0D1AF7FBCFDFBB97372F97FD1C1524FA14398039FF0D5770B4DB","2ACF9B4CAAEAC5814CDFEF0FA48A5ECE857C847DBDB7B44EEAB95CA3C098921C","74FF260A939B01673667723D8351AAEDB679339610009ECB23C70E373B862D9F","E:\MIXER\hybridzip\results\experiments\hybridzip-r2-forced-oracle-current-320dd1b-lmic-arithmetic"
"osdb","32","32768","03B2C20B777682CD960BCD893D7A4463161D9C0200FD1708B2EFAE32A259D0B7","lmic-arithmetic","41","42104","40D46C6841BEFD6A0DA9E3ADDCB2A00FD3644178103E92ADD05580A2502B38F2","03B2C20B777682CD960BCD893D7A4463161D9C0200FD1708B2EFAE32A259D0B7","74FF260A939B01673667723D8351AAEDB679339610009ECB23C70E373B862D9F","E:\MIXER\hybridzip\results\experiments\hybridzip-r2-forced-oracle-current-320dd1b-lmic-arithmetic"
"reymont","32","32768","9D5E4B9340C2260DAE7DDB01B3EDA58236FF2DE5E1FF4D56767AA840B6FB1A87","lmic-arithmetic","41","37554","1219CBDC46F69B6C67A57F4963141D00E510B69AD941A5FD8EE888B4C1B1C3D8","9D5E4B9340C2260DAE7DDB01B3EDA58236FF2DE5E1FF4D56767AA840B6FB1A87","74FF260A939B01673667723D8351AAEDB679339610009ECB23C70E373B862D9F","E:\MIXER\hybridzip\results\experiments\hybridzip-r2-forced-oracle-current-320dd1b-lmic-arithmetic"
"samba","32","32768","9C4F5BEE544E4531E4946E62F796987418B4526911C34877EF282F14DD57AD12","lmic-arithmetic","41","30653","E53A347A64A4A283923DF04489CC3E6303A2F55DBA7F193D901D19E5AD9D403F","9C4F5BEE544E4531E4946E62F796987418B4526911C34877EF282F14DD57AD12","74FF260A939B01673667723D8351AAEDB679339610009ECB23C70E373B862D9F","E:\MIXER\hybridzip\results\experiments\hybridzip-r2-forced-oracle-current-320dd1b-lmic-arithmetic"
"sao","32","32768","95677430CAD4F000506BC5EE22815C3F4E13D64B477ED506B78D5D9ACFB50CCD","lmic-arithmetic","41","53552","8C51554D44E470E2B61F061E98120C199FE3DB196358B6597F1124FF6CCD68D3","95677430CAD4F000506BC5EE22815C3F4E13D64B477ED506B78D5D9ACFB50CCD","74FF260A939B01673667723D8351AAEDB679339610009ECB23C70E373B862D9F","E:\MIXER\hybridzip\results\experiments\hybridzip-r2-forced-oracle-current-320dd1b-lmic-arithmetic"
"webster","32","32768","774D224695AF4057353F72602BB96CD2AFEEA059AC7737535645F11596FCA85E","lmic-arithmetic","41","28291","01B040A233ADC8CEAFA64B1DD034D0A2B6E983EEB9439B44E6A4C62C5787B070","774D224695AF4057353F72602BB96CD2AFEEA059AC7737535645F11596FCA85E","74FF260A939B01673667723D8351AAEDB679339610009ECB23C70E373B862D9F","E:\MIXER\hybridzip\results\experiments\hybridzip-r2-forced-oracle-current-320dd1b-lmic-arithmetic"
"x-ray","32","32768","10511AA63DFBD9C0DDBFEFE36068740103D4BA1116E214154A0772057D7E9314","lmic-arithmetic","41","56086","437F9C08CB7BA4A043F9EC9A14ECEECB58D0F20FD2DFCB3C9D6D32F01773638E","10511AA63DFBD9C0DDBFEFE36068740103D4BA1116E214154A0772057D7E9314","74FF260A939B01673667723D8351AAEDB679339610009ECB23C70E373B862D9F","E:\MIXER\hybridzip\results\experiments\hybridzip-r2-forced-oracle-current-320dd1b-lmic-arithmetic"
"xml","32","32768","C2F7F129956F8D6FC3D0E3595D93F98D5270B6F5BC4AB5E70F45867822EFDD71","lmic-arithmetic","41","38485","6183441B756B0170BD90320EE802ED8A5400511F801F606A3FA65572A339C9D2","C2F7F129956F8D6FC3D0E3595D93F98D5270B6F5BC4AB5E70F45867822EFDD71","74FF260A939B01673667723D8351AAEDB679339610009ECB23C70E373B862D9F","E:\MIXER\hybridzip\results\experiments\hybridzip-r2-forced-oracle-current-320dd1b-lmic-arithmetic"
"dickens","32","32768","FC42DCB9849222C8704C9DCAE606D075B389B66244FB215035148D6409EC0B31","delta-binary-packed-zstd","42","32026","16956787A50C69C6086A6D0D7B23D0BEDFF7AD20DD81BE5589A2DF073131723C","FC42DCB9849222C8704C9DCAE606D075B389B66244FB215035148D6409EC0B31","74FF260A939B01673667723D8351AAEDB679339610009ECB23C70E373B862D9F","E:\MIXER\hybridzip\results\experiments\hybridzip-r2-forced-oracle-current-320dd1b-delta-binary-packed-zstd"
"mozilla","32","32768","9DDEEF36CA0CA55B72FE3376D005926DFF3400A2ADE6EAE18482D8017D8645DB","delta-binary-packed-zstd","42","19056","15DC8C7169C44C6117D5E42CE4DC7CC8A6BF06772E9DB4DC7754E8C595D8C9A1","9DDEEF36CA0CA55B72FE3376D005926DFF3400A2ADE6EAE18482D8017D8645DB","74FF260A939B01673667723D8351AAEDB679339610009ECB23C70E373B862D9F","E:\MIXER\hybridzip\results\experiments\hybridzip-r2-forced-oracle-current-320dd1b-delta-binary-packed-zstd"
"mr","32","32768","3BB287B0AF65F777AB00C14E362B4D1962087260556001BBEE0689AA10D9F76A","delta-binary-packed-zstd","42","13910","43C3EE662579E95FF8B005784A68A19469EDEA3D73BEAF63B5AC8E4C2A1F8CEF","3BB287B0AF65F777AB00C14E362B4D1962087260556001BBEE0689AA10D9F76A","74FF260A939B01673667723D8351AAEDB679339610009ECB23C70E373B862D9F","E:\MIXER\hybridzip\results\experiments\hybridzip-r2-forced-oracle-current-320dd1b-delta-binary-packed-zstd"
"nci","32","32768","0D3034FE8B0E573DE1439ED98CE409B83B13E5895085C9BFB0BF980F4962FB79","delta-binary-packed-zstd","42","16407","0E632DE05C5D53026D90BF2E3277A1D55AE9065E435D763E7DC1AAAF50263038","0D3034FE8B0E573DE1439ED98CE409B83B13E5895085C9BFB0BF980F4962FB79","74FF260A939B01673667723D8351AAEDB679339610009ECB23C70E373B862D9F","E:\MIXER\hybridzip\results\experiments\hybridzip-r2-forced-oracle-current-320dd1b-delta-binary-packed-zstd"
"ooffice","32","32768","2ACF9B4CAAEAC5814CDFEF0FA48A5ECE857C847DBDB7B44EEAB95CA3C098921C","delta-binary-packed-zstd","42","25013","ED0CD505A26329E61D261B1BDF275B476F4EADD9FB593C09CC349A37B97B5AE1","2ACF9B4CAAEAC5814CDFEF0FA48A5ECE857C847DBDB7B44EEAB95CA3C098921C","74FF260A939B01673667723D8351AAEDB679339610009ECB23C70E373B862D9F","E:\MIXER\hybridzip\results\experiments\hybridzip-r2-forced-oracle-current-320dd1b-delta-binary-packed-zstd"
"osdb","32","32768","03B2C20B777682CD960BCD893D7A4463161D9C0200FD1708B2EFAE32A259D0B7","delta-binary-packed-zstd","42","32579","9E218C07376BF8569E9427C155A864D0B3DB75DCDE7A8001A5270E7E4EA3CC1F","03B2C20B777682CD960BCD893D7A4463161D9C0200FD1708B2EFAE32A259D0B7","74FF260A939B01673667723D8351AAEDB679339610009ECB23C70E373B862D9F","E:\MIXER\hybridzip\results\experiments\hybridzip-r2-forced-oracle-current-320dd1b-delta-binary-packed-zstd"
"reymont","32","32768","9D5E4B9340C2260DAE7DDB01B3EDA58236FF2DE5E1FF4D56767AA840B6FB1A87","delta-binary-packed-zstd","42","29618","1F92D1D7B96CE4F10E94C64FD4BCF770A3256D51EABFE082EA004D70BFA69DAD","9D5E4B9340C2260DAE7DDB01B3EDA58236FF2DE5E1FF4D56767AA840B6FB1A87","74FF260A939B01673667723D8351AAEDB679339610009ECB23C70E373B862D9F","E:\MIXER\hybridzip\results\experiments\hybridzip-r2-forced-oracle-current-320dd1b-delta-binary-packed-zstd"
"samba","32","32768","9C4F5BEE544E4531E4946E62F796987418B4526911C34877EF282F14DD57AD12","delta-binary-packed-zstd","42","28658","30D4203D7FAE866134F9A0A1EA0DA83C1E8D9E7275937E5B7700422732679B33","9C4F5BEE544E4531E4946E62F796987418B4526911C34877EF282F14DD57AD12","74FF260A939B01673667723D8351AAEDB679339610009ECB23C70E373B862D9F","E:\MIXER\hybridzip\results\experiments\hybridzip-r2-forced-oracle-current-320dd1b-delta-binary-packed-zstd"
"sao","32","32768","95677430CAD4F000506BC5EE22815C3F4E13D64B477ED506B78D5D9ACFB50CCD","delta-binary-packed-zstd","42","32880","EBEC4062E62C72508B0CBA53415485E971D16A3BF4B5754340BB107CA392AD6D","95677430CAD4F000506BC5EE22815C3F4E13D64B477ED506B78D5D9ACFB50CCD","74FF260A939B01673667723D8351AAEDB679339610009ECB23C70E373B862D9F","E:\MIXER\hybridzip\results\experiments\hybridzip-r2-forced-oracle-current-320dd1b-delta-binary-packed-zstd"
"webster","32","32768","774D224695AF4057353F72602BB96CD2AFEEA059AC7737535645F11596FCA85E","delta-binary-packed-zstd","42","31803","7095B96DD817DC17A607426F6AD11EB6C482818E16FBB235176DC95A3129BADF","774D224695AF4057353F72602BB96CD2AFEEA059AC7737535645F11596FCA85E","74FF260A939B01673667723D8351AAEDB679339610009ECB23C70E373B862D9F","E:\MIXER\hybridzip\results\experiments\hybridzip-r2-forced-oracle-current-320dd1b-delta-binary-packed-zstd"
"x-ray","32","32768","10511AA63DFBD9C0DDBFEFE36068740103D4BA1116E214154A0772057D7E9314","delta-binary-packed-zstd","42","24198","1831EAA18C017C2169F33339761EF9D4B09C34C64D20449A2BAE8BE4D9D92D17","10511AA63DFBD9C0DDBFEFE36068740103D4BA1116E214154A0772057D7E9314","74FF260A939B01673667723D8351AAEDB679339610009ECB23C70E373B862D9F","E:\MIXER\hybridzip\results\experiments\hybridzip-r2-forced-oracle-current-320dd1b-delta-binary-packed-zstd"
"xml","32","32768","C2F7F129956F8D6FC3D0E3595D93F98D5270B6F5BC4AB5E70F45867822EFDD71","delta-binary-packed-zstd","42","21403","88927AE23B456FF44292BAC374A2B37350736F62C2628C37A7471B0CD7149A5B","C2F7F129956F8D6FC3D0E3595D93F98D5270B6F5BC4AB5E70F45867822EFDD71","74FF260A939B01673667723D8351AAEDB679339610009ECB23C70E373B862D9F","E:\MIXER\hybridzip\results\experiments\hybridzip-r2-forced-oracle-current-320dd1b-delta-binary-packed-zstd"
