"stage","policy","block_size_kib","timing_repeat","warmup","fast_thread_count","telemetry_worker_count","candidates_evaluated","full_oracle_evaluated","ranker_version","ranker_crc32","ranker_sha256","candidate_modes","fast_block_latency_samples","fast_queue_plus_service_p50_ns","fast_queue_plus_service_p95_ns","fast_service_p50_ns","fast_service_p95_ns","fast_queue_plus_service_ns","fast_service_ns","experiment_id","variant","repeat","case_order","file","scope_kib","input_path","input_bytes","input_sha256","archive_path","archive_bytes","archive_sha256","decoded_path","decoded_bytes","decoded_sha256","encode_seconds","decode_seconds","encode_peak_ram_mib","decode_peak_ram_mib","peak_ram_mib","codec_sha256","parameters","encode_command","decode_command","encode_exit_code","decode_exit_code","started_at","status","roundtrip","block_types","notes"
"e6-fast","fast","32","0","True","1","1","4","0","00010000","1025B343","4B1AC26C40AD4DA50312FD3B694D7E636FB768C2336FE773BC82D36424C27A4B","0:1,39:1,43:2","1","6360500","6360500","6333300","6333300","6360500","6333300","hybridzip-r2-e6-fast-k4-full-20260829-w1-fast-b32-r0","r2-fast","1","1","dickens","32","inputs/32KiB/dickens.bin","32768","FC42DCB9849222C8704C9DCAE606D075B389B66244FB215035148D6409EC0B31","archives/32KiB/dickens.hz2","14204","84C64B0BA4703663A91F3B007AF2F41B20CFF55C0458B294CCA26DC7E6D92C03","decoded/32KiB/dickens.decoded","32768","FC42DCB9849222C8704C9DCAE606D075B389B66244FB215035148D6409EC0B31","0.0600508","0.0493696","5.171875","3.18359375","5.171875","74FF260A939B01673667723D8351AAEDB679339610009ECB23C70E373B862D9F","profile_id=2;mode=fast;block_size=32768;zstd_level=3;lzma_level=9;threads=1;process_timeout_seconds=1800","""E:\MIXER\hybridzip\build\Release\hybridzip.exe"" c --profile=r2 --r2-mode=fast --block-size=32768 --zstd-level=3 --threads=1 ""E:\MIXER\hybridzip\results\experiments\hybridzip-r2-e6-fast-k4-full-20260829-w1\children\hybridzip-r2-e6-fast-k4-full-20260829-w1-fast-b32-r0\inputs\32KiB\dickens.bin"" ""E:\MIXER\hybridzip\results\experiments\hybridzip-r2-e6-fast-k4-full-20260829-w1\children\hybridzip-r2-e6-fast-k4-full-20260829-w1-fast-b32-r0\archives\32KiB\dickens.hz2""","""E:\MIXER\hybridzip\build\Release\hybridzip.exe"" d ""E:\MIXER\hybridzip\results\experiments\hybridzip-r2-e6-fast-k4-full-20260829-w1\children\hybridzip-r2-e6-fast-k4-full-20260829-w1-fast-b32-r0\archives\32KiB\dickens.hz2"" ""E:\MIXER\hybridzip\results\experiments\hybridzip-r2-e6-fast-k4-full-20260829-w1\children\hybridzip-r2-e6-fast-k4-full-20260829-w1-fast-b32-r0\decoded\32KiB\dickens.decoded""","0","0","2026-08-29T14:44:20.7842548+08:00","COMPLETE","PASS","fast-ext=1","Complete R2 archive size; SHA-256 byte-exact roundtrip verified."
"e6-fast","fast","32","0","True","1","1","8","0","00010000","1025B343","4B1AC26C40AD4DA50312FD3B694D7E636FB768C2336FE773BC82D36424C27A4B","0:2,39:2,43:4","2","5749200","11449500","5741900","5967800","5749200,11449500","5741900,5967800","hybridzip-r2-e6-fast-k4-full-20260829-w1-fast-b32-r0","r2-fast","1","2","dickens","64","inputs/64KiB/dickens.bin","65536","134AD989A7B8B40C900A3B9C0F4895317DFD827D9E6E933895B08D2F4A8A8293","archives/64KiB/dickens.hz2","28111","34E6A0BD4BC3DE883E685A21F7A2DE5E97D14CA78B66575DB7670E676C7FA5C9","decoded/64KiB/dickens.decoded","65536","134AD989A7B8B40C900A3B9C0F4895317DFD827D9E6E933895B08D2F4A8A8293","0.0600457","0.0479034","5.31640625","2.02734375","5.31640625","74FF260A939B01673667723D8351AAEDB679339610009ECB23C70E373B862D9F","profile_id=2;mode=fast;block_size=32768;zstd_level=3;lzma_level=9;threads=1;process_timeout_seconds=1800","""E:\MIXER\hybridzip\build\Release\hybridzip.exe"" c --profile=r2 --r2-mode=fast --block-size=32768 --zstd-level=3 --threads=1 ""E:\MIXER\hybridzip\results\experiments\hybridzip-r2-e6-fast-k4-full-20260829-w1\children\hybridzip-r2-e6-fast-k4-full-20260829-w1-fast-b32-r0\inputs\64KiB\dickens.bin"" ""E:\MIXER\hybridzip\results\experiments\hybridzip-r2-e6-fast-k4-full-20260829-w1\children\hybridzip-r2-e6-fast-k4-full-20260829-w1-fast-b32-r0\archives\64KiB\dickens.hz2""","""E:\MIXER\hybridzip\build\Release\hybridzip.exe"" d ""E:\MIXER\hybridzip\results\experiments\hybridzip-r2-e6-fast-k4-full-20260829-w1\children\hybridzip-r2-e6-fast-k4-full-20260829-w1-fast-b32-r0\archives\64KiB\dickens.hz2"" ""E:\MIXER\hybridzip\results\experiments\hybridzip-r2-e6-fast-k4-full-20260829-w1\children\hybridzip-r2-e6-fast-k4-full-20260829-w1-fast-b32-r0\decoded\64KiB\dickens.decoded""","0","0","2026-08-29T14:44:21.0491440+08:00","COMPLETE","PASS","fast-ext=2","Complete R2 archive size; SHA-256 byte-exact roundtrip verified."
"e6-fast","fast","32","0","True","1","1","16","0","00010000","1025B343","4B1AC26C40AD4DA50312FD3B694D7E636FB768C2336FE773BC82D36424C27A4B","0:4,39:4,43:8","4","10887300","11130300","5606200","5791000","5561700,11130300,10997400,10887300","5541200,5791000,5661800,5606200","hybridzip-r2-e6-fast-k4-full-20260829-w1-fast-b32-r0","r2-fast","1","3","dickens","128","inputs/128KiB/dickens.bin","131072","20E33FCC8FAA96DC32A2D0921115C0F363E64C598A5847CE1A3876E356D59872","archives/128KiB/dickens.hz2","55704","2D712EDE702CB8C81F6189532D5D198512ECD2A0DCFB0E19BFBF935E5BE0EDA3","decoded/128KiB/dickens.decoded","131072","20E33FCC8FAA96DC32A2D0921115C0F363E64C598A5847CE1A3876E356D59872","0.0927717","0.0639062","5.33203125","2.02734375","5.33203125","74FF260A939B01673667723D8351AAEDB679339610009ECB23C70E373B862D9F","profile_id=2;mode=fast;block_size=32768;zstd_level=3;lzma_level=9;threads=1;process_timeout_seconds=1800","""E:\MIXER\hybridzip\build\Release\hybridzip.exe"" c --profile=r2 --r2-mode=fast --block-size=32768 --zstd-level=3 --threads=1 ""E:\MIXER\hybridzip\results\experiments\hybridzip-r2-e6-fast-k4-full-20260829-w1\children\hybridzip-r2-e6-fast-k4-full-20260829-w1-fast-b32-r0\inputs\128KiB\dickens.bin"" ""E:\MIXER\hybridzip\results\experiments\hybridzip-r2-e6-fast-k4-full-20260829-w1\children\hybridzip-r2-e6-fast-k4-full-20260829-w1-fast-b32-r0\archives\128KiB\dickens.hz2""","""E:\MIXER\hybridzip\build\Release\hybridzip.exe"" d ""E:\MIXER\hybridzip\results\experiments\hybridzip-r2-e6-fast-k4-full-20260829-w1\children\hybridzip-r2-e6-fast-k4-full-20260829-w1-fast-b32-r0\archives\128KiB\dickens.hz2"" ""E:\MIXER\hybridzip\results\experiments\hybridzip-r2-e6-fast-k4-full-20260829-w1\children\hybridzip-r2-e6-fast-k4-full-20260829-w1-fast-b32-r0\decoded\128KiB\dickens.decoded""","0","0","2026-08-29T14:44:21.2299591+08:00","COMPLETE","PASS","fast-ext=4","Complete R2 archive size; SHA-256 byte-exact roundtrip verified."
"e6-fast","fast","32","0","True","1","1","4","0","00010000","1025B343","4B1AC26C40AD4DA50312FD3B694D7E636FB768C2336FE773BC82D36424C27A4B","0:1,39:1,43:2","1","7278600","7278600","7217700","7217700","7278600","7217700","hybridzip-r2-e6-fast-k4-full-20260829-w1-fast-b32-r0","r2-fast","1","4","mozilla","32","inputs/32KiB/mozilla.bin","32768","9DDEEF36CA0CA55B72FE3376D005926DFF3400A2ADE6EAE18482D8017D8645DB","archives/32KiB/mozilla.hz2","11271","4CD226F53512BD2FDCC6A275218620CD82E584E48F1518CE021243B6B4F3F00E","decoded/32KiB/mozilla.decoded","32768","9DDEEF36CA0CA55B72FE3376D005926DFF3400A2ADE6EAE18482D8017D8645DB","0.0579904","0.0637753","2.02734375","2.02734375","2.02734375","74FF260A939B01673667723D8351AAEDB679339610009ECB23C70E373B862D9F","profile_id=2;mode=fast;block_size=32768;zstd_level=3;lzma_level=9;threads=1;process_timeout_seconds=1800","""E:\MIXER\hybridzip\build\Release\hybridzip.exe"" c --profile=r2 --r2-mode=fast --block-size=32768 --zstd-level=3 --threads=1 ""E:\MIXER\hybridzip\results\experiments\hybridzip-r2-e6-fast-k4-full-20260829-w1\children\hybridzip-r2-e6-fast-k4-full-20260829-w1-fast-b32-r0\inputs\32KiB\mozilla.bin"" ""E:\MIXER\hybridzip\results\experiments\hybridzip-r2-e6-fast-k4-full-20260829-w1\children\hybridzip-r2-e6-fast-k4-full-20260829-w1-fast-b32-r0\archives\32KiB\mozilla.hz2""","""E:\MIXER\hybridzip\build\Release\hybridzip.exe"" d ""E:\MIXER\hybridzip\results\experiments\hybridzip-r2-e6-fast-k4-full-20260829-w1\children\hybridzip-r2-e6-fast-k4-full-20260829-w1-fast-b32-r0\archives\32KiB\mozilla.hz2"" ""E:\MIXER\hybridzip\results\experiments\hybridzip-r2-e6-fast-k4-full-20260829-w1\children\hybridzip-r2-e6-fast-k4-full-20260829-w1-fast-b32-r0\decoded\32KiB\mozilla.decoded""","0","0","2026-08-29T14:44:21.4585075+08:00","COMPLETE","PASS","fast-ext=1","Complete R2 archive size; SHA-256 byte-exact roundtrip verified."
"e6-fast","fast","32","0","True","1","1","8","0","00010000","1025B343","4B1AC26C40AD4DA50312FD3B694D7E636FB768C2336FE773BC82D36424C27A4B","0:2,39:2,43:4","2","7604200","14007900","6696100","7594600","7604200,14007900","7594600,6696100","hybridzip-r2-e6-fast-k4-full-20260829-w1-fast-b32-r0","r2-fast","1","5","mozilla","64","inputs/64KiB/mozilla.bin","65536","B0050240663F54371D372303EEABA0A59AB0758BCD565F4F639D06561E6BC996","archives/64KiB/mozilla.hz2","18132","61FC418B7B61A467CC526681DA499F3383A5FC1E13D9BE62BC2D38B589090715","decoded/64KiB/mozilla.decoded","65536","B0050240663F54371D372303EEABA0A59AB0758BCD565F4F639D06561E6BC996","0.0854431","0.0628929","5.28125","2.02734375","5.28125","74FF260A939B01673667723D8351AAEDB679339610009ECB23C70E373B862D9F","profile_id=2;mode=fast;block_size=32768;zstd_level=3;lzma_level=9;threads=1;process_timeout_seconds=1800","""E:\MIXER\hybridzip\build\Release\hybridzip.exe"" c --profile=r2 --r2-mode=fast --block-size=32768 --zstd-level=3 --threads=1 ""E:\MIXER\hybridzip\results\experiments\hybridzip-r2-e6-fast-k4-full-20260829-w1\children\hybridzip-r2-e6-fast-k4-full-20260829-w1-fast-b32-r0\inputs\64KiB\mozilla.bin"" ""E:\MIXER\hybridzip\results\experiments\hybridzip-r2-e6-fast-k4-full-20260829-w1\children\hybridzip-r2-e6-fast-k4-full-20260829-w1-fast-b32-r0\archives\64KiB\mozilla.hz2""","""E:\MIXER\hybridzip\build\Release\hybridzip.exe"" d ""E:\MIXER\hybridzip\results\experiments\hybridzip-r2-e6-fast-k4-full-20260829-w1\children\hybridzip-r2-e6-fast-k4-full-20260829-w1-fast-b32-r0\archives\64KiB\mozilla.hz2"" ""E:\MIXER\hybridzip\results\experiments\hybridzip-r2-e6-fast-k4-full-20260829-w1\children\hybridzip-r2-e6-fast-k4-full-20260829-w1-fast-b32-r0\decoded\64KiB\mozilla.decoded""","0","0","2026-08-29T14:44:21.6635182+08:00","COMPLETE","PASS","fast-ext=2","Complete R2 archive size; SHA-256 byte-exact roundtrip verified."
"e6-fast","fast","32","0","True","1","1","16","0","00010000","1025B343","4B1AC26C40AD4DA50312FD3B694D7E636FB768C2336FE773BC82D36424C27A4B","0:4,39:4,43:8","4","9439300","14163600","5720200","7478600","7618200,14163600,12106600,9439300","7478600,6812000,5720200,4031500","hybridzip-r2-e6-fast-k4-full-20260829-w1-fast-b32-r0","r2-fast","1","6","mozilla","128","inputs/128KiB/mozilla.bin","131072","85CDBEA98382DB12E9A21FF90E1907452712D074000A6B855D2CA215FA591EB4","archives/128KiB/mozilla.hz2","27190","EDDDC93BB254A54A1F030848D260325EC8333DD6EC6AFEBB986B9721F8DA1195","decoded/128KiB/mozilla.decoded","131072","85CDBEA98382DB12E9A21FF90E1907452712D074000A6B855D2CA215FA591EB4","0.0922498","0.0452513","5.32421875","2.02734375","5.32421875","74FF260A939B01673667723D8351AAEDB679339610009ECB23C70E373B862D9F","profile_id=2;mode=fast;block_size=32768;zstd_level=3;lzma_level=9;threads=1;process_timeout_seconds=1800","""E:\MIXER\hybridzip\build\Release\hybridzip.exe"" c --profile=r2 --r2-mode=fast --block-size=32768 --zstd-level=3 --threads=1 ""E:\MIXER\hybridzip\results\experiments\hybridzip-r2-e6-fast-k4-full-20260829-w1\children\hybridzip-r2-e6-fast-k4-full-20260829-w1-fast-b32-r0\inputs\128KiB\mozilla.bin"" ""E:\MIXER\hybridzip\results\experiments\hybridzip-r2-e6-fast-k4-full-20260829-w1\children\hybridzip-r2-e6-fast-k4-full-20260829-w1-fast-b32-r0\archives\128KiB\mozilla.hz2""","""E:\MIXER\hybridzip\build\Release\hybridzip.exe"" d ""E:\MIXER\hybridzip\results\experiments\hybridzip-r2-e6-fast-k4-full-20260829-w1\children\hybridzip-r2-e6-fast-k4-full-20260829-w1-fast-b32-r0\archives\128KiB\mozilla.hz2"" ""E:\MIXER\hybridzip\results\experiments\hybridzip-r2-e6-fast-k4-full-20260829-w1\children\hybridzip-r2-e6-fast-k4-full-20260829-w1-fast-b32-r0\decoded\128KiB\mozilla.decoded""","0","0","2026-08-29T14:44:21.8863811+08:00","COMPLETE","PASS","fast-ext=4","Complete R2 archive size; SHA-256 byte-exact roundtrip verified."
"e6-fast","fast","32","0","True","1","1","4","0","00010000","1025B343","4B1AC26C40AD4DA50312FD3B694D7E636FB768C2336FE773BC82D36424C27A4B","0:1,39:1,43:2","1","8560400","8560400","8521000","8521000","8560400","8521000","hybridzip-r2-e6-fast-k4-full-20260829-w1-fast-b32-r0","r2-fast","1","7","mr","32","inputs/32KiB/mr.bin","32768","3BB287B0AF65F777AB00C14E362B4D1962087260556001BBEE0689AA10D9F76A","archives/32KiB/mr.hz2","8048","1714DBB5BB3CCAA1E4937B66A0FCB3167C72C9249EFBC13D3504240A49B144C4","decoded/32KiB/mr.decoded","32768","3BB287B0AF65F777AB00C14E362B4D1962087260556001BBEE0689AA10D9F76A","0.0664546","0.0450794","5.26171875","2.02734375","5.26171875","74FF260A939B01673667723D8351AAEDB679339610009ECB23C70E373B862D9F","profile_id=2;mode=fast;block_size=32768;zstd_level=3;lzma_level=9;threads=1;process_timeout_seconds=1800","""E:\MIXER\hybridzip\build\Release\hybridzip.exe"" c --profile=r2 --r2-mode=fast --block-size=32768 --zstd-level=3 --threads=1 ""E:\MIXER\hybridzip\results\experiments\hybridzip-r2-e6-fast-k4-full-20260829-w1\children\hybridzip-r2-e6-fast-k4-full-20260829-w1-fast-b32-r0\inputs\32KiB\mr.bin"" ""E:\MIXER\hybridzip\results\experiments\hybridzip-r2-e6-fast-k4-full-20260829-w1\children\hybridzip-r2-e6-fast-k4-full-20260829-w1-fast-b32-r0\archives\32KiB\mr.hz2""","""E:\MIXER\hybridzip\build\Release\hybridzip.exe"" d ""E:\MIXER\hybridzip\results\experiments\hybridzip-r2-e6-fast-k4-full-20260829-w1\children\hybridzip-r2-e6-fast-k4-full-20260829-w1-fast-b32-r0\archives\32KiB\mr.hz2"" ""E:\MIXER\hybridzip\results\experiments\hybridzip-r2-e6-fast-k4-full-20260829-w1\children\hybridzip-r2-e6-fast-k4-full-20260829-w1-fast-b32-r0\decoded\32KiB\mr.decoded""","0","0","2026-08-29T14:44:22.0939637+08:00","COMPLETE","PASS","fast-ext=1","Complete R2 archive size; SHA-256 byte-exact roundtrip verified."
"e6-fast","fast","32","0","True","1","1","8","0","00010000","1025B343","4B1AC26C40AD4DA50312FD3B694D7E636FB768C2336FE773BC82D36424C27A4B","0:2,39:2,43:4","2","7663200","13956500","6549500","7611100","7663200,13956500","7611100,6549500","hybridzip-r2-e6-fast-k4-full-20260829-w1-fast-b32-r0","r2-fast","1","8","mr","64","inputs/64KiB/mr.bin","65536","CAB7B6408934009A4BBFEDB57BEB4943BF5478CF8B3688D01F004E0422EBC651","archives/64KiB/mr.hz2","14495","F1D6F80CD8AD1A917E0037C6BBED5E0FB6DC71BD73C0279166F5E166D834F75D","decoded/64KiB/mr.decoded","65536","CAB7B6408934009A4BBFEDB57BEB4943BF5478CF8B3688D01F004E0422EBC651","0.067055","0.0425262","5.30859375","2.02734375","5.30859375","74FF260A939B01673667723D8351AAEDB679339610009ECB23C70E373B862D9F","profile_id=2;mode=fast;block_size=32768;zstd_level=3;lzma_level=9;threads=1;process_timeout_seconds=1800","""E:\MIXER\hybridzip\build\Release\hybridzip.exe"" c --profile=r2 --r2-mode=fast --block-size=32768 --zstd-level=3 --threads=1 ""E:\MIXER\hybridzip\results\experiments\hybridzip-r2-e6-fast-k4-full-20260829-w1\children\hybridzip-r2-e6-fast-k4-full-20260829-w1-fast-b32-r0\inputs\64KiB\mr.bin"" ""E:\MIXER\hybridzip\results\experiments\hybridzip-r2-e6-fast-k4-full-20260829-w1\children\hybridzip-r2-e6-fast-k4-full-20260829-w1-fast-b32-r0\archives\64KiB\mr.hz2""","""E:\MIXER\hybridzip\build\Release\hybridzip.exe"" d ""E:\MIXER\hybridzip\results\experiments\hybridzip-r2-e6-fast-k4-full-20260829-w1\children\hybridzip-r2-e6-fast-k4-full-20260829-w1-fast-b32-r0\archives\64KiB\mr.hz2"" ""E:\MIXER\hybridzip\results\experiments\hybridzip-r2-e6-fast-k4-full-20260829-w1\children\hybridzip-r2-e6-fast-k4-full-20260829-w1-fast-b32-r0\decoded\64KiB\mr.decoded""","0","0","2026-08-29T14:44:22.2763126+08:00","COMPLETE","PASS","fast-ext=2","Complete R2 archive size; SHA-256 byte-exact roundtrip verified."
"e6-fast","fast","32","0","True","1","1","16","0","00010000","1025B343","4B1AC26C40AD4DA50312FD3B694D7E636FB768C2336FE773BC82D36424C27A4B","0:4,39:4,43:8","4","12599200","13693200","6516300","7216700","7369100,13693200,12599200,12668000","7216700,6559700,6516300,6495400","hybridzip-r2-e6-fast-k4-full-20260829-w1-fast-b32-r0","r2-fast","1","9","mr","128","inputs/128KiB/mr.bin","131072","473A6A883480C7B2E69402AD888AC07B347C2DF61C6AA0D84E8B8130A27792EA","archives/128KiB/mr.hz2","27367","CD5FE03FC2013EE6EA4B5FBB9F678A54A41EA2D5B4586F984A29DACD35ADF5F0","decoded/128KiB/mr.decoded","131072","473A6A883480C7B2E69402AD888AC07B347C2DF61C6AA0D84E8B8130A27792EA","0.0953975","0.0543679","5.3359375","4.51953125","5.3359375","74FF260A939B01673667723D8351AAEDB679339610009ECB23C70E373B862D9F","profile_id=2;mode=fast;block_size=32768;zstd_level=3;lzma_level=9;threads=1;process_timeout_seconds=1800","""E:\MIXER\hybridzip\build\Release\hybridzip.exe"" c --profile=r2 --r2-mode=fast --block-size=32768 --zstd-level=3 --threads=1 ""E:\MIXER\hybridzip\results\experiments\hybridzip-r2-e6-fast-k4-full-20260829-w1\children\hybridzip-r2-e6-fast-k4-full-20260829-w1-fast-b32-r0\inputs\128KiB\mr.bin"" ""E:\MIXER\hybridzip\results\experiments\hybridzip-r2-e6-fast-k4-full-20260829-w1\children\hybridzip-r2-e6-fast-k4-full-20260829-w1-fast-b32-r0\archives\128KiB\mr.hz2""","""E:\MIXER\hybridzip\build\Release\hybridzip.exe"" d ""E:\MIXER\hybridzip\results\experiments\hybridzip-r2-e6-fast-k4-full-20260829-w1\children\hybridzip-r2-e6-fast-k4-full-20260829-w1-fast-b32-r0\archives\128KiB\mr.hz2"" ""E:\MIXER\hybridzip\results\experiments\hybridzip-r2-e6-fast-k4-full-20260829-w1\children\hybridzip-r2-e6-fast-k4-full-20260829-w1-fast-b32-r0\decoded\128KiB\mr.decoded""","0","0","2026-08-29T14:44:22.4624922+08:00","COMPLETE","PASS","fast-ext=4","Complete R2 archive size; SHA-256 byte-exact roundtrip verified."
"e6-fast","fast","32","0","True","1","1","4","0","00010000","1025B343","4B1AC26C40AD4DA50312FD3B694D7E636FB768C2336FE773BC82D36424C27A4B","0:1,39:1,43:2","1","5371700","5371700","5165000","5165000","5371700","5165000","hybridzip-r2-e6-fast-k4-full-20260829-w1-fast-b32-r0","r2-fast","1","10","nci","32","inputs/32KiB/nci.bin","32768","0D3034FE8B0E573DE1439ED98CE409B83B13E5895085C9BFB0BF980F4962FB79","archives/32KiB/nci.hz2","3101","28193260A90B6B6FAF022C847A0041E7E8C07C9E3C51D35E365A2456E9FBF756","decoded/32KiB/nci.decoded","32768","0D3034FE8B0E573DE1439ED98CE409B83B13E5895085C9BFB0BF980F4962FB79","0.0540368","0.0456454","4.3828125","2.02734375","4.3828125","74FF260A939B01673667723D8351AAEDB679339610009ECB23C70E373B862D9F","profile_id=2;mode=fast;block_size=32768;zstd_level=3;lzma_level=9;threads=1;process_timeout_seconds=1800","""E:\MIXER\hybridzip\build\Release\hybridzip.exe"" c --profile=r2 --r2-mode=fast --block-size=32768 --zstd-level=3 --threads=1 ""E:\MIXER\hybridzip\results\experiments\hybridzip-r2-e6-fast-k4-full-20260829-w1\children\hybridzip-r2-e6-fast-k4-full-20260829-w1-fast-b32-r0\inputs\32KiB\nci.bin"" ""E:\MIXER\hybridzip\results\experiments\hybridzip-r2-e6-fast-k4-full-20260829-w1\children\hybridzip-r2-e6-fast-k4-full-20260829-w1-fast-b32-r0\archives\32KiB\nci.hz2""","""E:\MIXER\hybridzip\build\Release\hybridzip.exe"" d ""E:\MIXER\hybridzip\results\experiments\hybridzip-r2-e6-fast-k4-full-20260829-w1\children\hybridzip-r2-e6-fast-k4-full-20260829-w1-fast-b32-r0\archives\32KiB\nci.hz2"" ""E:\MIXER\hybridzip\results\experiments\hybridzip-r2-e6-fast-k4-full-20260829-w1\children\hybridzip-r2-e6-fast-k4-full-20260829-w1-fast-b32-r0\decoded\32KiB\nci.decoded""","0","0","2026-08-29T14:44:22.6909665+08:00","COMPLETE","PASS","fast-ext=1","Complete R2 archive size; SHA-256 byte-exact roundtrip verified."
"e6-fast","fast","32","0","True","1","1","8","0","00010000","1025B343","4B1AC26C40AD4DA50312FD3B694D7E636FB768C2336FE773BC82D36424C27A4B","0:2,39:2,43:4","2","5216100","10231800","5209900","5285000","5216100,10231800","5209900,5285000","hybridzip-r2-e6-fast-k4-full-20260829-w1-fast-b32-r0","r2-fast","1","11","nci","64","inputs/64KiB/nci.bin","65536","B01B411AC3B5CE2FBF37242C0C59D2D236D2F7039937C1B1A0F18F4CC02549FE","archives/64KiB/nci.hz2","5870","D649AC7477A10C77DE892B0885CD7BD7921B7C0DF9E2839C4CE31CD2A4E9CA3F","decoded/64KiB/nci.decoded","65536","B01B411AC3B5CE2FBF37242C0C59D2D236D2F7039937C1B1A0F18F4CC02549FE","0.0662436","0.0481391","5.29296875","2.02734375","5.29296875","74FF260A939B01673667723D8351AAEDB679339610009ECB23C70E373B862D9F","profile_id=2;mode=fast;block_size=32768;zstd_level=3;lzma_level=9;threads=1;process_timeout_seconds=1800","""E:\MIXER\hybridzip\build\Release\hybridzip.exe"" c --profile=r2 --r2-mode=fast --block-size=32768 --zstd-level=3 --threads=1 ""E:\MIXER\hybridzip\results\experiments\hybridzip-r2-e6-fast-k4-full-20260829-w1\children\hybridzip-r2-e6-fast-k4-full-20260829-w1-fast-b32-r0\inputs\64KiB\nci.bin"" ""E:\MIXER\hybridzip\results\experiments\hybridzip-r2-e6-fast-k4-full-20260829-w1\children\hybridzip-r2-e6-fast-k4-full-20260829-w1-fast-b32-r0\archives\64KiB\nci.hz2""","""E:\MIXER\hybridzip\build\Release\hybridzip.exe"" d ""E:\MIXER\hybridzip\results\experiments\hybridzip-r2-e6-fast-k4-full-20260829-w1\children\hybridzip-r2-e6-fast-k4-full-20260829-w1-fast-b32-r0\archives\64KiB\nci.hz2"" ""E:\MIXER\hybridzip\results\experiments\hybridzip-r2-e6-fast-k4-full-20260829-w1\children\hybridzip-r2-e6-fast-k4-full-20260829-w1-fast-b32-r0\decoded\64KiB\nci.decoded""","0","0","2026-08-29T14:44:22.8618174+08:00","COMPLETE","PASS","fast-ext=2","Complete R2 archive size; SHA-256 byte-exact roundtrip verified."
"e6-fast","fast","32","0","True","1","1","16","0","00010000","1025B343","4B1AC26C40AD4DA50312FD3B694D7E636FB768C2336FE773BC82D36424C27A4B","0:4,39:4,43:8","4","9566800","10331600","5126100","5236300","5340900,10331600,9778200,9566800","5187900,5236300,4851700,5126100","hybridzip-r2-e6-fast-k4-full-20260829-w1-fast-b32-r0","r2-fast","1","12","nci","128","inputs/128KiB/nci.bin","131072","C8A1D610355E5EF900ED4C704DF14ADF1935D95DFD8F1740AC9FD90FC9BF5781","archives/128KiB/nci.hz2","12788","BCAED61E73B1A8561C099DDBDEE7591FE2CFCE7EC7A57CBF7E348B2594A4694D","decoded/128KiB/nci.decoded","131072","C8A1D610355E5EF900ED4C704DF14ADF1935D95DFD8F1740AC9FD90FC9BF5781","0.0668014","0.057521","5.37890625","4.53515625","5.37890625","74FF260A939B01673667723D8351AAEDB679339610009ECB23C70E373B862D9F","profile_id=2;mode=fast;block_size=32768;zstd_level=3;lzma_level=9;threads=1;process_timeout_seconds=1800","""E:\MIXER\hybridzip\build\Release\hybridzip.exe"" c --profile=r2 --r2-mode=fast --block-size=32768 --zstd-level=3 --threads=1 ""E:\MIXER\hybridzip\results\experiments\hybridzip-r2-e6-fast-k4-full-20260829-w1\children\hybridzip-r2-e6-fast-k4-full-20260829-w1-fast-b32-r0\inputs\128KiB\nci.bin"" ""E:\MIXER\hybridzip\results\experiments\hybridzip-r2-e6-fast-k4-full-20260829-w1\children\hybridzip-r2-e6-fast-k4-full-20260829-w1-fast-b32-r0\archives\128KiB\nci.hz2""","""E:\MIXER\hybridzip\build\Release\hybridzip.exe"" d ""E:\MIXER\hybridzip\results\experiments\hybridzip-r2-e6-fast-k4-full-20260829-w1\children\hybridzip-r2-e6-fast-k4-full-20260829-w1-fast-b32-r0\archives\128KiB\nci.hz2"" ""E:\MIXER\hybridzip\results\experiments\hybridzip-r2-e6-fast-k4-full-20260829-w1\children\hybridzip-r2-e6-fast-k4-full-20260829-w1-fast-b32-r0\decoded\128KiB\nci.decoded""","0","0","2026-08-29T14:44:23.0494962+08:00","COMPLETE","PASS","fast-ext=4","Complete R2 archive size; SHA-256 byte-exact roundtrip verified."
"e6-fast","fast","32","0","True","1","1","4","0","00010000","1025B343","4B1AC26C40AD4DA50312FD3B694D7E636FB768C2336FE773BC82D36424C27A4B","0:1,39:1,43:2","1","5789000","5789000","5648400","5648400","5789000","5648400","hybridzip-r2-e6-fast-k4-full-20260829-w1-fast-b32-r0","r2-fast","1","13","ooffice","32","inputs/32KiB/ooffice.bin","32768","2ACF9B4CAAEAC5814CDFEF0FA48A5ECE857C847DBDB7B44EEAB95CA3C098921C","archives/32KiB/ooffice.hz2","13020","2E8A8F81EBC2F7E5C5063114D10C074448A5C25FD1EC709120FE3D28EBA0FD1B","decoded/32KiB/ooffice.decoded","32768","2ACF9B4CAAEAC5814CDFEF0FA48A5ECE857C847DBDB7B44EEAB95CA3C098921C","0.0566359","0.0552938","2.02734375","4.5390625","4.5390625","74FF260A939B01673667723D8351AAEDB679339610009ECB23C70E373B862D9F","profile_id=2;mode=fast;block_size=32768;zstd_level=3;lzma_level=9;threads=1;process_timeout_seconds=1800","""E:\MIXER\hybridzip\build\Release\hybridzip.exe"" c --profile=r2 --r2-mode=fast --block-size=32768 --zstd-level=3 --threads=1 ""E:\MIXER\hybridzip\results\experiments\hybridzip-r2-e6-fast-k4-full-20260829-w1\children\hybridzip-r2-e6-fast-k4-full-20260829-w1-fast-b32-r0\inputs\32KiB\ooffice.bin"" ""E:\MIXER\hybridzip\results\experiments\hybridzip-r2-e6-fast-k4-full-20260829-w1\children\hybridzip-r2-e6-fast-k4-full-20260829-w1-fast-b32-r0\archives\32KiB\ooffice.hz2""","""E:\MIXER\hybridzip\build\Release\hybridzip.exe"" d ""E:\MIXER\hybridzip\results\experiments\hybridzip-r2-e6-fast-k4-full-20260829-w1\children\hybridzip-r2-e6-fast-k4-full-20260829-w1-fast-b32-r0\archives\32KiB\ooffice.hz2"" ""E:\MIXER\hybridzip\results\experiments\hybridzip-r2-e6-fast-k4-full-20260829-w1\children\hybridzip-r2-e6-fast-k4-full-20260829-w1-fast-b32-r0\decoded\32KiB\ooffice.decoded""","0","0","2026-08-29T14:44:23.2541403+08:00","COMPLETE","PASS","fast-ext=1","Complete R2 archive size; SHA-256 byte-exact roundtrip verified."
"e6-fast","fast","32","0","True","1","1","8","0","00010000","1025B343","4B1AC26C40AD4DA50312FD3B694D7E636FB768C2336FE773BC82D36424C27A4B","0:2,39:2,43:4","2","5359400","10625800","5243200","5530000","5359400,10625800","5243200,5530000","hybridzip-r2-e6-fast-k4-full-20260829-w1-fast-b32-r0","r2-fast","1","14","ooffice","64","inputs/64KiB/ooffice.bin","65536","9D30521922187D0A26F56CF2DF85001F9585D0D4EC6A0A8797466AFCC367F825","archives/64KiB/ooffice.hz2","30580","F5E3E8F5CD715E6E8A3F6EEFA40D6F68C876E275A3C2B8E70DD84A29370EA343","decoded/64KiB/ooffice.decoded","65536","9D30521922187D0A26F56CF2DF85001F9585D0D4EC6A0A8797466AFCC367F825","0.060709","0.0571926","5.3203125","2.02734375","5.3203125","74FF260A939B01673667723D8351AAEDB679339610009ECB23C70E373B862D9F","profile_id=2;mode=fast;block_size=32768;zstd_level=3;lzma_level=9;threads=1;process_timeout_seconds=1800","""E:\MIXER\hybridzip\build\Release\hybridzip.exe"" c --profile=r2 --r2-mode=fast --block-size=32768 --zstd-level=3 --threads=1 ""E:\MIXER\hybridzip\results\experiments\hybridzip-r2-e6-fast-k4-full-20260829-w1\children\hybridzip-r2-e6-fast-k4-full-20260829-w1-fast-b32-r0\inputs\64KiB\ooffice.bin"" ""E:\MIXER\hybridzip\results\experiments\hybridzip-r2-e6-fast-k4-full-20260829-w1\children\hybridzip-r2-e6-fast-k4-full-20260829-w1-fast-b32-r0\archives\64KiB\ooffice.hz2""","""E:\MIXER\hybridzip\build\Release\hybridzip.exe"" d ""E:\MIXER\hybridzip\results\experiments\hybridzip-r2-e6-fast-k4-full-20260829-w1\children\hybridzip-r2-e6-fast-k4-full-20260829-w1-fast-b32-r0\archives\64KiB\ooffice.hz2"" ""E:\MIXER\hybridzip\results\experiments\hybridzip-r2-e6-fast-k4-full-20260829-w1\children\hybridzip-r2-e6-fast-k4-full-20260829-w1-fast-b32-r0\decoded\64KiB\ooffice.decoded""","0","0","2026-08-29T14:44:23.4876115+08:00","COMPLETE","PASS","fast-ext=2","Complete R2 archive size; SHA-256 byte-exact roundtrip verified."
"e6-fast","fast","32","0","True","1","1","16","0","00010000","1025B343","4B1AC26C40AD4DA50312FD3B694D7E636FB768C2336FE773BC82D36424C27A4B","0:4,39:4,43:8","4","10193400","10695300","5345800","5469600","5548400,10695300,10247100,10193400","5469600,5396200,5345800,5198000","hybridzip-r2-e6-fast-k4-full-20260829-w1-fast-b32-r0","r2-fast","1","15","ooffice","128","inputs/128KiB/ooffice.bin","131072","09FA5F3EE5311528863F8C3FADA3B530CC24AC1D88128E4DB2BF434161879FEF","archives/128KiB/ooffice.hz2","67065","D9C4EF1E347601070DA8857769E07EB276A6CEAF576BA0E0BCA8DA4A51381CEC","decoded/128KiB/ooffice.decoded","131072","09FA5F3EE5311528863F8C3FADA3B530CC24AC1D88128E4DB2BF434161879FEF","0.0863181","0.044668","5.33203125","2.02734375","5.33203125","74FF260A939B01673667723D8351AAEDB679339610009ECB23C70E373B862D9F","profile_id=2;mode=fast;block_size=32768;zstd_level=3;lzma_level=9;threads=1;process_timeout_seconds=1800","""E:\MIXER\hybridzip\build\Release\hybridzip.exe"" c --profile=r2 --r2-mode=fast --block-size=32768 --zstd-level=3 --threads=1 ""E:\MIXER\hybridzip\results\experiments\hybridzip-r2-e6-fast-k4-full-20260829-w1\children\hybridzip-r2-e6-fast-k4-full-20260829-w1-fast-b32-r0\inputs\128KiB\ooffice.bin"" ""E:\MIXER\hybridzip\results\experiments\hybridzip-r2-e6-fast-k4-full-20260829-w1\children\hybridzip-r2-e6-fast-k4-full-20260829-w1-fast-b32-r0\archives\128KiB\ooffice.hz2""","""E:\MIXER\hybridzip\build\Release\hybridzip.exe"" d ""E:\MIXER\hybridzip\results\experiments\hybridzip-r2-e6-fast-k4-full-20260829-w1\children\hybridzip-r2-e6-fast-k4-full-20260829-w1-fast-b32-r0\archives\128KiB\ooffice.hz2"" ""E:\MIXER\hybridzip\results\experiments\hybridzip-r2-e6-fast-k4-full-20260829-w1\children\hybridzip-r2-e6-fast-k4-full-20260829-w1-fast-b32-r0\decoded\128KiB\ooffice.decoded""","0","0","2026-08-29T14:44:23.6950529+08:00","COMPLETE","PASS","fast-ext=4","Complete R2 archive size; SHA-256 byte-exact roundtrip verified."
"e6-fast","fast","32","0","True","1","1","4","0","00010000","1025B343","4B1AC26C40AD4DA50312FD3B694D7E636FB768C2336FE773BC82D36424C27A4B","0:1,39:1,43:2","1","5327400","5327400","5303400","5303400","5327400","5303400","hybridzip-r2-e6-fast-k4-full-20260829-w1-fast-b32-r0","r2-fast","1","16","osdb","32","inputs/32KiB/osdb.bin","32768","03B2C20B777682CD960BCD893D7A4463161D9C0200FD1708B2EFAE32A259D0B7","archives/32KiB/osdb.hz2","15695","AB2EB86D7A8434F826B2E6956C717DAA5B787D8D4F0E4CF40B4EEBE00D11B367","decoded/32KiB/osdb.decoded","32768","03B2C20B777682CD960BCD893D7A4463161D9C0200FD1708B2EFAE32A259D0B7","0.0469032","0.0555258","2.02734375","2.02734375","2.02734375","74FF260A939B01673667723D8351AAEDB679339610009ECB23C70E373B862D9F","profile_id=2;mode=fast;block_size=32768;zstd_level=3;lzma_level=9;threads=1;process_timeout_seconds=1800","""E:\MIXER\hybridzip\build\Release\hybridzip.exe"" c --profile=r2 --r2-mode=fast --block-size=32768 --zstd-level=3 --threads=1 ""E:\MIXER\hybridzip\results\experiments\hybridzip-r2-e6-fast-k4-full-20260829-w1\children\hybridzip-r2-e6-fast-k4-full-20260829-w1-fast-b32-r0\inputs\32KiB\osdb.bin"" ""E:\MIXER\hybridzip\results\experiments\hybridzip-r2-e6-fast-k4-full-20260829-w1\children\hybridzip-r2-e6-fast-k4-full-20260829-w1-fast-b32-r0\archives\32KiB\osdb.hz2""","""E:\MIXER\hybridzip\build\Release\hybridzip.exe"" d ""E:\MIXER\hybridzip\results\experiments\hybridzip-r2-e6-fast-k4-full-20260829-w1\children\hybridzip-r2-e6-fast-k4-full-20260829-w1-fast-b32-r0\archives\32KiB\osdb.hz2"" ""E:\MIXER\hybridzip\results\experiments\hybridzip-r2-e6-fast-k4-full-20260829-w1\children\hybridzip-r2-e6-fast-k4-full-20260829-w1-fast-b32-r0\decoded\32KiB\osdb.decoded""","0","0","2026-08-29T14:44:23.9118185+08:00","COMPLETE","PASS","fast-ext=1","Complete R2 archive size; SHA-256 byte-exact roundtrip verified."
"e6-fast","fast","32","0","True","1","1","8","0","00010000","1025B343","4B1AC26C40AD4DA50312FD3B694D7E636FB768C2336FE773BC82D36424C27A4B","0:2,39:2,43:4","2","5678700","10328000","4932400","5494900","5678700,10328000","5494900,4932400","hybridzip-r2-e6-fast-k4-full-20260829-w1-fast-b32-r0","r2-fast","1","17","osdb","64","inputs/64KiB/osdb.bin","65536","F8FE629325A07588118BA0B65880A87DED43EF249CCBC91F0E977BBACAE0C125","archives/64KiB/osdb.hz2","31467","A7226133A3AB3313FA9525A442248EC4A3FE21F4EBE0B048F80ED822E67A546F","decoded/64KiB/osdb.decoded","65536","F8FE629325A07588118BA0B65880A87DED43EF249CCBC91F0E977BBACAE0C125","0.068591","0.0484136","5.3203125","2.02734375","5.3203125","74FF260A939B01673667723D8351AAEDB679339610009ECB23C70E373B862D9F","profile_id=2;mode=fast;block_size=32768;zstd_level=3;lzma_level=9;threads=1;process_timeout_seconds=1800","""E:\MIXER\hybridzip\build\Release\hybridzip.exe"" c --profile=r2 --r2-mode=fast --block-size=32768 --zstd-level=3 --threads=1 ""E:\MIXER\hybridzip\results\experiments\hybridzip-r2-e6-fast-k4-full-20260829-w1\children\hybridzip-r2-e6-fast-k4-full-20260829-w1-fast-b32-r0\inputs\64KiB\osdb.bin"" ""E:\MIXER\hybridzip\results\experiments\hybridzip-r2-e6-fast-k4-full-20260829-w1\children\hybridzip-r2-e6-fast-k4-full-20260829-w1-fast-b32-r0\archives\64KiB\osdb.hz2""","""E:\MIXER\hybridzip\build\Release\hybridzip.exe"" d ""E:\MIXER\hybridzip\results\experiments\hybridzip-r2-e6-fast-k4-full-20260829-w1\children\hybridzip-r2-e6-fast-k4-full-20260829-w1-fast-b32-r0\archives\64KiB\osdb.hz2"" ""E:\MIXER\hybridzip\results\experiments\hybridzip-r2-e6-fast-k4-full-20260829-w1\children\hybridzip-r2-e6-fast-k4-full-20260829-w1-fast-b32-r0\decoded\64KiB\osdb.decoded""","0","0","2026-08-29T14:44:24.0909982+08:00","COMPLETE","PASS","fast-ext=2","Complete R2 archive size; SHA-256 byte-exact roundtrip verified."
"e6-fast","fast","32","0","True","1","1","16","0","00010000","1025B343","4B1AC26C40AD4DA50312FD3B694D7E636FB768C2336FE773BC82D36424C27A4B","0:4,39:4,43:8","4","9395200","10426000","5155800","5476900","5728800,10426000,9395200,10018300","5476900,4970000,5155800,5241300","hybridzip-r2-e6-fast-k4-full-20260829-w1-fast-b32-r0","r2-fast","1","18","osdb","128","inputs/128KiB/osdb.bin","131072","D977E72AE13AEFC36A4B6171A895E26A0E6EEE447B1B9FBE868D7B1C046CC91F","archives/128KiB/osdb.hz2","62963","3CB7D12C286B30606010C010013CEF6C6644C58650FF3D9EBD5A3D22F3A73988","decoded/128KiB/osdb.decoded","131072","D977E72AE13AEFC36A4B6171A895E26A0E6EEE447B1B9FBE868D7B1C046CC91F","0.0735405","0.056613","5.33984375","2.02734375","5.33984375","74FF260A939B01673667723D8351AAEDB679339610009ECB23C70E373B862D9F","profile_id=2;mode=fast;block_size=32768;zstd_level=3;lzma_level=9;threads=1;process_timeout_seconds=1800","""E:\MIXER\hybridzip\build\Release\hybridzip.exe"" c --profile=r2 --r2-mode=fast --block-size=32768 --zstd-level=3 --threads=1 ""E:\MIXER\hybridzip\results\experiments\hybridzip-r2-e6-fast-k4-full-20260829-w1\children\hybridzip-r2-e6-fast-k4-full-20260829-w1-fast-b32-r0\inputs\128KiB\osdb.bin"" ""E:\MIXER\hybridzip\results\experiments\hybridzip-r2-e6-fast-k4-full-20260829-w1\children\hybridzip-r2-e6-fast-k4-full-20260829-w1-fast-b32-r0\archives\128KiB\osdb.hz2""","""E:\MIXER\hybridzip\build\Release\hybridzip.exe"" d ""E:\MIXER\hybridzip\results\experiments\hybridzip-r2-e6-fast-k4-full-20260829-w1\children\hybridzip-r2-e6-fast-k4-full-20260829-w1-fast-b32-r0\archives\128KiB\osdb.hz2"" ""E:\MIXER\hybridzip\results\experiments\hybridzip-r2-e6-fast-k4-full-20260829-w1\children\hybridzip-r2-e6-fast-k4-full-20260829-w1-fast-b32-r0\decoded\128KiB\osdb.decoded""","0","0","2026-08-29T14:44:24.2772646+08:00","COMPLETE","PASS","fast-ext=4","Complete R2 archive size; SHA-256 byte-exact roundtrip verified."
"e6-fast","fast","32","0","True","1","1","4","0","00010000","1025B343","4B1AC26C40AD4DA50312FD3B694D7E636FB768C2336FE773BC82D36424C27A4B","0:1,39:1,43:2","1","6742200","6742200","6734600","6734600","6742200","6734600","hybridzip-r2-e6-fast-k4-full-20260829-w1-fast-b32-r0","r2-fast","1","19","reymont","32","inputs/32KiB/reymont.bin","32768","9D5E4B9340C2260DAE7DDB01B3EDA58236FF2DE5E1FF4D56767AA840B6FB1A87","archives/32KiB/reymont.hz2","10572","93DBB06F7763AC758C2B95654A598F3154232B292E462F14CC7C9566150BB0EB","decoded/32KiB/reymont.decoded","32768","9D5E4B9340C2260DAE7DDB01B3EDA58236FF2DE5E1FF4D56767AA840B6FB1A87","0.0637335","0.0483841","2.02734375","2.02734375","2.02734375","74FF260A939B01673667723D8351AAEDB679339610009ECB23C70E373B862D9F","profile_id=2;mode=fast;block_size=32768;zstd_level=3;lzma_level=9;threads=1;process_timeout_seconds=1800","""E:\MIXER\hybridzip\build\Release\hybridzip.exe"" c --profile=r2 --r2-mode=fast --block-size=32768 --zstd-level=3 --threads=1 ""E:\MIXER\hybridzip\results\experiments\hybridzip-r2-e6-fast-k4-full-20260829-w1\children\hybridzip-r2-e6-fast-k4-full-20260829-w1-fast-b32-r0\inputs\32KiB\reymont.bin"" ""E:\MIXER\hybridzip\results\experiments\hybridzip-r2-e6-fast-k4-full-20260829-w1\children\hybridzip-r2-e6-fast-k4-full-20260829-w1-fast-b32-r0\archives\32KiB\reymont.hz2""","""E:\MIXER\hybridzip\build\Release\hybridzip.exe"" d ""E:\MIXER\hybridzip\results\experiments\hybridzip-r2-e6-fast-k4-full-20260829-w1\children\hybridzip-r2-e6-fast-k4-full-20260829-w1-fast-b32-r0\archives\32KiB\reymont.hz2"" ""E:\MIXER\hybridzip\results\experiments\hybridzip-r2-e6-fast-k4-full-20260829-w1\children\hybridzip-r2-e6-fast-k4-full-20260829-w1-fast-b32-r0\decoded\32KiB\reymont.decoded""","0","0","2026-08-29T14:44:24.4807381+08:00","COMPLETE","PASS","fast-ext=1","Complete R2 archive size; SHA-256 byte-exact roundtrip verified."
"e6-fast","fast","32","0","True","1","1","8","0","00010000","1025B343","4B1AC26C40AD4DA50312FD3B694D7E636FB768C2336FE773BC82D36424C27A4B","0:2,39:2,43:4","2","5900300","12277300","5870400","6659800","5900300,12277300","5870400,6659800","hybridzip-r2-e6-fast-k4-full-20260829-w1-fast-b32-r0","r2-fast","1","20","reymont","64","inputs/64KiB/reymont.bin","65536","A5ECAAABB133F1ADF8DE6062BE6381D143E87F9F8050EEA9B5BE6F92B88C3C22","archives/64KiB/reymont.hz2","21486","7A28521D519AB269D9C57A0A46594B4376B3D8EA4E9779DD3498F36BDDBB2104","decoded/64KiB/reymont.decoded","65536","A5ECAAABB133F1ADF8DE6062BE6381D143E87F9F8050EEA9B5BE6F92B88C3C22","0.0651278","0.0435959","5.2890625","2.02734375","5.2890625","74FF260A939B01673667723D8351AAEDB679339610009ECB23C70E373B862D9F","profile_id=2;mode=fast;block_size=32768;zstd_level=3;lzma_level=9;threads=1;process_timeout_seconds=1800","""E:\MIXER\hybridzip\build\Release\hybridzip.exe"" c --profile=r2 --r2-mode=fast --block-size=32768 --zstd-level=3 --threads=1 ""E:\MIXER\hybridzip\results\experiments\hybridzip-r2-e6-fast-k4-full-20260829-w1\children\hybridzip-r2-e6-fast-k4-full-20260829-w1-fast-b32-r0\inputs\64KiB\reymont.bin"" ""E:\MIXER\hybridzip\results\experiments\hybridzip-r2-e6-fast-k4-full-20260829-w1\children\hybridzip-r2-e6-fast-k4-full-20260829-w1-fast-b32-r0\archives\64KiB\reymont.hz2""","""E:\MIXER\hybridzip\build\Release\hybridzip.exe"" d ""E:\MIXER\hybridzip\results\experiments\hybridzip-r2-e6-fast-k4-full-20260829-w1\children\hybridzip-r2-e6-fast-k4-full-20260829-w1-fast-b32-r0\archives\64KiB\reymont.hz2"" ""E:\MIXER\hybridzip\results\experiments\hybridzip-r2-e6-fast-k4-full-20260829-w1\children\hybridzip-r2-e6-fast-k4-full-20260829-w1-fast-b32-r0\decoded\64KiB\reymont.decoded""","0","0","2026-08-29T14:44:24.6690260+08:00","COMPLETE","PASS","fast-ext=2","Complete R2 archive size; SHA-256 byte-exact roundtrip verified."
"e6-fast","fast","32","0","True","1","1","16","0","00010000","1025B343","4B1AC26C40AD4DA50312FD3B694D7E636FB768C2336FE773BC82D36424C27A4B","0:4,39:4,43:8","4","12169500","12616400","6350400","6537900","6357900,12616400,12169500,12253800","6350400,6537900,6423600,6171000","hybridzip-r2-e6-fast-k4-full-20260829-w1-fast-b32-r0","r2-fast","1","21","reymont","128","inputs/128KiB/reymont.bin","131072","A6CA7478854C1E80DFEAF9FB3444B357F9D7625E55232FAE3B3632A5A1217DEA","archives/128KiB/reymont.hz2","43660","08BF84CC46DF9F1D7A0C061CE29996D52E8C27CEFF9FFF16A1BDFAEE3EBEABCB","decoded/128KiB/reymont.decoded","131072","A6CA7478854C1E80DFEAF9FB3444B357F9D7625E55232FAE3B3632A5A1217DEA","0.084888","0.042032","5.33203125","2.0234375","5.33203125","74FF260A939B01673667723D8351AAEDB679339610009ECB23C70E373B862D9F","profile_id=2;mode=fast;block_size=32768;zstd_level=3;lzma_level=9;threads=1;process_timeout_seconds=1800","""E:\MIXER\hybridzip\build\Release\hybridzip.exe"" c --profile=r2 --r2-mode=fast --block-size=32768 --zstd-level=3 --threads=1 ""E:\MIXER\hybridzip\results\experiments\hybridzip-r2-e6-fast-k4-full-20260829-w1\children\hybridzip-r2-e6-fast-k4-full-20260829-w1-fast-b32-r0\inputs\128KiB\reymont.bin"" ""E:\MIXER\hybridzip\results\experiments\hybridzip-r2-e6-fast-k4-full-20260829-w1\children\hybridzip-r2-e6-fast-k4-full-20260829-w1-fast-b32-r0\archives\128KiB\reymont.hz2""","""E:\MIXER\hybridzip\build\Release\hybridzip.exe"" d ""E:\MIXER\hybridzip\results\experiments\hybridzip-r2-e6-fast-k4-full-20260829-w1\children\hybridzip-r2-e6-fast-k4-full-20260829-w1-fast-b32-r0\archives\128KiB\reymont.hz2"" ""E:\MIXER\hybridzip\results\experiments\hybridzip-r2-e6-fast-k4-full-20260829-w1\children\hybridzip-r2-e6-fast-k4-full-20260829-w1-fast-b32-r0\decoded\128KiB\reymont.decoded""","0","0","2026-08-29T14:44:24.8534930+08:00","COMPLETE","PASS","fast-ext=4","Complete R2 archive size; SHA-256 byte-exact roundtrip verified."
"e6-fast","fast","32","0","True","1","1","4","0","00010000","1025B343","4B1AC26C40AD4DA50312FD3B694D7E636FB768C2336FE773BC82D36424C27A4B","0:1,39:1,43:2","1","5954400","5954400","5945000","5945000","5954400","5945000","hybridzip-r2-e6-fast-k4-full-20260829-w1-fast-b32-r0","r2-fast","1","22","samba","32","inputs/32KiB/samba.bin","32768","9C4F5BEE544E4531E4946E62F796987418B4526911C34877EF282F14DD57AD12","archives/32KiB/samba.hz2","11946","6190C9F3D4B0A0CD807DF6FA9965F5637D534BD68A408E8F9641059B99B72ECE","decoded/32KiB/samba.decoded","32768","9C4F5BEE544E4531E4946E62F796987418B4526911C34877EF282F14DD57AD12","0.0531415","0.0440044","4.39453125","2.0234375","4.39453125","74FF260A939B01673667723D8351AAEDB679339610009ECB23C70E373B862D9F","profile_id=2;mode=fast;block_size=32768;zstd_level=3;lzma_level=9;threads=1;process_timeout_seconds=1800","""E:\MIXER\hybridzip\build\Release\hybridzip.exe"" c --profile=r2 --r2-mode=fast --block-size=32768 --zstd-level=3 --threads=1 ""E:\MIXER\hybridzip\results\experiments\hybridzip-r2-e6-fast-k4-full-20260829-w1\children\hybridzip-r2-e6-fast-k4-full-20260829-w1-fast-b32-r0\inputs\32KiB\samba.bin"" ""E:\MIXER\hybridzip\results\experiments\hybridzip-r2-e6-fast-k4-full-20260829-w1\children\hybridzip-r2-e6-fast-k4-full-20260829-w1-fast-b32-r0\archives\32KiB\samba.hz2""","""E:\MIXER\hybridzip\build\Release\hybridzip.exe"" d ""E:\MIXER\hybridzip\results\experiments\hybridzip-r2-e6-fast-k4-full-20260829-w1\children\hybridzip-r2-e6-fast-k4-full-20260829-w1-fast-b32-r0\archives\32KiB\samba.hz2"" ""E:\MIXER\hybridzip\results\experiments\hybridzip-r2-e6-fast-k4-full-20260829-w1\children\hybridzip-r2-e6-fast-k4-full-20260829-w1-fast-b32-r0\decoded\32KiB\samba.decoded""","0","0","2026-08-29T14:44:25.0569557+08:00","COMPLETE","PASS","fast-ext=1","Complete R2 archive size; SHA-256 byte-exact roundtrip verified."
"e6-fast","fast","32","0","True","1","1","8","0","00010000","1025B343","4B1AC26C40AD4DA50312FD3B694D7E636FB768C2336FE773BC82D36424C27A4B","0:2,39:2,43:4","2","6471900","11462000","5242600","6204000","6471900,11462000","6204000,5242600","hybridzip-r2-e6-fast-k4-full-20260829-w1-fast-b32-r0","r2-fast","1","23","samba","64","inputs/64KiB/samba.bin","65536","3E0420984C0F260EA7350734600CEA9D8500B745E2E4B7DBD4D1DA1D1ADAC421","archives/64KiB/samba.hz2","23977","8452C299E9840BDA851E9E5708BB64849E65E05083C3F6161306CC7848D40C6A","decoded/64KiB/samba.decoded","65536","3E0420984C0F260EA7350734600CEA9D8500B745E2E4B7DBD4D1DA1D1ADAC421","0.0544065","0.041276","5.2734375","2.02734375","5.2734375","74FF260A939B01673667723D8351AAEDB679339610009ECB23C70E373B862D9F","profile_id=2;mode=fast;block_size=32768;zstd_level=3;lzma_level=9;threads=1;process_timeout_seconds=1800","""E:\MIXER\hybridzip\build\Release\hybridzip.exe"" c --profile=r2 --r2-mode=fast --block-size=32768 --zstd-level=3 --threads=1 ""E:\MIXER\hybridzip\results\experiments\hybridzip-r2-e6-fast-k4-full-20260829-w1\children\hybridzip-r2-e6-fast-k4-full-20260829-w1-fast-b32-r0\inputs\64KiB\samba.bin"" ""E:\MIXER\hybridzip\results\experiments\hybridzip-r2-e6-fast-k4-full-20260829-w1\children\hybridzip-r2-e6-fast-k4-full-20260829-w1-fast-b32-r0\archives\64KiB\samba.hz2""","""E:\MIXER\hybridzip\build\Release\hybridzip.exe"" d ""E:\MIXER\hybridzip\results\experiments\hybridzip-r2-e6-fast-k4-full-20260829-w1\children\hybridzip-r2-e6-fast-k4-full-20260829-w1-fast-b32-r0\archives\64KiB\samba.hz2"" ""E:\MIXER\hybridzip\results\experiments\hybridzip-r2-e6-fast-k4-full-20260829-w1\children\hybridzip-r2-e6-fast-k4-full-20260829-w1-fast-b32-r0\decoded\64KiB\samba.decoded""","0","0","2026-08-29T14:44:25.2281919+08:00","COMPLETE","PASS","fast-ext=2","Complete R2 archive size; SHA-256 byte-exact roundtrip verified."
"e6-fast","fast","32","0","True","1","1","16","0","00010000","1025B343","4B1AC26C40AD4DA50312FD3B694D7E636FB768C2336FE773BC82D36424C27A4B","0:4,39:4,43:8","4","9817700","11089500","5501700","5519000","5796700,11089500,10549500,9817700","5501700,5519000,5517200,4633500","hybridzip-r2-e6-fast-k4-full-20260829-w1-fast-b32-r0","r2-fast","1","24","samba","128","inputs/128KiB/samba.bin","131072","F3B8C4AD35BC6CF21977895D6F04A22B1422605942FA5AFE35CE28B2A221D7E8","archives/128KiB/samba.hz2","48959","5FD5CB4DC6FE19124A4FC032192E135B11C9EFBA45E32FE8828A23A736A5BF24","decoded/128KiB/samba.decoded","131072","F3B8C4AD35BC6CF21977895D6F04A22B1422605942FA5AFE35CE28B2A221D7E8","0.0672863","0.0631251","5.26953125","2.7734375","5.26953125","74FF260A939B01673667723D8351AAEDB679339610009ECB23C70E373B862D9F","profile_id=2;mode=fast;block_size=32768;zstd_level=3;lzma_level=9;threads=1;process_timeout_seconds=1800","""E:\MIXER\hybridzip\build\Release\hybridzip.exe"" c --profile=r2 --r2-mode=fast --block-size=32768 --zstd-level=3 --threads=1 ""E:\MIXER\hybridzip\results\experiments\hybridzip-r2-e6-fast-k4-full-20260829-w1\children\hybridzip-r2-e6-fast-k4-full-20260829-w1-fast-b32-r0\inputs\128KiB\samba.bin"" ""E:\MIXER\hybridzip\results\experiments\hybridzip-r2-e6-fast-k4-full-20260829-w1\children\hybridzip-r2-e6-fast-k4-full-20260829-w1-fast-b32-r0\archives\128KiB\samba.hz2""","""E:\MIXER\hybridzip\build\Release\hybridzip.exe"" d ""E:\MIXER\hybridzip\results\experiments\hybridzip-r2-e6-fast-k4-full-20260829-w1\children\hybridzip-r2-e6-fast-k4-full-20260829-w1-fast-b32-r0\archives\128KiB\samba.hz2"" ""E:\MIXER\hybridzip\results\experiments\hybridzip-r2-e6-fast-k4-full-20260829-w1\children\hybridzip-r2-e6-fast-k4-full-20260829-w1-fast-b32-r0\decoded\128KiB\samba.decoded""","0","0","2026-08-29T14:44:25.4010365+08:00","COMPLETE","PASS","fast-ext=4","Complete R2 archive size; SHA-256 byte-exact roundtrip verified."
"e6-fast","fast","32","0","True","1","1","4","0","00010000","1025B343","4B1AC26C40AD4DA50312FD3B694D7E636FB768C2336FE773BC82D36424C27A4B","0:1,39:1,43:2","1","5363300","5363300","5257500","5257500","5363300","5257500","hybridzip-r2-e6-fast-k4-full-20260829-w1-fast-b32-r0","r2-fast","1","25","sao","32","inputs/32KiB/sao.bin","32768","95677430CAD4F000506BC5EE22815C3F4E13D64B477ED506B78D5D9ACFB50CCD","archives/32KiB/sao.hz2","26958","9866F14E2B2589DF827C577A5E9A24FF74742C33273C8AC716393E44C5ACD05B","decoded/32KiB/sao.decoded","32768","95677430CAD4F000506BC5EE22815C3F4E13D64B477ED506B78D5D9ACFB50CCD","0.0543861","0.0585455","2.02734375","2.02734375","2.02734375","74FF260A939B01673667723D8351AAEDB679339610009ECB23C70E373B862D9F","profile_id=2;mode=fast;block_size=32768;zstd_level=3;lzma_level=9;threads=1;process_timeout_seconds=1800","""E:\MIXER\hybridzip\build\Release\hybridzip.exe"" c --profile=r2 --r2-mode=fast --block-size=32768 --zstd-level=3 --threads=1 ""E:\MIXER\hybridzip\results\experiments\hybridzip-r2-e6-fast-k4-full-20260829-w1\children\hybridzip-r2-e6-fast-k4-full-20260829-w1-fast-b32-r0\inputs\32KiB\sao.bin"" ""E:\MIXER\hybridzip\results\experiments\hybridzip-r2-e6-fast-k4-full-20260829-w1\children\hybridzip-r2-e6-fast-k4-full-20260829-w1-fast-b32-r0\archives\32KiB\sao.hz2""","""E:\MIXER\hybridzip\build\Release\hybridzip.exe"" d ""E:\MIXER\hybridzip\results\experiments\hybridzip-r2-e6-fast-k4-full-20260829-w1\children\hybridzip-r2-e6-fast-k4-full-20260829-w1-fast-b32-r0\archives\32KiB\sao.hz2"" ""E:\MIXER\hybridzip\results\experiments\hybridzip-r2-e6-fast-k4-full-20260829-w1\children\hybridzip-r2-e6-fast-k4-full-20260829-w1-fast-b32-r0\decoded\32KiB\sao.decoded""","0","0","2026-08-29T14:44:25.5986822+08:00","COMPLETE","PASS","fast-ext=1","Complete R2 archive size; SHA-256 byte-exact roundtrip verified."
"e6-fast","fast","32","0","True","1","1","8","0","00010000","1025B343","4B1AC26C40AD4DA50312FD3B694D7E636FB768C2336FE773BC82D36424C27A4B","0:2,39:2,43:4","2","5878700","10697000","5058900","5736600","5878700,10697000","5736600,5058900","hybridzip-r2-e6-fast-k4-full-20260829-w1-fast-b32-r0","r2-fast","1","26","sao","64","inputs/64KiB/sao.bin","65536","17CBD7166A47786139F60BA33B4E771CE0154F6FA56986883D129BC23F78EBEE","archives/64KiB/sao.hz2","53993","9A59737C6BA571D468CAEE25CB51CF35AB08A95AFB5B4ED61594AD632C6A945B","decoded/64KiB/sao.decoded","65536","17CBD7166A47786139F60BA33B4E771CE0154F6FA56986883D129BC23F78EBEE","0.0616308","0.0649967","2.02734375","2.234375","2.234375","74FF260A939B01673667723D8351AAEDB679339610009ECB23C70E373B862D9F","profile_id=2;mode=fast;block_size=32768;zstd_level=3;lzma_level=9;threads=1;process_timeout_seconds=1800","""E:\MIXER\hybridzip\build\Release\hybridzip.exe"" c --profile=r2 --r2-mode=fast --block-size=32768 --zstd-level=3 --threads=1 ""E:\MIXER\hybridzip\results\experiments\hybridzip-r2-e6-fast-k4-full-20260829-w1\children\hybridzip-r2-e6-fast-k4-full-20260829-w1-fast-b32-r0\inputs\64KiB\sao.bin"" ""E:\MIXER\hybridzip\results\experiments\hybridzip-r2-e6-fast-k4-full-20260829-w1\children\hybridzip-r2-e6-fast-k4-full-20260829-w1-fast-b32-r0\archives\64KiB\sao.hz2""","""E:\MIXER\hybridzip\build\Release\hybridzip.exe"" d ""E:\MIXER\hybridzip\results\experiments\hybridzip-r2-e6-fast-k4-full-20260829-w1\children\hybridzip-r2-e6-fast-k4-full-20260829-w1-fast-b32-r0\archives\64KiB\sao.hz2"" ""E:\MIXER\hybridzip\results\experiments\hybridzip-r2-e6-fast-k4-full-20260829-w1\children\hybridzip-r2-e6-fast-k4-full-20260829-w1-fast-b32-r0\decoded\64KiB\sao.decoded""","0","0","2026-08-29T14:44:25.8035286+08:00","COMPLETE","PASS","fast-ext=2","Complete R2 archive size; SHA-256 byte-exact roundtrip verified."
"e6-fast","fast","32","0","True","1","1","16","0","00010000","1025B343","4B1AC26C40AD4DA50312FD3B694D7E636FB768C2336FE773BC82D36424C27A4B","0:4,39:4,43:8","4","9163900","9979900","4802600","5147600","5228700,9979900,9286500,9163900","5147600,5011500,4802600,4720900","hybridzip-r2-e6-fast-k4-full-20260829-w1-fast-b32-r0","r2-fast","1","27","sao","128","inputs/128KiB/sao.bin","131072","75E535B42DB7505118D8B19C7C42C1F49C5542ADDC9DBC13383953659F675CE0","archives/128KiB/sao.hz2","108216","9B5588BEF9A68829116DBF00B597E80F6D86EF7BE511F957390AF8085C4EF766","decoded/128KiB/sao.decoded","131072","75E535B42DB7505118D8B19C7C42C1F49C5542ADDC9DBC13383953659F675CE0","0.0714777","0.065639","2.02734375","2.02734375","2.02734375","74FF260A939B01673667723D8351AAEDB679339610009ECB23C70E373B862D9F","profile_id=2;mode=fast;block_size=32768;zstd_level=3;lzma_level=9;threads=1;process_timeout_seconds=1800","""E:\MIXER\hybridzip\build\Release\hybridzip.exe"" c --profile=r2 --r2-mode=fast --block-size=32768 --zstd-level=3 --threads=1 ""E:\MIXER\hybridzip\results\experiments\hybridzip-r2-e6-fast-k4-full-20260829-w1\children\hybridzip-r2-e6-fast-k4-full-20260829-w1-fast-b32-r0\inputs\128KiB\sao.bin"" ""E:\MIXER\hybridzip\results\experiments\hybridzip-r2-e6-fast-k4-full-20260829-w1\children\hybridzip-r2-e6-fast-k4-full-20260829-w1-fast-b32-r0\archives\128KiB\sao.hz2""","""E:\MIXER\hybridzip\build\Release\hybridzip.exe"" d ""E:\MIXER\hybridzip\results\experiments\hybridzip-r2-e6-fast-k4-full-20260829-w1\children\hybridzip-r2-e6-fast-k4-full-20260829-w1-fast-b32-r0\archives\128KiB\sao.hz2"" ""E:\MIXER\hybridzip\results\experiments\hybridzip-r2-e6-fast-k4-full-20260829-w1\children\hybridzip-r2-e6-fast-k4-full-20260829-w1-fast-b32-r0\decoded\128KiB\sao.decoded""","0","0","2026-08-29T14:44:26.0352717+08:00","COMPLETE","PASS","fast-ext=4","Complete R2 archive size; SHA-256 byte-exact roundtrip verified."
"e6-fast","fast","32","0","True","1","1","4","0","00010000","1025B343","4B1AC26C40AD4DA50312FD3B694D7E636FB768C2336FE773BC82D36424C27A4B","0:1,39:1,43:2","1","6130700","6130700","6015200","6015200","6130700","6015200","hybridzip-r2-e6-fast-k4-full-20260829-w1-fast-b32-r0","r2-fast","1","28","webster","32","inputs/32KiB/webster.bin","32768","774D224695AF4057353F72602BB96CD2AFEEA059AC7737535645F11596FCA85E","archives/32KiB/webster.hz2","13777","C6BFB0873196B81170E489F34C7293A7D4D2A257E97F5E5FC20718A94D0352DD","decoded/32KiB/webster.decoded","32768","774D224695AF4057353F72602BB96CD2AFEEA059AC7737535645F11596FCA85E","0.0536464","0.0504876","4.390625","2.02734375","4.390625","74FF260A939B01673667723D8351AAEDB679339610009ECB23C70E373B862D9F","profile_id=2;mode=fast;block_size=32768;zstd_level=3;lzma_level=9;threads=1;process_timeout_seconds=1800","""E:\MIXER\hybridzip\build\Release\hybridzip.exe"" c --profile=r2 --r2-mode=fast --block-size=32768 --zstd-level=3 --threads=1 ""E:\MIXER\hybridzip\results\experiments\hybridzip-r2-e6-fast-k4-full-20260829-w1\children\hybridzip-r2-e6-fast-k4-full-20260829-w1-fast-b32-r0\inputs\32KiB\webster.bin"" ""E:\MIXER\hybridzip\results\experiments\hybridzip-r2-e6-fast-k4-full-20260829-w1\children\hybridzip-r2-e6-fast-k4-full-20260829-w1-fast-b32-r0\archives\32KiB\webster.hz2""","""E:\MIXER\hybridzip\build\Release\hybridzip.exe"" d ""E:\MIXER\hybridzip\results\experiments\hybridzip-r2-e6-fast-k4-full-20260829-w1\children\hybridzip-r2-e6-fast-k4-full-20260829-w1-fast-b32-r0\archives\32KiB\webster.hz2"" ""E:\MIXER\hybridzip\results\experiments\hybridzip-r2-e6-fast-k4-full-20260829-w1\children\hybridzip-r2-e6-fast-k4-full-20260829-w1-fast-b32-r0\decoded\32KiB\webster.decoded""","0","0","2026-08-29T14:44:26.2776742+08:00","COMPLETE","PASS","fast-ext=1","Complete R2 archive size; SHA-256 byte-exact roundtrip verified."
"e6-fast","fast","32","0","True","1","1","8","0","00010000","1025B343","4B1AC26C40AD4DA50312FD3B694D7E636FB768C2336FE773BC82D36424C27A4B","0:2,39:2,43:4","2","5700700","11096300","5604700","5610100","5700700,11096300","5610100,5604700","hybridzip-r2-e6-fast-k4-full-20260829-w1-fast-b32-r0","r2-fast","1","29","webster","64","inputs/64KiB/webster.bin","65536","262258811321382F9E4F44D2184B6B7FED0336CF831446D8336C47D6CCC2B32E","archives/64KiB/webster.hz2","25310","A277BAAF3AA36462C49000EE7C3B40CEFA3B655880550E678C7B40BF2D343EF0","decoded/64KiB/webster.decoded","65536","262258811321382F9E4F44D2184B6B7FED0336CF831446D8336C47D6CCC2B32E","0.0608699","0.0662037","2.0234375","2.02734375","2.02734375","74FF260A939B01673667723D8351AAEDB679339610009ECB23C70E373B862D9F","profile_id=2;mode=fast;block_size=32768;zstd_level=3;lzma_level=9;threads=1;process_timeout_seconds=1800","""E:\MIXER\hybridzip\build\Release\hybridzip.exe"" c --profile=r2 --r2-mode=fast --block-size=32768 --zstd-level=3 --threads=1 ""E:\MIXER\hybridzip\results\experiments\hybridzip-r2-e6-fast-k4-full-20260829-w1\children\hybridzip-r2-e6-fast-k4-full-20260829-w1-fast-b32-r0\inputs\64KiB\webster.bin"" ""E:\MIXER\hybridzip\results\experiments\hybridzip-r2-e6-fast-k4-full-20260829-w1\children\hybridzip-r2-e6-fast-k4-full-20260829-w1-fast-b32-r0\archives\64KiB\webster.hz2""","""E:\MIXER\hybridzip\build\Release\hybridzip.exe"" d ""E:\MIXER\hybridzip\results\experiments\hybridzip-r2-e6-fast-k4-full-20260829-w1\children\hybridzip-r2-e6-fast-k4-full-20260829-w1-fast-b32-r0\archives\64KiB\webster.hz2"" ""E:\MIXER\hybridzip\results\experiments\hybridzip-r2-e6-fast-k4-full-20260829-w1\children\hybridzip-r2-e6-fast-k4-full-20260829-w1-fast-b32-r0\decoded\64KiB\webster.decoded""","0","0","2026-08-29T14:44:26.4914014+08:00","COMPLETE","PASS","fast-ext=2","Complete R2 archive size; SHA-256 byte-exact roundtrip verified."
"e6-fast","fast","32","0","True","1","1","16","0","00010000","1025B343","4B1AC26C40AD4DA50312FD3B694D7E636FB768C2336FE773BC82D36424C27A4B","0:4,39:4,43:8","4","10447300","11142100","5411400","5896400","5903800,11142100,10447300,10549000","5896400,5500000,5411400,5402400","hybridzip-r2-e6-fast-k4-full-20260829-w1-fast-b32-r0","r2-fast","1","30","webster","128","inputs/128KiB/webster.bin","131072","C069C1FDCA99BC5C44F06D134CD0CDA60315DD631AA6564733B2CE0E6D59305C","archives/128KiB/webster.hz2","47763","0630886FA4CA6FE7CF2145AB69F0BE0A4B76AE05D415B4AA2599EE9FCCA23D58","decoded/128KiB/webster.decoded","131072","C069C1FDCA99BC5C44F06D134CD0CDA60315DD631AA6564733B2CE0E6D59305C","0.0729482","0.0503118","5.34765625","2.02734375","5.34765625","74FF260A939B01673667723D8351AAEDB679339610009ECB23C70E373B862D9F","profile_id=2;mode=fast;block_size=32768;zstd_level=3;lzma_level=9;threads=1;process_timeout_seconds=1800","""E:\MIXER\hybridzip\build\Release\hybridzip.exe"" c --profile=r2 --r2-mode=fast --block-size=32768 --zstd-level=3 --threads=1 ""E:\MIXER\hybridzip\results\experiments\hybridzip-r2-e6-fast-k4-full-20260829-w1\children\hybridzip-r2-e6-fast-k4-full-20260829-w1-fast-b32-r0\inputs\128KiB\webster.bin"" ""E:\MIXER\hybridzip\results\experiments\hybridzip-r2-e6-fast-k4-full-20260829-w1\children\hybridzip-r2-e6-fast-k4-full-20260829-w1-fast-b32-r0\archives\128KiB\webster.hz2""","""E:\MIXER\hybridzip\build\Release\hybridzip.exe"" d ""E:\MIXER\hybridzip\results\experiments\hybridzip-r2-e6-fast-k4-full-20260829-w1\children\hybridzip-r2-e6-fast-k4-full-20260829-w1-fast-b32-r0\archives\128KiB\webster.hz2"" ""E:\MIXER\hybridzip\results\experiments\hybridzip-r2-e6-fast-k4-full-20260829-w1\children\hybridzip-r2-e6-fast-k4-full-20260829-w1-fast-b32-r0\decoded\128KiB\webster.decoded""","0","0","2026-08-29T14:44:26.7258528+08:00","COMPLETE","PASS","fast-ext=4","Complete R2 archive size; SHA-256 byte-exact roundtrip verified."
"e6-fast","fast","32","0","True","1","1","4","0","00010000","1025B343","4B1AC26C40AD4DA50312FD3B694D7E636FB768C2336FE773BC82D36424C27A4B","0:1,39:1,43:2","1","4604300","4604300","4551900","4551900","4604300","4551900","hybridzip-r2-e6-fast-k4-full-20260829-w1-fast-b32-r0","r2-fast","1","31","x-ray","32","inputs/32KiB/x-ray.bin","32768","10511AA63DFBD9C0DDBFEFE36068740103D4BA1116E214154A0772057D7E9314","archives/32KiB/x-ray.hz2","18333","98E1D7A77EBCA9C377E0C0D0FE80C5DC2977243C3B26E9143E93D8AAE5114D00","decoded/32KiB/x-ray.decoded","32768","10511AA63DFBD9C0DDBFEFE36068740103D4BA1116E214154A0772057D7E9314","0.0649931","0.0587369","2.5390625","2.02734375","2.5390625","74FF260A939B01673667723D8351AAEDB679339610009ECB23C70E373B862D9F","profile_id=2;mode=fast;block_size=32768;zstd_level=3;lzma_level=9;threads=1;process_timeout_seconds=1800","""E:\MIXER\hybridzip\build\Release\hybridzip.exe"" c --profile=r2 --r2-mode=fast --block-size=32768 --zstd-level=3 --threads=1 ""E:\MIXER\hybridzip\results\experiments\hybridzip-r2-e6-fast-k4-full-20260829-w1\children\hybridzip-r2-e6-fast-k4-full-20260829-w1-fast-b32-r0\inputs\32KiB\x-ray.bin"" ""E:\MIXER\hybridzip\results\experiments\hybridzip-r2-e6-fast-k4-full-20260829-w1\children\hybridzip-r2-e6-fast-k4-full-20260829-w1-fast-b32-r0\archives\32KiB\x-ray.hz2""","""E:\MIXER\hybridzip\build\Release\hybridzip.exe"" d ""E:\MIXER\hybridzip\results\experiments\hybridzip-r2-e6-fast-k4-full-20260829-w1\children\hybridzip-r2-e6-fast-k4-full-20260829-w1-fast-b32-r0\archives\32KiB\x-ray.hz2"" ""E:\MIXER\hybridzip\results\experiments\hybridzip-r2-e6-fast-k4-full-20260829-w1\children\hybridzip-r2-e6-fast-k4-full-20260829-w1-fast-b32-r0\decoded\32KiB\x-ray.decoded""","0","0","2026-08-29T14:44:26.9572231+08:00","COMPLETE","PASS","fast-ext=1","Complete R2 archive size; SHA-256 byte-exact roundtrip verified."
"e6-fast","fast","32","0","True","1","1","8","0","00010000","1025B343","4B1AC26C40AD4DA50312FD3B694D7E636FB768C2336FE773BC82D36424C27A4B","0:2,39:2,43:4","2","4638100","8965300","4600800","4612600","4638100,8965300","4612600,4600800","hybridzip-r2-e6-fast-k4-full-20260829-w1-fast-b32-r0","r2-fast","1","32","x-ray","64","inputs/64KiB/x-ray.bin","65536","B5A07146616BCD7C2D10071D41E07D204DE0AC629C4CA37D8E867FF00574D0D8","archives/64KiB/x-ray.hz2","36656","8FA54EDD678FBABEB946F8C5DE2812AB7CC3EAB0B98999FC86990B99B0F2F494","decoded/64KiB/x-ray.decoded","65536","B5A07146616BCD7C2D10071D41E07D204DE0AC629C4CA37D8E867FF00574D0D8","0.0654915","0.0480767","2.02734375","2.02734375","2.02734375","74FF260A939B01673667723D8351AAEDB679339610009ECB23C70E373B862D9F","profile_id=2;mode=fast;block_size=32768;zstd_level=3;lzma_level=9;threads=1;process_timeout_seconds=1800","""E:\MIXER\hybridzip\build\Release\hybridzip.exe"" c --profile=r2 --r2-mode=fast --block-size=32768 --zstd-level=3 --threads=1 ""E:\MIXER\hybridzip\results\experiments\hybridzip-r2-e6-fast-k4-full-20260829-w1\children\hybridzip-r2-e6-fast-k4-full-20260829-w1-fast-b32-r0\inputs\64KiB\x-ray.bin"" ""E:\MIXER\hybridzip\results\experiments\hybridzip-r2-e6-fast-k4-full-20260829-w1\children\hybridzip-r2-e6-fast-k4-full-20260829-w1-fast-b32-r0\archives\64KiB\x-ray.hz2""","""E:\MIXER\hybridzip\build\Release\hybridzip.exe"" d ""E:\MIXER\hybridzip\results\experiments\hybridzip-r2-e6-fast-k4-full-20260829-w1\children\hybridzip-r2-e6-fast-k4-full-20260829-w1-fast-b32-r0\archives\64KiB\x-ray.hz2"" ""E:\MIXER\hybridzip\results\experiments\hybridzip-r2-e6-fast-k4-full-20260829-w1\children\hybridzip-r2-e6-fast-k4-full-20260829-w1-fast-b32-r0\decoded\64KiB\x-ray.decoded""","0","0","2026-08-29T14:44:27.1805143+08:00","COMPLETE","PASS","fast-ext=2","Complete R2 archive size; SHA-256 byte-exact roundtrip verified."
"e6-fast","fast","32","0","True","1","1","16","0","00010000","1025B343","4B1AC26C40AD4DA50312FD3B694D7E636FB768C2336FE773BC82D36424C27A4B","0:4,39:4,43:8","4","8830300","9007600","4519400","4812000","4557900,8830300,8910300,9007600","4535000,4504900,4812000,4519400","hybridzip-r2-e6-fast-k4-full-20260829-w1-fast-b32-r0","r2-fast","1","33","x-ray","128","inputs/128KiB/x-ray.bin","131072","7A65B793FB2A694C20686275A899B304445473528F7C998BE26F8C68EB18F76E","archives/128KiB/x-ray.hz2","73361","83B8B676F210E734DDB368A81233AFD9296356AAE1F5568C73B64E9C0F7DC602","decoded/128KiB/x-ray.decoded","131072","7A65B793FB2A694C20686275A899B304445473528F7C998BE26F8C68EB18F76E","0.0643758","0.0497113","5.359375","2.02734375","5.359375","74FF260A939B01673667723D8351AAEDB679339610009ECB23C70E373B862D9F","profile_id=2;mode=fast;block_size=32768;zstd_level=3;lzma_level=9;threads=1;process_timeout_seconds=1800","""E:\MIXER\hybridzip\build\Release\hybridzip.exe"" c --profile=r2 --r2-mode=fast --block-size=32768 --zstd-level=3 --threads=1 ""E:\MIXER\hybridzip\results\experiments\hybridzip-r2-e6-fast-k4-full-20260829-w1\children\hybridzip-r2-e6-fast-k4-full-20260829-w1-fast-b32-r0\inputs\128KiB\x-ray.bin"" ""E:\MIXER\hybridzip\results\experiments\hybridzip-r2-e6-fast-k4-full-20260829-w1\children\hybridzip-r2-e6-fast-k4-full-20260829-w1-fast-b32-r0\archives\128KiB\x-ray.hz2""","""E:\MIXER\hybridzip\build\Release\hybridzip.exe"" d ""E:\MIXER\hybridzip\results\experiments\hybridzip-r2-e6-fast-k4-full-20260829-w1\children\hybridzip-r2-e6-fast-k4-full-20260829-w1-fast-b32-r0\archives\128KiB\x-ray.hz2"" ""E:\MIXER\hybridzip\results\experiments\hybridzip-r2-e6-fast-k4-full-20260829-w1\children\hybridzip-r2-e6-fast-k4-full-20260829-w1-fast-b32-r0\decoded\128KiB\x-ray.decoded""","0","0","2026-08-29T14:44:27.3905518+08:00","COMPLETE","PASS","fast-ext=4","Complete R2 archive size; SHA-256 byte-exact roundtrip verified."
"e6-fast","fast","32","0","True","1","1","4","0","00010000","1025B343","4B1AC26C40AD4DA50312FD3B694D7E636FB768C2336FE773BC82D36424C27A4B","0:1,39:1,43:2","1","4671800","4671800","4627900","4627900","4671800","4627900","hybridzip-r2-e6-fast-k4-full-20260829-w1-fast-b32-r0","r2-fast","1","34","xml","32","inputs/32KiB/xml.bin","32768","C2F7F129956F8D6FC3D0E3595D93F98D5270B6F5BC4AB5E70F45867822EFDD71","archives/32KiB/xml.hz2","3482","56F41DBDDA90FC3592677AFFC82010F6A6A7A6C4C20822D14EA66068FF071D40","decoded/32KiB/xml.decoded","32768","C2F7F129956F8D6FC3D0E3595D93F98D5270B6F5BC4AB5E70F45867822EFDD71","0.0627379","0.0435548","5.24609375","2.02734375","5.24609375","74FF260A939B01673667723D8351AAEDB679339610009ECB23C70E373B862D9F","profile_id=2;mode=fast;block_size=32768;zstd_level=3;lzma_level=9;threads=1;process_timeout_seconds=1800","""E:\MIXER\hybridzip\build\Release\hybridzip.exe"" c --profile=r2 --r2-mode=fast --block-size=32768 --zstd-level=3 --threads=1 ""E:\MIXER\hybridzip\results\experiments\hybridzip-r2-e6-fast-k4-full-20260829-w1\children\hybridzip-r2-e6-fast-k4-full-20260829-w1-fast-b32-r0\inputs\32KiB\xml.bin"" ""E:\MIXER\hybridzip\results\experiments\hybridzip-r2-e6-fast-k4-full-20260829-w1\children\hybridzip-r2-e6-fast-k4-full-20260829-w1-fast-b32-r0\archives\32KiB\xml.hz2""","""E:\MIXER\hybridzip\build\Release\hybridzip.exe"" d ""E:\MIXER\hybridzip\results\experiments\hybridzip-r2-e6-fast-k4-full-20260829-w1\children\hybridzip-r2-e6-fast-k4-full-20260829-w1-fast-b32-r0\archives\32KiB\xml.hz2"" ""E:\MIXER\hybridzip\results\experiments\hybridzip-r2-e6-fast-k4-full-20260829-w1\children\hybridzip-r2-e6-fast-k4-full-20260829-w1-fast-b32-r0\decoded\32KiB\xml.decoded""","0","0","2026-08-29T14:44:27.6054840+08:00","COMPLETE","PASS","fast-ext=1","Complete R2 archive size; SHA-256 byte-exact roundtrip verified."
"e6-fast","fast","32","0","True","1","1","8","0","00010000","1025B343","4B1AC26C40AD4DA50312FD3B694D7E636FB768C2336FE773BC82D36424C27A4B","0:2,39:2,43:4","2","5414300","10262700","5145100","5407700","5414300,10262700","5407700,5145100","hybridzip-r2-e6-fast-k4-full-20260829-w1-fast-b32-r0","r2-fast","1","35","xml","64","inputs/64KiB/xml.bin","65536","E32AFF2BEBF00105A17DD57F5490C1986D17543CEE837B42EB56B3E0E6F8E7F1","archives/64KiB/xml.hz2","6827","8DDDD1AEEF016C75C29D9E9A103910A372201C3ED68CEC6F431976EF7FC24011","decoded/64KiB/xml.decoded","65536","E32AFF2BEBF00105A17DD57F5490C1986D17543CEE837B42EB56B3E0E6F8E7F1","0.0631042","0.0690123","5.30078125","4.2890625","5.30078125","74FF260A939B01673667723D8351AAEDB679339610009ECB23C70E373B862D9F","profile_id=2;mode=fast;block_size=32768;zstd_level=3;lzma_level=9;threads=1;process_timeout_seconds=1800","""E:\MIXER\hybridzip\build\Release\hybridzip.exe"" c --profile=r2 --r2-mode=fast --block-size=32768 --zstd-level=3 --threads=1 ""E:\MIXER\hybridzip\results\experiments\hybridzip-r2-e6-fast-k4-full-20260829-w1\children\hybridzip-r2-e6-fast-k4-full-20260829-w1-fast-b32-r0\inputs\64KiB\xml.bin"" ""E:\MIXER\hybridzip\results\experiments\hybridzip-r2-e6-fast-k4-full-20260829-w1\children\hybridzip-r2-e6-fast-k4-full-20260829-w1-fast-b32-r0\archives\64KiB\xml.hz2""","""E:\MIXER\hybridzip\build\Release\hybridzip.exe"" d ""E:\MIXER\hybridzip\results\experiments\hybridzip-r2-e6-fast-k4-full-20260829-w1\children\hybridzip-r2-e6-fast-k4-full-20260829-w1-fast-b32-r0\archives\64KiB\xml.hz2"" ""E:\MIXER\hybridzip\results\experiments\hybridzip-r2-e6-fast-k4-full-20260829-w1\children\hybridzip-r2-e6-fast-k4-full-20260829-w1-fast-b32-r0\decoded\64KiB\xml.decoded""","0","0","2026-08-29T14:44:27.8073082+08:00","COMPLETE","PASS","fast-ext=2","Complete R2 archive size; SHA-256 byte-exact roundtrip verified."
"e6-fast","fast","32","0","True","1","1","16","0","00010000","1025B343","4B1AC26C40AD4DA50312FD3B694D7E636FB768C2336FE773BC82D36424C27A4B","0:4,39:4,43:8","4","8732000","9385000","4590100","4770100","4927300,9385000,8990000,8732000","4770100,4693100,4577700,4590100","hybridzip-r2-e6-fast-k4-full-20260829-w1-fast-b32-r0","r2-fast","1","36","xml","128","inputs/128KiB/xml.bin","131072","5FA29C746885F2EEB98734218475915A78092CCB3B0F68B08861EE210E5B6E25","archives/128KiB/xml.hz2","13794","9195949679C3C831794F96003D0A375D084A314668FFAF2884E37AA7D8744A73","decoded/128KiB/xml.decoded","131072","5FA29C746885F2EEB98734218475915A78092CCB3B0F68B08861EE210E5B6E25","0.0644087","0.0696133","5.32421875","2.02734375","5.32421875","74FF260A939B01673667723D8351AAEDB679339610009ECB23C70E373B862D9F","profile_id=2;mode=fast;block_size=32768;zstd_level=3;lzma_level=9;threads=1;process_timeout_seconds=1800","""E:\MIXER\hybridzip\build\Release\hybridzip.exe"" c --profile=r2 --r2-mode=fast --block-size=32768 --zstd-level=3 --threads=1 ""E:\MIXER\hybridzip\results\experiments\hybridzip-r2-e6-fast-k4-full-20260829-w1\children\hybridzip-r2-e6-fast-k4-full-20260829-w1-fast-b32-r0\inputs\128KiB\xml.bin"" ""E:\MIXER\hybridzip\results\experiments\hybridzip-r2-e6-fast-k4-full-20260829-w1\children\hybridzip-r2-e6-fast-k4-full-20260829-w1-fast-b32-r0\archives\128KiB\xml.hz2""","""E:\MIXER\hybridzip\build\Release\hybridzip.exe"" d ""E:\MIXER\hybridzip\results\experiments\hybridzip-r2-e6-fast-k4-full-20260829-w1\children\hybridzip-r2-e6-fast-k4-full-20260829-w1-fast-b32-r0\archives\128KiB\xml.hz2"" ""E:\MIXER\hybridzip\results\experiments\hybridzip-r2-e6-fast-k4-full-20260829-w1\children\hybridzip-r2-e6-fast-k4-full-20260829-w1-fast-b32-r0\decoded\128KiB\xml.decoded""","0","0","2026-08-29T14:44:28.0381738+08:00","COMPLETE","PASS","fast-ext=4","Complete R2 archive size; SHA-256 byte-exact roundtrip verified."
"e6-fast","fast","32","1","False","1","1","4","0","00010000","1025B343","4B1AC26C40AD4DA50312FD3B694D7E636FB768C2336FE773BC82D36424C27A4B","0:1,39:1,43:2","1","6124800","6124800","6047400","6047400","6124800","6047400","hybridzip-r2-e6-fast-k4-full-20260829-w1-fast-b32-r1","r2-fast","1","1","dickens","32","inputs/32KiB/dickens.bin","32768","FC42DCB9849222C8704C9DCAE606D075B389B66244FB215035148D6409EC0B31","archives/32KiB/dickens.hz2","14204","84C64B0BA4703663A91F3B007AF2F41B20CFF55C0458B294CCA26DC7E6D92C03","decoded/32KiB/dickens.decoded","32768","FC42DCB9849222C8704C9DCAE606D075B389B66244FB215035148D6409EC0B31","0.0568073","0.048104","5.2734375","4.02734375","5.2734375","74FF260A939B01673667723D8351AAEDB679339610009ECB23C70E373B862D9F","profile_id=2;mode=fast;block_size=32768;zstd_level=3;lzma_level=9;threads=1;process_timeout_seconds=1800","""E:\MIXER\hybridzip\build\Release\hybridzip.exe"" c --profile=r2 --r2-mode=fast --block-size=32768 --zstd-level=3 --threads=1 ""E:\MIXER\hybridzip\results\experiments\hybridzip-r2-e6-fast-k4-full-20260829-w1\children\hybridzip-r2-e6-fast-k4-full-20260829-w1-fast-b32-r1\inputs\32KiB\dickens.bin"" ""E:\MIXER\hybridzip\results\experiments\hybridzip-r2-e6-fast-k4-full-20260829-w1\children\hybridzip-r2-e6-fast-k4-full-20260829-w1-fast-b32-r1\archives\32KiB\dickens.hz2""","""E:\MIXER\hybridzip\build\Release\hybridzip.exe"" d ""E:\MIXER\hybridzip\results\experiments\hybridzip-r2-e6-fast-k4-full-20260829-w1\children\hybridzip-r2-e6-fast-k4-full-20260829-w1-fast-b32-r1\archives\32KiB\dickens.hz2"" ""E:\MIXER\hybridzip\results\experiments\hybridzip-r2-e6-fast-k4-full-20260829-w1\children\hybridzip-r2-e6-fast-k4-full-20260829-w1-fast-b32-r1\decoded\32KiB\dickens.decoded""","0","0","2026-08-29T14:44:29.6473729+08:00","COMPLETE","PASS","fast-ext=1","Complete R2 archive size; SHA-256 byte-exact roundtrip verified."
"e6-fast","fast","32","1","False","1","1","8","0","00010000","1025B343","4B1AC26C40AD4DA50312FD3B694D7E636FB768C2336FE773BC82D36424C27A4B","0:2,39:2,43:4","2","5991200","12050500","5961600","6288700","5991200,12050500","5961600,6288700","hybridzip-r2-e6-fast-k4-full-20260829-w1-fast-b32-r1","r2-fast","1","2","dickens","64","inputs/64KiB/dickens.bin","65536","134AD989A7B8B40C900A3B9C0F4895317DFD827D9E6E933895B08D2F4A8A8293","archives/64KiB/dickens.hz2","28111","34E6A0BD4BC3DE883E685A21F7A2DE5E97D14CA78B66575DB7670E676C7FA5C9","decoded/64KiB/dickens.decoded","65536","134AD989A7B8B40C900A3B9C0F4895317DFD827D9E6E933895B08D2F4A8A8293","0.0642368","0.0489507","5.30078125","2.02734375","5.30078125","74FF260A939B01673667723D8351AAEDB679339610009ECB23C70E373B862D9F","profile_id=2;mode=fast;block_size=32768;zstd_level=3;lzma_level=9;threads=1;process_timeout_seconds=1800","""E:\MIXER\hybridzip\build\Release\hybridzip.exe"" c --profile=r2 --r2-mode=fast --block-size=32768 --zstd-level=3 --threads=1 ""E:\MIXER\hybridzip\results\experiments\hybridzip-r2-e6-fast-k4-full-20260829-w1\children\hybridzip-r2-e6-fast-k4-full-20260829-w1-fast-b32-r1\inputs\64KiB\dickens.bin"" ""E:\MIXER\hybridzip\results\experiments\hybridzip-r2-e6-fast-k4-full-20260829-w1\children\hybridzip-r2-e6-fast-k4-full-20260829-w1-fast-b32-r1\archives\64KiB\dickens.hz2""","""E:\MIXER\hybridzip\build\Release\hybridzip.exe"" d ""E:\MIXER\hybridzip\results\experiments\hybridzip-r2-e6-fast-k4-full-20260829-w1\children\hybridzip-r2-e6-fast-k4-full-20260829-w1-fast-b32-r1\archives\64KiB\dickens.hz2"" ""E:\MIXER\hybridzip\results\experiments\hybridzip-r2-e6-fast-k4-full-20260829-w1\children\hybridzip-r2-e6-fast-k4-full-20260829-w1-fast-b32-r1\decoded\64KiB\dickens.decoded""","0","0","2026-08-29T14:44:29.8132702+08:00","COMPLETE","PASS","fast-ext=2","Complete R2 archive size; SHA-256 byte-exact roundtrip verified."
"e6-fast","fast","32","1","False","1","1","16","0","00010000","1025B343","4B1AC26C40AD4DA50312FD3B694D7E636FB768C2336FE773BC82D36424C27A4B","0:4,39:4,43:8","4","11462400","11952600","5802900","6437000","6379700,11952600,11772100,11462400","6233800,5802900,6437000,5315500","hybridzip-r2-e6-fast-k4-full-20260829-w1-fast-b32-r1","r2-fast","1","3","dickens","128","inputs/128KiB/dickens.bin","131072","20E33FCC8FAA96DC32A2D0921115C0F363E64C598A5847CE1A3876E356D59872","archives/128KiB/dickens.hz2","55704","2D712EDE702CB8C81F6189532D5D198512ECD2A0DCFB0E19BFBF935E5BE0EDA3","decoded/128KiB/dickens.decoded","131072","20E33FCC8FAA96DC32A2D0921115C0F363E64C598A5847CE1A3876E356D59872","0.0696587","0.0439961","5.33984375","2.02734375","5.33984375","74FF260A939B01673667723D8351AAEDB679339610009ECB23C70E373B862D9F","profile_id=2;mode=fast;block_size=32768;zstd_level=3;lzma_level=9;threads=1;process_timeout_seconds=1800","""E:\MIXER\hybridzip\build\Release\hybridzip.exe"" c --profile=r2 --r2-mode=fast --block-size=32768 --zstd-level=3 --threads=1 ""E:\MIXER\hybridzip\results\experiments\hybridzip-r2-e6-fast-k4-full-20260829-w1\children\hybridzip-r2-e6-fast-k4-full-20260829-w1-fast-b32-r1\inputs\128KiB\dickens.bin"" ""E:\MIXER\hybridzip\results\experiments\hybridzip-r2-e6-fast-k4-full-20260829-w1\children\hybridzip-r2-e6-fast-k4-full-20260829-w1-fast-b32-r1\archives\128KiB\dickens.hz2""","""E:\MIXER\hybridzip\build\Release\hybridzip.exe"" d ""E:\MIXER\hybridzip\results\experiments\hybridzip-r2-e6-fast-k4-full-20260829-w1\children\hybridzip-r2-e6-fast-k4-full-20260829-w1-fast-b32-r1\archives\128KiB\dickens.hz2"" ""E:\MIXER\hybridzip\results\experiments\hybridzip-r2-e6-fast-k4-full-20260829-w1\children\hybridzip-r2-e6-fast-k4-full-20260829-w1-fast-b32-r1\decoded\128KiB\dickens.decoded""","0","0","2026-08-29T14:44:29.9937167+08:00","COMPLETE","PASS","fast-ext=4","Complete R2 archive size; SHA-256 byte-exact roundtrip verified."
"e6-fast","fast","32","1","False","1","1","4","0","00010000","1025B343","4B1AC26C40AD4DA50312FD3B694D7E636FB768C2336FE773BC82D36424C27A4B","0:1,39:1,43:2","1","7536800","7536800","7439000","7439000","7536800","7439000","hybridzip-r2-e6-fast-k4-full-20260829-w1-fast-b32-r1","r2-fast","1","4","mozilla","32","inputs/32KiB/mozilla.bin","32768","9DDEEF36CA0CA55B72FE3376D005926DFF3400A2ADE6EAE18482D8017D8645DB","archives/32KiB/mozilla.hz2","11271","4CD226F53512BD2FDCC6A275218620CD82E584E48F1518CE021243B6B4F3F00E","decoded/32KiB/mozilla.decoded","32768","9DDEEF36CA0CA55B72FE3376D005926DFF3400A2ADE6EAE18482D8017D8645DB","0.0569749","0.0581781","5.25","2.02734375","5.25","74FF260A939B01673667723D8351AAEDB679339610009ECB23C70E373B862D9F","profile_id=2;mode=fast;block_size=32768;zstd_level=3;lzma_level=9;threads=1;process_timeout_seconds=1800","""E:\MIXER\hybridzip\build\Release\hybridzip.exe"" c --profile=r2 --r2-mode=fast --block-size=32768 --zstd-level=3 --threads=1 ""E:\MIXER\hybridzip\results\experiments\hybridzip-r2-e6-fast-k4-full-20260829-w1\children\hybridzip-r2-e6-fast-k4-full-20260829-w1-fast-b32-r1\inputs\32KiB\mozilla.bin"" ""E:\MIXER\hybridzip\results\experiments\hybridzip-r2-e6-fast-k4-full-20260829-w1\children\hybridzip-r2-e6-fast-k4-full-20260829-w1-fast-b32-r1\archives\32KiB\mozilla.hz2""","""E:\MIXER\hybridzip\build\Release\hybridzip.exe"" d ""E:\MIXER\hybridzip\results\experiments\hybridzip-r2-e6-fast-k4-full-20260829-w1\children\hybridzip-r2-e6-fast-k4-full-20260829-w1-fast-b32-r1\archives\32KiB\mozilla.hz2"" ""E:\MIXER\hybridzip\results\experiments\hybridzip-r2-e6-fast-k4-full-20260829-w1\children\hybridzip-r2-e6-fast-k4-full-20260829-w1-fast-b32-r1\decoded\32KiB\mozilla.decoded""","0","0","2026-08-29T14:44:30.1823750+08:00","COMPLETE","PASS","fast-ext=1","Complete R2 archive size; SHA-256 byte-exact roundtrip verified."
"e6-fast","fast","32","1","False","1","1","8","0","00010000","1025B343","4B1AC26C40AD4DA50312FD3B694D7E636FB768C2336FE773BC82D36424C27A4B","0:2,39:2,43:4","2","7427500","14336400","7179900","7299500","7427500,14336400","7299500,7179900","hybridzip-r2-e6-fast-k4-full-20260829-w1-fast-b32-r1","r2-fast","1","5","mozilla","64","inputs/64KiB/mozilla.bin","65536","B0050240663F54371D372303EEABA0A59AB0758BCD565F4F639D06561E6BC996","archives/64KiB/mozilla.hz2","18132","61FC418B7B61A467CC526681DA499F3383A5FC1E13D9BE62BC2D38B589090715","decoded/64KiB/mozilla.decoded","65536","B0050240663F54371D372303EEABA0A59AB0758BCD565F4F639D06561E6BC996","0.0609409","0.0425128","5.3125","2.02734375","5.3125","74FF260A939B01673667723D8351AAEDB679339610009ECB23C70E373B862D9F","profile_id=2;mode=fast;block_size=32768;zstd_level=3;lzma_level=9;threads=1;process_timeout_seconds=1800","""E:\MIXER\hybridzip\build\Release\hybridzip.exe"" c --profile=r2 --r2-mode=fast --block-size=32768 --zstd-level=3 --threads=1 ""E:\MIXER\hybridzip\results\experiments\hybridzip-r2-e6-fast-k4-full-20260829-w1\children\hybridzip-r2-e6-fast-k4-full-20260829-w1-fast-b32-r1\inputs\64KiB\mozilla.bin"" ""E:\MIXER\hybridzip\results\experiments\hybridzip-r2-e6-fast-k4-full-20260829-w1\children\hybridzip-r2-e6-fast-k4-full-20260829-w1-fast-b32-r1\archives\64KiB\mozilla.hz2""","""E:\MIXER\hybridzip\build\Release\hybridzip.exe"" d ""E:\MIXER\hybridzip\results\experiments\hybridzip-r2-e6-fast-k4-full-20260829-w1\children\hybridzip-r2-e6-fast-k4-full-20260829-w1-fast-b32-r1\archives\64KiB\mozilla.hz2"" ""E:\MIXER\hybridzip\results\experiments\hybridzip-r2-e6-fast-k4-full-20260829-w1\children\hybridzip-r2-e6-fast-k4-full-20260829-w1-fast-b32-r1\decoded\64KiB\mozilla.decoded""","0","0","2026-08-29T14:44:30.3663915+08:00","COMPLETE","PASS","fast-ext=2","Complete R2 archive size; SHA-256 byte-exact roundtrip verified."
"e6-fast","fast","32","1","False","1","1","16","0","00010000","1025B343","4B1AC26C40AD4DA50312FD3B694D7E636FB768C2336FE773BC82D36424C27A4B","0:4,39:4,43:8","4","10009500","14473600","6216300","7427300","7584100,14473600,12890500,10009500","7427300,7148800,6216300,4074100","hybridzip-r2-e6-fast-k4-full-20260829-w1-fast-b32-r1","r2-fast","1","6","mozilla","128","inputs/128KiB/mozilla.bin","131072","85CDBEA98382DB12E9A21FF90E1907452712D074000A6B855D2CA215FA591EB4","archives/128KiB/mozilla.hz2","27190","EDDDC93BB254A54A1F030848D260325EC8333DD6EC6AFEBB986B9721F8DA1195","decoded/128KiB/mozilla.decoded","131072","85CDBEA98382DB12E9A21FF90E1907452712D074000A6B855D2CA215FA591EB4","0.0729366","0.0423704","5.32421875","2.02734375","5.32421875","74FF260A939B01673667723D8351AAEDB679339610009ECB23C70E373B862D9F","profile_id=2;mode=fast;block_size=32768;zstd_level=3;lzma_level=9;threads=1;process_timeout_seconds=1800","""E:\MIXER\hybridzip\build\Release\hybridzip.exe"" c --profile=r2 --r2-mode=fast --block-size=32768 --zstd-level=3 --threads=1 ""E:\MIXER\hybridzip\results\experiments\hybridzip-r2-e6-fast-k4-full-20260829-w1\children\hybridzip-r2-e6-fast-k4-full-20260829-w1-fast-b32-r1\inputs\128KiB\mozilla.bin"" ""E:\MIXER\hybridzip\results\experiments\hybridzip-r2-e6-fast-k4-full-20260829-w1\children\hybridzip-r2-e6-fast-k4-full-20260829-w1-fast-b32-r1\archives\128KiB\mozilla.hz2""","""E:\MIXER\hybridzip\build\Release\hybridzip.exe"" d ""E:\MIXER\hybridzip\results\experiments\hybridzip-r2-e6-fast-k4-full-20260829-w1\children\hybridzip-r2-e6-fast-k4-full-20260829-w1-fast-b32-r1\archives\128KiB\mozilla.hz2"" ""E:\MIXER\hybridzip\results\experiments\hybridzip-r2-e6-fast-k4-full-20260829-w1\children\hybridzip-r2-e6-fast-k4-full-20260829-w1-fast-b32-r1\decoded\128KiB\mozilla.decoded""","0","0","2026-08-29T14:44:30.5425095+08:00","COMPLETE","PASS","fast-ext=4","Complete R2 archive size; SHA-256 byte-exact roundtrip verified."
"e6-fast","fast","32","1","False","1","1","4","0","00010000","1025B343","4B1AC26C40AD4DA50312FD3B694D7E636FB768C2336FE773BC82D36424C27A4B","0:1,39:1,43:2","1","8003200","8003200","7785000","7785000","8003200","7785000","hybridzip-r2-e6-fast-k4-full-20260829-w1-fast-b32-r1","r2-fast","1","7","mr","32","inputs/32KiB/mr.bin","32768","3BB287B0AF65F777AB00C14E362B4D1962087260556001BBEE0689AA10D9F76A","archives/32KiB/mr.hz2","8048","1714DBB5BB3CCAA1E4937B66A0FCB3167C72C9249EFBC13D3504240A49B144C4","decoded/32KiB/mr.decoded","32768","3BB287B0AF65F777AB00C14E362B4D1962087260556001BBEE0689AA10D9F76A","0.057369","0.0464223","5.2265625","2.02734375","5.2265625","74FF260A939B01673667723D8351AAEDB679339610009ECB23C70E373B862D9F","profile_id=2;mode=fast;block_size=32768;zstd_level=3;lzma_level=9;threads=1;process_timeout_seconds=1800","""E:\MIXER\hybridzip\build\Release\hybridzip.exe"" c --profile=r2 --r2-mode=fast --block-size=32768 --zstd-level=3 --threads=1 ""E:\MIXER\hybridzip\results\experiments\hybridzip-r2-e6-fast-k4-full-20260829-w1\children\hybridzip-r2-e6-fast-k4-full-20260829-w1-fast-b32-r1\inputs\32KiB\mr.bin"" ""E:\MIXER\hybridzip\results\experiments\hybridzip-r2-e6-fast-k4-full-20260829-w1\children\hybridzip-r2-e6-fast-k4-full-20260829-w1-fast-b32-r1\archives\32KiB\mr.hz2""","""E:\MIXER\hybridzip\build\Release\hybridzip.exe"" d ""E:\MIXER\hybridzip\results\experiments\hybridzip-r2-e6-fast-k4-full-20260829-w1\children\hybridzip-r2-e6-fast-k4-full-20260829-w1-fast-b32-r1\archives\32KiB\mr.hz2"" ""E:\MIXER\hybridzip\results\experiments\hybridzip-r2-e6-fast-k4-full-20260829-w1\children\hybridzip-r2-e6-fast-k4-full-20260829-w1-fast-b32-r1\decoded\32KiB\mr.decoded""","0","0","2026-08-29T14:44:30.7283014+08:00","COMPLETE","PASS","fast-ext=1","Complete R2 archive size; SHA-256 byte-exact roundtrip verified."
"e6-fast","fast","32","1","False","1","1","8","0","00010000","1025B343","4B1AC26C40AD4DA50312FD3B694D7E636FB768C2336FE773BC82D36424C27A4B","0:2,39:2,43:4","2","7506500","13524100","6291400","7357900","7506500,13524100","7357900,6291400","hybridzip-r2-e6-fast-k4-full-20260829-w1-fast-b32-r1","r2-fast","1","8","mr","64","inputs/64KiB/mr.bin","65536","CAB7B6408934009A4BBFEDB57BEB4943BF5478CF8B3688D01F004E0422EBC651","archives/64KiB/mr.hz2","14495","F1D6F80CD8AD1A917E0037C6BBED5E0FB6DC71BD73C0279166F5E166D834F75D","decoded/64KiB/mr.decoded","65536","CAB7B6408934009A4BBFEDB57BEB4943BF5478CF8B3688D01F004E0422EBC651","0.0694783","0.0575265","5.28515625","2.02734375","5.28515625","74FF260A939B01673667723D8351AAEDB679339610009ECB23C70E373B862D9F","profile_id=2;mode=fast;block_size=32768;zstd_level=3;lzma_level=9;threads=1;process_timeout_seconds=1800","""E:\MIXER\hybridzip\build\Release\hybridzip.exe"" c --profile=r2 --r2-mode=fast --block-size=32768 --zstd-level=3 --threads=1 ""E:\MIXER\hybridzip\results\experiments\hybridzip-r2-e6-fast-k4-full-20260829-w1\children\hybridzip-r2-e6-fast-k4-full-20260829-w1-fast-b32-r1\inputs\64KiB\mr.bin"" ""E:\MIXER\hybridzip\results\experiments\hybridzip-r2-e6-fast-k4-full-20260829-w1\children\hybridzip-r2-e6-fast-k4-full-20260829-w1-fast-b32-r1\archives\64KiB\mr.hz2""","""E:\MIXER\hybridzip\build\Release\hybridzip.exe"" d ""E:\MIXER\hybridzip\results\experiments\hybridzip-r2-e6-fast-k4-full-20260829-w1\children\hybridzip-r2-e6-fast-k4-full-20260829-w1-fast-b32-r1\archives\64KiB\mr.hz2"" ""E:\MIXER\hybridzip\results\experiments\hybridzip-r2-e6-fast-k4-full-20260829-w1\children\hybridzip-r2-e6-fast-k4-full-20260829-w1-fast-b32-r1\decoded\64KiB\mr.decoded""","0","0","2026-08-29T14:44:30.8979753+08:00","COMPLETE","PASS","fast-ext=2","Complete R2 archive size; SHA-256 byte-exact roundtrip verified."
"e6-fast","fast","32","1","False","1","1","16","0","00010000","1025B343","4B1AC26C40AD4DA50312FD3B694D7E636FB768C2336FE773BC82D36424C27A4B","0:4,39:4,43:8","4","12320300","14011100","6398500","7757800","7856600,14011100,12320300,12705700","7757800,6398500,6367400,6639400","hybridzip-r2-e6-fast-k4-full-20260829-w1-fast-b32-r1","r2-fast","1","9","mr","128","inputs/128KiB/mr.bin","131072","473A6A883480C7B2E69402AD888AC07B347C2DF61C6AA0D84E8B8130A27792EA","archives/128KiB/mr.hz2","27367","CD5FE03FC2013EE6EA4B5FBB9F678A54A41EA2D5B4586F984A29DACD35ADF5F0","decoded/128KiB/mr.decoded","131072","473A6A883480C7B2E69402AD888AC07B347C2DF61C6AA0D84E8B8130A27792EA","0.0863252","0.059305","5.3515625","2.02734375","5.3515625","74FF260A939B01673667723D8351AAEDB679339610009ECB23C70E373B862D9F","profile_id=2;mode=fast;block_size=32768;zstd_level=3;lzma_level=9;threads=1;process_timeout_seconds=1800","""E:\MIXER\hybridzip\build\Release\hybridzip.exe"" c --profile=r2 --r2-mode=fast --block-size=32768 --zstd-level=3 --threads=1 ""E:\MIXER\hybridzip\results\experiments\hybridzip-r2-e6-fast-k4-full-20260829-w1\children\hybridzip-r2-e6-fast-k4-full-20260829-w1-fast-b32-r1\inputs\128KiB\mr.bin"" ""E:\MIXER\hybridzip\results\experiments\hybridzip-r2-e6-fast-k4-full-20260829-w1\children\hybridzip-r2-e6-fast-k4-full-20260829-w1-fast-b32-r1\archives\128KiB\mr.hz2""","""E:\MIXER\hybridzip\build\Release\hybridzip.exe"" d ""E:\MIXER\hybridzip\results\experiments\hybridzip-r2-e6-fast-k4-full-20260829-w1\children\hybridzip-r2-e6-fast-k4-full-20260829-w1-fast-b32-r1\archives\128KiB\mr.hz2"" ""E:\MIXER\hybridzip\results\experiments\hybridzip-r2-e6-fast-k4-full-20260829-w1\children\hybridzip-r2-e6-fast-k4-full-20260829-w1-fast-b32-r1\decoded\128KiB\mr.decoded""","0","0","2026-08-29T14:44:31.0986631+08:00","COMPLETE","PASS","fast-ext=4","Complete R2 archive size; SHA-256 byte-exact roundtrip verified."
"e6-fast","fast","32","1","False","1","1","4","0","00010000","1025B343","4B1AC26C40AD4DA50312FD3B694D7E636FB768C2336FE773BC82D36424C27A4B","0:1,39:1,43:2","1","5467500","5467500","5413400","5413400","5467500","5413400","hybridzip-r2-e6-fast-k4-full-20260829-w1-fast-b32-r1","r2-fast","1","10","nci","32","inputs/32KiB/nci.bin","32768","0D3034FE8B0E573DE1439ED98CE409B83B13E5895085C9BFB0BF980F4962FB79","archives/32KiB/nci.hz2","3101","28193260A90B6B6FAF022C847A0041E7E8C07C9E3C51D35E365A2456E9FBF756","decoded/32KiB/nci.decoded","32768","0D3034FE8B0E573DE1439ED98CE409B83B13E5895085C9BFB0BF980F4962FB79","0.054735","0.0456663","2.02734375","2.02734375","2.02734375","74FF260A939B01673667723D8351AAEDB679339610009ECB23C70E373B862D9F","profile_id=2;mode=fast;block_size=32768;zstd_level=3;lzma_level=9;threads=1;process_timeout_seconds=1800","""E:\MIXER\hybridzip\build\Release\hybridzip.exe"" c --profile=r2 --r2-mode=fast --block-size=32768 --zstd-level=3 --threads=1 ""E:\MIXER\hybridzip\results\experiments\hybridzip-r2-e6-fast-k4-full-20260829-w1\children\hybridzip-r2-e6-fast-k4-full-20260829-w1-fast-b32-r1\inputs\32KiB\nci.bin"" ""E:\MIXER\hybridzip\results\experiments\hybridzip-r2-e6-fast-k4-full-20260829-w1\children\hybridzip-r2-e6-fast-k4-full-20260829-w1-fast-b32-r1\archives\32KiB\nci.hz2""","""E:\MIXER\hybridzip\build\Release\hybridzip.exe"" d ""E:\MIXER\hybridzip\results\experiments\hybridzip-r2-e6-fast-k4-full-20260829-w1\children\hybridzip-r2-e6-fast-k4-full-20260829-w1-fast-b32-r1\archives\32KiB\nci.hz2"" ""E:\MIXER\hybridzip\results\experiments\hybridzip-r2-e6-fast-k4-full-20260829-w1\children\hybridzip-r2-e6-fast-k4-full-20260829-w1-fast-b32-r1\decoded\32KiB\nci.decoded""","0","0","2026-08-29T14:44:31.3166828+08:00","COMPLETE","PASS","fast-ext=1","Complete R2 archive size; SHA-256 byte-exact roundtrip verified."
"e6-fast","fast","32","1","False","1","1","8","0","00010000","1025B343","4B1AC26C40AD4DA50312FD3B694D7E636FB768C2336FE773BC82D36424C27A4B","0:2,39:2,43:4","2","5282400","10059400","5022800","5182500","5282400,10059400","5182500,5022800","hybridzip-r2-e6-fast-k4-full-20260829-w1-fast-b32-r1","r2-fast","1","11","nci","64","inputs/64KiB/nci.bin","65536","B01B411AC3B5CE2FBF37242C0C59D2D236D2F7039937C1B1A0F18F4CC02549FE","archives/64KiB/nci.hz2","5870","D649AC7477A10C77DE892B0885CD7BD7921B7C0DF9E2839C4CE31CD2A4E9CA3F","decoded/64KiB/nci.decoded","65536","B01B411AC3B5CE2FBF37242C0C59D2D236D2F7039937C1B1A0F18F4CC02549FE","0.0565449","0.06185","5.26953125","2.02734375","5.26953125","74FF260A939B01673667723D8351AAEDB679339610009ECB23C70E373B862D9F","profile_id=2;mode=fast;block_size=32768;zstd_level=3;lzma_level=9;threads=1;process_timeout_seconds=1800","""E:\MIXER\hybridzip\build\Release\hybridzip.exe"" c --profile=r2 --r2-mode=fast --block-size=32768 --zstd-level=3 --threads=1 ""E:\MIXER\hybridzip\results\experiments\hybridzip-r2-e6-fast-k4-full-20260829-w1\children\hybridzip-r2-e6-fast-k4-full-20260829-w1-fast-b32-r1\inputs\64KiB\nci.bin"" ""E:\MIXER\hybridzip\results\experiments\hybridzip-r2-e6-fast-k4-full-20260829-w1\children\hybridzip-r2-e6-fast-k4-full-20260829-w1-fast-b32-r1\archives\64KiB\nci.hz2""","""E:\MIXER\hybridzip\build\Release\hybridzip.exe"" d ""E:\MIXER\hybridzip\results\experiments\hybridzip-r2-e6-fast-k4-full-20260829-w1\children\hybridzip-r2-e6-fast-k4-full-20260829-w1-fast-b32-r1\archives\64KiB\nci.hz2"" ""E:\MIXER\hybridzip\results\experiments\hybridzip-r2-e6-fast-k4-full-20260829-w1\children\hybridzip-r2-e6-fast-k4-full-20260829-w1-fast-b32-r1\decoded\64KiB\nci.decoded""","0","0","2026-08-29T14:44:31.4843709+08:00","COMPLETE","PASS","fast-ext=2","Complete R2 archive size; SHA-256 byte-exact roundtrip verified."
"e6-fast","fast","32","1","False","1","1","16","0","00010000","1025B343","4B1AC26C40AD4DA50312FD3B694D7E636FB768C2336FE773BC82D36424C27A4B","0:4,39:4,43:8","4","9425200","9846800","4921000","5094500","5143600,9846800,9720100,9425200","4934500,4921000,5094500,4787000","hybridzip-r2-e6-fast-k4-full-20260829-w1-fast-b32-r1","r2-fast","1","12","nci","128","inputs/128KiB/nci.bin","131072","C8A1D610355E5EF900ED4C704DF14ADF1935D95DFD8F1740AC9FD90FC9BF5781","archives/128KiB/nci.hz2","12788","BCAED61E73B1A8561C099DDBDEE7591FE2CFCE7EC7A57CBF7E348B2594A4694D","decoded/128KiB/nci.decoded","131072","C8A1D610355E5EF900ED4C704DF14ADF1935D95DFD8F1740AC9FD90FC9BF5781","0.0692665","0.0614389","5.34765625","2.02734375","5.34765625","74FF260A939B01673667723D8351AAEDB679339610009ECB23C70E373B862D9F","profile_id=2;mode=fast;block_size=32768;zstd_level=3;lzma_level=9;threads=1;process_timeout_seconds=1800","""E:\MIXER\hybridzip\build\Release\hybridzip.exe"" c --profile=r2 --r2-mode=fast --block-size=32768 --zstd-level=3 --threads=1 ""E:\MIXER\hybridzip\results\experiments\hybridzip-r2-e6-fast-k4-full-20260829-w1\children\hybridzip-r2-e6-fast-k4-full-20260829-w1-fast-b32-r1\inputs\128KiB\nci.bin"" ""E:\MIXER\hybridzip\results\experiments\hybridzip-r2-e6-fast-k4-full-20260829-w1\children\hybridzip-r2-e6-fast-k4-full-20260829-w1-fast-b32-r1\archives\128KiB\nci.hz2""","""E:\MIXER\hybridzip\build\Release\hybridzip.exe"" d ""E:\MIXER\hybridzip\results\experiments\hybridzip-r2-e6-fast-k4-full-20260829-w1\children\hybridzip-r2-e6-fast-k4-full-20260829-w1-fast-b32-r1\archives\128KiB\nci.hz2"" ""E:\MIXER\hybridzip\results\experiments\hybridzip-r2-e6-fast-k4-full-20260829-w1\children\hybridzip-r2-e6-fast-k4-full-20260829-w1-fast-b32-r1\decoded\128KiB\nci.decoded""","0","0","2026-08-29T14:44:31.6732994+08:00","COMPLETE","PASS","fast-ext=4","Complete R2 archive size; SHA-256 byte-exact roundtrip verified."
"e6-fast","fast","32","1","False","1","1","4","0","00010000","1025B343","4B1AC26C40AD4DA50312FD3B694D7E636FB768C2336FE773BC82D36424C27A4B","0:1,39:1,43:2","1","5919200","5919200","5822200","5822200","5919200","5822200","hybridzip-r2-e6-fast-k4-full-20260829-w1-fast-b32-r1","r2-fast","1","13","ooffice","32","inputs/32KiB/ooffice.bin","32768","2ACF9B4CAAEAC5814CDFEF0FA48A5ECE857C847DBDB7B44EEAB95CA3C098921C","archives/32KiB/ooffice.hz2","13020","2E8A8F81EBC2F7E5C5063114D10C074448A5C25FD1EC709120FE3D28EBA0FD1B","decoded/32KiB/ooffice.decoded","32768","2ACF9B4CAAEAC5814CDFEF0FA48A5ECE857C847DBDB7B44EEAB95CA3C098921C","0.0530236","0.0431213","2.02734375","2.02734375","2.02734375","74FF260A939B01673667723D8351AAEDB679339610009ECB23C70E373B862D9F","profile_id=2;mode=fast;block_size=32768;zstd_level=3;lzma_level=9;threads=1;process_timeout_seconds=1800","""E:\MIXER\hybridzip\build\Release\hybridzip.exe"" c --profile=r2 --r2-mode=fast --block-size=32768 --zstd-level=3 --threads=1 ""E:\MIXER\hybridzip\results\experiments\hybridzip-r2-e6-fast-k4-full-20260829-w1\children\hybridzip-r2-e6-fast-k4-full-20260829-w1-fast-b32-r1\inputs\32KiB\ooffice.bin"" ""E:\MIXER\hybridzip\results\experiments\hybridzip-r2-e6-fast-k4-full-20260829-w1\children\hybridzip-r2-e6-fast-k4-full-20260829-w1-fast-b32-r1\archives\32KiB\ooffice.hz2""","""E:\MIXER\hybridzip\build\Release\hybridzip.exe"" d ""E:\MIXER\hybridzip\results\experiments\hybridzip-r2-e6-fast-k4-full-20260829-w1\children\hybridzip-r2-e6-fast-k4-full-20260829-w1-fast-b32-r1\archives\32KiB\ooffice.hz2"" ""E:\MIXER\hybridzip\results\experiments\hybridzip-r2-e6-fast-k4-full-20260829-w1\children\hybridzip-r2-e6-fast-k4-full-20260829-w1-fast-b32-r1\decoded\32KiB\ooffice.decoded""","0","0","2026-08-29T14:44:31.8706406+08:00","COMPLETE","PASS","fast-ext=1","Complete R2 archive size; SHA-256 byte-exact roundtrip verified."
"e6-fast","fast","32","1","False","1","1","8","0","00010000","1025B343","4B1AC26C40AD4DA50312FD3B694D7E636FB768C2336FE773BC82D36424C27A4B","0:2,39:2,43:4","2","5415200","10694700","5407900","5512600","5415200,10694700","5407900,5512600","hybridzip-r2-e6-fast-k4-full-20260829-w1-fast-b32-r1","r2-fast","1","14","ooffice","64","inputs/64KiB/ooffice.bin","65536","9D30521922187D0A26F56CF2DF85001F9585D0D4EC6A0A8797466AFCC367F825","archives/64KiB/ooffice.hz2","30580","F5E3E8F5CD715E6E8A3F6EEFA40D6F68C876E275A3C2B8E70DD84A29370EA343","decoded/64KiB/ooffice.decoded","65536","9D30521922187D0A26F56CF2DF85001F9585D0D4EC6A0A8797466AFCC367F825","0.0594898","0.0477532","5.28515625","2.02734375","5.28515625","74FF260A939B01673667723D8351AAEDB679339610009ECB23C70E373B862D9F","profile_id=2;mode=fast;block_size=32768;zstd_level=3;lzma_level=9;threads=1;process_timeout_seconds=1800","""E:\MIXER\hybridzip\build\Release\hybridzip.exe"" c --profile=r2 --r2-mode=fast --block-size=32768 --zstd-level=3 --threads=1 ""E:\MIXER\hybridzip\results\experiments\hybridzip-r2-e6-fast-k4-full-20260829-w1\children\hybridzip-r2-e6-fast-k4-full-20260829-w1-fast-b32-r1\inputs\64KiB\ooffice.bin"" ""E:\MIXER\hybridzip\results\experiments\hybridzip-r2-e6-fast-k4-full-20260829-w1\children\hybridzip-r2-e6-fast-k4-full-20260829-w1-fast-b32-r1\archives\64KiB\ooffice.hz2""","""E:\MIXER\hybridzip\build\Release\hybridzip.exe"" d ""E:\MIXER\hybridzip\results\experiments\hybridzip-r2-e6-fast-k4-full-20260829-w1\children\hybridzip-r2-e6-fast-k4-full-20260829-w1-fast-b32-r1\archives\64KiB\ooffice.hz2"" ""E:\MIXER\hybridzip\results\experiments\hybridzip-r2-e6-fast-k4-full-20260829-w1\children\hybridzip-r2-e6-fast-k4-full-20260829-w1-fast-b32-r1\decoded\64KiB\ooffice.decoded""","0","0","2026-08-29T14:44:32.0433158+08:00","COMPLETE","PASS","fast-ext=2","Complete R2 archive size; SHA-256 byte-exact roundtrip verified."
"e6-fast","fast","32","1","False","1","1","16","0","00010000","1025B343","4B1AC26C40AD4DA50312FD3B694D7E636FB768C2336FE773BC82D36424C27A4B","0:4,39:4,43:8","4","10081300","10349100","5262800","5557100","5269700,10349100,10081300,10275500","5262800,5340600,5200200,5557100","hybridzip-r2-e6-fast-k4-full-20260829-w1-fast-b32-r1","r2-fast","1","15","ooffice","128","inputs/128KiB/ooffice.bin","131072","09FA5F3EE5311528863F8C3FADA3B530CC24AC1D88128E4DB2BF434161879FEF","archives/128KiB/ooffice.hz2","67065","D9C4EF1E347601070DA8857769E07EB276A6CEAF576BA0E0BCA8DA4A51381CEC","decoded/128KiB/ooffice.decoded","131072","09FA5F3EE5311528863F8C3FADA3B530CC24AC1D88128E4DB2BF434161879FEF","0.0917143","0.0649769","5.33203125","2.02734375","5.33203125","74FF260A939B01673667723D8351AAEDB679339610009ECB23C70E373B862D9F","profile_id=2;mode=fast;block_size=32768;zstd_level=3;lzma_level=9;threads=1;process_timeout_seconds=1800","""E:\MIXER\hybridzip\build\Release\hybridzip.exe"" c --profile=r2 --r2-mode=fast --block-size=32768 --zstd-level=3 --threads=1 ""E:\MIXER\hybridzip\results\experiments\hybridzip-r2-e6-fast-k4-full-20260829-w1\children\hybridzip-r2-e6-fast-k4-full-20260829-w1-fast-b32-r1\inputs\128KiB\ooffice.bin"" ""E:\MIXER\hybridzip\results\experiments\hybridzip-r2-e6-fast-k4-full-20260829-w1\children\hybridzip-r2-e6-fast-k4-full-20260829-w1-fast-b32-r1\archives\128KiB\ooffice.hz2""","""E:\MIXER\hybridzip\build\Release\hybridzip.exe"" d ""E:\MIXER\hybridzip\results\experiments\hybridzip-r2-e6-fast-k4-full-20260829-w1\children\hybridzip-r2-e6-fast-k4-full-20260829-w1-fast-b32-r1\archives\128KiB\ooffice.hz2"" ""E:\MIXER\hybridzip\results\experiments\hybridzip-r2-e6-fast-k4-full-20260829-w1\children\hybridzip-r2-e6-fast-k4-full-20260829-w1-fast-b32-r1\decoded\128KiB\ooffice.decoded""","0","0","2026-08-29T14:44:32.2258912+08:00","COMPLETE","PASS","fast-ext=4","Complete R2 archive size; SHA-256 byte-exact roundtrip verified."
"e6-fast","fast","32","1","False","1","1","4","0","00010000","1025B343","4B1AC26C40AD4DA50312FD3B694D7E636FB768C2336FE773BC82D36424C27A4B","0:1,39:1,43:2","1","5431600","5431600","5390100","5390100","5431600","5390100","hybridzip-r2-e6-fast-k4-full-20260829-w1-fast-b32-r1","r2-fast","1","16","osdb","32","inputs/32KiB/osdb.bin","32768","03B2C20B777682CD960BCD893D7A4463161D9C0200FD1708B2EFAE32A259D0B7","archives/32KiB/osdb.hz2","15695","AB2EB86D7A8434F826B2E6956C717DAA5B787D8D4F0E4CF40B4EEBE00D11B367","decoded/32KiB/osdb.decoded","32768","03B2C20B777682CD960BCD893D7A4463161D9C0200FD1708B2EFAE32A259D0B7","0.0591943","0.0571974","2.02734375","2.02734375","2.02734375","74FF260A939B01673667723D8351AAEDB679339610009ECB23C70E373B862D9F","profile_id=2;mode=fast;block_size=32768;zstd_level=3;lzma_level=9;threads=1;process_timeout_seconds=1800","""E:\MIXER\hybridzip\build\Release\hybridzip.exe"" c --profile=r2 --r2-mode=fast --block-size=32768 --zstd-level=3 --threads=1 ""E:\MIXER\hybridzip\results\experiments\hybridzip-r2-e6-fast-k4-full-20260829-w1\children\hybridzip-r2-e6-fast-k4-full-20260829-w1-fast-b32-r1\inputs\32KiB\osdb.bin"" ""E:\MIXER\hybridzip\results\experiments\hybridzip-r2-e6-fast-k4-full-20260829-w1\children\hybridzip-r2-e6-fast-k4-full-20260829-w1-fast-b32-r1\archives\32KiB\osdb.hz2""","""E:\MIXER\hybridzip\build\Release\hybridzip.exe"" d ""E:\MIXER\hybridzip\results\experiments\hybridzip-r2-e6-fast-k4-full-20260829-w1\children\hybridzip-r2-e6-fast-k4-full-20260829-w1-fast-b32-r1\archives\32KiB\osdb.hz2"" ""E:\MIXER\hybridzip\results\experiments\hybridzip-r2-e6-fast-k4-full-20260829-w1\children\hybridzip-r2-e6-fast-k4-full-20260829-w1-fast-b32-r1\decoded\32KiB\osdb.decoded""","0","0","2026-08-29T14:44:32.4571485+08:00","COMPLETE","PASS","fast-ext=1","Complete R2 archive size; SHA-256 byte-exact roundtrip verified."
"e6-fast","fast","32","1","False","1","1","8","0","00010000","1025B343","4B1AC26C40AD4DA50312FD3B694D7E636FB768C2336FE773BC82D36424C27A4B","0:2,39:2,43:4","2","5626300","10140700","4788900","5538600","5626300,10140700","5538600,4788900","hybridzip-r2-e6-fast-k4-full-20260829-w1-fast-b32-r1","r2-fast","1","17","osdb","64","inputs/64KiB/osdb.bin","65536","F8FE629325A07588118BA0B65880A87DED43EF249CCBC91F0E977BBACAE0C125","archives/64KiB/osdb.hz2","31467","A7226133A3AB3313FA9525A442248EC4A3FE21F4EBE0B048F80ED822E67A546F","decoded/64KiB/osdb.decoded","65536","F8FE629325A07588118BA0B65880A87DED43EF249CCBC91F0E977BBACAE0C125","0.052564","0.0421497","2.02734375","2.02734375","2.02734375","74FF260A939B01673667723D8351AAEDB679339610009ECB23C70E373B862D9F","profile_id=2;mode=fast;block_size=32768;zstd_level=3;lzma_level=9;threads=1;process_timeout_seconds=1800","""E:\MIXER\hybridzip\build\Release\hybridzip.exe"" c --profile=r2 --r2-mode=fast --block-size=32768 --zstd-level=3 --threads=1 ""E:\MIXER\hybridzip\results\experiments\hybridzip-r2-e6-fast-k4-full-20260829-w1\children\hybridzip-r2-e6-fast-k4-full-20260829-w1-fast-b32-r1\inputs\64KiB\osdb.bin"" ""E:\MIXER\hybridzip\results\experiments\hybridzip-r2-e6-fast-k4-full-20260829-w1\children\hybridzip-r2-e6-fast-k4-full-20260829-w1-fast-b32-r1\archives\64KiB\osdb.hz2""","""E:\MIXER\hybridzip\build\Release\hybridzip.exe"" d ""E:\MIXER\hybridzip\results\experiments\hybridzip-r2-e6-fast-k4-full-20260829-w1\children\hybridzip-r2-e6-fast-k4-full-20260829-w1-fast-b32-r1\archives\64KiB\osdb.hz2"" ""E:\MIXER\hybridzip\results\experiments\hybridzip-r2-e6-fast-k4-full-20260829-w1\children\hybridzip-r2-e6-fast-k4-full-20260829-w1-fast-b32-r1\decoded\64KiB\osdb.decoded""","0","0","2026-08-29T14:44:32.6446606+08:00","COMPLETE","PASS","fast-ext=2","Complete R2 archive size; SHA-256 byte-exact roundtrip verified."
"e6-fast","fast","32","1","False","1","1","16","0","00010000","1025B343","4B1AC26C40AD4DA50312FD3B694D7E636FB768C2336FE773BC82D36424C27A4B","0:4,39:4,43:8","4","9227200","10109600","4919200","5314900","5475800,10109600,9344600,9227200","5314900,4919200,4993300,4606900","hybridzip-r2-e6-fast-k4-full-20260829-w1-fast-b32-r1","r2-fast","1","18","osdb","128","inputs/128KiB/osdb.bin","131072","D977E72AE13AEFC36A4B6171A895E26A0E6EEE447B1B9FBE868D7B1C046CC91F","archives/128KiB/osdb.hz2","62963","3CB7D12C286B30606010C010013CEF6C6644C58650FF3D9EBD5A3D22F3A73988","decoded/128KiB/osdb.decoded","131072","D977E72AE13AEFC36A4B6171A895E26A0E6EEE447B1B9FBE868D7B1C046CC91F","0.0659227","0.042116","5.37890625","2.02734375","5.37890625","74FF260A939B01673667723D8351AAEDB679339610009ECB23C70E373B862D9F","profile_id=2;mode=fast;block_size=32768;zstd_level=3;lzma_level=9;threads=1;process_timeout_seconds=1800","""E:\MIXER\hybridzip\build\Release\hybridzip.exe"" c --profile=r2 --r2-mode=fast --block-size=32768 --zstd-level=3 --threads=1 ""E:\MIXER\hybridzip\results\experiments\hybridzip-r2-e6-fast-k4-full-20260829-w1\children\hybridzip-r2-e6-fast-k4-full-20260829-w1-fast-b32-r1\inputs\128KiB\osdb.bin"" ""E:\MIXER\hybridzip\results\experiments\hybridzip-r2-e6-fast-k4-full-20260829-w1\children\hybridzip-r2-e6-fast-k4-full-20260829-w1-fast-b32-r1\archives\128KiB\osdb.hz2""","""E:\MIXER\hybridzip\build\Release\hybridzip.exe"" d ""E:\MIXER\hybridzip\results\experiments\hybridzip-r2-e6-fast-k4-full-20260829-w1\children\hybridzip-r2-e6-fast-k4-full-20260829-w1-fast-b32-r1\archives\128KiB\osdb.hz2"" ""E:\MIXER\hybridzip\results\experiments\hybridzip-r2-e6-fast-k4-full-20260829-w1\children\hybridzip-r2-e6-fast-k4-full-20260829-w1-fast-b32-r1\decoded\128KiB\osdb.decoded""","0","0","2026-08-29T14:44:32.8145672+08:00","COMPLETE","PASS","fast-ext=4","Complete R2 archive size; SHA-256 byte-exact roundtrip verified."
"e6-fast","fast","32","1","False","1","1","4","0","00010000","1025B343","4B1AC26C40AD4DA50312FD3B694D7E636FB768C2336FE773BC82D36424C27A4B","0:1,39:1,43:2","1","6367900","6367900","6047200","6047200","6367900","6047200","hybridzip-r2-e6-fast-k4-full-20260829-w1-fast-b32-r1","r2-fast","1","19","reymont","32","inputs/32KiB/reymont.bin","32768","9D5E4B9340C2260DAE7DDB01B3EDA58236FF2DE5E1FF4D56767AA840B6FB1A87","archives/32KiB/reymont.hz2","10572","93DBB06F7763AC758C2B95654A598F3154232B292E462F14CC7C9566150BB0EB","decoded/32KiB/reymont.decoded","32768","9D5E4B9340C2260DAE7DDB01B3EDA58236FF2DE5E1FF4D56767AA840B6FB1A87","0.0530524","0.0474915","5.26171875","2.28515625","5.26171875","74FF260A939B01673667723D8351AAEDB679339610009ECB23C70E373B862D9F","profile_id=2;mode=fast;block_size=32768;zstd_level=3;lzma_level=9;threads=1;process_timeout_seconds=1800","""E:\MIXER\hybridzip\build\Release\hybridzip.exe"" c --profile=r2 --r2-mode=fast --block-size=32768 --zstd-level=3 --threads=1 ""E:\MIXER\hybridzip\results\experiments\hybridzip-r2-e6-fast-k4-full-20260829-w1\children\hybridzip-r2-e6-fast-k4-full-20260829-w1-fast-b32-r1\inputs\32KiB\reymont.bin"" ""E:\MIXER\hybridzip\results\experiments\hybridzip-r2-e6-fast-k4-full-20260829-w1\children\hybridzip-r2-e6-fast-k4-full-20260829-w1-fast-b32-r1\archives\32KiB\reymont.hz2""","""E:\MIXER\hybridzip\build\Release\hybridzip.exe"" d ""E:\MIXER\hybridzip\results\experiments\hybridzip-r2-e6-fast-k4-full-20260829-w1\children\hybridzip-r2-e6-fast-k4-full-20260829-w1-fast-b32-r1\archives\32KiB\reymont.hz2"" ""E:\MIXER\hybridzip\results\experiments\hybridzip-r2-e6-fast-k4-full-20260829-w1\children\hybridzip-r2-e6-fast-k4-full-20260829-w1-fast-b32-r1\decoded\32KiB\reymont.decoded""","0","0","2026-08-29T14:44:32.9969122+08:00","COMPLETE","PASS","fast-ext=1","Complete R2 archive size; SHA-256 byte-exact roundtrip verified."
"e6-fast","fast","32","1","False","1","1","8","0","00010000","1025B343","4B1AC26C40AD4DA50312FD3B694D7E636FB768C2336FE773BC82D36424C27A4B","0:2,39:2,43:4","2","6958200","13406900","6669500","6956600","6958200,13406900","6956600,6669500","hybridzip-r2-e6-fast-k4-full-20260829-w1-fast-b32-r1","r2-fast","1","20","reymont","64","inputs/64KiB/reymont.bin","65536","A5ECAAABB133F1ADF8DE6062BE6381D143E87F9F8050EEA9B5BE6F92B88C3C22","archives/64KiB/reymont.hz2","21486","7A28521D519AB269D9C57A0A46594B4376B3D8EA4E9779DD3498F36BDDBB2104","decoded/64KiB/reymont.decoded","65536","A5ECAAABB133F1ADF8DE6062BE6381D143E87F9F8050EEA9B5BE6F92B88C3C22","0.0574795","0.0570346","5.3046875","2.02734375","5.3046875","74FF260A939B01673667723D8351AAEDB679339610009ECB23C70E373B862D9F","profile_id=2;mode=fast;block_size=32768;zstd_level=3;lzma_level=9;threads=1;process_timeout_seconds=1800","""E:\MIXER\hybridzip\build\Release\hybridzip.exe"" c --profile=r2 --r2-mode=fast --block-size=32768 --zstd-level=3 --threads=1 ""E:\MIXER\hybridzip\results\experiments\hybridzip-r2-e6-fast-k4-full-20260829-w1\children\hybridzip-r2-e6-fast-k4-full-20260829-w1-fast-b32-r1\inputs\64KiB\reymont.bin"" ""E:\MIXER\hybridzip\results\experiments\hybridzip-r2-e6-fast-k4-full-20260829-w1\children\hybridzip-r2-e6-fast-k4-full-20260829-w1-fast-b32-r1\archives\64KiB\reymont.hz2""","""E:\MIXER\hybridzip\build\Release\hybridzip.exe"" d ""E:\MIXER\hybridzip\results\experiments\hybridzip-r2-e6-fast-k4-full-20260829-w1\children\hybridzip-r2-e6-fast-k4-full-20260829-w1-fast-b32-r1\archives\64KiB\reymont.hz2"" ""E:\MIXER\hybridzip\results\experiments\hybridzip-r2-e6-fast-k4-full-20260829-w1\children\hybridzip-r2-e6-fast-k4-full-20260829-w1-fast-b32-r1\decoded\64KiB\reymont.decoded""","0","0","2026-08-29T14:44:33.1638725+08:00","COMPLETE","PASS","fast-ext=2","Complete R2 archive size; SHA-256 byte-exact roundtrip verified."
"e6-fast","fast","32","1","False","1","1","16","0","00010000","1025B343","4B1AC26C40AD4DA50312FD3B694D7E636FB768C2336FE773BC82D36424C27A4B","0:4,39:4,43:8","4","11650900","12942900","6334200","6616000","6695600,12942900,12297000,11650900","6616000,6480300,6334200,5680700","hybridzip-r2-e6-fast-k4-full-20260829-w1-fast-b32-r1","r2-fast","1","21","reymont","128","inputs/128KiB/reymont.bin","131072","A6CA7478854C1E80DFEAF9FB3444B357F9D7625E55232FAE3B3632A5A1217DEA","archives/128KiB/reymont.hz2","43660","08BF84CC46DF9F1D7A0C061CE29996D52E8C27CEFF9FFF16A1BDFAEE3EBEABCB","decoded/128KiB/reymont.decoded","131072","A6CA7478854C1E80DFEAF9FB3444B357F9D7625E55232FAE3B3632A5A1217DEA","0.0727122","0.0565059","5.33984375","2.02734375","5.33984375","74FF260A939B01673667723D8351AAEDB679339610009ECB23C70E373B862D9F","profile_id=2;mode=fast;block_size=32768;zstd_level=3;lzma_level=9;threads=1;process_timeout_seconds=1800","""E:\MIXER\hybridzip\build\Release\hybridzip.exe"" c --profile=r2 --r2-mode=fast --block-size=32768 --zstd-level=3 --threads=1 ""E:\MIXER\hybridzip\results\experiments\hybridzip-r2-e6-fast-k4-full-20260829-w1\children\hybridzip-r2-e6-fast-k4-full-20260829-w1-fast-b32-r1\inputs\128KiB\reymont.bin"" ""E:\MIXER\hybridzip\results\experiments\hybridzip-r2-e6-fast-k4-full-20260829-w1\children\hybridzip-r2-e6-fast-k4-full-20260829-w1-fast-b32-r1\archives\128KiB\reymont.hz2""","""E:\MIXER\hybridzip\build\Release\hybridzip.exe"" d ""E:\MIXER\hybridzip\results\experiments\hybridzip-r2-e6-fast-k4-full-20260829-w1\children\hybridzip-r2-e6-fast-k4-full-20260829-w1-fast-b32-r1\archives\128KiB\reymont.hz2"" ""E:\MIXER\hybridzip\results\experiments\hybridzip-r2-e6-fast-k4-full-20260829-w1\children\hybridzip-r2-e6-fast-k4-full-20260829-w1-fast-b32-r1\decoded\128KiB\reymont.decoded""","0","0","2026-08-29T14:44:33.3492124+08:00","COMPLETE","PASS","fast-ext=4","Complete R2 archive size; SHA-256 byte-exact roundtrip verified."
"e6-fast","fast","32","1","False","1","1","4","0","00010000","1025B343","4B1AC26C40AD4DA50312FD3B694D7E636FB768C2336FE773BC82D36424C27A4B","0:1,39:1,43:2","1","5719500","5719500","5698200","5698200","5719500","5698200","hybridzip-r2-e6-fast-k4-full-20260829-w1-fast-b32-r1","r2-fast","1","22","samba","32","inputs/32KiB/samba.bin","32768","9C4F5BEE544E4531E4946E62F796987418B4526911C34877EF282F14DD57AD12","archives/32KiB/samba.hz2","11946","6190C9F3D4B0A0CD807DF6FA9965F5637D534BD68A408E8F9641059B99B72ECE","decoded/32KiB/samba.decoded","32768","9C4F5BEE544E4531E4946E62F796987418B4526911C34877EF282F14DD57AD12","0.0586701","0.0592126","2.02734375","2.02734375","2.02734375","74FF260A939B01673667723D8351AAEDB679339610009ECB23C70E373B862D9F","profile_id=2;mode=fast;block_size=32768;zstd_level=3;lzma_level=9;threads=1;process_timeout_seconds=1800","""E:\MIXER\hybridzip\build\Release\hybridzip.exe"" c --profile=r2 --r2-mode=fast --block-size=32768 --zstd-level=3 --threads=1 ""E:\MIXER\hybridzip\results\experiments\hybridzip-r2-e6-fast-k4-full-20260829-w1\children\hybridzip-r2-e6-fast-k4-full-20260829-w1-fast-b32-r1\inputs\32KiB\samba.bin"" ""E:\MIXER\hybridzip\results\experiments\hybridzip-r2-e6-fast-k4-full-20260829-w1\children\hybridzip-r2-e6-fast-k4-full-20260829-w1-fast-b32-r1\archives\32KiB\samba.hz2""","""E:\MIXER\hybridzip\build\Release\hybridzip.exe"" d ""E:\MIXER\hybridzip\results\experiments\hybridzip-r2-e6-fast-k4-full-20260829-w1\children\hybridzip-r2-e6-fast-k4-full-20260829-w1-fast-b32-r1\archives\32KiB\samba.hz2"" ""E:\MIXER\hybridzip\results\experiments\hybridzip-r2-e6-fast-k4-full-20260829-w1\children\hybridzip-r2-e6-fast-k4-full-20260829-w1-fast-b32-r1\decoded\32KiB\samba.decoded""","0","0","2026-08-29T14:44:33.5499563+08:00","COMPLETE","PASS","fast-ext=1","Complete R2 archive size; SHA-256 byte-exact roundtrip verified."
"e6-fast","fast","32","1","False","1","1","8","0","00010000","1025B343","4B1AC26C40AD4DA50312FD3B694D7E636FB768C2336FE773BC82D36424C27A4B","0:2,39:2,43:4","2","5660600","10813600","5335800","5638600","5660600,10813600","5638600,5335800","hybridzip-r2-e6-fast-k4-full-20260829-w1-fast-b32-r1","r2-fast","1","23","samba","64","inputs/64KiB/samba.bin","65536","3E0420984C0F260EA7350734600CEA9D8500B745E2E4B7DBD4D1DA1D1ADAC421","archives/64KiB/samba.hz2","23977","8452C299E9840BDA851E9E5708BB64849E65E05083C3F6161306CC7848D40C6A","decoded/64KiB/samba.decoded","65536","3E0420984C0F260EA7350734600CEA9D8500B745E2E4B7DBD4D1DA1D1ADAC421","0.0582092","0.0630393","2.02734375","2.02734375","2.02734375","74FF260A939B01673667723D8351AAEDB679339610009ECB23C70E373B862D9F","profile_id=2;mode=fast;block_size=32768;zstd_level=3;lzma_level=9;threads=1;process_timeout_seconds=1800","""E:\MIXER\hybridzip\build\Release\hybridzip.exe"" c --profile=r2 --r2-mode=fast --block-size=32768 --zstd-level=3 --threads=1 ""E:\MIXER\hybridzip\results\experiments\hybridzip-r2-e6-fast-k4-full-20260829-w1\children\hybridzip-r2-e6-fast-k4-full-20260829-w1-fast-b32-r1\inputs\64KiB\samba.bin"" ""E:\MIXER\hybridzip\results\experiments\hybridzip-r2-e6-fast-k4-full-20260829-w1\children\hybridzip-r2-e6-fast-k4-full-20260829-w1-fast-b32-r1\archives\64KiB\samba.hz2""","""E:\MIXER\hybridzip\build\Release\hybridzip.exe"" d ""E:\MIXER\hybridzip\results\experiments\hybridzip-r2-e6-fast-k4-full-20260829-w1\children\hybridzip-r2-e6-fast-k4-full-20260829-w1-fast-b32-r1\archives\64KiB\samba.hz2"" ""E:\MIXER\hybridzip\results\experiments\hybridzip-r2-e6-fast-k4-full-20260829-w1\children\hybridzip-r2-e6-fast-k4-full-20260829-w1-fast-b32-r1\decoded\64KiB\samba.decoded""","0","0","2026-08-29T14:44:33.7377303+08:00","COMPLETE","PASS","fast-ext=2","Complete R2 archive size; SHA-256 byte-exact roundtrip verified."
"e6-fast","fast","32","1","False","1","1","16","0","00010000","1025B343","4B1AC26C40AD4DA50312FD3B694D7E636FB768C2336FE773BC82D36424C27A4B","0:4,39:4,43:8","4","9814200","11417600","5413300","6080200","5593600,11417600,11037000,9814200","5586000,6080200,5413300,4748800","hybridzip-r2-e6-fast-k4-full-20260829-w1-fast-b32-r1","r2-fast","1","24","samba","128","inputs/128KiB/samba.bin","131072","F3B8C4AD35BC6CF21977895D6F04A22B1422605942FA5AFE35CE28B2A221D7E8","archives/128KiB/samba.hz2","48959","5FD5CB4DC6FE19124A4FC032192E135B11C9EFBA45E32FE8828A23A736A5BF24","decoded/128KiB/samba.decoded","131072","F3B8C4AD35BC6CF21977895D6F04A22B1422605942FA5AFE35CE28B2A221D7E8","0.0921047","0.0477516","5.33984375","2.02734375","5.33984375","74FF260A939B01673667723D8351AAEDB679339610009ECB23C70E373B862D9F","profile_id=2;mode=fast;block_size=32768;zstd_level=3;lzma_level=9;threads=1;process_timeout_seconds=1800","""E:\MIXER\hybridzip\build\Release\hybridzip.exe"" c --profile=r2 --r2-mode=fast --block-size=32768 --zstd-level=3 --threads=1 ""E:\MIXER\hybridzip\results\experiments\hybridzip-r2-e6-fast-k4-full-20260829-w1\children\hybridzip-r2-e6-fast-k4-full-20260829-w1-fast-b32-r1\inputs\128KiB\samba.bin"" ""E:\MIXER\hybridzip\results\experiments\hybridzip-r2-e6-fast-k4-full-20260829-w1\children\hybridzip-r2-e6-fast-k4-full-20260829-w1-fast-b32-r1\archives\128KiB\samba.hz2""","""E:\MIXER\hybridzip\build\Release\hybridzip.exe"" d ""E:\MIXER\hybridzip\results\experiments\hybridzip-r2-e6-fast-k4-full-20260829-w1\children\hybridzip-r2-e6-fast-k4-full-20260829-w1-fast-b32-r1\archives\128KiB\samba.hz2"" ""E:\MIXER\hybridzip\results\experiments\hybridzip-r2-e6-fast-k4-full-20260829-w1\children\hybridzip-r2-e6-fast-k4-full-20260829-w1-fast-b32-r1\decoded\128KiB\samba.decoded""","0","0","2026-08-29T14:44:33.9222223+08:00","COMPLETE","PASS","fast-ext=4","Complete R2 archive size; SHA-256 byte-exact roundtrip verified."
"e6-fast","fast","32","1","False","1","1","4","0","00010000","1025B343","4B1AC26C40AD4DA50312FD3B694D7E636FB768C2336FE773BC82D36424C27A4B","0:1,39:1,43:2","1","5491900","5491900","5297800","5297800","5491900","5297800","hybridzip-r2-e6-fast-k4-full-20260829-w1-fast-b32-r1","r2-fast","1","25","sao","32","inputs/32KiB/sao.bin","32768","95677430CAD4F000506BC5EE22815C3F4E13D64B477ED506B78D5D9ACFB50CCD","archives/32KiB/sao.hz2","26958","9866F14E2B2589DF827C577A5E9A24FF74742C33273C8AC716393E44C5ACD05B","decoded/32KiB/sao.decoded","32768","95677430CAD4F000506BC5EE22815C3F4E13D64B477ED506B78D5D9ACFB50CCD","0.0555268","0.0432288","5.2578125","2.02734375","5.2578125","74FF260A939B01673667723D8351AAEDB679339610009ECB23C70E373B862D9F","profile_id=2;mode=fast;block_size=32768;zstd_level=3;lzma_level=9;threads=1;process_timeout_seconds=1800","""E:\MIXER\hybridzip\build\Release\hybridzip.exe"" c --profile=r2 --r2-mode=fast --block-size=32768 --zstd-level=3 --threads=1 ""E:\MIXER\hybridzip\results\experiments\hybridzip-r2-e6-fast-k4-full-20260829-w1\children\hybridzip-r2-e6-fast-k4-full-20260829-w1-fast-b32-r1\inputs\32KiB\sao.bin"" ""E:\MIXER\hybridzip\results\experiments\hybridzip-r2-e6-fast-k4-full-20260829-w1\children\hybridzip-r2-e6-fast-k4-full-20260829-w1-fast-b32-r1\archives\32KiB\sao.hz2""","""E:\MIXER\hybridzip\build\Release\hybridzip.exe"" d ""E:\MIXER\hybridzip\results\experiments\hybridzip-r2-e6-fast-k4-full-20260829-w1\children\hybridzip-r2-e6-fast-k4-full-20260829-w1-fast-b32-r1\archives\32KiB\sao.hz2"" ""E:\MIXER\hybridzip\results\experiments\hybridzip-r2-e6-fast-k4-full-20260829-w1\children\hybridzip-r2-e6-fast-k4-full-20260829-w1-fast-b32-r1\decoded\32KiB\sao.decoded""","0","0","2026-08-29T14:44:34.1266794+08:00","COMPLETE","PASS","fast-ext=1","Complete R2 archive size; SHA-256 byte-exact roundtrip verified."
"e6-fast","fast","32","1","False","1","1","8","0","00010000","1025B343","4B1AC26C40AD4DA50312FD3B694D7E636FB768C2336FE773BC82D36424C27A4B","0:2,39:2,43:4","2","5881000","10784400","5150500","5609100","5881000,10784400","5609100,5150500","hybridzip-r2-e6-fast-k4-full-20260829-w1-fast-b32-r1","r2-fast","1","26","sao","64","inputs/64KiB/sao.bin","65536","17CBD7166A47786139F60BA33B4E771CE0154F6FA56986883D129BC23F78EBEE","archives/64KiB/sao.hz2","53993","9A59737C6BA571D468CAEE25CB51CF35AB08A95AFB5B4ED61594AD632C6A945B","decoded/64KiB/sao.decoded","65536","17CBD7166A47786139F60BA33B4E771CE0154F6FA56986883D129BC23F78EBEE","0.0549361","0.0567895","5.29296875","2.02734375","5.29296875","74FF260A939B01673667723D8351AAEDB679339610009ECB23C70E373B862D9F","profile_id=2;mode=fast;block_size=32768;zstd_level=3;lzma_level=9;threads=1;process_timeout_seconds=1800","""E:\MIXER\hybridzip\build\Release\hybridzip.exe"" c --profile=r2 --r2-mode=fast --block-size=32768 --zstd-level=3 --threads=1 ""E:\MIXER\hybridzip\results\experiments\hybridzip-r2-e6-fast-k4-full-20260829-w1\children\hybridzip-r2-e6-fast-k4-full-20260829-w1-fast-b32-r1\inputs\64KiB\sao.bin"" ""E:\MIXER\hybridzip\results\experiments\hybridzip-r2-e6-fast-k4-full-20260829-w1\children\hybridzip-r2-e6-fast-k4-full-20260829-w1-fast-b32-r1\archives\64KiB\sao.hz2""","""E:\MIXER\hybridzip\build\Release\hybridzip.exe"" d ""E:\MIXER\hybridzip\results\experiments\hybridzip-r2-e6-fast-k4-full-20260829-w1\children\hybridzip-r2-e6-fast-k4-full-20260829-w1-fast-b32-r1\archives\64KiB\sao.hz2"" ""E:\MIXER\hybridzip\results\experiments\hybridzip-r2-e6-fast-k4-full-20260829-w1\children\hybridzip-r2-e6-fast-k4-full-20260829-w1-fast-b32-r1\decoded\64KiB\sao.decoded""","0","0","2026-08-29T14:44:34.2981947+08:00","COMPLETE","PASS","fast-ext=2","Complete R2 archive size; SHA-256 byte-exact roundtrip verified."
"e6-fast","fast","32","1","False","1","1","16","0","00010000","1025B343","4B1AC26C40AD4DA50312FD3B694D7E636FB768C2336FE773BC82D36424C27A4B","0:4,39:4,43:8","4","9420800","9870200","5024100","5249200","5109700,9870200,9714000,9420800","5027100,5024100,5249200,4597400","hybridzip-r2-e6-fast-k4-full-20260829-w1-fast-b32-r1","r2-fast","1","27","sao","128","inputs/128KiB/sao.bin","131072","75E535B42DB7505118D8B19C7C42C1F49C5542ADDC9DBC13383953659F675CE0","archives/128KiB/sao.hz2","108216","9B5588BEF9A68829116DBF00B597E80F6D86EF7BE511F957390AF8085C4EF766","decoded/128KiB/sao.decoded","131072","75E535B42DB7505118D8B19C7C42C1F49C5542ADDC9DBC13383953659F675CE0","0.0735736","0.0572142","5.328125","2.02734375","5.328125","74FF260A939B01673667723D8351AAEDB679339610009ECB23C70E373B862D9F","profile_id=2;mode=fast;block_size=32768;zstd_level=3;lzma_level=9;threads=1;process_timeout_seconds=1800","""E:\MIXER\hybridzip\build\Release\hybridzip.exe"" c --profile=r2 --r2-mode=fast --block-size=32768 --zstd-level=3 --threads=1 ""E:\MIXER\hybridzip\results\experiments\hybridzip-r2-e6-fast-k4-full-20260829-w1\children\hybridzip-r2-e6-fast-k4-full-20260829-w1-fast-b32-r1\inputs\128KiB\sao.bin"" ""E:\MIXER\hybridzip\results\experiments\hybridzip-r2-e6-fast-k4-full-20260829-w1\children\hybridzip-r2-e6-fast-k4-full-20260829-w1-fast-b32-r1\archives\128KiB\sao.hz2""","""E:\MIXER\hybridzip\build\Release\hybridzip.exe"" d ""E:\MIXER\hybridzip\results\experiments\hybridzip-r2-e6-fast-k4-full-20260829-w1\children\hybridzip-r2-e6-fast-k4-full-20260829-w1-fast-b32-r1\archives\128KiB\sao.hz2"" ""E:\MIXER\hybridzip\results\experiments\hybridzip-r2-e6-fast-k4-full-20260829-w1\children\hybridzip-r2-e6-fast-k4-full-20260829-w1-fast-b32-r1\decoded\128KiB\sao.decoded""","0","0","2026-08-29T14:44:34.4826687+08:00","COMPLETE","PASS","fast-ext=4","Complete R2 archive size; SHA-256 byte-exact roundtrip verified."
"e6-fast","fast","32","1","False","1","1","4","0","00010000","1025B343","4B1AC26C40AD4DA50312FD3B694D7E636FB768C2336FE773BC82D36424C27A4B","0:1,39:1,43:2","1","5740500","5740500","5732200","5732200","5740500","5732200","hybridzip-r2-e6-fast-k4-full-20260829-w1-fast-b32-r1","r2-fast","1","28","webster","32","inputs/32KiB/webster.bin","32768","774D224695AF4057353F72602BB96CD2AFEEA059AC7737535645F11596FCA85E","archives/32KiB/webster.hz2","13777","C6BFB0873196B81170E489F34C7293A7D4D2A257E97F5E5FC20718A94D0352DD","decoded/32KiB/webster.decoded","32768","774D224695AF4057353F72602BB96CD2AFEEA059AC7737535645F11596FCA85E","0.0589386","0.0703831","5.265625","4.265625","5.265625","74FF260A939B01673667723D8351AAEDB679339610009ECB23C70E373B862D9F","profile_id=2;mode=fast;block_size=32768;zstd_level=3;lzma_level=9;threads=1;process_timeout_seconds=1800","""E:\MIXER\hybridzip\build\Release\hybridzip.exe"" c --profile=r2 --r2-mode=fast --block-size=32768 --zstd-level=3 --threads=1 ""E:\MIXER\hybridzip\results\experiments\hybridzip-r2-e6-fast-k4-full-20260829-w1\children\hybridzip-r2-e6-fast-k4-full-20260829-w1-fast-b32-r1\inputs\32KiB\webster.bin"" ""E:\MIXER\hybridzip\results\experiments\hybridzip-r2-e6-fast-k4-full-20260829-w1\children\hybridzip-r2-e6-fast-k4-full-20260829-w1-fast-b32-r1\archives\32KiB\webster.hz2""","""E:\MIXER\hybridzip\build\Release\hybridzip.exe"" d ""E:\MIXER\hybridzip\results\experiments\hybridzip-r2-e6-fast-k4-full-20260829-w1\children\hybridzip-r2-e6-fast-k4-full-20260829-w1-fast-b32-r1\archives\32KiB\webster.hz2"" ""E:\MIXER\hybridzip\results\experiments\hybridzip-r2-e6-fast-k4-full-20260829-w1\children\hybridzip-r2-e6-fast-k4-full-20260829-w1-fast-b32-r1\decoded\32KiB\webster.decoded""","0","0","2026-08-29T14:44:34.7075199+08:00","COMPLETE","PASS","fast-ext=1","Complete R2 archive size; SHA-256 byte-exact roundtrip verified."
"e6-fast","fast","32","1","False","1","1","8","0","00010000","1025B343","4B1AC26C40AD4DA50312FD3B694D7E636FB768C2336FE773BC82D36424C27A4B","0:2,39:2,43:4","2","5790700","11146100","5617200","5636500","5790700,11146100","5636500,5617200","hybridzip-r2-e6-fast-k4-full-20260829-w1-fast-b32-r1","r2-fast","1","29","webster","64","inputs/64KiB/webster.bin","65536","262258811321382F9E4F44D2184B6B7FED0336CF831446D8336C47D6CCC2B32E","archives/64KiB/webster.hz2","25310","A277BAAF3AA36462C49000EE7C3B40CEFA3B655880550E678C7B40BF2D343EF0","decoded/64KiB/webster.decoded","65536","262258811321382F9E4F44D2184B6B7FED0336CF831446D8336C47D6CCC2B32E","0.0584217","0.0517542","5.296875","4.296875","5.296875","74FF260A939B01673667723D8351AAEDB679339610009ECB23C70E373B862D9F","profile_id=2;mode=fast;block_size=32768;zstd_level=3;lzma_level=9;threads=1;process_timeout_seconds=1800","""E:\MIXER\hybridzip\build\Release\hybridzip.exe"" c --profile=r2 --r2-mode=fast --block-size=32768 --zstd-level=3 --threads=1 ""E:\MIXER\hybridzip\results\experiments\hybridzip-r2-e6-fast-k4-full-20260829-w1\children\hybridzip-r2-e6-fast-k4-full-20260829-w1-fast-b32-r1\inputs\64KiB\webster.bin"" ""E:\MIXER\hybridzip\results\experiments\hybridzip-r2-e6-fast-k4-full-20260829-w1\children\hybridzip-r2-e6-fast-k4-full-20260829-w1-fast-b32-r1\archives\64KiB\webster.hz2""","""E:\MIXER\hybridzip\build\Release\hybridzip.exe"" d ""E:\MIXER\hybridzip\results\experiments\hybridzip-r2-e6-fast-k4-full-20260829-w1\children\hybridzip-r2-e6-fast-k4-full-20260829-w1-fast-b32-r1\archives\64KiB\webster.hz2"" ""E:\MIXER\hybridzip\results\experiments\hybridzip-r2-e6-fast-k4-full-20260829-w1\children\hybridzip-r2-e6-fast-k4-full-20260829-w1-fast-b32-r1\decoded\64KiB\webster.decoded""","0","0","2026-08-29T14:44:34.9409095+08:00","COMPLETE","PASS","fast-ext=2","Complete R2 archive size; SHA-256 byte-exact roundtrip verified."
"e6-fast","fast","32","1","False","1","1","16","0","00010000","1025B343","4B1AC26C40AD4DA50312FD3B694D7E636FB768C2336FE773BC82D36424C27A4B","0:4,39:4,43:8","4","10482800","11484800","5537500","6188300","6268800,11484800,10482800,10744400","6188300,5432700,5537500,5541100","hybridzip-r2-e6-fast-k4-full-20260829-w1-fast-b32-r1","r2-fast","1","30","webster","128","inputs/128KiB/webster.bin","131072","C069C1FDCA99BC5C44F06D134CD0CDA60315DD631AA6564733B2CE0E6D59305C","archives/128KiB/webster.hz2","47763","0630886FA4CA6FE7CF2145AB69F0BE0A4B76AE05D415B4AA2599EE9FCCA23D58","decoded/128KiB/webster.decoded","131072","C069C1FDCA99BC5C44F06D134CD0CDA60315DD631AA6564733B2CE0E6D59305C","0.0754513","0.0702225","5.3515625","2.02734375","5.3515625","74FF260A939B01673667723D8351AAEDB679339610009ECB23C70E373B862D9F","profile_id=2;mode=fast;block_size=32768;zstd_level=3;lzma_level=9;threads=1;process_timeout_seconds=1800","""E:\MIXER\hybridzip\build\Release\hybridzip.exe"" c --profile=r2 --r2-mode=fast --block-size=32768 --zstd-level=3 --threads=1 ""E:\MIXER\hybridzip\results\experiments\hybridzip-r2-e6-fast-k4-full-20260829-w1\children\hybridzip-r2-e6-fast-k4-full-20260829-w1-fast-b32-r1\inputs\128KiB\webster.bin"" ""E:\MIXER\hybridzip\results\experiments\hybridzip-r2-e6-fast-k4-full-20260829-w1\children\hybridzip-r2-e6-fast-k4-full-20260829-w1-fast-b32-r1\archives\128KiB\webster.hz2""","""E:\MIXER\hybridzip\build\Release\hybridzip.exe"" d ""E:\MIXER\hybridzip\results\experiments\hybridzip-r2-e6-fast-k4-full-20260829-w1\children\hybridzip-r2-e6-fast-k4-full-20260829-w1-fast-b32-r1\archives\128KiB\webster.hz2"" ""E:\MIXER\hybridzip\results\experiments\hybridzip-r2-e6-fast-k4-full-20260829-w1\children\hybridzip-r2-e6-fast-k4-full-20260829-w1-fast-b32-r1\decoded\128KiB\webster.decoded""","0","0","2026-08-29T14:44:35.1540577+08:00","COMPLETE","PASS","fast-ext=4","Complete R2 archive size; SHA-256 byte-exact roundtrip verified."
"e6-fast","fast","32","1","False","1","1","4","0","00010000","1025B343","4B1AC26C40AD4DA50312FD3B694D7E636FB768C2336FE773BC82D36424C27A4B","0:1,39:1,43:2","1","5254400","5254400","5093500","5093500","5254400","5093500","hybridzip-r2-e6-fast-k4-full-20260829-w1-fast-b32-r1","r2-fast","1","31","x-ray","32","inputs/32KiB/x-ray.bin","32768","10511AA63DFBD9C0DDBFEFE36068740103D4BA1116E214154A0772057D7E9314","archives/32KiB/x-ray.hz2","18333","98E1D7A77EBCA9C377E0C0D0FE80C5DC2977243C3B26E9143E93D8AAE5114D00","decoded/32KiB/x-ray.decoded","32768","10511AA63DFBD9C0DDBFEFE36068740103D4BA1116E214154A0772057D7E9314","0.0524772","0.0567603","2.02734375","2.0234375","2.02734375","74FF260A939B01673667723D8351AAEDB679339610009ECB23C70E373B862D9F","profile_id=2;mode=fast;block_size=32768;zstd_level=3;lzma_level=9;threads=1;process_timeout_seconds=1800","""E:\MIXER\hybridzip\build\Release\hybridzip.exe"" c --profile=r2 --r2-mode=fast --block-size=32768 --zstd-level=3 --threads=1 ""E:\MIXER\hybridzip\results\experiments\hybridzip-r2-e6-fast-k4-full-20260829-w1\children\hybridzip-r2-e6-fast-k4-full-20260829-w1-fast-b32-r1\inputs\32KiB\x-ray.bin"" ""E:\MIXER\hybridzip\results\experiments\hybridzip-r2-e6-fast-k4-full-20260829-w1\children\hybridzip-r2-e6-fast-k4-full-20260829-w1-fast-b32-r1\archives\32KiB\x-ray.hz2""","""E:\MIXER\hybridzip\build\Release\hybridzip.exe"" d ""E:\MIXER\hybridzip\results\experiments\hybridzip-r2-e6-fast-k4-full-20260829-w1\children\hybridzip-r2-e6-fast-k4-full-20260829-w1-fast-b32-r1\archives\32KiB\x-ray.hz2"" ""E:\MIXER\hybridzip\results\experiments\hybridzip-r2-e6-fast-k4-full-20260829-w1\children\hybridzip-r2-e6-fast-k4-full-20260829-w1-fast-b32-r1\decoded\32KiB\x-ray.decoded""","0","0","2026-08-29T14:44:35.4055517+08:00","COMPLETE","PASS","fast-ext=1","Complete R2 archive size; SHA-256 byte-exact roundtrip verified."
"e6-fast","fast","32","1","False","1","1","8","0","00010000","1025B343","4B1AC26C40AD4DA50312FD3B694D7E636FB768C2336FE773BC82D36424C27A4B","0:2,39:2,43:4","2","4764400","9297200","4758300","4789100","4764400,9297200","4758300,4789100","hybridzip-r2-e6-fast-k4-full-20260829-w1-fast-b32-r1","r2-fast","1","32","x-ray","64","inputs/64KiB/x-ray.bin","65536","B5A07146616BCD7C2D10071D41E07D204DE0AC629C4CA37D8E867FF00574D0D8","archives/64KiB/x-ray.hz2","36656","8FA54EDD678FBABEB946F8C5DE2812AB7CC3EAB0B98999FC86990B99B0F2F494","decoded/64KiB/x-ray.decoded","65536","B5A07146616BCD7C2D10071D41E07D204DE0AC629C4CA37D8E867FF00574D0D8","0.065989","0.0521323","5.30859375","2.02734375","5.30859375","74FF260A939B01673667723D8351AAEDB679339610009ECB23C70E373B862D9F","profile_id=2;mode=fast;block_size=32768;zstd_level=3;lzma_level=9;threads=1;process_timeout_seconds=1800","""E:\MIXER\hybridzip\build\Release\hybridzip.exe"" c --profile=r2 --r2-mode=fast --block-size=32768 --zstd-level=3 --threads=1 ""E:\MIXER\hybridzip\results\experiments\hybridzip-r2-e6-fast-k4-full-20260829-w1\children\hybridzip-r2-e6-fast-k4-full-20260829-w1-fast-b32-r1\inputs\64KiB\x-ray.bin"" ""E:\MIXER\hybridzip\results\experiments\hybridzip-r2-e6-fast-k4-full-20260829-w1\children\hybridzip-r2-e6-fast-k4-full-20260829-w1-fast-b32-r1\archives\64KiB\x-ray.hz2""","""E:\MIXER\hybridzip\build\Release\hybridzip.exe"" d ""E:\MIXER\hybridzip\results\experiments\hybridzip-r2-e6-fast-k4-full-20260829-w1\children\hybridzip-r2-e6-fast-k4-full-20260829-w1-fast-b32-r1\archives\64KiB\x-ray.hz2"" ""E:\MIXER\hybridzip\results\experiments\hybridzip-r2-e6-fast-k4-full-20260829-w1\children\hybridzip-r2-e6-fast-k4-full-20260829-w1-fast-b32-r1\decoded\64KiB\x-ray.decoded""","0","0","2026-08-29T14:44:35.6058577+08:00","COMPLETE","PASS","fast-ext=2","Complete R2 archive size; SHA-256 byte-exact roundtrip verified."
"e6-fast","fast","32","1","False","1","1","16","0","00010000","1025B343","4B1AC26C40AD4DA50312FD3B694D7E636FB768C2336FE773BC82D36424C27A4B","0:4,39:4,43:8","4","9041800","9591100","4646600","5059500","5199700,9591100,9041800,9110400","5059500,4646600,4872100,4522000","hybridzip-r2-e6-fast-k4-full-20260829-w1-fast-b32-r1","r2-fast","1","33","x-ray","128","inputs/128KiB/x-ray.bin","131072","7A65B793FB2A694C20686275A899B304445473528F7C998BE26F8C68EB18F76E","archives/128KiB/x-ray.hz2","73361","83B8B676F210E734DDB368A81233AFD9296356AAE1F5568C73B64E9C0F7DC602","decoded/128KiB/x-ray.decoded","131072","7A65B793FB2A694C20686275A899B304445473528F7C998BE26F8C68EB18F76E","0.0711607","0.0517318","5.3515625","2.51171875","5.3515625","74FF260A939B01673667723D8351AAEDB679339610009ECB23C70E373B862D9F","profile_id=2;mode=fast;block_size=32768;zstd_level=3;lzma_level=9;threads=1;process_timeout_seconds=1800","""E:\MIXER\hybridzip\build\Release\hybridzip.exe"" c --profile=r2 --r2-mode=fast --block-size=32768 --zstd-level=3 --threads=1 ""E:\MIXER\hybridzip\results\experiments\hybridzip-r2-e6-fast-k4-full-20260829-w1\children\hybridzip-r2-e6-fast-k4-full-20260829-w1-fast-b32-r1\inputs\128KiB\x-ray.bin"" ""E:\MIXER\hybridzip\results\experiments\hybridzip-r2-e6-fast-k4-full-20260829-w1\children\hybridzip-r2-e6-fast-k4-full-20260829-w1-fast-b32-r1\archives\128KiB\x-ray.hz2""","""E:\MIXER\hybridzip\build\Release\hybridzip.exe"" d ""E:\MIXER\hybridzip\results\experiments\hybridzip-r2-e6-fast-k4-full-20260829-w1\children\hybridzip-r2-e6-fast-k4-full-20260829-w1-fast-b32-r1\archives\128KiB\x-ray.hz2"" ""E:\MIXER\hybridzip\results\experiments\hybridzip-r2-e6-fast-k4-full-20260829-w1\children\hybridzip-r2-e6-fast-k4-full-20260829-w1-fast-b32-r1\decoded\128KiB\x-ray.decoded""","0","0","2026-08-29T14:44:35.8256956+08:00","COMPLETE","PASS","fast-ext=4","Complete R2 archive size; SHA-256 byte-exact roundtrip verified."
"e6-fast","fast","32","1","False","1","1","4","0","00010000","1025B343","4B1AC26C40AD4DA50312FD3B694D7E636FB768C2336FE773BC82D36424C27A4B","0:1,39:1,43:2","1","4833200","4833200","4825700","4825700","4833200","4825700","hybridzip-r2-e6-fast-k4-full-20260829-w1-fast-b32-r1","r2-fast","1","34","xml","32","inputs/32KiB/xml.bin","32768","C2F7F129956F8D6FC3D0E3595D93F98D5270B6F5BC4AB5E70F45867822EFDD71","archives/32KiB/xml.hz2","3482","56F41DBDDA90FC3592677AFFC82010F6A6A7A6C4C20822D14EA66068FF071D40","decoded/32KiB/xml.decoded","32768","C2F7F129956F8D6FC3D0E3595D93F98D5270B6F5BC4AB5E70F45867822EFDD71","0.0667495","0.0504653","2.51171875","2.9453125","2.9453125","74FF260A939B01673667723D8351AAEDB679339610009ECB23C70E373B862D9F","profile_id=2;mode=fast;block_size=32768;zstd_level=3;lzma_level=9;threads=1;process_timeout_seconds=1800","""E:\MIXER\hybridzip\build\Release\hybridzip.exe"" c --profile=r2 --r2-mode=fast --block-size=32768 --zstd-level=3 --threads=1 ""E:\MIXER\hybridzip\results\experiments\hybridzip-r2-e6-fast-k4-full-20260829-w1\children\hybridzip-r2-e6-fast-k4-full-20260829-w1-fast-b32-r1\inputs\32KiB\xml.bin"" ""E:\MIXER\hybridzip\results\experiments\hybridzip-r2-e6-fast-k4-full-20260829-w1\children\hybridzip-r2-e6-fast-k4-full-20260829-w1-fast-b32-r1\archives\32KiB\xml.hz2""","""E:\MIXER\hybridzip\build\Release\hybridzip.exe"" d ""E:\MIXER\hybridzip\results\experiments\hybridzip-r2-e6-fast-k4-full-20260829-w1\children\hybridzip-r2-e6-fast-k4-full-20260829-w1-fast-b32-r1\archives\32KiB\xml.hz2"" ""E:\MIXER\hybridzip\results\experiments\hybridzip-r2-e6-fast-k4-full-20260829-w1\children\hybridzip-r2-e6-fast-k4-full-20260829-w1-fast-b32-r1\decoded\32KiB\xml.decoded""","0","0","2026-08-29T14:44:36.0427101+08:00","COMPLETE","PASS","fast-ext=1","Complete R2 archive size; SHA-256 byte-exact roundtrip verified."
"e6-fast","fast","32","1","False","1","1","8","0","00010000","1025B343","4B1AC26C40AD4DA50312FD3B694D7E636FB768C2336FE773BC82D36424C27A4B","0:2,39:2,43:4","2","4680300","9159300","4673100","4770400","4680300,9159300","4673100,4770400","hybridzip-r2-e6-fast-k4-full-20260829-w1-fast-b32-r1","r2-fast","1","35","xml","64","inputs/64KiB/xml.bin","65536","E32AFF2BEBF00105A17DD57F5490C1986D17543CEE837B42EB56B3E0E6F8E7F1","archives/64KiB/xml.hz2","6827","8DDDD1AEEF016C75C29D9E9A103910A372201C3ED68CEC6F431976EF7FC24011","decoded/64KiB/xml.decoded","65536","E32AFF2BEBF00105A17DD57F5490C1986D17543CEE837B42EB56B3E0E6F8E7F1","0.0563213","0.0531442","2.02734375","4.5","4.5","74FF260A939B01673667723D8351AAEDB679339610009ECB23C70E373B862D9F","profile_id=2;mode=fast;block_size=32768;zstd_level=3;lzma_level=9;threads=1;process_timeout_seconds=1800","""E:\MIXER\hybridzip\build\Release\hybridzip.exe"" c --profile=r2 --r2-mode=fast --block-size=32768 --zstd-level=3 --threads=1 ""E:\MIXER\hybridzip\results\experiments\hybridzip-r2-e6-fast-k4-full-20260829-w1\children\hybridzip-r2-e6-fast-k4-full-20260829-w1-fast-b32-r1\inputs\64KiB\xml.bin"" ""E:\MIXER\hybridzip\results\experiments\hybridzip-r2-e6-fast-k4-full-20260829-w1\children\hybridzip-r2-e6-fast-k4-full-20260829-w1-fast-b32-r1\archives\64KiB\xml.hz2""","""E:\MIXER\hybridzip\build\Release\hybridzip.exe"" d ""E:\MIXER\hybridzip\results\experiments\hybridzip-r2-e6-fast-k4-full-20260829-w1\children\hybridzip-r2-e6-fast-k4-full-20260829-w1-fast-b32-r1\archives\64KiB\xml.hz2"" ""E:\MIXER\hybridzip\results\experiments\hybridzip-r2-e6-fast-k4-full-20260829-w1\children\hybridzip-r2-e6-fast-k4-full-20260829-w1-fast-b32-r1\decoded\64KiB\xml.decoded""","0","0","2026-08-29T14:44:36.2674028+08:00","COMPLETE","PASS","fast-ext=2","Complete R2 archive size; SHA-256 byte-exact roundtrip verified."
"e6-fast","fast","32","1","False","1","1","16","0","00010000","1025B343","4B1AC26C40AD4DA50312FD3B694D7E636FB768C2336FE773BC82D36424C27A4B","0:4,39:4,43:8","4","8150600","9053500","4341700","4708800","4764500,9053500,8489300,8150600","4708800,4523100,4341700,4195300","hybridzip-r2-e6-fast-k4-full-20260829-w1-fast-b32-r1","r2-fast","1","36","xml","128","inputs/128KiB/xml.bin","131072","5FA29C746885F2EEB98734218475915A78092CCB3B0F68B08861EE210E5B6E25","archives/128KiB/xml.hz2","13794","9195949679C3C831794F96003D0A375D084A314668FFAF2884E37AA7D8744A73","decoded/128KiB/xml.decoded","131072","5FA29C746885F2EEB98734218475915A78092CCB3B0F68B08861EE210E5B6E25","0.0625331","0.049848","2.02734375","3.83984375","3.83984375","74FF260A939B01673667723D8351AAEDB679339610009ECB23C70E373B862D9F","profile_id=2;mode=fast;block_size=32768;zstd_level=3;lzma_level=9;threads=1;process_timeout_seconds=1800","""E:\MIXER\hybridzip\build\Release\hybridzip.exe"" c --profile=r2 --r2-mode=fast --block-size=32768 --zstd-level=3 --threads=1 ""E:\MIXER\hybridzip\results\experiments\hybridzip-r2-e6-fast-k4-full-20260829-w1\children\hybridzip-r2-e6-fast-k4-full-20260829-w1-fast-b32-r1\inputs\128KiB\xml.bin"" ""E:\MIXER\hybridzip\results\experiments\hybridzip-r2-e6-fast-k4-full-20260829-w1\children\hybridzip-r2-e6-fast-k4-full-20260829-w1-fast-b32-r1\archives\128KiB\xml.hz2""","""E:\MIXER\hybridzip\build\Release\hybridzip.exe"" d ""E:\MIXER\hybridzip\results\experiments\hybridzip-r2-e6-fast-k4-full-20260829-w1\children\hybridzip-r2-e6-fast-k4-full-20260829-w1-fast-b32-r1\archives\128KiB\xml.hz2"" ""E:\MIXER\hybridzip\results\experiments\hybridzip-r2-e6-fast-k4-full-20260829-w1\children\hybridzip-r2-e6-fast-k4-full-20260829-w1-fast-b32-r1\decoded\128KiB\xml.decoded""","0","0","2026-08-29T14:44:36.4836838+08:00","COMPLETE","PASS","fast-ext=4","Complete R2 archive size; SHA-256 byte-exact roundtrip verified."
"e6-fast","fast","32","2","False","1","1","4","0","00010000","1025B343","4B1AC26C40AD4DA50312FD3B694D7E636FB768C2336FE773BC82D36424C27A4B","0:1,39:1,43:2","1","5691200","5691200","5681500","5681500","5691200","5681500","hybridzip-r2-e6-fast-k4-full-20260829-w1-fast-b32-r2","r2-fast","1","1","dickens","32","inputs/32KiB/dickens.bin","32768","FC42DCB9849222C8704C9DCAE606D075B389B66244FB215035148D6409EC0B31","archives/32KiB/dickens.hz2","14204","84C64B0BA4703663A91F3B007AF2F41B20CFF55C0458B294CCA26DC7E6D92C03","decoded/32KiB/dickens.decoded","32768","FC42DCB9849222C8704C9DCAE606D075B389B66244FB215035148D6409EC0B31","0.0588205","0.0559105","2.02734375","2.02734375","2.02734375","74FF260A939B01673667723D8351AAEDB679339610009ECB23C70E373B862D9F","profile_id=2;mode=fast;block_size=32768;zstd_level=3;lzma_level=9;threads=1;process_timeout_seconds=1800","""E:\MIXER\hybridzip\build\Release\hybridzip.exe"" c --profile=r2 --r2-mode=fast --block-size=32768 --zstd-level=3 --threads=1 ""E:\MIXER\hybridzip\results\experiments\hybridzip-r2-e6-fast-k4-full-20260829-w1\children\hybridzip-r2-e6-fast-k4-full-20260829-w1-fast-b32-r2\inputs\32KiB\dickens.bin"" ""E:\MIXER\hybridzip\results\experiments\hybridzip-r2-e6-fast-k4-full-20260829-w1\children\hybridzip-r2-e6-fast-k4-full-20260829-w1-fast-b32-r2\archives\32KiB\dickens.hz2""","""E:\MIXER\hybridzip\build\Release\hybridzip.exe"" d ""E:\MIXER\hybridzip\results\experiments\hybridzip-r2-e6-fast-k4-full-20260829-w1\children\hybridzip-r2-e6-fast-k4-full-20260829-w1-fast-b32-r2\archives\32KiB\dickens.hz2"" ""E:\MIXER\hybridzip\results\experiments\hybridzip-r2-e6-fast-k4-full-20260829-w1\children\hybridzip-r2-e6-fast-k4-full-20260829-w1-fast-b32-r2\decoded\32KiB\dickens.decoded""","0","0","2026-08-29T14:44:37.9673782+08:00","COMPLETE","PASS","fast-ext=1","Complete R2 archive size; SHA-256 byte-exact roundtrip verified."
"e6-fast","fast","32","2","False","1","1","8","0","00010000","1025B343","4B1AC26C40AD4DA50312FD3B694D7E636FB768C2336FE773BC82D36424C27A4B","0:2,39:2,43:4","2","7568500","13367600","6078600","7550400","7568500,13367600","7550400,6078600","hybridzip-r2-e6-fast-k4-full-20260829-w1-fast-b32-r2","r2-fast","1","2","dickens","64","inputs/64KiB/dickens.bin","65536","134AD989A7B8B40C900A3B9C0F4895317DFD827D9E6E933895B08D2F4A8A8293","archives/64KiB/dickens.hz2","28111","34E6A0BD4BC3DE883E685A21F7A2DE5E97D14CA78B66575DB7670E676C7FA5C9","decoded/64KiB/dickens.decoded","65536","134AD989A7B8B40C900A3B9C0F4895317DFD827D9E6E933895B08D2F4A8A8293","0.0648963","0.0412364","5.29296875","2.02734375","5.29296875","74FF260A939B01673667723D8351AAEDB679339610009ECB23C70E373B862D9F","profile_id=2;mode=fast;block_size=32768;zstd_level=3;lzma_level=9;threads=1;process_timeout_seconds=1800","""E:\MIXER\hybridzip\build\Release\hybridzip.exe"" c --profile=r2 --r2-mode=fast --block-size=32768 --zstd-level=3 --threads=1 ""E:\MIXER\hybridzip\results\experiments\hybridzip-r2-e6-fast-k4-full-20260829-w1\children\hybridzip-r2-e6-fast-k4-full-20260829-w1-fast-b32-r2\inputs\64KiB\dickens.bin"" ""E:\MIXER\hybridzip\results\experiments\hybridzip-r2-e6-fast-k4-full-20260829-w1\children\hybridzip-r2-e6-fast-k4-full-20260829-w1-fast-b32-r2\archives\64KiB\dickens.hz2""","""E:\MIXER\hybridzip\build\Release\hybridzip.exe"" d ""E:\MIXER\hybridzip\results\experiments\hybridzip-r2-e6-fast-k4-full-20260829-w1\children\hybridzip-r2-e6-fast-k4-full-20260829-w1-fast-b32-r2\archives\64KiB\dickens.hz2"" ""E:\MIXER\hybridzip\results\experiments\hybridzip-r2-e6-fast-k4-full-20260829-w1\children\hybridzip-r2-e6-fast-k4-full-20260829-w1-fast-b32-r2\decoded\64KiB\dickens.decoded""","0","0","2026-08-29T14:44:38.1414928+08:00","COMPLETE","PASS","fast-ext=2","Complete R2 archive size; SHA-256 byte-exact roundtrip verified."
"e6-fast","fast","32","2","False","1","1","16","0","00010000","1025B343","4B1AC26C40AD4DA50312FD3B694D7E636FB768C2336FE773BC82D36424C27A4B","0:4,39:4,43:8","4","10726000","12079800","5749000","6119100","6224500,12079800,11337000,10726000","6119100,6097600,5749000,5408500","hybridzip-r2-e6-fast-k4-full-20260829-w1-fast-b32-r2","r2-fast","1","3","dickens","128","inputs/128KiB/dickens.bin","131072","20E33FCC8FAA96DC32A2D0921115C0F363E64C598A5847CE1A3876E356D59872","archives/128KiB/dickens.hz2","55704","2D712EDE702CB8C81F6189532D5D198512ECD2A0DCFB0E19BFBF935E5BE0EDA3","decoded/128KiB/dickens.decoded","131072","20E33FCC8FAA96DC32A2D0921115C0F363E64C598A5847CE1A3876E356D59872","0.081757","0.0526488","5.3984375","2.02734375","5.3984375","74FF260A939B01673667723D8351AAEDB679339610009ECB23C70E373B862D9F","profile_id=2;mode=fast;block_size=32768;zstd_level=3;lzma_level=9;threads=1;process_timeout_seconds=1800","""E:\MIXER\hybridzip\build\Release\hybridzip.exe"" c --profile=r2 --r2-mode=fast --block-size=32768 --zstd-level=3 --threads=1 ""E:\MIXER\hybridzip\results\experiments\hybridzip-r2-e6-fast-k4-full-20260829-w1\children\hybridzip-r2-e6-fast-k4-full-20260829-w1-fast-b32-r2\inputs\128KiB\dickens.bin"" ""E:\MIXER\hybridzip\results\experiments\hybridzip-r2-e6-fast-k4-full-20260829-w1\children\hybridzip-r2-e6-fast-k4-full-20260829-w1-fast-b32-r2\archives\128KiB\dickens.hz2""","""E:\MIXER\hybridzip\build\Release\hybridzip.exe"" d ""E:\MIXER\hybridzip\results\experiments\hybridzip-r2-e6-fast-k4-full-20260829-w1\children\hybridzip-r2-e6-fast-k4-full-20260829-w1-fast-b32-r2\archives\128KiB\dickens.hz2"" ""E:\MIXER\hybridzip\results\experiments\hybridzip-r2-e6-fast-k4-full-20260829-w1\children\hybridzip-r2-e6-fast-k4-full-20260829-w1-fast-b32-r2\decoded\128KiB\dickens.decoded""","0","0","2026-08-29T14:44:38.3209445+08:00","COMPLETE","PASS","fast-ext=4","Complete R2 archive size; SHA-256 byte-exact roundtrip verified."
"e6-fast","fast","32","2","False","1","1","4","0","00010000","1025B343","4B1AC26C40AD4DA50312FD3B694D7E636FB768C2336FE773BC82D36424C27A4B","0:1,39:1,43:2","1","7871900","7871900","7616000","7616000","7871900","7616000","hybridzip-r2-e6-fast-k4-full-20260829-w1-fast-b32-r2","r2-fast","1","4","mozilla","32","inputs/32KiB/mozilla.bin","32768","9DDEEF36CA0CA55B72FE3376D005926DFF3400A2ADE6EAE18482D8017D8645DB","archives/32KiB/mozilla.hz2","11271","4CD226F53512BD2FDCC6A275218620CD82E584E48F1518CE021243B6B4F3F00E","decoded/32KiB/mozilla.decoded","32768","9DDEEF36CA0CA55B72FE3376D005926DFF3400A2ADE6EAE18482D8017D8645DB","0.0562277","0.0455874","5.25390625","2.02734375","5.25390625","74FF260A939B01673667723D8351AAEDB679339610009ECB23C70E373B862D9F","profile_id=2;mode=fast;block_size=32768;zstd_level=3;lzma_level=9;threads=1;process_timeout_seconds=1800","""E:\MIXER\hybridzip\build\Release\hybridzip.exe"" c --profile=r2 --r2-mode=fast --block-size=32768 --zstd-level=3 --threads=1 ""E:\MIXER\hybridzip\results\experiments\hybridzip-r2-e6-fast-k4-full-20260829-w1\children\hybridzip-r2-e6-fast-k4-full-20260829-w1-fast-b32-r2\inputs\32KiB\mozilla.bin"" ""E:\MIXER\hybridzip\results\experiments\hybridzip-r2-e6-fast-k4-full-20260829-w1\children\hybridzip-r2-e6-fast-k4-full-20260829-w1-fast-b32-r2\archives\32KiB\mozilla.hz2""","""E:\MIXER\hybridzip\build\Release\hybridzip.exe"" d ""E:\MIXER\hybridzip\results\experiments\hybridzip-r2-e6-fast-k4-full-20260829-w1\children\hybridzip-r2-e6-fast-k4-full-20260829-w1-fast-b32-r2\archives\32KiB\mozilla.hz2"" ""E:\MIXER\hybridzip\results\experiments\hybridzip-r2-e6-fast-k4-full-20260829-w1\children\hybridzip-r2-e6-fast-k4-full-20260829-w1-fast-b32-r2\decoded\32KiB\mozilla.decoded""","0","0","2026-08-29T14:44:38.5297495+08:00","COMPLETE","PASS","fast-ext=1","Complete R2 archive size; SHA-256 byte-exact roundtrip verified."
"e6-fast","fast","32","2","False","1","1","8","0","00010000","1025B343","4B1AC26C40AD4DA50312FD3B694D7E636FB768C2336FE773BC82D36424C27A4B","0:2,39:2,43:4","2","8742600","15869900","7418100","8390100","8742600,15869900","8390100,7418100","hybridzip-r2-e6-fast-k4-full-20260829-w1-fast-b32-r2","r2-fast","1","5","mozilla","64","inputs/64KiB/mozilla.bin","65536","B0050240663F54371D372303EEABA0A59AB0758BCD565F4F639D06561E6BC996","archives/64KiB/mozilla.hz2","18132","61FC418B7B61A467CC526681DA499F3383A5FC1E13D9BE62BC2D38B589090715","decoded/64KiB/mozilla.decoded","65536","B0050240663F54371D372303EEABA0A59AB0758BCD565F4F639D06561E6BC996","0.065353","0.0556872","5.28125","2.02734375","5.28125","74FF260A939B01673667723D8351AAEDB679339610009ECB23C70E373B862D9F","profile_id=2;mode=fast;block_size=32768;zstd_level=3;lzma_level=9;threads=1;process_timeout_seconds=1800","""E:\MIXER\hybridzip\build\Release\hybridzip.exe"" c --profile=r2 --r2-mode=fast --block-size=32768 --zstd-level=3 --threads=1 ""E:\MIXER\hybridzip\results\experiments\hybridzip-r2-e6-fast-k4-full-20260829-w1\children\hybridzip-r2-e6-fast-k4-full-20260829-w1-fast-b32-r2\inputs\64KiB\mozilla.bin"" ""E:\MIXER\hybridzip\results\experiments\hybridzip-r2-e6-fast-k4-full-20260829-w1\children\hybridzip-r2-e6-fast-k4-full-20260829-w1-fast-b32-r2\archives\64KiB\mozilla.hz2""","""E:\MIXER\hybridzip\build\Release\hybridzip.exe"" d ""E:\MIXER\hybridzip\results\experiments\hybridzip-r2-e6-fast-k4-full-20260829-w1\children\hybridzip-r2-e6-fast-k4-full-20260829-w1-fast-b32-r2\archives\64KiB\mozilla.hz2"" ""E:\MIXER\hybridzip\results\experiments\hybridzip-r2-e6-fast-k4-full-20260829-w1\children\hybridzip-r2-e6-fast-k4-full-20260829-w1-fast-b32-r2\decoded\64KiB\mozilla.decoded""","0","0","2026-08-29T14:44:38.6968476+08:00","COMPLETE","PASS","fast-ext=2","Complete R2 archive size; SHA-256 byte-exact roundtrip verified."
"e6-fast","fast","32","2","False","1","1","16","0","00010000","1025B343","4B1AC26C40AD4DA50312FD3B694D7E636FB768C2336FE773BC82D36424C27A4B","0:4,39:4,43:8","4","9131100","14088400","5590000","7218200","7388200,14088400,11999100,9131100","7218200,6970200,5590000,3934800","hybridzip-r2-e6-fast-k4-full-20260829-w1-fast-b32-r2","r2-fast","1","6","mozilla","128","inputs/128KiB/mozilla.bin","131072","85CDBEA98382DB12E9A21FF90E1907452712D074000A6B855D2CA215FA591EB4","archives/128KiB/mozilla.hz2","27190","EDDDC93BB254A54A1F030848D260325EC8333DD6EC6AFEBB986B9721F8DA1195","decoded/128KiB/mozilla.decoded","131072","85CDBEA98382DB12E9A21FF90E1907452712D074000A6B855D2CA215FA591EB4","0.0847018","0.057503","5.3359375","2.02734375","5.3359375","74FF260A939B01673667723D8351AAEDB679339610009ECB23C70E373B862D9F","profile_id=2;mode=fast;block_size=32768;zstd_level=3;lzma_level=9;threads=1;process_timeout_seconds=1800","""E:\MIXER\hybridzip\build\Release\hybridzip.exe"" c --profile=r2 --r2-mode=fast --block-size=32768 --zstd-level=3 --threads=1 ""E:\MIXER\hybridzip\results\experiments\hybridzip-r2-e6-fast-k4-full-20260829-w1\children\hybridzip-r2-e6-fast-k4-full-20260829-w1-fast-b32-r2\inputs\128KiB\mozilla.bin"" ""E:\MIXER\hybridzip\results\experiments\hybridzip-r2-e6-fast-k4-full-20260829-w1\children\hybridzip-r2-e6-fast-k4-full-20260829-w1-fast-b32-r2\archives\128KiB\mozilla.hz2""","""E:\MIXER\hybridzip\build\Release\hybridzip.exe"" d ""E:\MIXER\hybridzip\results\experiments\hybridzip-r2-e6-fast-k4-full-20260829-w1\children\hybridzip-r2-e6-fast-k4-full-20260829-w1-fast-b32-r2\archives\128KiB\mozilla.hz2"" ""E:\MIXER\hybridzip\results\experiments\hybridzip-r2-e6-fast-k4-full-20260829-w1\children\hybridzip-r2-e6-fast-k4-full-20260829-w1-fast-b32-r2\decoded\128KiB\mozilla.decoded""","0","0","2026-08-29T14:44:38.8823679+08:00","COMPLETE","PASS","fast-ext=4","Complete R2 archive size; SHA-256 byte-exact roundtrip verified."
"e6-fast","fast","32","2","False","1","1","4","0","00010000","1025B343","4B1AC26C40AD4DA50312FD3B694D7E636FB768C2336FE773BC82D36424C27A4B","0:1,39:1,43:2","1","7705800","7705800","7661000","7661000","7705800","7661000","hybridzip-r2-e6-fast-k4-full-20260829-w1-fast-b32-r2","r2-fast","1","7","mr","32","inputs/32KiB/mr.bin","32768","3BB287B0AF65F777AB00C14E362B4D1962087260556001BBEE0689AA10D9F76A","archives/32KiB/mr.hz2","8048","1714DBB5BB3CCAA1E4937B66A0FCB3167C72C9249EFBC13D3504240A49B144C4","decoded/32KiB/mr.decoded","32768","3BB287B0AF65F777AB00C14E362B4D1962087260556001BBEE0689AA10D9F76A","0.0554252","0.057328","2.02734375","2.02734375","2.02734375","74FF260A939B01673667723D8351AAEDB679339610009ECB23C70E373B862D9F","profile_id=2;mode=fast;block_size=32768;zstd_level=3;lzma_level=9;threads=1;process_timeout_seconds=1800","""E:\MIXER\hybridzip\build\Release\hybridzip.exe"" c --profile=r2 --r2-mode=fast --block-size=32768 --zstd-level=3 --threads=1 ""E:\MIXER\hybridzip\results\experiments\hybridzip-r2-e6-fast-k4-full-20260829-w1\children\hybridzip-r2-e6-fast-k4-full-20260829-w1-fast-b32-r2\inputs\32KiB\mr.bin"" ""E:\MIXER\hybridzip\results\experiments\hybridzip-r2-e6-fast-k4-full-20260829-w1\children\hybridzip-r2-e6-fast-k4-full-20260829-w1-fast-b32-r2\archives\32KiB\mr.hz2""","""E:\MIXER\hybridzip\build\Release\hybridzip.exe"" d ""E:\MIXER\hybridzip\results\experiments\hybridzip-r2-e6-fast-k4-full-20260829-w1\children\hybridzip-r2-e6-fast-k4-full-20260829-w1-fast-b32-r2\archives\32KiB\mr.hz2"" ""E:\MIXER\hybridzip\results\experiments\hybridzip-r2-e6-fast-k4-full-20260829-w1\children\hybridzip-r2-e6-fast-k4-full-20260829-w1-fast-b32-r2\decoded\32KiB\mr.decoded""","0","0","2026-08-29T14:44:39.0975137+08:00","COMPLETE","PASS","fast-ext=1","Complete R2 archive size; SHA-256 byte-exact roundtrip verified."
"e6-fast","fast","32","2","False","1","1","8","0","00010000","1025B343","4B1AC26C40AD4DA50312FD3B694D7E636FB768C2336FE773BC82D36424C27A4B","0:2,39:2,43:4","2","7359500","13627700","6529600","7357800","7359500,13627700","7357800,6529600","hybridzip-r2-e6-fast-k4-full-20260829-w1-fast-b32-r2","r2-fast","1","8","mr","64","inputs/64KiB/mr.bin","65536","CAB7B6408934009A4BBFEDB57BEB4943BF5478CF8B3688D01F004E0422EBC651","archives/64KiB/mr.hz2","14495","F1D6F80CD8AD1A917E0037C6BBED5E0FB6DC71BD73C0279166F5E166D834F75D","decoded/64KiB/mr.decoded","65536","CAB7B6408934009A4BBFEDB57BEB4943BF5478CF8B3688D01F004E0422EBC651","0.0672217","0.0436489","5.31640625","2.02734375","5.31640625","74FF260A939B01673667723D8351AAEDB679339610009ECB23C70E373B862D9F","profile_id=2;mode=fast;block_size=32768;zstd_level=3;lzma_level=9;threads=1;process_timeout_seconds=1800","""E:\MIXER\hybridzip\build\Release\hybridzip.exe"" c --profile=r2 --r2-mode=fast --block-size=32768 --zstd-level=3 --threads=1 ""E:\MIXER\hybridzip\results\experiments\hybridzip-r2-e6-fast-k4-full-20260829-w1\children\hybridzip-r2-e6-fast-k4-full-20260829-w1-fast-b32-r2\inputs\64KiB\mr.bin"" ""E:\MIXER\hybridzip\results\experiments\hybridzip-r2-e6-fast-k4-full-20260829-w1\children\hybridzip-r2-e6-fast-k4-full-20260829-w1-fast-b32-r2\archives\64KiB\mr.hz2""","""E:\MIXER\hybridzip\build\Release\hybridzip.exe"" d ""E:\MIXER\hybridzip\results\experiments\hybridzip-r2-e6-fast-k4-full-20260829-w1\children\hybridzip-r2-e6-fast-k4-full-20260829-w1-fast-b32-r2\archives\64KiB\mr.hz2"" ""E:\MIXER\hybridzip\results\experiments\hybridzip-r2-e6-fast-k4-full-20260829-w1\children\hybridzip-r2-e6-fast-k4-full-20260829-w1-fast-b32-r2\decoded\64KiB\mr.decoded""","0","0","2026-08-29T14:44:39.2814872+08:00","COMPLETE","PASS","fast-ext=2","Complete R2 archive size; SHA-256 byte-exact roundtrip verified."
"e6-fast","fast","32","2","False","1","1","16","0","00010000","1025B343","4B1AC26C40AD4DA50312FD3B694D7E636FB768C2336FE773BC82D36424C27A4B","0:4,39:4,43:8","4","11951600","14029600","6234200","8067200","8073300,14029600,12083100,11951600","8067200,6234200,6427900,5843000","hybridzip-r2-e6-fast-k4-full-20260829-w1-fast-b32-r2","r2-fast","1","9","mr","128","inputs/128KiB/mr.bin","131072","473A6A883480C7B2E69402AD888AC07B347C2DF61C6AA0D84E8B8130A27792EA","archives/128KiB/mr.hz2","27367","CD5FE03FC2013EE6EA4B5FBB9F678A54A41EA2D5B4586F984A29DACD35ADF5F0","decoded/128KiB/mr.decoded","131072","473A6A883480C7B2E69402AD888AC07B347C2DF61C6AA0D84E8B8130A27792EA","0.0711492","0.0418481","5.3359375","2.02734375","5.3359375","74FF260A939B01673667723D8351AAEDB679339610009ECB23C70E373B862D9F","profile_id=2;mode=fast;block_size=32768;zstd_level=3;lzma_level=9;threads=1;process_timeout_seconds=1800","""E:\MIXER\hybridzip\build\Release\hybridzip.exe"" c --profile=r2 --r2-mode=fast --block-size=32768 --zstd-level=3 --threads=1 ""E:\MIXER\hybridzip\results\experiments\hybridzip-r2-e6-fast-k4-full-20260829-w1\children\hybridzip-r2-e6-fast-k4-full-20260829-w1-fast-b32-r2\inputs\128KiB\mr.bin"" ""E:\MIXER\hybridzip\results\experiments\hybridzip-r2-e6-fast-k4-full-20260829-w1\children\hybridzip-r2-e6-fast-k4-full-20260829-w1-fast-b32-r2\archives\128KiB\mr.hz2""","""E:\MIXER\hybridzip\build\Release\hybridzip.exe"" d ""E:\MIXER\hybridzip\results\experiments\hybridzip-r2-e6-fast-k4-full-20260829-w1\children\hybridzip-r2-e6-fast-k4-full-20260829-w1-fast-b32-r2\archives\128KiB\mr.hz2"" ""E:\MIXER\hybridzip\results\experiments\hybridzip-r2-e6-fast-k4-full-20260829-w1\children\hybridzip-r2-e6-fast-k4-full-20260829-w1-fast-b32-r2\decoded\128KiB\mr.decoded""","0","0","2026-08-29T14:44:39.4655163+08:00","COMPLETE","PASS","fast-ext=4","Complete R2 archive size; SHA-256 byte-exact roundtrip verified."
"e6-fast","fast","32","2","False","1","1","4","0","00010000","1025B343","4B1AC26C40AD4DA50312FD3B694D7E636FB768C2336FE773BC82D36424C27A4B","0:1,39:1,43:2","1","5124600","5124600","5043700","5043700","5124600","5043700","hybridzip-r2-e6-fast-k4-full-20260829-w1-fast-b32-r2","r2-fast","1","10","nci","32","inputs/32KiB/nci.bin","32768","0D3034FE8B0E573DE1439ED98CE409B83B13E5895085C9BFB0BF980F4962FB79","archives/32KiB/nci.hz2","3101","28193260A90B6B6FAF022C847A0041E7E8C07C9E3C51D35E365A2456E9FBF756","decoded/32KiB/nci.decoded","32768","0D3034FE8B0E573DE1439ED98CE409B83B13E5895085C9BFB0BF980F4962FB79","0.05533","0.0435405","5.25","2.02734375","5.25","74FF260A939B01673667723D8351AAEDB679339610009ECB23C70E373B862D9F","profile_id=2;mode=fast;block_size=32768;zstd_level=3;lzma_level=9;threads=1;process_timeout_seconds=1800","""E:\MIXER\hybridzip\build\Release\hybridzip.exe"" c --profile=r2 --r2-mode=fast --block-size=32768 --zstd-level=3 --threads=1 ""E:\MIXER\hybridzip\results\experiments\hybridzip-r2-e6-fast-k4-full-20260829-w1\children\hybridzip-r2-e6-fast-k4-full-20260829-w1-fast-b32-r2\inputs\32KiB\nci.bin"" ""E:\MIXER\hybridzip\results\experiments\hybridzip-r2-e6-fast-k4-full-20260829-w1\children\hybridzip-r2-e6-fast-k4-full-20260829-w1-fast-b32-r2\archives\32KiB\nci.hz2""","""E:\MIXER\hybridzip\build\Release\hybridzip.exe"" d ""E:\MIXER\hybridzip\results\experiments\hybridzip-r2-e6-fast-k4-full-20260829-w1\children\hybridzip-r2-e6-fast-k4-full-20260829-w1-fast-b32-r2\archives\32KiB\nci.hz2"" ""E:\MIXER\hybridzip\results\experiments\hybridzip-r2-e6-fast-k4-full-20260829-w1\children\hybridzip-r2-e6-fast-k4-full-20260829-w1-fast-b32-r2\decoded\32KiB\nci.decoded""","0","0","2026-08-29T14:44:39.6537961+08:00","COMPLETE","PASS","fast-ext=1","Complete R2 archive size; SHA-256 byte-exact roundtrip verified."
"e6-fast","fast","32","2","False","1","1","8","0","00010000","1025B343","4B1AC26C40AD4DA50312FD3B694D7E636FB768C2336FE773BC82D36424C27A4B","0:2,39:2,43:4","2","5297900","9596400","4633700","5290900","5297900,9596400","5290900,4633700","hybridzip-r2-e6-fast-k4-full-20260829-w1-fast-b32-r2","r2-fast","1","11","nci","64","inputs/64KiB/nci.bin","65536","B01B411AC3B5CE2FBF37242C0C59D2D236D2F7039937C1B1A0F18F4CC02549FE","archives/64KiB/nci.hz2","5870","D649AC7477A10C77DE892B0885CD7BD7921B7C0DF9E2839C4CE31CD2A4E9CA3F","decoded/64KiB/nci.decoded","65536","B01B411AC3B5CE2FBF37242C0C59D2D236D2F7039937C1B1A0F18F4CC02549FE","0.0604758","0.0551503","5.29296875","2.02734375","5.29296875","74FF260A939B01673667723D8351AAEDB679339610009ECB23C70E373B862D9F","profile_id=2;mode=fast;block_size=32768;zstd_level=3;lzma_level=9;threads=1;process_timeout_seconds=1800","""E:\MIXER\hybridzip\build\Release\hybridzip.exe"" c --profile=r2 --r2-mode=fast --block-size=32768 --zstd-level=3 --threads=1 ""E:\MIXER\hybridzip\results\experiments\hybridzip-r2-e6-fast-k4-full-20260829-w1\children\hybridzip-r2-e6-fast-k4-full-20260829-w1-fast-b32-r2\inputs\64KiB\nci.bin"" ""E:\MIXER\hybridzip\results\experiments\hybridzip-r2-e6-fast-k4-full-20260829-w1\children\hybridzip-r2-e6-fast-k4-full-20260829-w1-fast-b32-r2\archives\64KiB\nci.hz2""","""E:\MIXER\hybridzip\build\Release\hybridzip.exe"" d ""E:\MIXER\hybridzip\results\experiments\hybridzip-r2-e6-fast-k4-full-20260829-w1\children\hybridzip-r2-e6-fast-k4-full-20260829-w1-fast-b32-r2\archives\64KiB\nci.hz2"" ""E:\MIXER\hybridzip\results\experiments\hybridzip-r2-e6-fast-k4-full-20260829-w1\children\hybridzip-r2-e6-fast-k4-full-20260829-w1-fast-b32-r2\decoded\64KiB\nci.decoded""","0","0","2026-08-29T14:44:39.8248928+08:00","COMPLETE","PASS","fast-ext=2","Complete R2 archive size; SHA-256 byte-exact roundtrip verified."
"e6-fast","fast","32","2","False","1","1","16","0","00010000","1025B343","4B1AC26C40AD4DA50312FD3B694D7E636FB768C2336FE773BC82D36424C27A4B","0:4,39:4,43:8","4","9381300","10132600","4785900","5663700","5686300,10132600,9419700,9381300","5663700,4702100,4997300,4785900","hybridzip-r2-e6-fast-k4-full-20260829-w1-fast-b32-r2","r2-fast","1","12","nci","128","inputs/128KiB/nci.bin","131072","C8A1D610355E5EF900ED4C704DF14ADF1935D95DFD8F1740AC9FD90FC9BF5781","archives/128KiB/nci.hz2","12788","BCAED61E73B1A8561C099DDBDEE7591FE2CFCE7EC7A57CBF7E348B2594A4694D","decoded/128KiB/nci.decoded","131072","C8A1D610355E5EF900ED4C704DF14ADF1935D95DFD8F1740AC9FD90FC9BF5781","0.085074","0.0654698","5.328125","3.40234375","5.328125","74FF260A939B01673667723D8351AAEDB679339610009ECB23C70E373B862D9F","profile_id=2;mode=fast;block_size=32768;zstd_level=3;lzma_level=9;threads=1;process_timeout_seconds=1800","""E:\MIXER\hybridzip\build\Release\hybridzip.exe"" c --profile=r2 --r2-mode=fast --block-size=32768 --zstd-level=3 --threads=1 ""E:\MIXER\hybridzip\results\experiments\hybridzip-r2-e6-fast-k4-full-20260829-w1\children\hybridzip-r2-e6-fast-k4-full-20260829-w1-fast-b32-r2\inputs\128KiB\nci.bin"" ""E:\MIXER\hybridzip\results\experiments\hybridzip-r2-e6-fast-k4-full-20260829-w1\children\hybridzip-r2-e6-fast-k4-full-20260829-w1-fast-b32-r2\archives\128KiB\nci.hz2""","""E:\MIXER\hybridzip\build\Release\hybridzip.exe"" d ""E:\MIXER\hybridzip\results\experiments\hybridzip-r2-e6-fast-k4-full-20260829-w1\children\hybridzip-r2-e6-fast-k4-full-20260829-w1-fast-b32-r2\archives\128KiB\nci.hz2"" ""E:\MIXER\hybridzip\results\experiments\hybridzip-r2-e6-fast-k4-full-20260829-w1\children\hybridzip-r2-e6-fast-k4-full-20260829-w1-fast-b32-r2\decoded\128KiB\nci.decoded""","0","0","2026-08-29T14:44:40.0056139+08:00","COMPLETE","PASS","fast-ext=4","Complete R2 archive size; SHA-256 byte-exact roundtrip verified."
"e6-fast","fast","32","2","False","1","1","4","0","00010000","1025B343","4B1AC26C40AD4DA50312FD3B694D7E636FB768C2336FE773BC82D36424C27A4B","0:1,39:1,43:2","1","5974700","5974700","5919000","5919000","5974700","5919000","hybridzip-r2-e6-fast-k4-full-20260829-w1-fast-b32-r2","r2-fast","1","13","ooffice","32","inputs/32KiB/ooffice.bin","32768","2ACF9B4CAAEAC5814CDFEF0FA48A5ECE857C847DBDB7B44EEAB95CA3C098921C","archives/32KiB/ooffice.hz2","13020","2E8A8F81EBC2F7E5C5063114D10C074448A5C25FD1EC709120FE3D28EBA0FD1B","decoded/32KiB/ooffice.decoded","32768","2ACF9B4CAAEAC5814CDFEF0FA48A5ECE857C847DBDB7B44EEAB95CA3C098921C","0.0615153","0.0658183","2.02734375","2.02734375","2.02734375","74FF260A939B01673667723D8351AAEDB679339610009ECB23C70E373B862D9F","profile_id=2;mode=fast;block_size=32768;zstd_level=3;lzma_level=9;threads=1;process_timeout_seconds=1800","""E:\MIXER\hybridzip\build\Release\hybridzip.exe"" c --profile=r2 --r2-mode=fast --block-size=32768 --zstd-level=3 --threads=1 ""E:\MIXER\hybridzip\results\experiments\hybridzip-r2-e6-fast-k4-full-20260829-w1\children\hybridzip-r2-e6-fast-k4-full-20260829-w1-fast-b32-r2\inputs\32KiB\ooffice.bin"" ""E:\MIXER\hybridzip\results\experiments\hybridzip-r2-e6-fast-k4-full-20260829-w1\children\hybridzip-r2-e6-fast-k4-full-20260829-w1-fast-b32-r2\archives\32KiB\ooffice.hz2""","""E:\MIXER\hybridzip\build\Release\hybridzip.exe"" d ""E:\MIXER\hybridzip\results\experiments\hybridzip-r2-e6-fast-k4-full-20260829-w1\children\hybridzip-r2-e6-fast-k4-full-20260829-w1-fast-b32-r2\archives\32KiB\ooffice.hz2"" ""E:\MIXER\hybridzip\results\experiments\hybridzip-r2-e6-fast-k4-full-20260829-w1\children\hybridzip-r2-e6-fast-k4-full-20260829-w1-fast-b32-r2\decoded\32KiB\ooffice.decoded""","0","0","2026-08-29T14:44:40.2224570+08:00","COMPLETE","PASS","fast-ext=1","Complete R2 archive size; SHA-256 byte-exact roundtrip verified."
"e6-fast","fast","32","2","False","1","1","8","0","00010000","1025B343","4B1AC26C40AD4DA50312FD3B694D7E636FB768C2336FE773BC82D36424C27A4B","0:2,39:2,43:4","2","5813400","10962600","5432000","5675500","5813400,10962600","5675500,5432000","hybridzip-r2-e6-fast-k4-full-20260829-w1-fast-b32-r2","r2-fast","1","14","ooffice","64","inputs/64KiB/ooffice.bin","65536","9D30521922187D0A26F56CF2DF85001F9585D0D4EC6A0A8797466AFCC367F825","archives/64KiB/ooffice.hz2","30580","F5E3E8F5CD715E6E8A3F6EEFA40D6F68C876E275A3C2B8E70DD84A29370EA343","decoded/64KiB/ooffice.decoded","65536","9D30521922187D0A26F56CF2DF85001F9585D0D4EC6A0A8797466AFCC367F825","0.052916","0.05546","4.46875","2.02734375","4.46875","74FF260A939B01673667723D8351AAEDB679339610009ECB23C70E373B862D9F","profile_id=2;mode=fast;block_size=32768;zstd_level=3;lzma_level=9;threads=1;process_timeout_seconds=1800","""E:\MIXER\hybridzip\build\Release\hybridzip.exe"" c --profile=r2 --r2-mode=fast --block-size=32768 --zstd-level=3 --threads=1 ""E:\MIXER\hybridzip\results\experiments\hybridzip-r2-e6-fast-k4-full-20260829-w1\children\hybridzip-r2-e6-fast-k4-full-20260829-w1-fast-b32-r2\inputs\64KiB\ooffice.bin"" ""E:\MIXER\hybridzip\results\experiments\hybridzip-r2-e6-fast-k4-full-20260829-w1\children\hybridzip-r2-e6-fast-k4-full-20260829-w1-fast-b32-r2\archives\64KiB\ooffice.hz2""","""E:\MIXER\hybridzip\build\Release\hybridzip.exe"" d ""E:\MIXER\hybridzip\results\experiments\hybridzip-r2-e6-fast-k4-full-20260829-w1\children\hybridzip-r2-e6-fast-k4-full-20260829-w1-fast-b32-r2\archives\64KiB\ooffice.hz2"" ""E:\MIXER\hybridzip\results\experiments\hybridzip-r2-e6-fast-k4-full-20260829-w1\children\hybridzip-r2-e6-fast-k4-full-20260829-w1-fast-b32-r2\decoded\64KiB\ooffice.decoded""","0","0","2026-08-29T14:44:40.4251752+08:00","COMPLETE","PASS","fast-ext=2","Complete R2 archive size; SHA-256 byte-exact roundtrip verified."
"e6-fast","fast","32","2","False","1","1","16","0","00010000","1025B343","4B1AC26C40AD4DA50312FD3B694D7E636FB768C2336FE773BC82D36424C27A4B","0:4,39:4,43:8","4","10164600","11148500","5556200","5785100","5848100,11148500,10164600,10360600","5785100,5556200,5137200,5593400","hybridzip-r2-e6-fast-k4-full-20260829-w1-fast-b32-r2","r2-fast","1","15","ooffice","128","inputs/128KiB/ooffice.bin","131072","09FA5F3EE5311528863F8C3FADA3B530CC24AC1D88128E4DB2BF434161879FEF","archives/128KiB/ooffice.hz2","67065","D9C4EF1E347601070DA8857769E07EB276A6CEAF576BA0E0BCA8DA4A51381CEC","decoded/128KiB/ooffice.decoded","131072","09FA5F3EE5311528863F8C3FADA3B530CC24AC1D88128E4DB2BF434161879FEF","0.0708887","0.0418246","5.3515625","2.02734375","5.3515625","74FF260A939B01673667723D8351AAEDB679339610009ECB23C70E373B862D9F","profile_id=2;mode=fast;block_size=32768;zstd_level=3;lzma_level=9;threads=1;process_timeout_seconds=1800","""E:\MIXER\hybridzip\build\Release\hybridzip.exe"" c --profile=r2 --r2-mode=fast --block-size=32768 --zstd-level=3 --threads=1 ""E:\MIXER\hybridzip\results\experiments\hybridzip-r2-e6-fast-k4-full-20260829-w1\children\hybridzip-r2-e6-fast-k4-full-20260829-w1-fast-b32-r2\inputs\128KiB\ooffice.bin"" ""E:\MIXER\hybridzip\results\experiments\hybridzip-r2-e6-fast-k4-full-20260829-w1\children\hybridzip-r2-e6-fast-k4-full-20260829-w1-fast-b32-r2\archives\128KiB\ooffice.hz2""","""E:\MIXER\hybridzip\build\Release\hybridzip.exe"" d ""E:\MIXER\hybridzip\results\experiments\hybridzip-r2-e6-fast-k4-full-20260829-w1\children\hybridzip-r2-e6-fast-k4-full-20260829-w1-fast-b32-r2\archives\128KiB\ooffice.hz2"" ""E:\MIXER\hybridzip\results\experiments\hybridzip-r2-e6-fast-k4-full-20260829-w1\children\hybridzip-r2-e6-fast-k4-full-20260829-w1-fast-b32-r2\decoded\128KiB\ooffice.decoded""","0","0","2026-08-29T14:44:40.6165563+08:00","COMPLETE","PASS","fast-ext=4","Complete R2 archive size; SHA-256 byte-exact roundtrip verified."
"e6-fast","fast","32","2","False","1","1","4","0","00010000","1025B343","4B1AC26C40AD4DA50312FD3B694D7E636FB768C2336FE773BC82D36424C27A4B","0:1,39:1,43:2","1","5066900","5066900","4983700","4983700","5066900","4983700","hybridzip-r2-e6-fast-k4-full-20260829-w1-fast-b32-r2","r2-fast","1","16","osdb","32","inputs/32KiB/osdb.bin","32768","03B2C20B777682CD960BCD893D7A4463161D9C0200FD1708B2EFAE32A259D0B7","archives/32KiB/osdb.hz2","15695","AB2EB86D7A8434F826B2E6956C717DAA5B787D8D4F0E4CF40B4EEBE00D11B367","decoded/32KiB/osdb.decoded","32768","03B2C20B777682CD960BCD893D7A4463161D9C0200FD1708B2EFAE32A259D0B7","0.0556764","0.0566422","5.1328125","2.02734375","5.1328125","74FF260A939B01673667723D8351AAEDB679339610009ECB23C70E373B862D9F","profile_id=2;mode=fast;block_size=32768;zstd_level=3;lzma_level=9;threads=1;process_timeout_seconds=1800","""E:\MIXER\hybridzip\build\Release\hybridzip.exe"" c --profile=r2 --r2-mode=fast --block-size=32768 --zstd-level=3 --threads=1 ""E:\MIXER\hybridzip\results\experiments\hybridzip-r2-e6-fast-k4-full-20260829-w1\children\hybridzip-r2-e6-fast-k4-full-20260829-w1-fast-b32-r2\inputs\32KiB\osdb.bin"" ""E:\MIXER\hybridzip\results\experiments\hybridzip-r2-e6-fast-k4-full-20260829-w1\children\hybridzip-r2-e6-fast-k4-full-20260829-w1-fast-b32-r2\archives\32KiB\osdb.hz2""","""E:\MIXER\hybridzip\build\Release\hybridzip.exe"" d ""E:\MIXER\hybridzip\results\experiments\hybridzip-r2-e6-fast-k4-full-20260829-w1\children\hybridzip-r2-e6-fast-k4-full-20260829-w1-fast-b32-r2\archives\32KiB\osdb.hz2"" ""E:\MIXER\hybridzip\results\experiments\hybridzip-r2-e6-fast-k4-full-20260829-w1\children\hybridzip-r2-e6-fast-k4-full-20260829-w1-fast-b32-r2\decoded\32KiB\osdb.decoded""","0","0","2026-08-29T14:44:40.8057711+08:00","COMPLETE","PASS","fast-ext=1","Complete R2 archive size; SHA-256 byte-exact roundtrip verified."
"e6-fast","fast","32","2","False","1","1","8","0","00010000","1025B343","4B1AC26C40AD4DA50312FD3B694D7E636FB768C2336FE773BC82D36424C27A4B","0:2,39:2,43:4","2","5329100","10207100","5101200","5321900","5329100,10207100","5321900,5101200","hybridzip-r2-e6-fast-k4-full-20260829-w1-fast-b32-r2","r2-fast","1","17","osdb","64","inputs/64KiB/osdb.bin","65536","F8FE629325A07588118BA0B65880A87DED43EF249CCBC91F0E977BBACAE0C125","archives/64KiB/osdb.hz2","31467","A7226133A3AB3313FA9525A442248EC4A3FE21F4EBE0B048F80ED822E67A546F","decoded/64KiB/osdb.decoded","65536","F8FE629325A07588118BA0B65880A87DED43EF249CCBC91F0E977BBACAE0C125","0.0574471","0.0424148","5.27734375","2.02734375","5.27734375","74FF260A939B01673667723D8351AAEDB679339610009ECB23C70E373B862D9F","profile_id=2;mode=fast;block_size=32768;zstd_level=3;lzma_level=9;threads=1;process_timeout_seconds=1800","""E:\MIXER\hybridzip\build\Release\hybridzip.exe"" c --profile=r2 --r2-mode=fast --block-size=32768 --zstd-level=3 --threads=1 ""E:\MIXER\hybridzip\results\experiments\hybridzip-r2-e6-fast-k4-full-20260829-w1\children\hybridzip-r2-e6-fast-k4-full-20260829-w1-fast-b32-r2\inputs\64KiB\osdb.bin"" ""E:\MIXER\hybridzip\results\experiments\hybridzip-r2-e6-fast-k4-full-20260829-w1\children\hybridzip-r2-e6-fast-k4-full-20260829-w1-fast-b32-r2\archives\64KiB\osdb.hz2""","""E:\MIXER\hybridzip\build\Release\hybridzip.exe"" d ""E:\MIXER\hybridzip\results\experiments\hybridzip-r2-e6-fast-k4-full-20260829-w1\children\hybridzip-r2-e6-fast-k4-full-20260829-w1-fast-b32-r2\archives\64KiB\osdb.hz2"" ""E:\MIXER\hybridzip\results\experiments\hybridzip-r2-e6-fast-k4-full-20260829-w1\children\hybridzip-r2-e6-fast-k4-full-20260829-w1-fast-b32-r2\decoded\64KiB\osdb.decoded""","0","0","2026-08-29T14:44:40.9901217+08:00","COMPLETE","PASS","fast-ext=2","Complete R2 archive size; SHA-256 byte-exact roundtrip verified."
"e6-fast","fast","32","2","False","1","1","16","0","00010000","1025B343","4B1AC26C40AD4DA50312FD3B694D7E636FB768C2336FE773BC82D36424C27A4B","0:4,39:4,43:8","4","9354100","10457900","4964700","5702400","5715100,10457900,9354100,9441500","5702400,5008000,4839600,4964700","hybridzip-r2-e6-fast-k4-full-20260829-w1-fast-b32-r2","r2-fast","1","18","osdb","128","inputs/128KiB/osdb.bin","131072","D977E72AE13AEFC36A4B6171A895E26A0E6EEE447B1B9FBE868D7B1C046CC91F","archives/128KiB/osdb.hz2","62963","3CB7D12C286B30606010C010013CEF6C6644C58650FF3D9EBD5A3D22F3A73988","decoded/128KiB/osdb.decoded","131072","D977E72AE13AEFC36A4B6171A895E26A0E6EEE447B1B9FBE868D7B1C046CC91F","0.0751477","0.0501908","5.328125","4.234375","5.328125","74FF260A939B01673667723D8351AAEDB679339610009ECB23C70E373B862D9F","profile_id=2;mode=fast;block_size=32768;zstd_level=3;lzma_level=9;threads=1;process_timeout_seconds=1800","""E:\MIXER\hybridzip\build\Release\hybridzip.exe"" c --profile=r2 --r2-mode=fast --block-size=32768 --zstd-level=3 --threads=1 ""E:\MIXER\hybridzip\results\experiments\hybridzip-r2-e6-fast-k4-full-20260829-w1\children\hybridzip-r2-e6-fast-k4-full-20260829-w1-fast-b32-r2\inputs\128KiB\osdb.bin"" ""E:\MIXER\hybridzip\results\experiments\hybridzip-r2-e6-fast-k4-full-20260829-w1\children\hybridzip-r2-e6-fast-k4-full-20260829-w1-fast-b32-r2\archives\128KiB\osdb.hz2""","""E:\MIXER\hybridzip\build\Release\hybridzip.exe"" d ""E:\MIXER\hybridzip\results\experiments\hybridzip-r2-e6-fast-k4-full-20260829-w1\children\hybridzip-r2-e6-fast-k4-full-20260829-w1-fast-b32-r2\archives\128KiB\osdb.hz2"" ""E:\MIXER\hybridzip\results\experiments\hybridzip-r2-e6-fast-k4-full-20260829-w1\children\hybridzip-r2-e6-fast-k4-full-20260829-w1-fast-b32-r2\decoded\128KiB\osdb.decoded""","0","0","2026-08-29T14:44:41.1611995+08:00","COMPLETE","PASS","fast-ext=4","Complete R2 archive size; SHA-256 byte-exact roundtrip verified."
"e6-fast","fast","32","2","False","1","1","4","0","00010000","1025B343","4B1AC26C40AD4DA50312FD3B694D7E636FB768C2336FE773BC82D36424C27A4B","0:1,39:1,43:2","1","5980600","5980600","5974400","5974400","5980600","5974400","hybridzip-r2-e6-fast-k4-full-20260829-w1-fast-b32-r2","r2-fast","1","19","reymont","32","inputs/32KiB/reymont.bin","32768","9D5E4B9340C2260DAE7DDB01B3EDA58236FF2DE5E1FF4D56767AA840B6FB1A87","archives/32KiB/reymont.hz2","10572","93DBB06F7763AC758C2B95654A598F3154232B292E462F14CC7C9566150BB0EB","decoded/32KiB/reymont.decoded","32768","9D5E4B9340C2260DAE7DDB01B3EDA58236FF2DE5E1FF4D56767AA840B6FB1A87","0.0577785","0.0558644","5.265625","2.02734375","5.265625","74FF260A939B01673667723D8351AAEDB679339610009ECB23C70E373B862D9F","profile_id=2;mode=fast;block_size=32768;zstd_level=3;lzma_level=9;threads=1;process_timeout_seconds=1800","""E:\MIXER\hybridzip\build\Release\hybridzip.exe"" c --profile=r2 --r2-mode=fast --block-size=32768 --zstd-level=3 --threads=1 ""E:\MIXER\hybridzip\results\experiments\hybridzip-r2-e6-fast-k4-full-20260829-w1\children\hybridzip-r2-e6-fast-k4-full-20260829-w1-fast-b32-r2\inputs\32KiB\reymont.bin"" ""E:\MIXER\hybridzip\results\experiments\hybridzip-r2-e6-fast-k4-full-20260829-w1\children\hybridzip-r2-e6-fast-k4-full-20260829-w1-fast-b32-r2\archives\32KiB\reymont.hz2""","""E:\MIXER\hybridzip\build\Release\hybridzip.exe"" d ""E:\MIXER\hybridzip\results\experiments\hybridzip-r2-e6-fast-k4-full-20260829-w1\children\hybridzip-r2-e6-fast-k4-full-20260829-w1-fast-b32-r2\archives\32KiB\reymont.hz2"" ""E:\MIXER\hybridzip\results\experiments\hybridzip-r2-e6-fast-k4-full-20260829-w1\children\hybridzip-r2-e6-fast-k4-full-20260829-w1-fast-b32-r2\decoded\32KiB\reymont.decoded""","0","0","2026-08-29T14:44:41.3508587+08:00","COMPLETE","PASS","fast-ext=1","Complete R2 archive size; SHA-256 byte-exact roundtrip verified."
"e6-fast","fast","32","2","False","1","1","8","0","00010000","1025B343","4B1AC26C40AD4DA50312FD3B694D7E636FB768C2336FE773BC82D36424C27A4B","0:2,39:2,43:4","2","6971700","12707800","5984000","6816300","6971700,12707800","6816300,5984000","hybridzip-r2-e6-fast-k4-full-20260829-w1-fast-b32-r2","r2-fast","1","20","reymont","64","inputs/64KiB/reymont.bin","65536","A5ECAAABB133F1ADF8DE6062BE6381D143E87F9F8050EEA9B5BE6F92B88C3C22","archives/64KiB/reymont.hz2","21486","7A28521D519AB269D9C57A0A46594B4376B3D8EA4E9779DD3498F36BDDBB2104","decoded/64KiB/reymont.decoded","65536","A5ECAAABB133F1ADF8DE6062BE6381D143E87F9F8050EEA9B5BE6F92B88C3C22","0.0583219","0.0420054","5.2734375","2.02734375","5.2734375","74FF260A939B01673667723D8351AAEDB679339610009ECB23C70E373B862D9F","profile_id=2;mode=fast;block_size=32768;zstd_level=3;lzma_level=9;threads=1;process_timeout_seconds=1800","""E:\MIXER\hybridzip\build\Release\hybridzip.exe"" c --profile=r2 --r2-mode=fast --block-size=32768 --zstd-level=3 --threads=1 ""E:\MIXER\hybridzip\results\experiments\hybridzip-r2-e6-fast-k4-full-20260829-w1\children\hybridzip-r2-e6-fast-k4-full-20260829-w1-fast-b32-r2\inputs\64KiB\reymont.bin"" ""E:\MIXER\hybridzip\results\experiments\hybridzip-r2-e6-fast-k4-full-20260829-w1\children\hybridzip-r2-e6-fast-k4-full-20260829-w1-fast-b32-r2\archives\64KiB\reymont.hz2""","""E:\MIXER\hybridzip\build\Release\hybridzip.exe"" d ""E:\MIXER\hybridzip\results\experiments\hybridzip-r2-e6-fast-k4-full-20260829-w1\children\hybridzip-r2-e6-fast-k4-full-20260829-w1-fast-b32-r2\archives\64KiB\reymont.hz2"" ""E:\MIXER\hybridzip\results\experiments\hybridzip-r2-e6-fast-k4-full-20260829-w1\children\hybridzip-r2-e6-fast-k4-full-20260829-w1-fast-b32-r2\decoded\64KiB\reymont.decoded""","0","0","2026-08-29T14:44:41.5383604+08:00","COMPLETE","PASS","fast-ext=2","Complete R2 archive size; SHA-256 byte-exact roundtrip verified."
"e6-fast","fast","32","2","False","1","1","16","0","00010000","1025B343","4B1AC26C40AD4DA50312FD3B694D7E636FB768C2336FE773BC82D36424C27A4B","0:4,39:4,43:8","4","11635800","12354500","6087600","6337000","6443800,12354500,11745700,11635800","6337000,6151600,6087600,5891800","hybridzip-r2-e6-fast-k4-full-20260829-w1-fast-b32-r2","r2-fast","1","21","reymont","128","inputs/128KiB/reymont.bin","131072","A6CA7478854C1E80DFEAF9FB3444B357F9D7625E55232FAE3B3632A5A1217DEA","archives/128KiB/reymont.hz2","43660","08BF84CC46DF9F1D7A0C061CE29996D52E8C27CEFF9FFF16A1BDFAEE3EBEABCB","decoded/128KiB/reymont.decoded","131072","A6CA7478854C1E80DFEAF9FB3444B357F9D7625E55232FAE3B3632A5A1217DEA","0.0698525","0.0421566","5.33203125","2.02734375","5.33203125","74FF260A939B01673667723D8351AAEDB679339610009ECB23C70E373B862D9F","profile_id=2;mode=fast;block_size=32768;zstd_level=3;lzma_level=9;threads=1;process_timeout_seconds=1800","""E:\MIXER\hybridzip\build\Release\hybridzip.exe"" c --profile=r2 --r2-mode=fast --block-size=32768 --zstd-level=3 --threads=1 ""E:\MIXER\hybridzip\results\experiments\hybridzip-r2-e6-fast-k4-full-20260829-w1\children\hybridzip-r2-e6-fast-k4-full-20260829-w1-fast-b32-r2\inputs\128KiB\reymont.bin"" ""E:\MIXER\hybridzip\results\experiments\hybridzip-r2-e6-fast-k4-full-20260829-w1\children\hybridzip-r2-e6-fast-k4-full-20260829-w1-fast-b32-r2\archives\128KiB\reymont.hz2""","""E:\MIXER\hybridzip\build\Release\hybridzip.exe"" d ""E:\MIXER\hybridzip\results\experiments\hybridzip-r2-e6-fast-k4-full-20260829-w1\children\hybridzip-r2-e6-fast-k4-full-20260829-w1-fast-b32-r2\archives\128KiB\reymont.hz2"" ""E:\MIXER\hybridzip\results\experiments\hybridzip-r2-e6-fast-k4-full-20260829-w1\children\hybridzip-r2-e6-fast-k4-full-20260829-w1-fast-b32-r2\decoded\128KiB\reymont.decoded""","0","0","2026-08-29T14:44:41.7114692+08:00","COMPLETE","PASS","fast-ext=4","Complete R2 archive size; SHA-256 byte-exact roundtrip verified."
"e6-fast","fast","32","2","False","1","1","4","0","00010000","1025B343","4B1AC26C40AD4DA50312FD3B694D7E636FB768C2336FE773BC82D36424C27A4B","0:1,39:1,43:2","1","5988700","5988700","5937400","5937400","5988700","5937400","hybridzip-r2-e6-fast-k4-full-20260829-w1-fast-b32-r2","r2-fast","1","22","samba","32","inputs/32KiB/samba.bin","32768","9C4F5BEE544E4531E4946E62F796987418B4526911C34877EF282F14DD57AD12","archives/32KiB/samba.hz2","11946","6190C9F3D4B0A0CD807DF6FA9965F5637D534BD68A408E8F9641059B99B72ECE","decoded/32KiB/samba.decoded","32768","9C4F5BEE544E4531E4946E62F796987418B4526911C34877EF282F14DD57AD12","0.055749","0.0534876","5.23828125","2.81640625","5.23828125","74FF260A939B01673667723D8351AAEDB679339610009ECB23C70E373B862D9F","profile_id=2;mode=fast;block_size=32768;zstd_level=3;lzma_level=9;threads=1;process_timeout_seconds=1800","""E:\MIXER\hybridzip\build\Release\hybridzip.exe"" c --profile=r2 --r2-mode=fast --block-size=32768 --zstd-level=3 --threads=1 ""E:\MIXER\hybridzip\results\experiments\hybridzip-r2-e6-fast-k4-full-20260829-w1\children\hybridzip-r2-e6-fast-k4-full-20260829-w1-fast-b32-r2\inputs\32KiB\samba.bin"" ""E:\MIXER\hybridzip\results\experiments\hybridzip-r2-e6-fast-k4-full-20260829-w1\children\hybridzip-r2-e6-fast-k4-full-20260829-w1-fast-b32-r2\archives\32KiB\samba.hz2""","""E:\MIXER\hybridzip\build\Release\hybridzip.exe"" d ""E:\MIXER\hybridzip\results\experiments\hybridzip-r2-e6-fast-k4-full-20260829-w1\children\hybridzip-r2-e6-fast-k4-full-20260829-w1-fast-b32-r2\archives\32KiB\samba.hz2"" ""E:\MIXER\hybridzip\results\experiments\hybridzip-r2-e6-fast-k4-full-20260829-w1\children\hybridzip-r2-e6-fast-k4-full-20260829-w1-fast-b32-r2\decoded\32KiB\samba.decoded""","0","0","2026-08-29T14:44:41.8969947+08:00","COMPLETE","PASS","fast-ext=1","Complete R2 archive size; SHA-256 byte-exact roundtrip verified."
"e6-fast","fast","32","2","False","1","1","8","0","00010000","1025B343","4B1AC26C40AD4DA50312FD3B694D7E636FB768C2336FE773BC82D36424C27A4B","0:2,39:2,43:4","2","6269600","11601100","5600800","6263700","6269600,11601100","6263700,5600800","hybridzip-r2-e6-fast-k4-full-20260829-w1-fast-b32-r2","r2-fast","1","23","samba","64","inputs/64KiB/samba.bin","65536","3E0420984C0F260EA7350734600CEA9D8500B745E2E4B7DBD4D1DA1D1ADAC421","archives/64KiB/samba.hz2","23977","8452C299E9840BDA851E9E5708BB64849E65E05083C3F6161306CC7848D40C6A","decoded/64KiB/samba.decoded","65536","3E0420984C0F260EA7350734600CEA9D8500B745E2E4B7DBD4D1DA1D1ADAC421","0.0611272","0.0540896","5.28125","2.02734375","5.28125","74FF260A939B01673667723D8351AAEDB679339610009ECB23C70E373B862D9F","profile_id=2;mode=fast;block_size=32768;zstd_level=3;lzma_level=9;threads=1;process_timeout_seconds=1800","""E:\MIXER\hybridzip\build\Release\hybridzip.exe"" c --profile=r2 --r2-mode=fast --block-size=32768 --zstd-level=3 --threads=1 ""E:\MIXER\hybridzip\results\experiments\hybridzip-r2-e6-fast-k4-full-20260829-w1\children\hybridzip-r2-e6-fast-k4-full-20260829-w1-fast-b32-r2\inputs\64KiB\samba.bin"" ""E:\MIXER\hybridzip\results\experiments\hybridzip-r2-e6-fast-k4-full-20260829-w1\children\hybridzip-r2-e6-fast-k4-full-20260829-w1-fast-b32-r2\archives\64KiB\samba.hz2""","""E:\MIXER\hybridzip\build\Release\hybridzip.exe"" d ""E:\MIXER\hybridzip\results\experiments\hybridzip-r2-e6-fast-k4-full-20260829-w1\children\hybridzip-r2-e6-fast-k4-full-20260829-w1-fast-b32-r2\archives\64KiB\samba.hz2"" ""E:\MIXER\hybridzip\results\experiments\hybridzip-r2-e6-fast-k4-full-20260829-w1\children\hybridzip-r2-e6-fast-k4-full-20260829-w1-fast-b32-r2\decoded\64KiB\samba.decoded""","0","0","2026-08-29T14:44:42.0808351+08:00","COMPLETE","PASS","fast-ext=2","Complete R2 archive size; SHA-256 byte-exact roundtrip verified."
"e6-fast","fast","32","2","False","1","1","16","0","00010000","1025B343","4B1AC26C40AD4DA50312FD3B694D7E636FB768C2336FE773BC82D36424C27A4B","0:4,39:4,43:8","4","10591800","11100400","5485400","5859700","5891600,11100400,10755300,10591800","5859700,5485400,5776200,5168100","hybridzip-r2-e6-fast-k4-full-20260829-w1-fast-b32-r2","r2-fast","1","24","samba","128","inputs/128KiB/samba.bin","131072","F3B8C4AD35BC6CF21977895D6F04A22B1422605942FA5AFE35CE28B2A221D7E8","archives/128KiB/samba.hz2","48959","5FD5CB4DC6FE19124A4FC032192E135B11C9EFBA45E32FE8828A23A736A5BF24","decoded/128KiB/samba.decoded","131072","F3B8C4AD35BC6CF21977895D6F04A22B1422605942FA5AFE35CE28B2A221D7E8","0.0712197","0.0471117","5.3359375","2.5","5.3359375","74FF260A939B01673667723D8351AAEDB679339610009ECB23C70E373B862D9F","profile_id=2;mode=fast;block_size=32768;zstd_level=3;lzma_level=9;threads=1;process_timeout_seconds=1800","""E:\MIXER\hybridzip\build\Release\hybridzip.exe"" c --profile=r2 --r2-mode=fast --block-size=32768 --zstd-level=3 --threads=1 ""E:\MIXER\hybridzip\results\experiments\hybridzip-r2-e6-fast-k4-full-20260829-w1\children\hybridzip-r2-e6-fast-k4-full-20260829-w1-fast-b32-r2\inputs\128KiB\samba.bin"" ""E:\MIXER\hybridzip\results\experiments\hybridzip-r2-e6-fast-k4-full-20260829-w1\children\hybridzip-r2-e6-fast-k4-full-20260829-w1-fast-b32-r2\archives\128KiB\samba.hz2""","""E:\MIXER\hybridzip\build\Release\hybridzip.exe"" d ""E:\MIXER\hybridzip\results\experiments\hybridzip-r2-e6-fast-k4-full-20260829-w1\children\hybridzip-r2-e6-fast-k4-full-20260829-w1-fast-b32-r2\archives\128KiB\samba.hz2"" ""E:\MIXER\hybridzip\results\experiments\hybridzip-r2-e6-fast-k4-full-20260829-w1\children\hybridzip-r2-e6-fast-k4-full-20260829-w1-fast-b32-r2\decoded\128KiB\samba.decoded""","0","0","2026-08-29T14:44:42.2614001+08:00","COMPLETE","PASS","fast-ext=4","Complete R2 archive size; SHA-256 byte-exact roundtrip verified."
"e6-fast","fast","32","2","False","1","1","4","0","00010000","1025B343","4B1AC26C40AD4DA50312FD3B694D7E636FB768C2336FE773BC82D36424C27A4B","0:1,39:1,43:2","1","5464100","5464100","5359900","5359900","5464100","5359900","hybridzip-r2-e6-fast-k4-full-20260829-w1-fast-b32-r2","r2-fast","1","25","sao","32","inputs/32KiB/sao.bin","32768","95677430CAD4F000506BC5EE22815C3F4E13D64B477ED506B78D5D9ACFB50CCD","archives/32KiB/sao.hz2","26958","9866F14E2B2589DF827C577A5E9A24FF74742C33273C8AC716393E44C5ACD05B","decoded/32KiB/sao.decoded","32768","95677430CAD4F000506BC5EE22815C3F4E13D64B477ED506B78D5D9ACFB50CCD","0.0546403","0.0493057","5.27734375","2.6875","5.27734375","74FF260A939B01673667723D8351AAEDB679339610009ECB23C70E373B862D9F","profile_id=2;mode=fast;block_size=32768;zstd_level=3;lzma_level=9;threads=1;process_timeout_seconds=1800","""E:\MIXER\hybridzip\build\Release\hybridzip.exe"" c --profile=r2 --r2-mode=fast --block-size=32768 --zstd-level=3 --threads=1 ""E:\MIXER\hybridzip\results\experiments\hybridzip-r2-e6-fast-k4-full-20260829-w1\children\hybridzip-r2-e6-fast-k4-full-20260829-w1-fast-b32-r2\inputs\32KiB\sao.bin"" ""E:\MIXER\hybridzip\results\experiments\hybridzip-r2-e6-fast-k4-full-20260829-w1\children\hybridzip-r2-e6-fast-k4-full-20260829-w1-fast-b32-r2\archives\32KiB\sao.hz2""","""E:\MIXER\hybridzip\build\Release\hybridzip.exe"" d ""E:\MIXER\hybridzip\results\experiments\hybridzip-r2-e6-fast-k4-full-20260829-w1\children\hybridzip-r2-e6-fast-k4-full-20260829-w1-fast-b32-r2\archives\32KiB\sao.hz2"" ""E:\MIXER\hybridzip\results\experiments\hybridzip-r2-e6-fast-k4-full-20260829-w1\children\hybridzip-r2-e6-fast-k4-full-20260829-w1-fast-b32-r2\decoded\32KiB\sao.decoded""","0","0","2026-08-29T14:44:42.4464797+08:00","COMPLETE","PASS","fast-ext=1","Complete R2 archive size; SHA-256 byte-exact roundtrip verified."
"e6-fast","fast","32","2","False","1","1","8","0","00010000","1025B343","4B1AC26C40AD4DA50312FD3B694D7E636FB768C2336FE773BC82D36424C27A4B","0:2,39:2,43:4","2","5666900","10436300","5040200","5558200","5666900,10436300","5558200,5040200","hybridzip-r2-e6-fast-k4-full-20260829-w1-fast-b32-r2","r2-fast","1","26","sao","64","inputs/64KiB/sao.bin","65536","17CBD7166A47786139F60BA33B4E771CE0154F6FA56986883D129BC23F78EBEE","archives/64KiB/sao.hz2","53993","9A59737C6BA571D468CAEE25CB51CF35AB08A95AFB5B4ED61594AD632C6A945B","decoded/64KiB/sao.decoded","65536","17CBD7166A47786139F60BA33B4E771CE0154F6FA56986883D129BC23F78EBEE","0.0658469","0.0435289","5.3125","2.02734375","5.3125","74FF260A939B01673667723D8351AAEDB679339610009ECB23C70E373B862D9F","profile_id=2;mode=fast;block_size=32768;zstd_level=3;lzma_level=9;threads=1;process_timeout_seconds=1800","""E:\MIXER\hybridzip\build\Release\hybridzip.exe"" c --profile=r2 --r2-mode=fast --block-size=32768 --zstd-level=3 --threads=1 ""E:\MIXER\hybridzip\results\experiments\hybridzip-r2-e6-fast-k4-full-20260829-w1\children\hybridzip-r2-e6-fast-k4-full-20260829-w1-fast-b32-r2\inputs\64KiB\sao.bin"" ""E:\MIXER\hybridzip\results\experiments\hybridzip-r2-e6-fast-k4-full-20260829-w1\children\hybridzip-r2-e6-fast-k4-full-20260829-w1-fast-b32-r2\archives\64KiB\sao.hz2""","""E:\MIXER\hybridzip\build\Release\hybridzip.exe"" d ""E:\MIXER\hybridzip\results\experiments\hybridzip-r2-e6-fast-k4-full-20260829-w1\children\hybridzip-r2-e6-fast-k4-full-20260829-w1-fast-b32-r2\archives\64KiB\sao.hz2"" ""E:\MIXER\hybridzip\results\experiments\hybridzip-r2-e6-fast-k4-full-20260829-w1\children\hybridzip-r2-e6-fast-k4-full-20260829-w1-fast-b32-r2\decoded\64KiB\sao.decoded""","0","0","2026-08-29T14:44:42.6136154+08:00","COMPLETE","PASS","fast-ext=2","Complete R2 archive size; SHA-256 byte-exact roundtrip verified."
"e6-fast","fast","32","2","False","1","1","16","0","00010000","1025B343","4B1AC26C40AD4DA50312FD3B694D7E636FB768C2336FE773BC82D36424C27A4B","0:4,39:4,43:8","4","9039600","9866200","4799800","5225800","5316400,9866200,9157600,9039600","5225800,4799800,4873300,4531200","hybridzip-r2-e6-fast-k4-full-20260829-w1-fast-b32-r2","r2-fast","1","27","sao","128","inputs/128KiB/sao.bin","131072","75E535B42DB7505118D8B19C7C42C1F49C5542ADDC9DBC13383953659F675CE0","archives/128KiB/sao.hz2","108216","9B5588BEF9A68829116DBF00B597E80F6D86EF7BE511F957390AF8085C4EF766","decoded/128KiB/sao.decoded","131072","75E535B42DB7505118D8B19C7C42C1F49C5542ADDC9DBC13383953659F675CE0","0.0731327","0.0571561","5.3828125","2.02734375","5.3828125","74FF260A939B01673667723D8351AAEDB679339610009ECB23C70E373B862D9F","profile_id=2;mode=fast;block_size=32768;zstd_level=3;lzma_level=9;threads=1;process_timeout_seconds=1800","""E:\MIXER\hybridzip\build\Release\hybridzip.exe"" c --profile=r2 --r2-mode=fast --block-size=32768 --zstd-level=3 --threads=1 ""E:\MIXER\hybridzip\results\experiments\hybridzip-r2-e6-fast-k4-full-20260829-w1\children\hybridzip-r2-e6-fast-k4-full-20260829-w1-fast-b32-r2\inputs\128KiB\sao.bin"" ""E:\MIXER\hybridzip\results\experiments\hybridzip-r2-e6-fast-k4-full-20260829-w1\children\hybridzip-r2-e6-fast-k4-full-20260829-w1-fast-b32-r2\archives\128KiB\sao.hz2""","""E:\MIXER\hybridzip\build\Release\hybridzip.exe"" d ""E:\MIXER\hybridzip\results\experiments\hybridzip-r2-e6-fast-k4-full-20260829-w1\children\hybridzip-r2-e6-fast-k4-full-20260829-w1-fast-b32-r2\archives\128KiB\sao.hz2"" ""E:\MIXER\hybridzip\results\experiments\hybridzip-r2-e6-fast-k4-full-20260829-w1\children\hybridzip-r2-e6-fast-k4-full-20260829-w1-fast-b32-r2\decoded\128KiB\sao.decoded""","0","0","2026-08-29T14:44:42.7903956+08:00","COMPLETE","PASS","fast-ext=4","Complete R2 archive size; SHA-256 byte-exact roundtrip verified."
"e6-fast","fast","32","2","False","1","1","4","0","00010000","1025B343","4B1AC26C40AD4DA50312FD3B694D7E636FB768C2336FE773BC82D36424C27A4B","0:1,39:1,43:2","1","5626000","5626000","5614400","5614400","5626000","5614400","hybridzip-r2-e6-fast-k4-full-20260829-w1-fast-b32-r2","r2-fast","1","28","webster","32","inputs/32KiB/webster.bin","32768","774D224695AF4057353F72602BB96CD2AFEEA059AC7737535645F11596FCA85E","archives/32KiB/webster.hz2","13777","C6BFB0873196B81170E489F34C7293A7D4D2A257E97F5E5FC20718A94D0352DD","decoded/32KiB/webster.decoded","32768","774D224695AF4057353F72602BB96CD2AFEEA059AC7737535645F11596FCA85E","0.0597363","0.0570657","2.02734375","4.234375","4.234375","74FF260A939B01673667723D8351AAEDB679339610009ECB23C70E373B862D9F","profile_id=2;mode=fast;block_size=32768;zstd_level=3;lzma_level=9;threads=1;process_timeout_seconds=1800","""E:\MIXER\hybridzip\build\Release\hybridzip.exe"" c --profile=r2 --r2-mode=fast --block-size=32768 --zstd-level=3 --threads=1 ""E:\MIXER\hybridzip\results\experiments\hybridzip-r2-e6-fast-k4-full-20260829-w1\children\hybridzip-r2-e6-fast-k4-full-20260829-w1-fast-b32-r2\inputs\32KiB\webster.bin"" ""E:\MIXER\hybridzip\results\experiments\hybridzip-r2-e6-fast-k4-full-20260829-w1\children\hybridzip-r2-e6-fast-k4-full-20260829-w1-fast-b32-r2\archives\32KiB\webster.hz2""","""E:\MIXER\hybridzip\build\Release\hybridzip.exe"" d ""E:\MIXER\hybridzip\results\experiments\hybridzip-r2-e6-fast-k4-full-20260829-w1\children\hybridzip-r2-e6-fast-k4-full-20260829-w1-fast-b32-r2\archives\32KiB\webster.hz2"" ""E:\MIXER\hybridzip\results\experiments\hybridzip-r2-e6-fast-k4-full-20260829-w1\children\hybridzip-r2-e6-fast-k4-full-20260829-w1-fast-b32-r2\decoded\32KiB\webster.decoded""","0","0","2026-08-29T14:44:43.0056254+08:00","COMPLETE","PASS","fast-ext=1","Complete R2 archive size; SHA-256 byte-exact roundtrip verified."
"e6-fast","fast","32","2","False","1","1","8","0","00010000","1025B343","4B1AC26C40AD4DA50312FD3B694D7E636FB768C2336FE773BC82D36424C27A4B","0:2,39:2,43:4","2","5543600","10847100","5516100","5568400","5543600,10847100","5516100,5568400","hybridzip-r2-e6-fast-k4-full-20260829-w1-fast-b32-r2","r2-fast","1","29","webster","64","inputs/64KiB/webster.bin","65536","262258811321382F9E4F44D2184B6B7FED0336CF831446D8336C47D6CCC2B32E","archives/64KiB/webster.hz2","25310","A277BAAF3AA36462C49000EE7C3B40CEFA3B655880550E678C7B40BF2D343EF0","decoded/64KiB/webster.decoded","65536","262258811321382F9E4F44D2184B6B7FED0336CF831446D8336C47D6CCC2B32E","0.0627359","0.0508814","2.02734375","2.31640625","2.31640625","74FF260A939B01673667723D8351AAEDB679339610009ECB23C70E373B862D9F","profile_id=2;mode=fast;block_size=32768;zstd_level=3;lzma_level=9;threads=1;process_timeout_seconds=1800","""E:\MIXER\hybridzip\build\Release\hybridzip.exe"" c --profile=r2 --r2-mode=fast --block-size=32768 --zstd-level=3 --threads=1 ""E:\MIXER\hybridzip\results\experiments\hybridzip-r2-e6-fast-k4-full-20260829-w1\children\hybridzip-r2-e6-fast-k4-full-20260829-w1-fast-b32-r2\inputs\64KiB\webster.bin"" ""E:\MIXER\hybridzip\results\experiments\hybridzip-r2-e6-fast-k4-full-20260829-w1\children\hybridzip-r2-e6-fast-k4-full-20260829-w1-fast-b32-r2\archives\64KiB\webster.hz2""","""E:\MIXER\hybridzip\build\Release\hybridzip.exe"" d ""E:\MIXER\hybridzip\results\experiments\hybridzip-r2-e6-fast-k4-full-20260829-w1\children\hybridzip-r2-e6-fast-k4-full-20260829-w1-fast-b32-r2\archives\64KiB\webster.hz2"" ""E:\MIXER\hybridzip\results\experiments\hybridzip-r2-e6-fast-k4-full-20260829-w1\children\hybridzip-r2-e6-fast-k4-full-20260829-w1-fast-b32-r2\decoded\64KiB\webster.decoded""","0","0","2026-08-29T14:44:43.2244568+08:00","COMPLETE","PASS","fast-ext=2","Complete R2 archive size; SHA-256 byte-exact roundtrip verified."
"e6-fast","fast","32","2","False","1","1","16","0","00010000","1025B343","4B1AC26C40AD4DA50312FD3B694D7E636FB768C2336FE773BC82D36424C27A4B","0:4,39:4,43:8","4","10246000","11447500","5511000","6136300","6198000,11447500,10246000,10661400","6136300,5511000,5215600,5772600","hybridzip-r2-e6-fast-k4-full-20260829-w1-fast-b32-r2","r2-fast","1","30","webster","128","inputs/128KiB/webster.bin","131072","C069C1FDCA99BC5C44F06D134CD0CDA60315DD631AA6564733B2CE0E6D59305C","archives/128KiB/webster.hz2","47763","0630886FA4CA6FE7CF2145AB69F0BE0A4B76AE05D415B4AA2599EE9FCCA23D58","decoded/128KiB/webster.decoded","131072","C069C1FDCA99BC5C44F06D134CD0CDA60315DD631AA6564733B2CE0E6D59305C","0.0907618","0.0581528","5.33203125","2.02734375","5.33203125","74FF260A939B01673667723D8351AAEDB679339610009ECB23C70E373B862D9F","profile_id=2;mode=fast;block_size=32768;zstd_level=3;lzma_level=9;threads=1;process_timeout_seconds=1800","""E:\MIXER\hybridzip\build\Release\hybridzip.exe"" c --profile=r2 --r2-mode=fast --block-size=32768 --zstd-level=3 --threads=1 ""E:\MIXER\hybridzip\results\experiments\hybridzip-r2-e6-fast-k4-full-20260829-w1\children\hybridzip-r2-e6-fast-k4-full-20260829-w1-fast-b32-r2\inputs\128KiB\webster.bin"" ""E:\MIXER\hybridzip\results\experiments\hybridzip-r2-e6-fast-k4-full-20260829-w1\children\hybridzip-r2-e6-fast-k4-full-20260829-w1-fast-b32-r2\archives\128KiB\webster.hz2""","""E:\MIXER\hybridzip\build\Release\hybridzip.exe"" d ""E:\MIXER\hybridzip\results\experiments\hybridzip-r2-e6-fast-k4-full-20260829-w1\children\hybridzip-r2-e6-fast-k4-full-20260829-w1-fast-b32-r2\archives\128KiB\webster.hz2"" ""E:\MIXER\hybridzip\results\experiments\hybridzip-r2-e6-fast-k4-full-20260829-w1\children\hybridzip-r2-e6-fast-k4-full-20260829-w1-fast-b32-r2\decoded\128KiB\webster.decoded""","0","0","2026-08-29T14:44:43.4438149+08:00","COMPLETE","PASS","fast-ext=4","Complete R2 archive size; SHA-256 byte-exact roundtrip verified."
"e6-fast","fast","32","2","False","1","1","4","0","00010000","1025B343","4B1AC26C40AD4DA50312FD3B694D7E636FB768C2336FE773BC82D36424C27A4B","0:1,39:1,43:2","1","4865500","4865500","4841400","4841400","4865500","4841400","hybridzip-r2-e6-fast-k4-full-20260829-w1-fast-b32-r2","r2-fast","1","31","x-ray","32","inputs/32KiB/x-ray.bin","32768","10511AA63DFBD9C0DDBFEFE36068740103D4BA1116E214154A0772057D7E9314","archives/32KiB/x-ray.hz2","18333","98E1D7A77EBCA9C377E0C0D0FE80C5DC2977243C3B26E9143E93D8AAE5114D00","decoded/32KiB/x-ray.decoded","32768","10511AA63DFBD9C0DDBFEFE36068740103D4BA1116E214154A0772057D7E9314","0.064529","0.0542031","3.60546875","4.52734375","4.52734375","74FF260A939B01673667723D8351AAEDB679339610009ECB23C70E373B862D9F","profile_id=2;mode=fast;block_size=32768;zstd_level=3;lzma_level=9;threads=1;process_timeout_seconds=1800","""E:\MIXER\hybridzip\build\Release\hybridzip.exe"" c --profile=r2 --r2-mode=fast --block-size=32768 --zstd-level=3 --threads=1 ""E:\MIXER\hybridzip\results\experiments\hybridzip-r2-e6-fast-k4-full-20260829-w1\children\hybridzip-r2-e6-fast-k4-full-20260829-w1-fast-b32-r2\inputs\32KiB\x-ray.bin"" ""E:\MIXER\hybridzip\results\experiments\hybridzip-r2-e6-fast-k4-full-20260829-w1\children\hybridzip-r2-e6-fast-k4-full-20260829-w1-fast-b32-r2\archives\32KiB\x-ray.hz2""","""E:\MIXER\hybridzip\build\Release\hybridzip.exe"" d ""E:\MIXER\hybridzip\results\experiments\hybridzip-r2-e6-fast-k4-full-20260829-w1\children\hybridzip-r2-e6-fast-k4-full-20260829-w1-fast-b32-r2\archives\32KiB\x-ray.hz2"" ""E:\MIXER\hybridzip\results\experiments\hybridzip-r2-e6-fast-k4-full-20260829-w1\children\hybridzip-r2-e6-fast-k4-full-20260829-w1-fast-b32-r2\decoded\32KiB\x-ray.decoded""","0","0","2026-08-29T14:44:43.6912851+08:00","COMPLETE","PASS","fast-ext=1","Complete R2 archive size; SHA-256 byte-exact roundtrip verified."
"e6-fast","fast","32","2","False","1","1","8","0","00010000","1025B343","4B1AC26C40AD4DA50312FD3B694D7E636FB768C2336FE773BC82D36424C27A4B","0:2,39:2,43:4","2","4771600","9227800","4709500","4726100","4771600,9227800","4709500,4726100","hybridzip-r2-e6-fast-k4-full-20260829-w1-fast-b32-r2","r2-fast","1","32","x-ray","64","inputs/64KiB/x-ray.bin","65536","B5A07146616BCD7C2D10071D41E07D204DE0AC629C4CA37D8E867FF00574D0D8","archives/64KiB/x-ray.hz2","36656","8FA54EDD678FBABEB946F8C5DE2812AB7CC3EAB0B98999FC86990B99B0F2F494","decoded/64KiB/x-ray.decoded","65536","B5A07146616BCD7C2D10071D41E07D204DE0AC629C4CA37D8E867FF00574D0D8","0.0657352","0.0517599","5.30078125","2.02734375","5.30078125","74FF260A939B01673667723D8351AAEDB679339610009ECB23C70E373B862D9F","profile_id=2;mode=fast;block_size=32768;zstd_level=3;lzma_level=9;threads=1;process_timeout_seconds=1800","""E:\MIXER\hybridzip\build\Release\hybridzip.exe"" c --profile=r2 --r2-mode=fast --block-size=32768 --zstd-level=3 --threads=1 ""E:\MIXER\hybridzip\results\experiments\hybridzip-r2-e6-fast-k4-full-20260829-w1\children\hybridzip-r2-e6-fast-k4-full-20260829-w1-fast-b32-r2\inputs\64KiB\x-ray.bin"" ""E:\MIXER\hybridzip\results\experiments\hybridzip-r2-e6-fast-k4-full-20260829-w1\children\hybridzip-r2-e6-fast-k4-full-20260829-w1-fast-b32-r2\archives\64KiB\x-ray.hz2""","""E:\MIXER\hybridzip\build\Release\hybridzip.exe"" d ""E:\MIXER\hybridzip\results\experiments\hybridzip-r2-e6-fast-k4-full-20260829-w1\children\hybridzip-r2-e6-fast-k4-full-20260829-w1-fast-b32-r2\archives\64KiB\x-ray.hz2"" ""E:\MIXER\hybridzip\results\experiments\hybridzip-r2-e6-fast-k4-full-20260829-w1\children\hybridzip-r2-e6-fast-k4-full-20260829-w1-fast-b32-r2\decoded\64KiB\x-ray.decoded""","0","0","2026-08-29T14:44:43.9066687+08:00","COMPLETE","PASS","fast-ext=2","Complete R2 archive size; SHA-256 byte-exact roundtrip verified."
"e6-fast","fast","32","2","False","1","1","16","0","00010000","1025B343","4B1AC26C40AD4DA50312FD3B694D7E636FB768C2336FE773BC82D36424C27A4B","0:4,39:4,43:8","4","8432400","9282700","4478700","4807500","4734700,9282700,8570800,8432400","4713200,4807500,4367300,4478700","hybridzip-r2-e6-fast-k4-full-20260829-w1-fast-b32-r2","r2-fast","1","33","x-ray","128","inputs/128KiB/x-ray.bin","131072","7A65B793FB2A694C20686275A899B304445473528F7C998BE26F8C68EB18F76E","archives/128KiB/x-ray.hz2","73361","83B8B676F210E734DDB368A81233AFD9296356AAE1F5568C73B64E9C0F7DC602","decoded/128KiB/x-ray.decoded","131072","7A65B793FB2A694C20686275A899B304445473528F7C998BE26F8C68EB18F76E","0.0654741","0.0689288","5.3359375","2.02734375","5.3359375","74FF260A939B01673667723D8351AAEDB679339610009ECB23C70E373B862D9F","profile_id=2;mode=fast;block_size=32768;zstd_level=3;lzma_level=9;threads=1;process_timeout_seconds=1800","""E:\MIXER\hybridzip\build\Release\hybridzip.exe"" c --profile=r2 --r2-mode=fast --block-size=32768 --zstd-level=3 --threads=1 ""E:\MIXER\hybridzip\results\experiments\hybridzip-r2-e6-fast-k4-full-20260829-w1\children\hybridzip-r2-e6-fast-k4-full-20260829-w1-fast-b32-r2\inputs\128KiB\x-ray.bin"" ""E:\MIXER\hybridzip\results\experiments\hybridzip-r2-e6-fast-k4-full-20260829-w1\children\hybridzip-r2-e6-fast-k4-full-20260829-w1-fast-b32-r2\archives\128KiB\x-ray.hz2""","""E:\MIXER\hybridzip\build\Release\hybridzip.exe"" d ""E:\MIXER\hybridzip\results\experiments\hybridzip-r2-e6-fast-k4-full-20260829-w1\children\hybridzip-r2-e6-fast-k4-full-20260829-w1-fast-b32-r2\archives\128KiB\x-ray.hz2"" ""E:\MIXER\hybridzip\results\experiments\hybridzip-r2-e6-fast-k4-full-20260829-w1\children\hybridzip-r2-e6-fast-k4-full-20260829-w1-fast-b32-r2\decoded\128KiB\x-ray.decoded""","0","0","2026-08-29T14:44:44.1214684+08:00","COMPLETE","PASS","fast-ext=4","Complete R2 archive size; SHA-256 byte-exact roundtrip verified."
"e6-fast","fast","32","2","False","1","1","4","0","00010000","1025B343","4B1AC26C40AD4DA50312FD3B694D7E636FB768C2336FE773BC82D36424C27A4B","0:1,39:1,43:2","1","4592900","4592900","4536100","4536100","4592900","4536100","hybridzip-r2-e6-fast-k4-full-20260829-w1-fast-b32-r2","r2-fast","1","34","xml","32","inputs/32KiB/xml.bin","32768","C2F7F129956F8D6FC3D0E3595D93F98D5270B6F5BC4AB5E70F45867822EFDD71","archives/32KiB/xml.hz2","3482","56F41DBDDA90FC3592677AFFC82010F6A6A7A6C4C20822D14EA66068FF071D40","decoded/32KiB/xml.decoded","32768","C2F7F129956F8D6FC3D0E3595D93F98D5270B6F5BC4AB5E70F45867822EFDD71","0.0549299","0.0548917","2.2734375","2.02734375","2.2734375","74FF260A939B01673667723D8351AAEDB679339610009ECB23C70E373B862D9F","profile_id=2;mode=fast;block_size=32768;zstd_level=3;lzma_level=9;threads=1;process_timeout_seconds=1800","""E:\MIXER\hybridzip\build\Release\hybridzip.exe"" c --profile=r2 --r2-mode=fast --block-size=32768 --zstd-level=3 --threads=1 ""E:\MIXER\hybridzip\results\experiments\hybridzip-r2-e6-fast-k4-full-20260829-w1\children\hybridzip-r2-e6-fast-k4-full-20260829-w1-fast-b32-r2\inputs\32KiB\xml.bin"" ""E:\MIXER\hybridzip\results\experiments\hybridzip-r2-e6-fast-k4-full-20260829-w1\children\hybridzip-r2-e6-fast-k4-full-20260829-w1-fast-b32-r2\archives\32KiB\xml.hz2""","""E:\MIXER\hybridzip\build\Release\hybridzip.exe"" d ""E:\MIXER\hybridzip\results\experiments\hybridzip-r2-e6-fast-k4-full-20260829-w1\children\hybridzip-r2-e6-fast-k4-full-20260829-w1-fast-b32-r2\archives\32KiB\xml.hz2"" ""E:\MIXER\hybridzip\results\experiments\hybridzip-r2-e6-fast-k4-full-20260829-w1\children\hybridzip-r2-e6-fast-k4-full-20260829-w1-fast-b32-r2\decoded\32KiB\xml.decoded""","0","0","2026-08-29T14:44:44.3522893+08:00","COMPLETE","PASS","fast-ext=1","Complete R2 archive size; SHA-256 byte-exact roundtrip verified."
"e6-fast","fast","32","2","False","1","1","8","0","00010000","1025B343","4B1AC26C40AD4DA50312FD3B694D7E636FB768C2336FE773BC82D36424C27A4B","0:2,39:2,43:4","2","4838700","8866500","4270700","4689000","4838700,8866500","4689000,4270700","hybridzip-r2-e6-fast-k4-full-20260829-w1-fast-b32-r2","r2-fast","1","35","xml","64","inputs/64KiB/xml.bin","65536","E32AFF2BEBF00105A17DD57F5490C1986D17543CEE837B42EB56B3E0E6F8E7F1","archives/64KiB/xml.hz2","6827","8DDDD1AEEF016C75C29D9E9A103910A372201C3ED68CEC6F431976EF7FC24011","decoded/64KiB/xml.decoded","65536","E32AFF2BEBF00105A17DD57F5490C1986D17543CEE837B42EB56B3E0E6F8E7F1","0.0830703","0.0479678","3.5078125","2.02734375","3.5078125","74FF260A939B01673667723D8351AAEDB679339610009ECB23C70E373B862D9F","profile_id=2;mode=fast;block_size=32768;zstd_level=3;lzma_level=9;threads=1;process_timeout_seconds=1800","""E:\MIXER\hybridzip\build\Release\hybridzip.exe"" c --profile=r2 --r2-mode=fast --block-size=32768 --zstd-level=3 --threads=1 ""E:\MIXER\hybridzip\results\experiments\hybridzip-r2-e6-fast-k4-full-20260829-w1\children\hybridzip-r2-e6-fast-k4-full-20260829-w1-fast-b32-r2\inputs\64KiB\xml.bin"" ""E:\MIXER\hybridzip\results\experiments\hybridzip-r2-e6-fast-k4-full-20260829-w1\children\hybridzip-r2-e6-fast-k4-full-20260829-w1-fast-b32-r2\archives\64KiB\xml.hz2""","""E:\MIXER\hybridzip\build\Release\hybridzip.exe"" d ""E:\MIXER\hybridzip\results\experiments\hybridzip-r2-e6-fast-k4-full-20260829-w1\children\hybridzip-r2-e6-fast-k4-full-20260829-w1-fast-b32-r2\archives\64KiB\xml.hz2"" ""E:\MIXER\hybridzip\results\experiments\hybridzip-r2-e6-fast-k4-full-20260829-w1\children\hybridzip-r2-e6-fast-k4-full-20260829-w1-fast-b32-r2\decoded\64KiB\xml.decoded""","0","0","2026-08-29T14:44:44.5574782+08:00","COMPLETE","PASS","fast-ext=2","Complete R2 archive size; SHA-256 byte-exact roundtrip verified."
"e6-fast","fast","32","2","False","1","1","16","0","00010000","1025B343","4B1AC26C40AD4DA50312FD3B694D7E636FB768C2336FE773BC82D36424C27A4B","0:4,39:4,43:8","4","8679000","8793300","4559900","4669900","4678300,8738200,8679000,8793300","4669900,4352100,4559900,4637300","hybridzip-r2-e6-fast-k4-full-20260829-w1-fast-b32-r2","r2-fast","1","36","xml","128","inputs/128KiB/xml.bin","131072","5FA29C746885F2EEB98734218475915A78092CCB3B0F68B08861EE210E5B6E25","archives/128KiB/xml.hz2","13794","9195949679C3C831794F96003D0A375D084A314668FFAF2884E37AA7D8744A73","decoded/128KiB/xml.decoded","131072","5FA29C746885F2EEB98734218475915A78092CCB3B0F68B08861EE210E5B6E25","0.0694596","0.0659834","5.33984375","3.421875","5.33984375","74FF260A939B01673667723D8351AAEDB679339610009ECB23C70E373B862D9F","profile_id=2;mode=fast;block_size=32768;zstd_level=3;lzma_level=9;threads=1;process_timeout_seconds=1800","""E:\MIXER\hybridzip\build\Release\hybridzip.exe"" c --profile=r2 --r2-mode=fast --block-size=32768 --zstd-level=3 --threads=1 ""E:\MIXER\hybridzip\results\experiments\hybridzip-r2-e6-fast-k4-full-20260829-w1\children\hybridzip-r2-e6-fast-k4-full-20260829-w1-fast-b32-r2\inputs\128KiB\xml.bin"" ""E:\MIXER\hybridzip\results\experiments\hybridzip-r2-e6-fast-k4-full-20260829-w1\children\hybridzip-r2-e6-fast-k4-full-20260829-w1-fast-b32-r2\archives\128KiB\xml.hz2""","""E:\MIXER\hybridzip\build\Release\hybridzip.exe"" d ""E:\MIXER\hybridzip\results\experiments\hybridzip-r2-e6-fast-k4-full-20260829-w1\children\hybridzip-r2-e6-fast-k4-full-20260829-w1-fast-b32-r2\archives\128KiB\xml.hz2"" ""E:\MIXER\hybridzip\results\experiments\hybridzip-r2-e6-fast-k4-full-20260829-w1\children\hybridzip-r2-e6-fast-k4-full-20260829-w1-fast-b32-r2\decoded\128KiB\xml.decoded""","0","0","2026-08-29T14:44:44.7932385+08:00","COMPLETE","PASS","fast-ext=4","Complete R2 archive size; SHA-256 byte-exact roundtrip verified."
"e6-fast","fast","32","3","False","1","1","4","0","00010000","1025B343","4B1AC26C40AD4DA50312FD3B694D7E636FB768C2336FE773BC82D36424C27A4B","0:1,39:1,43:2","1","6141300","6141300","6083100","6083100","6141300","6083100","hybridzip-r2-e6-fast-k4-full-20260829-w1-fast-b32-r3","r2-fast","1","1","dickens","32","inputs/32KiB/dickens.bin","32768","FC42DCB9849222C8704C9DCAE606D075B389B66244FB215035148D6409EC0B31","archives/32KiB/dickens.hz2","14204","84C64B0BA4703663A91F3B007AF2F41B20CFF55C0458B294CCA26DC7E6D92C03","decoded/32KiB/dickens.decoded","32768","FC42DCB9849222C8704C9DCAE606D075B389B66244FB215035148D6409EC0B31","0.0511972","0.0435868","3.17578125","2.02734375","3.17578125","74FF260A939B01673667723D8351AAEDB679339610009ECB23C70E373B862D9F","profile_id=2;mode=fast;block_size=32768;zstd_level=3;lzma_level=9;threads=1;process_timeout_seconds=1800","""E:\MIXER\hybridzip\build\Release\hybridzip.exe"" c --profile=r2 --r2-mode=fast --block-size=32768 --zstd-level=3 --threads=1 ""E:\MIXER\hybridzip\results\experiments\hybridzip-r2-e6-fast-k4-full-20260829-w1\children\hybridzip-r2-e6-fast-k4-full-20260829-w1-fast-b32-r3\inputs\32KiB\dickens.bin"" ""E:\MIXER\hybridzip\results\experiments\hybridzip-r2-e6-fast-k4-full-20260829-w1\children\hybridzip-r2-e6-fast-k4-full-20260829-w1-fast-b32-r3\archives\32KiB\dickens.hz2""","""E:\MIXER\hybridzip\build\Release\hybridzip.exe"" d ""E:\MIXER\hybridzip\results\experiments\hybridzip-r2-e6-fast-k4-full-20260829-w1\children\hybridzip-r2-e6-fast-k4-full-20260829-w1-fast-b32-r3\archives\32KiB\dickens.hz2"" ""E:\MIXER\hybridzip\results\experiments\hybridzip-r2-e6-fast-k4-full-20260829-w1\children\hybridzip-r2-e6-fast-k4-full-20260829-w1-fast-b32-r3\decoded\32KiB\dickens.decoded""","0","0","2026-08-29T14:44:46.3091063+08:00","COMPLETE","PASS","fast-ext=1","Complete R2 archive size; SHA-256 byte-exact roundtrip verified."
"e6-fast","fast","32","3","False","1","1","8","0","00010000","1025B343","4B1AC26C40AD4DA50312FD3B694D7E636FB768C2336FE773BC82D36424C27A4B","0:2,39:2,43:4","2","5898700","11614400","5887100","5933800","5898700,11614400","5887100,5933800","hybridzip-r2-e6-fast-k4-full-20260829-w1-fast-b32-r3","r2-fast","1","2","dickens","64","inputs/64KiB/dickens.bin","65536","134AD989A7B8B40C900A3B9C0F4895317DFD827D9E6E933895B08D2F4A8A8293","archives/64KiB/dickens.hz2","28111","34E6A0BD4BC3DE883E685A21F7A2DE5E97D14CA78B66575DB7670E676C7FA5C9","decoded/64KiB/dickens.decoded","65536","134AD989A7B8B40C900A3B9C0F4895317DFD827D9E6E933895B08D2F4A8A8293","0.0619853","0.0577901","5.3125","2.02734375","5.3125","74FF260A939B01673667723D8351AAEDB679339610009ECB23C70E373B862D9F","profile_id=2;mode=fast;block_size=32768;zstd_level=3;lzma_level=9;threads=1;process_timeout_seconds=1800","""E:\MIXER\hybridzip\build\Release\hybridzip.exe"" c --profile=r2 --r2-mode=fast --block-size=32768 --zstd-level=3 --threads=1 ""E:\MIXER\hybridzip\results\experiments\hybridzip-r2-e6-fast-k4-full-20260829-w1\children\hybridzip-r2-e6-fast-k4-full-20260829-w1-fast-b32-r3\inputs\64KiB\dickens.bin"" ""E:\MIXER\hybridzip\results\experiments\hybridzip-r2-e6-fast-k4-full-20260829-w1\children\hybridzip-r2-e6-fast-k4-full-20260829-w1-fast-b32-r3\archives\64KiB\dickens.hz2""","""E:\MIXER\hybridzip\build\Release\hybridzip.exe"" d ""E:\MIXER\hybridzip\results\experiments\hybridzip-r2-e6-fast-k4-full-20260829-w1\children\hybridzip-r2-e6-fast-k4-full-20260829-w1-fast-b32-r3\archives\64KiB\dickens.hz2"" ""E:\MIXER\hybridzip\results\experiments\hybridzip-r2-e6-fast-k4-full-20260829-w1\children\hybridzip-r2-e6-fast-k4-full-20260829-w1-fast-b32-r3\decoded\64KiB\dickens.decoded""","0","0","2026-08-29T14:44:46.4731895+08:00","COMPLETE","PASS","fast-ext=2","Complete R2 archive size; SHA-256 byte-exact roundtrip verified."
"e6-fast","fast","32","3","False","1","1","16","0","00010000","1025B343","4B1AC26C40AD4DA50312FD3B694D7E636FB768C2336FE773BC82D36424C27A4B","0:4,39:4,43:8","4","10751500","11270600","5673200","5765600","5772300,11270600,10751500,10833900","5765600,5733400,5673200,5496300","hybridzip-r2-e6-fast-k4-full-20260829-w1-fast-b32-r3","r2-fast","1","3","dickens","128","inputs/128KiB/dickens.bin","131072","20E33FCC8FAA96DC32A2D0921115C0F363E64C598A5847CE1A3876E356D59872","archives/128KiB/dickens.hz2","55704","2D712EDE702CB8C81F6189532D5D198512ECD2A0DCFB0E19BFBF935E5BE0EDA3","decoded/128KiB/dickens.decoded","131072","20E33FCC8FAA96DC32A2D0921115C0F363E64C598A5847CE1A3876E356D59872","0.0754631","0.0426213","5.3515625","2.02734375","5.3515625","74FF260A939B01673667723D8351AAEDB679339610009ECB23C70E373B862D9F","profile_id=2;mode=fast;block_size=32768;zstd_level=3;lzma_level=9;threads=1;process_timeout_seconds=1800","""E:\MIXER\hybridzip\build\Release\hybridzip.exe"" c --profile=r2 --r2-mode=fast --block-size=32768 --zstd-level=3 --threads=1 ""E:\MIXER\hybridzip\results\experiments\hybridzip-r2-e6-fast-k4-full-20260829-w1\children\hybridzip-r2-e6-fast-k4-full-20260829-w1-fast-b32-r3\inputs\128KiB\dickens.bin"" ""E:\MIXER\hybridzip\results\experiments\hybridzip-r2-e6-fast-k4-full-20260829-w1\children\hybridzip-r2-e6-fast-k4-full-20260829-w1-fast-b32-r3\archives\128KiB\dickens.hz2""","""E:\MIXER\hybridzip\build\Release\hybridzip.exe"" d ""E:\MIXER\hybridzip\results\experiments\hybridzip-r2-e6-fast-k4-full-20260829-w1\children\hybridzip-r2-e6-fast-k4-full-20260829-w1-fast-b32-r3\archives\128KiB\dickens.hz2"" ""E:\MIXER\hybridzip\results\experiments\hybridzip-r2-e6-fast-k4-full-20260829-w1\children\hybridzip-r2-e6-fast-k4-full-20260829-w1-fast-b32-r3\decoded\128KiB\dickens.decoded""","0","0","2026-08-29T14:44:46.6679182+08:00","COMPLETE","PASS","fast-ext=4","Complete R2 archive size; SHA-256 byte-exact roundtrip verified."
"e6-fast","fast","32","3","False","1","1","4","0","00010000","1025B343","4B1AC26C40AD4DA50312FD3B694D7E636FB768C2336FE773BC82D36424C27A4B","0:1,39:1,43:2","1","7587900","7587900","7539300","7539300","7587900","7539300","hybridzip-r2-e6-fast-k4-full-20260829-w1-fast-b32-r3","r2-fast","1","4","mozilla","32","inputs/32KiB/mozilla.bin","32768","9DDEEF36CA0CA55B72FE3376D005926DFF3400A2ADE6EAE18482D8017D8645DB","archives/32KiB/mozilla.hz2","11271","4CD226F53512BD2FDCC6A275218620CD82E584E48F1518CE021243B6B4F3F00E","decoded/32KiB/mozilla.decoded","32768","9DDEEF36CA0CA55B72FE3376D005926DFF3400A2ADE6EAE18482D8017D8645DB","0.0596299","0.0496181","2.02734375","2.59765625","2.59765625","74FF260A939B01673667723D8351AAEDB679339610009ECB23C70E373B862D9F","profile_id=2;mode=fast;block_size=32768;zstd_level=3;lzma_level=9;threads=1;process_timeout_seconds=1800","""E:\MIXER\hybridzip\build\Release\hybridzip.exe"" c --profile=r2 --r2-mode=fast --block-size=32768 --zstd-level=3 --threads=1 ""E:\MIXER\hybridzip\results\experiments\hybridzip-r2-e6-fast-k4-full-20260829-w1\children\hybridzip-r2-e6-fast-k4-full-20260829-w1-fast-b32-r3\inputs\32KiB\mozilla.bin"" ""E:\MIXER\hybridzip\results\experiments\hybridzip-r2-e6-fast-k4-full-20260829-w1\children\hybridzip-r2-e6-fast-k4-full-20260829-w1-fast-b32-r3\archives\32KiB\mozilla.hz2""","""E:\MIXER\hybridzip\build\Release\hybridzip.exe"" d ""E:\MIXER\hybridzip\results\experiments\hybridzip-r2-e6-fast-k4-full-20260829-w1\children\hybridzip-r2-e6-fast-k4-full-20260829-w1-fast-b32-r3\archives\32KiB\mozilla.hz2"" ""E:\MIXER\hybridzip\results\experiments\hybridzip-r2-e6-fast-k4-full-20260829-w1\children\hybridzip-r2-e6-fast-k4-full-20260829-w1-fast-b32-r3\decoded\32KiB\mozilla.decoded""","0","0","2026-08-29T14:44:46.8563099+08:00","COMPLETE","PASS","fast-ext=1","Complete R2 archive size; SHA-256 byte-exact roundtrip verified."
"e6-fast","fast","32","3","False","1","1","8","0","00010000","1025B343","4B1AC26C40AD4DA50312FD3B694D7E636FB768C2336FE773BC82D36424C27A4B","0:2,39:2,43:4","2","8376600","14750000","6700600","7748200","8376600,14750000","7748200,6700600","hybridzip-r2-e6-fast-k4-full-20260829-w1-fast-b32-r3","r2-fast","1","5","mozilla","64","inputs/64KiB/mozilla.bin","65536","B0050240663F54371D372303EEABA0A59AB0758BCD565F4F639D06561E6BC996","archives/64KiB/mozilla.hz2","18132","61FC418B7B61A467CC526681DA499F3383A5FC1E13D9BE62BC2D38B589090715","decoded/64KiB/mozilla.decoded","65536","B0050240663F54371D372303EEABA0A59AB0758BCD565F4F639D06561E6BC996","0.0708794","0.0492382","5.33203125","3.37890625","5.33203125","74FF260A939B01673667723D8351AAEDB679339610009ECB23C70E373B862D9F","profile_id=2;mode=fast;block_size=32768;zstd_level=3;lzma_level=9;threads=1;process_timeout_seconds=1800","""E:\MIXER\hybridzip\build\Release\hybridzip.exe"" c --profile=r2 --r2-mode=fast --block-size=32768 --zstd-level=3 --threads=1 ""E:\MIXER\hybridzip\results\experiments\hybridzip-r2-e6-fast-k4-full-20260829-w1\children\hybridzip-r2-e6-fast-k4-full-20260829-w1-fast-b32-r3\inputs\64KiB\mozilla.bin"" ""E:\MIXER\hybridzip\results\experiments\hybridzip-r2-e6-fast-k4-full-20260829-w1\children\hybridzip-r2-e6-fast-k4-full-20260829-w1-fast-b32-r3\archives\64KiB\mozilla.hz2""","""E:\MIXER\hybridzip\build\Release\hybridzip.exe"" d ""E:\MIXER\hybridzip\results\experiments\hybridzip-r2-e6-fast-k4-full-20260829-w1\children\hybridzip-r2-e6-fast-k4-full-20260829-w1-fast-b32-r3\archives\64KiB\mozilla.hz2"" ""E:\MIXER\hybridzip\results\experiments\hybridzip-r2-e6-fast-k4-full-20260829-w1\children\hybridzip-r2-e6-fast-k4-full-20260829-w1-fast-b32-r3\decoded\64KiB\mozilla.decoded""","0","0","2026-08-29T14:44:47.0299495+08:00","COMPLETE","PASS","fast-ext=2","Complete R2 archive size; SHA-256 byte-exact roundtrip verified."
"e6-fast","fast","32","3","False","1","1","16","0","00010000","1025B343","4B1AC26C40AD4DA50312FD3B694D7E636FB768C2336FE773BC82D36424C27A4B","0:4,39:4,43:8","4","10284200","14720900","6338300","7949700","7956400,14720900,12892300,10284200","7949700,7025000,6338300,4289500","hybridzip-r2-e6-fast-k4-full-20260829-w1-fast-b32-r3","r2-fast","1","6","mozilla","128","inputs/128KiB/mozilla.bin","131072","85CDBEA98382DB12E9A21FF90E1907452712D074000A6B855D2CA215FA591EB4","archives/128KiB/mozilla.hz2","27190","EDDDC93BB254A54A1F030848D260325EC8333DD6EC6AFEBB986B9721F8DA1195","decoded/128KiB/mozilla.decoded","131072","85CDBEA98382DB12E9A21FF90E1907452712D074000A6B855D2CA215FA591EB4","0.0762529","0.0466882","5.31640625","2.65625","5.31640625","74FF260A939B01673667723D8351AAEDB679339610009ECB23C70E373B862D9F","profile_id=2;mode=fast;block_size=32768;zstd_level=3;lzma_level=9;threads=1;process_timeout_seconds=1800","""E:\MIXER\hybridzip\build\Release\hybridzip.exe"" c --profile=r2 --r2-mode=fast --block-size=32768 --zstd-level=3 --threads=1 ""E:\MIXER\hybridzip\results\experiments\hybridzip-r2-e6-fast-k4-full-20260829-w1\children\hybridzip-r2-e6-fast-k4-full-20260829-w1-fast-b32-r3\inputs\128KiB\mozilla.bin"" ""E:\MIXER\hybridzip\results\experiments\hybridzip-r2-e6-fast-k4-full-20260829-w1\children\hybridzip-r2-e6-fast-k4-full-20260829-w1-fast-b32-r3\archives\128KiB\mozilla.hz2""","""E:\MIXER\hybridzip\build\Release\hybridzip.exe"" d ""E:\MIXER\hybridzip\results\experiments\hybridzip-r2-e6-fast-k4-full-20260829-w1\children\hybridzip-r2-e6-fast-k4-full-20260829-w1-fast-b32-r3\archives\128KiB\mozilla.hz2"" ""E:\MIXER\hybridzip\results\experiments\hybridzip-r2-e6-fast-k4-full-20260829-w1\children\hybridzip-r2-e6-fast-k4-full-20260829-w1-fast-b32-r3\decoded\128KiB\mozilla.decoded""","0","0","2026-08-29T14:44:47.2146123+08:00","COMPLETE","PASS","fast-ext=4","Complete R2 archive size; SHA-256 byte-exact roundtrip verified."
"e6-fast","fast","32","3","False","1","1","4","0","00010000","1025B343","4B1AC26C40AD4DA50312FD3B694D7E636FB768C2336FE773BC82D36424C27A4B","0:1,39:1,43:2","1","8143000","8143000","8007100","8007100","8143000","8007100","hybridzip-r2-e6-fast-k4-full-20260829-w1-fast-b32-r3","r2-fast","1","7","mr","32","inputs/32KiB/mr.bin","32768","3BB287B0AF65F777AB00C14E362B4D1962087260556001BBEE0689AA10D9F76A","archives/32KiB/mr.hz2","8048","1714DBB5BB3CCAA1E4937B66A0FCB3167C72C9249EFBC13D3504240A49B144C4","decoded/32KiB/mr.decoded","32768","3BB287B0AF65F777AB00C14E362B4D1962087260556001BBEE0689AA10D9F76A","0.0550946","0.0553345","5.19140625","2.02734375","5.19140625","74FF260A939B01673667723D8351AAEDB679339610009ECB23C70E373B862D9F","profile_id=2;mode=fast;block_size=32768;zstd_level=3;lzma_level=9;threads=1;process_timeout_seconds=1800","""E:\MIXER\hybridzip\build\Release\hybridzip.exe"" c --profile=r2 --r2-mode=fast --block-size=32768 --zstd-level=3 --threads=1 ""E:\MIXER\hybridzip\results\experiments\hybridzip-r2-e6-fast-k4-full-20260829-w1\children\hybridzip-r2-e6-fast-k4-full-20260829-w1-fast-b32-r3\inputs\32KiB\mr.bin"" ""E:\MIXER\hybridzip\results\experiments\hybridzip-r2-e6-fast-k4-full-20260829-w1\children\hybridzip-r2-e6-fast-k4-full-20260829-w1-fast-b32-r3\archives\32KiB\mr.hz2""","""E:\MIXER\hybridzip\build\Release\hybridzip.exe"" d ""E:\MIXER\hybridzip\results\experiments\hybridzip-r2-e6-fast-k4-full-20260829-w1\children\hybridzip-r2-e6-fast-k4-full-20260829-w1-fast-b32-r3\archives\32KiB\mr.hz2"" ""E:\MIXER\hybridzip\results\experiments\hybridzip-r2-e6-fast-k4-full-20260829-w1\children\hybridzip-r2-e6-fast-k4-full-20260829-w1-fast-b32-r3\decoded\32KiB\mr.decoded""","0","0","2026-08-29T14:44:47.6244248+08:00","COMPLETE","PASS","fast-ext=1","Complete R2 archive size; SHA-256 byte-exact roundtrip verified."
"e6-fast","fast","32","3","False","1","1","8","0","00010000","1025B343","4B1AC26C40AD4DA50312FD3B694D7E636FB768C2336FE773BC82D36424C27A4B","0:2,39:2,43:4","2","8343400","14865900","6779300","8295000","8343400,14865900","8295000,6779300","hybridzip-r2-e6-fast-k4-full-20260829-w1-fast-b32-r3","r2-fast","1","8","mr","64","inputs/64KiB/mr.bin","65536","CAB7B6408934009A4BBFEDB57BEB4943BF5478CF8B3688D01F004E0422EBC651","archives/64KiB/mr.hz2","14495","F1D6F80CD8AD1A917E0037C6BBED5E0FB6DC71BD73C0279166F5E166D834F75D","decoded/64KiB/mr.decoded","65536","CAB7B6408934009A4BBFEDB57BEB4943BF5478CF8B3688D01F004E0422EBC651","0.0708008","0.0488619","5.29296875","2.02734375","5.29296875","74FF260A939B01673667723D8351AAEDB679339610009ECB23C70E373B862D9F","profile_id=2;mode=fast;block_size=32768;zstd_level=3;lzma_level=9;threads=1;process_timeout_seconds=1800","""E:\MIXER\hybridzip\build\Release\hybridzip.exe"" c --profile=r2 --r2-mode=fast --block-size=32768 --zstd-level=3 --threads=1 ""E:\MIXER\hybridzip\results\experiments\hybridzip-r2-e6-fast-k4-full-20260829-w1\children\hybridzip-r2-e6-fast-k4-full-20260829-w1-fast-b32-r3\inputs\64KiB\mr.bin"" ""E:\MIXER\hybridzip\results\experiments\hybridzip-r2-e6-fast-k4-full-20260829-w1\children\hybridzip-r2-e6-fast-k4-full-20260829-w1-fast-b32-r3\archives\64KiB\mr.hz2""","""E:\MIXER\hybridzip\build\Release\hybridzip.exe"" d ""E:\MIXER\hybridzip\results\experiments\hybridzip-r2-e6-fast-k4-full-20260829-w1\children\hybridzip-r2-e6-fast-k4-full-20260829-w1-fast-b32-r3\archives\64KiB\mr.hz2"" ""E:\MIXER\hybridzip\results\experiments\hybridzip-r2-e6-fast-k4-full-20260829-w1\children\hybridzip-r2-e6-fast-k4-full-20260829-w1-fast-b32-r3\decoded\64KiB\mr.decoded""","0","0","2026-08-29T14:44:47.8115476+08:00","COMPLETE","PASS","fast-ext=2","Complete R2 archive size; SHA-256 byte-exact roundtrip verified."
"e6-fast","fast","32","3","False","1","1","16","0","00010000","1025B343","4B1AC26C40AD4DA50312FD3B694D7E636FB768C2336FE773BC82D36424C27A4B","0:4,39:4,43:8","4","11834000","14412100","6194200","7846600","8020100,14412100,12233800,11834000","7846600,6628300,6071600,6194200","hybridzip-r2-e6-fast-k4-full-20260829-w1-fast-b32-r3","r2-fast","1","9","mr","128","inputs/128KiB/mr.bin","131072","473A6A883480C7B2E69402AD888AC07B347C2DF61C6AA0D84E8B8130A27792EA","archives/128KiB/mr.hz2","27367","CD5FE03FC2013EE6EA4B5FBB9F678A54A41EA2D5B4586F984A29DACD35ADF5F0","decoded/128KiB/mr.decoded","131072","473A6A883480C7B2E69402AD888AC07B347C2DF61C6AA0D84E8B8130A27792EA","0.0710477","0.0600068","5.33984375","2.02734375","5.33984375","74FF260A939B01673667723D8351AAEDB679339610009ECB23C70E373B862D9F","profile_id=2;mode=fast;block_size=32768;zstd_level=3;lzma_level=9;threads=1;process_timeout_seconds=1800","""E:\MIXER\hybridzip\build\Release\hybridzip.exe"" c --profile=r2 --r2-mode=fast --block-size=32768 --zstd-level=3 --threads=1 ""E:\MIXER\hybridzip\results\experiments\hybridzip-r2-e6-fast-k4-full-20260829-w1\children\hybridzip-r2-e6-fast-k4-full-20260829-w1-fast-b32-r3\inputs\128KiB\mr.bin"" ""E:\MIXER\hybridzip\results\experiments\hybridzip-r2-e6-fast-k4-full-20260829-w1\children\hybridzip-r2-e6-fast-k4-full-20260829-w1-fast-b32-r3\archives\128KiB\mr.hz2""","""E:\MIXER\hybridzip\build\Release\hybridzip.exe"" d ""E:\MIXER\hybridzip\results\experiments\hybridzip-r2-e6-fast-k4-full-20260829-w1\children\hybridzip-r2-e6-fast-k4-full-20260829-w1-fast-b32-r3\archives\128KiB\mr.hz2"" ""E:\MIXER\hybridzip\results\experiments\hybridzip-r2-e6-fast-k4-full-20260829-w1\children\hybridzip-r2-e6-fast-k4-full-20260829-w1-fast-b32-r3\decoded\128KiB\mr.decoded""","0","0","2026-08-29T14:44:47.9973090+08:00","COMPLETE","PASS","fast-ext=4","Complete R2 archive size; SHA-256 byte-exact roundtrip verified."
"e6-fast","fast","32","3","False","1","1","4","0","00010000","1025B343","4B1AC26C40AD4DA50312FD3B694D7E636FB768C2336FE773BC82D36424C27A4B","0:1,39:1,43:2","1","5473000","5473000","5380500","5380500","5473000","5380500","hybridzip-r2-e6-fast-k4-full-20260829-w1-fast-b32-r3","r2-fast","1","10","nci","32","inputs/32KiB/nci.bin","32768","0D3034FE8B0E573DE1439ED98CE409B83B13E5895085C9BFB0BF980F4962FB79","archives/32KiB/nci.hz2","3101","28193260A90B6B6FAF022C847A0041E7E8C07C9E3C51D35E365A2456E9FBF756","decoded/32KiB/nci.decoded","32768","0D3034FE8B0E573DE1439ED98CE409B83B13E5895085C9BFB0BF980F4962FB79","0.0599135","0.0425652","2.02734375","2.02734375","2.02734375","74FF260A939B01673667723D8351AAEDB679339610009ECB23C70E373B862D9F","profile_id=2;mode=fast;block_size=32768;zstd_level=3;lzma_level=9;threads=1;process_timeout_seconds=1800","""E:\MIXER\hybridzip\build\Release\hybridzip.exe"" c --profile=r2 --r2-mode=fast --block-size=32768 --zstd-level=3 --threads=1 ""E:\MIXER\hybridzip\results\experiments\hybridzip-r2-e6-fast-k4-full-20260829-w1\children\hybridzip-r2-e6-fast-k4-full-20260829-w1-fast-b32-r3\inputs\32KiB\nci.bin"" ""E:\MIXER\hybridzip\results\experiments\hybridzip-r2-e6-fast-k4-full-20260829-w1\children\hybridzip-r2-e6-fast-k4-full-20260829-w1-fast-b32-r3\archives\32KiB\nci.hz2""","""E:\MIXER\hybridzip\build\Release\hybridzip.exe"" d ""E:\MIXER\hybridzip\results\experiments\hybridzip-r2-e6-fast-k4-full-20260829-w1\children\hybridzip-r2-e6-fast-k4-full-20260829-w1-fast-b32-r3\archives\32KiB\nci.hz2"" ""E:\MIXER\hybridzip\results\experiments\hybridzip-r2-e6-fast-k4-full-20260829-w1\children\hybridzip-r2-e6-fast-k4-full-20260829-w1-fast-b32-r3\decoded\32KiB\nci.decoded""","0","0","2026-08-29T14:44:48.2010180+08:00","COMPLETE","PASS","fast-ext=1","Complete R2 archive size; SHA-256 byte-exact roundtrip verified."
"e6-fast","fast","32","3","False","1","1","8","0","00010000","1025B343","4B1AC26C40AD4DA50312FD3B694D7E636FB768C2336FE773BC82D36424C27A4B","0:2,39:2,43:4","2","5378300","10039700","4951700","5129900","5378300,10039700","5129900,4951700","hybridzip-r2-e6-fast-k4-full-20260829-w1-fast-b32-r3","r2-fast","1","11","nci","64","inputs/64KiB/nci.bin","65536","B01B411AC3B5CE2FBF37242C0C59D2D236D2F7039937C1B1A0F18F4CC02549FE","archives/64KiB/nci.hz2","5870","D649AC7477A10C77DE892B0885CD7BD7921B7C0DF9E2839C4CE31CD2A4E9CA3F","decoded/64KiB/nci.decoded","65536","B01B411AC3B5CE2FBF37242C0C59D2D236D2F7039937C1B1A0F18F4CC02549FE","0.055111","0.0563671","4.3984375","2.02734375","4.3984375","74FF260A939B01673667723D8351AAEDB679339610009ECB23C70E373B862D9F","profile_id=2;mode=fast;block_size=32768;zstd_level=3;lzma_level=9;threads=1;process_timeout_seconds=1800","""E:\MIXER\hybridzip\build\Release\hybridzip.exe"" c --profile=r2 --r2-mode=fast --block-size=32768 --zstd-level=3 --threads=1 ""E:\MIXER\hybridzip\results\experiments\hybridzip-r2-e6-fast-k4-full-20260829-w1\children\hybridzip-r2-e6-fast-k4-full-20260829-w1-fast-b32-r3\inputs\64KiB\nci.bin"" ""E:\MIXER\hybridzip\results\experiments\hybridzip-r2-e6-fast-k4-full-20260829-w1\children\hybridzip-r2-e6-fast-k4-full-20260829-w1-fast-b32-r3\archives\64KiB\nci.hz2""","""E:\MIXER\hybridzip\build\Release\hybridzip.exe"" d ""E:\MIXER\hybridzip\results\experiments\hybridzip-r2-e6-fast-k4-full-20260829-w1\children\hybridzip-r2-e6-fast-k4-full-20260829-w1-fast-b32-r3\archives\64KiB\nci.hz2"" ""E:\MIXER\hybridzip\results\experiments\hybridzip-r2-e6-fast-k4-full-20260829-w1\children\hybridzip-r2-e6-fast-k4-full-20260829-w1-fast-b32-r3\decoded\64KiB\nci.decoded""","0","0","2026-08-29T14:44:48.3742741+08:00","COMPLETE","PASS","fast-ext=2","Complete R2 archive size; SHA-256 byte-exact roundtrip verified."
"e6-fast","fast","32","3","False","1","1","16","0","00010000","1025B343","4B1AC26C40AD4DA50312FD3B694D7E636FB768C2336FE773BC82D36424C27A4B","0:4,39:4,43:8","4","9469100","10220300","4847500","5354800","5865100,10220300,9469100,9582800","5354800,4628500,5122800,4847500","hybridzip-r2-e6-fast-k4-full-20260829-w1-fast-b32-r3","r2-fast","1","12","nci","128","inputs/128KiB/nci.bin","131072","C8A1D610355E5EF900ED4C704DF14ADF1935D95DFD8F1740AC9FD90FC9BF5781","archives/128KiB/nci.hz2","12788","BCAED61E73B1A8561C099DDBDEE7591FE2CFCE7EC7A57CBF7E348B2594A4694D","decoded/128KiB/nci.decoded","131072","C8A1D610355E5EF900ED4C704DF14ADF1935D95DFD8F1740AC9FD90FC9BF5781","0.0700273","0.0429975","5.328125","2.02734375","5.328125","74FF260A939B01673667723D8351AAEDB679339610009ECB23C70E373B862D9F","profile_id=2;mode=fast;block_size=32768;zstd_level=3;lzma_level=9;threads=1;process_timeout_seconds=1800","""E:\MIXER\hybridzip\build\Release\hybridzip.exe"" c --profile=r2 --r2-mode=fast --block-size=32768 --zstd-level=3 --threads=1 ""E:\MIXER\hybridzip\results\experiments\hybridzip-r2-e6-fast-k4-full-20260829-w1\children\hybridzip-r2-e6-fast-k4-full-20260829-w1-fast-b32-r3\inputs\128KiB\nci.bin"" ""E:\MIXER\hybridzip\results\experiments\hybridzip-r2-e6-fast-k4-full-20260829-w1\children\hybridzip-r2-e6-fast-k4-full-20260829-w1-fast-b32-r3\archives\128KiB\nci.hz2""","""E:\MIXER\hybridzip\build\Release\hybridzip.exe"" d ""E:\MIXER\hybridzip\results\experiments\hybridzip-r2-e6-fast-k4-full-20260829-w1\children\hybridzip-r2-e6-fast-k4-full-20260829-w1-fast-b32-r3\archives\128KiB\nci.hz2"" ""E:\MIXER\hybridzip\results\experiments\hybridzip-r2-e6-fast-k4-full-20260829-w1\children\hybridzip-r2-e6-fast-k4-full-20260829-w1-fast-b32-r3\decoded\128KiB\nci.decoded""","0","0","2026-08-29T14:44:48.5599516+08:00","COMPLETE","PASS","fast-ext=4","Complete R2 archive size; SHA-256 byte-exact roundtrip verified."
"e6-fast","fast","32","3","False","1","1","4","0","00010000","1025B343","4B1AC26C40AD4DA50312FD3B694D7E636FB768C2336FE773BC82D36424C27A4B","0:1,39:1,43:2","1","6400800","6400800","6327500","6327500","6400800","6327500","hybridzip-r2-e6-fast-k4-full-20260829-w1-fast-b32-r3","r2-fast","1","13","ooffice","32","inputs/32KiB/ooffice.bin","32768","2ACF9B4CAAEAC5814CDFEF0FA48A5ECE857C847DBDB7B44EEAB95CA3C098921C","archives/32KiB/ooffice.hz2","13020","2E8A8F81EBC2F7E5C5063114D10C074448A5C25FD1EC709120FE3D28EBA0FD1B","decoded/32KiB/ooffice.decoded","32768","2ACF9B4CAAEAC5814CDFEF0FA48A5ECE857C847DBDB7B44EEAB95CA3C098921C","0.0616349","0.0426841","5.25390625","2.02734375","5.25390625","74FF260A939B01673667723D8351AAEDB679339610009ECB23C70E373B862D9F","profile_id=2;mode=fast;block_size=32768;zstd_level=3;lzma_level=9;threads=1;process_timeout_seconds=1800","""E:\MIXER\hybridzip\build\Release\hybridzip.exe"" c --profile=r2 --r2-mode=fast --block-size=32768 --zstd-level=3 --threads=1 ""E:\MIXER\hybridzip\results\experiments\hybridzip-r2-e6-fast-k4-full-20260829-w1\children\hybridzip-r2-e6-fast-k4-full-20260829-w1-fast-b32-r3\inputs\32KiB\ooffice.bin"" ""E:\MIXER\hybridzip\results\experiments\hybridzip-r2-e6-fast-k4-full-20260829-w1\children\hybridzip-r2-e6-fast-k4-full-20260829-w1-fast-b32-r3\archives\32KiB\ooffice.hz2""","""E:\MIXER\hybridzip\build\Release\hybridzip.exe"" d ""E:\MIXER\hybridzip\results\experiments\hybridzip-r2-e6-fast-k4-full-20260829-w1\children\hybridzip-r2-e6-fast-k4-full-20260829-w1-fast-b32-r3\archives\32KiB\ooffice.hz2"" ""E:\MIXER\hybridzip\results\experiments\hybridzip-r2-e6-fast-k4-full-20260829-w1\children\hybridzip-r2-e6-fast-k4-full-20260829-w1-fast-b32-r3\decoded\32KiB\ooffice.decoded""","0","0","2026-08-29T14:44:48.7477894+08:00","COMPLETE","PASS","fast-ext=1","Complete R2 archive size; SHA-256 byte-exact roundtrip verified."
"e6-fast","fast","32","3","False","1","1","8","0","00010000","1025B343","4B1AC26C40AD4DA50312FD3B694D7E636FB768C2336FE773BC82D36424C27A4B","0:2,39:2,43:4","2","6165200","11361800","5467000","6117200","6165200,11361800","6117200,5467000","hybridzip-r2-e6-fast-k4-full-20260829-w1-fast-b32-r3","r2-fast","1","14","ooffice","64","inputs/64KiB/ooffice.bin","65536","9D30521922187D0A26F56CF2DF85001F9585D0D4EC6A0A8797466AFCC367F825","archives/64KiB/ooffice.hz2","30580","F5E3E8F5CD715E6E8A3F6EEFA40D6F68C876E275A3C2B8E70DD84A29370EA343","decoded/64KiB/ooffice.decoded","65536","9D30521922187D0A26F56CF2DF85001F9585D0D4EC6A0A8797466AFCC367F825","0.0635923","0.0432135","5.296875","2.02734375","5.296875","74FF260A939B01673667723D8351AAEDB679339610009ECB23C70E373B862D9F","profile_id=2;mode=fast;block_size=32768;zstd_level=3;lzma_level=9;threads=1;process_timeout_seconds=1800","""E:\MIXER\hybridzip\build\Release\hybridzip.exe"" c --profile=r2 --r2-mode=fast --block-size=32768 --zstd-level=3 --threads=1 ""E:\MIXER\hybridzip\results\experiments\hybridzip-r2-e6-fast-k4-full-20260829-w1\children\hybridzip-r2-e6-fast-k4-full-20260829-w1-fast-b32-r3\inputs\64KiB\ooffice.bin"" ""E:\MIXER\hybridzip\results\experiments\hybridzip-r2-e6-fast-k4-full-20260829-w1\children\hybridzip-r2-e6-fast-k4-full-20260829-w1-fast-b32-r3\archives\64KiB\ooffice.hz2""","""E:\MIXER\hybridzip\build\Release\hybridzip.exe"" d ""E:\MIXER\hybridzip\results\experiments\hybridzip-r2-e6-fast-k4-full-20260829-w1\children\hybridzip-r2-e6-fast-k4-full-20260829-w1-fast-b32-r3\archives\64KiB\ooffice.hz2"" ""E:\MIXER\hybridzip\results\experiments\hybridzip-r2-e6-fast-k4-full-20260829-w1\children\hybridzip-r2-e6-fast-k4-full-20260829-w1-fast-b32-r3\decoded\64KiB\ooffice.decoded""","0","0","2026-08-29T14:44:48.9330313+08:00","COMPLETE","PASS","fast-ext=2","Complete R2 archive size; SHA-256 byte-exact roundtrip verified."
"e6-fast","fast","32","3","False","1","1","16","0","00010000","1025B343","4B1AC26C40AD4DA50312FD3B694D7E636FB768C2336FE773BC82D36424C27A4B","0:4,39:4,43:8","4","10206700","10760100","5410100","5504700","5619100,10760100,10354700,10206700","5504700,5410100,5436100,5124500","hybridzip-r2-e6-fast-k4-full-20260829-w1-fast-b32-r3","r2-fast","1","15","ooffice","128","inputs/128KiB/ooffice.bin","131072","09FA5F3EE5311528863F8C3FADA3B530CC24AC1D88128E4DB2BF434161879FEF","archives/128KiB/ooffice.hz2","67065","D9C4EF1E347601070DA8857769E07EB276A6CEAF576BA0E0BCA8DA4A51381CEC","decoded/128KiB/ooffice.decoded","131072","09FA5F3EE5311528863F8C3FADA3B530CC24AC1D88128E4DB2BF434161879FEF","0.0767556","0.0420101","5.3359375","2.02734375","5.3359375","74FF260A939B01673667723D8351AAEDB679339610009ECB23C70E373B862D9F","profile_id=2;mode=fast;block_size=32768;zstd_level=3;lzma_level=9;threads=1;process_timeout_seconds=1800","""E:\MIXER\hybridzip\build\Release\hybridzip.exe"" c --profile=r2 --r2-mode=fast --block-size=32768 --zstd-level=3 --threads=1 ""E:\MIXER\hybridzip\results\experiments\hybridzip-r2-e6-fast-k4-full-20260829-w1\children\hybridzip-r2-e6-fast-k4-full-20260829-w1-fast-b32-r3\inputs\128KiB\ooffice.bin"" ""E:\MIXER\hybridzip\results\experiments\hybridzip-r2-e6-fast-k4-full-20260829-w1\children\hybridzip-r2-e6-fast-k4-full-20260829-w1-fast-b32-r3\archives\128KiB\ooffice.hz2""","""E:\MIXER\hybridzip\build\Release\hybridzip.exe"" d ""E:\MIXER\hybridzip\results\experiments\hybridzip-r2-e6-fast-k4-full-20260829-w1\children\hybridzip-r2-e6-fast-k4-full-20260829-w1-fast-b32-r3\archives\128KiB\ooffice.hz2"" ""E:\MIXER\hybridzip\results\experiments\hybridzip-r2-e6-fast-k4-full-20260829-w1\children\hybridzip-r2-e6-fast-k4-full-20260829-w1-fast-b32-r3\decoded\128KiB\ooffice.decoded""","0","0","2026-08-29T14:44:49.1256211+08:00","COMPLETE","PASS","fast-ext=4","Complete R2 archive size; SHA-256 byte-exact roundtrip verified."
"e6-fast","fast","32","3","False","1","1","4","0","00010000","1025B343","4B1AC26C40AD4DA50312FD3B694D7E636FB768C2336FE773BC82D36424C27A4B","0:1,39:1,43:2","1","5396900","5396900","5237400","5237400","5396900","5237400","hybridzip-r2-e6-fast-k4-full-20260829-w1-fast-b32-r3","r2-fast","1","16","osdb","32","inputs/32KiB/osdb.bin","32768","03B2C20B777682CD960BCD893D7A4463161D9C0200FD1708B2EFAE32A259D0B7","archives/32KiB/osdb.hz2","15695","AB2EB86D7A8434F826B2E6956C717DAA5B787D8D4F0E4CF40B4EEBE00D11B367","decoded/32KiB/osdb.decoded","32768","03B2C20B777682CD960BCD893D7A4463161D9C0200FD1708B2EFAE32A259D0B7","0.0554319","0.0587696","5.24609375","2.02734375","5.24609375","74FF260A939B01673667723D8351AAEDB679339610009ECB23C70E373B862D9F","profile_id=2;mode=fast;block_size=32768;zstd_level=3;lzma_level=9;threads=1;process_timeout_seconds=1800","""E:\MIXER\hybridzip\build\Release\hybridzip.exe"" c --profile=r2 --r2-mode=fast --block-size=32768 --zstd-level=3 --threads=1 ""E:\MIXER\hybridzip\results\experiments\hybridzip-r2-e6-fast-k4-full-20260829-w1\children\hybridzip-r2-e6-fast-k4-full-20260829-w1-fast-b32-r3\inputs\32KiB\osdb.bin"" ""E:\MIXER\hybridzip\results\experiments\hybridzip-r2-e6-fast-k4-full-20260829-w1\children\hybridzip-r2-e6-fast-k4-full-20260829-w1-fast-b32-r3\archives\32KiB\osdb.hz2""","""E:\MIXER\hybridzip\build\Release\hybridzip.exe"" d ""E:\MIXER\hybridzip\results\experiments\hybridzip-r2-e6-fast-k4-full-20260829-w1\children\hybridzip-r2-e6-fast-k4-full-20260829-w1-fast-b32-r3\archives\32KiB\osdb.hz2"" ""E:\MIXER\hybridzip\results\experiments\hybridzip-r2-e6-fast-k4-full-20260829-w1\children\hybridzip-r2-e6-fast-k4-full-20260829-w1-fast-b32-r3\decoded\32KiB\osdb.decoded""","0","0","2026-08-29T14:44:49.3302299+08:00","COMPLETE","PASS","fast-ext=1","Complete R2 archive size; SHA-256 byte-exact roundtrip verified."
"e6-fast","fast","32","3","False","1","1","8","0","00010000","1025B343","4B1AC26C40AD4DA50312FD3B694D7E636FB768C2336FE773BC82D36424C27A4B","0:2,39:2,43:4","2","5762100","10499400","5012900","5718900","5762100,10499400","5718900,5012900","hybridzip-r2-e6-fast-k4-full-20260829-w1-fast-b32-r3","r2-fast","1","17","osdb","64","inputs/64KiB/osdb.bin","65536","F8FE629325A07588118BA0B65880A87DED43EF249CCBC91F0E977BBACAE0C125","archives/64KiB/osdb.hz2","31467","A7226133A3AB3313FA9525A442248EC4A3FE21F4EBE0B048F80ED822E67A546F","decoded/64KiB/osdb.decoded","65536","F8FE629325A07588118BA0B65880A87DED43EF249CCBC91F0E977BBACAE0C125","0.0671757","0.059758","2.02734375","2.02734375","2.02734375","74FF260A939B01673667723D8351AAEDB679339610009ECB23C70E373B862D9F","profile_id=2;mode=fast;block_size=32768;zstd_level=3;lzma_level=9;threads=1;process_timeout_seconds=1800","""E:\MIXER\hybridzip\build\Release\hybridzip.exe"" c --profile=r2 --r2-mode=fast --block-size=32768 --zstd-level=3 --threads=1 ""E:\MIXER\hybridzip\results\experiments\hybridzip-r2-e6-fast-k4-full-20260829-w1\children\hybridzip-r2-e6-fast-k4-full-20260829-w1-fast-b32-r3\inputs\64KiB\osdb.bin"" ""E:\MIXER\hybridzip\results\experiments\hybridzip-r2-e6-fast-k4-full-20260829-w1\children\hybridzip-r2-e6-fast-k4-full-20260829-w1-fast-b32-r3\archives\64KiB\osdb.hz2""","""E:\MIXER\hybridzip\build\Release\hybridzip.exe"" d ""E:\MIXER\hybridzip\results\experiments\hybridzip-r2-e6-fast-k4-full-20260829-w1\children\hybridzip-r2-e6-fast-k4-full-20260829-w1-fast-b32-r3\archives\64KiB\osdb.hz2"" ""E:\MIXER\hybridzip\results\experiments\hybridzip-r2-e6-fast-k4-full-20260829-w1\children\hybridzip-r2-e6-fast-k4-full-20260829-w1-fast-b32-r3\decoded\64KiB\osdb.decoded""","0","0","2026-08-29T14:44:49.5704617+08:00","COMPLETE","PASS","fast-ext=2","Complete R2 archive size; SHA-256 byte-exact roundtrip verified."
"e6-fast","fast","32","3","False","1","1","16","0","00010000","1025B343","4B1AC26C40AD4DA50312FD3B694D7E636FB768C2336FE773BC82D36424C27A4B","0:4,39:4,43:8","4","9412700","10319500","5164900","5293400","5253600,10319500,9412700,9695100","5164900,5293400,4752700,5191400","hybridzip-r2-e6-fast-k4-full-20260829-w1-fast-b32-r3","r2-fast","1","18","osdb","128","inputs/128KiB/osdb.bin","131072","D977E72AE13AEFC36A4B6171A895E26A0E6EEE447B1B9FBE868D7B1C046CC91F","archives/128KiB/osdb.hz2","62963","3CB7D12C286B30606010C010013CEF6C6644C58650FF3D9EBD5A3D22F3A73988","decoded/128KiB/osdb.decoded","131072","D977E72AE13AEFC36A4B6171A895E26A0E6EEE447B1B9FBE868D7B1C046CC91F","0.0735219","0.0468242","5.328125","2.51171875","5.328125","74FF260A939B01673667723D8351AAEDB679339610009ECB23C70E373B862D9F","profile_id=2;mode=fast;block_size=32768;zstd_level=3;lzma_level=9;threads=1;process_timeout_seconds=1800","""E:\MIXER\hybridzip\build\Release\hybridzip.exe"" c --profile=r2 --r2-mode=fast --block-size=32768 --zstd-level=3 --threads=1 ""E:\MIXER\hybridzip\results\experiments\hybridzip-r2-e6-fast-k4-full-20260829-w1\children\hybridzip-r2-e6-fast-k4-full-20260829-w1-fast-b32-r3\inputs\128KiB\osdb.bin"" ""E:\MIXER\hybridzip\results\experiments\hybridzip-r2-e6-fast-k4-full-20260829-w1\children\hybridzip-r2-e6-fast-k4-full-20260829-w1-fast-b32-r3\archives\128KiB\osdb.hz2""","""E:\MIXER\hybridzip\build\Release\hybridzip.exe"" d ""E:\MIXER\hybridzip\results\experiments\hybridzip-r2-e6-fast-k4-full-20260829-w1\children\hybridzip-r2-e6-fast-k4-full-20260829-w1-fast-b32-r3\archives\128KiB\osdb.hz2"" ""E:\MIXER\hybridzip\results\experiments\hybridzip-r2-e6-fast-k4-full-20260829-w1\children\hybridzip-r2-e6-fast-k4-full-20260829-w1-fast-b32-r3\decoded\128KiB\osdb.decoded""","0","0","2026-08-29T14:44:49.7669832+08:00","COMPLETE","PASS","fast-ext=4","Complete R2 archive size; SHA-256 byte-exact roundtrip verified."
"e6-fast","fast","32","3","False","1","1","4","0","00010000","1025B343","4B1AC26C40AD4DA50312FD3B694D7E636FB768C2336FE773BC82D36424C27A4B","0:1,39:1,43:2","1","6063300","6063300","6008600","6008600","6063300","6008600","hybridzip-r2-e6-fast-k4-full-20260829-w1-fast-b32-r3","r2-fast","1","19","reymont","32","inputs/32KiB/reymont.bin","32768","9D5E4B9340C2260DAE7DDB01B3EDA58236FF2DE5E1FF4D56767AA840B6FB1A87","archives/32KiB/reymont.hz2","10572","93DBB06F7763AC758C2B95654A598F3154232B292E462F14CC7C9566150BB0EB","decoded/32KiB/reymont.decoded","32768","9D5E4B9340C2260DAE7DDB01B3EDA58236FF2DE5E1FF4D56767AA840B6FB1A87","0.0588152","0.0658183","5.2734375","2.02734375","5.2734375","74FF260A939B01673667723D8351AAEDB679339610009ECB23C70E373B862D9F","profile_id=2;mode=fast;block_size=32768;zstd_level=3;lzma_level=9;threads=1;process_timeout_seconds=1800","""E:\MIXER\hybridzip\build\Release\hybridzip.exe"" c --profile=r2 --r2-mode=fast --block-size=32768 --zstd-level=3 --threads=1 ""E:\MIXER\hybridzip\results\experiments\hybridzip-r2-e6-fast-k4-full-20260829-w1\children\hybridzip-r2-e6-fast-k4-full-20260829-w1-fast-b32-r3\inputs\32KiB\reymont.bin"" ""E:\MIXER\hybridzip\results\experiments\hybridzip-r2-e6-fast-k4-full-20260829-w1\children\hybridzip-r2-e6-fast-k4-full-20260829-w1-fast-b32-r3\archives\32KiB\reymont.hz2""","""E:\MIXER\hybridzip\build\Release\hybridzip.exe"" d ""E:\MIXER\hybridzip\results\experiments\hybridzip-r2-e6-fast-k4-full-20260829-w1\children\hybridzip-r2-e6-fast-k4-full-20260829-w1-fast-b32-r3\archives\32KiB\reymont.hz2"" ""E:\MIXER\hybridzip\results\experiments\hybridzip-r2-e6-fast-k4-full-20260829-w1\children\hybridzip-r2-e6-fast-k4-full-20260829-w1-fast-b32-r3\decoded\32KiB\reymont.decoded""","0","0","2026-08-29T14:44:49.9527547+08:00","COMPLETE","PASS","fast-ext=1","Complete R2 archive size; SHA-256 byte-exact roundtrip verified."
"e6-fast","fast","32","3","False","1","1","8","0","00010000","1025B343","4B1AC26C40AD4DA50312FD3B694D7E636FB768C2336FE773BC82D36424C27A4B","0:2,39:2,43:4","2","6164100","11858500","5929400","6129700","6164100,11858500","6129700,5929400","hybridzip-r2-e6-fast-k4-full-20260829-w1-fast-b32-r3","r2-fast","1","20","reymont","64","inputs/64KiB/reymont.bin","65536","A5ECAAABB133F1ADF8DE6062BE6381D143E87F9F8050EEA9B5BE6F92B88C3C22","archives/64KiB/reymont.hz2","21486","7A28521D519AB269D9C57A0A46594B4376B3D8EA4E9779DD3498F36BDDBB2104","decoded/64KiB/reymont.decoded","65536","A5ECAAABB133F1ADF8DE6062BE6381D143E87F9F8050EEA9B5BE6F92B88C3C22","0.0554666","0.0578426","2.02734375","2.02734375","2.02734375","74FF260A939B01673667723D8351AAEDB679339610009ECB23C70E373B862D9F","profile_id=2;mode=fast;block_size=32768;zstd_level=3;lzma_level=9;threads=1;process_timeout_seconds=1800","""E:\MIXER\hybridzip\build\Release\hybridzip.exe"" c --profile=r2 --r2-mode=fast --block-size=32768 --zstd-level=3 --threads=1 ""E:\MIXER\hybridzip\results\experiments\hybridzip-r2-e6-fast-k4-full-20260829-w1\children\hybridzip-r2-e6-fast-k4-full-20260829-w1-fast-b32-r3\inputs\64KiB\reymont.bin"" ""E:\MIXER\hybridzip\results\experiments\hybridzip-r2-e6-fast-k4-full-20260829-w1\children\hybridzip-r2-e6-fast-k4-full-20260829-w1-fast-b32-r3\archives\64KiB\reymont.hz2""","""E:\MIXER\hybridzip\build\Release\hybridzip.exe"" d ""E:\MIXER\hybridzip\results\experiments\hybridzip-r2-e6-fast-k4-full-20260829-w1\children\hybridzip-r2-e6-fast-k4-full-20260829-w1-fast-b32-r3\archives\64KiB\reymont.hz2"" ""E:\MIXER\hybridzip\results\experiments\hybridzip-r2-e6-fast-k4-full-20260829-w1\children\hybridzip-r2-e6-fast-k4-full-20260829-w1-fast-b32-r3\decoded\64KiB\reymont.decoded""","0","0","2026-08-29T14:44:50.1444183+08:00","COMPLETE","PASS","fast-ext=2","Complete R2 archive size; SHA-256 byte-exact roundtrip verified."
"e6-fast","fast","32","3","False","1","1","16","0","00010000","1025B343","4B1AC26C40AD4DA50312FD3B694D7E636FB768C2336FE773BC82D36424C27A4B","0:4,39:4,43:8","4","11214900","12212700","5932100","6505000","6687900,12212700,11214900,11820900","6505000,5782900,5932100,6229700","hybridzip-r2-e6-fast-k4-full-20260829-w1-fast-b32-r3","r2-fast","1","21","reymont","128","inputs/128KiB/reymont.bin","131072","A6CA7478854C1E80DFEAF9FB3444B357F9D7625E55232FAE3B3632A5A1217DEA","archives/128KiB/reymont.hz2","43660","08BF84CC46DF9F1D7A0C061CE29996D52E8C27CEFF9FFF16A1BDFAEE3EBEABCB","decoded/128KiB/reymont.decoded","131072","A6CA7478854C1E80DFEAF9FB3444B357F9D7625E55232FAE3B3632A5A1217DEA","0.0742038","0.0615916","5.40234375","2.02734375","5.40234375","74FF260A939B01673667723D8351AAEDB679339610009ECB23C70E373B862D9F","profile_id=2;mode=fast;block_size=32768;zstd_level=3;lzma_level=9;threads=1;process_timeout_seconds=1800","""E:\MIXER\hybridzip\build\Release\hybridzip.exe"" c --profile=r2 --r2-mode=fast --block-size=32768 --zstd-level=3 --threads=1 ""E:\MIXER\hybridzip\results\experiments\hybridzip-r2-e6-fast-k4-full-20260829-w1\children\hybridzip-r2-e6-fast-k4-full-20260829-w1-fast-b32-r3\inputs\128KiB\reymont.bin"" ""E:\MIXER\hybridzip\results\experiments\hybridzip-r2-e6-fast-k4-full-20260829-w1\children\hybridzip-r2-e6-fast-k4-full-20260829-w1-fast-b32-r3\archives\128KiB\reymont.hz2""","""E:\MIXER\hybridzip\build\Release\hybridzip.exe"" d ""E:\MIXER\hybridzip\results\experiments\hybridzip-r2-e6-fast-k4-full-20260829-w1\children\hybridzip-r2-e6-fast-k4-full-20260829-w1-fast-b32-r3\archives\128KiB\reymont.hz2"" ""E:\MIXER\hybridzip\results\experiments\hybridzip-r2-e6-fast-k4-full-20260829-w1\children\hybridzip-r2-e6-fast-k4-full-20260829-w1-fast-b32-r3\decoded\128KiB\reymont.decoded""","0","0","2026-08-29T14:44:50.3321293+08:00","COMPLETE","PASS","fast-ext=4","Complete R2 archive size; SHA-256 byte-exact roundtrip verified."
"e6-fast","fast","32","3","False","1","1","4","0","00010000","1025B343","4B1AC26C40AD4DA50312FD3B694D7E636FB768C2336FE773BC82D36424C27A4B","0:1,39:1,43:2","1","6347500","6347500","6339400","6339400","6347500","6339400","hybridzip-r2-e6-fast-k4-full-20260829-w1-fast-b32-r3","r2-fast","1","22","samba","32","inputs/32KiB/samba.bin","32768","9C4F5BEE544E4531E4946E62F796987418B4526911C34877EF282F14DD57AD12","archives/32KiB/samba.hz2","11946","6190C9F3D4B0A0CD807DF6FA9965F5637D534BD68A408E8F9641059B99B72ECE","decoded/32KiB/samba.decoded","32768","9C4F5BEE544E4531E4946E62F796987418B4526911C34877EF282F14DD57AD12","0.0628057","0.0578035","4.08984375","2.02734375","4.08984375","74FF260A939B01673667723D8351AAEDB679339610009ECB23C70E373B862D9F","profile_id=2;mode=fast;block_size=32768;zstd_level=3;lzma_level=9;threads=1;process_timeout_seconds=1800","""E:\MIXER\hybridzip\build\Release\hybridzip.exe"" c --profile=r2 --r2-mode=fast --block-size=32768 --zstd-level=3 --threads=1 ""E:\MIXER\hybridzip\results\experiments\hybridzip-r2-e6-fast-k4-full-20260829-w1\children\hybridzip-r2-e6-fast-k4-full-20260829-w1-fast-b32-r3\inputs\32KiB\samba.bin"" ""E:\MIXER\hybridzip\results\experiments\hybridzip-r2-e6-fast-k4-full-20260829-w1\children\hybridzip-r2-e6-fast-k4-full-20260829-w1-fast-b32-r3\archives\32KiB\samba.hz2""","""E:\MIXER\hybridzip\build\Release\hybridzip.exe"" d ""E:\MIXER\hybridzip\results\experiments\hybridzip-r2-e6-fast-k4-full-20260829-w1\children\hybridzip-r2-e6-fast-k4-full-20260829-w1-fast-b32-r3\archives\32KiB\samba.hz2"" ""E:\MIXER\hybridzip\results\experiments\hybridzip-r2-e6-fast-k4-full-20260829-w1\children\hybridzip-r2-e6-fast-k4-full-20260829-w1-fast-b32-r3\decoded\32KiB\samba.decoded""","0","0","2026-08-29T14:44:50.5340224+08:00","COMPLETE","PASS","fast-ext=1","Complete R2 archive size; SHA-256 byte-exact roundtrip verified."
"e6-fast","fast","32","3","False","1","1","8","0","00010000","1025B343","4B1AC26C40AD4DA50312FD3B694D7E636FB768C2336FE773BC82D36424C27A4B","0:2,39:2,43:4","2","5383400","10751700","5376200","5611900","5383400,10751700","5376200,5611900","hybridzip-r2-e6-fast-k4-full-20260829-w1-fast-b32-r3","r2-fast","1","23","samba","64","inputs/64KiB/samba.bin","65536","3E0420984C0F260EA7350734600CEA9D8500B745E2E4B7DBD4D1DA1D1ADAC421","archives/64KiB/samba.hz2","23977","8452C299E9840BDA851E9E5708BB64849E65E05083C3F6161306CC7848D40C6A","decoded/64KiB/samba.decoded","65536","3E0420984C0F260EA7350734600CEA9D8500B745E2E4B7DBD4D1DA1D1ADAC421","0.0572618","0.0585319","2.02734375","2.02734375","2.02734375","74FF260A939B01673667723D8351AAEDB679339610009ECB23C70E373B862D9F","profile_id=2;mode=fast;block_size=32768;zstd_level=3;lzma_level=9;threads=1;process_timeout_seconds=1800","""E:\MIXER\hybridzip\build\Release\hybridzip.exe"" c --profile=r2 --r2-mode=fast --block-size=32768 --zstd-level=3 --threads=1 ""E:\MIXER\hybridzip\results\experiments\hybridzip-r2-e6-fast-k4-full-20260829-w1\children\hybridzip-r2-e6-fast-k4-full-20260829-w1-fast-b32-r3\inputs\64KiB\samba.bin"" ""E:\MIXER\hybridzip\results\experiments\hybridzip-r2-e6-fast-k4-full-20260829-w1\children\hybridzip-r2-e6-fast-k4-full-20260829-w1-fast-b32-r3\archives\64KiB\samba.hz2""","""E:\MIXER\hybridzip\build\Release\hybridzip.exe"" d ""E:\MIXER\hybridzip\results\experiments\hybridzip-r2-e6-fast-k4-full-20260829-w1\children\hybridzip-r2-e6-fast-k4-full-20260829-w1-fast-b32-r3\archives\64KiB\samba.hz2"" ""E:\MIXER\hybridzip\results\experiments\hybridzip-r2-e6-fast-k4-full-20260829-w1\children\hybridzip-r2-e6-fast-k4-full-20260829-w1-fast-b32-r3\decoded\64KiB\samba.decoded""","0","0","2026-08-29T14:44:50.7218525+08:00","COMPLETE","PASS","fast-ext=2","Complete R2 archive size; SHA-256 byte-exact roundtrip verified."
"e6-fast","fast","32","3","False","1","1","16","0","00010000","1025B343","4B1AC26C40AD4DA50312FD3B694D7E636FB768C2336FE773BC82D36424C27A4B","0:4,39:4,43:8","4","10288200","11051000","5361800","5837500","5911700,11051000,10455200,10288200","5837500,5361800,5586700,5074400","hybridzip-r2-e6-fast-k4-full-20260829-w1-fast-b32-r3","r2-fast","1","24","samba","128","inputs/128KiB/samba.bin","131072","F3B8C4AD35BC6CF21977895D6F04A22B1422605942FA5AFE35CE28B2A221D7E8","archives/128KiB/samba.hz2","48959","5FD5CB4DC6FE19124A4FC032192E135B11C9EFBA45E32FE8828A23A736A5BF24","decoded/128KiB/samba.decoded","131072","F3B8C4AD35BC6CF21977895D6F04A22B1422605942FA5AFE35CE28B2A221D7E8","0.0880558","0.0419972","5.328125","2.02734375","5.328125","74FF260A939B01673667723D8351AAEDB679339610009ECB23C70E373B862D9F","profile_id=2;mode=fast;block_size=32768;zstd_level=3;lzma_level=9;threads=1;process_timeout_seconds=1800","""E:\MIXER\hybridzip\build\Release\hybridzip.exe"" c --profile=r2 --r2-mode=fast --block-size=32768 --zstd-level=3 --threads=1 ""E:\MIXER\hybridzip\results\experiments\hybridzip-r2-e6-fast-k4-full-20260829-w1\children\hybridzip-r2-e6-fast-k4-full-20260829-w1-fast-b32-r3\inputs\128KiB\samba.bin"" ""E:\MIXER\hybridzip\results\experiments\hybridzip-r2-e6-fast-k4-full-20260829-w1\children\hybridzip-r2-e6-fast-k4-full-20260829-w1-fast-b32-r3\archives\128KiB\samba.hz2""","""E:\MIXER\hybridzip\build\Release\hybridzip.exe"" d ""E:\MIXER\hybridzip\results\experiments\hybridzip-r2-e6-fast-k4-full-20260829-w1\children\hybridzip-r2-e6-fast-k4-full-20260829-w1-fast-b32-r3\archives\128KiB\samba.hz2"" ""E:\MIXER\hybridzip\results\experiments\hybridzip-r2-e6-fast-k4-full-20260829-w1\children\hybridzip-r2-e6-fast-k4-full-20260829-w1-fast-b32-r3\decoded\128KiB\samba.decoded""","0","0","2026-08-29T14:44:50.9081975+08:00","COMPLETE","PASS","fast-ext=4","Complete R2 archive size; SHA-256 byte-exact roundtrip verified."
"e6-fast","fast","32","3","False","1","1","4","0","00010000","1025B343","4B1AC26C40AD4DA50312FD3B694D7E636FB768C2336FE773BC82D36424C27A4B","0:1,39:1,43:2","1","6236800","6236800","5791200","5791200","6236800","5791200","hybridzip-r2-e6-fast-k4-full-20260829-w1-fast-b32-r3","r2-fast","1","25","sao","32","inputs/32KiB/sao.bin","32768","95677430CAD4F000506BC5EE22815C3F4E13D64B477ED506B78D5D9ACFB50CCD","archives/32KiB/sao.hz2","26958","9866F14E2B2589DF827C577A5E9A24FF74742C33273C8AC716393E44C5ACD05B","decoded/32KiB/sao.decoded","32768","95677430CAD4F000506BC5EE22815C3F4E13D64B477ED506B78D5D9ACFB50CCD","0.0531","0.0564628","5.20703125","2.02734375","5.20703125","74FF260A939B01673667723D8351AAEDB679339610009ECB23C70E373B862D9F","profile_id=2;mode=fast;block_size=32768;zstd_level=3;lzma_level=9;threads=1;process_timeout_seconds=1800","""E:\MIXER\hybridzip\build\Release\hybridzip.exe"" c --profile=r2 --r2-mode=fast --block-size=32768 --zstd-level=3 --threads=1 ""E:\MIXER\hybridzip\results\experiments\hybridzip-r2-e6-fast-k4-full-20260829-w1\children\hybridzip-r2-e6-fast-k4-full-20260829-w1-fast-b32-r3\inputs\32KiB\sao.bin"" ""E:\MIXER\hybridzip\results\experiments\hybridzip-r2-e6-fast-k4-full-20260829-w1\children\hybridzip-r2-e6-fast-k4-full-20260829-w1-fast-b32-r3\archives\32KiB\sao.hz2""","""E:\MIXER\hybridzip\build\Release\hybridzip.exe"" d ""E:\MIXER\hybridzip\results\experiments\hybridzip-r2-e6-fast-k4-full-20260829-w1\children\hybridzip-r2-e6-fast-k4-full-20260829-w1-fast-b32-r3\archives\32KiB\sao.hz2"" ""E:\MIXER\hybridzip\results\experiments\hybridzip-r2-e6-fast-k4-full-20260829-w1\children\hybridzip-r2-e6-fast-k4-full-20260829-w1-fast-b32-r3\decoded\32KiB\sao.decoded""","0","0","2026-08-29T14:44:51.1137568+08:00","COMPLETE","PASS","fast-ext=1","Complete R2 archive size; SHA-256 byte-exact roundtrip verified."
"e6-fast","fast","32","3","False","1","1","8","0","00010000","1025B343","4B1AC26C40AD4DA50312FD3B694D7E636FB768C2336FE773BC82D36424C27A4B","0:2,39:2,43:4","2","5044200","9947000","4914200","5178600","5044200,9947000","4914200,5178600","hybridzip-r2-e6-fast-k4-full-20260829-w1-fast-b32-r3","r2-fast","1","26","sao","64","inputs/64KiB/sao.bin","65536","17CBD7166A47786139F60BA33B4E771CE0154F6FA56986883D129BC23F78EBEE","archives/64KiB/sao.hz2","53993","9A59737C6BA571D468CAEE25CB51CF35AB08A95AFB5B4ED61594AD632C6A945B","decoded/64KiB/sao.decoded","65536","17CBD7166A47786139F60BA33B4E771CE0154F6FA56986883D129BC23F78EBEE","0.0662309","0.0644964","5.30859375","2.02734375","5.30859375","74FF260A939B01673667723D8351AAEDB679339610009ECB23C70E373B862D9F","profile_id=2;mode=fast;block_size=32768;zstd_level=3;lzma_level=9;threads=1;process_timeout_seconds=1800","""E:\MIXER\hybridzip\build\Release\hybridzip.exe"" c --profile=r2 --r2-mode=fast --block-size=32768 --zstd-level=3 --threads=1 ""E:\MIXER\hybridzip\results\experiments\hybridzip-r2-e6-fast-k4-full-20260829-w1\children\hybridzip-r2-e6-fast-k4-full-20260829-w1-fast-b32-r3\inputs\64KiB\sao.bin"" ""E:\MIXER\hybridzip\results\experiments\hybridzip-r2-e6-fast-k4-full-20260829-w1\children\hybridzip-r2-e6-fast-k4-full-20260829-w1-fast-b32-r3\archives\64KiB\sao.hz2""","""E:\MIXER\hybridzip\build\Release\hybridzip.exe"" d ""E:\MIXER\hybridzip\results\experiments\hybridzip-r2-e6-fast-k4-full-20260829-w1\children\hybridzip-r2-e6-fast-k4-full-20260829-w1-fast-b32-r3\archives\64KiB\sao.hz2"" ""E:\MIXER\hybridzip\results\experiments\hybridzip-r2-e6-fast-k4-full-20260829-w1\children\hybridzip-r2-e6-fast-k4-full-20260829-w1-fast-b32-r3\decoded\64KiB\sao.decoded""","0","0","2026-08-29T14:44:51.3133474+08:00","COMPLETE","PASS","fast-ext=2","Complete R2 archive size; SHA-256 byte-exact roundtrip verified."
"e6-fast","fast","32","3","False","1","1","16","0","00010000","1025B343","4B1AC26C40AD4DA50312FD3B694D7E636FB768C2336FE773BC82D36424C27A4B","0:4,39:4,43:8","4","9496500","10105900","5023300","5221400","5117300,10105900,9586800,9496500","5102000,5221400,4883000,5023300","hybridzip-r2-e6-fast-k4-full-20260829-w1-fast-b32-r3","r2-fast","1","27","sao","128","inputs/128KiB/sao.bin","131072","75E535B42DB7505118D8B19C7C42C1F49C5542ADDC9DBC13383953659F675CE0","archives/128KiB/sao.hz2","108216","9B5588BEF9A68829116DBF00B597E80F6D86EF7BE511F957390AF8085C4EF766","decoded/128KiB/sao.decoded","131072","75E535B42DB7505118D8B19C7C42C1F49C5542ADDC9DBC13383953659F675CE0","0.0778227","0.0656147","4.3046875","4.55078125","4.55078125","74FF260A939B01673667723D8351AAEDB679339610009ECB23C70E373B862D9F","profile_id=2;mode=fast;block_size=32768;zstd_level=3;lzma_level=9;threads=1;process_timeout_seconds=1800","""E:\MIXER\hybridzip\build\Release\hybridzip.exe"" c --profile=r2 --r2-mode=fast --block-size=32768 --zstd-level=3 --threads=1 ""E:\MIXER\hybridzip\results\experiments\hybridzip-r2-e6-fast-k4-full-20260829-w1\children\hybridzip-r2-e6-fast-k4-full-20260829-w1-fast-b32-r3\inputs\128KiB\sao.bin"" ""E:\MIXER\hybridzip\results\experiments\hybridzip-r2-e6-fast-k4-full-20260829-w1\children\hybridzip-r2-e6-fast-k4-full-20260829-w1-fast-b32-r3\archives\128KiB\sao.hz2""","""E:\MIXER\hybridzip\build\Release\hybridzip.exe"" d ""E:\MIXER\hybridzip\results\experiments\hybridzip-r2-e6-fast-k4-full-20260829-w1\children\hybridzip-r2-e6-fast-k4-full-20260829-w1-fast-b32-r3\archives\128KiB\sao.hz2"" ""E:\MIXER\hybridzip\results\experiments\hybridzip-r2-e6-fast-k4-full-20260829-w1\children\hybridzip-r2-e6-fast-k4-full-20260829-w1-fast-b32-r3\decoded\128KiB\sao.decoded""","0","0","2026-08-29T14:44:51.5454273+08:00","COMPLETE","PASS","fast-ext=4","Complete R2 archive size; SHA-256 byte-exact roundtrip verified."
"e6-fast","fast","32","3","False","1","1","4","0","00010000","1025B343","4B1AC26C40AD4DA50312FD3B694D7E636FB768C2336FE773BC82D36424C27A4B","0:1,39:1,43:2","1","5835600","5835600","5753700","5753700","5835600","5753700","hybridzip-r2-e6-fast-k4-full-20260829-w1-fast-b32-r3","r2-fast","1","28","webster","32","inputs/32KiB/webster.bin","32768","774D224695AF4057353F72602BB96CD2AFEEA059AC7737535645F11596FCA85E","archives/32KiB/webster.hz2","13777","C6BFB0873196B81170E489F34C7293A7D4D2A257E97F5E5FC20718A94D0352DD","decoded/32KiB/webster.decoded","32768","774D224695AF4057353F72602BB96CD2AFEEA059AC7737535645F11596FCA85E","0.0558976","0.059083","5.25390625","2.02734375","5.25390625","74FF260A939B01673667723D8351AAEDB679339610009ECB23C70E373B862D9F","profile_id=2;mode=fast;block_size=32768;zstd_level=3;lzma_level=9;threads=1;process_timeout_seconds=1800","""E:\MIXER\hybridzip\build\Release\hybridzip.exe"" c --profile=r2 --r2-mode=fast --block-size=32768 --zstd-level=3 --threads=1 ""E:\MIXER\hybridzip\results\experiments\hybridzip-r2-e6-fast-k4-full-20260829-w1\children\hybridzip-r2-e6-fast-k4-full-20260829-w1-fast-b32-r3\inputs\32KiB\webster.bin"" ""E:\MIXER\hybridzip\results\experiments\hybridzip-r2-e6-fast-k4-full-20260829-w1\children\hybridzip-r2-e6-fast-k4-full-20260829-w1-fast-b32-r3\archives\32KiB\webster.hz2""","""E:\MIXER\hybridzip\build\Release\hybridzip.exe"" d ""E:\MIXER\hybridzip\results\experiments\hybridzip-r2-e6-fast-k4-full-20260829-w1\children\hybridzip-r2-e6-fast-k4-full-20260829-w1-fast-b32-r3\archives\32KiB\webster.hz2"" ""E:\MIXER\hybridzip\results\experiments\hybridzip-r2-e6-fast-k4-full-20260829-w1\children\hybridzip-r2-e6-fast-k4-full-20260829-w1-fast-b32-r3\decoded\32KiB\webster.decoded""","0","0","2026-08-29T14:44:51.7833465+08:00","COMPLETE","PASS","fast-ext=1","Complete R2 archive size; SHA-256 byte-exact roundtrip verified."
"e6-fast","fast","32","3","False","1","1","8","0","00010000","1025B343","4B1AC26C40AD4DA50312FD3B694D7E636FB768C2336FE773BC82D36424C27A4B","0:2,39:2,43:4","2","5776700","11195700","5600100","5677800","5776700,11195700","5600100,5677800","hybridzip-r2-e6-fast-k4-full-20260829-w1-fast-b32-r3","r2-fast","1","29","webster","64","inputs/64KiB/webster.bin","65536","262258811321382F9E4F44D2184B6B7FED0336CF831446D8336C47D6CCC2B32E","archives/64KiB/webster.hz2","25310","A277BAAF3AA36462C49000EE7C3B40CEFA3B655880550E678C7B40BF2D343EF0","decoded/64KiB/webster.decoded","65536","262258811321382F9E4F44D2184B6B7FED0336CF831446D8336C47D6CCC2B32E","0.0603912","0.0643704","2.02734375","2.0234375","2.02734375","74FF260A939B01673667723D8351AAEDB679339610009ECB23C70E373B862D9F","profile_id=2;mode=fast;block_size=32768;zstd_level=3;lzma_level=9;threads=1;process_timeout_seconds=1800","""E:\MIXER\hybridzip\build\Release\hybridzip.exe"" c --profile=r2 --r2-mode=fast --block-size=32768 --zstd-level=3 --threads=1 ""E:\MIXER\hybridzip\results\experiments\hybridzip-r2-e6-fast-k4-full-20260829-w1\children\hybridzip-r2-e6-fast-k4-full-20260829-w1-fast-b32-r3\inputs\64KiB\webster.bin"" ""E:\MIXER\hybridzip\results\experiments\hybridzip-r2-e6-fast-k4-full-20260829-w1\children\hybridzip-r2-e6-fast-k4-full-20260829-w1-fast-b32-r3\archives\64KiB\webster.hz2""","""E:\MIXER\hybridzip\build\Release\hybridzip.exe"" d ""E:\MIXER\hybridzip\results\experiments\hybridzip-r2-e6-fast-k4-full-20260829-w1\children\hybridzip-r2-e6-fast-k4-full-20260829-w1-fast-b32-r3\archives\64KiB\webster.hz2"" ""E:\MIXER\hybridzip\results\experiments\hybridzip-r2-e6-fast-k4-full-20260829-w1\children\hybridzip-r2-e6-fast-k4-full-20260829-w1-fast-b32-r3\decoded\64KiB\webster.decoded""","0","0","2026-08-29T14:44:52.0074464+08:00","COMPLETE","PASS","fast-ext=2","Complete R2 archive size; SHA-256 byte-exact roundtrip verified."
"e6-fast","fast","32","3","False","1","1","16","0","00010000","1025B343","4B1AC26C40AD4DA50312FD3B694D7E636FB768C2336FE773BC82D36424C27A4B","0:4,39:4,43:8","4","10554500","11131800","5571200","5730200","5716400,11131800,10554500,10674200","5571200,5650700,5429100,5730200","hybridzip-r2-e6-fast-k4-full-20260829-w1-fast-b32-r3","r2-fast","1","30","webster","128","inputs/128KiB/webster.bin","131072","C069C1FDCA99BC5C44F06D134CD0CDA60315DD631AA6564733B2CE0E6D59305C","archives/128KiB/webster.hz2","47763","0630886FA4CA6FE7CF2145AB69F0BE0A4B76AE05D415B4AA2599EE9FCCA23D58","decoded/128KiB/webster.decoded","131072","C069C1FDCA99BC5C44F06D134CD0CDA60315DD631AA6564733B2CE0E6D59305C","0.091038","0.0561343","5.34765625","2.02734375","5.34765625","74FF260A939B01673667723D8351AAEDB679339610009ECB23C70E373B862D9F","profile_id=2;mode=fast;block_size=32768;zstd_level=3;lzma_level=9;threads=1;process_timeout_seconds=1800","""E:\MIXER\hybridzip\build\Release\hybridzip.exe"" c --profile=r2 --r2-mode=fast --block-size=32768 --zstd-level=3 --threads=1 ""E:\MIXER\hybridzip\results\experiments\hybridzip-r2-e6-fast-k4-full-20260829-w1\children\hybridzip-r2-e6-fast-k4-full-20260829-w1-fast-b32-r3\inputs\128KiB\webster.bin"" ""E:\MIXER\hybridzip\results\experiments\hybridzip-r2-e6-fast-k4-full-20260829-w1\children\hybridzip-r2-e6-fast-k4-full-20260829-w1-fast-b32-r3\archives\128KiB\webster.hz2""","""E:\MIXER\hybridzip\build\Release\hybridzip.exe"" d ""E:\MIXER\hybridzip\results\experiments\hybridzip-r2-e6-fast-k4-full-20260829-w1\children\hybridzip-r2-e6-fast-k4-full-20260829-w1-fast-b32-r3\archives\128KiB\webster.hz2"" ""E:\MIXER\hybridzip\results\experiments\hybridzip-r2-e6-fast-k4-full-20260829-w1\children\hybridzip-r2-e6-fast-k4-full-20260829-w1-fast-b32-r3\decoded\128KiB\webster.decoded""","0","0","2026-08-29T14:44:52.2388414+08:00","COMPLETE","PASS","fast-ext=4","Complete R2 archive size; SHA-256 byte-exact roundtrip verified."
"e6-fast","fast","32","3","False","1","1","4","0","00010000","1025B343","4B1AC26C40AD4DA50312FD3B694D7E636FB768C2336FE773BC82D36424C27A4B","0:1,39:1,43:2","1","4683200","4683200","4675000","4675000","4683200","4675000","hybridzip-r2-e6-fast-k4-full-20260829-w1-fast-b32-r3","r2-fast","1","31","x-ray","32","inputs/32KiB/x-ray.bin","32768","10511AA63DFBD9C0DDBFEFE36068740103D4BA1116E214154A0772057D7E9314","archives/32KiB/x-ray.hz2","18333","98E1D7A77EBCA9C377E0C0D0FE80C5DC2977243C3B26E9143E93D8AAE5114D00","decoded/32KiB/x-ray.decoded","32768","10511AA63DFBD9C0DDBFEFE36068740103D4BA1116E214154A0772057D7E9314","0.0548286","0.0656379","2.02734375","2.0234375","2.02734375","74FF260A939B01673667723D8351AAEDB679339610009ECB23C70E373B862D9F","profile_id=2;mode=fast;block_size=32768;zstd_level=3;lzma_level=9;threads=1;process_timeout_seconds=1800","""E:\MIXER\hybridzip\build\Release\hybridzip.exe"" c --profile=r2 --r2-mode=fast --block-size=32768 --zstd-level=3 --threads=1 ""E:\MIXER\hybridzip\results\experiments\hybridzip-r2-e6-fast-k4-full-20260829-w1\children\hybridzip-r2-e6-fast-k4-full-20260829-w1-fast-b32-r3\inputs\32KiB\x-ray.bin"" ""E:\MIXER\hybridzip\results\experiments\hybridzip-r2-e6-fast-k4-full-20260829-w1\children\hybridzip-r2-e6-fast-k4-full-20260829-w1-fast-b32-r3\archives\32KiB\x-ray.hz2""","""E:\MIXER\hybridzip\build\Release\hybridzip.exe"" d ""E:\MIXER\hybridzip\results\experiments\hybridzip-r2-e6-fast-k4-full-20260829-w1\children\hybridzip-r2-e6-fast-k4-full-20260829-w1-fast-b32-r3\archives\32KiB\x-ray.hz2"" ""E:\MIXER\hybridzip\results\experiments\hybridzip-r2-e6-fast-k4-full-20260829-w1\children\hybridzip-r2-e6-fast-k4-full-20260829-w1-fast-b32-r3\decoded\32KiB\x-ray.decoded""","0","0","2026-08-29T14:44:52.4854200+08:00","COMPLETE","PASS","fast-ext=1","Complete R2 archive size; SHA-256 byte-exact roundtrip verified."
"e6-fast","fast","32","3","False","1","1","8","0","00010000","1025B343","4B1AC26C40AD4DA50312FD3B694D7E636FB768C2336FE773BC82D36424C27A4B","0:2,39:2,43:4","2","5054500","9549400","4756100","5025500","5054500,9549400","5025500,4756100","hybridzip-r2-e6-fast-k4-full-20260829-w1-fast-b32-r3","r2-fast","1","32","x-ray","64","inputs/64KiB/x-ray.bin","65536","B5A07146616BCD7C2D10071D41E07D204DE0AC629C4CA37D8E867FF00574D0D8","archives/64KiB/x-ray.hz2","36656","8FA54EDD678FBABEB946F8C5DE2812AB7CC3EAB0B98999FC86990B99B0F2F494","decoded/64KiB/x-ray.decoded","65536","B5A07146616BCD7C2D10071D41E07D204DE0AC629C4CA37D8E867FF00574D0D8","0.0659457","0.075303","5.328125","4.1484375","5.328125","74FF260A939B01673667723D8351AAEDB679339610009ECB23C70E373B862D9F","profile_id=2;mode=fast;block_size=32768;zstd_level=3;lzma_level=9;threads=1;process_timeout_seconds=1800","""E:\MIXER\hybridzip\build\Release\hybridzip.exe"" c --profile=r2 --r2-mode=fast --block-size=32768 --zstd-level=3 --threads=1 ""E:\MIXER\hybridzip\results\experiments\hybridzip-r2-e6-fast-k4-full-20260829-w1\children\hybridzip-r2-e6-fast-k4-full-20260829-w1-fast-b32-r3\inputs\64KiB\x-ray.bin"" ""E:\MIXER\hybridzip\results\experiments\hybridzip-r2-e6-fast-k4-full-20260829-w1\children\hybridzip-r2-e6-fast-k4-full-20260829-w1-fast-b32-r3\archives\64KiB\x-ray.hz2""","""E:\MIXER\hybridzip\build\Release\hybridzip.exe"" d ""E:\MIXER\hybridzip\results\experiments\hybridzip-r2-e6-fast-k4-full-20260829-w1\children\hybridzip-r2-e6-fast-k4-full-20260829-w1-fast-b32-r3\archives\64KiB\x-ray.hz2"" ""E:\MIXER\hybridzip\results\experiments\hybridzip-r2-e6-fast-k4-full-20260829-w1\children\hybridzip-r2-e6-fast-k4-full-20260829-w1-fast-b32-r3\decoded\64KiB\x-ray.decoded""","0","0","2026-08-29T14:44:52.7057885+08:00","COMPLETE","PASS","fast-ext=2","Complete R2 archive size; SHA-256 byte-exact roundtrip verified."
"e6-fast","fast","32","3","False","1","1","16","0","00010000","1025B343","4B1AC26C40AD4DA50312FD3B694D7E636FB768C2336FE773BC82D36424C27A4B","0:4,39:4,43:8","4","8804800","9400000","4737100","4888200","4894900,9400000,8975200,8804800","4888200,4737100,4753600,4413900","hybridzip-r2-e6-fast-k4-full-20260829-w1-fast-b32-r3","r2-fast","1","33","x-ray","128","inputs/128KiB/x-ray.bin","131072","7A65B793FB2A694C20686275A899B304445473528F7C998BE26F8C68EB18F76E","archives/128KiB/x-ray.hz2","73361","83B8B676F210E734DDB368A81233AFD9296356AAE1F5568C73B64E9C0F7DC602","decoded/128KiB/x-ray.decoded","131072","7A65B793FB2A694C20686275A899B304445473528F7C998BE26F8C68EB18F76E","0.0648835","0.0535127","5.33203125","4.2265625","5.33203125","74FF260A939B01673667723D8351AAEDB679339610009ECB23C70E373B862D9F","profile_id=2;mode=fast;block_size=32768;zstd_level=3;lzma_level=9;threads=1;process_timeout_seconds=1800","""E:\MIXER\hybridzip\build\Release\hybridzip.exe"" c --profile=r2 --r2-mode=fast --block-size=32768 --zstd-level=3 --threads=1 ""E:\MIXER\hybridzip\results\experiments\hybridzip-r2-e6-fast-k4-full-20260829-w1\children\hybridzip-r2-e6-fast-k4-full-20260829-w1-fast-b32-r3\inputs\128KiB\x-ray.bin"" ""E:\MIXER\hybridzip\results\experiments\hybridzip-r2-e6-fast-k4-full-20260829-w1\children\hybridzip-r2-e6-fast-k4-full-20260829-w1-fast-b32-r3\archives\128KiB\x-ray.hz2""","""E:\MIXER\hybridzip\build\Release\hybridzip.exe"" d ""E:\MIXER\hybridzip\results\experiments\hybridzip-r2-e6-fast-k4-full-20260829-w1\children\hybridzip-r2-e6-fast-k4-full-20260829-w1-fast-b32-r3\archives\128KiB\x-ray.hz2"" ""E:\MIXER\hybridzip\results\experiments\hybridzip-r2-e6-fast-k4-full-20260829-w1\children\hybridzip-r2-e6-fast-k4-full-20260829-w1-fast-b32-r3\decoded\128KiB\x-ray.decoded""","0","0","2026-08-29T14:44:52.9384462+08:00","COMPLETE","PASS","fast-ext=4","Complete R2 archive size; SHA-256 byte-exact roundtrip verified."
"e6-fast","fast","32","3","False","1","1","4","0","00010000","1025B343","4B1AC26C40AD4DA50312FD3B694D7E636FB768C2336FE773BC82D36424C27A4B","0:1,39:1,43:2","1","4880200","4880200","4800600","4800600","4880200","4800600","hybridzip-r2-e6-fast-k4-full-20260829-w1-fast-b32-r3","r2-fast","1","34","xml","32","inputs/32KiB/xml.bin","32768","C2F7F129956F8D6FC3D0E3595D93F98D5270B6F5BC4AB5E70F45867822EFDD71","archives/32KiB/xml.hz2","3482","56F41DBDDA90FC3592677AFFC82010F6A6A7A6C4C20822D14EA66068FF071D40","decoded/32KiB/xml.decoded","32768","C2F7F129956F8D6FC3D0E3595D93F98D5270B6F5BC4AB5E70F45867822EFDD71","0.0653747","0.0568793","2.02734375","2.02734375","2.02734375","74FF260A939B01673667723D8351AAEDB679339610009ECB23C70E373B862D9F","profile_id=2;mode=fast;block_size=32768;zstd_level=3;lzma_level=9;threads=1;process_timeout_seconds=1800","""E:\MIXER\hybridzip\build\Release\hybridzip.exe"" c --profile=r2 --r2-mode=fast --block-size=32768 --zstd-level=3 --threads=1 ""E:\MIXER\hybridzip\results\experiments\hybridzip-r2-e6-fast-k4-full-20260829-w1\children\hybridzip-r2-e6-fast-k4-full-20260829-w1-fast-b32-r3\inputs\32KiB\xml.bin"" ""E:\MIXER\hybridzip\results\experiments\hybridzip-r2-e6-fast-k4-full-20260829-w1\children\hybridzip-r2-e6-fast-k4-full-20260829-w1-fast-b32-r3\archives\32KiB\xml.hz2""","""E:\MIXER\hybridzip\build\Release\hybridzip.exe"" d ""E:\MIXER\hybridzip\results\experiments\hybridzip-r2-e6-fast-k4-full-20260829-w1\children\hybridzip-r2-e6-fast-k4-full-20260829-w1-fast-b32-r3\archives\32KiB\xml.hz2"" ""E:\MIXER\hybridzip\results\experiments\hybridzip-r2-e6-fast-k4-full-20260829-w1\children\hybridzip-r2-e6-fast-k4-full-20260829-w1-fast-b32-r3\decoded\32KiB\xml.decoded""","0","0","2026-08-29T14:44:53.1566777+08:00","COMPLETE","PASS","fast-ext=1","Complete R2 archive size; SHA-256 byte-exact roundtrip verified."
"e6-fast","fast","32","3","False","1","1","8","0","00010000","1025B343","4B1AC26C40AD4DA50312FD3B694D7E636FB768C2336FE773BC82D36424C27A4B","0:2,39:2,43:4","2","4526600","8735100","4483300","4519800","4526600,8735100","4519800,4483300","hybridzip-r2-e6-fast-k4-full-20260829-w1-fast-b32-r3","r2-fast","1","35","xml","64","inputs/64KiB/xml.bin","65536","E32AFF2BEBF00105A17DD57F5490C1986D17543CEE837B42EB56B3E0E6F8E7F1","archives/64KiB/xml.hz2","6827","8DDDD1AEEF016C75C29D9E9A103910A372201C3ED68CEC6F431976EF7FC24011","decoded/64KiB/xml.decoded","65536","E32AFF2BEBF00105A17DD57F5490C1986D17543CEE837B42EB56B3E0E6F8E7F1","0.063557","0.0517107","2.4609375","2.02734375","2.4609375","74FF260A939B01673667723D8351AAEDB679339610009ECB23C70E373B862D9F","profile_id=2;mode=fast;block_size=32768;zstd_level=3;lzma_level=9;threads=1;process_timeout_seconds=1800","""E:\MIXER\hybridzip\build\Release\hybridzip.exe"" c --profile=r2 --r2-mode=fast --block-size=32768 --zstd-level=3 --threads=1 ""E:\MIXER\hybridzip\results\experiments\hybridzip-r2-e6-fast-k4-full-20260829-w1\children\hybridzip-r2-e6-fast-k4-full-20260829-w1-fast-b32-r3\inputs\64KiB\xml.bin"" ""E:\MIXER\hybridzip\results\experiments\hybridzip-r2-e6-fast-k4-full-20260829-w1\children\hybridzip-r2-e6-fast-k4-full-20260829-w1-fast-b32-r3\archives\64KiB\xml.hz2""","""E:\MIXER\hybridzip\build\Release\hybridzip.exe"" d ""E:\MIXER\hybridzip\results\experiments\hybridzip-r2-e6-fast-k4-full-20260829-w1\children\hybridzip-r2-e6-fast-k4-full-20260829-w1-fast-b32-r3\archives\64KiB\xml.hz2"" ""E:\MIXER\hybridzip\results\experiments\hybridzip-r2-e6-fast-k4-full-20260829-w1\children\hybridzip-r2-e6-fast-k4-full-20260829-w1-fast-b32-r3\decoded\64KiB\xml.decoded""","0","0","2026-08-29T14:44:53.3771197+08:00","COMPLETE","PASS","fast-ext=2","Complete R2 archive size; SHA-256 byte-exact roundtrip verified."
"e6-fast","fast","32","3","False","1","1","16","0","00010000","1025B343","4B1AC26C40AD4DA50312FD3B694D7E636FB768C2336FE773BC82D36424C27A4B","0:4,39:4,43:8","4","8764800","9263300","4433200","4957500","5148800,9263300,9062800,8764800","4957500,4433200,4909300,4330800","hybridzip-r2-e6-fast-k4-full-20260829-w1-fast-b32-r3","r2-fast","1","36","xml","128","inputs/128KiB/xml.bin","131072","5FA29C746885F2EEB98734218475915A78092CCB3B0F68B08861EE210E5B6E25","archives/128KiB/xml.hz2","13794","9195949679C3C831794F96003D0A375D084A314668FFAF2884E37AA7D8744A73","decoded/128KiB/xml.decoded","131072","5FA29C746885F2EEB98734218475915A78092CCB3B0F68B08861EE210E5B6E25","0.0799067","0.0635464","5.33984375","2.0234375","5.33984375","74FF260A939B01673667723D8351AAEDB679339610009ECB23C70E373B862D9F","profile_id=2;mode=fast;block_size=32768;zstd_level=3;lzma_level=9;threads=1;process_timeout_seconds=1800","""E:\MIXER\hybridzip\build\Release\hybridzip.exe"" c --profile=r2 --r2-mode=fast --block-size=32768 --zstd-level=3 --threads=1 ""E:\MIXER\hybridzip\results\experiments\hybridzip-r2-e6-fast-k4-full-20260829-w1\children\hybridzip-r2-e6-fast-k4-full-20260829-w1-fast-b32-r3\inputs\128KiB\xml.bin"" ""E:\MIXER\hybridzip\results\experiments\hybridzip-r2-e6-fast-k4-full-20260829-w1\children\hybridzip-r2-e6-fast-k4-full-20260829-w1-fast-b32-r3\archives\128KiB\xml.hz2""","""E:\MIXER\hybridzip\build\Release\hybridzip.exe"" d ""E:\MIXER\hybridzip\results\experiments\hybridzip-r2-e6-fast-k4-full-20260829-w1\children\hybridzip-r2-e6-fast-k4-full-20260829-w1-fast-b32-r3\archives\128KiB\xml.hz2"" ""E:\MIXER\hybridzip\results\experiments\hybridzip-r2-e6-fast-k4-full-20260829-w1\children\hybridzip-r2-e6-fast-k4-full-20260829-w1-fast-b32-r3\decoded\128KiB\xml.decoded""","0","0","2026-08-29T14:44:53.5914116+08:00","COMPLETE","PASS","fast-ext=4","Complete R2 archive size; SHA-256 byte-exact roundtrip verified."
"e6-fast","fast","64","0","True","1","1","4","0","00010000","1025B343","4B1AC26C40AD4DA50312FD3B694D7E636FB768C2336FE773BC82D36424C27A4B","0:1,39:1,43:2","1","6440000","6440000","6215900","6215900","6440000","6215900","hybridzip-r2-e6-fast-k4-full-20260829-w1-fast-b64-r0","r2-fast","1","1","dickens","32","inputs/32KiB/dickens.bin","32768","FC42DCB9849222C8704C9DCAE606D075B389B66244FB215035148D6409EC0B31","archives/32KiB/dickens.hz2","14204","9D5DD3F72E5BBDFF1F29111E5023181AE160FF4D4FFDE86997DAC78EB7BDA1D2","decoded/32KiB/dickens.decoded","32768","FC42DCB9849222C8704C9DCAE606D075B389B66244FB215035148D6409EC0B31","0.0561977","0.0473842","5.21875","2.02734375","5.21875","74FF260A939B01673667723D8351AAEDB679339610009ECB23C70E373B862D9F","profile_id=2;mode=fast;block_size=65536;zstd_level=3;lzma_level=9;threads=1;process_timeout_seconds=1800","""E:\MIXER\hybridzip\build\Release\hybridzip.exe"" c --profile=r2 --r2-mode=fast --block-size=65536 --zstd-level=3 --threads=1 ""E:\MIXER\hybridzip\results\experiments\hybridzip-r2-e6-fast-k4-full-20260829-w1\children\hybridzip-r2-e6-fast-k4-full-20260829-w1-fast-b64-r0\inputs\32KiB\dickens.bin"" ""E:\MIXER\hybridzip\results\experiments\hybridzip-r2-e6-fast-k4-full-20260829-w1\children\hybridzip-r2-e6-fast-k4-full-20260829-w1-fast-b64-r0\archives\32KiB\dickens.hz2""","""E:\MIXER\hybridzip\build\Release\hybridzip.exe"" d ""E:\MIXER\hybridzip\results\experiments\hybridzip-r2-e6-fast-k4-full-20260829-w1\children\hybridzip-r2-e6-fast-k4-full-20260829-w1-fast-b64-r0\archives\32KiB\dickens.hz2"" ""E:\MIXER\hybridzip\results\experiments\hybridzip-r2-e6-fast-k4-full-20260829-w1\children\hybridzip-r2-e6-fast-k4-full-20260829-w1-fast-b64-r0\decoded\32KiB\dickens.decoded""","0","0","2026-08-29T14:44:55.0950541+08:00","COMPLETE","PASS","fast-ext=1","Complete R2 archive size; SHA-256 byte-exact roundtrip verified."
"e6-fast","fast","64","0","True","1","1","4","0","00010000","1025B343","4B1AC26C40AD4DA50312FD3B694D7E636FB768C2336FE773BC82D36424C27A4B","0:1,39:1,43:2","1","11680000","11680000","11672900","11672900","11680000","11672900","hybridzip-r2-e6-fast-k4-full-20260829-w1-fast-b64-r0","r2-fast","1","2","dickens","64","inputs/64KiB/dickens.bin","65536","134AD989A7B8B40C900A3B9C0F4895317DFD827D9E6E933895B08D2F4A8A8293","archives/64KiB/dickens.hz2","27191","565621A47F272DFFF89390990EFD98364D7FA98CC250207A325D8423777F9510","decoded/64KiB/dickens.decoded","65536","134AD989A7B8B40C900A3B9C0F4895317DFD827D9E6E933895B08D2F4A8A8293","0.0635063","0.0475485","5.46484375","2.02734375","5.46484375","74FF260A939B01673667723D8351AAEDB679339610009ECB23C70E373B862D9F","profile_id=2;mode=fast;block_size=65536;zstd_level=3;lzma_level=9;threads=1;process_timeout_seconds=1800","""E:\MIXER\hybridzip\build\Release\hybridzip.exe"" c --profile=r2 --r2-mode=fast --block-size=65536 --zstd-level=3 --threads=1 ""E:\MIXER\hybridzip\results\experiments\hybridzip-r2-e6-fast-k4-full-20260829-w1\children\hybridzip-r2-e6-fast-k4-full-20260829-w1-fast-b64-r0\inputs\64KiB\dickens.bin"" ""E:\MIXER\hybridzip\results\experiments\hybridzip-r2-e6-fast-k4-full-20260829-w1\children\hybridzip-r2-e6-fast-k4-full-20260829-w1-fast-b64-r0\archives\64KiB\dickens.hz2""","""E:\MIXER\hybridzip\build\Release\hybridzip.exe"" d ""E:\MIXER\hybridzip\results\experiments\hybridzip-r2-e6-fast-k4-full-20260829-w1\children\hybridzip-r2-e6-fast-k4-full-20260829-w1-fast-b64-r0\archives\64KiB\dickens.hz2"" ""E:\MIXER\hybridzip\results\experiments\hybridzip-r2-e6-fast-k4-full-20260829-w1\children\hybridzip-r2-e6-fast-k4-full-20260829-w1-fast-b64-r0\decoded\64KiB\dickens.decoded""","0","0","2026-08-29T14:44:55.2582837+08:00","COMPLETE","PASS","fast-ext=1","Complete R2 archive size; SHA-256 byte-exact roundtrip verified."
"e6-fast","fast","64","0","True","1","1","8","0","00010000","1025B343","4B1AC26C40AD4DA50312FD3B694D7E636FB768C2336FE773BC82D36424C27A4B","0:2,39:2,43:4","2","10537200","20294000","10270800","10531500","10537200,20294000","10531500,10270800","hybridzip-r2-e6-fast-k4-full-20260829-w1-fast-b64-r0","r2-fast","1","3","dickens","128","inputs/128KiB/dickens.bin","131072","20E33FCC8FAA96DC32A2D0921115C0F363E64C598A5847CE1A3876E356D59872","archives/128KiB/dickens.hz2","53617","186743C9B3840705B35B147D9292461151EBB5F4E68613D98A88312020CEABA6","decoded/128KiB/dickens.decoded","131072","20E33FCC8FAA96DC32A2D0921115C0F363E64C598A5847CE1A3876E356D59872","0.0702215","0.055197","5.54296875","4.5703125","5.54296875","74FF260A939B01673667723D8351AAEDB679339610009ECB23C70E373B862D9F","profile_id=2;mode=fast;block_size=65536;zstd_level=3;lzma_level=9;threads=1;process_timeout_seconds=1800","""E:\MIXER\hybridzip\build\Release\hybridzip.exe"" c --profile=r2 --r2-mode=fast --block-size=65536 --zstd-level=3 --threads=1 ""E:\MIXER\hybridzip\results\experiments\hybridzip-r2-e6-fast-k4-full-20260829-w1\children\hybridzip-r2-e6-fast-k4-full-20260829-w1-fast-b64-r0\inputs\128KiB\dickens.bin"" ""E:\MIXER\hybridzip\results\experiments\hybridzip-r2-e6-fast-k4-full-20260829-w1\children\hybridzip-r2-e6-fast-k4-full-20260829-w1-fast-b64-r0\archives\128KiB\dickens.hz2""","""E:\MIXER\hybridzip\build\Release\hybridzip.exe"" d ""E:\MIXER\hybridzip\results\experiments\hybridzip-r2-e6-fast-k4-full-20260829-w1\children\hybridzip-r2-e6-fast-k4-full-20260829-w1-fast-b64-r0\archives\128KiB\dickens.hz2"" ""E:\MIXER\hybridzip\results\experiments\hybridzip-r2-e6-fast-k4-full-20260829-w1\children\hybridzip-r2-e6-fast-k4-full-20260829-w1-fast-b64-r0\decoded\128KiB\dickens.decoded""","0","0","2026-08-29T14:44:55.4358042+08:00","COMPLETE","PASS","fast-ext=2","Complete R2 archive size; SHA-256 byte-exact roundtrip verified."
"e6-fast","fast","64","0","True","1","1","4","0","00010000","1025B343","4B1AC26C40AD4DA50312FD3B694D7E636FB768C2336FE773BC82D36424C27A4B","0:1,39:1,43:2","1","7690100","7690100","7589900","7589900","7690100","7589900","hybridzip-r2-e6-fast-k4-full-20260829-w1-fast-b64-r0","r2-fast","1","4","mozilla","32","inputs/32KiB/mozilla.bin","32768","9DDEEF36CA0CA55B72FE3376D005926DFF3400A2ADE6EAE18482D8017D8645DB","archives/32KiB/mozilla.hz2","11271","77B240ED52BB826621AD3CFEEAF32B0880894AE814EA879188AFC0190ABD83BF","decoded/32KiB/mozilla.decoded","32768","9DDEEF36CA0CA55B72FE3376D005926DFF3400A2ADE6EAE18482D8017D8645DB","0.0583946","0.0501113","5.24609375","4.5","5.24609375","74FF260A939B01673667723D8351AAEDB679339610009ECB23C70E373B862D9F","profile_id=2;mode=fast;block_size=65536;zstd_level=3;lzma_level=9;threads=1;process_timeout_seconds=1800","""E:\MIXER\hybridzip\build\Release\hybridzip.exe"" c --profile=r2 --r2-mode=fast --block-size=65536 --zstd-level=3 --threads=1 ""E:\MIXER\hybridzip\results\experiments\hybridzip-r2-e6-fast-k4-full-20260829-w1\children\hybridzip-r2-e6-fast-k4-full-20260829-w1-fast-b64-r0\inputs\32KiB\mozilla.bin"" ""E:\MIXER\hybridzip\results\experiments\hybridzip-r2-e6-fast-k4-full-20260829-w1\children\hybridzip-r2-e6-fast-k4-full-20260829-w1-fast-b64-r0\archives\32KiB\mozilla.hz2""","""E:\MIXER\hybridzip\build\Release\hybridzip.exe"" d ""E:\MIXER\hybridzip\results\experiments\hybridzip-r2-e6-fast-k4-full-20260829-w1\children\hybridzip-r2-e6-fast-k4-full-20260829-w1-fast-b64-r0\archives\32KiB\mozilla.hz2"" ""E:\MIXER\hybridzip\results\experiments\hybridzip-r2-e6-fast-k4-full-20260829-w1\children\hybridzip-r2-e6-fast-k4-full-20260829-w1-fast-b64-r0\decoded\32KiB\mozilla.decoded""","0","0","2026-08-29T14:44:55.6337312+08:00","COMPLETE","PASS","fast-ext=1","Complete R2 archive size; SHA-256 byte-exact roundtrip verified."
"e6-fast","fast","64","0","True","1","1","4","0","00010000","1025B343","4B1AC26C40AD4DA50312FD3B694D7E636FB768C2336FE773BC82D36424C27A4B","0:1,39:1,43:2","1","12849500","12849500","12842900","12842900","12849500","12842900","hybridzip-r2-e6-fast-k4-full-20260829-w1-fast-b64-r0","r2-fast","1","5","mozilla","64","inputs/64KiB/mozilla.bin","65536","B0050240663F54371D372303EEABA0A59AB0758BCD565F4F639D06561E6BC996","archives/64KiB/mozilla.hz2","15984","C2CD5BA868B50D0568DCCDF8DBCDC3A1FD17033AE420AB77FEC963E4E6A1BB93","decoded/64KiB/mozilla.decoded","65536","B0050240663F54371D372303EEABA0A59AB0758BCD565F4F639D06561E6BC996","0.0596329","0.0436123","2.02734375","2.02734375","2.02734375","74FF260A939B01673667723D8351AAEDB679339610009ECB23C70E373B862D9F","profile_id=2;mode=fast;block_size=65536;zstd_level=3;lzma_level=9;threads=1;process_timeout_seconds=1800","""E:\MIXER\hybridzip\build\Release\hybridzip.exe"" c --profile=r2 --r2-mode=fast --block-size=65536 --zstd-level=3 --threads=1 ""E:\MIXER\hybridzip\results\experiments\hybridzip-r2-e6-fast-k4-full-20260829-w1\children\hybridzip-r2-e6-fast-k4-full-20260829-w1-fast-b64-r0\inputs\64KiB\mozilla.bin"" ""E:\MIXER\hybridzip\results\experiments\hybridzip-r2-e6-fast-k4-full-20260829-w1\children\hybridzip-r2-e6-fast-k4-full-20260829-w1-fast-b64-r0\archives\64KiB\mozilla.hz2""","""E:\MIXER\hybridzip\build\Release\hybridzip.exe"" d ""E:\MIXER\hybridzip\results\experiments\hybridzip-r2-e6-fast-k4-full-20260829-w1\children\hybridzip-r2-e6-fast-k4-full-20260829-w1-fast-b64-r0\archives\64KiB\mozilla.hz2"" ""E:\MIXER\hybridzip\results\experiments\hybridzip-r2-e6-fast-k4-full-20260829-w1\children\hybridzip-r2-e6-fast-k4-full-20260829-w1-fast-b64-r0\decoded\64KiB\mozilla.decoded""","0","0","2026-08-29T14:44:55.8070369+08:00","COMPLETE","PASS","fast-ext=1","Complete R2 archive size; SHA-256 byte-exact roundtrip verified."
"e6-fast","fast","64","0","True","1","1","8","0","00010000","1025B343","4B1AC26C40AD4DA50312FD3B694D7E636FB768C2336FE773BC82D36424C27A4B","0:2,39:2,43:4","2","13115800","21690200","9232400","13109200","13115800,21690200","13109200,9232400","hybridzip-r2-e6-fast-k4-full-20260829-w1-fast-b64-r0","r2-fast","1","6","mozilla","128","inputs/128KiB/mozilla.bin","131072","85CDBEA98382DB12E9A21FF90E1907452712D074000A6B855D2CA215FA591EB4","archives/128KiB/mozilla.hz2","24000","14353AC849C6E8AE37013AC4205841A71F93B6AACF1B9E9B7F10DC4A1B917701","decoded/128KiB/mozilla.decoded","131072","85CDBEA98382DB12E9A21FF90E1907452712D074000A6B855D2CA215FA591EB4","0.0715156","0.0477657","5.50390625","2.42578125","5.50390625","74FF260A939B01673667723D8351AAEDB679339610009ECB23C70E373B862D9F","profile_id=2;mode=fast;block_size=65536;zstd_level=3;lzma_level=9;threads=1;process_timeout_seconds=1800","""E:\MIXER\hybridzip\build\Release\hybridzip.exe"" c --profile=r2 --r2-mode=fast --block-size=65536 --zstd-level=3 --threads=1 ""E:\MIXER\hybridzip\results\experiments\hybridzip-r2-e6-fast-k4-full-20260829-w1\children\hybridzip-r2-e6-fast-k4-full-20260829-w1-fast-b64-r0\inputs\128KiB\mozilla.bin"" ""E:\MIXER\hybridzip\results\experiments\hybridzip-r2-e6-fast-k4-full-20260829-w1\children\hybridzip-r2-e6-fast-k4-full-20260829-w1-fast-b64-r0\archives\128KiB\mozilla.hz2""","""E:\MIXER\hybridzip\build\Release\hybridzip.exe"" d ""E:\MIXER\hybridzip\results\experiments\hybridzip-r2-e6-fast-k4-full-20260829-w1\children\hybridzip-r2-e6-fast-k4-full-20260829-w1-fast-b64-r0\archives\128KiB\mozilla.hz2"" ""E:\MIXER\hybridzip\results\experiments\hybridzip-r2-e6-fast-k4-full-20260829-w1\children\hybridzip-r2-e6-fast-k4-full-20260829-w1-fast-b64-r0\decoded\128KiB\mozilla.decoded""","0","0","2026-08-29T14:44:55.9826724+08:00","COMPLETE","PASS","fast-ext=2","Complete R2 archive size; SHA-256 byte-exact roundtrip verified."
"e6-fast","fast","64","0","True","1","1","4","0","00010000","1025B343","4B1AC26C40AD4DA50312FD3B694D7E636FB768C2336FE773BC82D36424C27A4B","0:1,39:1,43:2","1","7704700","7704700","7623100","7623100","7704700","7623100","hybridzip-r2-e6-fast-k4-full-20260829-w1-fast-b64-r0","r2-fast","1","7","mr","32","inputs/32KiB/mr.bin","32768","3BB287B0AF65F777AB00C14E362B4D1962087260556001BBEE0689AA10D9F76A","archives/32KiB/mr.hz2","8048","26097D8AA55017CBC238A4467A3257B4D648B1E533474321E04DF3C3D439A659","decoded/32KiB/mr.decoded","32768","3BB287B0AF65F777AB00C14E362B4D1962087260556001BBEE0689AA10D9F76A","0.0571454","0.0624635","5.23828125","2.02734375","5.23828125","74FF260A939B01673667723D8351AAEDB679339610009ECB23C70E373B862D9F","profile_id=2;mode=fast;block_size=65536;zstd_level=3;lzma_level=9;threads=1;process_timeout_seconds=1800","""E:\MIXER\hybridzip\build\Release\hybridzip.exe"" c --profile=r2 --r2-mode=fast --block-size=65536 --zstd-level=3 --threads=1 ""E:\MIXER\hybridzip\results\experiments\hybridzip-r2-e6-fast-k4-full-20260829-w1\children\hybridzip-r2-e6-fast-k4-full-20260829-w1-fast-b64-r0\inputs\32KiB\mr.bin"" ""E:\MIXER\hybridzip\results\experiments\hybridzip-r2-e6-fast-k4-full-20260829-w1\children\hybridzip-r2-e6-fast-k4-full-20260829-w1-fast-b64-r0\archives\32KiB\mr.hz2""","""E:\MIXER\hybridzip\build\Release\hybridzip.exe"" d ""E:\MIXER\hybridzip\results\experiments\hybridzip-r2-e6-fast-k4-full-20260829-w1\children\hybridzip-r2-e6-fast-k4-full-20260829-w1-fast-b64-r0\archives\32KiB\mr.hz2"" ""E:\MIXER\hybridzip\results\experiments\hybridzip-r2-e6-fast-k4-full-20260829-w1\children\hybridzip-r2-e6-fast-k4-full-20260829-w1-fast-b64-r0\decoded\32KiB\mr.decoded""","0","0","2026-08-29T14:44:56.1688367+08:00","COMPLETE","PASS","fast-ext=1","Complete R2 archive size; SHA-256 byte-exact roundtrip verified."
"e6-fast","fast","64","0","True","1","1","4","0","00010000","1025B343","4B1AC26C40AD4DA50312FD3B694D7E636FB768C2336FE773BC82D36424C27A4B","0:1,39:1,43:2","1","14936200","14936200","14924600","14924600","14936200","14924600","hybridzip-r2-e6-fast-k4-full-20260829-w1-fast-b64-r0","r2-fast","1","8","mr","64","inputs/64KiB/mr.bin","65536","CAB7B6408934009A4BBFEDB57BEB4943BF5478CF8B3688D01F004E0422EBC651","archives/64KiB/mr.hz2","15043","82A58EBA627DC5FAC3FEFB8C2CF22FE2FD189BAE2B8F946A0A941901DF421CF0","decoded/64KiB/mr.decoded","65536","CAB7B6408934009A4BBFEDB57BEB4943BF5478CF8B3688D01F004E0422EBC651","0.0721653","0.0428934","5.4609375","2.02734375","5.4609375","74FF260A939B01673667723D8351AAEDB679339610009ECB23C70E373B862D9F","profile_id=2;mode=fast;block_size=65536;zstd_level=3;lzma_level=9;threads=1;process_timeout_seconds=1800","""E:\MIXER\hybridzip\build\Release\hybridzip.exe"" c --profile=r2 --r2-mode=fast --block-size=65536 --zstd-level=3 --threads=1 ""E:\MIXER\hybridzip\results\experiments\hybridzip-r2-e6-fast-k4-full-20260829-w1\children\hybridzip-r2-e6-fast-k4-full-20260829-w1-fast-b64-r0\inputs\64KiB\mr.bin"" ""E:\MIXER\hybridzip\results\experiments\hybridzip-r2-e6-fast-k4-full-20260829-w1\children\hybridzip-r2-e6-fast-k4-full-20260829-w1-fast-b64-r0\archives\64KiB\mr.hz2""","""E:\MIXER\hybridzip\build\Release\hybridzip.exe"" d ""E:\MIXER\hybridzip\results\experiments\hybridzip-r2-e6-fast-k4-full-20260829-w1\children\hybridzip-r2-e6-fast-k4-full-20260829-w1-fast-b64-r0\archives\64KiB\mr.hz2"" ""E:\MIXER\hybridzip\results\experiments\hybridzip-r2-e6-fast-k4-full-20260829-w1\children\hybridzip-r2-e6-fast-k4-full-20260829-w1-fast-b64-r0\decoded\64KiB\mr.decoded""","0","0","2026-08-29T14:44:56.3539291+08:00","COMPLETE","PASS","fast-ext=1","Complete R2 archive size; SHA-256 byte-exact roundtrip verified."
"e6-fast","fast","64","0","True","1","1","8","0","00010000","1025B343","4B1AC26C40AD4DA50312FD3B694D7E636FB768C2336FE773BC82D36424C27A4B","0:2,39:2,43:4","2","14264500","27951400","14257600","14269500","14264500,27951400","14257600,14269500","hybridzip-r2-e6-fast-k4-full-20260829-w1-fast-b64-r0","r2-fast","1","9","mr","128","inputs/128KiB/mr.bin","131072","473A6A883480C7B2E69402AD888AC07B347C2DF61C6AA0D84E8B8130A27792EA","archives/128KiB/mr.hz2","27871","469D03B9488515173E2A8355558EE08D46B69518422882511A47A603E1B7EC1B","decoded/128KiB/mr.decoded","131072","473A6A883480C7B2E69402AD888AC07B347C2DF61C6AA0D84E8B8130A27792EA","0.0718217","0.0421341","5.53515625","2.02734375","5.53515625","74FF260A939B01673667723D8351AAEDB679339610009ECB23C70E373B862D9F","profile_id=2;mode=fast;block_size=65536;zstd_level=3;lzma_level=9;threads=1;process_timeout_seconds=1800","""E:\MIXER\hybridzip\build\Release\hybridzip.exe"" c --profile=r2 --r2-mode=fast --block-size=65536 --zstd-level=3 --threads=1 ""E:\MIXER\hybridzip\results\experiments\hybridzip-r2-e6-fast-k4-full-20260829-w1\children\hybridzip-r2-e6-fast-k4-full-20260829-w1-fast-b64-r0\inputs\128KiB\mr.bin"" ""E:\MIXER\hybridzip\results\experiments\hybridzip-r2-e6-fast-k4-full-20260829-w1\children\hybridzip-r2-e6-fast-k4-full-20260829-w1-fast-b64-r0\archives\128KiB\mr.hz2""","""E:\MIXER\hybridzip\build\Release\hybridzip.exe"" d ""E:\MIXER\hybridzip\results\experiments\hybridzip-r2-e6-fast-k4-full-20260829-w1\children\hybridzip-r2-e6-fast-k4-full-20260829-w1-fast-b64-r0\archives\128KiB\mr.hz2"" ""E:\MIXER\hybridzip\results\experiments\hybridzip-r2-e6-fast-k4-full-20260829-w1\children\hybridzip-r2-e6-fast-k4-full-20260829-w1-fast-b64-r0\decoded\128KiB\mr.decoded""","0","0","2026-08-29T14:44:56.5430944+08:00","COMPLETE","PASS","fast-ext=2","Complete R2 archive size; SHA-256 byte-exact roundtrip verified."
"e6-fast","fast","64","0","True","1","1","4","0","00010000","1025B343","4B1AC26C40AD4DA50312FD3B694D7E636FB768C2336FE773BC82D36424C27A4B","0:1,39:1,43:2","1","5010700","5010700","4956100","4956100","5010700","4956100","hybridzip-r2-e6-fast-k4-full-20260829-w1-fast-b64-r0","r2-fast","1","10","nci","32","inputs/32KiB/nci.bin","32768","0D3034FE8B0E573DE1439ED98CE409B83B13E5895085C9BFB0BF980F4962FB79","archives/32KiB/nci.hz2","3101","20A7F2B7BFA93DBBA8AE3A2E786FBFCBF8D1DEDDDD86D8002E3177D34F4C9F88","decoded/32KiB/nci.decoded","32768","0D3034FE8B0E573DE1439ED98CE409B83B13E5895085C9BFB0BF980F4962FB79","0.0563259","0.0524191","5.23828125","4.15234375","5.23828125","74FF260A939B01673667723D8351AAEDB679339610009ECB23C70E373B862D9F","profile_id=2;mode=fast;block_size=65536;zstd_level=3;lzma_level=9;threads=1;process_timeout_seconds=1800","""E:\MIXER\hybridzip\build\Release\hybridzip.exe"" c --profile=r2 --r2-mode=fast --block-size=65536 --zstd-level=3 --threads=1 ""E:\MIXER\hybridzip\results\experiments\hybridzip-r2-e6-fast-k4-full-20260829-w1\children\hybridzip-r2-e6-fast-k4-full-20260829-w1-fast-b64-r0\inputs\32KiB\nci.bin"" ""E:\MIXER\hybridzip\results\experiments\hybridzip-r2-e6-fast-k4-full-20260829-w1\children\hybridzip-r2-e6-fast-k4-full-20260829-w1-fast-b64-r0\archives\32KiB\nci.hz2""","""E:\MIXER\hybridzip\build\Release\hybridzip.exe"" d ""E:\MIXER\hybridzip\results\experiments\hybridzip-r2-e6-fast-k4-full-20260829-w1\children\hybridzip-r2-e6-fast-k4-full-20260829-w1-fast-b64-r0\archives\32KiB\nci.hz2"" ""E:\MIXER\hybridzip\results\experiments\hybridzip-r2-e6-fast-k4-full-20260829-w1\children\hybridzip-r2-e6-fast-k4-full-20260829-w1-fast-b64-r0\decoded\32KiB\nci.decoded""","0","0","2026-08-29T14:44:56.7326951+08:00","COMPLETE","PASS","fast-ext=1","Complete R2 archive size; SHA-256 byte-exact roundtrip verified."
"e6-fast","fast","64","0","True","1","1","4","0","00010000","1025B343","4B1AC26C40AD4DA50312FD3B694D7E636FB768C2336FE773BC82D36424C27A4B","0:1,39:1,43:2","1","8778800","8778800","8772300","8772300","8778800","8772300","hybridzip-r2-e6-fast-k4-full-20260829-w1-fast-b64-r0","r2-fast","1","11","nci","64","inputs/64KiB/nci.bin","65536","B01B411AC3B5CE2FBF37242C0C59D2D236D2F7039937C1B1A0F18F4CC02549FE","archives/64KiB/nci.hz2","5293","BF0AB292141BAA43662BC98D0C6137FF7324B74823FF5AD2885788872B5B9833","decoded/64KiB/nci.decoded","65536","B01B411AC3B5CE2FBF37242C0C59D2D236D2F7039937C1B1A0F18F4CC02549FE","0.0575758","0.0433559","2.02734375","2.02734375","2.02734375","74FF260A939B01673667723D8351AAEDB679339610009ECB23C70E373B862D9F","profile_id=2;mode=fast;block_size=65536;zstd_level=3;lzma_level=9;threads=1;process_timeout_seconds=1800","""E:\MIXER\hybridzip\build\Release\hybridzip.exe"" c --profile=r2 --r2-mode=fast --block-size=65536 --zstd-level=3 --threads=1 ""E:\MIXER\hybridzip\results\experiments\hybridzip-r2-e6-fast-k4-full-20260829-w1\children\hybridzip-r2-e6-fast-k4-full-20260829-w1-fast-b64-r0\inputs\64KiB\nci.bin"" ""E:\MIXER\hybridzip\results\experiments\hybridzip-r2-e6-fast-k4-full-20260829-w1\children\hybridzip-r2-e6-fast-k4-full-20260829-w1-fast-b64-r0\archives\64KiB\nci.hz2""","""E:\MIXER\hybridzip\build\Release\hybridzip.exe"" d ""E:\MIXER\hybridzip\results\experiments\hybridzip-r2-e6-fast-k4-full-20260829-w1\children\hybridzip-r2-e6-fast-k4-full-20260829-w1-fast-b64-r0\archives\64KiB\nci.hz2"" ""E:\MIXER\hybridzip\results\experiments\hybridzip-r2-e6-fast-k4-full-20260829-w1\children\hybridzip-r2-e6-fast-k4-full-20260829-w1-fast-b64-r0\decoded\64KiB\nci.decoded""","0","0","2026-08-29T14:44:56.9079046+08:00","COMPLETE","PASS","fast-ext=1","Complete R2 archive size; SHA-256 byte-exact roundtrip verified."
"e6-fast","fast","64","0","True","1","1","8","0","00010000","1025B343","4B1AC26C40AD4DA50312FD3B694D7E636FB768C2336FE773BC82D36424C27A4B","0:2,39:2,43:4","2","9283200","16960700","8220400","9196300","9283200,16960700","9196300,8220400","hybridzip-r2-e6-fast-k4-full-20260829-w1-fast-b64-r0","r2-fast","1","12","nci","128","inputs/128KiB/nci.bin","131072","C8A1D610355E5EF900ED4C704DF14ADF1935D95DFD8F1740AC9FD90FC9BF5781","archives/128KiB/nci.hz2","11817","18CABFFF394D9FE2B9EA39CC0ACB870188A2964A3A4A5296B2F1CDC8E52C20A8","decoded/128KiB/nci.decoded","131072","C8A1D610355E5EF900ED4C704DF14ADF1935D95DFD8F1740AC9FD90FC9BF5781","0.071584","0.0423054","5.5","2.02734375","5.5","74FF260A939B01673667723D8351AAEDB679339610009ECB23C70E373B862D9F","profile_id=2;mode=fast;block_size=65536;zstd_level=3;lzma_level=9;threads=1;process_timeout_seconds=1800","""E:\MIXER\hybridzip\build\Release\hybridzip.exe"" c --profile=r2 --r2-mode=fast --block-size=65536 --zstd-level=3 --threads=1 ""E:\MIXER\hybridzip\results\experiments\hybridzip-r2-e6-fast-k4-full-20260829-w1\children\hybridzip-r2-e6-fast-k4-full-20260829-w1-fast-b64-r0\inputs\128KiB\nci.bin"" ""E:\MIXER\hybridzip\results\experiments\hybridzip-r2-e6-fast-k4-full-20260829-w1\children\hybridzip-r2-e6-fast-k4-full-20260829-w1-fast-b64-r0\archives\128KiB\nci.hz2""","""E:\MIXER\hybridzip\build\Release\hybridzip.exe"" d ""E:\MIXER\hybridzip\results\experiments\hybridzip-r2-e6-fast-k4-full-20260829-w1\children\hybridzip-r2-e6-fast-k4-full-20260829-w1-fast-b64-r0\archives\128KiB\nci.hz2"" ""E:\MIXER\hybridzip\results\experiments\hybridzip-r2-e6-fast-k4-full-20260829-w1\children\hybridzip-r2-e6-fast-k4-full-20260829-w1-fast-b64-r0\decoded\128KiB\nci.decoded""","0","0","2026-08-29T14:44:57.0768974+08:00","COMPLETE","PASS","fast-ext=2","Complete R2 archive size; SHA-256 byte-exact roundtrip verified."
"e6-fast","fast","64","0","True","1","1","4","0","00010000","1025B343","4B1AC26C40AD4DA50312FD3B694D7E636FB768C2336FE773BC82D36424C27A4B","0:1,39:1,43:2","1","5983300","5983300","5916400","5916400","5983300","5916400","hybridzip-r2-e6-fast-k4-full-20260829-w1-fast-b64-r0","r2-fast","1","13","ooffice","32","inputs/32KiB/ooffice.bin","32768","2ACF9B4CAAEAC5814CDFEF0FA48A5ECE857C847DBDB7B44EEAB95CA3C098921C","archives/32KiB/ooffice.hz2","13020","D6B67E3B11966162C5B3A15324412703EE0ACE5B3788733346FECD13F70B415A","decoded/32KiB/ooffice.decoded","32768","2ACF9B4CAAEAC5814CDFEF0FA48A5ECE857C847DBDB7B44EEAB95CA3C098921C","0.0634571","0.0506509","2.02734375","4.29296875","4.29296875","74FF260A939B01673667723D8351AAEDB679339610009ECB23C70E373B862D9F","profile_id=2;mode=fast;block_size=65536;zstd_level=3;lzma_level=9;threads=1;process_timeout_seconds=1800","""E:\MIXER\hybridzip\build\Release\hybridzip.exe"" c --profile=r2 --r2-mode=fast --block-size=65536 --zstd-level=3 --threads=1 ""E:\MIXER\hybridzip\results\experiments\hybridzip-r2-e6-fast-k4-full-20260829-w1\children\hybridzip-r2-e6-fast-k4-full-20260829-w1-fast-b64-r0\inputs\32KiB\ooffice.bin"" ""E:\MIXER\hybridzip\results\experiments\hybridzip-r2-e6-fast-k4-full-20260829-w1\children\hybridzip-r2-e6-fast-k4-full-20260829-w1-fast-b64-r0\archives\32KiB\ooffice.hz2""","""E:\MIXER\hybridzip\build\Release\hybridzip.exe"" d ""E:\MIXER\hybridzip\results\experiments\hybridzip-r2-e6-fast-k4-full-20260829-w1\children\hybridzip-r2-e6-fast-k4-full-20260829-w1-fast-b64-r0\archives\32KiB\ooffice.hz2"" ""E:\MIXER\hybridzip\results\experiments\hybridzip-r2-e6-fast-k4-full-20260829-w1\children\hybridzip-r2-e6-fast-k4-full-20260829-w1-fast-b64-r0\decoded\32KiB\ooffice.decoded""","0","0","2026-08-29T14:44:57.2656673+08:00","COMPLETE","PASS","fast-ext=1","Complete R2 archive size; SHA-256 byte-exact roundtrip verified."
"e6-fast","fast","64","0","True","1","1","4","0","00010000","1025B343","4B1AC26C40AD4DA50312FD3B694D7E636FB768C2336FE773BC82D36424C27A4B","0:1,39:1,43:2","1","9992700","9992700","9983000","9983000","9992700","9983000","hybridzip-r2-e6-fast-k4-full-20260829-w1-fast-b64-r0","r2-fast","1","14","ooffice","64","inputs/64KiB/ooffice.bin","65536","9D30521922187D0A26F56CF2DF85001F9585D0D4EC6A0A8797466AFCC367F825","archives/64KiB/ooffice.hz2","30037","8E7AEC2A2156752EF4D868FBA9E4C9C5C7C39F59A489801B48673823BA8F38D9","decoded/64KiB/ooffice.decoded","65536","9D30521922187D0A26F56CF2DF85001F9585D0D4EC6A0A8797466AFCC367F825","0.0668114","0.0641655","2.93359375","2.02734375","2.93359375","74FF260A939B01673667723D8351AAEDB679339610009ECB23C70E373B862D9F","profile_id=2;mode=fast;block_size=65536;zstd_level=3;lzma_level=9;threads=1;process_timeout_seconds=1800","""E:\MIXER\hybridzip\build\Release\hybridzip.exe"" c --profile=r2 --r2-mode=fast --block-size=65536 --zstd-level=3 --threads=1 ""E:\MIXER\hybridzip\results\experiments\hybridzip-r2-e6-fast-k4-full-20260829-w1\children\hybridzip-r2-e6-fast-k4-full-20260829-w1-fast-b64-r0\inputs\64KiB\ooffice.bin"" ""E:\MIXER\hybridzip\results\experiments\hybridzip-r2-e6-fast-k4-full-20260829-w1\children\hybridzip-r2-e6-fast-k4-full-20260829-w1-fast-b64-r0\archives\64KiB\ooffice.hz2""","""E:\MIXER\hybridzip\build\Release\hybridzip.exe"" d ""E:\MIXER\hybridzip\results\experiments\hybridzip-r2-e6-fast-k4-full-20260829-w1\children\hybridzip-r2-e6-fast-k4-full-20260829-w1-fast-b64-r0\archives\64KiB\ooffice.hz2"" ""E:\MIXER\hybridzip\results\experiments\hybridzip-r2-e6-fast-k4-full-20260829-w1\children\hybridzip-r2-e6-fast-k4-full-20260829-w1-fast-b64-r0\decoded\64KiB\ooffice.decoded""","0","0","2026-08-29T14:44:57.4528634+08:00","COMPLETE","PASS","fast-ext=1","Complete R2 archive size; SHA-256 byte-exact roundtrip verified."
"e6-fast","fast","64","0","True","1","1","8","0","00010000","1025B343","4B1AC26C40AD4DA50312FD3B694D7E636FB768C2336FE773BC82D36424C27A4B","0:2,39:2,43:4","2","9321900","17637300","8849400","9314700","9321900,17637300","9314700,8849400","hybridzip-r2-e6-fast-k4-full-20260829-w1-fast-b64-r0","r2-fast","1","15","ooffice","128","inputs/128KiB/ooffice.bin","131072","09FA5F3EE5311528863F8C3FADA3B530CC24AC1D88128E4DB2BF434161879FEF","archives/128KiB/ooffice.hz2","65354","E37D6F2F36E3559F450251659A6605C13642A8757DCA1EB4CC43A5C01C7CF5A4","decoded/128KiB/ooffice.decoded","131072","09FA5F3EE5311528863F8C3FADA3B530CC24AC1D88128E4DB2BF434161879FEF","0.0647911","0.0470282","2.453125","2.02734375","2.453125","74FF260A939B01673667723D8351AAEDB679339610009ECB23C70E373B862D9F","profile_id=2;mode=fast;block_size=65536;zstd_level=3;lzma_level=9;threads=1;process_timeout_seconds=1800","""E:\MIXER\hybridzip\build\Release\hybridzip.exe"" c --profile=r2 --r2-mode=fast --block-size=65536 --zstd-level=3 --threads=1 ""E:\MIXER\hybridzip\results\experiments\hybridzip-r2-e6-fast-k4-full-20260829-w1\children\hybridzip-r2-e6-fast-k4-full-20260829-w1-fast-b64-r0\inputs\128KiB\ooffice.bin"" ""E:\MIXER\hybridzip\results\experiments\hybridzip-r2-e6-fast-k4-full-20260829-w1\children\hybridzip-r2-e6-fast-k4-full-20260829-w1-fast-b64-r0\archives\128KiB\ooffice.hz2""","""E:\MIXER\hybridzip\build\Release\hybridzip.exe"" d ""E:\MIXER\hybridzip\results\experiments\hybridzip-r2-e6-fast-k4-full-20260829-w1\children\hybridzip-r2-e6-fast-k4-full-20260829-w1-fast-b64-r0\archives\128KiB\ooffice.hz2"" ""E:\MIXER\hybridzip\results\experiments\hybridzip-r2-e6-fast-k4-full-20260829-w1\children\hybridzip-r2-e6-fast-k4-full-20260829-w1-fast-b64-r0\decoded\128KiB\ooffice.decoded""","0","0","2026-08-29T14:44:57.6582398+08:00","COMPLETE","PASS","fast-ext=2","Complete R2 archive size; SHA-256 byte-exact roundtrip verified."
"e6-fast","fast","64","0","True","1","1","4","0","00010000","1025B343","4B1AC26C40AD4DA50312FD3B694D7E636FB768C2336FE773BC82D36424C27A4B","0:1,39:1,43:2","1","6178600","6178600","6171900","6171900","6178600","6171900","hybridzip-r2-e6-fast-k4-full-20260829-w1-fast-b64-r0","r2-fast","1","16","osdb","32","inputs/32KiB/osdb.bin","32768","03B2C20B777682CD960BCD893D7A4463161D9C0200FD1708B2EFAE32A259D0B7","archives/32KiB/osdb.hz2","15695","F5787A27E2A350FD7BE9686D34A78A9543145A01520A523719A3CA88E4D5EB6A","decoded/32KiB/osdb.decoded","32768","03B2C20B777682CD960BCD893D7A4463161D9C0200FD1708B2EFAE32A259D0B7","0.0546459","0.0478387","5.2578125","3.8515625","5.2578125","74FF260A939B01673667723D8351AAEDB679339610009ECB23C70E373B862D9F","profile_id=2;mode=fast;block_size=65536;zstd_level=3;lzma_level=9;threads=1;process_timeout_seconds=1800","""E:\MIXER\hybridzip\build\Release\hybridzip.exe"" c --profile=r2 --r2-mode=fast --block-size=65536 --zstd-level=3 --threads=1 ""E:\MIXER\hybridzip\results\experiments\hybridzip-r2-e6-fast-k4-full-20260829-w1\children\hybridzip-r2-e6-fast-k4-full-20260829-w1-fast-b64-r0\inputs\32KiB\osdb.bin"" ""E:\MIXER\hybridzip\results\experiments\hybridzip-r2-e6-fast-k4-full-20260829-w1\children\hybridzip-r2-e6-fast-k4-full-20260829-w1-fast-b64-r0\archives\32KiB\osdb.hz2""","""E:\MIXER\hybridzip\build\Release\hybridzip.exe"" d ""E:\MIXER\hybridzip\results\experiments\hybridzip-r2-e6-fast-k4-full-20260829-w1\children\hybridzip-r2-e6-fast-k4-full-20260829-w1-fast-b64-r0\archives\32KiB\osdb.hz2"" ""E:\MIXER\hybridzip\results\experiments\hybridzip-r2-e6-fast-k4-full-20260829-w1\children\hybridzip-r2-e6-fast-k4-full-20260829-w1-fast-b64-r0\decoded\32KiB\osdb.decoded""","0","0","2026-08-29T14:44:57.8472691+08:00","COMPLETE","PASS","fast-ext=1","Complete R2 archive size; SHA-256 byte-exact roundtrip verified."
"e6-fast","fast","64","0","True","1","1","4","0","00010000","1025B343","4B1AC26C40AD4DA50312FD3B694D7E636FB768C2336FE773BC82D36424C27A4B","0:1,39:1,43:2","1","8645400","8645400","8638200","8638200","8645400","8638200","hybridzip-r2-e6-fast-k4-full-20260829-w1-fast-b64-r0","r2-fast","1","17","osdb","64","inputs/64KiB/osdb.bin","65536","F8FE629325A07588118BA0B65880A87DED43EF249CCBC91F0E977BBACAE0C125","archives/64KiB/osdb.hz2","27355","2E27D469A9AA0BB481E4214AF6356AD0C1494DF130A835341FF8B88409E62AC3","decoded/64KiB/osdb.decoded","65536","F8FE629325A07588118BA0B65880A87DED43EF249CCBC91F0E977BBACAE0C125","0.0561177","0.0498358","5.4765625","4.5390625","5.4765625","74FF260A939B01673667723D8351AAEDB679339610009ECB23C70E373B862D9F","profile_id=2;mode=fast;block_size=65536;zstd_level=3;lzma_level=9;threads=1;process_timeout_seconds=1800","""E:\MIXER\hybridzip\build\Release\hybridzip.exe"" c --profile=r2 --r2-mode=fast --block-size=65536 --zstd-level=3 --threads=1 ""E:\MIXER\hybridzip\results\experiments\hybridzip-r2-e6-fast-k4-full-20260829-w1\children\hybridzip-r2-e6-fast-k4-full-20260829-w1-fast-b64-r0\inputs\64KiB\osdb.bin"" ""E:\MIXER\hybridzip\results\experiments\hybridzip-r2-e6-fast-k4-full-20260829-w1\children\hybridzip-r2-e6-fast-k4-full-20260829-w1-fast-b64-r0\archives\64KiB\osdb.hz2""","""E:\MIXER\hybridzip\build\Release\hybridzip.exe"" d ""E:\MIXER\hybridzip\results\experiments\hybridzip-r2-e6-fast-k4-full-20260829-w1\children\hybridzip-r2-e6-fast-k4-full-20260829-w1-fast-b64-r0\archives\64KiB\osdb.hz2"" ""E:\MIXER\hybridzip\results\experiments\hybridzip-r2-e6-fast-k4-full-20260829-w1\children\hybridzip-r2-e6-fast-k4-full-20260829-w1-fast-b64-r0\decoded\64KiB\osdb.decoded""","0","0","2026-08-29T14:44:58.0151700+08:00","COMPLETE","PASS","fast-ext=1","Complete R2 archive size; SHA-256 byte-exact roundtrip verified."
"e6-fast","fast","64","0","True","1","1","8","0","00010000","1025B343","4B1AC26C40AD4DA50312FD3B694D7E636FB768C2336FE773BC82D36424C27A4B","0:2,39:2,43:4","2","8605400","16737200","8598400","8661900","8605400,16737200","8598400,8661900","hybridzip-r2-e6-fast-k4-full-20260829-w1-fast-b64-r0","r2-fast","1","18","osdb","128","inputs/128KiB/osdb.bin","131072","D977E72AE13AEFC36A4B6171A895E26A0E6EEE447B1B9FBE868D7B1C046CC91F","archives/128KiB/osdb.hz2","54808","BA7C13350AA176712439CB99E39C56D7E30DEFC6D2AE53CD3613DEC32913EE41","decoded/128KiB/osdb.decoded","131072","D977E72AE13AEFC36A4B6171A895E26A0E6EEE447B1B9FBE868D7B1C046CC91F","0.0718196","0.048929","5.52734375","2.0234375","5.52734375","74FF260A939B01673667723D8351AAEDB679339610009ECB23C70E373B862D9F","profile_id=2;mode=fast;block_size=65536;zstd_level=3;lzma_level=9;threads=1;process_timeout_seconds=1800","""E:\MIXER\hybridzip\build\Release\hybridzip.exe"" c --profile=r2 --r2-mode=fast --block-size=65536 --zstd-level=3 --threads=1 ""E:\MIXER\hybridzip\results\experiments\hybridzip-r2-e6-fast-k4-full-20260829-w1\children\hybridzip-r2-e6-fast-k4-full-20260829-w1-fast-b64-r0\inputs\128KiB\osdb.bin"" ""E:\MIXER\hybridzip\results\experiments\hybridzip-r2-e6-fast-k4-full-20260829-w1\children\hybridzip-r2-e6-fast-k4-full-20260829-w1-fast-b64-r0\archives\128KiB\osdb.hz2""","""E:\MIXER\hybridzip\build\Release\hybridzip.exe"" d ""E:\MIXER\hybridzip\results\experiments\hybridzip-r2-e6-fast-k4-full-20260829-w1\children\hybridzip-r2-e6-fast-k4-full-20260829-w1-fast-b64-r0\archives\128KiB\osdb.hz2"" ""E:\MIXER\hybridzip\results\experiments\hybridzip-r2-e6-fast-k4-full-20260829-w1\children\hybridzip-r2-e6-fast-k4-full-20260829-w1-fast-b64-r0\decoded\128KiB\osdb.decoded""","0","0","2026-08-29T14:44:58.1882986+08:00","COMPLETE","PASS","fast-ext=2","Complete R2 archive size; SHA-256 byte-exact roundtrip verified."
"e6-fast","fast","64","0","True","1","1","4","0","00010000","1025B343","4B1AC26C40AD4DA50312FD3B694D7E636FB768C2336FE773BC82D36424C27A4B","0:1,39:1,43:2","1","7046000","7046000","6996600","6996600","7046000","6996600","hybridzip-r2-e6-fast-k4-full-20260829-w1-fast-b64-r0","r2-fast","1","19","reymont","32","inputs/32KiB/reymont.bin","32768","9D5E4B9340C2260DAE7DDB01B3EDA58236FF2DE5E1FF4D56767AA840B6FB1A87","archives/32KiB/reymont.hz2","10572","9385203289F0E803E220FD7DFD14F34FB3E7C44C1D14DC770D06375AEB92B505","decoded/32KiB/reymont.decoded","32768","9D5E4B9340C2260DAE7DDB01B3EDA58236FF2DE5E1FF4D56767AA840B6FB1A87","0.056396","0.0575923","3.953125","2.02734375","3.953125","74FF260A939B01673667723D8351AAEDB679339610009ECB23C70E373B862D9F","profile_id=2;mode=fast;block_size=65536;zstd_level=3;lzma_level=9;threads=1;process_timeout_seconds=1800","""E:\MIXER\hybridzip\build\Release\hybridzip.exe"" c --profile=r2 --r2-mode=fast --block-size=65536 --zstd-level=3 --threads=1 ""E:\MIXER\hybridzip\results\experiments\hybridzip-r2-e6-fast-k4-full-20260829-w1\children\hybridzip-r2-e6-fast-k4-full-20260829-w1-fast-b64-r0\inputs\32KiB\reymont.bin"" ""E:\MIXER\hybridzip\results\experiments\hybridzip-r2-e6-fast-k4-full-20260829-w1\children\hybridzip-r2-e6-fast-k4-full-20260829-w1-fast-b64-r0\archives\32KiB\reymont.hz2""","""E:\MIXER\hybridzip\build\Release\hybridzip.exe"" d ""E:\MIXER\hybridzip\results\experiments\hybridzip-r2-e6-fast-k4-full-20260829-w1\children\hybridzip-r2-e6-fast-k4-full-20260829-w1-fast-b64-r0\archives\32KiB\reymont.hz2"" ""E:\MIXER\hybridzip\results\experiments\hybridzip-r2-e6-fast-k4-full-20260829-w1\children\hybridzip-r2-e6-fast-k4-full-20260829-w1-fast-b64-r0\decoded\32KiB\reymont.decoded""","0","0","2026-08-29T14:44:58.3747448+08:00","COMPLETE","PASS","fast-ext=1","Complete R2 archive size; SHA-256 byte-exact roundtrip verified."
"e6-fast","fast","64","0","True","1","1","4","0","00010000","1025B343","4B1AC26C40AD4DA50312FD3B694D7E636FB768C2336FE773BC82D36424C27A4B","0:1,39:1,43:2","1","11582100","11582100","11575300","11575300","11582100","11575300","hybridzip-r2-e6-fast-k4-full-20260829-w1-fast-b64-r0","r2-fast","1","20","reymont","64","inputs/64KiB/reymont.bin","65536","A5ECAAABB133F1ADF8DE6062BE6381D143E87F9F8050EEA9B5BE6F92B88C3C22","archives/64KiB/reymont.hz2","20574","037AE8358C684EC978123B907DBB6C6A1896B401FBE83612F78071F7CA855557","decoded/64KiB/reymont.decoded","65536","A5ECAAABB133F1ADF8DE6062BE6381D143E87F9F8050EEA9B5BE6F92B88C3C22","0.0563029","0.0428014","5.203125","2.02734375","5.203125","74FF260A939B01673667723D8351AAEDB679339610009ECB23C70E373B862D9F","profile_id=2;mode=fast;block_size=65536;zstd_level=3;lzma_level=9;threads=1;process_timeout_seconds=1800","""E:\MIXER\hybridzip\build\Release\hybridzip.exe"" c --profile=r2 --r2-mode=fast --block-size=65536 --zstd-level=3 --threads=1 ""E:\MIXER\hybridzip\results\experiments\hybridzip-r2-e6-fast-k4-full-20260829-w1\children\hybridzip-r2-e6-fast-k4-full-20260829-w1-fast-b64-r0\inputs\64KiB\reymont.bin"" ""E:\MIXER\hybridzip\results\experiments\hybridzip-r2-e6-fast-k4-full-20260829-w1\children\hybridzip-r2-e6-fast-k4-full-20260829-w1-fast-b64-r0\archives\64KiB\reymont.hz2""","""E:\MIXER\hybridzip\build\Release\hybridzip.exe"" d ""E:\MIXER\hybridzip\results\experiments\hybridzip-r2-e6-fast-k4-full-20260829-w1\children\hybridzip-r2-e6-fast-k4-full-20260829-w1-fast-b64-r0\archives\64KiB\reymont.hz2"" ""E:\MIXER\hybridzip\results\experiments\hybridzip-r2-e6-fast-k4-full-20260829-w1\children\hybridzip-r2-e6-fast-k4-full-20260829-w1-fast-b64-r0\decoded\64KiB\reymont.decoded""","0","0","2026-08-29T14:44:58.5562051+08:00","COMPLETE","PASS","fast-ext=1","Complete R2 archive size; SHA-256 byte-exact roundtrip verified."
"e6-fast","fast","64","0","True","1","1","8","0","00010000","1025B343","4B1AC26C40AD4DA50312FD3B694D7E636FB768C2336FE773BC82D36424C27A4B","0:2,39:2,43:4","2","11871700","23981100","11864100","12656000","11871700,23981100","11864100,12656000","hybridzip-r2-e6-fast-k4-full-20260829-w1-fast-b64-r0","r2-fast","1","21","reymont","128","inputs/128KiB/reymont.bin","131072","A6CA7478854C1E80DFEAF9FB3444B357F9D7625E55232FAE3B3632A5A1217DEA","archives/128KiB/reymont.hz2","41751","B6E9E510B9ED7135EB5070DB474E01A3EBBBE1C474DF5189B8805C54E265A7D5","decoded/128KiB/reymont.decoded","131072","A6CA7478854C1E80DFEAF9FB3444B357F9D7625E55232FAE3B3632A5A1217DEA","0.0837113","0.0489585","5.51171875","2.02734375","5.51171875","74FF260A939B01673667723D8351AAEDB679339610009ECB23C70E373B862D9F","profile_id=2;mode=fast;block_size=65536;zstd_level=3;lzma_level=9;threads=1;process_timeout_seconds=1800","""E:\MIXER\hybridzip\build\Release\hybridzip.exe"" c --profile=r2 --r2-mode=fast --block-size=65536 --zstd-level=3 --threads=1 ""E:\MIXER\hybridzip\results\experiments\hybridzip-r2-e6-fast-k4-full-20260829-w1\children\hybridzip-r2-e6-fast-k4-full-20260829-w1-fast-b64-r0\inputs\128KiB\reymont.bin"" ""E:\MIXER\hybridzip\results\experiments\hybridzip-r2-e6-fast-k4-full-20260829-w1\children\hybridzip-r2-e6-fast-k4-full-20260829-w1-fast-b64-r0\archives\128KiB\reymont.hz2""","""E:\MIXER\hybridzip\build\Release\hybridzip.exe"" d ""E:\MIXER\hybridzip\results\experiments\hybridzip-r2-e6-fast-k4-full-20260829-w1\children\hybridzip-r2-e6-fast-k4-full-20260829-w1-fast-b64-r0\archives\128KiB\reymont.hz2"" ""E:\MIXER\hybridzip\results\experiments\hybridzip-r2-e6-fast-k4-full-20260829-w1\children\hybridzip-r2-e6-fast-k4-full-20260829-w1-fast-b64-r0\decoded\128KiB\reymont.decoded""","0","0","2026-08-29T14:44:58.7299065+08:00","COMPLETE","PASS","fast-ext=2","Complete R2 archive size; SHA-256 byte-exact roundtrip verified."
"e6-fast","fast","64","0","True","1","1","4","0","00010000","1025B343","4B1AC26C40AD4DA50312FD3B694D7E636FB768C2336FE773BC82D36424C27A4B","0:1,39:1,43:2","1","6614300","6614300","6591700","6591700","6614300","6591700","hybridzip-r2-e6-fast-k4-full-20260829-w1-fast-b64-r0","r2-fast","1","22","samba","32","inputs/32KiB/samba.bin","32768","9C4F5BEE544E4531E4946E62F796987418B4526911C34877EF282F14DD57AD12","archives/32KiB/samba.hz2","11946","1BCD42A90BFBC8F1599B90C61EBE1FD557BAB6715B36059982F035F4C1C8D53D","decoded/32KiB/samba.decoded","32768","9C4F5BEE544E4531E4946E62F796987418B4526911C34877EF282F14DD57AD12","0.0580091","0.0562102","5.2578125","2.02734375","5.2578125","74FF260A939B01673667723D8351AAEDB679339610009ECB23C70E373B862D9F","profile_id=2;mode=fast;block_size=65536;zstd_level=3;lzma_level=9;threads=1;process_timeout_seconds=1800","""E:\MIXER\hybridzip\build\Release\hybridzip.exe"" c --profile=r2 --r2-mode=fast --block-size=65536 --zstd-level=3 --threads=1 ""E:\MIXER\hybridzip\results\experiments\hybridzip-r2-e6-fast-k4-full-20260829-w1\children\hybridzip-r2-e6-fast-k4-full-20260829-w1-fast-b64-r0\inputs\32KiB\samba.bin"" ""E:\MIXER\hybridzip\results\experiments\hybridzip-r2-e6-fast-k4-full-20260829-w1\children\hybridzip-r2-e6-fast-k4-full-20260829-w1-fast-b64-r0\archives\32KiB\samba.hz2""","""E:\MIXER\hybridzip\build\Release\hybridzip.exe"" d ""E:\MIXER\hybridzip\results\experiments\hybridzip-r2-e6-fast-k4-full-20260829-w1\children\hybridzip-r2-e6-fast-k4-full-20260829-w1-fast-b64-r0\archives\32KiB\samba.hz2"" ""E:\MIXER\hybridzip\results\experiments\hybridzip-r2-e6-fast-k4-full-20260829-w1\children\hybridzip-r2-e6-fast-k4-full-20260829-w1-fast-b64-r0\decoded\32KiB\samba.decoded""","0","0","2026-08-29T14:44:58.9300387+08:00","COMPLETE","PASS","fast-ext=1","Complete R2 archive size; SHA-256 byte-exact roundtrip verified."
"e6-fast","fast","64","0","True","1","1","4","0","00010000","1025B343","4B1AC26C40AD4DA50312FD3B694D7E636FB768C2336FE773BC82D36424C27A4B","0:1,39:1,43:2","1","10877100","10877100","10869600","10869600","10877100","10869600","hybridzip-r2-e6-fast-k4-full-20260829-w1-fast-b64-r0","r2-fast","1","23","samba","64","inputs/64KiB/samba.bin","65536","3E0420984C0F260EA7350734600CEA9D8500B745E2E4B7DBD4D1DA1D1ADAC421","archives/64KiB/samba.hz2","23328","A208FF07D69A26E81333A1A5C0DDE02C75E9B95FB2C361CBB87D46531FCF0DF6","decoded/64KiB/samba.decoded","65536","3E0420984C0F260EA7350734600CEA9D8500B745E2E4B7DBD4D1DA1D1ADAC421","0.0612792","0.0458282","5.171875","2.02734375","5.171875","74FF260A939B01673667723D8351AAEDB679339610009ECB23C70E373B862D9F","profile_id=2;mode=fast;block_size=65536;zstd_level=3;lzma_level=9;threads=1;process_timeout_seconds=1800","""E:\MIXER\hybridzip\build\Release\hybridzip.exe"" c --profile=r2 --r2-mode=fast --block-size=65536 --zstd-level=3 --threads=1 ""E:\MIXER\hybridzip\results\experiments\hybridzip-r2-e6-fast-k4-full-20260829-w1\children\hybridzip-r2-e6-fast-k4-full-20260829-w1-fast-b64-r0\inputs\64KiB\samba.bin"" ""E:\MIXER\hybridzip\results\experiments\hybridzip-r2-e6-fast-k4-full-20260829-w1\children\hybridzip-r2-e6-fast-k4-full-20260829-w1-fast-b64-r0\archives\64KiB\samba.hz2""","""E:\MIXER\hybridzip\build\Release\hybridzip.exe"" d ""E:\MIXER\hybridzip\results\experiments\hybridzip-r2-e6-fast-k4-full-20260829-w1\children\hybridzip-r2-e6-fast-k4-full-20260829-w1-fast-b64-r0\archives\64KiB\samba.hz2"" ""E:\MIXER\hybridzip\results\experiments\hybridzip-r2-e6-fast-k4-full-20260829-w1\children\hybridzip-r2-e6-fast-k4-full-20260829-w1-fast-b64-r0\decoded\64KiB\samba.decoded""","0","0","2026-08-29T14:44:59.1166803+08:00","COMPLETE","PASS","fast-ext=1","Complete R2 archive size; SHA-256 byte-exact roundtrip verified."
"e6-fast","fast","64","0","True","1","1","8","0","00010000","1025B343","4B1AC26C40AD4DA50312FD3B694D7E636FB768C2336FE773BC82D36424C27A4B","0:2,39:2,43:4","2","10801200","20117300","9899900","10793800","10801200,20117300","10793800,9899900","hybridzip-r2-e6-fast-k4-full-20260829-w1-fast-b64-r0","r2-fast","1","24","samba","128","inputs/128KiB/samba.bin","131072","F3B8C4AD35BC6CF21977895D6F04A22B1422605942FA5AFE35CE28B2A221D7E8","archives/128KiB/samba.hz2","48808","ABE8594C5456D7D0DEE0BE4F3295D91649AA13256923B59166BC3AF573761434","decoded/128KiB/samba.decoded","131072","F3B8C4AD35BC6CF21977895D6F04A22B1422605942FA5AFE35CE28B2A221D7E8","0.0903393","0.0578802","5.5234375","2.02734375","5.5234375","74FF260A939B01673667723D8351AAEDB679339610009ECB23C70E373B862D9F","profile_id=2;mode=fast;block_size=65536;zstd_level=3;lzma_level=9;threads=1;process_timeout_seconds=1800","""E:\MIXER\hybridzip\build\Release\hybridzip.exe"" c --profile=r2 --r2-mode=fast --block-size=65536 --zstd-level=3 --threads=1 ""E:\MIXER\hybridzip\results\experiments\hybridzip-r2-e6-fast-k4-full-20260829-w1\children\hybridzip-r2-e6-fast-k4-full-20260829-w1-fast-b64-r0\inputs\128KiB\samba.bin"" ""E:\MIXER\hybridzip\results\experiments\hybridzip-r2-e6-fast-k4-full-20260829-w1\children\hybridzip-r2-e6-fast-k4-full-20260829-w1-fast-b64-r0\archives\128KiB\samba.hz2""","""E:\MIXER\hybridzip\build\Release\hybridzip.exe"" d ""E:\MIXER\hybridzip\results\experiments\hybridzip-r2-e6-fast-k4-full-20260829-w1\children\hybridzip-r2-e6-fast-k4-full-20260829-w1-fast-b64-r0\archives\128KiB\samba.hz2"" ""E:\MIXER\hybridzip\results\experiments\hybridzip-r2-e6-fast-k4-full-20260829-w1\children\hybridzip-r2-e6-fast-k4-full-20260829-w1-fast-b64-r0\decoded\128KiB\samba.decoded""","0","0","2026-08-29T14:44:59.2902739+08:00","COMPLETE","PASS","fast-ext=2","Complete R2 archive size; SHA-256 byte-exact roundtrip verified."
"e6-fast","fast","64","0","True","1","1","4","0","00010000","1025B343","4B1AC26C40AD4DA50312FD3B694D7E636FB768C2336FE773BC82D36424C27A4B","0:1,39:1,43:2","1","5253000","5253000","5063400","5063400","5253000","5063400","hybridzip-r2-e6-fast-k4-full-20260829-w1-fast-b64-r0","r2-fast","1","25","sao","32","inputs/32KiB/sao.bin","32768","95677430CAD4F000506BC5EE22815C3F4E13D64B477ED506B78D5D9ACFB50CCD","archives/32KiB/sao.hz2","26958","14EEDD77B89E8C72E7EA781A1F1C045918DE30BC5BA5E1574820538C862B42E3","decoded/32KiB/sao.decoded","32768","95677430CAD4F000506BC5EE22815C3F4E13D64B477ED506B78D5D9ACFB50CCD","0.0557305","0.0498167","5.26171875","3.55078125","5.26171875","74FF260A939B01673667723D8351AAEDB679339610009ECB23C70E373B862D9F","profile_id=2;mode=fast;block_size=65536;zstd_level=3;lzma_level=9;threads=1;process_timeout_seconds=1800","""E:\MIXER\hybridzip\build\Release\hybridzip.exe"" c --profile=r2 --r2-mode=fast --block-size=65536 --zstd-level=3 --threads=1 ""E:\MIXER\hybridzip\results\experiments\hybridzip-r2-e6-fast-k4-full-20260829-w1\children\hybridzip-r2-e6-fast-k4-full-20260829-w1-fast-b64-r0\inputs\32KiB\sao.bin"" ""E:\MIXER\hybridzip\results\experiments\hybridzip-r2-e6-fast-k4-full-20260829-w1\children\hybridzip-r2-e6-fast-k4-full-20260829-w1-fast-b64-r0\archives\32KiB\sao.hz2""","""E:\MIXER\hybridzip\build\Release\hybridzip.exe"" d ""E:\MIXER\hybridzip\results\experiments\hybridzip-r2-e6-fast-k4-full-20260829-w1\children\hybridzip-r2-e6-fast-k4-full-20260829-w1-fast-b64-r0\archives\32KiB\sao.hz2"" ""E:\MIXER\hybridzip\results\experiments\hybridzip-r2-e6-fast-k4-full-20260829-w1\children\hybridzip-r2-e6-fast-k4-full-20260829-w1-fast-b64-r0\decoded\32KiB\sao.decoded""","0","0","2026-08-29T14:44:59.5151358+08:00","COMPLETE","PASS","fast-ext=1","Complete R2 archive size; SHA-256 byte-exact roundtrip verified."
"e6-fast","fast","64","0","True","1","1","4","0","00010000","1025B343","4B1AC26C40AD4DA50312FD3B694D7E636FB768C2336FE773BC82D36424C27A4B","0:1,39:1,43:2","1","9372800","9372800","9365900","9365900","9372800","9365900","hybridzip-r2-e6-fast-k4-full-20260829-w1-fast-b64-r0","r2-fast","1","26","sao","64","inputs/64KiB/sao.bin","65536","17CBD7166A47786139F60BA33B4E771CE0154F6FA56986883D129BC23F78EBEE","archives/64KiB/sao.hz2","52935","0A8534D4AEB997CAEA306E1211541646254E6314F0A1786725F7BF988D7F8E70","decoded/64KiB/sao.decoded","65536","17CBD7166A47786139F60BA33B4E771CE0154F6FA56986883D129BC23F78EBEE","0.0605279","0.0436803","5.45703125","2.02734375","5.45703125","74FF260A939B01673667723D8351AAEDB679339610009ECB23C70E373B862D9F","profile_id=2;mode=fast;block_size=65536;zstd_level=3;lzma_level=9;threads=1;process_timeout_seconds=1800","""E:\MIXER\hybridzip\build\Release\hybridzip.exe"" c --profile=r2 --r2-mode=fast --block-size=65536 --zstd-level=3 --threads=1 ""E:\MIXER\hybridzip\results\experiments\hybridzip-r2-e6-fast-k4-full-20260829-w1\children\hybridzip-r2-e6-fast-k4-full-20260829-w1-fast-b64-r0\inputs\64KiB\sao.bin"" ""E:\MIXER\hybridzip\results\experiments\hybridzip-r2-e6-fast-k4-full-20260829-w1\children\hybridzip-r2-e6-fast-k4-full-20260829-w1-fast-b64-r0\archives\64KiB\sao.hz2""","""E:\MIXER\hybridzip\build\Release\hybridzip.exe"" d ""E:\MIXER\hybridzip\results\experiments\hybridzip-r2-e6-fast-k4-full-20260829-w1\children\hybridzip-r2-e6-fast-k4-full-20260829-w1-fast-b64-r0\archives\64KiB\sao.hz2"" ""E:\MIXER\hybridzip\results\experiments\hybridzip-r2-e6-fast-k4-full-20260829-w1\children\hybridzip-r2-e6-fast-k4-full-20260829-w1-fast-b64-r0\decoded\64KiB\sao.decoded""","0","0","2026-08-29T14:44:59.6841406+08:00","COMPLETE","PASS","lz4=1","Complete R2 archive size; SHA-256 byte-exact roundtrip verified."
"e6-fast","fast","64","0","True","1","1","8","0","00010000","1025B343","4B1AC26C40AD4DA50312FD3B694D7E636FB768C2336FE773BC82D36424C27A4B","0:2,39:2,43:4","2","9213500","17049700","8353200","9206800","9213500,17049700","9206800,8353200","hybridzip-r2-e6-fast-k4-full-20260829-w1-fast-b64-r0","r2-fast","1","27","sao","128","inputs/128KiB/sao.bin","131072","75E535B42DB7505118D8B19C7C42C1F49C5542ADDC9DBC13383953659F675CE0","archives/128KiB/sao.hz2","106373","F931B85EBDB3CE7D0638FC13FCF57424E58AC16E44214B046E85A0380FE21064","decoded/128KiB/sao.decoded","131072","75E535B42DB7505118D8B19C7C42C1F49C5542ADDC9DBC13383953659F675CE0","0.0675843","0.061239","2.0234375","2.74609375","2.74609375","74FF260A939B01673667723D8351AAEDB679339610009ECB23C70E373B862D9F","profile_id=2;mode=fast;block_size=65536;zstd_level=3;lzma_level=9;threads=1;process_timeout_seconds=1800","""E:\MIXER\hybridzip\build\Release\hybridzip.exe"" c --profile=r2 --r2-mode=fast --block-size=65536 --zstd-level=3 --threads=1 ""E:\MIXER\hybridzip\results\experiments\hybridzip-r2-e6-fast-k4-full-20260829-w1\children\hybridzip-r2-e6-fast-k4-full-20260829-w1-fast-b64-r0\inputs\128KiB\sao.bin"" ""E:\MIXER\hybridzip\results\experiments\hybridzip-r2-e6-fast-k4-full-20260829-w1\children\hybridzip-r2-e6-fast-k4-full-20260829-w1-fast-b64-r0\archives\128KiB\sao.hz2""","""E:\MIXER\hybridzip\build\Release\hybridzip.exe"" d ""E:\MIXER\hybridzip\results\experiments\hybridzip-r2-e6-fast-k4-full-20260829-w1\children\hybridzip-r2-e6-fast-k4-full-20260829-w1-fast-b64-r0\archives\128KiB\sao.hz2"" ""E:\MIXER\hybridzip\results\experiments\hybridzip-r2-e6-fast-k4-full-20260829-w1\children\hybridzip-r2-e6-fast-k4-full-20260829-w1-fast-b64-r0\decoded\128KiB\sao.decoded""","0","0","2026-08-29T14:44:59.8575555+08:00","COMPLETE","PASS","lz4=2","Complete R2 archive size; SHA-256 byte-exact roundtrip verified."
"e6-fast","fast","64","0","True","1","1","4","0","00010000","1025B343","4B1AC26C40AD4DA50312FD3B694D7E636FB768C2336FE773BC82D36424C27A4B","0:1,39:1,43:2","1","5785800","5785800","5760000","5760000","5785800","5760000","hybridzip-r2-e6-fast-k4-full-20260829-w1-fast-b64-r0","r2-fast","1","28","webster","32","inputs/32KiB/webster.bin","32768","774D224695AF4057353F72602BB96CD2AFEEA059AC7737535645F11596FCA85E","archives/32KiB/webster.hz2","13777","507C3D392D49034D8368CC694F8638BB0718392C5AD6687B75098F57087C35BD","decoded/32KiB/webster.decoded","32768","774D224695AF4057353F72602BB96CD2AFEEA059AC7737535645F11596FCA85E","0.0604378","0.0513174","5.24609375","2.37890625","5.24609375","74FF260A939B01673667723D8351AAEDB679339610009ECB23C70E373B862D9F","profile_id=2;mode=fast;block_size=65536;zstd_level=3;lzma_level=9;threads=1;process_timeout_seconds=1800","""E:\MIXER\hybridzip\build\Release\hybridzip.exe"" c --profile=r2 --r2-mode=fast --block-size=65536 --zstd-level=3 --threads=1 ""E:\MIXER\hybridzip\results\experiments\hybridzip-r2-e6-fast-k4-full-20260829-w1\children\hybridzip-r2-e6-fast-k4-full-20260829-w1-fast-b64-r0\inputs\32KiB\webster.bin"" ""E:\MIXER\hybridzip\results\experiments\hybridzip-r2-e6-fast-k4-full-20260829-w1\children\hybridzip-r2-e6-fast-k4-full-20260829-w1-fast-b64-r0\archives\32KiB\webster.hz2""","""E:\MIXER\hybridzip\build\Release\hybridzip.exe"" d ""E:\MIXER\hybridzip\results\experiments\hybridzip-r2-e6-fast-k4-full-20260829-w1\children\hybridzip-r2-e6-fast-k4-full-20260829-w1-fast-b64-r0\archives\32KiB\webster.hz2"" ""E:\MIXER\hybridzip\results\experiments\hybridzip-r2-e6-fast-k4-full-20260829-w1\children\hybridzip-r2-e6-fast-k4-full-20260829-w1-fast-b64-r0\decoded\32KiB\webster.decoded""","0","0","2026-08-29T14:45:00.0730581+08:00","COMPLETE","PASS","fast-ext=1","Complete R2 archive size; SHA-256 byte-exact roundtrip verified."
"e6-fast","fast","64","0","True","1","1","4","0","00010000","1025B343","4B1AC26C40AD4DA50312FD3B694D7E636FB768C2336FE773BC82D36424C27A4B","0:1,39:1,43:2","1","10069900","10069900","10063000","10063000","10069900","10063000","hybridzip-r2-e6-fast-k4-full-20260829-w1-fast-b64-r0","r2-fast","1","29","webster","64","inputs/64KiB/webster.bin","65536","262258811321382F9E4F44D2184B6B7FED0336CF831446D8336C47D6CCC2B32E","archives/64KiB/webster.hz2","24456","DF9AE92B3F0139C0C8CE26F98F951EDB802A638026539DB8A99D97C78FC72639","decoded/64KiB/webster.decoded","65536","262258811321382F9E4F44D2184B6B7FED0336CF831446D8336C47D6CCC2B32E","0.0628702","0.0523006","5.45703125","2.02734375","5.45703125","74FF260A939B01673667723D8351AAEDB679339610009ECB23C70E373B862D9F","profile_id=2;mode=fast;block_size=65536;zstd_level=3;lzma_level=9;threads=1;process_timeout_seconds=1800","""E:\MIXER\hybridzip\build\Release\hybridzip.exe"" c --profile=r2 --r2-mode=fast --block-size=65536 --zstd-level=3 --threads=1 ""E:\MIXER\hybridzip\results\experiments\hybridzip-r2-e6-fast-k4-full-20260829-w1\children\hybridzip-r2-e6-fast-k4-full-20260829-w1-fast-b64-r0\inputs\64KiB\webster.bin"" ""E:\MIXER\hybridzip\results\experiments\hybridzip-r2-e6-fast-k4-full-20260829-w1\children\hybridzip-r2-e6-fast-k4-full-20260829-w1-fast-b64-r0\archives\64KiB\webster.hz2""","""E:\MIXER\hybridzip\build\Release\hybridzip.exe"" d ""E:\MIXER\hybridzip\results\experiments\hybridzip-r2-e6-fast-k4-full-20260829-w1\children\hybridzip-r2-e6-fast-k4-full-20260829-w1-fast-b64-r0\archives\64KiB\webster.hz2"" ""E:\MIXER\hybridzip\results\experiments\hybridzip-r2-e6-fast-k4-full-20260829-w1\children\hybridzip-r2-e6-fast-k4-full-20260829-w1-fast-b64-r0\decoded\64KiB\webster.decoded""","0","0","2026-08-29T14:45:00.2859757+08:00","COMPLETE","PASS","fast-ext=1","Complete R2 archive size; SHA-256 byte-exact roundtrip verified."
"e6-fast","fast","64","0","True","1","1","8","0","00010000","1025B343","4B1AC26C40AD4DA50312FD3B694D7E636FB768C2336FE773BC82D36424C27A4B","0:2,39:2,43:4","2","10136200","19098300","9426400","10129900","10136200,19098300","10129900,9426400","hybridzip-r2-e6-fast-k4-full-20260829-w1-fast-b64-r0","r2-fast","1","30","webster","128","inputs/128KiB/webster.bin","131072","C069C1FDCA99BC5C44F06D134CD0CDA60315DD631AA6564733B2CE0E6D59305C","archives/128KiB/webster.hz2","45964","6F2A124D0145DDE29BD09D41903254A267421F69B5B7A4418B08D6BF0C7F0F37","decoded/128KiB/webster.decoded","131072","C069C1FDCA99BC5C44F06D134CD0CDA60315DD631AA6564733B2CE0E6D59305C","0.0880529","0.0584667","5.51953125","2.02734375","5.51953125","74FF260A939B01673667723D8351AAEDB679339610009ECB23C70E373B862D9F","profile_id=2;mode=fast;block_size=65536;zstd_level=3;lzma_level=9;threads=1;process_timeout_seconds=1800","""E:\MIXER\hybridzip\build\Release\hybridzip.exe"" c --profile=r2 --r2-mode=fast --block-size=65536 --zstd-level=3 --threads=1 ""E:\MIXER\hybridzip\results\experiments\hybridzip-r2-e6-fast-k4-full-20260829-w1\children\hybridzip-r2-e6-fast-k4-full-20260829-w1-fast-b64-r0\inputs\128KiB\webster.bin"" ""E:\MIXER\hybridzip\results\experiments\hybridzip-r2-e6-fast-k4-full-20260829-w1\children\hybridzip-r2-e6-fast-k4-full-20260829-w1-fast-b64-r0\archives\128KiB\webster.hz2""","""E:\MIXER\hybridzip\build\Release\hybridzip.exe"" d ""E:\MIXER\hybridzip\results\experiments\hybridzip-r2-e6-fast-k4-full-20260829-w1\children\hybridzip-r2-e6-fast-k4-full-20260829-w1-fast-b64-r0\archives\128KiB\webster.hz2"" ""E:\MIXER\hybridzip\results\experiments\hybridzip-r2-e6-fast-k4-full-20260829-w1\children\hybridzip-r2-e6-fast-k4-full-20260829-w1-fast-b64-r0\decoded\128KiB\webster.decoded""","0","0","2026-08-29T14:45:00.5082352+08:00","COMPLETE","PASS","fast-ext=2","Complete R2 archive size; SHA-256 byte-exact roundtrip verified."
"e6-fast","fast","64","0","True","1","1","4","0","00010000","1025B343","4B1AC26C40AD4DA50312FD3B694D7E636FB768C2336FE773BC82D36424C27A4B","0:1,39:1,43:2","1","5678000","5678000","5631000","5631000","5678000","5631000","hybridzip-r2-e6-fast-k4-full-20260829-w1-fast-b64-r0","r2-fast","1","31","x-ray","32","inputs/32KiB/x-ray.bin","32768","10511AA63DFBD9C0DDBFEFE36068740103D4BA1116E214154A0772057D7E9314","archives/32KiB/x-ray.hz2","18333","B4A7844748A29B1EF0D82586E1926EB57D1EBBF5F368B95BB696CEAC417F4C92","decoded/32KiB/x-ray.decoded","32768","10511AA63DFBD9C0DDBFEFE36068740103D4BA1116E214154A0772057D7E9314","0.0606207","0.0483792","5.265625","2.02734375","5.265625","74FF260A939B01673667723D8351AAEDB679339610009ECB23C70E373B862D9F","profile_id=2;mode=fast;block_size=65536;zstd_level=3;lzma_level=9;threads=1;process_timeout_seconds=1800","""E:\MIXER\hybridzip\build\Release\hybridzip.exe"" c --profile=r2 --r2-mode=fast --block-size=65536 --zstd-level=3 --threads=1 ""E:\MIXER\hybridzip\results\experiments\hybridzip-r2-e6-fast-k4-full-20260829-w1\children\hybridzip-r2-e6-fast-k4-full-20260829-w1-fast-b64-r0\inputs\32KiB\x-ray.bin"" ""E:\MIXER\hybridzip\results\experiments\hybridzip-r2-e6-fast-k4-full-20260829-w1\children\hybridzip-r2-e6-fast-k4-full-20260829-w1-fast-b64-r0\archives\32KiB\x-ray.hz2""","""E:\MIXER\hybridzip\build\Release\hybridzip.exe"" d ""E:\MIXER\hybridzip\results\experiments\hybridzip-r2-e6-fast-k4-full-20260829-w1\children\hybridzip-r2-e6-fast-k4-full-20260829-w1-fast-b64-r0\archives\32KiB\x-ray.hz2"" ""E:\MIXER\hybridzip\results\experiments\hybridzip-r2-e6-fast-k4-full-20260829-w1\children\hybridzip-r2-e6-fast-k4-full-20260829-w1-fast-b64-r0\decoded\32KiB\x-ray.decoded""","0","0","2026-08-29T14:45:00.7551860+08:00","COMPLETE","PASS","fast-ext=1","Complete R2 archive size; SHA-256 byte-exact roundtrip verified."
"e6-fast","fast","64","0","True","1","1","4","0","00010000","1025B343","4B1AC26C40AD4DA50312FD3B694D7E636FB768C2336FE773BC82D36424C27A4B","0:1,39:1,43:2","1","8303700","8303700","8297400","8297400","8303700","8297400","hybridzip-r2-e6-fast-k4-full-20260829-w1-fast-b64-r0","r2-fast","1","32","x-ray","64","inputs/64KiB/x-ray.bin","65536","B5A07146616BCD7C2D10071D41E07D204DE0AC629C4CA37D8E867FF00574D0D8","archives/64KiB/x-ray.hz2","36457","25970C2133FDBF8EA29AE0C1F09288C323FC418F74483BDEF3C7700AFD6E88AF","decoded/64KiB/x-ray.decoded","65536","B5A07146616BCD7C2D10071D41E07D204DE0AC629C4CA37D8E867FF00574D0D8","0.0814904","0.0541897","5.4609375","2.37890625","5.4609375","74FF260A939B01673667723D8351AAEDB679339610009ECB23C70E373B862D9F","profile_id=2;mode=fast;block_size=65536;zstd_level=3;lzma_level=9;threads=1;process_timeout_seconds=1800","""E:\MIXER\hybridzip\build\Release\hybridzip.exe"" c --profile=r2 --r2-mode=fast --block-size=65536 --zstd-level=3 --threads=1 ""E:\MIXER\hybridzip\results\experiments\hybridzip-r2-e6-fast-k4-full-20260829-w1\children\hybridzip-r2-e6-fast-k4-full-20260829-w1-fast-b64-r0\inputs\64KiB\x-ray.bin"" ""E:\MIXER\hybridzip\results\experiments\hybridzip-r2-e6-fast-k4-full-20260829-w1\children\hybridzip-r2-e6-fast-k4-full-20260829-w1-fast-b64-r0\archives\64KiB\x-ray.hz2""","""E:\MIXER\hybridzip\build\Release\hybridzip.exe"" d ""E:\MIXER\hybridzip\results\experiments\hybridzip-r2-e6-fast-k4-full-20260829-w1\children\hybridzip-r2-e6-fast-k4-full-20260829-w1-fast-b64-r0\archives\64KiB\x-ray.hz2"" ""E:\MIXER\hybridzip\results\experiments\hybridzip-r2-e6-fast-k4-full-20260829-w1\children\hybridzip-r2-e6-fast-k4-full-20260829-w1-fast-b64-r0\decoded\64KiB\x-ray.decoded""","0","0","2026-08-29T14:45:00.9643750+08:00","COMPLETE","PASS","fast-ext=1","Complete R2 archive size; SHA-256 byte-exact roundtrip verified."
"e6-fast","fast","64","0","True","1","1","8","0","00010000","1025B343","4B1AC26C40AD4DA50312FD3B694D7E636FB768C2336FE773BC82D36424C27A4B","0:2,39:2,43:4","2","8724300","15868300","7673200","8717600","8724300,15868300","8717600,7673200","hybridzip-r2-e6-fast-k4-full-20260829-w1-fast-b64-r0","r2-fast","1","33","x-ray","128","inputs/128KiB/x-ray.bin","131072","7A65B793FB2A694C20686275A899B304445473528F7C998BE26F8C68EB18F76E","archives/128KiB/x-ray.hz2","72933","419EB59B7D0C641C021AD6CCBC128171043C2035629EA1FAF7581602EC68B895","decoded/128KiB/x-ray.decoded","131072","7A65B793FB2A694C20686275A899B304445473528F7C998BE26F8C68EB18F76E","0.089714","0.0713579","5.5703125","4.578125","5.5703125","74FF260A939B01673667723D8351AAEDB679339610009ECB23C70E373B862D9F","profile_id=2;mode=fast;block_size=65536;zstd_level=3;lzma_level=9;threads=1;process_timeout_seconds=1800","""E:\MIXER\hybridzip\build\Release\hybridzip.exe"" c --profile=r2 --r2-mode=fast --block-size=65536 --zstd-level=3 --threads=1 ""E:\MIXER\hybridzip\results\experiments\hybridzip-r2-e6-fast-k4-full-20260829-w1\children\hybridzip-r2-e6-fast-k4-full-20260829-w1-fast-b64-r0\inputs\128KiB\x-ray.bin"" ""E:\MIXER\hybridzip\results\experiments\hybridzip-r2-e6-fast-k4-full-20260829-w1\children\hybridzip-r2-e6-fast-k4-full-20260829-w1-fast-b64-r0\archives\128KiB\x-ray.hz2""","""E:\MIXER\hybridzip\build\Release\hybridzip.exe"" d ""E:\MIXER\hybridzip\results\experiments\hybridzip-r2-e6-fast-k4-full-20260829-w1\children\hybridzip-r2-e6-fast-k4-full-20260829-w1-fast-b64-r0\archives\128KiB\x-ray.hz2"" ""E:\MIXER\hybridzip\results\experiments\hybridzip-r2-e6-fast-k4-full-20260829-w1\children\hybridzip-r2-e6-fast-k4-full-20260829-w1-fast-b64-r0\decoded\128KiB\x-ray.decoded""","0","0","2026-08-29T14:45:01.1999216+08:00","COMPLETE","PASS","fast-ext=2","Complete R2 archive size; SHA-256 byte-exact roundtrip verified."
"e6-fast","fast","64","0","True","1","1","4","0","00010000","1025B343","4B1AC26C40AD4DA50312FD3B694D7E636FB768C2336FE773BC82D36424C27A4B","0:1,39:1,43:2","1","4612800","4612800","4572700","4572700","4612800","4572700","hybridzip-r2-e6-fast-k4-full-20260829-w1-fast-b64-r0","r2-fast","1","34","xml","32","inputs/32KiB/xml.bin","32768","C2F7F129956F8D6FC3D0E3595D93F98D5270B6F5BC4AB5E70F45867822EFDD71","archives/32KiB/xml.hz2","3482","8C9BD52FD7C2E40A739B63126D6CF03C78190C99630D947151C0CAA7694FD49E","decoded/32KiB/xml.decoded","32768","C2F7F129956F8D6FC3D0E3595D93F98D5270B6F5BC4AB5E70F45867822EFDD71","0.0624108","0.0589291","2.02734375","2.02734375","2.02734375","74FF260A939B01673667723D8351AAEDB679339610009ECB23C70E373B862D9F","profile_id=2;mode=fast;block_size=65536;zstd_level=3;lzma_level=9;threads=1;process_timeout_seconds=1800","""E:\MIXER\hybridzip\build\Release\hybridzip.exe"" c --profile=r2 --r2-mode=fast --block-size=65536 --zstd-level=3 --threads=1 ""E:\MIXER\hybridzip\results\experiments\hybridzip-r2-e6-fast-k4-full-20260829-w1\children\hybridzip-r2-e6-fast-k4-full-20260829-w1-fast-b64-r0\inputs\32KiB\xml.bin"" ""E:\MIXER\hybridzip\results\experiments\hybridzip-r2-e6-fast-k4-full-20260829-w1\children\hybridzip-r2-e6-fast-k4-full-20260829-w1-fast-b64-r0\archives\32KiB\xml.hz2""","""E:\MIXER\hybridzip\build\Release\hybridzip.exe"" d ""E:\MIXER\hybridzip\results\experiments\hybridzip-r2-e6-fast-k4-full-20260829-w1\children\hybridzip-r2-e6-fast-k4-full-20260829-w1-fast-b64-r0\archives\32KiB\xml.hz2"" ""E:\MIXER\hybridzip\results\experiments\hybridzip-r2-e6-fast-k4-full-20260829-w1\children\hybridzip-r2-e6-fast-k4-full-20260829-w1-fast-b64-r0\decoded\32KiB\xml.decoded""","0","0","2026-08-29T14:45:01.4565994+08:00","COMPLETE","PASS","fast-ext=1","Complete R2 archive size; SHA-256 byte-exact roundtrip verified."
"e6-fast","fast","64","0","True","1","1","4","0","00010000","1025B343","4B1AC26C40AD4DA50312FD3B694D7E636FB768C2336FE773BC82D36424C27A4B","0:1,39:1,43:2","1","7417900","7417900","7411000","7411000","7417900","7411000","hybridzip-r2-e6-fast-k4-full-20260829-w1-fast-b64-r0","r2-fast","1","35","xml","64","inputs/64KiB/xml.bin","65536","E32AFF2BEBF00105A17DD57F5490C1986D17543CEE837B42EB56B3E0E6F8E7F1","archives/64KiB/xml.hz2","6162","C0DCC2B203F83E53DE5A6CF1148008CB1855E294F70DA0A47341E84F5CE5722D","decoded/64KiB/xml.decoded","65536","E32AFF2BEBF00105A17DD57F5490C1986D17543CEE837B42EB56B3E0E6F8E7F1","0.0586009","0.0504399","5.453125","2.25","5.453125","74FF260A939B01673667723D8351AAEDB679339610009ECB23C70E373B862D9F","profile_id=2;mode=fast;block_size=65536;zstd_level=3;lzma_level=9;threads=1;process_timeout_seconds=1800","""E:\MIXER\hybridzip\build\Release\hybridzip.exe"" c --profile=r2 --r2-mode=fast --block-size=65536 --zstd-level=3 --threads=1 ""E:\MIXER\hybridzip\results\experiments\hybridzip-r2-e6-fast-k4-full-20260829-w1\children\hybridzip-r2-e6-fast-k4-full-20260829-w1-fast-b64-r0\inputs\64KiB\xml.bin"" ""E:\MIXER\hybridzip\results\experiments\hybridzip-r2-e6-fast-k4-full-20260829-w1\children\hybridzip-r2-e6-fast-k4-full-20260829-w1-fast-b64-r0\archives\64KiB\xml.hz2""","""E:\MIXER\hybridzip\build\Release\hybridzip.exe"" d ""E:\MIXER\hybridzip\results\experiments\hybridzip-r2-e6-fast-k4-full-20260829-w1\children\hybridzip-r2-e6-fast-k4-full-20260829-w1-fast-b64-r0\archives\64KiB\xml.hz2"" ""E:\MIXER\hybridzip\results\experiments\hybridzip-r2-e6-fast-k4-full-20260829-w1\children\hybridzip-r2-e6-fast-k4-full-20260829-w1-fast-b64-r0\decoded\64KiB\xml.decoded""","0","0","2026-08-29T14:45:01.6741719+08:00","COMPLETE","PASS","fast-ext=1","Complete R2 archive size; SHA-256 byte-exact roundtrip verified."
"e6-fast","fast","64","0","True","1","1","8","0","00010000","1025B343","4B1AC26C40AD4DA50312FD3B694D7E636FB768C2336FE773BC82D36424C27A4B","0:2,39:2,43:4","2","7973400","14268100","7112700","7928700","7973400,14268100","7928700,7112700","hybridzip-r2-e6-fast-k4-full-20260829-w1-fast-b64-r0","r2-fast","1","36","xml","128","inputs/128KiB/xml.bin","131072","5FA29C746885F2EEB98734218475915A78092CCB3B0F68B08861EE210E5B6E25","archives/128KiB/xml.hz2","12620","7AFE4DDD24D70376E1C702AD9E06D8A7CEAFCF20135599A3C119EBEC0760AE32","decoded/128KiB/xml.decoded","131072","5FA29C746885F2EEB98734218475915A78092CCB3B0F68B08861EE210E5B6E25","0.0605181","0.064185","2.02734375","3.86328125","3.86328125","74FF260A939B01673667723D8351AAEDB679339610009ECB23C70E373B862D9F","profile_id=2;mode=fast;block_size=65536;zstd_level=3;lzma_level=9;threads=1;process_timeout_seconds=1800","""E:\MIXER\hybridzip\build\Release\hybridzip.exe"" c --profile=r2 --r2-mode=fast --block-size=65536 --zstd-level=3 --threads=1 ""E:\MIXER\hybridzip\results\experiments\hybridzip-r2-e6-fast-k4-full-20260829-w1\children\hybridzip-r2-e6-fast-k4-full-20260829-w1-fast-b64-r0\inputs\128KiB\xml.bin"" ""E:\MIXER\hybridzip\results\experiments\hybridzip-r2-e6-fast-k4-full-20260829-w1\children\hybridzip-r2-e6-fast-k4-full-20260829-w1-fast-b64-r0\archives\128KiB\xml.hz2""","""E:\MIXER\hybridzip\build\Release\hybridzip.exe"" d ""E:\MIXER\hybridzip\results\experiments\hybridzip-r2-e6-fast-k4-full-20260829-w1\children\hybridzip-r2-e6-fast-k4-full-20260829-w1-fast-b64-r0\archives\128KiB\xml.hz2"" ""E:\MIXER\hybridzip\results\experiments\hybridzip-r2-e6-fast-k4-full-20260829-w1\children\hybridzip-r2-e6-fast-k4-full-20260829-w1-fast-b64-r0\decoded\128KiB\xml.decoded""","0","0","2026-08-29T14:45:01.8846289+08:00","COMPLETE","PASS","fast-ext=2","Complete R2 archive size; SHA-256 byte-exact roundtrip verified."
"e6-fast","fast","64","1","False","1","1","4","0","00010000","1025B343","4B1AC26C40AD4DA50312FD3B694D7E636FB768C2336FE773BC82D36424C27A4B","0:1,39:1,43:2","1","5927200","5927200","5868900","5868900","5927200","5868900","hybridzip-r2-e6-fast-k4-full-20260829-w1-fast-b64-r1","r2-fast","1","1","dickens","32","inputs/32KiB/dickens.bin","32768","FC42DCB9849222C8704C9DCAE606D075B389B66244FB215035148D6409EC0B31","archives/32KiB/dickens.hz2","14204","9D5DD3F72E5BBDFF1F29111E5023181AE160FF4D4FFDE86997DAC78EB7BDA1D2","decoded/32KiB/dickens.decoded","32768","FC42DCB9849222C8704C9DCAE606D075B389B66244FB215035148D6409EC0B31","0.0468831","0.0417247","2.0234375","2.02734375","2.02734375","74FF260A939B01673667723D8351AAEDB679339610009ECB23C70E373B862D9F","profile_id=2;mode=fast;block_size=65536;zstd_level=3;lzma_level=9;threads=1;process_timeout_seconds=1800","""E:\MIXER\hybridzip\build\Release\hybridzip.exe"" c --profile=r2 --r2-mode=fast --block-size=65536 --zstd-level=3 --threads=1 ""E:\MIXER\hybridzip\results\experiments\hybridzip-r2-e6-fast-k4-full-20260829-w1\children\hybridzip-r2-e6-fast-k4-full-20260829-w1-fast-b64-r1\inputs\32KiB\dickens.bin"" ""E:\MIXER\hybridzip\results\experiments\hybridzip-r2-e6-fast-k4-full-20260829-w1\children\hybridzip-r2-e6-fast-k4-full-20260829-w1-fast-b64-r1\archives\32KiB\dickens.hz2""","""E:\MIXER\hybridzip\build\Release\hybridzip.exe"" d ""E:\MIXER\hybridzip\results\experiments\hybridzip-r2-e6-fast-k4-full-20260829-w1\children\hybridzip-r2-e6-fast-k4-full-20260829-w1-fast-b64-r1\archives\32KiB\dickens.hz2"" ""E:\MIXER\hybridzip\results\experiments\hybridzip-r2-e6-fast-k4-full-20260829-w1\children\hybridzip-r2-e6-fast-k4-full-20260829-w1-fast-b64-r1\decoded\32KiB\dickens.decoded""","0","0","2026-08-29T14:45:03.3815912+08:00","COMPLETE","PASS","fast-ext=1","Complete R2 archive size; SHA-256 byte-exact roundtrip verified."
"e6-fast","fast","64","1","False","1","1","4","0","00010000","1025B343","4B1AC26C40AD4DA50312FD3B694D7E636FB768C2336FE773BC82D36424C27A4B","0:1,39:1,43:2","1","11127300","11127300","11121000","11121000","11127300","11121000","hybridzip-r2-e6-fast-k4-full-20260829-w1-fast-b64-r1","r2-fast","1","2","dickens","64","inputs/64KiB/dickens.bin","65536","134AD989A7B8B40C900A3B9C0F4895317DFD827D9E6E933895B08D2F4A8A8293","archives/64KiB/dickens.hz2","27191","565621A47F272DFFF89390990EFD98364D7FA98CC250207A325D8423777F9510","decoded/64KiB/dickens.decoded","65536","134AD989A7B8B40C900A3B9C0F4895317DFD827D9E6E933895B08D2F4A8A8293","0.0626776","0.0451294","2.02734375","2.02734375","2.02734375","74FF260A939B01673667723D8351AAEDB679339610009ECB23C70E373B862D9F","profile_id=2;mode=fast;block_size=65536;zstd_level=3;lzma_level=9;threads=1;process_timeout_seconds=1800","""E:\MIXER\hybridzip\build\Release\hybridzip.exe"" c --profile=r2 --r2-mode=fast --block-size=65536 --zstd-level=3 --threads=1 ""E:\MIXER\hybridzip\results\experiments\hybridzip-r2-e6-fast-k4-full-20260829-w1\children\hybridzip-r2-e6-fast-k4-full-20260829-w1-fast-b64-r1\inputs\64KiB\dickens.bin"" ""E:\MIXER\hybridzip\results\experiments\hybridzip-r2-e6-fast-k4-full-20260829-w1\children\hybridzip-r2-e6-fast-k4-full-20260829-w1-fast-b64-r1\archives\64KiB\dickens.hz2""","""E:\MIXER\hybridzip\build\Release\hybridzip.exe"" d ""E:\MIXER\hybridzip\results\experiments\hybridzip-r2-e6-fast-k4-full-20260829-w1\children\hybridzip-r2-e6-fast-k4-full-20260829-w1-fast-b64-r1\archives\64KiB\dickens.hz2"" ""E:\MIXER\hybridzip\results\experiments\hybridzip-r2-e6-fast-k4-full-20260829-w1\children\hybridzip-r2-e6-fast-k4-full-20260829-w1-fast-b64-r1\decoded\64KiB\dickens.decoded""","0","0","2026-08-29T14:45:03.5370578+08:00","COMPLETE","PASS","fast-ext=1","Complete R2 archive size; SHA-256 byte-exact roundtrip verified."
"e6-fast","fast","64","1","False","1","1","8","0","00010000","1025B343","4B1AC26C40AD4DA50312FD3B694D7E636FB768C2336FE773BC82D36424C27A4B","0:2,39:2,43:4","2","11138500","21276000","10643600","11033500","11138500,21276000","11033500,10643600","hybridzip-r2-e6-fast-k4-full-20260829-w1-fast-b64-r1","r2-fast","1","3","dickens","128","inputs/128KiB/dickens.bin","131072","20E33FCC8FAA96DC32A2D0921115C0F363E64C598A5847CE1A3876E356D59872","archives/128KiB/dickens.hz2","53617","186743C9B3840705B35B147D9292461151EBB5F4E68613D98A88312020CEABA6","decoded/128KiB/dickens.decoded","131072","20E33FCC8FAA96DC32A2D0921115C0F363E64C598A5847CE1A3876E356D59872","0.0712583","0.0584625","5.53125","2.02734375","5.53125","74FF260A939B01673667723D8351AAEDB679339610009ECB23C70E373B862D9F","profile_id=2;mode=fast;block_size=65536;zstd_level=3;lzma_level=9;threads=1;process_timeout_seconds=1800","""E:\MIXER\hybridzip\build\Release\hybridzip.exe"" c --profile=r2 --r2-mode=fast --block-size=65536 --zstd-level=3 --threads=1 ""E:\MIXER\hybridzip\results\experiments\hybridzip-r2-e6-fast-k4-full-20260829-w1\children\hybridzip-r2-e6-fast-k4-full-20260829-w1-fast-b64-r1\inputs\128KiB\dickens.bin"" ""E:\MIXER\hybridzip\results\experiments\hybridzip-r2-e6-fast-k4-full-20260829-w1\children\hybridzip-r2-e6-fast-k4-full-20260829-w1-fast-b64-r1\archives\128KiB\dickens.hz2""","""E:\MIXER\hybridzip\build\Release\hybridzip.exe"" d ""E:\MIXER\hybridzip\results\experiments\hybridzip-r2-e6-fast-k4-full-20260829-w1\children\hybridzip-r2-e6-fast-k4-full-20260829-w1-fast-b64-r1\archives\128KiB\dickens.hz2"" ""E:\MIXER\hybridzip\results\experiments\hybridzip-r2-e6-fast-k4-full-20260829-w1\children\hybridzip-r2-e6-fast-k4-full-20260829-w1-fast-b64-r1\decoded\128KiB\dickens.decoded""","0","0","2026-08-29T14:45:03.7142671+08:00","COMPLETE","PASS","fast-ext=2","Complete R2 archive size; SHA-256 byte-exact roundtrip verified."
"e6-fast","fast","64","1","False","1","1","4","0","00010000","1025B343","4B1AC26C40AD4DA50312FD3B694D7E636FB768C2336FE773BC82D36424C27A4B","0:1,39:1,43:2","1","7870300","7870300","7751900","7751900","7870300","7751900","hybridzip-r2-e6-fast-k4-full-20260829-w1-fast-b64-r1","r2-fast","1","4","mozilla","32","inputs/32KiB/mozilla.bin","32768","9DDEEF36CA0CA55B72FE3376D005926DFF3400A2ADE6EAE18482D8017D8645DB","archives/32KiB/mozilla.hz2","11271","77B240ED52BB826621AD3CFEEAF32B0880894AE814EA879188AFC0190ABD83BF","decoded/32KiB/mozilla.decoded","32768","9DDEEF36CA0CA55B72FE3376D005926DFF3400A2ADE6EAE18482D8017D8645DB","0.0573656","0.0422664","5.2578125","2.02734375","5.2578125","74FF260A939B01673667723D8351AAEDB679339610009ECB23C70E373B862D9F","profile_id=2;mode=fast;block_size=65536;zstd_level=3;lzma_level=9;threads=1;process_timeout_seconds=1800","""E:\MIXER\hybridzip\build\Release\hybridzip.exe"" c --profile=r2 --r2-mode=fast --block-size=65536 --zstd-level=3 --threads=1 ""E:\MIXER\hybridzip\results\experiments\hybridzip-r2-e6-fast-k4-full-20260829-w1\children\hybridzip-r2-e6-fast-k4-full-20260829-w1-fast-b64-r1\inputs\32KiB\mozilla.bin"" ""E:\MIXER\hybridzip\results\experiments\hybridzip-r2-e6-fast-k4-full-20260829-w1\children\hybridzip-r2-e6-fast-k4-full-20260829-w1-fast-b64-r1\archives\32KiB\mozilla.hz2""","""E:\MIXER\hybridzip\build\Release\hybridzip.exe"" d ""E:\MIXER\hybridzip\results\experiments\hybridzip-r2-e6-fast-k4-full-20260829-w1\children\hybridzip-r2-e6-fast-k4-full-20260829-w1-fast-b64-r1\archives\32KiB\mozilla.hz2"" ""E:\MIXER\hybridzip\results\experiments\hybridzip-r2-e6-fast-k4-full-20260829-w1\children\hybridzip-r2-e6-fast-k4-full-20260829-w1-fast-b64-r1\decoded\32KiB\mozilla.decoded""","0","0","2026-08-29T14:45:03.9179692+08:00","COMPLETE","PASS","fast-ext=1","Complete R2 archive size; SHA-256 byte-exact roundtrip verified."
"e6-fast","fast","64","1","False","1","1","4","0","00010000","1025B343","4B1AC26C40AD4DA50312FD3B694D7E636FB768C2336FE773BC82D36424C27A4B","0:1,39:1,43:2","1","13116500","13116500","13110500","13110500","13116500","13110500","hybridzip-r2-e6-fast-k4-full-20260829-w1-fast-b64-r1","r2-fast","1","5","mozilla","64","inputs/64KiB/mozilla.bin","65536","B0050240663F54371D372303EEABA0A59AB0758BCD565F4F639D06561E6BC996","archives/64KiB/mozilla.hz2","15984","C2CD5BA868B50D0568DCCDF8DBCDC3A1FD17033AE420AB77FEC963E4E6A1BB93","decoded/64KiB/mozilla.decoded","65536","B0050240663F54371D372303EEABA0A59AB0758BCD565F4F639D06561E6BC996","0.0705539","0.0573178","5.44140625","2.02734375","5.44140625","74FF260A939B01673667723D8351AAEDB679339610009ECB23C70E373B862D9F","profile_id=2;mode=fast;block_size=65536;zstd_level=3;lzma_level=9;threads=1;process_timeout_seconds=1800","""E:\MIXER\hybridzip\build\Release\hybridzip.exe"" c --profile=r2 --r2-mode=fast --block-size=65536 --zstd-level=3 --threads=1 ""E:\MIXER\hybridzip\results\experiments\hybridzip-r2-e6-fast-k4-full-20260829-w1\children\hybridzip-r2-e6-fast-k4-full-20260829-w1-fast-b64-r1\inputs\64KiB\mozilla.bin"" ""E:\MIXER\hybridzip\results\experiments\hybridzip-r2-e6-fast-k4-full-20260829-w1\children\hybridzip-r2-e6-fast-k4-full-20260829-w1-fast-b64-r1\archives\64KiB\mozilla.hz2""","""E:\MIXER\hybridzip\build\Release\hybridzip.exe"" d ""E:\MIXER\hybridzip\results\experiments\hybridzip-r2-e6-fast-k4-full-20260829-w1\children\hybridzip-r2-e6-fast-k4-full-20260829-w1-fast-b64-r1\archives\64KiB\mozilla.hz2"" ""E:\MIXER\hybridzip\results\experiments\hybridzip-r2-e6-fast-k4-full-20260829-w1\children\hybridzip-r2-e6-fast-k4-full-20260829-w1-fast-b64-r1\decoded\64KiB\mozilla.decoded""","0","0","2026-08-29T14:45:04.0899655+08:00","COMPLETE","PASS","fast-ext=1","Complete R2 archive size; SHA-256 byte-exact roundtrip verified."
"e6-fast","fast","64","1","False","1","1","8","0","00010000","1025B343","4B1AC26C40AD4DA50312FD3B694D7E636FB768C2336FE773BC82D36424C27A4B","0:2,39:2,43:4","2","12637200","21010900","8906100","12630400","12637200,21010900","12630400,8906100","hybridzip-r2-e6-fast-k4-full-20260829-w1-fast-b64-r1","r2-fast","1","6","mozilla","128","inputs/128KiB/mozilla.bin","131072","85CDBEA98382DB12E9A21FF90E1907452712D074000A6B855D2CA215FA591EB4","archives/128KiB/mozilla.hz2","24000","14353AC849C6E8AE37013AC4205841A71F93B6AACF1B9E9B7F10DC4A1B917701","decoded/128KiB/mozilla.decoded","131072","85CDBEA98382DB12E9A21FF90E1907452712D074000A6B855D2CA215FA591EB4","0.0741597","0.0437595","5.4921875","2.02734375","5.4921875","74FF260A939B01673667723D8351AAEDB679339610009ECB23C70E373B862D9F","profile_id=2;mode=fast;block_size=65536;zstd_level=3;lzma_level=9;threads=1;process_timeout_seconds=1800","""E:\MIXER\hybridzip\build\Release\hybridzip.exe"" c --profile=r2 --r2-mode=fast --block-size=65536 --zstd-level=3 --threads=1 ""E:\MIXER\hybridzip\results\experiments\hybridzip-r2-e6-fast-k4-full-20260829-w1\children\hybridzip-r2-e6-fast-k4-full-20260829-w1-fast-b64-r1\inputs\128KiB\mozilla.bin"" ""E:\MIXER\hybridzip\results\experiments\hybridzip-r2-e6-fast-k4-full-20260829-w1\children\hybridzip-r2-e6-fast-k4-full-20260829-w1-fast-b64-r1\archives\128KiB\mozilla.hz2""","""E:\MIXER\hybridzip\build\Release\hybridzip.exe"" d ""E:\MIXER\hybridzip\results\experiments\hybridzip-r2-e6-fast-k4-full-20260829-w1\children\hybridzip-r2-e6-fast-k4-full-20260829-w1-fast-b64-r1\archives\128KiB\mozilla.hz2"" ""E:\MIXER\hybridzip\results\experiments\hybridzip-r2-e6-fast-k4-full-20260829-w1\children\hybridzip-r2-e6-fast-k4-full-20260829-w1-fast-b64-r1\decoded\128KiB\mozilla.decoded""","0","0","2026-08-29T14:45:04.2883667+08:00","COMPLETE","PASS","fast-ext=2","Complete R2 archive size; SHA-256 byte-exact roundtrip verified."
"e6-fast","fast","64","1","False","1","1","4","0","00010000","1025B343","4B1AC26C40AD4DA50312FD3B694D7E636FB768C2336FE773BC82D36424C27A4B","0:1,39:1,43:2","1","7913100","7913100","7807100","7807100","7913100","7807100","hybridzip-r2-e6-fast-k4-full-20260829-w1-fast-b64-r1","r2-fast","1","7","mr","32","inputs/32KiB/mr.bin","32768","3BB287B0AF65F777AB00C14E362B4D1962087260556001BBEE0689AA10D9F76A","archives/32KiB/mr.hz2","8048","26097D8AA55017CBC238A4467A3257B4D648B1E533474321E04DF3C3D439A659","decoded/32KiB/mr.decoded","32768","3BB287B0AF65F777AB00C14E362B4D1962087260556001BBEE0689AA10D9F76A","0.0526157","0.0544475","5.2265625","2.02734375","5.2265625","74FF260A939B01673667723D8351AAEDB679339610009ECB23C70E373B862D9F","profile_id=2;mode=fast;block_size=65536;zstd_level=3;lzma_level=9;threads=1;process_timeout_seconds=1800","""E:\MIXER\hybridzip\build\Release\hybridzip.exe"" c --profile=r2 --r2-mode=fast --block-size=65536 --zstd-level=3 --threads=1 ""E:\MIXER\hybridzip\results\experiments\hybridzip-r2-e6-fast-k4-full-20260829-w1\children\hybridzip-r2-e6-fast-k4-full-20260829-w1-fast-b64-r1\inputs\32KiB\mr.bin"" ""E:\MIXER\hybridzip\results\experiments\hybridzip-r2-e6-fast-k4-full-20260829-w1\children\hybridzip-r2-e6-fast-k4-full-20260829-w1-fast-b64-r1\archives\32KiB\mr.hz2""","""E:\MIXER\hybridzip\build\Release\hybridzip.exe"" d ""E:\MIXER\hybridzip\results\experiments\hybridzip-r2-e6-fast-k4-full-20260829-w1\children\hybridzip-r2-e6-fast-k4-full-20260829-w1-fast-b64-r1\archives\32KiB\mr.hz2"" ""E:\MIXER\hybridzip\results\experiments\hybridzip-r2-e6-fast-k4-full-20260829-w1\children\hybridzip-r2-e6-fast-k4-full-20260829-w1-fast-b64-r1\decoded\32KiB\mr.decoded""","0","0","2026-08-29T14:45:04.4782158+08:00","COMPLETE","PASS","fast-ext=1","Complete R2 archive size; SHA-256 byte-exact roundtrip verified."
"e6-fast","fast","64","1","False","1","1","4","0","00010000","1025B343","4B1AC26C40AD4DA50312FD3B694D7E636FB768C2336FE773BC82D36424C27A4B","0:1,39:1,43:2","1","13929700","13929700","13879900","13879900","13929700","13879900","hybridzip-r2-e6-fast-k4-full-20260829-w1-fast-b64-r1","r2-fast","1","8","mr","64","inputs/64KiB/mr.bin","65536","CAB7B6408934009A4BBFEDB57BEB4943BF5478CF8B3688D01F004E0422EBC651","archives/64KiB/mr.hz2","15043","82A58EBA627DC5FAC3FEFB8C2CF22FE2FD189BAE2B8F946A0A941901DF421CF0","decoded/64KiB/mr.decoded","65536","CAB7B6408934009A4BBFEDB57BEB4943BF5478CF8B3688D01F004E0422EBC651","0.0579788","0.042557","5.4375","2.02734375","5.4375","74FF260A939B01673667723D8351AAEDB679339610009ECB23C70E373B862D9F","profile_id=2;mode=fast;block_size=65536;zstd_level=3;lzma_level=9;threads=1;process_timeout_seconds=1800","""E:\MIXER\hybridzip\build\Release\hybridzip.exe"" c --profile=r2 --r2-mode=fast --block-size=65536 --zstd-level=3 --threads=1 ""E:\MIXER\hybridzip\results\experiments\hybridzip-r2-e6-fast-k4-full-20260829-w1\children\hybridzip-r2-e6-fast-k4-full-20260829-w1-fast-b64-r1\inputs\64KiB\mr.bin"" ""E:\MIXER\hybridzip\results\experiments\hybridzip-r2-e6-fast-k4-full-20260829-w1\children\hybridzip-r2-e6-fast-k4-full-20260829-w1-fast-b64-r1\archives\64KiB\mr.hz2""","""E:\MIXER\hybridzip\build\Release\hybridzip.exe"" d ""E:\MIXER\hybridzip\results\experiments\hybridzip-r2-e6-fast-k4-full-20260829-w1\children\hybridzip-r2-e6-fast-k4-full-20260829-w1-fast-b64-r1\archives\64KiB\mr.hz2"" ""E:\MIXER\hybridzip\results\experiments\hybridzip-r2-e6-fast-k4-full-20260829-w1\children\hybridzip-r2-e6-fast-k4-full-20260829-w1-fast-b64-r1\decoded\64KiB\mr.decoded""","0","0","2026-08-29T14:45:04.6555996+08:00","COMPLETE","PASS","fast-ext=1","Complete R2 archive size; SHA-256 byte-exact roundtrip verified."
"e6-fast","fast","64","1","False","1","1","8","0","00010000","1025B343","4B1AC26C40AD4DA50312FD3B694D7E636FB768C2336FE773BC82D36424C27A4B","0:2,39:2,43:4","2","15178000","28487000","13804300","15171000","15178000,28487000","15171000,13804300","hybridzip-r2-e6-fast-k4-full-20260829-w1-fast-b64-r1","r2-fast","1","9","mr","128","inputs/128KiB/mr.bin","131072","473A6A883480C7B2E69402AD888AC07B347C2DF61C6AA0D84E8B8130A27792EA","archives/128KiB/mr.hz2","27871","469D03B9488515173E2A8355558EE08D46B69518422882511A47A603E1B7EC1B","decoded/128KiB/mr.decoded","131072","473A6A883480C7B2E69402AD888AC07B347C2DF61C6AA0D84E8B8130A27792EA","0.0723224","0.0433047","5.51953125","2.02734375","5.51953125","74FF260A939B01673667723D8351AAEDB679339610009ECB23C70E373B862D9F","profile_id=2;mode=fast;block_size=65536;zstd_level=3;lzma_level=9;threads=1;process_timeout_seconds=1800","""E:\MIXER\hybridzip\build\Release\hybridzip.exe"" c --profile=r2 --r2-mode=fast --block-size=65536 --zstd-level=3 --threads=1 ""E:\MIXER\hybridzip\results\experiments\hybridzip-r2-e6-fast-k4-full-20260829-w1\children\hybridzip-r2-e6-fast-k4-full-20260829-w1-fast-b64-r1\inputs\128KiB\mr.bin"" ""E:\MIXER\hybridzip\results\experiments\hybridzip-r2-e6-fast-k4-full-20260829-w1\children\hybridzip-r2-e6-fast-k4-full-20260829-w1-fast-b64-r1\archives\128KiB\mr.hz2""","""E:\MIXER\hybridzip\build\Release\hybridzip.exe"" d ""E:\MIXER\hybridzip\results\experiments\hybridzip-r2-e6-fast-k4-full-20260829-w1\children\hybridzip-r2-e6-fast-k4-full-20260829-w1-fast-b64-r1\archives\128KiB\mr.hz2"" ""E:\MIXER\hybridzip\results\experiments\hybridzip-r2-e6-fast-k4-full-20260829-w1\children\hybridzip-r2-e6-fast-k4-full-20260829-w1-fast-b64-r1\decoded\128KiB\mr.decoded""","0","0","2026-08-29T14:45:04.8268377+08:00","COMPLETE","PASS","fast-ext=2","Complete R2 archive size; SHA-256 byte-exact roundtrip verified."
"e6-fast","fast","64","1","False","1","1","4","0","00010000","1025B343","4B1AC26C40AD4DA50312FD3B694D7E636FB768C2336FE773BC82D36424C27A4B","0:1,39:1,43:2","1","5552500","5552500","5528700","5528700","5552500","5528700","hybridzip-r2-e6-fast-k4-full-20260829-w1-fast-b64-r1","r2-fast","1","10","nci","32","inputs/32KiB/nci.bin","32768","0D3034FE8B0E573DE1439ED98CE409B83B13E5895085C9BFB0BF980F4962FB79","archives/32KiB/nci.hz2","3101","20A7F2B7BFA93DBBA8AE3A2E786FBFCBF8D1DEDDDD86D8002E3177D34F4C9F88","decoded/32KiB/nci.decoded","32768","0D3034FE8B0E573DE1439ED98CE409B83B13E5895085C9BFB0BF980F4962FB79","0.0592033","0.0589514","5.2265625","2.02734375","5.2265625","74FF260A939B01673667723D8351AAEDB679339610009ECB23C70E373B862D9F","profile_id=2;mode=fast;block_size=65536;zstd_level=3;lzma_level=9;threads=1;process_timeout_seconds=1800","""E:\MIXER\hybridzip\build\Release\hybridzip.exe"" c --profile=r2 --r2-mode=fast --block-size=65536 --zstd-level=3 --threads=1 ""E:\MIXER\hybridzip\results\experiments\hybridzip-r2-e6-fast-k4-full-20260829-w1\children\hybridzip-r2-e6-fast-k4-full-20260829-w1-fast-b64-r1\inputs\32KiB\nci.bin"" ""E:\MIXER\hybridzip\results\experiments\hybridzip-r2-e6-fast-k4-full-20260829-w1\children\hybridzip-r2-e6-fast-k4-full-20260829-w1-fast-b64-r1\archives\32KiB\nci.hz2""","""E:\MIXER\hybridzip\build\Release\hybridzip.exe"" d ""E:\MIXER\hybridzip\results\experiments\hybridzip-r2-e6-fast-k4-full-20260829-w1\children\hybridzip-r2-e6-fast-k4-full-20260829-w1-fast-b64-r1\archives\32KiB\nci.hz2"" ""E:\MIXER\hybridzip\results\experiments\hybridzip-r2-e6-fast-k4-full-20260829-w1\children\hybridzip-r2-e6-fast-k4-full-20260829-w1-fast-b64-r1\decoded\32KiB\nci.decoded""","0","0","2026-08-29T14:45:05.0159024+08:00","COMPLETE","PASS","fast-ext=1","Complete R2 archive size; SHA-256 byte-exact roundtrip verified."
"e6-fast","fast","64","1","False","1","1","4","0","00010000","1025B343","4B1AC26C40AD4DA50312FD3B694D7E636FB768C2336FE773BC82D36424C27A4B","0:1,39:1,43:2","1","8143700","8143700","8132700","8132700","8143700","8132700","hybridzip-r2-e6-fast-k4-full-20260829-w1-fast-b64-r1","r2-fast","1","11","nci","64","inputs/64KiB/nci.bin","65536","B01B411AC3B5CE2FBF37242C0C59D2D236D2F7039937C1B1A0F18F4CC02549FE","archives/64KiB/nci.hz2","5293","BF0AB292141BAA43662BC98D0C6137FF7324B74823FF5AD2885788872B5B9833","decoded/64KiB/nci.decoded","65536","B01B411AC3B5CE2FBF37242C0C59D2D236D2F7039937C1B1A0F18F4CC02549FE","0.0558785","0.0439623","5.4296875","2.02734375","5.4296875","74FF260A939B01673667723D8351AAEDB679339610009ECB23C70E373B862D9F","profile_id=2;mode=fast;block_size=65536;zstd_level=3;lzma_level=9;threads=1;process_timeout_seconds=1800","""E:\MIXER\hybridzip\build\Release\hybridzip.exe"" c --profile=r2 --r2-mode=fast --block-size=65536 --zstd-level=3 --threads=1 ""E:\MIXER\hybridzip\results\experiments\hybridzip-r2-e6-fast-k4-full-20260829-w1\children\hybridzip-r2-e6-fast-k4-full-20260829-w1-fast-b64-r1\inputs\64KiB\nci.bin"" ""E:\MIXER\hybridzip\results\experiments\hybridzip-r2-e6-fast-k4-full-20260829-w1\children\hybridzip-r2-e6-fast-k4-full-20260829-w1-fast-b64-r1\archives\64KiB\nci.hz2""","""E:\MIXER\hybridzip\build\Release\hybridzip.exe"" d ""E:\MIXER\hybridzip\results\experiments\hybridzip-r2-e6-fast-k4-full-20260829-w1\children\hybridzip-r2-e6-fast-k4-full-20260829-w1-fast-b64-r1\archives\64KiB\nci.hz2"" ""E:\MIXER\hybridzip\results\experiments\hybridzip-r2-e6-fast-k4-full-20260829-w1\children\hybridzip-r2-e6-fast-k4-full-20260829-w1-fast-b64-r1\decoded\64KiB\nci.decoded""","0","0","2026-08-29T14:45:05.2007220+08:00","COMPLETE","PASS","fast-ext=1","Complete R2 archive size; SHA-256 byte-exact roundtrip verified."
"e6-fast","fast","64","1","False","1","1","8","0","00010000","1025B343","4B1AC26C40AD4DA50312FD3B694D7E636FB768C2336FE773BC82D36424C27A4B","0:2,39:2,43:4","2","8223900","16158800","8216800","8485400","8223900,16158800","8216800,8485400","hybridzip-r2-e6-fast-k4-full-20260829-w1-fast-b64-r1","r2-fast","1","12","nci","128","inputs/128KiB/nci.bin","131072","C8A1D610355E5EF900ED4C704DF14ADF1935D95DFD8F1740AC9FD90FC9BF5781","archives/128KiB/nci.hz2","11817","18CABFFF394D9FE2B9EA39CC0ACB870188A2964A3A4A5296B2F1CDC8E52C20A8","decoded/128KiB/nci.decoded","131072","C8A1D610355E5EF900ED4C704DF14ADF1935D95DFD8F1740AC9FD90FC9BF5781","0.069101","0.0495642","5.5","2.02734375","5.5","74FF260A939B01673667723D8351AAEDB679339610009ECB23C70E373B862D9F","profile_id=2;mode=fast;block_size=65536;zstd_level=3;lzma_level=9;threads=1;process_timeout_seconds=1800","""E:\MIXER\hybridzip\build\Release\hybridzip.exe"" c --profile=r2 --r2-mode=fast --block-size=65536 --zstd-level=3 --threads=1 ""E:\MIXER\hybridzip\results\experiments\hybridzip-r2-e6-fast-k4-full-20260829-w1\children\hybridzip-r2-e6-fast-k4-full-20260829-w1-fast-b64-r1\inputs\128KiB\nci.bin"" ""E:\MIXER\hybridzip\results\experiments\hybridzip-r2-e6-fast-k4-full-20260829-w1\children\hybridzip-r2-e6-fast-k4-full-20260829-w1-fast-b64-r1\archives\128KiB\nci.hz2""","""E:\MIXER\hybridzip\build\Release\hybridzip.exe"" d ""E:\MIXER\hybridzip\results\experiments\hybridzip-r2-e6-fast-k4-full-20260829-w1\children\hybridzip-r2-e6-fast-k4-full-20260829-w1-fast-b64-r1\archives\128KiB\nci.hz2"" ""E:\MIXER\hybridzip\results\experiments\hybridzip-r2-e6-fast-k4-full-20260829-w1\children\hybridzip-r2-e6-fast-k4-full-20260829-w1-fast-b64-r1\decoded\128KiB\nci.decoded""","0","0","2026-08-29T14:45:05.3753433+08:00","COMPLETE","PASS","fast-ext=2","Complete R2 archive size; SHA-256 byte-exact roundtrip verified."
"e6-fast","fast","64","1","False","1","1","4","0","00010000","1025B343","4B1AC26C40AD4DA50312FD3B694D7E636FB768C2336FE773BC82D36424C27A4B","0:1,39:1,43:2","1","5527300","5527300","5519900","5519900","5527300","5519900","hybridzip-r2-e6-fast-k4-full-20260829-w1-fast-b64-r1","r2-fast","1","13","ooffice","32","inputs/32KiB/ooffice.bin","32768","2ACF9B4CAAEAC5814CDFEF0FA48A5ECE857C847DBDB7B44EEAB95CA3C098921C","archives/32KiB/ooffice.hz2","13020","D6B67E3B11966162C5B3A15324412703EE0ACE5B3788733346FECD13F70B415A","decoded/32KiB/ooffice.decoded","32768","2ACF9B4CAAEAC5814CDFEF0FA48A5ECE857C847DBDB7B44EEAB95CA3C098921C","0.0611337","0.0500657","5.26171875","2.02734375","5.26171875","74FF260A939B01673667723D8351AAEDB679339610009ECB23C70E373B862D9F","profile_id=2;mode=fast;block_size=65536;zstd_level=3;lzma_level=9;threads=1;process_timeout_seconds=1800","""E:\MIXER\hybridzip\build\Release\hybridzip.exe"" c --profile=r2 --r2-mode=fast --block-size=65536 --zstd-level=3 --threads=1 ""E:\MIXER\hybridzip\results\experiments\hybridzip-r2-e6-fast-k4-full-20260829-w1\children\hybridzip-r2-e6-fast-k4-full-20260829-w1-fast-b64-r1\inputs\32KiB\ooffice.bin"" ""E:\MIXER\hybridzip\results\experiments\hybridzip-r2-e6-fast-k4-full-20260829-w1\children\hybridzip-r2-e6-fast-k4-full-20260829-w1-fast-b64-r1\archives\32KiB\ooffice.hz2""","""E:\MIXER\hybridzip\build\Release\hybridzip.exe"" d ""E:\MIXER\hybridzip\results\experiments\hybridzip-r2-e6-fast-k4-full-20260829-w1\children\hybridzip-r2-e6-fast-k4-full-20260829-w1-fast-b64-r1\archives\32KiB\ooffice.hz2"" ""E:\MIXER\hybridzip\results\experiments\hybridzip-r2-e6-fast-k4-full-20260829-w1\children\hybridzip-r2-e6-fast-k4-full-20260829-w1-fast-b64-r1\decoded\32KiB\ooffice.decoded""","0","0","2026-08-29T14:45:05.5601370+08:00","COMPLETE","PASS","fast-ext=1","Complete R2 archive size; SHA-256 byte-exact roundtrip verified."
"e6-fast","fast","64","1","False","1","1","4","0","00010000","1025B343","4B1AC26C40AD4DA50312FD3B694D7E636FB768C2336FE773BC82D36424C27A4B","0:1,39:1,43:2","1","10021500","10021500","10015200","10015200","10021500","10015200","hybridzip-r2-e6-fast-k4-full-20260829-w1-fast-b64-r1","r2-fast","1","14","ooffice","64","inputs/64KiB/ooffice.bin","65536","9D30521922187D0A26F56CF2DF85001F9585D0D4EC6A0A8797466AFCC367F825","archives/64KiB/ooffice.hz2","30037","8E7AEC2A2156752EF4D868FBA9E4C9C5C7C39F59A489801B48673823BA8F38D9","decoded/64KiB/ooffice.decoded","65536","9D30521922187D0A26F56CF2DF85001F9585D0D4EC6A0A8797466AFCC367F825","0.0596021","0.0413087","5.44921875","2.02734375","5.44921875","74FF260A939B01673667723D8351AAEDB679339610009ECB23C70E373B862D9F","profile_id=2;mode=fast;block_size=65536;zstd_level=3;lzma_level=9;threads=1;process_timeout_seconds=1800","""E:\MIXER\hybridzip\build\Release\hybridzip.exe"" c --profile=r2 --r2-mode=fast --block-size=65536 --zstd-level=3 --threads=1 ""E:\MIXER\hybridzip\results\experiments\hybridzip-r2-e6-fast-k4-full-20260829-w1\children\hybridzip-r2-e6-fast-k4-full-20260829-w1-fast-b64-r1\inputs\64KiB\ooffice.bin"" ""E:\MIXER\hybridzip\results\experiments\hybridzip-r2-e6-fast-k4-full-20260829-w1\children\hybridzip-r2-e6-fast-k4-full-20260829-w1-fast-b64-r1\archives\64KiB\ooffice.hz2""","""E:\MIXER\hybridzip\build\Release\hybridzip.exe"" d ""E:\MIXER\hybridzip\results\experiments\hybridzip-r2-e6-fast-k4-full-20260829-w1\children\hybridzip-r2-e6-fast-k4-full-20260829-w1-fast-b64-r1\archives\64KiB\ooffice.hz2"" ""E:\MIXER\hybridzip\results\experiments\hybridzip-r2-e6-fast-k4-full-20260829-w1\children\hybridzip-r2-e6-fast-k4-full-20260829-w1-fast-b64-r1\decoded\64KiB\ooffice.decoded""","0","0","2026-08-29T14:45:05.7481371+08:00","COMPLETE","PASS","fast-ext=1","Complete R2 archive size; SHA-256 byte-exact roundtrip verified."
"e6-fast","fast","64","1","False","1","1","8","0","00010000","1025B343","4B1AC26C40AD4DA50312FD3B694D7E636FB768C2336FE773BC82D36424C27A4B","0:2,39:2,43:4","2","11028800","19969400","9433800","11022400","11028800,19969400","11022400,9433800","hybridzip-r2-e6-fast-k4-full-20260829-w1-fast-b64-r1","r2-fast","1","15","ooffice","128","inputs/128KiB/ooffice.bin","131072","09FA5F3EE5311528863F8C3FADA3B530CC24AC1D88128E4DB2BF434161879FEF","archives/128KiB/ooffice.hz2","65354","E37D6F2F36E3559F450251659A6605C13642A8757DCA1EB4CC43A5C01C7CF5A4","decoded/128KiB/ooffice.decoded","131072","09FA5F3EE5311528863F8C3FADA3B530CC24AC1D88128E4DB2BF434161879FEF","0.0743093","0.064056","5.52734375","2.859375","5.52734375","74FF260A939B01673667723D8351AAEDB679339610009ECB23C70E373B862D9F","profile_id=2;mode=fast;block_size=65536;zstd_level=3;lzma_level=9;threads=1;process_timeout_seconds=1800","""E:\MIXER\hybridzip\build\Release\hybridzip.exe"" c --profile=r2 --r2-mode=fast --block-size=65536 --zstd-level=3 --threads=1 ""E:\MIXER\hybridzip\results\experiments\hybridzip-r2-e6-fast-k4-full-20260829-w1\children\hybridzip-r2-e6-fast-k4-full-20260829-w1-fast-b64-r1\inputs\128KiB\ooffice.bin"" ""E:\MIXER\hybridzip\results\experiments\hybridzip-r2-e6-fast-k4-full-20260829-w1\children\hybridzip-r2-e6-fast-k4-full-20260829-w1-fast-b64-r1\archives\128KiB\ooffice.hz2""","""E:\MIXER\hybridzip\build\Release\hybridzip.exe"" d ""E:\MIXER\hybridzip\results\experiments\hybridzip-r2-e6-fast-k4-full-20260829-w1\children\hybridzip-r2-e6-fast-k4-full-20260829-w1-fast-b64-r1\archives\128KiB\ooffice.hz2"" ""E:\MIXER\hybridzip\results\experiments\hybridzip-r2-e6-fast-k4-full-20260829-w1\children\hybridzip-r2-e6-fast-k4-full-20260829-w1-fast-b64-r1\decoded\128KiB\ooffice.decoded""","0","0","2026-08-29T14:45:05.9321543+08:00","COMPLETE","PASS","fast-ext=2","Complete R2 archive size; SHA-256 byte-exact roundtrip verified."
"e6-fast","fast","64","1","False","1","1","4","0","00010000","1025B343","4B1AC26C40AD4DA50312FD3B694D7E636FB768C2336FE773BC82D36424C27A4B","0:1,39:1,43:2","1","5687200","5687200","5604900","5604900","5687200","5604900","hybridzip-r2-e6-fast-k4-full-20260829-w1-fast-b64-r1","r2-fast","1","16","osdb","32","inputs/32KiB/osdb.bin","32768","03B2C20B777682CD960BCD893D7A4463161D9C0200FD1708B2EFAE32A259D0B7","archives/32KiB/osdb.hz2","15695","F5787A27E2A350FD7BE9686D34A78A9543145A01520A523719A3CA88E4D5EB6A","decoded/32KiB/osdb.decoded","32768","03B2C20B777682CD960BCD893D7A4463161D9C0200FD1708B2EFAE32A259D0B7","0.0548737","0.0492248","5.2421875","3.23828125","5.2421875","74FF260A939B01673667723D8351AAEDB679339610009ECB23C70E373B862D9F","profile_id=2;mode=fast;block_size=65536;zstd_level=3;lzma_level=9;threads=1;process_timeout_seconds=1800","""E:\MIXER\hybridzip\build\Release\hybridzip.exe"" c --profile=r2 --r2-mode=fast --block-size=65536 --zstd-level=3 --threads=1 ""E:\MIXER\hybridzip\results\experiments\hybridzip-r2-e6-fast-k4-full-20260829-w1\children\hybridzip-r2-e6-fast-k4-full-20260829-w1-fast-b64-r1\inputs\32KiB\osdb.bin"" ""E:\MIXER\hybridzip\results\experiments\hybridzip-r2-e6-fast-k4-full-20260829-w1\children\hybridzip-r2-e6-fast-k4-full-20260829-w1-fast-b64-r1\archives\32KiB\osdb.hz2""","""E:\MIXER\hybridzip\build\Release\hybridzip.exe"" d ""E:\MIXER\hybridzip\results\experiments\hybridzip-r2-e6-fast-k4-full-20260829-w1\children\hybridzip-r2-e6-fast-k4-full-20260829-w1-fast-b64-r1\archives\32KiB\osdb.hz2"" ""E:\MIXER\hybridzip\results\experiments\hybridzip-r2-e6-fast-k4-full-20260829-w1\children\hybridzip-r2-e6-fast-k4-full-20260829-w1-fast-b64-r1\decoded\32KiB\osdb.decoded""","0","0","2026-08-29T14:45:06.1438081+08:00","COMPLETE","PASS","fast-ext=1","Complete R2 archive size; SHA-256 byte-exact roundtrip verified."
"e6-fast","fast","64","1","False","1","1","4","0","00010000","1025B343","4B1AC26C40AD4DA50312FD3B694D7E636FB768C2336FE773BC82D36424C27A4B","0:1,39:1,43:2","1","8817600","8817600","8811000","8811000","8817600","8811000","hybridzip-r2-e6-fast-k4-full-20260829-w1-fast-b64-r1","r2-fast","1","17","osdb","64","inputs/64KiB/osdb.bin","65536","F8FE629325A07588118BA0B65880A87DED43EF249CCBC91F0E977BBACAE0C125","archives/64KiB/osdb.hz2","27355","2E27D469A9AA0BB481E4214AF6356AD0C1494DF130A835341FF8B88409E62AC3","decoded/64KiB/osdb.decoded","65536","F8FE629325A07588118BA0B65880A87DED43EF249CCBC91F0E977BBACAE0C125","0.0561603","0.0426372","5.46875","2.02734375","5.46875","74FF260A939B01673667723D8351AAEDB679339610009ECB23C70E373B862D9F","profile_id=2;mode=fast;block_size=65536;zstd_level=3;lzma_level=9;threads=1;process_timeout_seconds=1800","""E:\MIXER\hybridzip\build\Release\hybridzip.exe"" c --profile=r2 --r2-mode=fast --block-size=65536 --zstd-level=3 --threads=1 ""E:\MIXER\hybridzip\results\experiments\hybridzip-r2-e6-fast-k4-full-20260829-w1\children\hybridzip-r2-e6-fast-k4-full-20260829-w1-fast-b64-r1\inputs\64KiB\osdb.bin"" ""E:\MIXER\hybridzip\results\experiments\hybridzip-r2-e6-fast-k4-full-20260829-w1\children\hybridzip-r2-e6-fast-k4-full-20260829-w1-fast-b64-r1\archives\64KiB\osdb.hz2""","""E:\MIXER\hybridzip\build\Release\hybridzip.exe"" d ""E:\MIXER\hybridzip\results\experiments\hybridzip-r2-e6-fast-k4-full-20260829-w1\children\hybridzip-r2-e6-fast-k4-full-20260829-w1-fast-b64-r1\archives\64KiB\osdb.hz2"" ""E:\MIXER\hybridzip\results\experiments\hybridzip-r2-e6-fast-k4-full-20260829-w1\children\hybridzip-r2-e6-fast-k4-full-20260829-w1-fast-b64-r1\decoded\64KiB\osdb.decoded""","0","0","2026-08-29T14:45:06.3111940+08:00","COMPLETE","PASS","fast-ext=1","Complete R2 archive size; SHA-256 byte-exact roundtrip verified."
"e6-fast","fast","64","1","False","1","1","8","0","00010000","1025B343","4B1AC26C40AD4DA50312FD3B694D7E636FB768C2336FE773BC82D36424C27A4B","0:2,39:2,43:4","2","8461400","16485800","8453900","8583300","8461400,16485800","8453900,8583300","hybridzip-r2-e6-fast-k4-full-20260829-w1-fast-b64-r1","r2-fast","1","18","osdb","128","inputs/128KiB/osdb.bin","131072","D977E72AE13AEFC36A4B6171A895E26A0E6EEE447B1B9FBE868D7B1C046CC91F","archives/128KiB/osdb.hz2","54808","BA7C13350AA176712439CB99E39C56D7E30DEFC6D2AE53CD3613DEC32913EE41","decoded/128KiB/osdb.decoded","131072","D977E72AE13AEFC36A4B6171A895E26A0E6EEE447B1B9FBE868D7B1C046CC91F","0.0663899","0.0432622","5.5390625","2.02734375","5.5390625","74FF260A939B01673667723D8351AAEDB679339610009ECB23C70E373B862D9F","profile_id=2;mode=fast;block_size=65536;zstd_level=3;lzma_level=9;threads=1;process_timeout_seconds=1800","""E:\MIXER\hybridzip\build\Release\hybridzip.exe"" c --profile=r2 --r2-mode=fast --block-size=65536 --zstd-level=3 --threads=1 ""E:\MIXER\hybridzip\results\experiments\hybridzip-r2-e6-fast-k4-full-20260829-w1\children\hybridzip-r2-e6-fast-k4-full-20260829-w1-fast-b64-r1\inputs\128KiB\osdb.bin"" ""E:\MIXER\hybridzip\results\experiments\hybridzip-r2-e6-fast-k4-full-20260829-w1\children\hybridzip-r2-e6-fast-k4-full-20260829-w1-fast-b64-r1\archives\128KiB\osdb.hz2""","""E:\MIXER\hybridzip\build\Release\hybridzip.exe"" d ""E:\MIXER\hybridzip\results\experiments\hybridzip-r2-e6-fast-k4-full-20260829-w1\children\hybridzip-r2-e6-fast-k4-full-20260829-w1-fast-b64-r1\archives\128KiB\osdb.hz2"" ""E:\MIXER\hybridzip\results\experiments\hybridzip-r2-e6-fast-k4-full-20260829-w1\children\hybridzip-r2-e6-fast-k4-full-20260829-w1-fast-b64-r1\decoded\128KiB\osdb.decoded""","0","0","2026-08-29T14:45:06.4831319+08:00","COMPLETE","PASS","fast-ext=2","Complete R2 archive size; SHA-256 byte-exact roundtrip verified."
"e6-fast","fast","64","1","False","1","1","4","0","00010000","1025B343","4B1AC26C40AD4DA50312FD3B694D7E636FB768C2336FE773BC82D36424C27A4B","0:1,39:1,43:2","1","6331400","6331400","6002300","6002300","6331400","6002300","hybridzip-r2-e6-fast-k4-full-20260829-w1-fast-b64-r1","r2-fast","1","19","reymont","32","inputs/32KiB/reymont.bin","32768","9D5E4B9340C2260DAE7DDB01B3EDA58236FF2DE5E1FF4D56767AA840B6FB1A87","archives/32KiB/reymont.hz2","10572","9385203289F0E803E220FD7DFD14F34FB3E7C44C1D14DC770D06375AEB92B505","decoded/32KiB/reymont.decoded","32768","9D5E4B9340C2260DAE7DDB01B3EDA58236FF2DE5E1FF4D56767AA840B6FB1A87","0.0548696","0.0461839","5.2421875","2.02734375","5.2421875","74FF260A939B01673667723D8351AAEDB679339610009ECB23C70E373B862D9F","profile_id=2;mode=fast;block_size=65536;zstd_level=3;lzma_level=9;threads=1;process_timeout_seconds=1800","""E:\MIXER\hybridzip\build\Release\hybridzip.exe"" c --profile=r2 --r2-mode=fast --block-size=65536 --zstd-level=3 --threads=1 ""E:\MIXER\hybridzip\results\experiments\hybridzip-r2-e6-fast-k4-full-20260829-w1\children\hybridzip-r2-e6-fast-k4-full-20260829-w1-fast-b64-r1\inputs\32KiB\reymont.bin"" ""E:\MIXER\hybridzip\results\experiments\hybridzip-r2-e6-fast-k4-full-20260829-w1\children\hybridzip-r2-e6-fast-k4-full-20260829-w1-fast-b64-r1\archives\32KiB\reymont.hz2""","""E:\MIXER\hybridzip\build\Release\hybridzip.exe"" d ""E:\MIXER\hybridzip\results\experiments\hybridzip-r2-e6-fast-k4-full-20260829-w1\children\hybridzip-r2-e6-fast-k4-full-20260829-w1-fast-b64-r1\archives\32KiB\reymont.hz2"" ""E:\MIXER\hybridzip\results\experiments\hybridzip-r2-e6-fast-k4-full-20260829-w1\children\hybridzip-r2-e6-fast-k4-full-20260829-w1-fast-b64-r1\decoded\32KiB\reymont.decoded""","0","0","2026-08-29T14:45:06.6660522+08:00","COMPLETE","PASS","fast-ext=1","Complete R2 archive size; SHA-256 byte-exact roundtrip verified."
"e6-fast","fast","64","1","False","1","1","4","0","00010000","1025B343","4B1AC26C40AD4DA50312FD3B694D7E636FB768C2336FE773BC82D36424C27A4B","0:1,39:1,43:2","1","11285500","11285500","11279300","11279300","11285500","11279300","hybridzip-r2-e6-fast-k4-full-20260829-w1-fast-b64-r1","r2-fast","1","20","reymont","64","inputs/64KiB/reymont.bin","65536","A5ECAAABB133F1ADF8DE6062BE6381D143E87F9F8050EEA9B5BE6F92B88C3C22","archives/64KiB/reymont.hz2","20574","037AE8358C684EC978123B907DBB6C6A1896B401FBE83612F78071F7CA855557","decoded/64KiB/reymont.decoded","65536","A5ECAAABB133F1ADF8DE6062BE6381D143E87F9F8050EEA9B5BE6F92B88C3C22","0.054457","0.0591719","2.02734375","2.02734375","2.02734375","74FF260A939B01673667723D8351AAEDB679339610009ECB23C70E373B862D9F","profile_id=2;mode=fast;block_size=65536;zstd_level=3;lzma_level=9;threads=1;process_timeout_seconds=1800","""E:\MIXER\hybridzip\build\Release\hybridzip.exe"" c --profile=r2 --r2-mode=fast --block-size=65536 --zstd-level=3 --threads=1 ""E:\MIXER\hybridzip\results\experiments\hybridzip-r2-e6-fast-k4-full-20260829-w1\children\hybridzip-r2-e6-fast-k4-full-20260829-w1-fast-b64-r1\inputs\64KiB\reymont.bin"" ""E:\MIXER\hybridzip\results\experiments\hybridzip-r2-e6-fast-k4-full-20260829-w1\children\hybridzip-r2-e6-fast-k4-full-20260829-w1-fast-b64-r1\archives\64KiB\reymont.hz2""","""E:\MIXER\hybridzip\build\Release\hybridzip.exe"" d ""E:\MIXER\hybridzip\results\experiments\hybridzip-r2-e6-fast-k4-full-20260829-w1\children\hybridzip-r2-e6-fast-k4-full-20260829-w1-fast-b64-r1\archives\64KiB\reymont.hz2"" ""E:\MIXER\hybridzip\results\experiments\hybridzip-r2-e6-fast-k4-full-20260829-w1\children\hybridzip-r2-e6-fast-k4-full-20260829-w1-fast-b64-r1\decoded\64KiB\reymont.decoded""","0","0","2026-08-29T14:45:06.8316608+08:00","COMPLETE","PASS","fast-ext=1","Complete R2 archive size; SHA-256 byte-exact roundtrip verified."
"e6-fast","fast","64","1","False","1","1","8","0","00010000","1025B343","4B1AC26C40AD4DA50312FD3B694D7E636FB768C2336FE773BC82D36424C27A4B","0:2,39:2,43:4","2","11523100","22675400","11515700","11665800","11523100,22675400","11515700,11665800","hybridzip-r2-e6-fast-k4-full-20260829-w1-fast-b64-r1","r2-fast","1","21","reymont","128","inputs/128KiB/reymont.bin","131072","A6CA7478854C1E80DFEAF9FB3444B357F9D7625E55232FAE3B3632A5A1217DEA","archives/128KiB/reymont.hz2","41751","B6E9E510B9ED7135EB5070DB474E01A3EBBBE1C474DF5189B8805C54E265A7D5","decoded/128KiB/reymont.decoded","131072","A6CA7478854C1E80DFEAF9FB3444B357F9D7625E55232FAE3B3632A5A1217DEA","0.086644","0.0638307","5.51171875","2.4140625","5.51171875","74FF260A939B01673667723D8351AAEDB679339610009ECB23C70E373B862D9F","profile_id=2;mode=fast;block_size=65536;zstd_level=3;lzma_level=9;threads=1;process_timeout_seconds=1800","""E:\MIXER\hybridzip\build\Release\hybridzip.exe"" c --profile=r2 --r2-mode=fast --block-size=65536 --zstd-level=3 --threads=1 ""E:\MIXER\hybridzip\results\experiments\hybridzip-r2-e6-fast-k4-full-20260829-w1\children\hybridzip-r2-e6-fast-k4-full-20260829-w1-fast-b64-r1\inputs\128KiB\reymont.bin"" ""E:\MIXER\hybridzip\results\experiments\hybridzip-r2-e6-fast-k4-full-20260829-w1\children\hybridzip-r2-e6-fast-k4-full-20260829-w1-fast-b64-r1\archives\128KiB\reymont.hz2""","""E:\MIXER\hybridzip\build\Release\hybridzip.exe"" d ""E:\MIXER\hybridzip\results\experiments\hybridzip-r2-e6-fast-k4-full-20260829-w1\children\hybridzip-r2-e6-fast-k4-full-20260829-w1-fast-b64-r1\archives\128KiB\reymont.hz2"" ""E:\MIXER\hybridzip\results\experiments\hybridzip-r2-e6-fast-k4-full-20260829-w1\children\hybridzip-r2-e6-fast-k4-full-20260829-w1-fast-b64-r1\decoded\128KiB\reymont.decoded""","0","0","2026-08-29T14:45:07.0193344+08:00","COMPLETE","PASS","fast-ext=2","Complete R2 archive size; SHA-256 byte-exact roundtrip verified."
"e6-fast","fast","64","1","False","1","1","4","0","00010000","1025B343","4B1AC26C40AD4DA50312FD3B694D7E636FB768C2336FE773BC82D36424C27A4B","0:1,39:1,43:2","1","6916900","6916900","6909400","6909400","6916900","6909400","hybridzip-r2-e6-fast-k4-full-20260829-w1-fast-b64-r1","r2-fast","1","22","samba","32","inputs/32KiB/samba.bin","32768","9C4F5BEE544E4531E4946E62F796987418B4526911C34877EF282F14DD57AD12","archives/32KiB/samba.hz2","11946","1BCD42A90BFBC8F1599B90C61EBE1FD557BAB6715B36059982F035F4C1C8D53D","decoded/32KiB/samba.decoded","32768","9C4F5BEE544E4531E4946E62F796987418B4526911C34877EF282F14DD57AD12","0.0579964","0.0474847","5.25","2.0234375","5.25","74FF260A939B01673667723D8351AAEDB679339610009ECB23C70E373B862D9F","profile_id=2;mode=fast;block_size=65536;zstd_level=3;lzma_level=9;threads=1;process_timeout_seconds=1800","""E:\MIXER\hybridzip\build\Release\hybridzip.exe"" c --profile=r2 --r2-mode=fast --block-size=65536 --zstd-level=3 --threads=1 ""E:\MIXER\hybridzip\results\experiments\hybridzip-r2-e6-fast-k4-full-20260829-w1\children\hybridzip-r2-e6-fast-k4-full-20260829-w1-fast-b64-r1\inputs\32KiB\samba.bin"" ""E:\MIXER\hybridzip\results\experiments\hybridzip-r2-e6-fast-k4-full-20260829-w1\children\hybridzip-r2-e6-fast-k4-full-20260829-w1-fast-b64-r1\archives\32KiB\samba.hz2""","""E:\MIXER\hybridzip\build\Release\hybridzip.exe"" d ""E:\MIXER\hybridzip\results\experiments\hybridzip-r2-e6-fast-k4-full-20260829-w1\children\hybridzip-r2-e6-fast-k4-full-20260829-w1-fast-b64-r1\archives\32KiB\samba.hz2"" ""E:\MIXER\hybridzip\results\experiments\hybridzip-r2-e6-fast-k4-full-20260829-w1\children\hybridzip-r2-e6-fast-k4-full-20260829-w1-fast-b64-r1\decoded\32KiB\samba.decoded""","0","0","2026-08-29T14:45:07.2356477+08:00","COMPLETE","PASS","fast-ext=1","Complete R2 archive size; SHA-256 byte-exact roundtrip verified."
"e6-fast","fast","64","1","False","1","1","4","0","00010000","1025B343","4B1AC26C40AD4DA50312FD3B694D7E636FB768C2336FE773BC82D36424C27A4B","0:1,39:1,43:2","1","10164700","10164700","10157300","10157300","10164700","10157300","hybridzip-r2-e6-fast-k4-full-20260829-w1-fast-b64-r1","r2-fast","1","23","samba","64","inputs/64KiB/samba.bin","65536","3E0420984C0F260EA7350734600CEA9D8500B745E2E4B7DBD4D1DA1D1ADAC421","archives/64KiB/samba.hz2","23328","A208FF07D69A26E81333A1A5C0DDE02C75E9B95FB2C361CBB87D46531FCF0DF6","decoded/64KiB/samba.decoded","65536","3E0420984C0F260EA7350734600CEA9D8500B745E2E4B7DBD4D1DA1D1ADAC421","0.0674967","0.0481275","5.4453125","2.1875","5.4453125","74FF260A939B01673667723D8351AAEDB679339610009ECB23C70E373B862D9F","profile_id=2;mode=fast;block_size=65536;zstd_level=3;lzma_level=9;threads=1;process_timeout_seconds=1800","""E:\MIXER\hybridzip\build\Release\hybridzip.exe"" c --profile=r2 --r2-mode=fast --block-size=65536 --zstd-level=3 --threads=1 ""E:\MIXER\hybridzip\results\experiments\hybridzip-r2-e6-fast-k4-full-20260829-w1\children\hybridzip-r2-e6-fast-k4-full-20260829-w1-fast-b64-r1\inputs\64KiB\samba.bin"" ""E:\MIXER\hybridzip\results\experiments\hybridzip-r2-e6-fast-k4-full-20260829-w1\children\hybridzip-r2-e6-fast-k4-full-20260829-w1-fast-b64-r1\archives\64KiB\samba.hz2""","""E:\MIXER\hybridzip\build\Release\hybridzip.exe"" d ""E:\MIXER\hybridzip\results\experiments\hybridzip-r2-e6-fast-k4-full-20260829-w1\children\hybridzip-r2-e6-fast-k4-full-20260829-w1-fast-b64-r1\archives\64KiB\samba.hz2"" ""E:\MIXER\hybridzip\results\experiments\hybridzip-r2-e6-fast-k4-full-20260829-w1\children\hybridzip-r2-e6-fast-k4-full-20260829-w1-fast-b64-r1\decoded\64KiB\samba.decoded""","0","0","2026-08-29T14:45:07.4068094+08:00","COMPLETE","PASS","fast-ext=1","Complete R2 archive size; SHA-256 byte-exact roundtrip verified."
"e6-fast","fast","64","1","False","1","1","8","0","00010000","1025B343","4B1AC26C40AD4DA50312FD3B694D7E636FB768C2336FE773BC82D36424C27A4B","0:2,39:2,43:4","2","10907900","20703000","10333200","10901800","10907900,20703000","10901800,10333200","hybridzip-r2-e6-fast-k4-full-20260829-w1-fast-b64-r1","r2-fast","1","24","samba","128","inputs/128KiB/samba.bin","131072","F3B8C4AD35BC6CF21977895D6F04A22B1422605942FA5AFE35CE28B2A221D7E8","archives/128KiB/samba.hz2","48808","ABE8594C5456D7D0DEE0BE4F3295D91649AA13256923B59166BC3AF573761434","decoded/128KiB/samba.decoded","131072","F3B8C4AD35BC6CF21977895D6F04A22B1422605942FA5AFE35CE28B2A221D7E8","0.0719189","0.0428316","5.515625","2.02734375","5.515625","74FF260A939B01673667723D8351AAEDB679339610009ECB23C70E373B862D9F","profile_id=2;mode=fast;block_size=65536;zstd_level=3;lzma_level=9;threads=1;process_timeout_seconds=1800","""E:\MIXER\hybridzip\build\Release\hybridzip.exe"" c --profile=r2 --r2-mode=fast --block-size=65536 --zstd-level=3 --threads=1 ""E:\MIXER\hybridzip\results\experiments\hybridzip-r2-e6-fast-k4-full-20260829-w1\children\hybridzip-r2-e6-fast-k4-full-20260829-w1-fast-b64-r1\inputs\128KiB\samba.bin"" ""E:\MIXER\hybridzip\results\experiments\hybridzip-r2-e6-fast-k4-full-20260829-w1\children\hybridzip-r2-e6-fast-k4-full-20260829-w1-fast-b64-r1\archives\128KiB\samba.hz2""","""E:\MIXER\hybridzip\build\Release\hybridzip.exe"" d ""E:\MIXER\hybridzip\results\experiments\hybridzip-r2-e6-fast-k4-full-20260829-w1\children\hybridzip-r2-e6-fast-k4-full-20260829-w1-fast-b64-r1\archives\128KiB\samba.hz2"" ""E:\MIXER\hybridzip\results\experiments\hybridzip-r2-e6-fast-k4-full-20260829-w1\children\hybridzip-r2-e6-fast-k4-full-20260829-w1-fast-b64-r1\decoded\128KiB\samba.decoded""","0","0","2026-08-29T14:45:07.5878640+08:00","COMPLETE","PASS","fast-ext=2","Complete R2 archive size; SHA-256 byte-exact roundtrip verified."
"e6-fast","fast","64","1","False","1","1","4","0","00010000","1025B343","4B1AC26C40AD4DA50312FD3B694D7E636FB768C2336FE773BC82D36424C27A4B","0:1,39:1,43:2","1","5693500","5693500","5617400","5617400","5693500","5617400","hybridzip-r2-e6-fast-k4-full-20260829-w1-fast-b64-r1","r2-fast","1","25","sao","32","inputs/32KiB/sao.bin","32768","95677430CAD4F000506BC5EE22815C3F4E13D64B477ED506B78D5D9ACFB50CCD","archives/32KiB/sao.hz2","26958","14EEDD77B89E8C72E7EA781A1F1C045918DE30BC5BA5E1574820538C862B42E3","decoded/32KiB/sao.decoded","32768","95677430CAD4F000506BC5EE22815C3F4E13D64B477ED506B78D5D9ACFB50CCD","0.056487","0.055504","5.25390625","2.02734375","5.25390625","74FF260A939B01673667723D8351AAEDB679339610009ECB23C70E373B862D9F","profile_id=2;mode=fast;block_size=65536;zstd_level=3;lzma_level=9;threads=1;process_timeout_seconds=1800","""E:\MIXER\hybridzip\build\Release\hybridzip.exe"" c --profile=r2 --r2-mode=fast --block-size=65536 --zstd-level=3 --threads=1 ""E:\MIXER\hybridzip\results\experiments\hybridzip-r2-e6-fast-k4-full-20260829-w1\children\hybridzip-r2-e6-fast-k4-full-20260829-w1-fast-b64-r1\inputs\32KiB\sao.bin"" ""E:\MIXER\hybridzip\results\experiments\hybridzip-r2-e6-fast-k4-full-20260829-w1\children\hybridzip-r2-e6-fast-k4-full-20260829-w1-fast-b64-r1\archives\32KiB\sao.hz2""","""E:\MIXER\hybridzip\build\Release\hybridzip.exe"" d ""E:\MIXER\hybridzip\results\experiments\hybridzip-r2-e6-fast-k4-full-20260829-w1\children\hybridzip-r2-e6-fast-k4-full-20260829-w1-fast-b64-r1\archives\32KiB\sao.hz2"" ""E:\MIXER\hybridzip\results\experiments\hybridzip-r2-e6-fast-k4-full-20260829-w1\children\hybridzip-r2-e6-fast-k4-full-20260829-w1-fast-b64-r1\decoded\32KiB\sao.decoded""","0","0","2026-08-29T14:45:07.7760944+08:00","COMPLETE","PASS","fast-ext=1","Complete R2 archive size; SHA-256 byte-exact roundtrip verified."
"e6-fast","fast","64","1","False","1","1","4","0","00010000","1025B343","4B1AC26C40AD4DA50312FD3B694D7E636FB768C2336FE773BC82D36424C27A4B","0:1,39:1,43:2","1","9125800","9125800","9120000","9120000","9125800","9120000","hybridzip-r2-e6-fast-k4-full-20260829-w1-fast-b64-r1","r2-fast","1","26","sao","64","inputs/64KiB/sao.bin","65536","17CBD7166A47786139F60BA33B4E771CE0154F6FA56986883D129BC23F78EBEE","archives/64KiB/sao.hz2","52935","0A8534D4AEB997CAEA306E1211541646254E6314F0A1786725F7BF988D7F8E70","decoded/64KiB/sao.decoded","65536","17CBD7166A47786139F60BA33B4E771CE0154F6FA56986883D129BC23F78EBEE","0.060571","0.0618591","2.02734375","2.02734375","2.02734375","74FF260A939B01673667723D8351AAEDB679339610009ECB23C70E373B862D9F","profile_id=2;mode=fast;block_size=65536;zstd_level=3;lzma_level=9;threads=1;process_timeout_seconds=1800","""E:\MIXER\hybridzip\build\Release\hybridzip.exe"" c --profile=r2 --r2-mode=fast --block-size=65536 --zstd-level=3 --threads=1 ""E:\MIXER\hybridzip\results\experiments\hybridzip-r2-e6-fast-k4-full-20260829-w1\children\hybridzip-r2-e6-fast-k4-full-20260829-w1-fast-b64-r1\inputs\64KiB\sao.bin"" ""E:\MIXER\hybridzip\results\experiments\hybridzip-r2-e6-fast-k4-full-20260829-w1\children\hybridzip-r2-e6-fast-k4-full-20260829-w1-fast-b64-r1\archives\64KiB\sao.hz2""","""E:\MIXER\hybridzip\build\Release\hybridzip.exe"" d ""E:\MIXER\hybridzip\results\experiments\hybridzip-r2-e6-fast-k4-full-20260829-w1\children\hybridzip-r2-e6-fast-k4-full-20260829-w1-fast-b64-r1\archives\64KiB\sao.hz2"" ""E:\MIXER\hybridzip\results\experiments\hybridzip-r2-e6-fast-k4-full-20260829-w1\children\hybridzip-r2-e6-fast-k4-full-20260829-w1-fast-b64-r1\decoded\64KiB\sao.decoded""","0","0","2026-08-29T14:45:07.9589204+08:00","COMPLETE","PASS","lz4=1","Complete R2 archive size; SHA-256 byte-exact roundtrip verified."
"e6-fast","fast","64","1","False","1","1","8","0","00010000","1025B343","4B1AC26C40AD4DA50312FD3B694D7E636FB768C2336FE773BC82D36424C27A4B","0:2,39:2,43:4","2","9568000","17527000","8445100","9560900","9568000,17527000","9560900,8445100","hybridzip-r2-e6-fast-k4-full-20260829-w1-fast-b64-r1","r2-fast","1","27","sao","128","inputs/128KiB/sao.bin","131072","75E535B42DB7505118D8B19C7C42C1F49C5542ADDC9DBC13383953659F675CE0","archives/128KiB/sao.hz2","106373","F931B85EBDB3CE7D0638FC13FCF57424E58AC16E44214B046E85A0380FE21064","decoded/128KiB/sao.decoded","131072","75E535B42DB7505118D8B19C7C42C1F49C5542ADDC9DBC13383953659F675CE0","0.0891293","0.0639391","5.515625","2.02734375","5.515625","74FF260A939B01673667723D8351AAEDB679339610009ECB23C70E373B862D9F","profile_id=2;mode=fast;block_size=65536;zstd_level=3;lzma_level=9;threads=1;process_timeout_seconds=1800","""E:\MIXER\hybridzip\build\Release\hybridzip.exe"" c --profile=r2 --r2-mode=fast --block-size=65536 --zstd-level=3 --threads=1 ""E:\MIXER\hybridzip\results\experiments\hybridzip-r2-e6-fast-k4-full-20260829-w1\children\hybridzip-r2-e6-fast-k4-full-20260829-w1-fast-b64-r1\inputs\128KiB\sao.bin"" ""E:\MIXER\hybridzip\results\experiments\hybridzip-r2-e6-fast-k4-full-20260829-w1\children\hybridzip-r2-e6-fast-k4-full-20260829-w1-fast-b64-r1\archives\128KiB\sao.hz2""","""E:\MIXER\hybridzip\build\Release\hybridzip.exe"" d ""E:\MIXER\hybridzip\results\experiments\hybridzip-r2-e6-fast-k4-full-20260829-w1\children\hybridzip-r2-e6-fast-k4-full-20260829-w1-fast-b64-r1\archives\128KiB\sao.hz2"" ""E:\MIXER\hybridzip\results\experiments\hybridzip-r2-e6-fast-k4-full-20260829-w1\children\hybridzip-r2-e6-fast-k4-full-20260829-w1-fast-b64-r1\decoded\128KiB\sao.decoded""","0","0","2026-08-29T14:45:08.1451525+08:00","COMPLETE","PASS","lz4=2","Complete R2 archive size; SHA-256 byte-exact roundtrip verified."
"e6-fast","fast","64","1","False","1","1","4","0","00010000","1025B343","4B1AC26C40AD4DA50312FD3B694D7E636FB768C2336FE773BC82D36424C27A4B","0:1,39:1,43:2","1","5800800","5800800","5788800","5788800","5800800","5788800","hybridzip-r2-e6-fast-k4-full-20260829-w1-fast-b64-r1","r2-fast","1","28","webster","32","inputs/32KiB/webster.bin","32768","774D224695AF4057353F72602BB96CD2AFEEA059AC7737535645F11596FCA85E","archives/32KiB/webster.hz2","13777","507C3D392D49034D8368CC694F8638BB0718392C5AD6687B75098F57087C35BD","decoded/32KiB/webster.decoded","32768","774D224695AF4057353F72602BB96CD2AFEEA059AC7737535645F11596FCA85E","0.0585321","0.0605802","2.0234375","2.02734375","2.02734375","74FF260A939B01673667723D8351AAEDB679339610009ECB23C70E373B862D9F","profile_id=2;mode=fast;block_size=65536;zstd_level=3;lzma_level=9;threads=1;process_timeout_seconds=1800","""E:\MIXER\hybridzip\build\Release\hybridzip.exe"" c --profile=r2 --r2-mode=fast --block-size=65536 --zstd-level=3 --threads=1 ""E:\MIXER\hybridzip\results\experiments\hybridzip-r2-e6-fast-k4-full-20260829-w1\children\hybridzip-r2-e6-fast-k4-full-20260829-w1-fast-b64-r1\inputs\32KiB\webster.bin"" ""E:\MIXER\hybridzip\results\experiments\hybridzip-r2-e6-fast-k4-full-20260829-w1\children\hybridzip-r2-e6-fast-k4-full-20260829-w1-fast-b64-r1\archives\32KiB\webster.hz2""","""E:\MIXER\hybridzip\build\Release\hybridzip.exe"" d ""E:\MIXER\hybridzip\results\experiments\hybridzip-r2-e6-fast-k4-full-20260829-w1\children\hybridzip-r2-e6-fast-k4-full-20260829-w1-fast-b64-r1\archives\32KiB\webster.hz2"" ""E:\MIXER\hybridzip\results\experiments\hybridzip-r2-e6-fast-k4-full-20260829-w1\children\hybridzip-r2-e6-fast-k4-full-20260829-w1-fast-b64-r1\decoded\32KiB\webster.decoded""","0","0","2026-08-29T14:45:08.3791852+08:00","COMPLETE","PASS","fast-ext=1","Complete R2 archive size; SHA-256 byte-exact roundtrip verified."
"e6-fast","fast","64","1","False","1","1","4","0","00010000","1025B343","4B1AC26C40AD4DA50312FD3B694D7E636FB768C2336FE773BC82D36424C27A4B","0:1,39:1,43:2","1","9875000","9875000","9868700","9868700","9875000","9868700","hybridzip-r2-e6-fast-k4-full-20260829-w1-fast-b64-r1","r2-fast","1","29","webster","64","inputs/64KiB/webster.bin","65536","262258811321382F9E4F44D2184B6B7FED0336CF831446D8336C47D6CCC2B32E","archives/64KiB/webster.hz2","24456","DF9AE92B3F0139C0C8CE26F98F951EDB802A638026539DB8A99D97C78FC72639","decoded/64KiB/webster.decoded","65536","262258811321382F9E4F44D2184B6B7FED0336CF831446D8336C47D6CCC2B32E","0.0619607","0.0664545","5.47265625","2.02734375","5.47265625","74FF260A939B01673667723D8351AAEDB679339610009ECB23C70E373B862D9F","profile_id=2;mode=fast;block_size=65536;zstd_level=3;lzma_level=9;threads=1;process_timeout_seconds=1800","""E:\MIXER\hybridzip\build\Release\hybridzip.exe"" c --profile=r2 --r2-mode=fast --block-size=65536 --zstd-level=3 --threads=1 ""E:\MIXER\hybridzip\results\experiments\hybridzip-r2-e6-fast-k4-full-20260829-w1\children\hybridzip-r2-e6-fast-k4-full-20260829-w1-fast-b64-r1\inputs\64KiB\webster.bin"" ""E:\MIXER\hybridzip\results\experiments\hybridzip-r2-e6-fast-k4-full-20260829-w1\children\hybridzip-r2-e6-fast-k4-full-20260829-w1-fast-b64-r1\archives\64KiB\webster.hz2""","""E:\MIXER\hybridzip\build\Release\hybridzip.exe"" d ""E:\MIXER\hybridzip\results\experiments\hybridzip-r2-e6-fast-k4-full-20260829-w1\children\hybridzip-r2-e6-fast-k4-full-20260829-w1-fast-b64-r1\archives\64KiB\webster.hz2"" ""E:\MIXER\hybridzip\results\experiments\hybridzip-r2-e6-fast-k4-full-20260829-w1\children\hybridzip-r2-e6-fast-k4-full-20260829-w1-fast-b64-r1\decoded\64KiB\webster.decoded""","0","0","2026-08-29T14:45:08.6027299+08:00","COMPLETE","PASS","fast-ext=1","Complete R2 archive size; SHA-256 byte-exact roundtrip verified."
"e6-fast","fast","64","1","False","1","1","8","0","00010000","1025B343","4B1AC26C40AD4DA50312FD3B694D7E636FB768C2336FE773BC82D36424C27A4B","0:2,39:2,43:4","2","9849800","19072200","9756500","9843300","9849800,19072200","9843300,9756500","hybridzip-r2-e6-fast-k4-full-20260829-w1-fast-b64-r1","r2-fast","1","30","webster","128","inputs/128KiB/webster.bin","131072","C069C1FDCA99BC5C44F06D134CD0CDA60315DD631AA6564733B2CE0E6D59305C","archives/128KiB/webster.hz2","45964","6F2A124D0145DDE29BD09D41903254A267421F69B5B7A4418B08D6BF0C7F0F37","decoded/128KiB/webster.decoded","131072","C069C1FDCA99BC5C44F06D134CD0CDA60315DD631AA6564733B2CE0E6D59305C","0.0744873","0.0554053","5.52734375","2.02734375","5.52734375","74FF260A939B01673667723D8351AAEDB679339610009ECB23C70E373B862D9F","profile_id=2;mode=fast;block_size=65536;zstd_level=3;lzma_level=9;threads=1;process_timeout_seconds=1800","""E:\MIXER\hybridzip\build\Release\hybridzip.exe"" c --profile=r2 --r2-mode=fast --block-size=65536 --zstd-level=3 --threads=1 ""E:\MIXER\hybridzip\results\experiments\hybridzip-r2-e6-fast-k4-full-20260829-w1\children\hybridzip-r2-e6-fast-k4-full-20260829-w1-fast-b64-r1\inputs\128KiB\webster.bin"" ""E:\MIXER\hybridzip\results\experiments\hybridzip-r2-e6-fast-k4-full-20260829-w1\children\hybridzip-r2-e6-fast-k4-full-20260829-w1-fast-b64-r1\archives\128KiB\webster.hz2""","""E:\MIXER\hybridzip\build\Release\hybridzip.exe"" d ""E:\MIXER\hybridzip\results\experiments\hybridzip-r2-e6-fast-k4-full-20260829-w1\children\hybridzip-r2-e6-fast-k4-full-20260829-w1-fast-b64-r1\archives\128KiB\webster.hz2"" ""E:\MIXER\hybridzip\results\experiments\hybridzip-r2-e6-fast-k4-full-20260829-w1\children\hybridzip-r2-e6-fast-k4-full-20260829-w1-fast-b64-r1\decoded\128KiB\webster.decoded""","0","0","2026-08-29T14:45:08.8385115+08:00","COMPLETE","PASS","fast-ext=2","Complete R2 archive size; SHA-256 byte-exact roundtrip verified."
"e6-fast","fast","64","1","False","1","1","4","0","00010000","1025B343","4B1AC26C40AD4DA50312FD3B694D7E636FB768C2336FE773BC82D36424C27A4B","0:1,39:1,43:2","1","4964200","4964200","4873200","4873200","4964200","4873200","hybridzip-r2-e6-fast-k4-full-20260829-w1-fast-b64-r1","r2-fast","1","31","x-ray","32","inputs/32KiB/x-ray.bin","32768","10511AA63DFBD9C0DDBFEFE36068740103D4BA1116E214154A0772057D7E9314","archives/32KiB/x-ray.hz2","18333","B4A7844748A29B1EF0D82586E1926EB57D1EBBF5F368B95BB696CEAC417F4C92","decoded/32KiB/x-ray.decoded","32768","10511AA63DFBD9C0DDBFEFE36068740103D4BA1116E214154A0772057D7E9314","0.0651254","0.0678271","2.02734375","2.02734375","2.02734375","74FF260A939B01673667723D8351AAEDB679339610009ECB23C70E373B862D9F","profile_id=2;mode=fast;block_size=65536;zstd_level=3;lzma_level=9;threads=1;process_timeout_seconds=1800","""E:\MIXER\hybridzip\build\Release\hybridzip.exe"" c --profile=r2 --r2-mode=fast --block-size=65536 --zstd-level=3 --threads=1 ""E:\MIXER\hybridzip\results\experiments\hybridzip-r2-e6-fast-k4-full-20260829-w1\children\hybridzip-r2-e6-fast-k4-full-20260829-w1-fast-b64-r1\inputs\32KiB\x-ray.bin"" ""E:\MIXER\hybridzip\results\experiments\hybridzip-r2-e6-fast-k4-full-20260829-w1\children\hybridzip-r2-e6-fast-k4-full-20260829-w1-fast-b64-r1\archives\32KiB\x-ray.hz2""","""E:\MIXER\hybridzip\build\Release\hybridzip.exe"" d ""E:\MIXER\hybridzip\results\experiments\hybridzip-r2-e6-fast-k4-full-20260829-w1\children\hybridzip-r2-e6-fast-k4-full-20260829-w1-fast-b64-r1\archives\32KiB\x-ray.hz2"" ""E:\MIXER\hybridzip\results\experiments\hybridzip-r2-e6-fast-k4-full-20260829-w1\children\hybridzip-r2-e6-fast-k4-full-20260829-w1-fast-b64-r1\decoded\32KiB\x-ray.decoded""","0","0","2026-08-29T14:45:09.0732439+08:00","COMPLETE","PASS","fast-ext=1","Complete R2 archive size; SHA-256 byte-exact roundtrip verified."
"e6-fast","fast","64","1","False","1","1","4","0","00010000","1025B343","4B1AC26C40AD4DA50312FD3B694D7E636FB768C2336FE773BC82D36424C27A4B","0:1,39:1,43:2","1","8501100","8501100","8493900","8493900","8501100","8493900","hybridzip-r2-e6-fast-k4-full-20260829-w1-fast-b64-r1","r2-fast","1","32","x-ray","64","inputs/64KiB/x-ray.bin","65536","B5A07146616BCD7C2D10071D41E07D204DE0AC629C4CA37D8E867FF00574D0D8","archives/64KiB/x-ray.hz2","36457","25970C2133FDBF8EA29AE0C1F09288C323FC418F74483BDEF3C7700AFD6E88AF","decoded/64KiB/x-ray.decoded","65536","B5A07146616BCD7C2D10071D41E07D204DE0AC629C4CA37D8E867FF00574D0D8","0.064179","0.0545757","5.46484375","2.02734375","5.46484375","74FF260A939B01673667723D8351AAEDB679339610009ECB23C70E373B862D9F","profile_id=2;mode=fast;block_size=65536;zstd_level=3;lzma_level=9;threads=1;process_timeout_seconds=1800","""E:\MIXER\hybridzip\build\Release\hybridzip.exe"" c --profile=r2 --r2-mode=fast --block-size=65536 --zstd-level=3 --threads=1 ""E:\MIXER\hybridzip\results\experiments\hybridzip-r2-e6-fast-k4-full-20260829-w1\children\hybridzip-r2-e6-fast-k4-full-20260829-w1-fast-b64-r1\inputs\64KiB\x-ray.bin"" ""E:\MIXER\hybridzip\results\experiments\hybridzip-r2-e6-fast-k4-full-20260829-w1\children\hybridzip-r2-e6-fast-k4-full-20260829-w1-fast-b64-r1\archives\64KiB\x-ray.hz2""","""E:\MIXER\hybridzip\build\Release\hybridzip.exe"" d ""E:\MIXER\hybridzip\results\experiments\hybridzip-r2-e6-fast-k4-full-20260829-w1\children\hybridzip-r2-e6-fast-k4-full-20260829-w1-fast-b64-r1\archives\64KiB\x-ray.hz2"" ""E:\MIXER\hybridzip\results\experiments\hybridzip-r2-e6-fast-k4-full-20260829-w1\children\hybridzip-r2-e6-fast-k4-full-20260829-w1-fast-b64-r1\decoded\64KiB\x-ray.decoded""","0","0","2026-08-29T14:45:09.3055249+08:00","COMPLETE","PASS","fast-ext=1","Complete R2 archive size; SHA-256 byte-exact roundtrip verified."
"e6-fast","fast","64","1","False","1","1","8","0","00010000","1025B343","4B1AC26C40AD4DA50312FD3B694D7E636FB768C2336FE773BC82D36424C27A4B","0:2,39:2,43:4","2","8077800","15849400","8046700","8318000","8077800,15849400","8046700,8318000","hybridzip-r2-e6-fast-k4-full-20260829-w1-fast-b64-r1","r2-fast","1","33","x-ray","128","inputs/128KiB/x-ray.bin","131072","7A65B793FB2A694C20686275A899B304445473528F7C998BE26F8C68EB18F76E","archives/128KiB/x-ray.hz2","72933","419EB59B7D0C641C021AD6CCBC128171043C2035629EA1FAF7581602EC68B895","decoded/128KiB/x-ray.decoded","131072","7A65B793FB2A694C20686275A899B304445473528F7C998BE26F8C68EB18F76E","0.0704089","0.0636479","5.5546875","2.02734375","5.5546875","74FF260A939B01673667723D8351AAEDB679339610009ECB23C70E373B862D9F","profile_id=2;mode=fast;block_size=65536;zstd_level=3;lzma_level=9;threads=1;process_timeout_seconds=1800","""E:\MIXER\hybridzip\build\Release\hybridzip.exe"" c --profile=r2 --r2-mode=fast --block-size=65536 --zstd-level=3 --threads=1 ""E:\MIXER\hybridzip\results\experiments\hybridzip-r2-e6-fast-k4-full-20260829-w1\children\hybridzip-r2-e6-fast-k4-full-20260829-w1-fast-b64-r1\inputs\128KiB\x-ray.bin"" ""E:\MIXER\hybridzip\results\experiments\hybridzip-r2-e6-fast-k4-full-20260829-w1\children\hybridzip-r2-e6-fast-k4-full-20260829-w1-fast-b64-r1\archives\128KiB\x-ray.hz2""","""E:\MIXER\hybridzip\build\Release\hybridzip.exe"" d ""E:\MIXER\hybridzip\results\experiments\hybridzip-r2-e6-fast-k4-full-20260829-w1\children\hybridzip-r2-e6-fast-k4-full-20260829-w1-fast-b64-r1\archives\128KiB\x-ray.hz2"" ""E:\MIXER\hybridzip\results\experiments\hybridzip-r2-e6-fast-k4-full-20260829-w1\children\hybridzip-r2-e6-fast-k4-full-20260829-w1-fast-b64-r1\decoded\128KiB\x-ray.decoded""","0","0","2026-08-29T14:45:09.5291234+08:00","COMPLETE","PASS","fast-ext=2","Complete R2 archive size; SHA-256 byte-exact roundtrip verified."
"e6-fast","fast","64","1","False","1","1","4","0","00010000","1025B343","4B1AC26C40AD4DA50312FD3B694D7E636FB768C2336FE773BC82D36424C27A4B","0:1,39:1,43:2","1","4743900","4743900","4737000","4737000","4743900","4737000","hybridzip-r2-e6-fast-k4-full-20260829-w1-fast-b64-r1","r2-fast","1","34","xml","32","inputs/32KiB/xml.bin","32768","C2F7F129956F8D6FC3D0E3595D93F98D5270B6F5BC4AB5E70F45867822EFDD71","archives/32KiB/xml.hz2","3482","8C9BD52FD7C2E40A739B63126D6CF03C78190C99630D947151C0CAA7694FD49E","decoded/32KiB/xml.decoded","32768","C2F7F129956F8D6FC3D0E3595D93F98D5270B6F5BC4AB5E70F45867822EFDD71","0.0640264","0.0530511","2.1875","4.15625","4.15625","74FF260A939B01673667723D8351AAEDB679339610009ECB23C70E373B862D9F","profile_id=2;mode=fast;block_size=65536;zstd_level=3;lzma_level=9;threads=1;process_timeout_seconds=1800","""E:\MIXER\hybridzip\build\Release\hybridzip.exe"" c --profile=r2 --r2-mode=fast --block-size=65536 --zstd-level=3 --threads=1 ""E:\MIXER\hybridzip\results\experiments\hybridzip-r2-e6-fast-k4-full-20260829-w1\children\hybridzip-r2-e6-fast-k4-full-20260829-w1-fast-b64-r1\inputs\32KiB\xml.bin"" ""E:\MIXER\hybridzip\results\experiments\hybridzip-r2-e6-fast-k4-full-20260829-w1\children\hybridzip-r2-e6-fast-k4-full-20260829-w1-fast-b64-r1\archives\32KiB\xml.hz2""","""E:\MIXER\hybridzip\build\Release\hybridzip.exe"" d ""E:\MIXER\hybridzip\results\experiments\hybridzip-r2-e6-fast-k4-full-20260829-w1\children\hybridzip-r2-e6-fast-k4-full-20260829-w1-fast-b64-r1\archives\32KiB\xml.hz2"" ""E:\MIXER\hybridzip\results\experiments\hybridzip-r2-e6-fast-k4-full-20260829-w1\children\hybridzip-r2-e6-fast-k4-full-20260829-w1-fast-b64-r1\decoded\32KiB\xml.decoded""","0","0","2026-08-29T14:45:09.7565626+08:00","COMPLETE","PASS","fast-ext=1","Complete R2 archive size; SHA-256 byte-exact roundtrip verified."
"e6-fast","fast","64","1","False","1","1","4","0","00010000","1025B343","4B1AC26C40AD4DA50312FD3B694D7E636FB768C2336FE773BC82D36424C27A4B","0:1,39:1,43:2","1","7186400","7186400","7179200","7179200","7186400","7179200","hybridzip-r2-e6-fast-k4-full-20260829-w1-fast-b64-r1","r2-fast","1","35","xml","64","inputs/64KiB/xml.bin","65536","E32AFF2BEBF00105A17DD57F5490C1986D17543CEE837B42EB56B3E0E6F8E7F1","archives/64KiB/xml.hz2","6162","C0DCC2B203F83E53DE5A6CF1148008CB1855E294F70DA0A47341E84F5CE5722D","decoded/64KiB/xml.decoded","65536","E32AFF2BEBF00105A17DD57F5490C1986D17543CEE837B42EB56B3E0E6F8E7F1","0.0649074","0.0487394","3.0234375","2.02734375","3.0234375","74FF260A939B01673667723D8351AAEDB679339610009ECB23C70E373B862D9F","profile_id=2;mode=fast;block_size=65536;zstd_level=3;lzma_level=9;threads=1;process_timeout_seconds=1800","""E:\MIXER\hybridzip\build\Release\hybridzip.exe"" c --profile=r2 --r2-mode=fast --block-size=65536 --zstd-level=3 --threads=1 ""E:\MIXER\hybridzip\results\experiments\hybridzip-r2-e6-fast-k4-full-20260829-w1\children\hybridzip-r2-e6-fast-k4-full-20260829-w1-fast-b64-r1\inputs\64KiB\xml.bin"" ""E:\MIXER\hybridzip\results\experiments\hybridzip-r2-e6-fast-k4-full-20260829-w1\children\hybridzip-r2-e6-fast-k4-full-20260829-w1-fast-b64-r1\archives\64KiB\xml.hz2""","""E:\MIXER\hybridzip\build\Release\hybridzip.exe"" d ""E:\MIXER\hybridzip\results\experiments\hybridzip-r2-e6-fast-k4-full-20260829-w1\children\hybridzip-r2-e6-fast-k4-full-20260829-w1-fast-b64-r1\archives\64KiB\xml.hz2"" ""E:\MIXER\hybridzip\results\experiments\hybridzip-r2-e6-fast-k4-full-20260829-w1\children\hybridzip-r2-e6-fast-k4-full-20260829-w1-fast-b64-r1\decoded\64KiB\xml.decoded""","0","0","2026-08-29T14:45:09.9750676+08:00","COMPLETE","PASS","fast-ext=1","Complete R2 archive size; SHA-256 byte-exact roundtrip verified."
"e6-fast","fast","64","1","False","1","1","8","0","00010000","1025B343","4B1AC26C40AD4DA50312FD3B694D7E636FB768C2336FE773BC82D36424C27A4B","0:2,39:2,43:4","2","7301900","14266100","7294500","7474200","7301900,14266100","7294500,7474200","hybridzip-r2-e6-fast-k4-full-20260829-w1-fast-b64-r1","r2-fast","1","36","xml","128","inputs/128KiB/xml.bin","131072","5FA29C746885F2EEB98734218475915A78092CCB3B0F68B08861EE210E5B6E25","archives/128KiB/xml.hz2","12620","7AFE4DDD24D70376E1C702AD9E06D8A7CEAFCF20135599A3C119EBEC0760AE32","decoded/128KiB/xml.decoded","131072","5FA29C746885F2EEB98734218475915A78092CCB3B0F68B08861EE210E5B6E25","0.078042","0.0558628","5.50390625","2.02734375","5.50390625","74FF260A939B01673667723D8351AAEDB679339610009ECB23C70E373B862D9F","profile_id=2;mode=fast;block_size=65536;zstd_level=3;lzma_level=9;threads=1;process_timeout_seconds=1800","""E:\MIXER\hybridzip\build\Release\hybridzip.exe"" c --profile=r2 --r2-mode=fast --block-size=65536 --zstd-level=3 --threads=1 ""E:\MIXER\hybridzip\results\experiments\hybridzip-r2-e6-fast-k4-full-20260829-w1\children\hybridzip-r2-e6-fast-k4-full-20260829-w1-fast-b64-r1\inputs\128KiB\xml.bin"" ""E:\MIXER\hybridzip\results\experiments\hybridzip-r2-e6-fast-k4-full-20260829-w1\children\hybridzip-r2-e6-fast-k4-full-20260829-w1-fast-b64-r1\archives\128KiB\xml.hz2""","""E:\MIXER\hybridzip\build\Release\hybridzip.exe"" d ""E:\MIXER\hybridzip\results\experiments\hybridzip-r2-e6-fast-k4-full-20260829-w1\children\hybridzip-r2-e6-fast-k4-full-20260829-w1-fast-b64-r1\archives\128KiB\xml.hz2"" ""E:\MIXER\hybridzip\results\experiments\hybridzip-r2-e6-fast-k4-full-20260829-w1\children\hybridzip-r2-e6-fast-k4-full-20260829-w1-fast-b64-r1\decoded\128KiB\xml.decoded""","0","0","2026-08-29T14:45:10.1902348+08:00","COMPLETE","PASS","fast-ext=2","Complete R2 archive size; SHA-256 byte-exact roundtrip verified."
"e6-fast","fast","64","2","False","1","1","4","0","00010000","1025B343","4B1AC26C40AD4DA50312FD3B694D7E636FB768C2336FE773BC82D36424C27A4B","0:1,39:1,43:2","1","6696400","6696400","6250400","6250400","6696400","6250400","hybridzip-r2-e6-fast-k4-full-20260829-w1-fast-b64-r2","r2-fast","1","1","dickens","32","inputs/32KiB/dickens.bin","32768","FC42DCB9849222C8704C9DCAE606D075B389B66244FB215035148D6409EC0B31","archives/32KiB/dickens.hz2","14204","9D5DD3F72E5BBDFF1F29111E5023181AE160FF4D4FFDE86997DAC78EB7BDA1D2","decoded/32KiB/dickens.decoded","32768","FC42DCB9849222C8704C9DCAE606D075B389B66244FB215035148D6409EC0B31","0.0557512","0.0485161","5.25390625","2.90625","5.25390625","74FF260A939B01673667723D8351AAEDB679339610009ECB23C70E373B862D9F","profile_id=2;mode=fast;block_size=65536;zstd_level=3;lzma_level=9;threads=1;process_timeout_seconds=1800","""E:\MIXER\hybridzip\build\Release\hybridzip.exe"" c --profile=r2 --r2-mode=fast --block-size=65536 --zstd-level=3 --threads=1 ""E:\MIXER\hybridzip\results\experiments\hybridzip-r2-e6-fast-k4-full-20260829-w1\children\hybridzip-r2-e6-fast-k4-full-20260829-w1-fast-b64-r2\inputs\32KiB\dickens.bin"" ""E:\MIXER\hybridzip\results\experiments\hybridzip-r2-e6-fast-k4-full-20260829-w1\children\hybridzip-r2-e6-fast-k4-full-20260829-w1-fast-b64-r2\archives\32KiB\dickens.hz2""","""E:\MIXER\hybridzip\build\Release\hybridzip.exe"" d ""E:\MIXER\hybridzip\results\experiments\hybridzip-r2-e6-fast-k4-full-20260829-w1\children\hybridzip-r2-e6-fast-k4-full-20260829-w1-fast-b64-r2\archives\32KiB\dickens.hz2"" ""E:\MIXER\hybridzip\results\experiments\hybridzip-r2-e6-fast-k4-full-20260829-w1\children\hybridzip-r2-e6-fast-k4-full-20260829-w1-fast-b64-r2\decoded\32KiB\dickens.decoded""","0","0","2026-08-29T14:45:11.6980097+08:00","COMPLETE","PASS","fast-ext=1","Complete R2 archive size; SHA-256 byte-exact roundtrip verified."
"e6-fast","fast","64","2","False","1","1","4","0","00010000","1025B343","4B1AC26C40AD4DA50312FD3B694D7E636FB768C2336FE773BC82D36424C27A4B","0:1,39:1,43:2","1","10846900","10846900","10840900","10840900","10846900","10840900","hybridzip-r2-e6-fast-k4-full-20260829-w1-fast-b64-r2","r2-fast","1","2","dickens","64","inputs/64KiB/dickens.bin","65536","134AD989A7B8B40C900A3B9C0F4895317DFD827D9E6E933895B08D2F4A8A8293","archives/64KiB/dickens.hz2","27191","565621A47F272DFFF89390990EFD98364D7FA98CC250207A325D8423777F9510","decoded/64KiB/dickens.decoded","65536","134AD989A7B8B40C900A3B9C0F4895317DFD827D9E6E933895B08D2F4A8A8293","0.0750697","0.0490954","5.48046875","4.29296875","5.48046875","74FF260A939B01673667723D8351AAEDB679339610009ECB23C70E373B862D9F","profile_id=2;mode=fast;block_size=65536;zstd_level=3;lzma_level=9;threads=1;process_timeout_seconds=1800","""E:\MIXER\hybridzip\build\Release\hybridzip.exe"" c --profile=r2 --r2-mode=fast --block-size=65536 --zstd-level=3 --threads=1 ""E:\MIXER\hybridzip\results\experiments\hybridzip-r2-e6-fast-k4-full-20260829-w1\children\hybridzip-r2-e6-fast-k4-full-20260829-w1-fast-b64-r2\inputs\64KiB\dickens.bin"" ""E:\MIXER\hybridzip\results\experiments\hybridzip-r2-e6-fast-k4-full-20260829-w1\children\hybridzip-r2-e6-fast-k4-full-20260829-w1-fast-b64-r2\archives\64KiB\dickens.hz2""","""E:\MIXER\hybridzip\build\Release\hybridzip.exe"" d ""E:\MIXER\hybridzip\results\experiments\hybridzip-r2-e6-fast-k4-full-20260829-w1\children\hybridzip-r2-e6-fast-k4-full-20260829-w1-fast-b64-r2\archives\64KiB\dickens.hz2"" ""E:\MIXER\hybridzip\results\experiments\hybridzip-r2-e6-fast-k4-full-20260829-w1\children\hybridzip-r2-e6-fast-k4-full-20260829-w1-fast-b64-r2\decoded\64KiB\dickens.decoded""","0","0","2026-08-29T14:45:11.8593047+08:00","COMPLETE","PASS","fast-ext=1","Complete R2 archive size; SHA-256 byte-exact roundtrip verified."
"e6-fast","fast","64","2","False","1","1","8","0","00010000","1025B343","4B1AC26C40AD4DA50312FD3B694D7E636FB768C2336FE773BC82D36424C27A4B","0:2,39:2,43:4","2","11946300","23342000","11938200","11949400","11946300,23342000","11938200,11949400","hybridzip-r2-e6-fast-k4-full-20260829-w1-fast-b64-r2","r2-fast","1","3","dickens","128","inputs/128KiB/dickens.bin","131072","20E33FCC8FAA96DC32A2D0921115C0F363E64C598A5847CE1A3876E356D59872","archives/128KiB/dickens.hz2","53617","186743C9B3840705B35B147D9292461151EBB5F4E68613D98A88312020CEABA6","decoded/128KiB/dickens.decoded","131072","20E33FCC8FAA96DC32A2D0921115C0F363E64C598A5847CE1A3876E356D59872","0.0857665","0.0966254","5.52734375","2.0234375","5.52734375","74FF260A939B01673667723D8351AAEDB679339610009ECB23C70E373B862D9F","profile_id=2;mode=fast;block_size=65536;zstd_level=3;lzma_level=9;threads=1;process_timeout_seconds=1800","""E:\MIXER\hybridzip\build\Release\hybridzip.exe"" c --profile=r2 --r2-mode=fast --block-size=65536 --zstd-level=3 --threads=1 ""E:\MIXER\hybridzip\results\experiments\hybridzip-r2-e6-fast-k4-full-20260829-w1\children\hybridzip-r2-e6-fast-k4-full-20260829-w1-fast-b64-r2\inputs\128KiB\dickens.bin"" ""E:\MIXER\hybridzip\results\experiments\hybridzip-r2-e6-fast-k4-full-20260829-w1\children\hybridzip-r2-e6-fast-k4-full-20260829-w1-fast-b64-r2\archives\128KiB\dickens.hz2""","""E:\MIXER\hybridzip\build\Release\hybridzip.exe"" d ""E:\MIXER\hybridzip\results\experiments\hybridzip-r2-e6-fast-k4-full-20260829-w1\children\hybridzip-r2-e6-fast-k4-full-20260829-w1-fast-b64-r2\archives\128KiB\dickens.hz2"" ""E:\MIXER\hybridzip\results\experiments\hybridzip-r2-e6-fast-k4-full-20260829-w1\children\hybridzip-r2-e6-fast-k4-full-20260829-w1-fast-b64-r2\decoded\128KiB\dickens.decoded""","0","0","2026-08-29T14:45:12.0522694+08:00","COMPLETE","PASS","fast-ext=2","Complete R2 archive size; SHA-256 byte-exact roundtrip verified."
"e6-fast","fast","64","2","False","1","1","4","0","00010000","1025B343","4B1AC26C40AD4DA50312FD3B694D7E636FB768C2336FE773BC82D36424C27A4B","0:1,39:1,43:2","1","7968700","7968700","7921700","7921700","7968700","7921700","hybridzip-r2-e6-fast-k4-full-20260829-w1-fast-b64-r2","r2-fast","1","4","mozilla","32","inputs/32KiB/mozilla.bin","32768","9DDEEF36CA0CA55B72FE3376D005926DFF3400A2ADE6EAE18482D8017D8645DB","archives/32KiB/mozilla.hz2","11271","77B240ED52BB826621AD3CFEEAF32B0880894AE814EA879188AFC0190ABD83BF","decoded/32KiB/mozilla.decoded","32768","9DDEEF36CA0CA55B72FE3376D005926DFF3400A2ADE6EAE18482D8017D8645DB","0.0675522","0.0621098","2.02734375","2.02734375","2.02734375","74FF260A939B01673667723D8351AAEDB679339610009ECB23C70E373B862D9F","profile_id=2;mode=fast;block_size=65536;zstd_level=3;lzma_level=9;threads=1;process_timeout_seconds=1800","""E:\MIXER\hybridzip\build\Release\hybridzip.exe"" c --profile=r2 --r2-mode=fast --block-size=65536 --zstd-level=3 --threads=1 ""E:\MIXER\hybridzip\results\experiments\hybridzip-r2-e6-fast-k4-full-20260829-w1\children\hybridzip-r2-e6-fast-k4-full-20260829-w1-fast-b64-r2\inputs\32KiB\mozilla.bin"" ""E:\MIXER\hybridzip\results\experiments\hybridzip-r2-e6-fast-k4-full-20260829-w1\children\hybridzip-r2-e6-fast-k4-full-20260829-w1-fast-b64-r2\archives\32KiB\mozilla.hz2""","""E:\MIXER\hybridzip\build\Release\hybridzip.exe"" d ""E:\MIXER\hybridzip\results\experiments\hybridzip-r2-e6-fast-k4-full-20260829-w1\children\hybridzip-r2-e6-fast-k4-full-20260829-w1-fast-b64-r2\archives\32KiB\mozilla.hz2"" ""E:\MIXER\hybridzip\results\experiments\hybridzip-r2-e6-fast-k4-full-20260829-w1\children\hybridzip-r2-e6-fast-k4-full-20260829-w1-fast-b64-r2\decoded\32KiB\mozilla.decoded""","0","0","2026-08-29T14:45:12.3206237+08:00","COMPLETE","PASS","fast-ext=1","Complete R2 archive size; SHA-256 byte-exact roundtrip verified."
"e6-fast","fast","64","2","False","1","1","4","0","00010000","1025B343","4B1AC26C40AD4DA50312FD3B694D7E636FB768C2336FE773BC82D36424C27A4B","0:1,39:1,43:2","1","13976300","13976300","13968600","13968600","13976300","13968600","hybridzip-r2-e6-fast-k4-full-20260829-w1-fast-b64-r2","r2-fast","1","5","mozilla","64","inputs/64KiB/mozilla.bin","65536","B0050240663F54371D372303EEABA0A59AB0758BCD565F4F639D06561E6BC996","archives/64KiB/mozilla.hz2","15984","C2CD5BA868B50D0568DCCDF8DBCDC3A1FD17033AE420AB77FEC963E4E6A1BB93","decoded/64KiB/mozilla.decoded","65536","B0050240663F54371D372303EEABA0A59AB0758BCD565F4F639D06561E6BC996","0.0676852","0.0622834","3.95703125","2.02734375","3.95703125","74FF260A939B01673667723D8351AAEDB679339610009ECB23C70E373B862D9F","profile_id=2;mode=fast;block_size=65536;zstd_level=3;lzma_level=9;threads=1;process_timeout_seconds=1800","""E:\MIXER\hybridzip\build\Release\hybridzip.exe"" c --profile=r2 --r2-mode=fast --block-size=65536 --zstd-level=3 --threads=1 ""E:\MIXER\hybridzip\results\experiments\hybridzip-r2-e6-fast-k4-full-20260829-w1\children\hybridzip-r2-e6-fast-k4-full-20260829-w1-fast-b64-r2\inputs\64KiB\mozilla.bin"" ""E:\MIXER\hybridzip\results\experiments\hybridzip-r2-e6-fast-k4-full-20260829-w1\children\hybridzip-r2-e6-fast-k4-full-20260829-w1-fast-b64-r2\archives\64KiB\mozilla.hz2""","""E:\MIXER\hybridzip\build\Release\hybridzip.exe"" d ""E:\MIXER\hybridzip\results\experiments\hybridzip-r2-e6-fast-k4-full-20260829-w1\children\hybridzip-r2-e6-fast-k4-full-20260829-w1-fast-b64-r2\archives\64KiB\mozilla.hz2"" ""E:\MIXER\hybridzip\results\experiments\hybridzip-r2-e6-fast-k4-full-20260829-w1\children\hybridzip-r2-e6-fast-k4-full-20260829-w1-fast-b64-r2\decoded\64KiB\mozilla.decoded""","0","0","2026-08-29T14:45:12.5227641+08:00","COMPLETE","PASS","fast-ext=1","Complete R2 archive size; SHA-256 byte-exact roundtrip verified."
"e6-fast","fast","64","2","False","1","1","8","0","00010000","1025B343","4B1AC26C40AD4DA50312FD3B694D7E636FB768C2336FE773BC82D36424C27A4B","0:2,39:2,43:4","2","12756600","22642700","10380500","12750500","12756600,22642700","12750500,10380500","hybridzip-r2-e6-fast-k4-full-20260829-w1-fast-b64-r2","r2-fast","1","6","mozilla","128","inputs/128KiB/mozilla.bin","131072","85CDBEA98382DB12E9A21FF90E1907452712D074000A6B855D2CA215FA591EB4","archives/128KiB/mozilla.hz2","24000","14353AC849C6E8AE37013AC4205841A71F93B6AACF1B9E9B7F10DC4A1B917701","decoded/128KiB/mozilla.decoded","131072","85CDBEA98382DB12E9A21FF90E1907452712D074000A6B855D2CA215FA591EB4","0.0811825","0.0473486","5.51171875","2.078125","5.51171875","74FF260A939B01673667723D8351AAEDB679339610009ECB23C70E373B862D9F","profile_id=2;mode=fast;block_size=65536;zstd_level=3;lzma_level=9;threads=1;process_timeout_seconds=1800","""E:\MIXER\hybridzip\build\Release\hybridzip.exe"" c --profile=r2 --r2-mode=fast --block-size=65536 --zstd-level=3 --threads=1 ""E:\MIXER\hybridzip\results\experiments\hybridzip-r2-e6-fast-k4-full-20260829-w1\children\hybridzip-r2-e6-fast-k4-full-20260829-w1-fast-b64-r2\inputs\128KiB\mozilla.bin"" ""E:\MIXER\hybridzip\results\experiments\hybridzip-r2-e6-fast-k4-full-20260829-w1\children\hybridzip-r2-e6-fast-k4-full-20260829-w1-fast-b64-r2\archives\128KiB\mozilla.hz2""","""E:\MIXER\hybridzip\build\Release\hybridzip.exe"" d ""E:\MIXER\hybridzip\results\experiments\hybridzip-r2-e6-fast-k4-full-20260829-w1\children\hybridzip-r2-e6-fast-k4-full-20260829-w1-fast-b64-r2\archives\128KiB\mozilla.hz2"" ""E:\MIXER\hybridzip\results\experiments\hybridzip-r2-e6-fast-k4-full-20260829-w1\children\hybridzip-r2-e6-fast-k4-full-20260829-w1-fast-b64-r2\decoded\128KiB\mozilla.decoded""","0","0","2026-08-29T14:45:12.7257373+08:00","COMPLETE","PASS","fast-ext=2","Complete R2 archive size; SHA-256 byte-exact roundtrip verified."
"e6-fast","fast","64","2","False","1","1","4","0","00010000","1025B343","4B1AC26C40AD4DA50312FD3B694D7E636FB768C2336FE773BC82D36424C27A4B","0:1,39:1,43:2","1","7658500","7658500","7480500","7480500","7658500","7480500","hybridzip-r2-e6-fast-k4-full-20260829-w1-fast-b64-r2","r2-fast","1","7","mr","32","inputs/32KiB/mr.bin","32768","3BB287B0AF65F777AB00C14E362B4D1962087260556001BBEE0689AA10D9F76A","archives/32KiB/mr.hz2","8048","26097D8AA55017CBC238A4467A3257B4D648B1E533474321E04DF3C3D439A659","decoded/32KiB/mr.decoded","32768","3BB287B0AF65F777AB00C14E362B4D1962087260556001BBEE0689AA10D9F76A","0.0544816","0.0420098","5.23828125","2.02734375","5.23828125","74FF260A939B01673667723D8351AAEDB679339610009ECB23C70E373B862D9F","profile_id=2;mode=fast;block_size=65536;zstd_level=3;lzma_level=9;threads=1;process_timeout_seconds=1800","""E:\MIXER\hybridzip\build\Release\hybridzip.exe"" c --profile=r2 --r2-mode=fast --block-size=65536 --zstd-level=3 --threads=1 ""E:\MIXER\hybridzip\results\experiments\hybridzip-r2-e6-fast-k4-full-20260829-w1\children\hybridzip-r2-e6-fast-k4-full-20260829-w1-fast-b64-r2\inputs\32KiB\mr.bin"" ""E:\MIXER\hybridzip\results\experiments\hybridzip-r2-e6-fast-k4-full-20260829-w1\children\hybridzip-r2-e6-fast-k4-full-20260829-w1-fast-b64-r2\archives\32KiB\mr.hz2""","""E:\MIXER\hybridzip\build\Release\hybridzip.exe"" d ""E:\MIXER\hybridzip\results\experiments\hybridzip-r2-e6-fast-k4-full-20260829-w1\children\hybridzip-r2-e6-fast-k4-full-20260829-w1-fast-b64-r2\archives\32KiB\mr.hz2"" ""E:\MIXER\hybridzip\results\experiments\hybridzip-r2-e6-fast-k4-full-20260829-w1\children\hybridzip-r2-e6-fast-k4-full-20260829-w1-fast-b64-r2\decoded\32KiB\mr.decoded""","0","0","2026-08-29T14:45:12.9235209+08:00","COMPLETE","PASS","fast-ext=1","Complete R2 archive size; SHA-256 byte-exact roundtrip verified."
"e6-fast","fast","64","2","False","1","1","4","0","00010000","1025B343","4B1AC26C40AD4DA50312FD3B694D7E636FB768C2336FE773BC82D36424C27A4B","0:1,39:1,43:2","1","15771800","15771800","15764200","15764200","15771800","15764200","hybridzip-r2-e6-fast-k4-full-20260829-w1-fast-b64-r2","r2-fast","1","8","mr","64","inputs/64KiB/mr.bin","65536","CAB7B6408934009A4BBFEDB57BEB4943BF5478CF8B3688D01F004E0422EBC651","archives/64KiB/mr.hz2","15043","82A58EBA627DC5FAC3FEFB8C2CF22FE2FD189BAE2B8F946A0A941901DF421CF0","decoded/64KiB/mr.decoded","65536","CAB7B6408934009A4BBFEDB57BEB4943BF5478CF8B3688D01F004E0422EBC651","0.0838101","0.0599839","5.4453125","2.02734375","5.4453125","74FF260A939B01673667723D8351AAEDB679339610009ECB23C70E373B862D9F","profile_id=2;mode=fast;block_size=65536;zstd_level=3;lzma_level=9;threads=1;process_timeout_seconds=1800","""E:\MIXER\hybridzip\build\Release\hybridzip.exe"" c --profile=r2 --r2-mode=fast --block-size=65536 --zstd-level=3 --threads=1 ""E:\MIXER\hybridzip\results\experiments\hybridzip-r2-e6-fast-k4-full-20260829-w1\children\hybridzip-r2-e6-fast-k4-full-20260829-w1-fast-b64-r2\inputs\64KiB\mr.bin"" ""E:\MIXER\hybridzip\results\experiments\hybridzip-r2-e6-fast-k4-full-20260829-w1\children\hybridzip-r2-e6-fast-k4-full-20260829-w1-fast-b64-r2\archives\64KiB\mr.hz2""","""E:\MIXER\hybridzip\build\Release\hybridzip.exe"" d ""E:\MIXER\hybridzip\results\experiments\hybridzip-r2-e6-fast-k4-full-20260829-w1\children\hybridzip-r2-e6-fast-k4-full-20260829-w1-fast-b64-r2\archives\64KiB\mr.hz2"" ""E:\MIXER\hybridzip\results\experiments\hybridzip-r2-e6-fast-k4-full-20260829-w1\children\hybridzip-r2-e6-fast-k4-full-20260829-w1-fast-b64-r2\decoded\64KiB\mr.decoded""","0","0","2026-08-29T14:45:13.0989207+08:00","COMPLETE","PASS","fast-ext=1","Complete R2 archive size; SHA-256 byte-exact roundtrip verified."
"e6-fast","fast","64","2","False","1","1","8","0","00010000","1025B343","4B1AC26C40AD4DA50312FD3B694D7E636FB768C2336FE773BC82D36424C27A4B","0:2,39:2,43:4","2","16192700","31565400","16007200","16184800","16192700,31565400","16184800,16007200","hybridzip-r2-e6-fast-k4-full-20260829-w1-fast-b64-r2","r2-fast","1","9","mr","128","inputs/128KiB/mr.bin","131072","473A6A883480C7B2E69402AD888AC07B347C2DF61C6AA0D84E8B8130A27792EA","archives/128KiB/mr.hz2","27871","469D03B9488515173E2A8355558EE08D46B69518422882511A47A603E1B7EC1B","decoded/128KiB/mr.decoded","131072","473A6A883480C7B2E69402AD888AC07B347C2DF61C6AA0D84E8B8130A27792EA","0.0890504","0.0481637","5.5078125","2.02734375","5.5078125","74FF260A939B01673667723D8351AAEDB679339610009ECB23C70E373B862D9F","profile_id=2;mode=fast;block_size=65536;zstd_level=3;lzma_level=9;threads=1;process_timeout_seconds=1800","""E:\MIXER\hybridzip\build\Release\hybridzip.exe"" c --profile=r2 --r2-mode=fast --block-size=65536 --zstd-level=3 --threads=1 ""E:\MIXER\hybridzip\results\experiments\hybridzip-r2-e6-fast-k4-full-20260829-w1\children\hybridzip-r2-e6-fast-k4-full-20260829-w1-fast-b64-r2\inputs\128KiB\mr.bin"" ""E:\MIXER\hybridzip\results\experiments\hybridzip-r2-e6-fast-k4-full-20260829-w1\children\hybridzip-r2-e6-fast-k4-full-20260829-w1-fast-b64-r2\archives\128KiB\mr.hz2""","""E:\MIXER\hybridzip\build\Release\hybridzip.exe"" d ""E:\MIXER\hybridzip\results\experiments\hybridzip-r2-e6-fast-k4-full-20260829-w1\children\hybridzip-r2-e6-fast-k4-full-20260829-w1-fast-b64-r2\archives\128KiB\mr.hz2"" ""E:\MIXER\hybridzip\results\experiments\hybridzip-r2-e6-fast-k4-full-20260829-w1\children\hybridzip-r2-e6-fast-k4-full-20260829-w1-fast-b64-r2\decoded\128KiB\mr.decoded""","0","0","2026-08-29T14:45:13.3157385+08:00","COMPLETE","PASS","fast-ext=2","Complete R2 archive size; SHA-256 byte-exact roundtrip verified."
"e6-fast","fast","64","2","False","1","1","4","0","00010000","1025B343","4B1AC26C40AD4DA50312FD3B694D7E636FB768C2336FE773BC82D36424C27A4B","0:1,39:1,43:2","1","5873300","5873300","5864900","5864900","5873300","5864900","hybridzip-r2-e6-fast-k4-full-20260829-w1-fast-b64-r2","r2-fast","1","10","nci","32","inputs/32KiB/nci.bin","32768","0D3034FE8B0E573DE1439ED98CE409B83B13E5895085C9BFB0BF980F4962FB79","archives/32KiB/nci.hz2","3101","20A7F2B7BFA93DBBA8AE3A2E786FBFCBF8D1DEDDDD86D8002E3177D34F4C9F88","decoded/32KiB/nci.decoded","32768","0D3034FE8B0E573DE1439ED98CE409B83B13E5895085C9BFB0BF980F4962FB79","0.0563509","0.0466466","5.2421875","2.02734375","5.2421875","74FF260A939B01673667723D8351AAEDB679339610009ECB23C70E373B862D9F","profile_id=2;mode=fast;block_size=65536;zstd_level=3;lzma_level=9;threads=1;process_timeout_seconds=1800","""E:\MIXER\hybridzip\build\Release\hybridzip.exe"" c --profile=r2 --r2-mode=fast --block-size=65536 --zstd-level=3 --threads=1 ""E:\MIXER\hybridzip\results\experiments\hybridzip-r2-e6-fast-k4-full-20260829-w1\children\hybridzip-r2-e6-fast-k4-full-20260829-w1-fast-b64-r2\inputs\32KiB\nci.bin"" ""E:\MIXER\hybridzip\results\experiments\hybridzip-r2-e6-fast-k4-full-20260829-w1\children\hybridzip-r2-e6-fast-k4-full-20260829-w1-fast-b64-r2\archives\32KiB\nci.hz2""","""E:\MIXER\hybridzip\build\Release\hybridzip.exe"" d ""E:\MIXER\hybridzip\results\experiments\hybridzip-r2-e6-fast-k4-full-20260829-w1\children\hybridzip-r2-e6-fast-k4-full-20260829-w1-fast-b64-r2\archives\32KiB\nci.hz2"" ""E:\MIXER\hybridzip\results\experiments\hybridzip-r2-e6-fast-k4-full-20260829-w1\children\hybridzip-r2-e6-fast-k4-full-20260829-w1-fast-b64-r2\decoded\32KiB\nci.decoded""","0","0","2026-08-29T14:45:13.5259486+08:00","COMPLETE","PASS","fast-ext=1","Complete R2 archive size; SHA-256 byte-exact roundtrip verified."
"e6-fast","fast","64","2","False","1","1","4","0","00010000","1025B343","4B1AC26C40AD4DA50312FD3B694D7E636FB768C2336FE773BC82D36424C27A4B","0:1,39:1,43:2","1","8702100","8702100","8656800","8656800","8702100","8656800","hybridzip-r2-e6-fast-k4-full-20260829-w1-fast-b64-r2","r2-fast","1","11","nci","64","inputs/64KiB/nci.bin","65536","B01B411AC3B5CE2FBF37242C0C59D2D236D2F7039937C1B1A0F18F4CC02549FE","archives/64KiB/nci.hz2","5293","BF0AB292141BAA43662BC98D0C6137FF7324B74823FF5AD2885788872B5B9833","decoded/64KiB/nci.decoded","65536","B01B411AC3B5CE2FBF37242C0C59D2D236D2F7039937C1B1A0F18F4CC02549FE","0.064233","0.0520954","5.4375","2.0234375","5.4375","74FF260A939B01673667723D8351AAEDB679339610009ECB23C70E373B862D9F","profile_id=2;mode=fast;block_size=65536;zstd_level=3;lzma_level=9;threads=1;process_timeout_seconds=1800","""E:\MIXER\hybridzip\build\Release\hybridzip.exe"" c --profile=r2 --r2-mode=fast --block-size=65536 --zstd-level=3 --threads=1 ""E:\MIXER\hybridzip\results\experiments\hybridzip-r2-e6-fast-k4-full-20260829-w1\children\hybridzip-r2-e6-fast-k4-full-20260829-w1-fast-b64-r2\inputs\64KiB\nci.bin"" ""E:\MIXER\hybridzip\results\experiments\hybridzip-r2-e6-fast-k4-full-20260829-w1\children\hybridzip-r2-e6-fast-k4-full-20260829-w1-fast-b64-r2\archives\64KiB\nci.hz2""","""E:\MIXER\hybridzip\build\Release\hybridzip.exe"" d ""E:\MIXER\hybridzip\results\experiments\hybridzip-r2-e6-fast-k4-full-20260829-w1\children\hybridzip-r2-e6-fast-k4-full-20260829-w1-fast-b64-r2\archives\64KiB\nci.hz2"" ""E:\MIXER\hybridzip\results\experiments\hybridzip-r2-e6-fast-k4-full-20260829-w1\children\hybridzip-r2-e6-fast-k4-full-20260829-w1-fast-b64-r2\decoded\64KiB\nci.decoded""","0","0","2026-08-29T14:45:13.7004617+08:00","COMPLETE","PASS","fast-ext=1","Complete R2 archive size; SHA-256 byte-exact roundtrip verified."
"e6-fast","fast","64","2","False","1","1","8","0","00010000","1025B343","4B1AC26C40AD4DA50312FD3B694D7E636FB768C2336FE773BC82D36424C27A4B","0:2,39:2,43:4","2","8675100","17115200","8667900","8985200","8675100,17115200","8667900,8985200","hybridzip-r2-e6-fast-k4-full-20260829-w1-fast-b64-r2","r2-fast","1","12","nci","128","inputs/128KiB/nci.bin","131072","C8A1D610355E5EF900ED4C704DF14ADF1935D95DFD8F1740AC9FD90FC9BF5781","archives/128KiB/nci.hz2","11817","18CABFFF394D9FE2B9EA39CC0ACB870188A2964A3A4A5296B2F1CDC8E52C20A8","decoded/128KiB/nci.decoded","131072","C8A1D610355E5EF900ED4C704DF14ADF1935D95DFD8F1740AC9FD90FC9BF5781","0.0854615","0.0527151","5.5078125","2.0234375","5.5078125","74FF260A939B01673667723D8351AAEDB679339610009ECB23C70E373B862D9F","profile_id=2;mode=fast;block_size=65536;zstd_level=3;lzma_level=9;threads=1;process_timeout_seconds=1800","""E:\MIXER\hybridzip\build\Release\hybridzip.exe"" c --profile=r2 --r2-mode=fast --block-size=65536 --zstd-level=3 --threads=1 ""E:\MIXER\hybridzip\results\experiments\hybridzip-r2-e6-fast-k4-full-20260829-w1\children\hybridzip-r2-e6-fast-k4-full-20260829-w1-fast-b64-r2\inputs\128KiB\nci.bin"" ""E:\MIXER\hybridzip\results\experiments\hybridzip-r2-e6-fast-k4-full-20260829-w1\children\hybridzip-r2-e6-fast-k4-full-20260829-w1-fast-b64-r2\archives\128KiB\nci.hz2""","""E:\MIXER\hybridzip\build\Release\hybridzip.exe"" d ""E:\MIXER\hybridzip\results\experiments\hybridzip-r2-e6-fast-k4-full-20260829-w1\children\hybridzip-r2-e6-fast-k4-full-20260829-w1-fast-b64-r2\archives\128KiB\nci.hz2"" ""E:\MIXER\hybridzip\results\experiments\hybridzip-r2-e6-fast-k4-full-20260829-w1\children\hybridzip-r2-e6-fast-k4-full-20260829-w1-fast-b64-r2\decoded\128KiB\nci.decoded""","0","0","2026-08-29T14:45:13.8933404+08:00","COMPLETE","PASS","fast-ext=2","Complete R2 archive size; SHA-256 byte-exact roundtrip verified."
"e6-fast","fast","64","2","False","1","1","4","0","00010000","1025B343","4B1AC26C40AD4DA50312FD3B694D7E636FB768C2336FE773BC82D36424C27A4B","0:1,39:1,43:2","1","5978000","5978000","5866800","5866800","5978000","5866800","hybridzip-r2-e6-fast-k4-full-20260829-w1-fast-b64-r2","r2-fast","1","13","ooffice","32","inputs/32KiB/ooffice.bin","32768","2ACF9B4CAAEAC5814CDFEF0FA48A5ECE857C847DBDB7B44EEAB95CA3C098921C","archives/32KiB/ooffice.hz2","13020","D6B67E3B11966162C5B3A15324412703EE0ACE5B3788733346FECD13F70B415A","decoded/32KiB/ooffice.decoded","32768","2ACF9B4CAAEAC5814CDFEF0FA48A5ECE857C847DBDB7B44EEAB95CA3C098921C","0.059527","0.0487812","5.24609375","2.02734375","5.24609375","74FF260A939B01673667723D8351AAEDB679339610009ECB23C70E373B862D9F","profile_id=2;mode=fast;block_size=65536;zstd_level=3;lzma_level=9;threads=1;process_timeout_seconds=1800","""E:\MIXER\hybridzip\build\Release\hybridzip.exe"" c --profile=r2 --r2-mode=fast --block-size=65536 --zstd-level=3 --threads=1 ""E:\MIXER\hybridzip\results\experiments\hybridzip-r2-e6-fast-k4-full-20260829-w1\children\hybridzip-r2-e6-fast-k4-full-20260829-w1-fast-b64-r2\inputs\32KiB\ooffice.bin"" ""E:\MIXER\hybridzip\results\experiments\hybridzip-r2-e6-fast-k4-full-20260829-w1\children\hybridzip-r2-e6-fast-k4-full-20260829-w1-fast-b64-r2\archives\32KiB\ooffice.hz2""","""E:\MIXER\hybridzip\build\Release\hybridzip.exe"" d ""E:\MIXER\hybridzip\results\experiments\hybridzip-r2-e6-fast-k4-full-20260829-w1\children\hybridzip-r2-e6-fast-k4-full-20260829-w1-fast-b64-r2\archives\32KiB\ooffice.hz2"" ""E:\MIXER\hybridzip\results\experiments\hybridzip-r2-e6-fast-k4-full-20260829-w1\children\hybridzip-r2-e6-fast-k4-full-20260829-w1-fast-b64-r2\decoded\32KiB\ooffice.decoded""","0","0","2026-08-29T14:45:14.1028120+08:00","COMPLETE","PASS","fast-ext=1","Complete R2 archive size; SHA-256 byte-exact roundtrip verified."
"e6-fast","fast","64","2","False","1","1","4","0","00010000","1025B343","4B1AC26C40AD4DA50312FD3B694D7E636FB768C2336FE773BC82D36424C27A4B","0:1,39:1,43:2","1","10589700","10589700","10581800","10581800","10589700","10581800","hybridzip-r2-e6-fast-k4-full-20260829-w1-fast-b64-r2","r2-fast","1","14","ooffice","64","inputs/64KiB/ooffice.bin","65536","9D30521922187D0A26F56CF2DF85001F9585D0D4EC6A0A8797466AFCC367F825","archives/64KiB/ooffice.hz2","30037","8E7AEC2A2156752EF4D868FBA9E4C9C5C7C39F59A489801B48673823BA8F38D9","decoded/64KiB/ooffice.decoded","65536","9D30521922187D0A26F56CF2DF85001F9585D0D4EC6A0A8797466AFCC367F825","0.062295","0.0695528","5.21484375","4.58984375","5.21484375","74FF260A939B01673667723D8351AAEDB679339610009ECB23C70E373B862D9F","profile_id=2;mode=fast;block_size=65536;zstd_level=3;lzma_level=9;threads=1;process_timeout_seconds=1800","""E:\MIXER\hybridzip\build\Release\hybridzip.exe"" c --profile=r2 --r2-mode=fast --block-size=65536 --zstd-level=3 --threads=1 ""E:\MIXER\hybridzip\results\experiments\hybridzip-r2-e6-fast-k4-full-20260829-w1\children\hybridzip-r2-e6-fast-k4-full-20260829-w1-fast-b64-r2\inputs\64KiB\ooffice.bin"" ""E:\MIXER\hybridzip\results\experiments\hybridzip-r2-e6-fast-k4-full-20260829-w1\children\hybridzip-r2-e6-fast-k4-full-20260829-w1-fast-b64-r2\archives\64KiB\ooffice.hz2""","""E:\MIXER\hybridzip\build\Release\hybridzip.exe"" d ""E:\MIXER\hybridzip\results\experiments\hybridzip-r2-e6-fast-k4-full-20260829-w1\children\hybridzip-r2-e6-fast-k4-full-20260829-w1-fast-b64-r2\archives\64KiB\ooffice.hz2"" ""E:\MIXER\hybridzip\results\experiments\hybridzip-r2-e6-fast-k4-full-20260829-w1\children\hybridzip-r2-e6-fast-k4-full-20260829-w1-fast-b64-r2\decoded\64KiB\ooffice.decoded""","0","0","2026-08-29T14:45:14.2940468+08:00","COMPLETE","PASS","fast-ext=1","Complete R2 archive size; SHA-256 byte-exact roundtrip verified."
"e6-fast","fast","64","2","False","1","1","8","0","00010000","1025B343","4B1AC26C40AD4DA50312FD3B694D7E636FB768C2336FE773BC82D36424C27A4B","0:2,39:2,43:4","2","10834000","20820600","10522100","10825500","10834000,20820600","10825500,10522100","hybridzip-r2-e6-fast-k4-full-20260829-w1-fast-b64-r2","r2-fast","1","15","ooffice","128","inputs/128KiB/ooffice.bin","131072","09FA5F3EE5311528863F8C3FADA3B530CC24AC1D88128E4DB2BF434161879FEF","archives/128KiB/ooffice.hz2","65354","E37D6F2F36E3559F450251659A6605C13642A8757DCA1EB4CC43A5C01C7CF5A4","decoded/128KiB/ooffice.decoded","131072","09FA5F3EE5311528863F8C3FADA3B530CC24AC1D88128E4DB2BF434161879FEF","0.0754941","0.0519018","5.51953125","3.39453125","5.51953125","74FF260A939B01673667723D8351AAEDB679339610009ECB23C70E373B862D9F","profile_id=2;mode=fast;block_size=65536;zstd_level=3;lzma_level=9;threads=1;process_timeout_seconds=1800","""E:\MIXER\hybridzip\build\Release\hybridzip.exe"" c --profile=r2 --r2-mode=fast --block-size=65536 --zstd-level=3 --threads=1 ""E:\MIXER\hybridzip\results\experiments\hybridzip-r2-e6-fast-k4-full-20260829-w1\children\hybridzip-r2-e6-fast-k4-full-20260829-w1-fast-b64-r2\inputs\128KiB\ooffice.bin"" ""E:\MIXER\hybridzip\results\experiments\hybridzip-r2-e6-fast-k4-full-20260829-w1\children\hybridzip-r2-e6-fast-k4-full-20260829-w1-fast-b64-r2\archives\128KiB\ooffice.hz2""","""E:\MIXER\hybridzip\build\Release\hybridzip.exe"" d ""E:\MIXER\hybridzip\results\experiments\hybridzip-r2-e6-fast-k4-full-20260829-w1\children\hybridzip-r2-e6-fast-k4-full-20260829-w1-fast-b64-r2\archives\128KiB\ooffice.hz2"" ""E:\MIXER\hybridzip\results\experiments\hybridzip-r2-e6-fast-k4-full-20260829-w1\children\hybridzip-r2-e6-fast-k4-full-20260829-w1-fast-b64-r2\decoded\128KiB\ooffice.decoded""","0","0","2026-08-29T14:45:14.5078461+08:00","COMPLETE","PASS","fast-ext=2","Complete R2 archive size; SHA-256 byte-exact roundtrip verified."
"e6-fast","fast","64","2","False","1","1","4","0","00010000","1025B343","4B1AC26C40AD4DA50312FD3B694D7E636FB768C2336FE773BC82D36424C27A4B","0:1,39:1,43:2","1","5717800","5717800","5672100","5672100","5717800","5672100","hybridzip-r2-e6-fast-k4-full-20260829-w1-fast-b64-r2","r2-fast","1","16","osdb","32","inputs/32KiB/osdb.bin","32768","03B2C20B777682CD960BCD893D7A4463161D9C0200FD1708B2EFAE32A259D0B7","archives/32KiB/osdb.hz2","15695","F5787A27E2A350FD7BE9686D34A78A9543145A01520A523719A3CA88E4D5EB6A","decoded/32KiB/osdb.decoded","32768","03B2C20B777682CD960BCD893D7A4463161D9C0200FD1708B2EFAE32A259D0B7","0.0627522","0.0479257","5.25","2.02734375","5.25","74FF260A939B01673667723D8351AAEDB679339610009ECB23C70E373B862D9F","profile_id=2;mode=fast;block_size=65536;zstd_level=3;lzma_level=9;threads=1;process_timeout_seconds=1800","""E:\MIXER\hybridzip\build\Release\hybridzip.exe"" c --profile=r2 --r2-mode=fast --block-size=65536 --zstd-level=3 --threads=1 ""E:\MIXER\hybridzip\results\experiments\hybridzip-r2-e6-fast-k4-full-20260829-w1\children\hybridzip-r2-e6-fast-k4-full-20260829-w1-fast-b64-r2\inputs\32KiB\osdb.bin"" ""E:\MIXER\hybridzip\results\experiments\hybridzip-r2-e6-fast-k4-full-20260829-w1\children\hybridzip-r2-e6-fast-k4-full-20260829-w1-fast-b64-r2\archives\32KiB\osdb.hz2""","""E:\MIXER\hybridzip\build\Release\hybridzip.exe"" d ""E:\MIXER\hybridzip\results\experiments\hybridzip-r2-e6-fast-k4-full-20260829-w1\children\hybridzip-r2-e6-fast-k4-full-20260829-w1-fast-b64-r2\archives\32KiB\osdb.hz2"" ""E:\MIXER\hybridzip\results\experiments\hybridzip-r2-e6-fast-k4-full-20260829-w1\children\hybridzip-r2-e6-fast-k4-full-20260829-w1-fast-b64-r2\decoded\32KiB\osdb.decoded""","0","0","2026-08-29T14:45:14.7222329+08:00","COMPLETE","PASS","fast-ext=1","Complete R2 archive size; SHA-256 byte-exact roundtrip verified."
"e6-fast","fast","64","2","False","1","1","4","0","00010000","1025B343","4B1AC26C40AD4DA50312FD3B694D7E636FB768C2336FE773BC82D36424C27A4B","0:1,39:1,43:2","1","9780500","9780500","9765400","9765400","9780500","9765400","hybridzip-r2-e6-fast-k4-full-20260829-w1-fast-b64-r2","r2-fast","1","17","osdb","64","inputs/64KiB/osdb.bin","65536","F8FE629325A07588118BA0B65880A87DED43EF249CCBC91F0E977BBACAE0C125","archives/64KiB/osdb.hz2","27355","2E27D469A9AA0BB481E4214AF6356AD0C1494DF130A835341FF8B88409E62AC3","decoded/64KiB/osdb.decoded","65536","F8FE629325A07588118BA0B65880A87DED43EF249CCBC91F0E977BBACAE0C125","0.0588934","0.0616933","2.02734375","2.02734375","2.02734375","74FF260A939B01673667723D8351AAEDB679339610009ECB23C70E373B862D9F","profile_id=2;mode=fast;block_size=65536;zstd_level=3;lzma_level=9;threads=1;process_timeout_seconds=1800","""E:\MIXER\hybridzip\build\Release\hybridzip.exe"" c --profile=r2 --r2-mode=fast --block-size=65536 --zstd-level=3 --threads=1 ""E:\MIXER\hybridzip\results\experiments\hybridzip-r2-e6-fast-k4-full-20260829-w1\children\hybridzip-r2-e6-fast-k4-full-20260829-w1-fast-b64-r2\inputs\64KiB\osdb.bin"" ""E:\MIXER\hybridzip\results\experiments\hybridzip-r2-e6-fast-k4-full-20260829-w1\children\hybridzip-r2-e6-fast-k4-full-20260829-w1-fast-b64-r2\archives\64KiB\osdb.hz2""","""E:\MIXER\hybridzip\build\Release\hybridzip.exe"" d ""E:\MIXER\hybridzip\results\experiments\hybridzip-r2-e6-fast-k4-full-20260829-w1\children\hybridzip-r2-e6-fast-k4-full-20260829-w1-fast-b64-r2\archives\64KiB\osdb.hz2"" ""E:\MIXER\hybridzip\results\experiments\hybridzip-r2-e6-fast-k4-full-20260829-w1\children\hybridzip-r2-e6-fast-k4-full-20260829-w1-fast-b64-r2\decoded\64KiB\osdb.decoded""","0","0","2026-08-29T14:45:14.9045920+08:00","COMPLETE","PASS","fast-ext=1","Complete R2 archive size; SHA-256 byte-exact roundtrip verified."
"e6-fast","fast","64","2","False","1","1","8","0","00010000","1025B343","4B1AC26C40AD4DA50312FD3B694D7E636FB768C2336FE773BC82D36424C27A4B","0:2,39:2,43:4","2","9270600","18114100","9262900","9474000","9270600,18114100","9262900,9474000","hybridzip-r2-e6-fast-k4-full-20260829-w1-fast-b64-r2","r2-fast","1","18","osdb","128","inputs/128KiB/osdb.bin","131072","D977E72AE13AEFC36A4B6171A895E26A0E6EEE447B1B9FBE868D7B1C046CC91F","archives/128KiB/osdb.hz2","54808","BA7C13350AA176712439CB99E39C56D7E30DEFC6D2AE53CD3613DEC32913EE41","decoded/128KiB/osdb.decoded","131072","D977E72AE13AEFC36A4B6171A895E26A0E6EEE447B1B9FBE868D7B1C046CC91F","0.0719343","0.0566938","5.53125","2.0234375","5.53125","74FF260A939B01673667723D8351AAEDB679339610009ECB23C70E373B862D9F","profile_id=2;mode=fast;block_size=65536;zstd_level=3;lzma_level=9;threads=1;process_timeout_seconds=1800","""E:\MIXER\hybridzip\build\Release\hybridzip.exe"" c --profile=r2 --r2-mode=fast --block-size=65536 --zstd-level=3 --threads=1 ""E:\MIXER\hybridzip\results\experiments\hybridzip-r2-e6-fast-k4-full-20260829-w1\children\hybridzip-r2-e6-fast-k4-full-20260829-w1-fast-b64-r2\inputs\128KiB\osdb.bin"" ""E:\MIXER\hybridzip\results\experiments\hybridzip-r2-e6-fast-k4-full-20260829-w1\children\hybridzip-r2-e6-fast-k4-full-20260829-w1-fast-b64-r2\archives\128KiB\osdb.hz2""","""E:\MIXER\hybridzip\build\Release\hybridzip.exe"" d ""E:\MIXER\hybridzip\results\experiments\hybridzip-r2-e6-fast-k4-full-20260829-w1\children\hybridzip-r2-e6-fast-k4-full-20260829-w1-fast-b64-r2\archives\128KiB\osdb.hz2"" ""E:\MIXER\hybridzip\results\experiments\hybridzip-r2-e6-fast-k4-full-20260829-w1\children\hybridzip-r2-e6-fast-k4-full-20260829-w1-fast-b64-r2\decoded\128KiB\osdb.decoded""","0","0","2026-08-29T14:45:15.1002270+08:00","COMPLETE","PASS","fast-ext=2","Complete R2 archive size; SHA-256 byte-exact roundtrip verified."
"e6-fast","fast","64","2","False","1","1","4","0","00010000","1025B343","4B1AC26C40AD4DA50312FD3B694D7E636FB768C2336FE773BC82D36424C27A4B","0:1,39:1,43:2","1","6308300","6308300","6178900","6178900","6308300","6178900","hybridzip-r2-e6-fast-k4-full-20260829-w1-fast-b64-r2","r2-fast","1","19","reymont","32","inputs/32KiB/reymont.bin","32768","9D5E4B9340C2260DAE7DDB01B3EDA58236FF2DE5E1FF4D56767AA840B6FB1A87","archives/32KiB/reymont.hz2","10572","9385203289F0E803E220FD7DFD14F34FB3E7C44C1D14DC770D06375AEB92B505","decoded/32KiB/reymont.decoded","32768","9D5E4B9340C2260DAE7DDB01B3EDA58236FF2DE5E1FF4D56767AA840B6FB1A87","0.0506502","0.056202","3.03515625","2.0234375","3.03515625","74FF260A939B01673667723D8351AAEDB679339610009ECB23C70E373B862D9F","profile_id=2;mode=fast;block_size=65536;zstd_level=3;lzma_level=9;threads=1;process_timeout_seconds=1800","""E:\MIXER\hybridzip\build\Release\hybridzip.exe"" c --profile=r2 --r2-mode=fast --block-size=65536 --zstd-level=3 --threads=1 ""E:\MIXER\hybridzip\results\experiments\hybridzip-r2-e6-fast-k4-full-20260829-w1\children\hybridzip-r2-e6-fast-k4-full-20260829-w1-fast-b64-r2\inputs\32KiB\reymont.bin"" ""E:\MIXER\hybridzip\results\experiments\hybridzip-r2-e6-fast-k4-full-20260829-w1\children\hybridzip-r2-e6-fast-k4-full-20260829-w1-fast-b64-r2\archives\32KiB\reymont.hz2""","""E:\MIXER\hybridzip\build\Release\hybridzip.exe"" d ""E:\MIXER\hybridzip\results\experiments\hybridzip-r2-e6-fast-k4-full-20260829-w1\children\hybridzip-r2-e6-fast-k4-full-20260829-w1-fast-b64-r2\archives\32KiB\reymont.hz2"" ""E:\MIXER\hybridzip\results\experiments\hybridzip-r2-e6-fast-k4-full-20260829-w1\children\hybridzip-r2-e6-fast-k4-full-20260829-w1-fast-b64-r2\decoded\32KiB\reymont.decoded""","0","0","2026-08-29T14:45:15.3097708+08:00","COMPLETE","PASS","fast-ext=1","Complete R2 archive size; SHA-256 byte-exact roundtrip verified."
"e6-fast","fast","64","2","False","1","1","4","0","00010000","1025B343","4B1AC26C40AD4DA50312FD3B694D7E636FB768C2336FE773BC82D36424C27A4B","0:1,39:1,43:2","1","12146300","12146300","12140200","12140200","12146300","12140200","hybridzip-r2-e6-fast-k4-full-20260829-w1-fast-b64-r2","r2-fast","1","20","reymont","64","inputs/64KiB/reymont.bin","65536","A5ECAAABB133F1ADF8DE6062BE6381D143E87F9F8050EEA9B5BE6F92B88C3C22","archives/64KiB/reymont.hz2","20574","037AE8358C684EC978123B907DBB6C6A1896B401FBE83612F78071F7CA855557","decoded/64KiB/reymont.decoded","65536","A5ECAAABB133F1ADF8DE6062BE6381D143E87F9F8050EEA9B5BE6F92B88C3C22","0.0640491","0.0432996","5.46484375","2.02734375","5.46484375","74FF260A939B01673667723D8351AAEDB679339610009ECB23C70E373B862D9F","profile_id=2;mode=fast;block_size=65536;zstd_level=3;lzma_level=9;threads=1;process_timeout_seconds=1800","""E:\MIXER\hybridzip\build\Release\hybridzip.exe"" c --profile=r2 --r2-mode=fast --block-size=65536 --zstd-level=3 --threads=1 ""E:\MIXER\hybridzip\results\experiments\hybridzip-r2-e6-fast-k4-full-20260829-w1\children\hybridzip-r2-e6-fast-k4-full-20260829-w1-fast-b64-r2\inputs\64KiB\reymont.bin"" ""E:\MIXER\hybridzip\results\experiments\hybridzip-r2-e6-fast-k4-full-20260829-w1\children\hybridzip-r2-e6-fast-k4-full-20260829-w1-fast-b64-r2\archives\64KiB\reymont.hz2""","""E:\MIXER\hybridzip\build\Release\hybridzip.exe"" d ""E:\MIXER\hybridzip\results\experiments\hybridzip-r2-e6-fast-k4-full-20260829-w1\children\hybridzip-r2-e6-fast-k4-full-20260829-w1-fast-b64-r2\archives\64KiB\reymont.hz2"" ""E:\MIXER\hybridzip\results\experiments\hybridzip-r2-e6-fast-k4-full-20260829-w1\children\hybridzip-r2-e6-fast-k4-full-20260829-w1-fast-b64-r2\decoded\64KiB\reymont.decoded""","0","0","2026-08-29T14:45:15.5962432+08:00","COMPLETE","PASS","fast-ext=1","Complete R2 archive size; SHA-256 byte-exact roundtrip verified."
"e6-fast","fast","64","2","False","1","1","8","0","00010000","1025B343","4B1AC26C40AD4DA50312FD3B694D7E636FB768C2336FE773BC82D36424C27A4B","0:2,39:2,43:4","2","12794100","24411900","12189000","12787000","12794100,24411900","12787000,12189000","hybridzip-r2-e6-fast-k4-full-20260829-w1-fast-b64-r2","r2-fast","1","21","reymont","128","inputs/128KiB/reymont.bin","131072","A6CA7478854C1E80DFEAF9FB3444B357F9D7625E55232FAE3B3632A5A1217DEA","archives/128KiB/reymont.hz2","41751","B6E9E510B9ED7135EB5070DB474E01A3EBBBE1C474DF5189B8805C54E265A7D5","decoded/128KiB/reymont.decoded","131072","A6CA7478854C1E80DFEAF9FB3444B357F9D7625E55232FAE3B3632A5A1217DEA","0.0735284","0.0437058","5.51953125","2.02734375","5.51953125","74FF260A939B01673667723D8351AAEDB679339610009ECB23C70E373B862D9F","profile_id=2;mode=fast;block_size=65536;zstd_level=3;lzma_level=9;threads=1;process_timeout_seconds=1800","""E:\MIXER\hybridzip\build\Release\hybridzip.exe"" c --profile=r2 --r2-mode=fast --block-size=65536 --zstd-level=3 --threads=1 ""E:\MIXER\hybridzip\results\experiments\hybridzip-r2-e6-fast-k4-full-20260829-w1\children\hybridzip-r2-e6-fast-k4-full-20260829-w1-fast-b64-r2\inputs\128KiB\reymont.bin"" ""E:\MIXER\hybridzip\results\experiments\hybridzip-r2-e6-fast-k4-full-20260829-w1\children\hybridzip-r2-e6-fast-k4-full-20260829-w1-fast-b64-r2\archives\128KiB\reymont.hz2""","""E:\MIXER\hybridzip\build\Release\hybridzip.exe"" d ""E:\MIXER\hybridzip\results\experiments\hybridzip-r2-e6-fast-k4-full-20260829-w1\children\hybridzip-r2-e6-fast-k4-full-20260829-w1-fast-b64-r2\archives\128KiB\reymont.hz2"" ""E:\MIXER\hybridzip\results\experiments\hybridzip-r2-e6-fast-k4-full-20260829-w1\children\hybridzip-r2-e6-fast-k4-full-20260829-w1-fast-b64-r2\decoded\128KiB\reymont.decoded""","0","0","2026-08-29T14:45:15.7751932+08:00","COMPLETE","PASS","fast-ext=2","Complete R2 archive size; SHA-256 byte-exact roundtrip verified."
"e6-fast","fast","64","2","False","1","1","4","0","00010000","1025B343","4B1AC26C40AD4DA50312FD3B694D7E636FB768C2336FE773BC82D36424C27A4B","0:1,39:1,43:2","1","6058800","6058800","6001200","6001200","6058800","6001200","hybridzip-r2-e6-fast-k4-full-20260829-w1-fast-b64-r2","r2-fast","1","22","samba","32","inputs/32KiB/samba.bin","32768","9C4F5BEE544E4531E4946E62F796987418B4526911C34877EF282F14DD57AD12","archives/32KiB/samba.hz2","11946","1BCD42A90BFBC8F1599B90C61EBE1FD557BAB6715B36059982F035F4C1C8D53D","decoded/32KiB/samba.decoded","32768","9C4F5BEE544E4531E4946E62F796987418B4526911C34877EF282F14DD57AD12","0.0580433","0.0394735","2.18359375","2.02734375","2.18359375","74FF260A939B01673667723D8351AAEDB679339610009ECB23C70E373B862D9F","profile_id=2;mode=fast;block_size=65536;zstd_level=3;lzma_level=9;threads=1;process_timeout_seconds=1800","""E:\MIXER\hybridzip\build\Release\hybridzip.exe"" c --profile=r2 --r2-mode=fast --block-size=65536 --zstd-level=3 --threads=1 ""E:\MIXER\hybridzip\results\experiments\hybridzip-r2-e6-fast-k4-full-20260829-w1\children\hybridzip-r2-e6-fast-k4-full-20260829-w1-fast-b64-r2\inputs\32KiB\samba.bin"" ""E:\MIXER\hybridzip\results\experiments\hybridzip-r2-e6-fast-k4-full-20260829-w1\children\hybridzip-r2-e6-fast-k4-full-20260829-w1-fast-b64-r2\archives\32KiB\samba.hz2""","""E:\MIXER\hybridzip\build\Release\hybridzip.exe"" d ""E:\MIXER\hybridzip\results\experiments\hybridzip-r2-e6-fast-k4-full-20260829-w1\children\hybridzip-r2-e6-fast-k4-full-20260829-w1-fast-b64-r2\archives\32KiB\samba.hz2"" ""E:\MIXER\hybridzip\results\experiments\hybridzip-r2-e6-fast-k4-full-20260829-w1\children\hybridzip-r2-e6-fast-k4-full-20260829-w1-fast-b64-r2\decoded\32KiB\samba.decoded""","0","0","2026-08-29T14:45:15.9652668+08:00","COMPLETE","PASS","fast-ext=1","Complete R2 archive size; SHA-256 byte-exact roundtrip verified."
"e6-fast","fast","64","2","False","1","1","4","0","00010000","1025B343","4B1AC26C40AD4DA50312FD3B694D7E636FB768C2336FE773BC82D36424C27A4B","0:1,39:1,43:2","1","10171600","10171600","10164000","10164000","10171600","10164000","hybridzip-r2-e6-fast-k4-full-20260829-w1-fast-b64-r2","r2-fast","1","23","samba","64","inputs/64KiB/samba.bin","65536","3E0420984C0F260EA7350734600CEA9D8500B745E2E4B7DBD4D1DA1D1ADAC421","archives/64KiB/samba.hz2","23328","A208FF07D69A26E81333A1A5C0DDE02C75E9B95FB2C361CBB87D46531FCF0DF6","decoded/64KiB/samba.decoded","65536","3E0420984C0F260EA7350734600CEA9D8500B745E2E4B7DBD4D1DA1D1ADAC421","0.0531612","0.0530639","2.02734375","2.02734375","2.02734375","74FF260A939B01673667723D8351AAEDB679339610009ECB23C70E373B862D9F","profile_id=2;mode=fast;block_size=65536;zstd_level=3;lzma_level=9;threads=1;process_timeout_seconds=1800","""E:\MIXER\hybridzip\build\Release\hybridzip.exe"" c --profile=r2 --r2-mode=fast --block-size=65536 --zstd-level=3 --threads=1 ""E:\MIXER\hybridzip\results\experiments\hybridzip-r2-e6-fast-k4-full-20260829-w1\children\hybridzip-r2-e6-fast-k4-full-20260829-w1-fast-b64-r2\inputs\64KiB\samba.bin"" ""E:\MIXER\hybridzip\results\experiments\hybridzip-r2-e6-fast-k4-full-20260829-w1\children\hybridzip-r2-e6-fast-k4-full-20260829-w1-fast-b64-r2\archives\64KiB\samba.hz2""","""E:\MIXER\hybridzip\build\Release\hybridzip.exe"" d ""E:\MIXER\hybridzip\results\experiments\hybridzip-r2-e6-fast-k4-full-20260829-w1\children\hybridzip-r2-e6-fast-k4-full-20260829-w1-fast-b64-r2\archives\64KiB\samba.hz2"" ""E:\MIXER\hybridzip\results\experiments\hybridzip-r2-e6-fast-k4-full-20260829-w1\children\hybridzip-r2-e6-fast-k4-full-20260829-w1-fast-b64-r2\decoded\64KiB\samba.decoded""","0","0","2026-08-29T14:45:16.1330804+08:00","COMPLETE","PASS","fast-ext=1","Complete R2 archive size; SHA-256 byte-exact roundtrip verified."
"e6-fast","fast","64","2","False","1","1","8","0","00010000","1025B343","4B1AC26C40AD4DA50312FD3B694D7E636FB768C2336FE773BC82D36424C27A4B","0:2,39:2,43:4","2","10093700","18941300","9595500","10087300","10093700,18941300","10087300,9595500","hybridzip-r2-e6-fast-k4-full-20260829-w1-fast-b64-r2","r2-fast","1","24","samba","128","inputs/128KiB/samba.bin","131072","F3B8C4AD35BC6CF21977895D6F04A22B1422605942FA5AFE35CE28B2A221D7E8","archives/128KiB/samba.hz2","48808","ABE8594C5456D7D0DEE0BE4F3295D91649AA13256923B59166BC3AF573761434","decoded/128KiB/samba.decoded","131072","F3B8C4AD35BC6CF21977895D6F04A22B1422605942FA5AFE35CE28B2A221D7E8","0.0694779","0.0505287","5.53125","4.56640625","5.53125","74FF260A939B01673667723D8351AAEDB679339610009ECB23C70E373B862D9F","profile_id=2;mode=fast;block_size=65536;zstd_level=3;lzma_level=9;threads=1;process_timeout_seconds=1800","""E:\MIXER\hybridzip\build\Release\hybridzip.exe"" c --profile=r2 --r2-mode=fast --block-size=65536 --zstd-level=3 --threads=1 ""E:\MIXER\hybridzip\results\experiments\hybridzip-r2-e6-fast-k4-full-20260829-w1\children\hybridzip-r2-e6-fast-k4-full-20260829-w1-fast-b64-r2\inputs\128KiB\samba.bin"" ""E:\MIXER\hybridzip\results\experiments\hybridzip-r2-e6-fast-k4-full-20260829-w1\children\hybridzip-r2-e6-fast-k4-full-20260829-w1-fast-b64-r2\archives\128KiB\samba.hz2""","""E:\MIXER\hybridzip\build\Release\hybridzip.exe"" d ""E:\MIXER\hybridzip\results\experiments\hybridzip-r2-e6-fast-k4-full-20260829-w1\children\hybridzip-r2-e6-fast-k4-full-20260829-w1-fast-b64-r2\archives\128KiB\samba.hz2"" ""E:\MIXER\hybridzip\results\experiments\hybridzip-r2-e6-fast-k4-full-20260829-w1\children\hybridzip-r2-e6-fast-k4-full-20260829-w1-fast-b64-r2\decoded\128KiB\samba.decoded""","0","0","2026-08-29T14:45:16.3115334+08:00","COMPLETE","PASS","fast-ext=2","Complete R2 archive size; SHA-256 byte-exact roundtrip verified."
"e6-fast","fast","64","2","False","1","1","4","0","00010000","1025B343","4B1AC26C40AD4DA50312FD3B694D7E636FB768C2336FE773BC82D36424C27A4B","0:1,39:1,43:2","1","5782900","5782900","5740300","5740300","5782900","5740300","hybridzip-r2-e6-fast-k4-full-20260829-w1-fast-b64-r2","r2-fast","1","25","sao","32","inputs/32KiB/sao.bin","32768","95677430CAD4F000506BC5EE22815C3F4E13D64B477ED506B78D5D9ACFB50CCD","archives/32KiB/sao.hz2","26958","14EEDD77B89E8C72E7EA781A1F1C045918DE30BC5BA5E1574820538C862B42E3","decoded/32KiB/sao.decoded","32768","95677430CAD4F000506BC5EE22815C3F4E13D64B477ED506B78D5D9ACFB50CCD","0.0523917","0.0483928","5.00390625","4.1640625","5.00390625","74FF260A939B01673667723D8351AAEDB679339610009ECB23C70E373B862D9F","profile_id=2;mode=fast;block_size=65536;zstd_level=3;lzma_level=9;threads=1;process_timeout_seconds=1800","""E:\MIXER\hybridzip\build\Release\hybridzip.exe"" c --profile=r2 --r2-mode=fast --block-size=65536 --zstd-level=3 --threads=1 ""E:\MIXER\hybridzip\results\experiments\hybridzip-r2-e6-fast-k4-full-20260829-w1\children\hybridzip-r2-e6-fast-k4-full-20260829-w1-fast-b64-r2\inputs\32KiB\sao.bin"" ""E:\MIXER\hybridzip\results\experiments\hybridzip-r2-e6-fast-k4-full-20260829-w1\children\hybridzip-r2-e6-fast-k4-full-20260829-w1-fast-b64-r2\archives\32KiB\sao.hz2""","""E:\MIXER\hybridzip\build\Release\hybridzip.exe"" d ""E:\MIXER\hybridzip\results\experiments\hybridzip-r2-e6-fast-k4-full-20260829-w1\children\hybridzip-r2-e6-fast-k4-full-20260829-w1-fast-b64-r2\archives\32KiB\sao.hz2"" ""E:\MIXER\hybridzip\results\experiments\hybridzip-r2-e6-fast-k4-full-20260829-w1\children\hybridzip-r2-e6-fast-k4-full-20260829-w1-fast-b64-r2\decoded\32KiB\sao.decoded""","0","0","2026-08-29T14:45:16.4975629+08:00","COMPLETE","PASS","fast-ext=1","Complete R2 archive size; SHA-256 byte-exact roundtrip verified."
"e6-fast","fast","64","2","False","1","1","4","0","00010000","1025B343","4B1AC26C40AD4DA50312FD3B694D7E636FB768C2336FE773BC82D36424C27A4B","0:1,39:1,43:2","1","9223700","9223700","9217400","9217400","9223700","9217400","hybridzip-r2-e6-fast-k4-full-20260829-w1-fast-b64-r2","r2-fast","1","26","sao","64","inputs/64KiB/sao.bin","65536","17CBD7166A47786139F60BA33B4E771CE0154F6FA56986883D129BC23F78EBEE","archives/64KiB/sao.hz2","52935","0A8534D4AEB997CAEA306E1211541646254E6314F0A1786725F7BF988D7F8E70","decoded/64KiB/sao.decoded","65536","17CBD7166A47786139F60BA33B4E771CE0154F6FA56986883D129BC23F78EBEE","0.0647043","0.0534728","5.45703125","2.02734375","5.45703125","74FF260A939B01673667723D8351AAEDB679339610009ECB23C70E373B862D9F","profile_id=2;mode=fast;block_size=65536;zstd_level=3;lzma_level=9;threads=1;process_timeout_seconds=1800","""E:\MIXER\hybridzip\build\Release\hybridzip.exe"" c --profile=r2 --r2-mode=fast --block-size=65536 --zstd-level=3 --threads=1 ""E:\MIXER\hybridzip\results\experiments\hybridzip-r2-e6-fast-k4-full-20260829-w1\children\hybridzip-r2-e6-fast-k4-full-20260829-w1-fast-b64-r2\inputs\64KiB\sao.bin"" ""E:\MIXER\hybridzip\results\experiments\hybridzip-r2-e6-fast-k4-full-20260829-w1\children\hybridzip-r2-e6-fast-k4-full-20260829-w1-fast-b64-r2\archives\64KiB\sao.hz2""","""E:\MIXER\hybridzip\build\Release\hybridzip.exe"" d ""E:\MIXER\hybridzip\results\experiments\hybridzip-r2-e6-fast-k4-full-20260829-w1\children\hybridzip-r2-e6-fast-k4-full-20260829-w1-fast-b64-r2\archives\64KiB\sao.hz2"" ""E:\MIXER\hybridzip\results\experiments\hybridzip-r2-e6-fast-k4-full-20260829-w1\children\hybridzip-r2-e6-fast-k4-full-20260829-w1-fast-b64-r2\decoded\64KiB\sao.decoded""","0","0","2026-08-29T14:45:16.6818562+08:00","COMPLETE","PASS","lz4=1","Complete R2 archive size; SHA-256 byte-exact roundtrip verified."
"e6-fast","fast","64","2","False","1","1","8","0","00010000","1025B343","4B1AC26C40AD4DA50312FD3B694D7E636FB768C2336FE773BC82D36424C27A4B","0:2,39:2,43:4","2","8966300","16495200","8069800","8960000","8966300,16495200","8960000,8069800","hybridzip-r2-e6-fast-k4-full-20260829-w1-fast-b64-r2","r2-fast","1","27","sao","128","inputs/128KiB/sao.bin","131072","75E535B42DB7505118D8B19C7C42C1F49C5542ADDC9DBC13383953659F675CE0","archives/128KiB/sao.hz2","106373","F931B85EBDB3CE7D0638FC13FCF57424E58AC16E44214B046E85A0380FE21064","decoded/128KiB/sao.decoded","131072","75E535B42DB7505118D8B19C7C42C1F49C5542ADDC9DBC13383953659F675CE0","0.0749186","0.0562844","5.54296875","2.02734375","5.54296875","74FF260A939B01673667723D8351AAEDB679339610009ECB23C70E373B862D9F","profile_id=2;mode=fast;block_size=65536;zstd_level=3;lzma_level=9;threads=1;process_timeout_seconds=1800","""E:\MIXER\hybridzip\build\Release\hybridzip.exe"" c --profile=r2 --r2-mode=fast --block-size=65536 --zstd-level=3 --threads=1 ""E:\MIXER\hybridzip\results\experiments\hybridzip-r2-e6-fast-k4-full-20260829-w1\children\hybridzip-r2-e6-fast-k4-full-20260829-w1-fast-b64-r2\inputs\128KiB\sao.bin"" ""E:\MIXER\hybridzip\results\experiments\hybridzip-r2-e6-fast-k4-full-20260829-w1\children\hybridzip-r2-e6-fast-k4-full-20260829-w1-fast-b64-r2\archives\128KiB\sao.hz2""","""E:\MIXER\hybridzip\build\Release\hybridzip.exe"" d ""E:\MIXER\hybridzip\results\experiments\hybridzip-r2-e6-fast-k4-full-20260829-w1\children\hybridzip-r2-e6-fast-k4-full-20260829-w1-fast-b64-r2\archives\128KiB\sao.hz2"" ""E:\MIXER\hybridzip\results\experiments\hybridzip-r2-e6-fast-k4-full-20260829-w1\children\hybridzip-r2-e6-fast-k4-full-20260829-w1-fast-b64-r2\decoded\128KiB\sao.decoded""","0","0","2026-08-29T14:45:16.8939171+08:00","COMPLETE","PASS","lz4=2","Complete R2 archive size; SHA-256 byte-exact roundtrip verified."
"e6-fast","fast","64","2","False","1","1","4","0","00010000","1025B343","4B1AC26C40AD4DA50312FD3B694D7E636FB768C2336FE773BC82D36424C27A4B","0:1,39:1,43:2","1","5814400","5814400","5672000","5672000","5814400","5672000","hybridzip-r2-e6-fast-k4-full-20260829-w1-fast-b64-r2","r2-fast","1","28","webster","32","inputs/32KiB/webster.bin","32768","774D224695AF4057353F72602BB96CD2AFEEA059AC7737535645F11596FCA85E","archives/32KiB/webster.hz2","13777","507C3D392D49034D8368CC694F8638BB0718392C5AD6687B75098F57087C35BD","decoded/32KiB/webster.decoded","32768","774D224695AF4057353F72602BB96CD2AFEEA059AC7737535645F11596FCA85E","0.0692761","0.0586642","5.2578125","2.02734375","5.2578125","74FF260A939B01673667723D8351AAEDB679339610009ECB23C70E373B862D9F","profile_id=2;mode=fast;block_size=65536;zstd_level=3;lzma_level=9;threads=1;process_timeout_seconds=1800","""E:\MIXER\hybridzip\build\Release\hybridzip.exe"" c --profile=r2 --r2-mode=fast --block-size=65536 --zstd-level=3 --threads=1 ""E:\MIXER\hybridzip\results\experiments\hybridzip-r2-e6-fast-k4-full-20260829-w1\children\hybridzip-r2-e6-fast-k4-full-20260829-w1-fast-b64-r2\inputs\32KiB\webster.bin"" ""E:\MIXER\hybridzip\results\experiments\hybridzip-r2-e6-fast-k4-full-20260829-w1\children\hybridzip-r2-e6-fast-k4-full-20260829-w1-fast-b64-r2\archives\32KiB\webster.hz2""","""E:\MIXER\hybridzip\build\Release\hybridzip.exe"" d ""E:\MIXER\hybridzip\results\experiments\hybridzip-r2-e6-fast-k4-full-20260829-w1\children\hybridzip-r2-e6-fast-k4-full-20260829-w1-fast-b64-r2\archives\32KiB\webster.hz2"" ""E:\MIXER\hybridzip\results\experiments\hybridzip-r2-e6-fast-k4-full-20260829-w1\children\hybridzip-r2-e6-fast-k4-full-20260829-w1-fast-b64-r2\decoded\32KiB\webster.decoded""","0","0","2026-08-29T14:45:17.1194129+08:00","COMPLETE","PASS","fast-ext=1","Complete R2 archive size; SHA-256 byte-exact roundtrip verified."
"e6-fast","fast","64","2","False","1","1","4","0","00010000","1025B343","4B1AC26C40AD4DA50312FD3B694D7E636FB768C2336FE773BC82D36424C27A4B","0:1,39:1,43:2","1","9739200","9739200","9733200","9733200","9739200","9733200","hybridzip-r2-e6-fast-k4-full-20260829-w1-fast-b64-r2","r2-fast","1","29","webster","64","inputs/64KiB/webster.bin","65536","262258811321382F9E4F44D2184B6B7FED0336CF831446D8336C47D6CCC2B32E","archives/64KiB/webster.hz2","24456","DF9AE92B3F0139C0C8CE26F98F951EDB802A638026539DB8A99D97C78FC72639","decoded/64KiB/webster.decoded","65536","262258811321382F9E4F44D2184B6B7FED0336CF831446D8336C47D6CCC2B32E","0.061028","0.0534309","5.453125","4.56640625","5.453125","74FF260A939B01673667723D8351AAEDB679339610009ECB23C70E373B862D9F","profile_id=2;mode=fast;block_size=65536;zstd_level=3;lzma_level=9;threads=1;process_timeout_seconds=1800","""E:\MIXER\hybridzip\build\Release\hybridzip.exe"" c --profile=r2 --r2-mode=fast --block-size=65536 --zstd-level=3 --threads=1 ""E:\MIXER\hybridzip\results\experiments\hybridzip-r2-e6-fast-k4-full-20260829-w1\children\hybridzip-r2-e6-fast-k4-full-20260829-w1-fast-b64-r2\inputs\64KiB\webster.bin"" ""E:\MIXER\hybridzip\results\experiments\hybridzip-r2-e6-fast-k4-full-20260829-w1\children\hybridzip-r2-e6-fast-k4-full-20260829-w1-fast-b64-r2\archives\64KiB\webster.hz2""","""E:\MIXER\hybridzip\build\Release\hybridzip.exe"" d ""E:\MIXER\hybridzip\results\experiments\hybridzip-r2-e6-fast-k4-full-20260829-w1\children\hybridzip-r2-e6-fast-k4-full-20260829-w1-fast-b64-r2\archives\64KiB\webster.hz2"" ""E:\MIXER\hybridzip\results\experiments\hybridzip-r2-e6-fast-k4-full-20260829-w1\children\hybridzip-r2-e6-fast-k4-full-20260829-w1-fast-b64-r2\decoded\64KiB\webster.decoded""","0","0","2026-08-29T14:45:17.3576521+08:00","COMPLETE","PASS","fast-ext=1","Complete R2 archive size; SHA-256 byte-exact roundtrip verified."
"e6-fast","fast","64","2","False","1","1","8","0","00010000","1025B343","4B1AC26C40AD4DA50312FD3B694D7E636FB768C2336FE773BC82D36424C27A4B","0:2,39:2,43:4","2","10034700","18669000","9163500","10028700","10034700,18669000","10028700,9163500","hybridzip-r2-e6-fast-k4-full-20260829-w1-fast-b64-r2","r2-fast","1","30","webster","128","inputs/128KiB/webster.bin","131072","C069C1FDCA99BC5C44F06D134CD0CDA60315DD631AA6564733B2CE0E6D59305C","archives/128KiB/webster.hz2","45964","6F2A124D0145DDE29BD09D41903254A267421F69B5B7A4418B08D6BF0C7F0F37","decoded/128KiB/webster.decoded","131072","C069C1FDCA99BC5C44F06D134CD0CDA60315DD631AA6564733B2CE0E6D59305C","0.0708292","0.0626141","2.02734375","2.66796875","2.66796875","74FF260A939B01673667723D8351AAEDB679339610009ECB23C70E373B862D9F","profile_id=2;mode=fast;block_size=65536;zstd_level=3;lzma_level=9;threads=1;process_timeout_seconds=1800","""E:\MIXER\hybridzip\build\Release\hybridzip.exe"" c --profile=r2 --r2-mode=fast --block-size=65536 --zstd-level=3 --threads=1 ""E:\MIXER\hybridzip\results\experiments\hybridzip-r2-e6-fast-k4-full-20260829-w1\children\hybridzip-r2-e6-fast-k4-full-20260829-w1-fast-b64-r2\inputs\128KiB\webster.bin"" ""E:\MIXER\hybridzip\results\experiments\hybridzip-r2-e6-fast-k4-full-20260829-w1\children\hybridzip-r2-e6-fast-k4-full-20260829-w1-fast-b64-r2\archives\128KiB\webster.hz2""","""E:\MIXER\hybridzip\build\Release\hybridzip.exe"" d ""E:\MIXER\hybridzip\results\experiments\hybridzip-r2-e6-fast-k4-full-20260829-w1\children\hybridzip-r2-e6-fast-k4-full-20260829-w1-fast-b64-r2\archives\128KiB\webster.hz2"" ""E:\MIXER\hybridzip\results\experiments\hybridzip-r2-e6-fast-k4-full-20260829-w1\children\hybridzip-r2-e6-fast-k4-full-20260829-w1-fast-b64-r2\decoded\128KiB\webster.decoded""","0","0","2026-08-29T14:45:17.5730233+08:00","COMPLETE","PASS","fast-ext=2","Complete R2 archive size; SHA-256 byte-exact roundtrip verified."
"e6-fast","fast","64","2","False","1","1","4","0","00010000","1025B343","4B1AC26C40AD4DA50312FD3B694D7E636FB768C2336FE773BC82D36424C27A4B","0:1,39:1,43:2","1","5025100","5025100","5017900","5017900","5025100","5017900","hybridzip-r2-e6-fast-k4-full-20260829-w1-fast-b64-r2","r2-fast","1","31","x-ray","32","inputs/32KiB/x-ray.bin","32768","10511AA63DFBD9C0DDBFEFE36068740103D4BA1116E214154A0772057D7E9314","archives/32KiB/x-ray.hz2","18333","B4A7844748A29B1EF0D82586E1926EB57D1EBBF5F368B95BB696CEAC417F4C92","decoded/32KiB/x-ray.decoded","32768","10511AA63DFBD9C0DDBFEFE36068740103D4BA1116E214154A0772057D7E9314","0.0660071","0.0651093","2.02734375","2.81640625","2.81640625","74FF260A939B01673667723D8351AAEDB679339610009ECB23C70E373B862D9F","profile_id=2;mode=fast;block_size=65536;zstd_level=3;lzma_level=9;threads=1;process_timeout_seconds=1800","""E:\MIXER\hybridzip\build\Release\hybridzip.exe"" c --profile=r2 --r2-mode=fast --block-size=65536 --zstd-level=3 --threads=1 ""E:\MIXER\hybridzip\results\experiments\hybridzip-r2-e6-fast-k4-full-20260829-w1\children\hybridzip-r2-e6-fast-k4-full-20260829-w1-fast-b64-r2\inputs\32KiB\x-ray.bin"" ""E:\MIXER\hybridzip\results\experiments\hybridzip-r2-e6-fast-k4-full-20260829-w1\children\hybridzip-r2-e6-fast-k4-full-20260829-w1-fast-b64-r2\archives\32KiB\x-ray.hz2""","""E:\MIXER\hybridzip\build\Release\hybridzip.exe"" d ""E:\MIXER\hybridzip\results\experiments\hybridzip-r2-e6-fast-k4-full-20260829-w1\children\hybridzip-r2-e6-fast-k4-full-20260829-w1-fast-b64-r2\archives\32KiB\x-ray.hz2"" ""E:\MIXER\hybridzip\results\experiments\hybridzip-r2-e6-fast-k4-full-20260829-w1\children\hybridzip-r2-e6-fast-k4-full-20260829-w1-fast-b64-r2\decoded\32KiB\x-ray.decoded""","0","0","2026-08-29T14:45:17.8164553+08:00","COMPLETE","PASS","fast-ext=1","Complete R2 archive size; SHA-256 byte-exact roundtrip verified."
"e6-fast","fast","64","2","False","1","1","4","0","00010000","1025B343","4B1AC26C40AD4DA50312FD3B694D7E636FB768C2336FE773BC82D36424C27A4B","0:1,39:1,43:2","1","7962600","7962600","7955500","7955500","7962600","7955500","hybridzip-r2-e6-fast-k4-full-20260829-w1-fast-b64-r2","r2-fast","1","32","x-ray","64","inputs/64KiB/x-ray.bin","65536","B5A07146616BCD7C2D10071D41E07D204DE0AC629C4CA37D8E867FF00574D0D8","archives/64KiB/x-ray.hz2","36457","25970C2133FDBF8EA29AE0C1F09288C323FC418F74483BDEF3C7700AFD6E88AF","decoded/64KiB/x-ray.decoded","65536","B5A07146616BCD7C2D10071D41E07D204DE0AC629C4CA37D8E867FF00574D0D8","0.067188","0.0640201","5.078125","3.84375","5.078125","74FF260A939B01673667723D8351AAEDB679339610009ECB23C70E373B862D9F","profile_id=2;mode=fast;block_size=65536;zstd_level=3;lzma_level=9;threads=1;process_timeout_seconds=1800","""E:\MIXER\hybridzip\build\Release\hybridzip.exe"" c --profile=r2 --r2-mode=fast --block-size=65536 --zstd-level=3 --threads=1 ""E:\MIXER\hybridzip\results\experiments\hybridzip-r2-e6-fast-k4-full-20260829-w1\children\hybridzip-r2-e6-fast-k4-full-20260829-w1-fast-b64-r2\inputs\64KiB\x-ray.bin"" ""E:\MIXER\hybridzip\results\experiments\hybridzip-r2-e6-fast-k4-full-20260829-w1\children\hybridzip-r2-e6-fast-k4-full-20260829-w1-fast-b64-r2\archives\64KiB\x-ray.hz2""","""E:\MIXER\hybridzip\build\Release\hybridzip.exe"" d ""E:\MIXER\hybridzip\results\experiments\hybridzip-r2-e6-fast-k4-full-20260829-w1\children\hybridzip-r2-e6-fast-k4-full-20260829-w1-fast-b64-r2\archives\64KiB\x-ray.hz2"" ""E:\MIXER\hybridzip\results\experiments\hybridzip-r2-e6-fast-k4-full-20260829-w1\children\hybridzip-r2-e6-fast-k4-full-20260829-w1-fast-b64-r2\decoded\64KiB\x-ray.decoded""","0","0","2026-08-29T14:45:18.0492792+08:00","COMPLETE","PASS","fast-ext=1","Complete R2 archive size; SHA-256 byte-exact roundtrip verified."
"e6-fast","fast","64","2","False","1","1","8","0","00010000","1025B343","4B1AC26C40AD4DA50312FD3B694D7E636FB768C2336FE773BC82D36424C27A4B","0:2,39:2,43:4","2","8669500","16290500","8153100","8662500","8669500,16290500","8662500,8153100","hybridzip-r2-e6-fast-k4-full-20260829-w1-fast-b64-r2","r2-fast","1","33","x-ray","128","inputs/128KiB/x-ray.bin","131072","7A65B793FB2A694C20686275A899B304445473528F7C998BE26F8C68EB18F76E","archives/128KiB/x-ray.hz2","72933","419EB59B7D0C641C021AD6CCBC128171043C2035629EA1FAF7581602EC68B895","decoded/128KiB/x-ray.decoded","131072","7A65B793FB2A694C20686275A899B304445473528F7C998BE26F8C68EB18F76E","0.0707919","0.0587289","5.54296875","2.02734375","5.54296875","74FF260A939B01673667723D8351AAEDB679339610009ECB23C70E373B862D9F","profile_id=2;mode=fast;block_size=65536;zstd_level=3;lzma_level=9;threads=1;process_timeout_seconds=1800","""E:\MIXER\hybridzip\build\Release\hybridzip.exe"" c --profile=r2 --r2-mode=fast --block-size=65536 --zstd-level=3 --threads=1 ""E:\MIXER\hybridzip\results\experiments\hybridzip-r2-e6-fast-k4-full-20260829-w1\children\hybridzip-r2-e6-fast-k4-full-20260829-w1-fast-b64-r2\inputs\128KiB\x-ray.bin"" ""E:\MIXER\hybridzip\results\experiments\hybridzip-r2-e6-fast-k4-full-20260829-w1\children\hybridzip-r2-e6-fast-k4-full-20260829-w1-fast-b64-r2\archives\128KiB\x-ray.hz2""","""E:\MIXER\hybridzip\build\Release\hybridzip.exe"" d ""E:\MIXER\hybridzip\results\experiments\hybridzip-r2-e6-fast-k4-full-20260829-w1\children\hybridzip-r2-e6-fast-k4-full-20260829-w1-fast-b64-r2\archives\128KiB\x-ray.hz2"" ""E:\MIXER\hybridzip\results\experiments\hybridzip-r2-e6-fast-k4-full-20260829-w1\children\hybridzip-r2-e6-fast-k4-full-20260829-w1-fast-b64-r2\decoded\128KiB\x-ray.decoded""","0","0","2026-08-29T14:45:18.2831944+08:00","COMPLETE","PASS","fast-ext=2","Complete R2 archive size; SHA-256 byte-exact roundtrip verified."
"e6-fast","fast","64","2","False","1","1","4","0","00010000","1025B343","4B1AC26C40AD4DA50312FD3B694D7E636FB768C2336FE773BC82D36424C27A4B","0:1,39:1,43:2","1","4671700","4671700","4648200","4648200","4671700","4648200","hybridzip-r2-e6-fast-k4-full-20260829-w1-fast-b64-r2","r2-fast","1","34","xml","32","inputs/32KiB/xml.bin","32768","C2F7F129956F8D6FC3D0E3595D93F98D5270B6F5BC4AB5E70F45867822EFDD71","archives/32KiB/xml.hz2","3482","8C9BD52FD7C2E40A739B63126D6CF03C78190C99630D947151C0CAA7694FD49E","decoded/32KiB/xml.decoded","32768","C2F7F129956F8D6FC3D0E3595D93F98D5270B6F5BC4AB5E70F45867822EFDD71","0.058667","0.0655256","2.02734375","2.234375","2.234375","74FF260A939B01673667723D8351AAEDB679339610009ECB23C70E373B862D9F","profile_id=2;mode=fast;block_size=65536;zstd_level=3;lzma_level=9;threads=1;process_timeout_seconds=1800","""E:\MIXER\hybridzip\build\Release\hybridzip.exe"" c --profile=r2 --r2-mode=fast --block-size=65536 --zstd-level=3 --threads=1 ""E:\MIXER\hybridzip\results\experiments\hybridzip-r2-e6-fast-k4-full-20260829-w1\children\hybridzip-r2-e6-fast-k4-full-20260829-w1-fast-b64-r2\inputs\32KiB\xml.bin"" ""E:\MIXER\hybridzip\results\experiments\hybridzip-r2-e6-fast-k4-full-20260829-w1\children\hybridzip-r2-e6-fast-k4-full-20260829-w1-fast-b64-r2\archives\32KiB\xml.hz2""","""E:\MIXER\hybridzip\build\Release\hybridzip.exe"" d ""E:\MIXER\hybridzip\results\experiments\hybridzip-r2-e6-fast-k4-full-20260829-w1\children\hybridzip-r2-e6-fast-k4-full-20260829-w1-fast-b64-r2\archives\32KiB\xml.hz2"" ""E:\MIXER\hybridzip\results\experiments\hybridzip-r2-e6-fast-k4-full-20260829-w1\children\hybridzip-r2-e6-fast-k4-full-20260829-w1-fast-b64-r2\decoded\32KiB\xml.decoded""","0","0","2026-08-29T14:45:18.5090062+08:00","COMPLETE","PASS","fast-ext=1","Complete R2 archive size; SHA-256 byte-exact roundtrip verified."
"e6-fast","fast","64","2","False","1","1","4","0","00010000","1025B343","4B1AC26C40AD4DA50312FD3B694D7E636FB768C2336FE773BC82D36424C27A4B","0:1,39:1,43:2","1","7905200","7905200","7898700","7898700","7905200","7898700","hybridzip-r2-e6-fast-k4-full-20260829-w1-fast-b64-r2","r2-fast","1","35","xml","64","inputs/64KiB/xml.bin","65536","E32AFF2BEBF00105A17DD57F5490C1986D17543CEE837B42EB56B3E0E6F8E7F1","archives/64KiB/xml.hz2","6162","C0DCC2B203F83E53DE5A6CF1148008CB1855E294F70DA0A47341E84F5CE5722D","decoded/64KiB/xml.decoded","65536","E32AFF2BEBF00105A17DD57F5490C1986D17543CEE837B42EB56B3E0E6F8E7F1","0.0593193","0.0425684","5.43359375","2.02734375","5.43359375","74FF260A939B01673667723D8351AAEDB679339610009ECB23C70E373B862D9F","profile_id=2;mode=fast;block_size=65536;zstd_level=3;lzma_level=9;threads=1;process_timeout_seconds=1800","""E:\MIXER\hybridzip\build\Release\hybridzip.exe"" c --profile=r2 --r2-mode=fast --block-size=65536 --zstd-level=3 --threads=1 ""E:\MIXER\hybridzip\results\experiments\hybridzip-r2-e6-fast-k4-full-20260829-w1\children\hybridzip-r2-e6-fast-k4-full-20260829-w1-fast-b64-r2\inputs\64KiB\xml.bin"" ""E:\MIXER\hybridzip\results\experiments\hybridzip-r2-e6-fast-k4-full-20260829-w1\children\hybridzip-r2-e6-fast-k4-full-20260829-w1-fast-b64-r2\archives\64KiB\xml.hz2""","""E:\MIXER\hybridzip\build\Release\hybridzip.exe"" d ""E:\MIXER\hybridzip\results\experiments\hybridzip-r2-e6-fast-k4-full-20260829-w1\children\hybridzip-r2-e6-fast-k4-full-20260829-w1-fast-b64-r2\archives\64KiB\xml.hz2"" ""E:\MIXER\hybridzip\results\experiments\hybridzip-r2-e6-fast-k4-full-20260829-w1\children\hybridzip-r2-e6-fast-k4-full-20260829-w1-fast-b64-r2\decoded\64KiB\xml.decoded""","0","0","2026-08-29T14:45:18.7404574+08:00","COMPLETE","PASS","fast-ext=1","Complete R2 archive size; SHA-256 byte-exact roundtrip verified."
"e6-fast","fast","64","2","False","1","1","8","0","00010000","1025B343","4B1AC26C40AD4DA50312FD3B694D7E636FB768C2336FE773BC82D36424C27A4B","0:2,39:2,43:4","2","7143100","14159400","7136000","7545500","7143100,14159400","7136000,7545500","hybridzip-r2-e6-fast-k4-full-20260829-w1-fast-b64-r2","r2-fast","1","36","xml","128","inputs/128KiB/xml.bin","131072","5FA29C746885F2EEB98734218475915A78092CCB3B0F68B08861EE210E5B6E25","archives/128KiB/xml.hz2","12620","7AFE4DDD24D70376E1C702AD9E06D8A7CEAFCF20135599A3C119EBEC0760AE32","decoded/128KiB/xml.decoded","131072","5FA29C746885F2EEB98734218475915A78092CCB3B0F68B08861EE210E5B6E25","0.0867431","0.0495305","2.02734375","2.02734375","2.02734375","74FF260A939B01673667723D8351AAEDB679339610009ECB23C70E373B862D9F","profile_id=2;mode=fast;block_size=65536;zstd_level=3;lzma_level=9;threads=1;process_timeout_seconds=1800","""E:\MIXER\hybridzip\build\Release\hybridzip.exe"" c --profile=r2 --r2-mode=fast --block-size=65536 --zstd-level=3 --threads=1 ""E:\MIXER\hybridzip\results\experiments\hybridzip-r2-e6-fast-k4-full-20260829-w1\children\hybridzip-r2-e6-fast-k4-full-20260829-w1-fast-b64-r2\inputs\128KiB\xml.bin"" ""E:\MIXER\hybridzip\results\experiments\hybridzip-r2-e6-fast-k4-full-20260829-w1\children\hybridzip-r2-e6-fast-k4-full-20260829-w1-fast-b64-r2\archives\128KiB\xml.hz2""","""E:\MIXER\hybridzip\build\Release\hybridzip.exe"" d ""E:\MIXER\hybridzip\results\experiments\hybridzip-r2-e6-fast-k4-full-20260829-w1\children\hybridzip-r2-e6-fast-k4-full-20260829-w1-fast-b64-r2\archives\128KiB\xml.hz2"" ""E:\MIXER\hybridzip\results\experiments\hybridzip-r2-e6-fast-k4-full-20260829-w1\children\hybridzip-r2-e6-fast-k4-full-20260829-w1-fast-b64-r2\decoded\128KiB\xml.decoded""","0","0","2026-08-29T14:45:18.9388720+08:00","COMPLETE","PASS","fast-ext=2","Complete R2 archive size; SHA-256 byte-exact roundtrip verified."
"e6-fast","fast","64","3","False","1","1","4","0","00010000","1025B343","4B1AC26C40AD4DA50312FD3B694D7E636FB768C2336FE773BC82D36424C27A4B","0:1,39:1,43:2","1","6049500","6049500","5907300","5907300","6049500","5907300","hybridzip-r2-e6-fast-k4-full-20260829-w1-fast-b64-r3","r2-fast","1","1","dickens","32","inputs/32KiB/dickens.bin","32768","FC42DCB9849222C8704C9DCAE606D075B389B66244FB215035148D6409EC0B31","archives/32KiB/dickens.hz2","14204","9D5DD3F72E5BBDFF1F29111E5023181AE160FF4D4FFDE86997DAC78EB7BDA1D2","decoded/32KiB/dickens.decoded","32768","FC42DCB9849222C8704C9DCAE606D075B389B66244FB215035148D6409EC0B31","0.0522313","0.0504945","5.1640625","2.02734375","5.1640625","74FF260A939B01673667723D8351AAEDB679339610009ECB23C70E373B862D9F","profile_id=2;mode=fast;block_size=65536;zstd_level=3;lzma_level=9;threads=1;process_timeout_seconds=1800","""E:\MIXER\hybridzip\build\Release\hybridzip.exe"" c --profile=r2 --r2-mode=fast --block-size=65536 --zstd-level=3 --threads=1 ""E:\MIXER\hybridzip\results\experiments\hybridzip-r2-e6-fast-k4-full-20260829-w1\children\hybridzip-r2-e6-fast-k4-full-20260829-w1-fast-b64-r3\inputs\32KiB\dickens.bin"" ""E:\MIXER\hybridzip\results\experiments\hybridzip-r2-e6-fast-k4-full-20260829-w1\children\hybridzip-r2-e6-fast-k4-full-20260829-w1-fast-b64-r3\archives\32KiB\dickens.hz2""","""E:\MIXER\hybridzip\build\Release\hybridzip.exe"" d ""E:\MIXER\hybridzip\results\experiments\hybridzip-r2-e6-fast-k4-full-20260829-w1\children\hybridzip-r2-e6-fast-k4-full-20260829-w1-fast-b64-r3\archives\32KiB\dickens.hz2"" ""E:\MIXER\hybridzip\results\experiments\hybridzip-r2-e6-fast-k4-full-20260829-w1\children\hybridzip-r2-e6-fast-k4-full-20260829-w1-fast-b64-r3\decoded\32KiB\dickens.decoded""","0","0","2026-08-29T14:45:20.4775786+08:00","COMPLETE","PASS","fast-ext=1","Complete R2 archive size; SHA-256 byte-exact roundtrip verified."
"e6-fast","fast","64","3","False","1","1","4","0","00010000","1025B343","4B1AC26C40AD4DA50312FD3B694D7E636FB768C2336FE773BC82D36424C27A4B","0:1,39:1,43:2","1","10667200","10667200","10661100","10661100","10667200","10661100","hybridzip-r2-e6-fast-k4-full-20260829-w1-fast-b64-r3","r2-fast","1","2","dickens","64","inputs/64KiB/dickens.bin","65536","134AD989A7B8B40C900A3B9C0F4895317DFD827D9E6E933895B08D2F4A8A8293","archives/64KiB/dickens.hz2","27191","565621A47F272DFFF89390990EFD98364D7FA98CC250207A325D8423777F9510","decoded/64KiB/dickens.decoded","65536","134AD989A7B8B40C900A3B9C0F4895317DFD827D9E6E933895B08D2F4A8A8293","0.0627284","0.0419397","3.56640625","2.02734375","3.56640625","74FF260A939B01673667723D8351AAEDB679339610009ECB23C70E373B862D9F","profile_id=2;mode=fast;block_size=65536;zstd_level=3;lzma_level=9;threads=1;process_timeout_seconds=1800","""E:\MIXER\hybridzip\build\Release\hybridzip.exe"" c --profile=r2 --r2-mode=fast --block-size=65536 --zstd-level=3 --threads=1 ""E:\MIXER\hybridzip\results\experiments\hybridzip-r2-e6-fast-k4-full-20260829-w1\children\hybridzip-r2-e6-fast-k4-full-20260829-w1-fast-b64-r3\inputs\64KiB\dickens.bin"" ""E:\MIXER\hybridzip\results\experiments\hybridzip-r2-e6-fast-k4-full-20260829-w1\children\hybridzip-r2-e6-fast-k4-full-20260829-w1-fast-b64-r3\archives\64KiB\dickens.hz2""","""E:\MIXER\hybridzip\build\Release\hybridzip.exe"" d ""E:\MIXER\hybridzip\results\experiments\hybridzip-r2-e6-fast-k4-full-20260829-w1\children\hybridzip-r2-e6-fast-k4-full-20260829-w1-fast-b64-r3\archives\64KiB\dickens.hz2"" ""E:\MIXER\hybridzip\results\experiments\hybridzip-r2-e6-fast-k4-full-20260829-w1\children\hybridzip-r2-e6-fast-k4-full-20260829-w1-fast-b64-r3\decoded\64KiB\dickens.decoded""","0","0","2026-08-29T14:45:20.6499873+08:00","COMPLETE","PASS","fast-ext=1","Complete R2 archive size; SHA-256 byte-exact roundtrip verified."
"e6-fast","fast","64","3","False","1","1","8","0","00010000","1025B343","4B1AC26C40AD4DA50312FD3B694D7E636FB768C2336FE773BC82D36424C27A4B","0:2,39:2,43:4","2","10668300","21030700","10564400","10862300","10668300,21030700","10564400,10862300","hybridzip-r2-e6-fast-k4-full-20260829-w1-fast-b64-r3","r2-fast","1","3","dickens","128","inputs/128KiB/dickens.bin","131072","20E33FCC8FAA96DC32A2D0921115C0F363E64C598A5847CE1A3876E356D59872","archives/128KiB/dickens.hz2","53617","186743C9B3840705B35B147D9292461151EBB5F4E68613D98A88312020CEABA6","decoded/128KiB/dickens.decoded","131072","20E33FCC8FAA96DC32A2D0921115C0F363E64C598A5847CE1A3876E356D59872","0.0806673","0.0508022","5.5390625","2.02734375","5.5390625","74FF260A939B01673667723D8351AAEDB679339610009ECB23C70E373B862D9F","profile_id=2;mode=fast;block_size=65536;zstd_level=3;lzma_level=9;threads=1;process_timeout_seconds=1800","""E:\MIXER\hybridzip\build\Release\hybridzip.exe"" c --profile=r2 --r2-mode=fast --block-size=65536 --zstd-level=3 --threads=1 ""E:\MIXER\hybridzip\results\experiments\hybridzip-r2-e6-fast-k4-full-20260829-w1\children\hybridzip-r2-e6-fast-k4-full-20260829-w1-fast-b64-r3\inputs\128KiB\dickens.bin"" ""E:\MIXER\hybridzip\results\experiments\hybridzip-r2-e6-fast-k4-full-20260829-w1\children\hybridzip-r2-e6-fast-k4-full-20260829-w1-fast-b64-r3\archives\128KiB\dickens.hz2""","""E:\MIXER\hybridzip\build\Release\hybridzip.exe"" d ""E:\MIXER\hybridzip\results\experiments\hybridzip-r2-e6-fast-k4-full-20260829-w1\children\hybridzip-r2-e6-fast-k4-full-20260829-w1-fast-b64-r3\archives\128KiB\dickens.hz2"" ""E:\MIXER\hybridzip\results\experiments\hybridzip-r2-e6-fast-k4-full-20260829-w1\children\hybridzip-r2-e6-fast-k4-full-20260829-w1-fast-b64-r3\decoded\128KiB\dickens.decoded""","0","0","2026-08-29T14:45:20.8324692+08:00","COMPLETE","PASS","fast-ext=2","Complete R2 archive size; SHA-256 byte-exact roundtrip verified."
"e6-fast","fast","64","3","False","1","1","4","0","00010000","1025B343","4B1AC26C40AD4DA50312FD3B694D7E636FB768C2336FE773BC82D36424C27A4B","0:1,39:1,43:2","1","7452700","7452700","7425800","7425800","7452700","7425800","hybridzip-r2-e6-fast-k4-full-20260829-w1-fast-b64-r3","r2-fast","1","4","mozilla","32","inputs/32KiB/mozilla.bin","32768","9DDEEF36CA0CA55B72FE3376D005926DFF3400A2ADE6EAE18482D8017D8645DB","archives/32KiB/mozilla.hz2","11271","77B240ED52BB826621AD3CFEEAF32B0880894AE814EA879188AFC0190ABD83BF","decoded/32KiB/mozilla.decoded","32768","9DDEEF36CA0CA55B72FE3376D005926DFF3400A2ADE6EAE18482D8017D8645DB","0.0585691","0.0408503","5.25","2.0234375","5.25","74FF260A939B01673667723D8351AAEDB679339610009ECB23C70E373B862D9F","profile_id=2;mode=fast;block_size=65536;zstd_level=3;lzma_level=9;threads=1;process_timeout_seconds=1800","""E:\MIXER\hybridzip\build\Release\hybridzip.exe"" c --profile=r2 --r2-mode=fast --block-size=65536 --zstd-level=3 --threads=1 ""E:\MIXER\hybridzip\results\experiments\hybridzip-r2-e6-fast-k4-full-20260829-w1\children\hybridzip-r2-e6-fast-k4-full-20260829-w1-fast-b64-r3\inputs\32KiB\mozilla.bin"" ""E:\MIXER\hybridzip\results\experiments\hybridzip-r2-e6-fast-k4-full-20260829-w1\children\hybridzip-r2-e6-fast-k4-full-20260829-w1-fast-b64-r3\archives\32KiB\mozilla.hz2""","""E:\MIXER\hybridzip\build\Release\hybridzip.exe"" d ""E:\MIXER\hybridzip\results\experiments\hybridzip-r2-e6-fast-k4-full-20260829-w1\children\hybridzip-r2-e6-fast-k4-full-20260829-w1-fast-b64-r3\archives\32KiB\mozilla.hz2"" ""E:\MIXER\hybridzip\results\experiments\hybridzip-r2-e6-fast-k4-full-20260829-w1\children\hybridzip-r2-e6-fast-k4-full-20260829-w1-fast-b64-r3\decoded\32KiB\mozilla.decoded""","0","0","2026-08-29T14:45:21.0377708+08:00","COMPLETE","PASS","fast-ext=1","Complete R2 archive size; SHA-256 byte-exact roundtrip verified."
"e6-fast","fast","64","3","False","1","1","4","0","00010000","1025B343","4B1AC26C40AD4DA50312FD3B694D7E636FB768C2336FE773BC82D36424C27A4B","0:1,39:1,43:2","1","12888500","12888500","12882400","12882400","12888500","12882400","hybridzip-r2-e6-fast-k4-full-20260829-w1-fast-b64-r3","r2-fast","1","5","mozilla","64","inputs/64KiB/mozilla.bin","65536","B0050240663F54371D372303EEABA0A59AB0758BCD565F4F639D06561E6BC996","archives/64KiB/mozilla.hz2","15984","C2CD5BA868B50D0568DCCDF8DBCDC3A1FD17033AE420AB77FEC963E4E6A1BB93","decoded/64KiB/mozilla.decoded","65536","B0050240663F54371D372303EEABA0A59AB0758BCD565F4F639D06561E6BC996","0.0557289","0.0418769","5.41796875","2.0234375","5.41796875","74FF260A939B01673667723D8351AAEDB679339610009ECB23C70E373B862D9F","profile_id=2;mode=fast;block_size=65536;zstd_level=3;lzma_level=9;threads=1;process_timeout_seconds=1800","""E:\MIXER\hybridzip\build\Release\hybridzip.exe"" c --profile=r2 --r2-mode=fast --block-size=65536 --zstd-level=3 --threads=1 ""E:\MIXER\hybridzip\results\experiments\hybridzip-r2-e6-fast-k4-full-20260829-w1\children\hybridzip-r2-e6-fast-k4-full-20260829-w1-fast-b64-r3\inputs\64KiB\mozilla.bin"" ""E:\MIXER\hybridzip\results\experiments\hybridzip-r2-e6-fast-k4-full-20260829-w1\children\hybridzip-r2-e6-fast-k4-full-20260829-w1-fast-b64-r3\archives\64KiB\mozilla.hz2""","""E:\MIXER\hybridzip\build\Release\hybridzip.exe"" d ""E:\MIXER\hybridzip\results\experiments\hybridzip-r2-e6-fast-k4-full-20260829-w1\children\hybridzip-r2-e6-fast-k4-full-20260829-w1-fast-b64-r3\archives\64KiB\mozilla.hz2"" ""E:\MIXER\hybridzip\results\experiments\hybridzip-r2-e6-fast-k4-full-20260829-w1\children\hybridzip-r2-e6-fast-k4-full-20260829-w1-fast-b64-r3\decoded\64KiB\mozilla.decoded""","0","0","2026-08-29T14:45:21.2098698+08:00","COMPLETE","PASS","fast-ext=1","Complete R2 archive size; SHA-256 byte-exact roundtrip verified."
"e6-fast","fast","64","3","False","1","1","8","0","00010000","1025B343","4B1AC26C40AD4DA50312FD3B694D7E636FB768C2336FE773BC82D36424C27A4B","0:2,39:2,43:4","2","12505700","20665900","8690900","12499400","12505700,20665900","12499400,8690900","hybridzip-r2-e6-fast-k4-full-20260829-w1-fast-b64-r3","r2-fast","1","6","mozilla","128","inputs/128KiB/mozilla.bin","131072","85CDBEA98382DB12E9A21FF90E1907452712D074000A6B855D2CA215FA591EB4","archives/128KiB/mozilla.hz2","24000","14353AC849C6E8AE37013AC4205841A71F93B6AACF1B9E9B7F10DC4A1B917701","decoded/128KiB/mozilla.decoded","131072","85CDBEA98382DB12E9A21FF90E1907452712D074000A6B855D2CA215FA591EB4","0.0668776","0.0543037","4.21875","4.2890625","4.2890625","74FF260A939B01673667723D8351AAEDB679339610009ECB23C70E373B862D9F","profile_id=2;mode=fast;block_size=65536;zstd_level=3;lzma_level=9;threads=1;process_timeout_seconds=1800","""E:\MIXER\hybridzip\build\Release\hybridzip.exe"" c --profile=r2 --r2-mode=fast --block-size=65536 --zstd-level=3 --threads=1 ""E:\MIXER\hybridzip\results\experiments\hybridzip-r2-e6-fast-k4-full-20260829-w1\children\hybridzip-r2-e6-fast-k4-full-20260829-w1-fast-b64-r3\inputs\128KiB\mozilla.bin"" ""E:\MIXER\hybridzip\results\experiments\hybridzip-r2-e6-fast-k4-full-20260829-w1\children\hybridzip-r2-e6-fast-k4-full-20260829-w1-fast-b64-r3\archives\128KiB\mozilla.hz2""","""E:\MIXER\hybridzip\build\Release\hybridzip.exe"" d ""E:\MIXER\hybridzip\results\experiments\hybridzip-r2-e6-fast-k4-full-20260829-w1\children\hybridzip-r2-e6-fast-k4-full-20260829-w1-fast-b64-r3\archives\128KiB\mozilla.hz2"" ""E:\MIXER\hybridzip\results\experiments\hybridzip-r2-e6-fast-k4-full-20260829-w1\children\hybridzip-r2-e6-fast-k4-full-20260829-w1-fast-b64-r3\decoded\128KiB\mozilla.decoded""","0","0","2026-08-29T14:45:21.3832606+08:00","COMPLETE","PASS","fast-ext=2","Complete R2 archive size; SHA-256 byte-exact roundtrip verified."
"e6-fast","fast","64","3","False","1","1","4","0","00010000","1025B343","4B1AC26C40AD4DA50312FD3B694D7E636FB768C2336FE773BC82D36424C27A4B","0:1,39:1,43:2","1","7953700","7953700","7875700","7875700","7953700","7875700","hybridzip-r2-e6-fast-k4-full-20260829-w1-fast-b64-r3","r2-fast","1","7","mr","32","inputs/32KiB/mr.bin","32768","3BB287B0AF65F777AB00C14E362B4D1962087260556001BBEE0689AA10D9F76A","archives/32KiB/mr.hz2","8048","26097D8AA55017CBC238A4467A3257B4D648B1E533474321E04DF3C3D439A659","decoded/32KiB/mr.decoded","32768","3BB287B0AF65F777AB00C14E362B4D1962087260556001BBEE0689AA10D9F76A","0.0582285","0.0543887","2.02734375","2.02734375","2.02734375","74FF260A939B01673667723D8351AAEDB679339610009ECB23C70E373B862D9F","profile_id=2;mode=fast;block_size=65536;zstd_level=3;lzma_level=9;threads=1;process_timeout_seconds=1800","""E:\MIXER\hybridzip\build\Release\hybridzip.exe"" c --profile=r2 --r2-mode=fast --block-size=65536 --zstd-level=3 --threads=1 ""E:\MIXER\hybridzip\results\experiments\hybridzip-r2-e6-fast-k4-full-20260829-w1\children\hybridzip-r2-e6-fast-k4-full-20260829-w1-fast-b64-r3\inputs\32KiB\mr.bin"" ""E:\MIXER\hybridzip\results\experiments\hybridzip-r2-e6-fast-k4-full-20260829-w1\children\hybridzip-r2-e6-fast-k4-full-20260829-w1-fast-b64-r3\archives\32KiB\mr.hz2""","""E:\MIXER\hybridzip\build\Release\hybridzip.exe"" d ""E:\MIXER\hybridzip\results\experiments\hybridzip-r2-e6-fast-k4-full-20260829-w1\children\hybridzip-r2-e6-fast-k4-full-20260829-w1-fast-b64-r3\archives\32KiB\mr.hz2"" ""E:\MIXER\hybridzip\results\experiments\hybridzip-r2-e6-fast-k4-full-20260829-w1\children\hybridzip-r2-e6-fast-k4-full-20260829-w1-fast-b64-r3\decoded\32KiB\mr.decoded""","0","0","2026-08-29T14:45:21.5786638+08:00","COMPLETE","PASS","fast-ext=1","Complete R2 archive size; SHA-256 byte-exact roundtrip verified."
"e6-fast","fast","64","3","False","1","1","4","0","00010000","1025B343","4B1AC26C40AD4DA50312FD3B694D7E636FB768C2336FE773BC82D36424C27A4B","0:1,39:1,43:2","1","13673900","13673900","13667700","13667700","13673900","13667700","hybridzip-r2-e6-fast-k4-full-20260829-w1-fast-b64-r3","r2-fast","1","8","mr","64","inputs/64KiB/mr.bin","65536","CAB7B6408934009A4BBFEDB57BEB4943BF5478CF8B3688D01F004E0422EBC651","archives/64KiB/mr.hz2","15043","82A58EBA627DC5FAC3FEFB8C2CF22FE2FD189BAE2B8F946A0A941901DF421CF0","decoded/64KiB/mr.decoded","65536","CAB7B6408934009A4BBFEDB57BEB4943BF5478CF8B3688D01F004E0422EBC651","0.0661545","0.0558167","5.4609375","4.5546875","5.4609375","74FF260A939B01673667723D8351AAEDB679339610009ECB23C70E373B862D9F","profile_id=2;mode=fast;block_size=65536;zstd_level=3;lzma_level=9;threads=1;process_timeout_seconds=1800","""E:\MIXER\hybridzip\build\Release\hybridzip.exe"" c --profile=r2 --r2-mode=fast --block-size=65536 --zstd-level=3 --threads=1 ""E:\MIXER\hybridzip\results\experiments\hybridzip-r2-e6-fast-k4-full-20260829-w1\children\hybridzip-r2-e6-fast-k4-full-20260829-w1-fast-b64-r3\inputs\64KiB\mr.bin"" ""E:\MIXER\hybridzip\results\experiments\hybridzip-r2-e6-fast-k4-full-20260829-w1\children\hybridzip-r2-e6-fast-k4-full-20260829-w1-fast-b64-r3\archives\64KiB\mr.hz2""","""E:\MIXER\hybridzip\build\Release\hybridzip.exe"" d ""E:\MIXER\hybridzip\results\experiments\hybridzip-r2-e6-fast-k4-full-20260829-w1\children\hybridzip-r2-e6-fast-k4-full-20260829-w1-fast-b64-r3\archives\64KiB\mr.hz2"" ""E:\MIXER\hybridzip\results\experiments\hybridzip-r2-e6-fast-k4-full-20260829-w1\children\hybridzip-r2-e6-fast-k4-full-20260829-w1-fast-b64-r3\decoded\64KiB\mr.decoded""","0","0","2026-08-29T14:45:21.7669271+08:00","COMPLETE","PASS","fast-ext=1","Complete R2 archive size; SHA-256 byte-exact roundtrip verified."
"e6-fast","fast","64","3","False","1","1","8","0","00010000","1025B343","4B1AC26C40AD4DA50312FD3B694D7E636FB768C2336FE773BC82D36424C27A4B","0:2,39:2,43:4","2","14231500","27014600","13263300","14225300","14231500,27014600","14225300,13263300","hybridzip-r2-e6-fast-k4-full-20260829-w1-fast-b64-r3","r2-fast","1","9","mr","128","inputs/128KiB/mr.bin","131072","473A6A883480C7B2E69402AD888AC07B347C2DF61C6AA0D84E8B8130A27792EA","archives/128KiB/mr.hz2","27871","469D03B9488515173E2A8355558EE08D46B69518422882511A47A603E1B7EC1B","decoded/128KiB/mr.decoded","131072","473A6A883480C7B2E69402AD888AC07B347C2DF61C6AA0D84E8B8130A27792EA","0.0770815","0.0451353","5.51171875","2.02734375","5.51171875","74FF260A939B01673667723D8351AAEDB679339610009ECB23C70E373B862D9F","profile_id=2;mode=fast;block_size=65536;zstd_level=3;lzma_level=9;threads=1;process_timeout_seconds=1800","""E:\MIXER\hybridzip\build\Release\hybridzip.exe"" c --profile=r2 --r2-mode=fast --block-size=65536 --zstd-level=3 --threads=1 ""E:\MIXER\hybridzip\results\experiments\hybridzip-r2-e6-fast-k4-full-20260829-w1\children\hybridzip-r2-e6-fast-k4-full-20260829-w1-fast-b64-r3\inputs\128KiB\mr.bin"" ""E:\MIXER\hybridzip\results\experiments\hybridzip-r2-e6-fast-k4-full-20260829-w1\children\hybridzip-r2-e6-fast-k4-full-20260829-w1-fast-b64-r3\archives\128KiB\mr.hz2""","""E:\MIXER\hybridzip\build\Release\hybridzip.exe"" d ""E:\MIXER\hybridzip\results\experiments\hybridzip-r2-e6-fast-k4-full-20260829-w1\children\hybridzip-r2-e6-fast-k4-full-20260829-w1-fast-b64-r3\archives\128KiB\mr.hz2"" ""E:\MIXER\hybridzip\results\experiments\hybridzip-r2-e6-fast-k4-full-20260829-w1\children\hybridzip-r2-e6-fast-k4-full-20260829-w1-fast-b64-r3\decoded\128KiB\mr.decoded""","0","0","2026-08-29T14:45:21.9663435+08:00","COMPLETE","PASS","fast-ext=2","Complete R2 archive size; SHA-256 byte-exact roundtrip verified."
"e6-fast","fast","64","3","False","1","1","4","0","00010000","1025B343","4B1AC26C40AD4DA50312FD3B694D7E636FB768C2336FE773BC82D36424C27A4B","0:1,39:1,43:2","1","5763500","5763500","5741800","5741800","5763500","5741800","hybridzip-r2-e6-fast-k4-full-20260829-w1-fast-b64-r3","r2-fast","1","10","nci","32","inputs/32KiB/nci.bin","32768","0D3034FE8B0E573DE1439ED98CE409B83B13E5895085C9BFB0BF980F4962FB79","archives/32KiB/nci.hz2","3101","20A7F2B7BFA93DBBA8AE3A2E786FBFCBF8D1DEDDDD86D8002E3177D34F4C9F88","decoded/32KiB/nci.decoded","32768","0D3034FE8B0E573DE1439ED98CE409B83B13E5895085C9BFB0BF980F4962FB79","0.0558587","0.051922","5.23828125","4.46875","5.23828125","74FF260A939B01673667723D8351AAEDB679339610009ECB23C70E373B862D9F","profile_id=2;mode=fast;block_size=65536;zstd_level=3;lzma_level=9;threads=1;process_timeout_seconds=1800","""E:\MIXER\hybridzip\build\Release\hybridzip.exe"" c --profile=r2 --r2-mode=fast --block-size=65536 --zstd-level=3 --threads=1 ""E:\MIXER\hybridzip\results\experiments\hybridzip-r2-e6-fast-k4-full-20260829-w1\children\hybridzip-r2-e6-fast-k4-full-20260829-w1-fast-b64-r3\inputs\32KiB\nci.bin"" ""E:\MIXER\hybridzip\results\experiments\hybridzip-r2-e6-fast-k4-full-20260829-w1\children\hybridzip-r2-e6-fast-k4-full-20260829-w1-fast-b64-r3\archives\32KiB\nci.hz2""","""E:\MIXER\hybridzip\build\Release\hybridzip.exe"" d ""E:\MIXER\hybridzip\results\experiments\hybridzip-r2-e6-fast-k4-full-20260829-w1\children\hybridzip-r2-e6-fast-k4-full-20260829-w1-fast-b64-r3\archives\32KiB\nci.hz2"" ""E:\MIXER\hybridzip\results\experiments\hybridzip-r2-e6-fast-k4-full-20260829-w1\children\hybridzip-r2-e6-fast-k4-full-20260829-w1-fast-b64-r3\decoded\32KiB\nci.decoded""","0","0","2026-08-29T14:45:22.1583036+08:00","COMPLETE","PASS","fast-ext=1","Complete R2 archive size; SHA-256 byte-exact roundtrip verified."
"e6-fast","fast","64","3","False","1","1","4","0","00010000","1025B343","4B1AC26C40AD4DA50312FD3B694D7E636FB768C2336FE773BC82D36424C27A4B","0:1,39:1,43:2","1","8298100","8298100","8291700","8291700","8298100","8291700","hybridzip-r2-e6-fast-k4-full-20260829-w1-fast-b64-r3","r2-fast","1","11","nci","64","inputs/64KiB/nci.bin","65536","B01B411AC3B5CE2FBF37242C0C59D2D236D2F7039937C1B1A0F18F4CC02549FE","archives/64KiB/nci.hz2","5293","BF0AB292141BAA43662BC98D0C6137FF7324B74823FF5AD2885788872B5B9833","decoded/64KiB/nci.decoded","65536","B01B411AC3B5CE2FBF37242C0C59D2D236D2F7039937C1B1A0F18F4CC02549FE","0.0581022","0.0424725","4.83203125","2.02734375","4.83203125","74FF260A939B01673667723D8351AAEDB679339610009ECB23C70E373B862D9F","profile_id=2;mode=fast;block_size=65536;zstd_level=3;lzma_level=9;threads=1;process_timeout_seconds=1800","""E:\MIXER\hybridzip\build\Release\hybridzip.exe"" c --profile=r2 --r2-mode=fast --block-size=65536 --zstd-level=3 --threads=1 ""E:\MIXER\hybridzip\results\experiments\hybridzip-r2-e6-fast-k4-full-20260829-w1\children\hybridzip-r2-e6-fast-k4-full-20260829-w1-fast-b64-r3\inputs\64KiB\nci.bin"" ""E:\MIXER\hybridzip\results\experiments\hybridzip-r2-e6-fast-k4-full-20260829-w1\children\hybridzip-r2-e6-fast-k4-full-20260829-w1-fast-b64-r3\archives\64KiB\nci.hz2""","""E:\MIXER\hybridzip\build\Release\hybridzip.exe"" d ""E:\MIXER\hybridzip\results\experiments\hybridzip-r2-e6-fast-k4-full-20260829-w1\children\hybridzip-r2-e6-fast-k4-full-20260829-w1-fast-b64-r3\archives\64KiB\nci.hz2"" ""E:\MIXER\hybridzip\results\experiments\hybridzip-r2-e6-fast-k4-full-20260829-w1\children\hybridzip-r2-e6-fast-k4-full-20260829-w1-fast-b64-r3\decoded\64KiB\nci.decoded""","0","0","2026-08-29T14:45:22.3391111+08:00","COMPLETE","PASS","fast-ext=1","Complete R2 archive size; SHA-256 byte-exact roundtrip verified."
"e6-fast","fast","64","3","False","1","1","8","0","00010000","1025B343","4B1AC26C40AD4DA50312FD3B694D7E636FB768C2336FE773BC82D36424C27A4B","0:2,39:2,43:4","2","8255100","16071800","8248100","8356900","8255100,16071800","8248100,8356900","hybridzip-r2-e6-fast-k4-full-20260829-w1-fast-b64-r3","r2-fast","1","12","nci","128","inputs/128KiB/nci.bin","131072","C8A1D610355E5EF900ED4C704DF14ADF1935D95DFD8F1740AC9FD90FC9BF5781","archives/128KiB/nci.hz2","11817","18CABFFF394D9FE2B9EA39CC0ACB870188A2964A3A4A5296B2F1CDC8E52C20A8","decoded/128KiB/nci.decoded","131072","C8A1D610355E5EF900ED4C704DF14ADF1935D95DFD8F1740AC9FD90FC9BF5781","0.0694581","0.0432814","5.50390625","2.02734375","5.50390625","74FF260A939B01673667723D8351AAEDB679339610009ECB23C70E373B862D9F","profile_id=2;mode=fast;block_size=65536;zstd_level=3;lzma_level=9;threads=1;process_timeout_seconds=1800","""E:\MIXER\hybridzip\build\Release\hybridzip.exe"" c --profile=r2 --r2-mode=fast --block-size=65536 --zstd-level=3 --threads=1 ""E:\MIXER\hybridzip\results\experiments\hybridzip-r2-e6-fast-k4-full-20260829-w1\children\hybridzip-r2-e6-fast-k4-full-20260829-w1-fast-b64-r3\inputs\128KiB\nci.bin"" ""E:\MIXER\hybridzip\results\experiments\hybridzip-r2-e6-fast-k4-full-20260829-w1\children\hybridzip-r2-e6-fast-k4-full-20260829-w1-fast-b64-r3\archives\128KiB\nci.hz2""","""E:\MIXER\hybridzip\build\Release\hybridzip.exe"" d ""E:\MIXER\hybridzip\results\experiments\hybridzip-r2-e6-fast-k4-full-20260829-w1\children\hybridzip-r2-e6-fast-k4-full-20260829-w1-fast-b64-r3\archives\128KiB\nci.hz2"" ""E:\MIXER\hybridzip\results\experiments\hybridzip-r2-e6-fast-k4-full-20260829-w1\children\hybridzip-r2-e6-fast-k4-full-20260829-w1-fast-b64-r3\decoded\128KiB\nci.decoded""","0","0","2026-08-29T14:45:22.5095771+08:00","COMPLETE","PASS","fast-ext=2","Complete R2 archive size; SHA-256 byte-exact roundtrip verified."
"e6-fast","fast","64","3","False","1","1","4","0","00010000","1025B343","4B1AC26C40AD4DA50312FD3B694D7E636FB768C2336FE773BC82D36424C27A4B","0:1,39:1,43:2","1","8590100","8590100","8583200","8583200","8590100","8583200","hybridzip-r2-e6-fast-k4-full-20260829-w1-fast-b64-r3","r2-fast","1","13","ooffice","32","inputs/32KiB/ooffice.bin","32768","2ACF9B4CAAEAC5814CDFEF0FA48A5ECE857C847DBDB7B44EEAB95CA3C098921C","archives/32KiB/ooffice.hz2","13020","D6B67E3B11966162C5B3A15324412703EE0ACE5B3788733346FECD13F70B415A","decoded/32KiB/ooffice.decoded","32768","2ACF9B4CAAEAC5814CDFEF0FA48A5ECE857C847DBDB7B44EEAB95CA3C098921C","0.0631377","0.0596575","2.02734375","2.02734375","2.02734375","74FF260A939B01673667723D8351AAEDB679339610009ECB23C70E373B862D9F","profile_id=2;mode=fast;block_size=65536;zstd_level=3;lzma_level=9;threads=1;process_timeout_seconds=1800","""E:\MIXER\hybridzip\build\Release\hybridzip.exe"" c --profile=r2 --r2-mode=fast --block-size=65536 --zstd-level=3 --threads=1 ""E:\MIXER\hybridzip\results\experiments\hybridzip-r2-e6-fast-k4-full-20260829-w1\children\hybridzip-r2-e6-fast-k4-full-20260829-w1-fast-b64-r3\inputs\32KiB\ooffice.bin"" ""E:\MIXER\hybridzip\results\experiments\hybridzip-r2-e6-fast-k4-full-20260829-w1\children\hybridzip-r2-e6-fast-k4-full-20260829-w1-fast-b64-r3\archives\32KiB\ooffice.hz2""","""E:\MIXER\hybridzip\build\Release\hybridzip.exe"" d ""E:\MIXER\hybridzip\results\experiments\hybridzip-r2-e6-fast-k4-full-20260829-w1\children\hybridzip-r2-e6-fast-k4-full-20260829-w1-fast-b64-r3\archives\32KiB\ooffice.hz2"" ""E:\MIXER\hybridzip\results\experiments\hybridzip-r2-e6-fast-k4-full-20260829-w1\children\hybridzip-r2-e6-fast-k4-full-20260829-w1-fast-b64-r3\decoded\32KiB\ooffice.decoded""","0","0","2026-08-29T14:45:22.6954866+08:00","COMPLETE","PASS","fast-ext=1","Complete R2 archive size; SHA-256 byte-exact roundtrip verified."
"e6-fast","fast","64","3","False","1","1","4","0","00010000","1025B343","4B1AC26C40AD4DA50312FD3B694D7E636FB768C2336FE773BC82D36424C27A4B","0:1,39:1,43:2","1","9329100","9329100","9323200","9323200","9329100","9323200","hybridzip-r2-e6-fast-k4-full-20260829-w1-fast-b64-r3","r2-fast","1","14","ooffice","64","inputs/64KiB/ooffice.bin","65536","9D30521922187D0A26F56CF2DF85001F9585D0D4EC6A0A8797466AFCC367F825","archives/64KiB/ooffice.hz2","30037","8E7AEC2A2156752EF4D868FBA9E4C9C5C7C39F59A489801B48673823BA8F38D9","decoded/64KiB/ooffice.decoded","65536","9D30521922187D0A26F56CF2DF85001F9585D0D4EC6A0A8797466AFCC367F825","0.0598644","0.0424503","2.02734375","2.02734375","2.02734375","74FF260A939B01673667723D8351AAEDB679339610009ECB23C70E373B862D9F","profile_id=2;mode=fast;block_size=65536;zstd_level=3;lzma_level=9;threads=1;process_timeout_seconds=1800","""E:\MIXER\hybridzip\build\Release\hybridzip.exe"" c --profile=r2 --r2-mode=fast --block-size=65536 --zstd-level=3 --threads=1 ""E:\MIXER\hybridzip\results\experiments\hybridzip-r2-e6-fast-k4-full-20260829-w1\children\hybridzip-r2-e6-fast-k4-full-20260829-w1-fast-b64-r3\inputs\64KiB\ooffice.bin"" ""E:\MIXER\hybridzip\results\experiments\hybridzip-r2-e6-fast-k4-full-20260829-w1\children\hybridzip-r2-e6-fast-k4-full-20260829-w1-fast-b64-r3\archives\64KiB\ooffice.hz2""","""E:\MIXER\hybridzip\build\Release\hybridzip.exe"" d ""E:\MIXER\hybridzip\results\experiments\hybridzip-r2-e6-fast-k4-full-20260829-w1\children\hybridzip-r2-e6-fast-k4-full-20260829-w1-fast-b64-r3\archives\64KiB\ooffice.hz2"" ""E:\MIXER\hybridzip\results\experiments\hybridzip-r2-e6-fast-k4-full-20260829-w1\children\hybridzip-r2-e6-fast-k4-full-20260829-w1-fast-b64-r3\decoded\64KiB\ooffice.decoded""","0","0","2026-08-29T14:45:22.8944604+08:00","COMPLETE","PASS","fast-ext=1","Complete R2 archive size; SHA-256 byte-exact roundtrip verified."
"e6-fast","fast","64","3","False","1","1","8","0","00010000","1025B343","4B1AC26C40AD4DA50312FD3B694D7E636FB768C2336FE773BC82D36424C27A4B","0:2,39:2,43:4","2","10044200","19181300","9649700","10036400","10044200,19181300","10036400,9649700","hybridzip-r2-e6-fast-k4-full-20260829-w1-fast-b64-r3","r2-fast","1","15","ooffice","128","inputs/128KiB/ooffice.bin","131072","09FA5F3EE5311528863F8C3FADA3B530CC24AC1D88128E4DB2BF434161879FEF","archives/128KiB/ooffice.hz2","65354","E37D6F2F36E3559F450251659A6605C13642A8757DCA1EB4CC43A5C01C7CF5A4","decoded/128KiB/ooffice.decoded","131072","09FA5F3EE5311528863F8C3FADA3B530CC24AC1D88128E4DB2BF434161879FEF","0.0616113","0.0556042","5.51171875","4.58984375","5.51171875","74FF260A939B01673667723D8351AAEDB679339610009ECB23C70E373B862D9F","profile_id=2;mode=fast;block_size=65536;zstd_level=3;lzma_level=9;threads=1;process_timeout_seconds=1800","""E:\MIXER\hybridzip\build\Release\hybridzip.exe"" c --profile=r2 --r2-mode=fast --block-size=65536 --zstd-level=3 --threads=1 ""E:\MIXER\hybridzip\results\experiments\hybridzip-r2-e6-fast-k4-full-20260829-w1\children\hybridzip-r2-e6-fast-k4-full-20260829-w1-fast-b64-r3\inputs\128KiB\ooffice.bin"" ""E:\MIXER\hybridzip\results\experiments\hybridzip-r2-e6-fast-k4-full-20260829-w1\children\hybridzip-r2-e6-fast-k4-full-20260829-w1-fast-b64-r3\archives\128KiB\ooffice.hz2""","""E:\MIXER\hybridzip\build\Release\hybridzip.exe"" d ""E:\MIXER\hybridzip\results\experiments\hybridzip-r2-e6-fast-k4-full-20260829-w1\children\hybridzip-r2-e6-fast-k4-full-20260829-w1-fast-b64-r3\archives\128KiB\ooffice.hz2"" ""E:\MIXER\hybridzip\results\experiments\hybridzip-r2-e6-fast-k4-full-20260829-w1\children\hybridzip-r2-e6-fast-k4-full-20260829-w1-fast-b64-r3\decoded\128KiB\ooffice.decoded""","0","0","2026-08-29T14:45:23.0787089+08:00","COMPLETE","PASS","fast-ext=2","Complete R2 archive size; SHA-256 byte-exact roundtrip verified."
"e6-fast","fast","64","3","False","1","1","4","0","00010000","1025B343","4B1AC26C40AD4DA50312FD3B694D7E636FB768C2336FE773BC82D36424C27A4B","0:1,39:1,43:2","1","6314100","6314100","6307400","6307400","6314100","6307400","hybridzip-r2-e6-fast-k4-full-20260829-w1-fast-b64-r3","r2-fast","1","16","osdb","32","inputs/32KiB/osdb.bin","32768","03B2C20B777682CD960BCD893D7A4463161D9C0200FD1708B2EFAE32A259D0B7","archives/32KiB/osdb.hz2","15695","F5787A27E2A350FD7BE9686D34A78A9543145A01520A523719A3CA88E4D5EB6A","decoded/32KiB/osdb.decoded","32768","03B2C20B777682CD960BCD893D7A4463161D9C0200FD1708B2EFAE32A259D0B7","0.0582048","0.0598345","5.25","4.51953125","5.25","74FF260A939B01673667723D8351AAEDB679339610009ECB23C70E373B862D9F","profile_id=2;mode=fast;block_size=65536;zstd_level=3;lzma_level=9;threads=1;process_timeout_seconds=1800","""E:\MIXER\hybridzip\build\Release\hybridzip.exe"" c --profile=r2 --r2-mode=fast --block-size=65536 --zstd-level=3 --threads=1 ""E:\MIXER\hybridzip\results\experiments\hybridzip-r2-e6-fast-k4-full-20260829-w1\children\hybridzip-r2-e6-fast-k4-full-20260829-w1-fast-b64-r3\inputs\32KiB\osdb.bin"" ""E:\MIXER\hybridzip\results\experiments\hybridzip-r2-e6-fast-k4-full-20260829-w1\children\hybridzip-r2-e6-fast-k4-full-20260829-w1-fast-b64-r3\archives\32KiB\osdb.hz2""","""E:\MIXER\hybridzip\build\Release\hybridzip.exe"" d ""E:\MIXER\hybridzip\results\experiments\hybridzip-r2-e6-fast-k4-full-20260829-w1\children\hybridzip-r2-e6-fast-k4-full-20260829-w1-fast-b64-r3\archives\32KiB\osdb.hz2"" ""E:\MIXER\hybridzip\results\experiments\hybridzip-r2-e6-fast-k4-full-20260829-w1\children\hybridzip-r2-e6-fast-k4-full-20260829-w1-fast-b64-r3\decoded\32KiB\osdb.decoded""","0","0","2026-08-29T14:45:23.2767711+08:00","COMPLETE","PASS","fast-ext=1","Complete R2 archive size; SHA-256 byte-exact roundtrip verified."
"e6-fast","fast","64","3","False","1","1","4","0","00010000","1025B343","4B1AC26C40AD4DA50312FD3B694D7E636FB768C2336FE773BC82D36424C27A4B","0:1,39:1,43:2","1","8981800","8981800","8975200","8975200","8981800","8975200","hybridzip-r2-e6-fast-k4-full-20260829-w1-fast-b64-r3","r2-fast","1","17","osdb","64","inputs/64KiB/osdb.bin","65536","F8FE629325A07588118BA0B65880A87DED43EF249CCBC91F0E977BBACAE0C125","archives/64KiB/osdb.hz2","27355","2E27D469A9AA0BB481E4214AF6356AD0C1494DF130A835341FF8B88409E62AC3","decoded/64KiB/osdb.decoded","65536","F8FE629325A07588118BA0B65880A87DED43EF249CCBC91F0E977BBACAE0C125","0.0571268","0.0429002","5.4609375","2.02734375","5.4609375","74FF260A939B01673667723D8351AAEDB679339610009ECB23C70E373B862D9F","profile_id=2;mode=fast;block_size=65536;zstd_level=3;lzma_level=9;threads=1;process_timeout_seconds=1800","""E:\MIXER\hybridzip\build\Release\hybridzip.exe"" c --profile=r2 --r2-mode=fast --block-size=65536 --zstd-level=3 --threads=1 ""E:\MIXER\hybridzip\results\experiments\hybridzip-r2-e6-fast-k4-full-20260829-w1\children\hybridzip-r2-e6-fast-k4-full-20260829-w1-fast-b64-r3\inputs\64KiB\osdb.bin"" ""E:\MIXER\hybridzip\results\experiments\hybridzip-r2-e6-fast-k4-full-20260829-w1\children\hybridzip-r2-e6-fast-k4-full-20260829-w1-fast-b64-r3\archives\64KiB\osdb.hz2""","""E:\MIXER\hybridzip\build\Release\hybridzip.exe"" d ""E:\MIXER\hybridzip\results\experiments\hybridzip-r2-e6-fast-k4-full-20260829-w1\children\hybridzip-r2-e6-fast-k4-full-20260829-w1-fast-b64-r3\archives\64KiB\osdb.hz2"" ""E:\MIXER\hybridzip\results\experiments\hybridzip-r2-e6-fast-k4-full-20260829-w1\children\hybridzip-r2-e6-fast-k4-full-20260829-w1-fast-b64-r3\decoded\64KiB\osdb.decoded""","0","0","2026-08-29T14:45:23.4662356+08:00","COMPLETE","PASS","fast-ext=1","Complete R2 archive size; SHA-256 byte-exact roundtrip verified."
"e6-fast","fast","64","3","False","1","1","8","0","00010000","1025B343","4B1AC26C40AD4DA50312FD3B694D7E636FB768C2336FE773BC82D36424C27A4B","0:2,39:2,43:4","2","9563200","17971200","8957600","9556900","9563200,17971200","9556900,8957600","hybridzip-r2-e6-fast-k4-full-20260829-w1-fast-b64-r3","r2-fast","1","18","osdb","128","inputs/128KiB/osdb.bin","131072","D977E72AE13AEFC36A4B6171A895E26A0E6EEE447B1B9FBE868D7B1C046CC91F","archives/128KiB/osdb.hz2","54808","BA7C13350AA176712439CB99E39C56D7E30DEFC6D2AE53CD3613DEC32913EE41","decoded/128KiB/osdb.decoded","131072","D977E72AE13AEFC36A4B6171A895E26A0E6EEE447B1B9FBE868D7B1C046CC91F","0.0719922","0.0606323","5.5234375","2.02734375","5.5234375","74FF260A939B01673667723D8351AAEDB679339610009ECB23C70E373B862D9F","profile_id=2;mode=fast;block_size=65536;zstd_level=3;lzma_level=9;threads=1;process_timeout_seconds=1800","""E:\MIXER\hybridzip\build\Release\hybridzip.exe"" c --profile=r2 --r2-mode=fast --block-size=65536 --zstd-level=3 --threads=1 ""E:\MIXER\hybridzip\results\experiments\hybridzip-r2-e6-fast-k4-full-20260829-w1\children\hybridzip-r2-e6-fast-k4-full-20260829-w1-fast-b64-r3\inputs\128KiB\osdb.bin"" ""E:\MIXER\hybridzip\results\experiments\hybridzip-r2-e6-fast-k4-full-20260829-w1\children\hybridzip-r2-e6-fast-k4-full-20260829-w1-fast-b64-r3\archives\128KiB\osdb.hz2""","""E:\MIXER\hybridzip\build\Release\hybridzip.exe"" d ""E:\MIXER\hybridzip\results\experiments\hybridzip-r2-e6-fast-k4-full-20260829-w1\children\hybridzip-r2-e6-fast-k4-full-20260829-w1-fast-b64-r3\archives\128KiB\osdb.hz2"" ""E:\MIXER\hybridzip\results\experiments\hybridzip-r2-e6-fast-k4-full-20260829-w1\children\hybridzip-r2-e6-fast-k4-full-20260829-w1-fast-b64-r3\decoded\128KiB\osdb.decoded""","0","0","2026-08-29T14:45:23.6384730+08:00","COMPLETE","PASS","fast-ext=2","Complete R2 archive size; SHA-256 byte-exact roundtrip verified."
"e6-fast","fast","64","3","False","1","1","4","0","00010000","1025B343","4B1AC26C40AD4DA50312FD3B694D7E636FB768C2336FE773BC82D36424C27A4B","0:1,39:1,43:2","1","6654100","6654100","6429900","6429900","6654100","6429900","hybridzip-r2-e6-fast-k4-full-20260829-w1-fast-b64-r3","r2-fast","1","19","reymont","32","inputs/32KiB/reymont.bin","32768","9D5E4B9340C2260DAE7DDB01B3EDA58236FF2DE5E1FF4D56767AA840B6FB1A87","archives/32KiB/reymont.hz2","10572","9385203289F0E803E220FD7DFD14F34FB3E7C44C1D14DC770D06375AEB92B505","decoded/32KiB/reymont.decoded","32768","9D5E4B9340C2260DAE7DDB01B3EDA58236FF2DE5E1FF4D56767AA840B6FB1A87","0.05464","0.0506888","5.15625","2.02734375","5.15625","74FF260A939B01673667723D8351AAEDB679339610009ECB23C70E373B862D9F","profile_id=2;mode=fast;block_size=65536;zstd_level=3;lzma_level=9;threads=1;process_timeout_seconds=1800","""E:\MIXER\hybridzip\build\Release\hybridzip.exe"" c --profile=r2 --r2-mode=fast --block-size=65536 --zstd-level=3 --threads=1 ""E:\MIXER\hybridzip\results\experiments\hybridzip-r2-e6-fast-k4-full-20260829-w1\children\hybridzip-r2-e6-fast-k4-full-20260829-w1-fast-b64-r3\inputs\32KiB\reymont.bin"" ""E:\MIXER\hybridzip\results\experiments\hybridzip-r2-e6-fast-k4-full-20260829-w1\children\hybridzip-r2-e6-fast-k4-full-20260829-w1-fast-b64-r3\archives\32KiB\reymont.hz2""","""E:\MIXER\hybridzip\build\Release\hybridzip.exe"" d ""E:\MIXER\hybridzip\results\experiments\hybridzip-r2-e6-fast-k4-full-20260829-w1\children\hybridzip-r2-e6-fast-k4-full-20260829-w1-fast-b64-r3\archives\32KiB\reymont.hz2"" ""E:\MIXER\hybridzip\results\experiments\hybridzip-r2-e6-fast-k4-full-20260829-w1\children\hybridzip-r2-e6-fast-k4-full-20260829-w1-fast-b64-r3\decoded\32KiB\reymont.decoded""","0","0","2026-08-29T14:45:23.8412307+08:00","COMPLETE","PASS","fast-ext=1","Complete R2 archive size; SHA-256 byte-exact roundtrip verified."
"e6-fast","fast","64","3","False","1","1","4","0","00010000","1025B343","4B1AC26C40AD4DA50312FD3B694D7E636FB768C2336FE773BC82D36424C27A4B","0:1,39:1,43:2","1","11482400","11482400","11475200","11475200","11482400","11475200","hybridzip-r2-e6-fast-k4-full-20260829-w1-fast-b64-r3","r2-fast","1","20","reymont","64","inputs/64KiB/reymont.bin","65536","A5ECAAABB133F1ADF8DE6062BE6381D143E87F9F8050EEA9B5BE6F92B88C3C22","archives/64KiB/reymont.hz2","20574","037AE8358C684EC978123B907DBB6C6A1896B401FBE83612F78071F7CA855557","decoded/64KiB/reymont.decoded","65536","A5ECAAABB133F1ADF8DE6062BE6381D143E87F9F8050EEA9B5BE6F92B88C3C22","0.0599794","0.0424552","5.45703125","2.02734375","5.45703125","74FF260A939B01673667723D8351AAEDB679339610009ECB23C70E373B862D9F","profile_id=2;mode=fast;block_size=65536;zstd_level=3;lzma_level=9;threads=1;process_timeout_seconds=1800","""E:\MIXER\hybridzip\build\Release\hybridzip.exe"" c --profile=r2 --r2-mode=fast --block-size=65536 --zstd-level=3 --threads=1 ""E:\MIXER\hybridzip\results\experiments\hybridzip-r2-e6-fast-k4-full-20260829-w1\children\hybridzip-r2-e6-fast-k4-full-20260829-w1-fast-b64-r3\inputs\64KiB\reymont.bin"" ""E:\MIXER\hybridzip\results\experiments\hybridzip-r2-e6-fast-k4-full-20260829-w1\children\hybridzip-r2-e6-fast-k4-full-20260829-w1-fast-b64-r3\archives\64KiB\reymont.hz2""","""E:\MIXER\hybridzip\build\Release\hybridzip.exe"" d ""E:\MIXER\hybridzip\results\experiments\hybridzip-r2-e6-fast-k4-full-20260829-w1\children\hybridzip-r2-e6-fast-k4-full-20260829-w1-fast-b64-r3\archives\64KiB\reymont.hz2"" ""E:\MIXER\hybridzip\results\experiments\hybridzip-r2-e6-fast-k4-full-20260829-w1\children\hybridzip-r2-e6-fast-k4-full-20260829-w1-fast-b64-r3\decoded\64KiB\reymont.decoded""","0","0","2026-08-29T14:45:24.0181837+08:00","COMPLETE","PASS","fast-ext=1","Complete R2 archive size; SHA-256 byte-exact roundtrip verified."
"e6-fast","fast","64","3","False","1","1","8","0","00010000","1025B343","4B1AC26C40AD4DA50312FD3B694D7E636FB768C2336FE773BC82D36424C27A4B","0:2,39:2,43:4","2","11530100","22179000","11178200","11523300","11530100,22179000","11523300,11178200","hybridzip-r2-e6-fast-k4-full-20260829-w1-fast-b64-r3","r2-fast","1","21","reymont","128","inputs/128KiB/reymont.bin","131072","A6CA7478854C1E80DFEAF9FB3444B357F9D7625E55232FAE3B3632A5A1217DEA","archives/128KiB/reymont.hz2","41751","B6E9E510B9ED7135EB5070DB474E01A3EBBBE1C474DF5189B8805C54E265A7D5","decoded/128KiB/reymont.decoded","131072","A6CA7478854C1E80DFEAF9FB3444B357F9D7625E55232FAE3B3632A5A1217DEA","0.0855378","0.0588352","5.5234375","2.02734375","5.5234375","74FF260A939B01673667723D8351AAEDB679339610009ECB23C70E373B862D9F","profile_id=2;mode=fast;block_size=65536;zstd_level=3;lzma_level=9;threads=1;process_timeout_seconds=1800","""E:\MIXER\hybridzip\build\Release\hybridzip.exe"" c --profile=r2 --r2-mode=fast --block-size=65536 --zstd-level=3 --threads=1 ""E:\MIXER\hybridzip\results\experiments\hybridzip-r2-e6-fast-k4-full-20260829-w1\children\hybridzip-r2-e6-fast-k4-full-20260829-w1-fast-b64-r3\inputs\128KiB\reymont.bin"" ""E:\MIXER\hybridzip\results\experiments\hybridzip-r2-e6-fast-k4-full-20260829-w1\children\hybridzip-r2-e6-fast-k4-full-20260829-w1-fast-b64-r3\archives\128KiB\reymont.hz2""","""E:\MIXER\hybridzip\build\Release\hybridzip.exe"" d ""E:\MIXER\hybridzip\results\experiments\hybridzip-r2-e6-fast-k4-full-20260829-w1\children\hybridzip-r2-e6-fast-k4-full-20260829-w1-fast-b64-r3\archives\128KiB\reymont.hz2"" ""E:\MIXER\hybridzip\results\experiments\hybridzip-r2-e6-fast-k4-full-20260829-w1\children\hybridzip-r2-e6-fast-k4-full-20260829-w1-fast-b64-r3\decoded\128KiB\reymont.decoded""","0","0","2026-08-29T14:45:24.1931743+08:00","COMPLETE","PASS","fast-ext=2","Complete R2 archive size; SHA-256 byte-exact roundtrip verified."
"e6-fast","fast","64","3","False","1","1","4","0","00010000","1025B343","4B1AC26C40AD4DA50312FD3B694D7E636FB768C2336FE773BC82D36424C27A4B","0:1,39:1,43:2","1","5893200","5893200","5821800","5821800","5893200","5821800","hybridzip-r2-e6-fast-k4-full-20260829-w1-fast-b64-r3","r2-fast","1","22","samba","32","inputs/32KiB/samba.bin","32768","9C4F5BEE544E4531E4946E62F796987418B4526911C34877EF282F14DD57AD12","archives/32KiB/samba.hz2","11946","1BCD42A90BFBC8F1599B90C61EBE1FD557BAB6715B36059982F035F4C1C8D53D","decoded/32KiB/samba.decoded","32768","9C4F5BEE544E4531E4946E62F796987418B4526911C34877EF282F14DD57AD12","0.0557353","0.0557586","2.02734375","2.02734375","2.02734375","74FF260A939B01673667723D8351AAEDB679339610009ECB23C70E373B862D9F","profile_id=2;mode=fast;block_size=65536;zstd_level=3;lzma_level=9;threads=1;process_timeout_seconds=1800","""E:\MIXER\hybridzip\build\Release\hybridzip.exe"" c --profile=r2 --r2-mode=fast --block-size=65536 --zstd-level=3 --threads=1 ""E:\MIXER\hybridzip\results\experiments\hybridzip-r2-e6-fast-k4-full-20260829-w1\children\hybridzip-r2-e6-fast-k4-full-20260829-w1-fast-b64-r3\inputs\32KiB\samba.bin"" ""E:\MIXER\hybridzip\results\experiments\hybridzip-r2-e6-fast-k4-full-20260829-w1\children\hybridzip-r2-e6-fast-k4-full-20260829-w1-fast-b64-r3\archives\32KiB\samba.hz2""","""E:\MIXER\hybridzip\build\Release\hybridzip.exe"" d ""E:\MIXER\hybridzip\results\experiments\hybridzip-r2-e6-fast-k4-full-20260829-w1\children\hybridzip-r2-e6-fast-k4-full-20260829-w1-fast-b64-r3\archives\32KiB\samba.hz2"" ""E:\MIXER\hybridzip\results\experiments\hybridzip-r2-e6-fast-k4-full-20260829-w1\children\hybridzip-r2-e6-fast-k4-full-20260829-w1-fast-b64-r3\decoded\32KiB\samba.decoded""","0","0","2026-08-29T14:45:24.4104660+08:00","COMPLETE","PASS","fast-ext=1","Complete R2 archive size; SHA-256 byte-exact roundtrip verified."
"e6-fast","fast","64","3","False","1","1","4","0","00010000","1025B343","4B1AC26C40AD4DA50312FD3B694D7E636FB768C2336FE773BC82D36424C27A4B","0:1,39:1,43:2","1","10165100","10165100","10158900","10158900","10165100","10158900","hybridzip-r2-e6-fast-k4-full-20260829-w1-fast-b64-r3","r2-fast","1","23","samba","64","inputs/64KiB/samba.bin","65536","3E0420984C0F260EA7350734600CEA9D8500B745E2E4B7DBD4D1DA1D1ADAC421","archives/64KiB/samba.hz2","23328","A208FF07D69A26E81333A1A5C0DDE02C75E9B95FB2C361CBB87D46531FCF0DF6","decoded/64KiB/samba.decoded","65536","3E0420984C0F260EA7350734600CEA9D8500B745E2E4B7DBD4D1DA1D1ADAC421","0.0588168","0.0471434","5.4453125","2.02734375","5.4453125","74FF260A939B01673667723D8351AAEDB679339610009ECB23C70E373B862D9F","profile_id=2;mode=fast;block_size=65536;zstd_level=3;lzma_level=9;threads=1;process_timeout_seconds=1800","""E:\MIXER\hybridzip\build\Release\hybridzip.exe"" c --profile=r2 --r2-mode=fast --block-size=65536 --zstd-level=3 --threads=1 ""E:\MIXER\hybridzip\results\experiments\hybridzip-r2-e6-fast-k4-full-20260829-w1\children\hybridzip-r2-e6-fast-k4-full-20260829-w1-fast-b64-r3\inputs\64KiB\samba.bin"" ""E:\MIXER\hybridzip\results\experiments\hybridzip-r2-e6-fast-k4-full-20260829-w1\children\hybridzip-r2-e6-fast-k4-full-20260829-w1-fast-b64-r3\archives\64KiB\samba.hz2""","""E:\MIXER\hybridzip\build\Release\hybridzip.exe"" d ""E:\MIXER\hybridzip\results\experiments\hybridzip-r2-e6-fast-k4-full-20260829-w1\children\hybridzip-r2-e6-fast-k4-full-20260829-w1-fast-b64-r3\archives\64KiB\samba.hz2"" ""E:\MIXER\hybridzip\results\experiments\hybridzip-r2-e6-fast-k4-full-20260829-w1\children\hybridzip-r2-e6-fast-k4-full-20260829-w1-fast-b64-r3\decoded\64KiB\samba.decoded""","0","0","2026-08-29T14:45:24.5932021+08:00","COMPLETE","PASS","fast-ext=1","Complete R2 archive size; SHA-256 byte-exact roundtrip verified."
"e6-fast","fast","64","3","False","1","1","8","0","00010000","1025B343","4B1AC26C40AD4DA50312FD3B694D7E636FB768C2336FE773BC82D36424C27A4B","0:2,39:2,43:4","2","9759100","19215500","9751100","10022900","9759100,19215500","9751100,10022900","hybridzip-r2-e6-fast-k4-full-20260829-w1-fast-b64-r3","r2-fast","1","24","samba","128","inputs/128KiB/samba.bin","131072","F3B8C4AD35BC6CF21977895D6F04A22B1422605942FA5AFE35CE28B2A221D7E8","archives/128KiB/samba.hz2","48808","ABE8594C5456D7D0DEE0BE4F3295D91649AA13256923B59166BC3AF573761434","decoded/128KiB/samba.decoded","131072","F3B8C4AD35BC6CF21977895D6F04A22B1422605942FA5AFE35CE28B2A221D7E8","0.0726947","0.0576862","5.51953125","2.02734375","5.51953125","74FF260A939B01673667723D8351AAEDB679339610009ECB23C70E373B862D9F","profile_id=2;mode=fast;block_size=65536;zstd_level=3;lzma_level=9;threads=1;process_timeout_seconds=1800","""E:\MIXER\hybridzip\build\Release\hybridzip.exe"" c --profile=r2 --r2-mode=fast --block-size=65536 --zstd-level=3 --threads=1 ""E:\MIXER\hybridzip\results\experiments\hybridzip-r2-e6-fast-k4-full-20260829-w1\children\hybridzip-r2-e6-fast-k4-full-20260829-w1-fast-b64-r3\inputs\128KiB\samba.bin"" ""E:\MIXER\hybridzip\results\experiments\hybridzip-r2-e6-fast-k4-full-20260829-w1\children\hybridzip-r2-e6-fast-k4-full-20260829-w1-fast-b64-r3\archives\128KiB\samba.hz2""","""E:\MIXER\hybridzip\build\Release\hybridzip.exe"" d ""E:\MIXER\hybridzip\results\experiments\hybridzip-r2-e6-fast-k4-full-20260829-w1\children\hybridzip-r2-e6-fast-k4-full-20260829-w1-fast-b64-r3\archives\128KiB\samba.hz2"" ""E:\MIXER\hybridzip\results\experiments\hybridzip-r2-e6-fast-k4-full-20260829-w1\children\hybridzip-r2-e6-fast-k4-full-20260829-w1-fast-b64-r3\decoded\128KiB\samba.decoded""","0","0","2026-08-29T14:45:24.7653089+08:00","COMPLETE","PASS","fast-ext=2","Complete R2 archive size; SHA-256 byte-exact roundtrip verified."
"e6-fast","fast","64","3","False","1","1","4","0","00010000","1025B343","4B1AC26C40AD4DA50312FD3B694D7E636FB768C2336FE773BC82D36424C27A4B","0:1,39:1,43:2","1","5432300","5432300","5311600","5311600","5432300","5311600","hybridzip-r2-e6-fast-k4-full-20260829-w1-fast-b64-r3","r2-fast","1","25","sao","32","inputs/32KiB/sao.bin","32768","95677430CAD4F000506BC5EE22815C3F4E13D64B477ED506B78D5D9ACFB50CCD","archives/32KiB/sao.hz2","26958","14EEDD77B89E8C72E7EA781A1F1C045918DE30BC5BA5E1574820538C862B42E3","decoded/32KiB/sao.decoded","32768","95677430CAD4F000506BC5EE22815C3F4E13D64B477ED506B78D5D9ACFB50CCD","0.0567729","0.0406539","5.2734375","2.02734375","5.2734375","74FF260A939B01673667723D8351AAEDB679339610009ECB23C70E373B862D9F","profile_id=2;mode=fast;block_size=65536;zstd_level=3;lzma_level=9;threads=1;process_timeout_seconds=1800","""E:\MIXER\hybridzip\build\Release\hybridzip.exe"" c --profile=r2 --r2-mode=fast --block-size=65536 --zstd-level=3 --threads=1 ""E:\MIXER\hybridzip\results\experiments\hybridzip-r2-e6-fast-k4-full-20260829-w1\children\hybridzip-r2-e6-fast-k4-full-20260829-w1-fast-b64-r3\inputs\32KiB\sao.bin"" ""E:\MIXER\hybridzip\results\experiments\hybridzip-r2-e6-fast-k4-full-20260829-w1\children\hybridzip-r2-e6-fast-k4-full-20260829-w1-fast-b64-r3\archives\32KiB\sao.hz2""","""E:\MIXER\hybridzip\build\Release\hybridzip.exe"" d ""E:\MIXER\hybridzip\results\experiments\hybridzip-r2-e6-fast-k4-full-20260829-w1\children\hybridzip-r2-e6-fast-k4-full-20260829-w1-fast-b64-r3\archives\32KiB\sao.hz2"" ""E:\MIXER\hybridzip\results\experiments\hybridzip-r2-e6-fast-k4-full-20260829-w1\children\hybridzip-r2-e6-fast-k4-full-20260829-w1-fast-b64-r3\decoded\32KiB\sao.decoded""","0","0","2026-08-29T14:45:24.9679360+08:00","COMPLETE","PASS","fast-ext=1","Complete R2 archive size; SHA-256 byte-exact roundtrip verified."
"e6-fast","fast","64","3","False","1","1","4","0","00010000","1025B343","4B1AC26C40AD4DA50312FD3B694D7E636FB768C2336FE773BC82D36424C27A4B","0:1,39:1,43:2","1","9363900","9363900","9356700","9356700","9363900","9356700","hybridzip-r2-e6-fast-k4-full-20260829-w1-fast-b64-r3","r2-fast","1","26","sao","64","inputs/64KiB/sao.bin","65536","17CBD7166A47786139F60BA33B4E771CE0154F6FA56986883D129BC23F78EBEE","archives/64KiB/sao.hz2","52935","0A8534D4AEB997CAEA306E1211541646254E6314F0A1786725F7BF988D7F8E70","decoded/64KiB/sao.decoded","65536","17CBD7166A47786139F60BA33B4E771CE0154F6FA56986883D129BC23F78EBEE","0.0569694","0.0422346","5.44921875","2.02734375","5.44921875","74FF260A939B01673667723D8351AAEDB679339610009ECB23C70E373B862D9F","profile_id=2;mode=fast;block_size=65536;zstd_level=3;lzma_level=9;threads=1;process_timeout_seconds=1800","""E:\MIXER\hybridzip\build\Release\hybridzip.exe"" c --profile=r2 --r2-mode=fast --block-size=65536 --zstd-level=3 --threads=1 ""E:\MIXER\hybridzip\results\experiments\hybridzip-r2-e6-fast-k4-full-20260829-w1\children\hybridzip-r2-e6-fast-k4-full-20260829-w1-fast-b64-r3\inputs\64KiB\sao.bin"" ""E:\MIXER\hybridzip\results\experiments\hybridzip-r2-e6-fast-k4-full-20260829-w1\children\hybridzip-r2-e6-fast-k4-full-20260829-w1-fast-b64-r3\archives\64KiB\sao.hz2""","""E:\MIXER\hybridzip\build\Release\hybridzip.exe"" d ""E:\MIXER\hybridzip\results\experiments\hybridzip-r2-e6-fast-k4-full-20260829-w1\children\hybridzip-r2-e6-fast-k4-full-20260829-w1-fast-b64-r3\archives\64KiB\sao.hz2"" ""E:\MIXER\hybridzip\results\experiments\hybridzip-r2-e6-fast-k4-full-20260829-w1\children\hybridzip-r2-e6-fast-k4-full-20260829-w1-fast-b64-r3\decoded\64KiB\sao.decoded""","0","0","2026-08-29T14:45:25.1377246+08:00","COMPLETE","PASS","lz4=1","Complete R2 archive size; SHA-256 byte-exact roundtrip verified."
"e6-fast","fast","64","3","False","1","1","8","0","00010000","1025B343","4B1AC26C40AD4DA50312FD3B694D7E636FB768C2336FE773BC82D36424C27A4B","0:2,39:2,43:4","2","9225300","17754200","9062800","9218800","9225300,17754200","9218800,9062800","hybridzip-r2-e6-fast-k4-full-20260829-w1-fast-b64-r3","r2-fast","1","27","sao","128","inputs/128KiB/sao.bin","131072","75E535B42DB7505118D8B19C7C42C1F49C5542ADDC9DBC13383953659F675CE0","archives/128KiB/sao.hz2","106373","F931B85EBDB3CE7D0638FC13FCF57424E58AC16E44214B046E85A0380FE21064","decoded/128KiB/sao.decoded","131072","75E535B42DB7505118D8B19C7C42C1F49C5542ADDC9DBC13383953659F675CE0","0.0801115","0.052126","5.5390625","3.8671875","5.5390625","74FF260A939B01673667723D8351AAEDB679339610009ECB23C70E373B862D9F","profile_id=2;mode=fast;block_size=65536;zstd_level=3;lzma_level=9;threads=1;process_timeout_seconds=1800","""E:\MIXER\hybridzip\build\Release\hybridzip.exe"" c --profile=r2 --r2-mode=fast --block-size=65536 --zstd-level=3 --threads=1 ""E:\MIXER\hybridzip\results\experiments\hybridzip-r2-e6-fast-k4-full-20260829-w1\children\hybridzip-r2-e6-fast-k4-full-20260829-w1-fast-b64-r3\inputs\128KiB\sao.bin"" ""E:\MIXER\hybridzip\results\experiments\hybridzip-r2-e6-fast-k4-full-20260829-w1\children\hybridzip-r2-e6-fast-k4-full-20260829-w1-fast-b64-r3\archives\128KiB\sao.hz2""","""E:\MIXER\hybridzip\build\Release\hybridzip.exe"" d ""E:\MIXER\hybridzip\results\experiments\hybridzip-r2-e6-fast-k4-full-20260829-w1\children\hybridzip-r2-e6-fast-k4-full-20260829-w1-fast-b64-r3\archives\128KiB\sao.hz2"" ""E:\MIXER\hybridzip\results\experiments\hybridzip-r2-e6-fast-k4-full-20260829-w1\children\hybridzip-r2-e6-fast-k4-full-20260829-w1-fast-b64-r3\decoded\128KiB\sao.decoded""","0","0","2026-08-29T14:45:25.3112660+08:00","COMPLETE","PASS","lz4=2","Complete R2 archive size; SHA-256 byte-exact roundtrip verified."
"e6-fast","fast","64","3","False","1","1","4","0","00010000","1025B343","4B1AC26C40AD4DA50312FD3B694D7E636FB768C2336FE773BC82D36424C27A4B","0:1,39:1,43:2","1","5475100","5475100","5468100","5468100","5475100","5468100","hybridzip-r2-e6-fast-k4-full-20260829-w1-fast-b64-r3","r2-fast","1","28","webster","32","inputs/32KiB/webster.bin","32768","774D224695AF4057353F72602BB96CD2AFEEA059AC7737535645F11596FCA85E","archives/32KiB/webster.hz2","13777","507C3D392D49034D8368CC694F8638BB0718392C5AD6687B75098F57087C35BD","decoded/32KiB/webster.decoded","32768","774D224695AF4057353F72602BB96CD2AFEEA059AC7737535645F11596FCA85E","0.06462","0.0581251","2.296875","2.02734375","2.296875","74FF260A939B01673667723D8351AAEDB679339610009ECB23C70E373B862D9F","profile_id=2;mode=fast;block_size=65536;zstd_level=3;lzma_level=9;threads=1;process_timeout_seconds=1800","""E:\MIXER\hybridzip\build\Release\hybridzip.exe"" c --profile=r2 --r2-mode=fast --block-size=65536 --zstd-level=3 --threads=1 ""E:\MIXER\hybridzip\results\experiments\hybridzip-r2-e6-fast-k4-full-20260829-w1\children\hybridzip-r2-e6-fast-k4-full-20260829-w1-fast-b64-r3\inputs\32KiB\webster.bin"" ""E:\MIXER\hybridzip\results\experiments\hybridzip-r2-e6-fast-k4-full-20260829-w1\children\hybridzip-r2-e6-fast-k4-full-20260829-w1-fast-b64-r3\archives\32KiB\webster.hz2""","""E:\MIXER\hybridzip\build\Release\hybridzip.exe"" d ""E:\MIXER\hybridzip\results\experiments\hybridzip-r2-e6-fast-k4-full-20260829-w1\children\hybridzip-r2-e6-fast-k4-full-20260829-w1-fast-b64-r3\archives\32KiB\webster.hz2"" ""E:\MIXER\hybridzip\results\experiments\hybridzip-r2-e6-fast-k4-full-20260829-w1\children\hybridzip-r2-e6-fast-k4-full-20260829-w1-fast-b64-r3\decoded\32KiB\webster.decoded""","0","0","2026-08-29T14:45:25.5362630+08:00","COMPLETE","PASS","fast-ext=1","Complete R2 archive size; SHA-256 byte-exact roundtrip verified."
"e6-fast","fast","64","3","False","1","1","4","0","00010000","1025B343","4B1AC26C40AD4DA50312FD3B694D7E636FB768C2336FE773BC82D36424C27A4B","0:1,39:1,43:2","1","9840900","9840900","9833600","9833600","9840900","9833600","hybridzip-r2-e6-fast-k4-full-20260829-w1-fast-b64-r3","r2-fast","1","29","webster","64","inputs/64KiB/webster.bin","65536","262258811321382F9E4F44D2184B6B7FED0336CF831446D8336C47D6CCC2B32E","archives/64KiB/webster.hz2","24456","DF9AE92B3F0139C0C8CE26F98F951EDB802A638026539DB8A99D97C78FC72639","decoded/64KiB/webster.decoded","65536","262258811321382F9E4F44D2184B6B7FED0336CF831446D8336C47D6CCC2B32E","0.0841227","0.0548618","5.46484375","2.02734375","5.46484375","74FF260A939B01673667723D8351AAEDB679339610009ECB23C70E373B862D9F","profile_id=2;mode=fast;block_size=65536;zstd_level=3;lzma_level=9;threads=1;process_timeout_seconds=1800","""E:\MIXER\hybridzip\build\Release\hybridzip.exe"" c --profile=r2 --r2-mode=fast --block-size=65536 --zstd-level=3 --threads=1 ""E:\MIXER\hybridzip\results\experiments\hybridzip-r2-e6-fast-k4-full-20260829-w1\children\hybridzip-r2-e6-fast-k4-full-20260829-w1-fast-b64-r3\inputs\64KiB\webster.bin"" ""E:\MIXER\hybridzip\results\experiments\hybridzip-r2-e6-fast-k4-full-20260829-w1\children\hybridzip-r2-e6-fast-k4-full-20260829-w1-fast-b64-r3\archives\64KiB\webster.hz2""","""E:\MIXER\hybridzip\build\Release\hybridzip.exe"" d ""E:\MIXER\hybridzip\results\experiments\hybridzip-r2-e6-fast-k4-full-20260829-w1\children\hybridzip-r2-e6-fast-k4-full-20260829-w1-fast-b64-r3\archives\64KiB\webster.hz2"" ""E:\MIXER\hybridzip\results\experiments\hybridzip-r2-e6-fast-k4-full-20260829-w1\children\hybridzip-r2-e6-fast-k4-full-20260829-w1-fast-b64-r3\decoded\64KiB\webster.decoded""","0","0","2026-08-29T14:45:25.7605723+08:00","COMPLETE","PASS","fast-ext=1","Complete R2 archive size; SHA-256 byte-exact roundtrip verified."
"e6-fast","fast","64","3","False","1","1","8","0","00010000","1025B343","4B1AC26C40AD4DA50312FD3B694D7E636FB768C2336FE773BC82D36424C27A4B","0:2,39:2,43:4","2","9535600","19339900","9529300","10349800","9535600,19339900","9529300,10349800","hybridzip-r2-e6-fast-k4-full-20260829-w1-fast-b64-r3","r2-fast","1","30","webster","128","inputs/128KiB/webster.bin","131072","C069C1FDCA99BC5C44F06D134CD0CDA60315DD631AA6564733B2CE0E6D59305C","archives/128KiB/webster.hz2","45964","6F2A124D0145DDE29BD09D41903254A267421F69B5B7A4418B08D6BF0C7F0F37","decoded/128KiB/webster.decoded","131072","C069C1FDCA99BC5C44F06D134CD0CDA60315DD631AA6564733B2CE0E6D59305C","0.0806643","0.0593576","5.53125","2.02734375","5.53125","74FF260A939B01673667723D8351AAEDB679339610009ECB23C70E373B862D9F","profile_id=2;mode=fast;block_size=65536;zstd_level=3;lzma_level=9;threads=1;process_timeout_seconds=1800","""E:\MIXER\hybridzip\build\Release\hybridzip.exe"" c --profile=r2 --r2-mode=fast --block-size=65536 --zstd-level=3 --threads=1 ""E:\MIXER\hybridzip\results\experiments\hybridzip-r2-e6-fast-k4-full-20260829-w1\children\hybridzip-r2-e6-fast-k4-full-20260829-w1-fast-b64-r3\inputs\128KiB\webster.bin"" ""E:\MIXER\hybridzip\results\experiments\hybridzip-r2-e6-fast-k4-full-20260829-w1\children\hybridzip-r2-e6-fast-k4-full-20260829-w1-fast-b64-r3\archives\128KiB\webster.hz2""","""E:\MIXER\hybridzip\build\Release\hybridzip.exe"" d ""E:\MIXER\hybridzip\results\experiments\hybridzip-r2-e6-fast-k4-full-20260829-w1\children\hybridzip-r2-e6-fast-k4-full-20260829-w1-fast-b64-r3\archives\128KiB\webster.hz2"" ""E:\MIXER\hybridzip\results\experiments\hybridzip-r2-e6-fast-k4-full-20260829-w1\children\hybridzip-r2-e6-fast-k4-full-20260829-w1-fast-b64-r3\decoded\128KiB\webster.decoded""","0","0","2026-08-29T14:45:26.0029226+08:00","COMPLETE","PASS","fast-ext=2","Complete R2 archive size; SHA-256 byte-exact roundtrip verified."
"e6-fast","fast","64","3","False","1","1","4","0","00010000","1025B343","4B1AC26C40AD4DA50312FD3B694D7E636FB768C2336FE773BC82D36424C27A4B","0:1,39:1,43:2","1","4657700","4657700","4650600","4650600","4657700","4650600","hybridzip-r2-e6-fast-k4-full-20260829-w1-fast-b64-r3","r2-fast","1","31","x-ray","32","inputs/32KiB/x-ray.bin","32768","10511AA63DFBD9C0DDBFEFE36068740103D4BA1116E214154A0772057D7E9314","archives/32KiB/x-ray.hz2","18333","B4A7844748A29B1EF0D82586E1926EB57D1EBBF5F368B95BB696CEAC417F4C92","decoded/32KiB/x-ray.decoded","32768","10511AA63DFBD9C0DDBFEFE36068740103D4BA1116E214154A0772057D7E9314","0.0479919","0.0495766","2.0234375","2.02734375","2.02734375","74FF260A939B01673667723D8351AAEDB679339610009ECB23C70E373B862D9F","profile_id=2;mode=fast;block_size=65536;zstd_level=3;lzma_level=9;threads=1;process_timeout_seconds=1800","""E:\MIXER\hybridzip\build\Release\hybridzip.exe"" c --profile=r2 --r2-mode=fast --block-size=65536 --zstd-level=3 --threads=1 ""E:\MIXER\hybridzip\results\experiments\hybridzip-r2-e6-fast-k4-full-20260829-w1\children\hybridzip-r2-e6-fast-k4-full-20260829-w1-fast-b64-r3\inputs\32KiB\x-ray.bin"" ""E:\MIXER\hybridzip\results\experiments\hybridzip-r2-e6-fast-k4-full-20260829-w1\children\hybridzip-r2-e6-fast-k4-full-20260829-w1-fast-b64-r3\archives\32KiB\x-ray.hz2""","""E:\MIXER\hybridzip\build\Release\hybridzip.exe"" d ""E:\MIXER\hybridzip\results\experiments\hybridzip-r2-e6-fast-k4-full-20260829-w1\children\hybridzip-r2-e6-fast-k4-full-20260829-w1-fast-b64-r3\archives\32KiB\x-ray.hz2"" ""E:\MIXER\hybridzip\results\experiments\hybridzip-r2-e6-fast-k4-full-20260829-w1\children\hybridzip-r2-e6-fast-k4-full-20260829-w1-fast-b64-r3\decoded\32KiB\x-ray.decoded""","0","0","2026-08-29T14:45:26.2476785+08:00","COMPLETE","PASS","fast-ext=1","Complete R2 archive size; SHA-256 byte-exact roundtrip verified."
"e6-fast","fast","64","3","False","1","1","4","0","00010000","1025B343","4B1AC26C40AD4DA50312FD3B694D7E636FB768C2336FE773BC82D36424C27A4B","0:1,39:1,43:2","1","8471500","8471500","8465400","8465400","8471500","8465400","hybridzip-r2-e6-fast-k4-full-20260829-w1-fast-b64-r3","r2-fast","1","32","x-ray","64","inputs/64KiB/x-ray.bin","65536","B5A07146616BCD7C2D10071D41E07D204DE0AC629C4CA37D8E867FF00574D0D8","archives/64KiB/x-ray.hz2","36457","25970C2133FDBF8EA29AE0C1F09288C323FC418F74483BDEF3C7700AFD6E88AF","decoded/64KiB/x-ray.decoded","65536","B5A07146616BCD7C2D10071D41E07D204DE0AC629C4CA37D8E867FF00574D0D8","0.063283","0.04736","2.12890625","2.02734375","2.12890625","74FF260A939B01673667723D8351AAEDB679339610009ECB23C70E373B862D9F","profile_id=2;mode=fast;block_size=65536;zstd_level=3;lzma_level=9;threads=1;process_timeout_seconds=1800","""E:\MIXER\hybridzip\build\Release\hybridzip.exe"" c --profile=r2 --r2-mode=fast --block-size=65536 --zstd-level=3 --threads=1 ""E:\MIXER\hybridzip\results\experiments\hybridzip-r2-e6-fast-k4-full-20260829-w1\children\hybridzip-r2-e6-fast-k4-full-20260829-w1-fast-b64-r3\inputs\64KiB\x-ray.bin"" ""E:\MIXER\hybridzip\results\experiments\hybridzip-r2-e6-fast-k4-full-20260829-w1\children\hybridzip-r2-e6-fast-k4-full-20260829-w1-fast-b64-r3\archives\64KiB\x-ray.hz2""","""E:\MIXER\hybridzip\build\Release\hybridzip.exe"" d ""E:\MIXER\hybridzip\results\experiments\hybridzip-r2-e6-fast-k4-full-20260829-w1\children\hybridzip-r2-e6-fast-k4-full-20260829-w1-fast-b64-r3\archives\64KiB\x-ray.hz2"" ""E:\MIXER\hybridzip\results\experiments\hybridzip-r2-e6-fast-k4-full-20260829-w1\children\hybridzip-r2-e6-fast-k4-full-20260829-w1-fast-b64-r3\decoded\64KiB\x-ray.decoded""","0","0","2026-08-29T14:45:26.4506795+08:00","COMPLETE","PASS","fast-ext=1","Complete R2 archive size; SHA-256 byte-exact roundtrip verified."
"e6-fast","fast","64","3","False","1","1","8","0","00010000","1025B343","4B1AC26C40AD4DA50312FD3B694D7E636FB768C2336FE773BC82D36424C27A4B","0:2,39:2,43:4","2","8045700","15458200","7927900","8038800","8045700,15458200","8038800,7927900","hybridzip-r2-e6-fast-k4-full-20260829-w1-fast-b64-r3","r2-fast","1","33","x-ray","128","inputs/128KiB/x-ray.bin","131072","7A65B793FB2A694C20686275A899B304445473528F7C998BE26F8C68EB18F76E","archives/128KiB/x-ray.hz2","72933","419EB59B7D0C641C021AD6CCBC128171043C2035629EA1FAF7581602EC68B895","decoded/128KiB/x-ray.decoded","131072","7A65B793FB2A694C20686275A899B304445473528F7C998BE26F8C68EB18F76E","0.068687","0.0682687","2.02734375","3.953125","3.953125","74FF260A939B01673667723D8351AAEDB679339610009ECB23C70E373B862D9F","profile_id=2;mode=fast;block_size=65536;zstd_level=3;lzma_level=9;threads=1;process_timeout_seconds=1800","""E:\MIXER\hybridzip\build\Release\hybridzip.exe"" c --profile=r2 --r2-mode=fast --block-size=65536 --zstd-level=3 --threads=1 ""E:\MIXER\hybridzip\results\experiments\hybridzip-r2-e6-fast-k4-full-20260829-w1\children\hybridzip-r2-e6-fast-k4-full-20260829-w1-fast-b64-r3\inputs\128KiB\x-ray.bin"" ""E:\MIXER\hybridzip\results\experiments\hybridzip-r2-e6-fast-k4-full-20260829-w1\children\hybridzip-r2-e6-fast-k4-full-20260829-w1-fast-b64-r3\archives\128KiB\x-ray.hz2""","""E:\MIXER\hybridzip\build\Release\hybridzip.exe"" d ""E:\MIXER\hybridzip\results\experiments\hybridzip-r2-e6-fast-k4-full-20260829-w1\children\hybridzip-r2-e6-fast-k4-full-20260829-w1-fast-b64-r3\archives\128KiB\x-ray.hz2"" ""E:\MIXER\hybridzip\results\experiments\hybridzip-r2-e6-fast-k4-full-20260829-w1\children\hybridzip-r2-e6-fast-k4-full-20260829-w1-fast-b64-r3\decoded\128KiB\x-ray.decoded""","0","0","2026-08-29T14:45:26.6628576+08:00","COMPLETE","PASS","fast-ext=2","Complete R2 archive size; SHA-256 byte-exact roundtrip verified."
"e6-fast","fast","64","3","False","1","1","4","0","00010000","1025B343","4B1AC26C40AD4DA50312FD3B694D7E636FB768C2336FE773BC82D36424C27A4B","0:1,39:1,43:2","1","4759500","4759500","4750900","4750900","4759500","4750900","hybridzip-r2-e6-fast-k4-full-20260829-w1-fast-b64-r3","r2-fast","1","34","xml","32","inputs/32KiB/xml.bin","32768","C2F7F129956F8D6FC3D0E3595D93F98D5270B6F5BC4AB5E70F45867822EFDD71","archives/32KiB/xml.hz2","3482","8C9BD52FD7C2E40A739B63126D6CF03C78190C99630D947151C0CAA7694FD49E","decoded/32KiB/xml.decoded","32768","C2F7F129956F8D6FC3D0E3595D93F98D5270B6F5BC4AB5E70F45867822EFDD71","0.0667228","0.0706865","2.68359375","4.2265625","4.2265625","74FF260A939B01673667723D8351AAEDB679339610009ECB23C70E373B862D9F","profile_id=2;mode=fast;block_size=65536;zstd_level=3;lzma_level=9;threads=1;process_timeout_seconds=1800","""E:\MIXER\hybridzip\build\Release\hybridzip.exe"" c --profile=r2 --r2-mode=fast --block-size=65536 --zstd-level=3 --threads=1 ""E:\MIXER\hybridzip\results\experiments\hybridzip-r2-e6-fast-k4-full-20260829-w1\children\hybridzip-r2-e6-fast-k4-full-20260829-w1-fast-b64-r3\inputs\32KiB\xml.bin"" ""E:\MIXER\hybridzip\results\experiments\hybridzip-r2-e6-fast-k4-full-20260829-w1\children\hybridzip-r2-e6-fast-k4-full-20260829-w1-fast-b64-r3\archives\32KiB\xml.hz2""","""E:\MIXER\hybridzip\build\Release\hybridzip.exe"" d ""E:\MIXER\hybridzip\results\experiments\hybridzip-r2-e6-fast-k4-full-20260829-w1\children\hybridzip-r2-e6-fast-k4-full-20260829-w1-fast-b64-r3\archives\32KiB\xml.hz2"" ""E:\MIXER\hybridzip\results\experiments\hybridzip-r2-e6-fast-k4-full-20260829-w1\children\hybridzip-r2-e6-fast-k4-full-20260829-w1-fast-b64-r3\decoded\32KiB\xml.decoded""","0","0","2026-08-29T14:45:26.8931456+08:00","COMPLETE","PASS","fast-ext=1","Complete R2 archive size; SHA-256 byte-exact roundtrip verified."
"e6-fast","fast","64","3","False","1","1","4","0","00010000","1025B343","4B1AC26C40AD4DA50312FD3B694D7E636FB768C2336FE773BC82D36424C27A4B","0:1,39:1,43:2","1","7814100","7814100","7803500","7803500","7814100","7803500","hybridzip-r2-e6-fast-k4-full-20260829-w1-fast-b64-r3","r2-fast","1","35","xml","64","inputs/64KiB/xml.bin","65536","E32AFF2BEBF00105A17DD57F5490C1986D17543CEE837B42EB56B3E0E6F8E7F1","archives/64KiB/xml.hz2","6162","C0DCC2B203F83E53DE5A6CF1148008CB1855E294F70DA0A47341E84F5CE5722D","decoded/64KiB/xml.decoded","65536","E32AFF2BEBF00105A17DD57F5490C1986D17543CEE837B42EB56B3E0E6F8E7F1","0.0655918","0.0707206","2.48046875","4.51953125","4.51953125","74FF260A939B01673667723D8351AAEDB679339610009ECB23C70E373B862D9F","profile_id=2;mode=fast;block_size=65536;zstd_level=3;lzma_level=9;threads=1;process_timeout_seconds=1800","""E:\MIXER\hybridzip\build\Release\hybridzip.exe"" c --profile=r2 --r2-mode=fast --block-size=65536 --zstd-level=3 --threads=1 ""E:\MIXER\hybridzip\results\experiments\hybridzip-r2-e6-fast-k4-full-20260829-w1\children\hybridzip-r2-e6-fast-k4-full-20260829-w1-fast-b64-r3\inputs\64KiB\xml.bin"" ""E:\MIXER\hybridzip\results\experiments\hybridzip-r2-e6-fast-k4-full-20260829-w1\children\hybridzip-r2-e6-fast-k4-full-20260829-w1-fast-b64-r3\archives\64KiB\xml.hz2""","""E:\MIXER\hybridzip\build\Release\hybridzip.exe"" d ""E:\MIXER\hybridzip\results\experiments\hybridzip-r2-e6-fast-k4-full-20260829-w1\children\hybridzip-r2-e6-fast-k4-full-20260829-w1-fast-b64-r3\archives\64KiB\xml.hz2"" ""E:\MIXER\hybridzip\results\experiments\hybridzip-r2-e6-fast-k4-full-20260829-w1\children\hybridzip-r2-e6-fast-k4-full-20260829-w1-fast-b64-r3\decoded\64KiB\xml.decoded""","0","0","2026-08-29T14:45:27.1302594+08:00","COMPLETE","PASS","fast-ext=1","Complete R2 archive size; SHA-256 byte-exact roundtrip verified."
"e6-fast","fast","64","3","False","1","1","8","0","00010000","1025B343","4B1AC26C40AD4DA50312FD3B694D7E636FB768C2336FE773BC82D36424C27A4B","0:2,39:2,43:4","2","7187900","14141000","7181100","7475900","7187900,14141000","7181100,7475900","hybridzip-r2-e6-fast-k4-full-20260829-w1-fast-b64-r3","r2-fast","1","36","xml","128","inputs/128KiB/xml.bin","131072","5FA29C746885F2EEB98734218475915A78092CCB3B0F68B08861EE210E5B6E25","archives/128KiB/xml.hz2","12620","7AFE4DDD24D70376E1C702AD9E06D8A7CEAFCF20135599A3C119EBEC0760AE32","decoded/128KiB/xml.decoded","131072","5FA29C746885F2EEB98734218475915A78092CCB3B0F68B08861EE210E5B6E25","0.0668812","0.0540539","4.4296875","2.02734375","4.4296875","74FF260A939B01673667723D8351AAEDB679339610009ECB23C70E373B862D9F","profile_id=2;mode=fast;block_size=65536;zstd_level=3;lzma_level=9;threads=1;process_timeout_seconds=1800","""E:\MIXER\hybridzip\build\Release\hybridzip.exe"" c --profile=r2 --r2-mode=fast --block-size=65536 --zstd-level=3 --threads=1 ""E:\MIXER\hybridzip\results\experiments\hybridzip-r2-e6-fast-k4-full-20260829-w1\children\hybridzip-r2-e6-fast-k4-full-20260829-w1-fast-b64-r3\inputs\128KiB\xml.bin"" ""E:\MIXER\hybridzip\results\experiments\hybridzip-r2-e6-fast-k4-full-20260829-w1\children\hybridzip-r2-e6-fast-k4-full-20260829-w1-fast-b64-r3\archives\128KiB\xml.hz2""","""E:\MIXER\hybridzip\build\Release\hybridzip.exe"" d ""E:\MIXER\hybridzip\results\experiments\hybridzip-r2-e6-fast-k4-full-20260829-w1\children\hybridzip-r2-e6-fast-k4-full-20260829-w1-fast-b64-r3\archives\128KiB\xml.hz2"" ""E:\MIXER\hybridzip\results\experiments\hybridzip-r2-e6-fast-k4-full-20260829-w1\children\hybridzip-r2-e6-fast-k4-full-20260829-w1-fast-b64-r3\decoded\128KiB\xml.decoded""","0","0","2026-08-29T14:45:27.3623397+08:00","COMPLETE","PASS","fast-ext=2","Complete R2 archive size; SHA-256 byte-exact roundtrip verified."
"e6-fast","fast","128","0","True","1","1","4","0","00010000","1025B343","4B1AC26C40AD4DA50312FD3B694D7E636FB768C2336FE773BC82D36424C27A4B","0:1,39:1,43:2","1","6678000","6678000","6212700","6212700","6678000","6212700","hybridzip-r2-e6-fast-k4-full-20260829-w1-fast-b128-r0","r2-fast","1","1","dickens","32","inputs/32KiB/dickens.bin","32768","FC42DCB9849222C8704C9DCAE606D075B389B66244FB215035148D6409EC0B31","archives/32KiB/dickens.hz2","14204","E61F4B13EAB1FBAFCD1FC75B0444C6CD55D8BC33D9567E94AF21FCA389BB3EEE","decoded/32KiB/dickens.decoded","32768","FC42DCB9849222C8704C9DCAE606D075B389B66244FB215035148D6409EC0B31","0.069047","0.0660192","5.25390625","4.50390625","5.25390625","74FF260A939B01673667723D8351AAEDB679339610009ECB23C70E373B862D9F","profile_id=2;mode=fast;block_size=131072;zstd_level=3;lzma_level=9;threads=1;process_timeout_seconds=1800","""E:\MIXER\hybridzip\build\Release\hybridzip.exe"" c --profile=r2 --r2-mode=fast --block-size=131072 --zstd-level=3 --threads=1 ""E:\MIXER\hybridzip\results\experiments\hybridzip-r2-e6-fast-k4-full-20260829-w1\children\hybridzip-r2-e6-fast-k4-full-20260829-w1-fast-b128-r0\inputs\32KiB\dickens.bin"" ""E:\MIXER\hybridzip\results\experiments\hybridzip-r2-e6-fast-k4-full-20260829-w1\children\hybridzip-r2-e6-fast-k4-full-20260829-w1-fast-b128-r0\archives\32KiB\dickens.hz2""","""E:\MIXER\hybridzip\build\Release\hybridzip.exe"" d ""E:\MIXER\hybridzip\results\experiments\hybridzip-r2-e6-fast-k4-full-20260829-w1\children\hybridzip-r2-e6-fast-k4-full-20260829-w1-fast-b128-r0\archives\32KiB\dickens.hz2"" ""E:\MIXER\hybridzip\results\experiments\hybridzip-r2-e6-fast-k4-full-20260829-w1\children\hybridzip-r2-e6-fast-k4-full-20260829-w1-fast-b128-r0\decoded\32KiB\dickens.decoded""","0","0","2026-08-29T14:45:28.8782530+08:00","COMPLETE","PASS","fast-ext=1","Complete R2 archive size; SHA-256 byte-exact roundtrip verified."
"e6-fast","fast","128","0","True","1","1","4","0","00010000","1025B343","4B1AC26C40AD4DA50312FD3B694D7E636FB768C2336FE773BC82D36424C27A4B","0:1,39:1,43:2","1","10404300","10404300","10397800","10397800","10404300","10397800","hybridzip-r2-e6-fast-k4-full-20260829-w1-fast-b128-r0","r2-fast","1","2","dickens","64","inputs/64KiB/dickens.bin","65536","134AD989A7B8B40C900A3B9C0F4895317DFD827D9E6E933895B08D2F4A8A8293","archives/64KiB/dickens.hz2","27191","866F6668C14614E267616B2D7A095DF242847DE6505B85FACE9EA42A46AE35C5","decoded/64KiB/dickens.decoded","65536","134AD989A7B8B40C900A3B9C0F4895317DFD827D9E6E933895B08D2F4A8A8293","0.066762","0.0534237","2.02734375","2.02734375","2.02734375","74FF260A939B01673667723D8351AAEDB679339610009ECB23C70E373B862D9F","profile_id=2;mode=fast;block_size=131072;zstd_level=3;lzma_level=9;threads=1;process_timeout_seconds=1800","""E:\MIXER\hybridzip\build\Release\hybridzip.exe"" c --profile=r2 --r2-mode=fast --block-size=131072 --zstd-level=3 --threads=1 ""E:\MIXER\hybridzip\results\experiments\hybridzip-r2-e6-fast-k4-full-20260829-w1\children\hybridzip-r2-e6-fast-k4-full-20260829-w1-fast-b128-r0\inputs\64KiB\dickens.bin"" ""E:\MIXER\hybridzip\results\experiments\hybridzip-r2-e6-fast-k4-full-20260829-w1\children\hybridzip-r2-e6-fast-k4-full-20260829-w1-fast-b128-r0\archives\64KiB\dickens.hz2""","""E:\MIXER\hybridzip\build\Release\hybridzip.exe"" d ""E:\MIXER\hybridzip\results\experiments\hybridzip-r2-e6-fast-k4-full-20260829-w1\children\hybridzip-r2-e6-fast-k4-full-20260829-w1-fast-b128-r0\archives\64KiB\dickens.hz2"" ""E:\MIXER\hybridzip\results\experiments\hybridzip-r2-e6-fast-k4-full-20260829-w1\children\hybridzip-r2-e6-fast-k4-full-20260829-w1-fast-b128-r0\decoded\64KiB\dickens.decoded""","0","0","2026-08-29T14:45:29.0723889+08:00","COMPLETE","PASS","fast-ext=1","Complete R2 archive size; SHA-256 byte-exact roundtrip verified."
"e6-fast","fast","128","0","True","1","1","4","0","00010000","1025B343","4B1AC26C40AD4DA50312FD3B694D7E636FB768C2336FE773BC82D36424C27A4B","0:1,39:1,43:2","1","20736500","20736500","20691000","20691000","20736500","20691000","hybridzip-r2-e6-fast-k4-full-20260829-w1-fast-b128-r0","r2-fast","1","3","dickens","128","inputs/128KiB/dickens.bin","131072","20E33FCC8FAA96DC32A2D0921115C0F363E64C598A5847CE1A3876E356D59872","archives/128KiB/dickens.hz2","51899","2824D2853EB63C907DED066860E95D98C549820AAAA665895A847173CC8A90A4","decoded/128KiB/dickens.decoded","131072","20E33FCC8FAA96DC32A2D0921115C0F363E64C598A5847CE1A3876E356D59872","0.0690599","0.0562321","5.8671875","2.02734375","5.8671875","74FF260A939B01673667723D8351AAEDB679339610009ECB23C70E373B862D9F","profile_id=2;mode=fast;block_size=131072;zstd_level=3;lzma_level=9;threads=1;process_timeout_seconds=1800","""E:\MIXER\hybridzip\build\Release\hybridzip.exe"" c --profile=r2 --r2-mode=fast --block-size=131072 --zstd-level=3 --threads=1 ""E:\MIXER\hybridzip\results\experiments\hybridzip-r2-e6-fast-k4-full-20260829-w1\children\hybridzip-r2-e6-fast-k4-full-20260829-w1-fast-b128-r0\inputs\128KiB\dickens.bin"" ""E:\MIXER\hybridzip\results\experiments\hybridzip-r2-e6-fast-k4-full-20260829-w1\children\hybridzip-r2-e6-fast-k4-full-20260829-w1-fast-b128-r0\archives\128KiB\dickens.hz2""","""E:\MIXER\hybridzip\build\Release\hybridzip.exe"" d ""E:\MIXER\hybridzip\results\experiments\hybridzip-r2-e6-fast-k4-full-20260829-w1\children\hybridzip-r2-e6-fast-k4-full-20260829-w1-fast-b128-r0\archives\128KiB\dickens.hz2"" ""E:\MIXER\hybridzip\results\experiments\hybridzip-r2-e6-fast-k4-full-20260829-w1\children\hybridzip-r2-e6-fast-k4-full-20260829-w1-fast-b128-r0\decoded\128KiB\dickens.decoded""","0","0","2026-08-29T14:45:29.2678660+08:00","COMPLETE","PASS","fast-ext=1","Complete R2 archive size; SHA-256 byte-exact roundtrip verified."
"e6-fast","fast","128","0","True","1","1","4","0","00010000","1025B343","4B1AC26C40AD4DA50312FD3B694D7E636FB768C2336FE773BC82D36424C27A4B","0:1,39:1,43:2","1","7346800","7346800","7220100","7220100","7346800","7220100","hybridzip-r2-e6-fast-k4-full-20260829-w1-fast-b128-r0","r2-fast","1","4","mozilla","32","inputs/32KiB/mozilla.bin","32768","9DDEEF36CA0CA55B72FE3376D005926DFF3400A2ADE6EAE18482D8017D8645DB","archives/32KiB/mozilla.hz2","11271","F10A514C26742AD96F41C1B9A2784068581A5997248F2C1F8377321C75F1E66B","decoded/32KiB/mozilla.decoded","32768","9DDEEF36CA0CA55B72FE3376D005926DFF3400A2ADE6EAE18482D8017D8645DB","0.0619297","0.0643935","2.5859375","2.4921875","2.5859375","74FF260A939B01673667723D8351AAEDB679339610009ECB23C70E373B862D9F","profile_id=2;mode=fast;block_size=131072;zstd_level=3;lzma_level=9;threads=1;process_timeout_seconds=1800","""E:\MIXER\hybridzip\build\Release\hybridzip.exe"" c --profile=r2 --r2-mode=fast --block-size=131072 --zstd-level=3 --threads=1 ""E:\MIXER\hybridzip\results\experiments\hybridzip-r2-e6-fast-k4-full-20260829-w1\children\hybridzip-r2-e6-fast-k4-full-20260829-w1-fast-b128-r0\inputs\32KiB\mozilla.bin"" ""E:\MIXER\hybridzip\results\experiments\hybridzip-r2-e6-fast-k4-full-20260829-w1\children\hybridzip-r2-e6-fast-k4-full-20260829-w1-fast-b128-r0\archives\32KiB\mozilla.hz2""","""E:\MIXER\hybridzip\build\Release\hybridzip.exe"" d ""E:\MIXER\hybridzip\results\experiments\hybridzip-r2-e6-fast-k4-full-20260829-w1\children\hybridzip-r2-e6-fast-k4-full-20260829-w1-fast-b128-r0\archives\32KiB\mozilla.hz2"" ""E:\MIXER\hybridzip\results\experiments\hybridzip-r2-e6-fast-k4-full-20260829-w1\children\hybridzip-r2-e6-fast-k4-full-20260829-w1-fast-b128-r0\decoded\32KiB\mozilla.decoded""","0","0","2026-08-29T14:45:29.4688575+08:00","COMPLETE","PASS","fast-ext=1","Complete R2 archive size; SHA-256 byte-exact roundtrip verified."
"e6-fast","fast","128","0","True","1","1","4","0","00010000","1025B343","4B1AC26C40AD4DA50312FD3B694D7E636FB768C2336FE773BC82D36424C27A4B","0:1,39:1,43:2","1","12539700","12539700","12533900","12533900","12539700","12533900","hybridzip-r2-e6-fast-k4-full-20260829-w1-fast-b128-r0","r2-fast","1","5","mozilla","64","inputs/64KiB/mozilla.bin","65536","B0050240663F54371D372303EEABA0A59AB0758BCD565F4F639D06561E6BC996","archives/64KiB/mozilla.hz2","15984","B974316C4CD10400A0A3F2714F0811CE92E8179264D64F3CF042F35DF6A05DFC","decoded/64KiB/mozilla.decoded","65536","B0050240663F54371D372303EEABA0A59AB0758BCD565F4F639D06561E6BC996","0.0639967","0.0584448","2.02734375","2.02734375","2.02734375","74FF260A939B01673667723D8351AAEDB679339610009ECB23C70E373B862D9F","profile_id=2;mode=fast;block_size=131072;zstd_level=3;lzma_level=9;threads=1;process_timeout_seconds=1800","""E:\MIXER\hybridzip\build\Release\hybridzip.exe"" c --profile=r2 --r2-mode=fast --block-size=131072 --zstd-level=3 --threads=1 ""E:\MIXER\hybridzip\results\experiments\hybridzip-r2-e6-fast-k4-full-20260829-w1\children\hybridzip-r2-e6-fast-k4-full-20260829-w1-fast-b128-r0\inputs\64KiB\mozilla.bin"" ""E:\MIXER\hybridzip\results\experiments\hybridzip-r2-e6-fast-k4-full-20260829-w1\children\hybridzip-r2-e6-fast-k4-full-20260829-w1-fast-b128-r0\archives\64KiB\mozilla.hz2""","""E:\MIXER\hybridzip\build\Release\hybridzip.exe"" d ""E:\MIXER\hybridzip\results\experiments\hybridzip-r2-e6-fast-k4-full-20260829-w1\children\hybridzip-r2-e6-fast-k4-full-20260829-w1-fast-b128-r0\archives\64KiB\mozilla.hz2"" ""E:\MIXER\hybridzip\results\experiments\hybridzip-r2-e6-fast-k4-full-20260829-w1\children\hybridzip-r2-e6-fast-k4-full-20260829-w1-fast-b128-r0\decoded\64KiB\mozilla.decoded""","0","0","2026-08-29T14:45:29.6585288+08:00","COMPLETE","PASS","fast-ext=1","Complete R2 archive size; SHA-256 byte-exact roundtrip verified."
"e6-fast","fast","128","0","True","1","1","4","0","00010000","1025B343","4B1AC26C40AD4DA50312FD3B694D7E636FB768C2336FE773BC82D36424C27A4B","0:1,39:1,43:2","1","20590700","20590700","20494000","20494000","20590700","20494000","hybridzip-r2-e6-fast-k4-full-20260829-w1-fast-b128-r0","r2-fast","1","6","mozilla","128","inputs/128KiB/mozilla.bin","131072","85CDBEA98382DB12E9A21FF90E1907452712D074000A6B855D2CA215FA591EB4","archives/128KiB/mozilla.hz2","21361","F438A73FDF64767BC46BCCBA91928DE92CEE0F187DA1866F253A8DF3C8B84555","decoded/128KiB/mozilla.decoded","131072","85CDBEA98382DB12E9A21FF90E1907452712D074000A6B855D2CA215FA591EB4","0.0862584","0.064192","5.76953125","2.02734375","5.76953125","74FF260A939B01673667723D8351AAEDB679339610009ECB23C70E373B862D9F","profile_id=2;mode=fast;block_size=131072;zstd_level=3;lzma_level=9;threads=1;process_timeout_seconds=1800","""E:\MIXER\hybridzip\build\Release\hybridzip.exe"" c --profile=r2 --r2-mode=fast --block-size=131072 --zstd-level=3 --threads=1 ""E:\MIXER\hybridzip\results\experiments\hybridzip-r2-e6-fast-k4-full-20260829-w1\children\hybridzip-r2-e6-fast-k4-full-20260829-w1-fast-b128-r0\inputs\128KiB\mozilla.bin"" ""E:\MIXER\hybridzip\results\experiments\hybridzip-r2-e6-fast-k4-full-20260829-w1\children\hybridzip-r2-e6-fast-k4-full-20260829-w1-fast-b128-r0\archives\128KiB\mozilla.hz2""","""E:\MIXER\hybridzip\build\Release\hybridzip.exe"" d ""E:\MIXER\hybridzip\results\experiments\hybridzip-r2-e6-fast-k4-full-20260829-w1\children\hybridzip-r2-e6-fast-k4-full-20260829-w1-fast-b128-r0\archives\128KiB\mozilla.hz2"" ""E:\MIXER\hybridzip\results\experiments\hybridzip-r2-e6-fast-k4-full-20260829-w1\children\hybridzip-r2-e6-fast-k4-full-20260829-w1-fast-b128-r0\decoded\128KiB\mozilla.decoded""","0","0","2026-08-29T14:45:29.8483382+08:00","COMPLETE","PASS","fast-ext=1","Complete R2 archive size; SHA-256 byte-exact roundtrip verified."
"e6-fast","fast","128","0","True","1","1","4","0","00010000","1025B343","4B1AC26C40AD4DA50312FD3B694D7E636FB768C2336FE773BC82D36424C27A4B","0:1,39:1,43:2","1","8084600","8084600","7829300","7829300","8084600","7829300","hybridzip-r2-e6-fast-k4-full-20260829-w1-fast-b128-r0","r2-fast","1","7","mr","32","inputs/32KiB/mr.bin","32768","3BB287B0AF65F777AB00C14E362B4D1962087260556001BBEE0689AA10D9F76A","archives/32KiB/mr.hz2","8048","D1D151D005274D750563A80E41F10A0C98985EF7B50828F037E8FC676864CF94","decoded/32KiB/mr.decoded","32768","3BB287B0AF65F777AB00C14E362B4D1962087260556001BBEE0689AA10D9F76A","0.0528414","0.0531611","5.2421875","2.02734375","5.2421875","74FF260A939B01673667723D8351AAEDB679339610009ECB23C70E373B862D9F","profile_id=2;mode=fast;block_size=131072;zstd_level=3;lzma_level=9;threads=1;process_timeout_seconds=1800","""E:\MIXER\hybridzip\build\Release\hybridzip.exe"" c --profile=r2 --r2-mode=fast --block-size=131072 --zstd-level=3 --threads=1 ""E:\MIXER\hybridzip\results\experiments\hybridzip-r2-e6-fast-k4-full-20260829-w1\children\hybridzip-r2-e6-fast-k4-full-20260829-w1-fast-b128-r0\inputs\32KiB\mr.bin"" ""E:\MIXER\hybridzip\results\experiments\hybridzip-r2-e6-fast-k4-full-20260829-w1\children\hybridzip-r2-e6-fast-k4-full-20260829-w1-fast-b128-r0\archives\32KiB\mr.hz2""","""E:\MIXER\hybridzip\build\Release\hybridzip.exe"" d ""E:\MIXER\hybridzip\results\experiments\hybridzip-r2-e6-fast-k4-full-20260829-w1\children\hybridzip-r2-e6-fast-k4-full-20260829-w1-fast-b128-r0\archives\32KiB\mr.hz2"" ""E:\MIXER\hybridzip\results\experiments\hybridzip-r2-e6-fast-k4-full-20260829-w1\children\hybridzip-r2-e6-fast-k4-full-20260829-w1-fast-b128-r0\decoded\32KiB\mr.decoded""","0","0","2026-08-29T14:45:30.0650808+08:00","COMPLETE","PASS","fast-ext=1","Complete R2 archive size; SHA-256 byte-exact roundtrip verified."
"e6-fast","fast","128","0","True","1","1","4","0","00010000","1025B343","4B1AC26C40AD4DA50312FD3B694D7E636FB768C2336FE773BC82D36424C27A4B","0:1,39:1,43:2","1","14282100","14282100","14272600","14272600","14282100","14272600","hybridzip-r2-e6-fast-k4-full-20260829-w1-fast-b128-r0","r2-fast","1","8","mr","64","inputs/64KiB/mr.bin","65536","CAB7B6408934009A4BBFEDB57BEB4943BF5478CF8B3688D01F004E0422EBC651","archives/64KiB/mr.hz2","15043","D9530E313B54ED9C887E6FF25A60866E3E2902C8EF12D78257A3E8854A3F10BB","decoded/64KiB/mr.decoded","65536","CAB7B6408934009A4BBFEDB57BEB4943BF5478CF8B3688D01F004E0422EBC651","0.0570055","0.0416056","5.421875","2.02734375","5.421875","74FF260A939B01673667723D8351AAEDB679339610009ECB23C70E373B862D9F","profile_id=2;mode=fast;block_size=131072;zstd_level=3;lzma_level=9;threads=1;process_timeout_seconds=1800","""E:\MIXER\hybridzip\build\Release\hybridzip.exe"" c --profile=r2 --r2-mode=fast --block-size=131072 --zstd-level=3 --threads=1 ""E:\MIXER\hybridzip\results\experiments\hybridzip-r2-e6-fast-k4-full-20260829-w1\children\hybridzip-r2-e6-fast-k4-full-20260829-w1-fast-b128-r0\inputs\64KiB\mr.bin"" ""E:\MIXER\hybridzip\results\experiments\hybridzip-r2-e6-fast-k4-full-20260829-w1\children\hybridzip-r2-e6-fast-k4-full-20260829-w1-fast-b128-r0\archives\64KiB\mr.hz2""","""E:\MIXER\hybridzip\build\Release\hybridzip.exe"" d ""E:\MIXER\hybridzip\results\experiments\hybridzip-r2-e6-fast-k4-full-20260829-w1\children\hybridzip-r2-e6-fast-k4-full-20260829-w1-fast-b128-r0\archives\64KiB\mr.hz2"" ""E:\MIXER\hybridzip\results\experiments\hybridzip-r2-e6-fast-k4-full-20260829-w1\children\hybridzip-r2-e6-fast-k4-full-20260829-w1-fast-b128-r0\decoded\64KiB\mr.decoded""","0","0","2026-08-29T14:45:30.2438563+08:00","COMPLETE","PASS","fast-ext=1","Complete R2 archive size; SHA-256 byte-exact roundtrip verified."
"e6-fast","fast","128","0","True","1","1","4","0","00010000","1025B343","4B1AC26C40AD4DA50312FD3B694D7E636FB768C2336FE773BC82D36424C27A4B","0:1,39:1,43:2","1","32596400","32596400","32458800","32458800","32596400","32458800","hybridzip-r2-e6-fast-k4-full-20260829-w1-fast-b128-r0","r2-fast","1","9","mr","128","inputs/128KiB/mr.bin","131072","473A6A883480C7B2E69402AD888AC07B347C2DF61C6AA0D84E8B8130A27792EA","archives/128KiB/mr.hz2","28436","52CE74991A5D05B74A8061B1F5264D1E6D91D1F534A0F25D73FC29025E60DD5C","decoded/128KiB/mr.decoded","131072","473A6A883480C7B2E69402AD888AC07B347C2DF61C6AA0D84E8B8130A27792EA","0.0839336","0.0426642","5.84765625","2.02734375","5.84765625","74FF260A939B01673667723D8351AAEDB679339610009ECB23C70E373B862D9F","profile_id=2;mode=fast;block_size=131072;zstd_level=3;lzma_level=9;threads=1;process_timeout_seconds=1800","""E:\MIXER\hybridzip\build\Release\hybridzip.exe"" c --profile=r2 --r2-mode=fast --block-size=131072 --zstd-level=3 --threads=1 ""E:\MIXER\hybridzip\results\experiments\hybridzip-r2-e6-fast-k4-full-20260829-w1\children\hybridzip-r2-e6-fast-k4-full-20260829-w1-fast-b128-r0\inputs\128KiB\mr.bin"" ""E:\MIXER\hybridzip\results\experiments\hybridzip-r2-e6-fast-k4-full-20260829-w1\children\hybridzip-r2-e6-fast-k4-full-20260829-w1-fast-b128-r0\archives\128KiB\mr.hz2""","""E:\MIXER\hybridzip\build\Release\hybridzip.exe"" d ""E:\MIXER\hybridzip\results\experiments\hybridzip-r2-e6-fast-k4-full-20260829-w1\children\hybridzip-r2-e6-fast-k4-full-20260829-w1-fast-b128-r0\archives\128KiB\mr.hz2"" ""E:\MIXER\hybridzip\results\experiments\hybridzip-r2-e6-fast-k4-full-20260829-w1\children\hybridzip-r2-e6-fast-k4-full-20260829-w1-fast-b128-r0\decoded\128KiB\mr.decoded""","0","0","2026-08-29T14:45:30.4165738+08:00","COMPLETE","PASS","fast-ext=1","Complete R2 archive size; SHA-256 byte-exact roundtrip verified."
"e6-fast","fast","128","0","True","1","1","4","0","00010000","1025B343","4B1AC26C40AD4DA50312FD3B694D7E636FB768C2336FE773BC82D36424C27A4B","0:1,39:1,43:2","1","5360000","5360000","5119400","5119400","5360000","5119400","hybridzip-r2-e6-fast-k4-full-20260829-w1-fast-b128-r0","r2-fast","1","10","nci","32","inputs/32KiB/nci.bin","32768","0D3034FE8B0E573DE1439ED98CE409B83B13E5895085C9BFB0BF980F4962FB79","archives/32KiB/nci.hz2","3101","4CF1982CC88B853BBF82257C11B8893DAC3C1EAB64335AD37AFEF46B8215D130","decoded/32KiB/nci.decoded","32768","0D3034FE8B0E573DE1439ED98CE409B83B13E5895085C9BFB0BF980F4962FB79","0.0677928","0.0562676","5.25","2.02734375","5.25","74FF260A939B01673667723D8351AAEDB679339610009ECB23C70E373B862D9F","profile_id=2;mode=fast;block_size=131072;zstd_level=3;lzma_level=9;threads=1;process_timeout_seconds=1800","""E:\MIXER\hybridzip\build\Release\hybridzip.exe"" c --profile=r2 --r2-mode=fast --block-size=131072 --zstd-level=3 --threads=1 ""E:\MIXER\hybridzip\results\experiments\hybridzip-r2-e6-fast-k4-full-20260829-w1\children\hybridzip-r2-e6-fast-k4-full-20260829-w1-fast-b128-r0\inputs\32KiB\nci.bin"" ""E:\MIXER\hybridzip\results\experiments\hybridzip-r2-e6-fast-k4-full-20260829-w1\children\hybridzip-r2-e6-fast-k4-full-20260829-w1-fast-b128-r0\archives\32KiB\nci.hz2""","""E:\MIXER\hybridzip\build\Release\hybridzip.exe"" d ""E:\MIXER\hybridzip\results\experiments\hybridzip-r2-e6-fast-k4-full-20260829-w1\children\hybridzip-r2-e6-fast-k4-full-20260829-w1-fast-b128-r0\archives\32KiB\nci.hz2"" ""E:\MIXER\hybridzip\results\experiments\hybridzip-r2-e6-fast-k4-full-20260829-w1\children\hybridzip-r2-e6-fast-k4-full-20260829-w1-fast-b128-r0\decoded\32KiB\nci.decoded""","0","0","2026-08-29T14:45:30.6186333+08:00","COMPLETE","PASS","fast-ext=1","Complete R2 archive size; SHA-256 byte-exact roundtrip verified."
"e6-fast","fast","128","0","True","1","1","4","0","00010000","1025B343","4B1AC26C40AD4DA50312FD3B694D7E636FB768C2336FE773BC82D36424C27A4B","0:1,39:1,43:2","1","8006000","8006000","7997000","7997000","8006000","7997000","hybridzip-r2-e6-fast-k4-full-20260829-w1-fast-b128-r0","r2-fast","1","11","nci","64","inputs/64KiB/nci.bin","65536","B01B411AC3B5CE2FBF37242C0C59D2D236D2F7039937C1B1A0F18F4CC02549FE","archives/64KiB/nci.hz2","5293","317D757C98351D95539B3E9AD6F6945FFABE8400338D0C0FE1F219A3DC6478D5","decoded/64KiB/nci.decoded","65536","B01B411AC3B5CE2FBF37242C0C59D2D236D2F7039937C1B1A0F18F4CC02549FE","0.0521281","0.0415552","4.26171875","2.0234375","4.26171875","74FF260A939B01673667723D8351AAEDB679339610009ECB23C70E373B862D9F","profile_id=2;mode=fast;block_size=131072;zstd_level=3;lzma_level=9;threads=1;process_timeout_seconds=1800","""E:\MIXER\hybridzip\build\Release\hybridzip.exe"" c --profile=r2 --r2-mode=fast --block-size=131072 --zstd-level=3 --threads=1 ""E:\MIXER\hybridzip\results\experiments\hybridzip-r2-e6-fast-k4-full-20260829-w1\children\hybridzip-r2-e6-fast-k4-full-20260829-w1-fast-b128-r0\inputs\64KiB\nci.bin"" ""E:\MIXER\hybridzip\results\experiments\hybridzip-r2-e6-fast-k4-full-20260829-w1\children\hybridzip-r2-e6-fast-k4-full-20260829-w1-fast-b128-r0\archives\64KiB\nci.hz2""","""E:\MIXER\hybridzip\build\Release\hybridzip.exe"" d ""E:\MIXER\hybridzip\results\experiments\hybridzip-r2-e6-fast-k4-full-20260829-w1\children\hybridzip-r2-e6-fast-k4-full-20260829-w1-fast-b128-r0\archives\64KiB\nci.hz2"" ""E:\MIXER\hybridzip\results\experiments\hybridzip-r2-e6-fast-k4-full-20260829-w1\children\hybridzip-r2-e6-fast-k4-full-20260829-w1-fast-b128-r0\decoded\64KiB\nci.decoded""","0","0","2026-08-29T14:45:30.8150323+08:00","COMPLETE","PASS","fast-ext=1","Complete R2 archive size; SHA-256 byte-exact roundtrip verified."
"e6-fast","fast","128","0","True","1","1","4","0","00010000","1025B343","4B1AC26C40AD4DA50312FD3B694D7E636FB768C2336FE773BC82D36424C27A4B","0:1,39:1,43:2","1","15041000","15041000","14996200","14996200","15041000","14996200","hybridzip-r2-e6-fast-k4-full-20260829-w1-fast-b128-r0","r2-fast","1","12","nci","128","inputs/128KiB/nci.bin","131072","C8A1D610355E5EF900ED4C704DF14ADF1935D95DFD8F1740AC9FD90FC9BF5781","archives/128KiB/nci.hz2","11265","F5A2ABC8D40B5BC2499A49BF93537D8E954DE3347917B86F9BF3E458C58EA62C","decoded/128KiB/nci.decoded","131072","C8A1D610355E5EF900ED4C704DF14ADF1935D95DFD8F1740AC9FD90FC9BF5781","0.0668987","0.0415292","5.81640625","2.02734375","5.81640625","74FF260A939B01673667723D8351AAEDB679339610009ECB23C70E373B862D9F","profile_id=2;mode=fast;block_size=131072;zstd_level=3;lzma_level=9;threads=1;process_timeout_seconds=1800","""E:\MIXER\hybridzip\build\Release\hybridzip.exe"" c --profile=r2 --r2-mode=fast --block-size=131072 --zstd-level=3 --threads=1 ""E:\MIXER\hybridzip\results\experiments\hybridzip-r2-e6-fast-k4-full-20260829-w1\children\hybridzip-r2-e6-fast-k4-full-20260829-w1-fast-b128-r0\inputs\128KiB\nci.bin"" ""E:\MIXER\hybridzip\results\experiments\hybridzip-r2-e6-fast-k4-full-20260829-w1\children\hybridzip-r2-e6-fast-k4-full-20260829-w1-fast-b128-r0\archives\128KiB\nci.hz2""","""E:\MIXER\hybridzip\build\Release\hybridzip.exe"" d ""E:\MIXER\hybridzip\results\experiments\hybridzip-r2-e6-fast-k4-full-20260829-w1\children\hybridzip-r2-e6-fast-k4-full-20260829-w1-fast-b128-r0\archives\128KiB\nci.hz2"" ""E:\MIXER\hybridzip\results\experiments\hybridzip-r2-e6-fast-k4-full-20260829-w1\children\hybridzip-r2-e6-fast-k4-full-20260829-w1-fast-b128-r0\decoded\128KiB\nci.decoded""","0","0","2026-08-29T14:45:30.9811024+08:00","COMPLETE","PASS","fast-ext=1","Complete R2 archive size; SHA-256 byte-exact roundtrip verified."
"e6-fast","fast","128","0","True","1","1","4","0","00010000","1025B343","4B1AC26C40AD4DA50312FD3B694D7E636FB768C2336FE773BC82D36424C27A4B","0:1,39:1,43:2","1","5724400","5724400","5717100","5717100","5724400","5717100","hybridzip-r2-e6-fast-k4-full-20260829-w1-fast-b128-r0","r2-fast","1","13","ooffice","32","inputs/32KiB/ooffice.bin","32768","2ACF9B4CAAEAC5814CDFEF0FA48A5ECE857C847DBDB7B44EEAB95CA3C098921C","archives/32KiB/ooffice.hz2","13020","93842D37FA0582469C18B5D797FC54A043A15304D54618492B5A791F64C7BC02","decoded/32KiB/ooffice.decoded","32768","2ACF9B4CAAEAC5814CDFEF0FA48A5ECE857C847DBDB7B44EEAB95CA3C098921C","0.0593694","0.057917","2.02734375","2.02734375","2.02734375","74FF260A939B01673667723D8351AAEDB679339610009ECB23C70E373B862D9F","profile_id=2;mode=fast;block_size=131072;zstd_level=3;lzma_level=9;threads=1;process_timeout_seconds=1800","""E:\MIXER\hybridzip\build\Release\hybridzip.exe"" c --profile=r2 --r2-mode=fast --block-size=131072 --zstd-level=3 --threads=1 ""E:\MIXER\hybridzip\results\experiments\hybridzip-r2-e6-fast-k4-full-20260829-w1\children\hybridzip-r2-e6-fast-k4-full-20260829-w1-fast-b128-r0\inputs\32KiB\ooffice.bin"" ""E:\MIXER\hybridzip\results\experiments\hybridzip-r2-e6-fast-k4-full-20260829-w1\children\hybridzip-r2-e6-fast-k4-full-20260829-w1-fast-b128-r0\archives\32KiB\ooffice.hz2""","""E:\MIXER\hybridzip\build\Release\hybridzip.exe"" d ""E:\MIXER\hybridzip\results\experiments\hybridzip-r2-e6-fast-k4-full-20260829-w1\children\hybridzip-r2-e6-fast-k4-full-20260829-w1-fast-b128-r0\archives\32KiB\ooffice.hz2"" ""E:\MIXER\hybridzip\results\experiments\hybridzip-r2-e6-fast-k4-full-20260829-w1\children\hybridzip-r2-e6-fast-k4-full-20260829-w1-fast-b128-r0\decoded\32KiB\ooffice.decoded""","0","0","2026-08-29T14:45:31.1649911+08:00","COMPLETE","PASS","fast-ext=1","Complete R2 archive size; SHA-256 byte-exact roundtrip verified."
"e6-fast","fast","128","0","True","1","1","4","0","00010000","1025B343","4B1AC26C40AD4DA50312FD3B694D7E636FB768C2336FE773BC82D36424C27A4B","0:1,39:1,43:2","1","9543200","9543200","9537300","9537300","9543200","9537300","hybridzip-r2-e6-fast-k4-full-20260829-w1-fast-b128-r0","r2-fast","1","14","ooffice","64","inputs/64KiB/ooffice.bin","65536","9D30521922187D0A26F56CF2DF85001F9585D0D4EC6A0A8797466AFCC367F825","archives/64KiB/ooffice.hz2","30037","C6DD2094DF4233A761212237A45C6FCC73FD05A63FF4D3032C77698B2309358B","decoded/64KiB/ooffice.decoded","65536","9D30521922187D0A26F56CF2DF85001F9585D0D4EC6A0A8797466AFCC367F825","0.0624947","0.0624901","2.02734375","2.02734375","2.02734375","74FF260A939B01673667723D8351AAEDB679339610009ECB23C70E373B862D9F","profile_id=2;mode=fast;block_size=131072;zstd_level=3;lzma_level=9;threads=1;process_timeout_seconds=1800","""E:\MIXER\hybridzip\build\Release\hybridzip.exe"" c --profile=r2 --r2-mode=fast --block-size=131072 --zstd-level=3 --threads=1 ""E:\MIXER\hybridzip\results\experiments\hybridzip-r2-e6-fast-k4-full-20260829-w1\children\hybridzip-r2-e6-fast-k4-full-20260829-w1-fast-b128-r0\inputs\64KiB\ooffice.bin"" ""E:\MIXER\hybridzip\results\experiments\hybridzip-r2-e6-fast-k4-full-20260829-w1\children\hybridzip-r2-e6-fast-k4-full-20260829-w1-fast-b128-r0\archives\64KiB\ooffice.hz2""","""E:\MIXER\hybridzip\build\Release\hybridzip.exe"" d ""E:\MIXER\hybridzip\results\experiments\hybridzip-r2-e6-fast-k4-full-20260829-w1\children\hybridzip-r2-e6-fast-k4-full-20260829-w1-fast-b128-r0\archives\64KiB\ooffice.hz2"" ""E:\MIXER\hybridzip\results\experiments\hybridzip-r2-e6-fast-k4-full-20260829-w1\children\hybridzip-r2-e6-fast-k4-full-20260829-w1-fast-b128-r0\decoded\64KiB\ooffice.decoded""","0","0","2026-08-29T14:45:31.3644125+08:00","COMPLETE","PASS","fast-ext=1","Complete R2 archive size; SHA-256 byte-exact roundtrip verified."
"e6-fast","fast","128","0","True","1","1","4","0","00010000","1025B343","4B1AC26C40AD4DA50312FD3B694D7E636FB768C2336FE773BC82D36424C27A4B","0:1,39:1,43:2","1","17959800","17959800","17919400","17919400","17959800","17919400","hybridzip-r2-e6-fast-k4-full-20260829-w1-fast-b128-r0","r2-fast","1","15","ooffice","128","inputs/128KiB/ooffice.bin","131072","09FA5F3EE5311528863F8C3FADA3B530CC24AC1D88128E4DB2BF434161879FEF","archives/128KiB/ooffice.hz2","64227","D68E4BA2FA7AD6DD29237CC12A629DBD2226FB7F3DEE46754F557CF8DD3252D3","decoded/128KiB/ooffice.decoded","131072","09FA5F3EE5311528863F8C3FADA3B530CC24AC1D88128E4DB2BF434161879FEF","0.0800044","0.0644963","5.83984375","2.02734375","5.83984375","74FF260A939B01673667723D8351AAEDB679339610009ECB23C70E373B862D9F","profile_id=2;mode=fast;block_size=131072;zstd_level=3;lzma_level=9;threads=1;process_timeout_seconds=1800","""E:\MIXER\hybridzip\build\Release\hybridzip.exe"" c --profile=r2 --r2-mode=fast --block-size=131072 --zstd-level=3 --threads=1 ""E:\MIXER\hybridzip\results\experiments\hybridzip-r2-e6-fast-k4-full-20260829-w1\children\hybridzip-r2-e6-fast-k4-full-20260829-w1-fast-b128-r0\inputs\128KiB\ooffice.bin"" ""E:\MIXER\hybridzip\results\experiments\hybridzip-r2-e6-fast-k4-full-20260829-w1\children\hybridzip-r2-e6-fast-k4-full-20260829-w1-fast-b128-r0\archives\128KiB\ooffice.hz2""","""E:\MIXER\hybridzip\build\Release\hybridzip.exe"" d ""E:\MIXER\hybridzip\results\experiments\hybridzip-r2-e6-fast-k4-full-20260829-w1\children\hybridzip-r2-e6-fast-k4-full-20260829-w1-fast-b128-r0\archives\128KiB\ooffice.hz2"" ""E:\MIXER\hybridzip\results\experiments\hybridzip-r2-e6-fast-k4-full-20260829-w1\children\hybridzip-r2-e6-fast-k4-full-20260829-w1-fast-b128-r0\decoded\128KiB\ooffice.decoded""","0","0","2026-08-29T14:45:31.5662035+08:00","COMPLETE","PASS","fast-ext=1","Complete R2 archive size; SHA-256 byte-exact roundtrip verified."
"e6-fast","fast","128","0","True","1","1","4","0","00010000","1025B343","4B1AC26C40AD4DA50312FD3B694D7E636FB768C2336FE773BC82D36424C27A4B","0:1,39:1,43:2","1","5391200","5391200","5224500","5224500","5391200","5224500","hybridzip-r2-e6-fast-k4-full-20260829-w1-fast-b128-r0","r2-fast","1","16","osdb","32","inputs/32KiB/osdb.bin","32768","03B2C20B777682CD960BCD893D7A4463161D9C0200FD1708B2EFAE32A259D0B7","archives/32KiB/osdb.hz2","15695","E2B3286A0313D3AD1590CAE7EEDD530F5D05C7CF88A301F19B4CC33BB16565E5","decoded/32KiB/osdb.decoded","32768","03B2C20B777682CD960BCD893D7A4463161D9C0200FD1708B2EFAE32A259D0B7","0.0506351","0.0583961","2.12890625","2.0234375","2.12890625","74FF260A939B01673667723D8351AAEDB679339610009ECB23C70E373B862D9F","profile_id=2;mode=fast;block_size=131072;zstd_level=3;lzma_level=9;threads=1;process_timeout_seconds=1800","""E:\MIXER\hybridzip\build\Release\hybridzip.exe"" c --profile=r2 --r2-mode=fast --block-size=131072 --zstd-level=3 --threads=1 ""E:\MIXER\hybridzip\results\experiments\hybridzip-r2-e6-fast-k4-full-20260829-w1\children\hybridzip-r2-e6-fast-k4-full-20260829-w1-fast-b128-r0\inputs\32KiB\osdb.bin"" ""E:\MIXER\hybridzip\results\experiments\hybridzip-r2-e6-fast-k4-full-20260829-w1\children\hybridzip-r2-e6-fast-k4-full-20260829-w1-fast-b128-r0\archives\32KiB\osdb.hz2""","""E:\MIXER\hybridzip\build\Release\hybridzip.exe"" d ""E:\MIXER\hybridzip\results\experiments\hybridzip-r2-e6-fast-k4-full-20260829-w1\children\hybridzip-r2-e6-fast-k4-full-20260829-w1-fast-b128-r0\archives\32KiB\osdb.hz2"" ""E:\MIXER\hybridzip\results\experiments\hybridzip-r2-e6-fast-k4-full-20260829-w1\children\hybridzip-r2-e6-fast-k4-full-20260829-w1-fast-b128-r0\decoded\32KiB\osdb.decoded""","0","0","2026-08-29T14:45:31.7854404+08:00","COMPLETE","PASS","fast-ext=1","Complete R2 archive size; SHA-256 byte-exact roundtrip verified."
"e6-fast","fast","128","0","True","1","1","4","0","00010000","1025B343","4B1AC26C40AD4DA50312FD3B694D7E636FB768C2336FE773BC82D36424C27A4B","0:1,39:1,43:2","1","8455800","8455800","8449800","8449800","8455800","8449800","hybridzip-r2-e6-fast-k4-full-20260829-w1-fast-b128-r0","r2-fast","1","17","osdb","64","inputs/64KiB/osdb.bin","65536","F8FE629325A07588118BA0B65880A87DED43EF249CCBC91F0E977BBACAE0C125","archives/64KiB/osdb.hz2","27355","6000DBEA65E45B25BBBCA5C8034DE3125C9B5B9E4BA7E53755A6C229071438C9","decoded/64KiB/osdb.decoded","65536","F8FE629325A07588118BA0B65880A87DED43EF249CCBC91F0E977BBACAE0C125","0.0580069","0.0441554","4.19140625","2.02734375","4.19140625","74FF260A939B01673667723D8351AAEDB679339610009ECB23C70E373B862D9F","profile_id=2;mode=fast;block_size=131072;zstd_level=3;lzma_level=9;threads=1;process_timeout_seconds=1800","""E:\MIXER\hybridzip\build\Release\hybridzip.exe"" c --profile=r2 --r2-mode=fast --block-size=131072 --zstd-level=3 --threads=1 ""E:\MIXER\hybridzip\results\experiments\hybridzip-r2-e6-fast-k4-full-20260829-w1\children\hybridzip-r2-e6-fast-k4-full-20260829-w1-fast-b128-r0\inputs\64KiB\osdb.bin"" ""E:\MIXER\hybridzip\results\experiments\hybridzip-r2-e6-fast-k4-full-20260829-w1\children\hybridzip-r2-e6-fast-k4-full-20260829-w1-fast-b128-r0\archives\64KiB\osdb.hz2""","""E:\MIXER\hybridzip\build\Release\hybridzip.exe"" d ""E:\MIXER\hybridzip\results\experiments\hybridzip-r2-e6-fast-k4-full-20260829-w1\children\hybridzip-r2-e6-fast-k4-full-20260829-w1-fast-b128-r0\archives\64KiB\osdb.hz2"" ""E:\MIXER\hybridzip\results\experiments\hybridzip-r2-e6-fast-k4-full-20260829-w1\children\hybridzip-r2-e6-fast-k4-full-20260829-w1-fast-b128-r0\decoded\64KiB\osdb.decoded""","0","0","2026-08-29T14:45:31.9688160+08:00","COMPLETE","PASS","fast-ext=1","Complete R2 archive size; SHA-256 byte-exact roundtrip verified."
"e6-fast","fast","128","0","True","1","1","4","0","00010000","1025B343","4B1AC26C40AD4DA50312FD3B694D7E636FB768C2336FE773BC82D36424C27A4B","0:1,39:1,43:2","1","15420700","15420700","15413400","15413400","15420700","15413400","hybridzip-r2-e6-fast-k4-full-20260829-w1-fast-b128-r0","r2-fast","1","18","osdb","128","inputs/128KiB/osdb.bin","131072","D977E72AE13AEFC36A4B6171A895E26A0E6EEE447B1B9FBE868D7B1C046CC91F","archives/128KiB/osdb.hz2","50365","DD7E4FC851CFE622125BB4151F5CC914C9AE27293159BB77D1C554CA7C7CE4A3","decoded/128KiB/osdb.decoded","131072","D977E72AE13AEFC36A4B6171A895E26A0E6EEE447B1B9FBE868D7B1C046CC91F","0.0721091","0.0514916","5.8671875","2.02734375","5.8671875","74FF260A939B01673667723D8351AAEDB679339610009ECB23C70E373B862D9F","profile_id=2;mode=fast;block_size=131072;zstd_level=3;lzma_level=9;threads=1;process_timeout_seconds=1800","""E:\MIXER\hybridzip\build\Release\hybridzip.exe"" c --profile=r2 --r2-mode=fast --block-size=131072 --zstd-level=3 --threads=1 ""E:\MIXER\hybridzip\results\experiments\hybridzip-r2-e6-fast-k4-full-20260829-w1\children\hybridzip-r2-e6-fast-k4-full-20260829-w1-fast-b128-r0\inputs\128KiB\osdb.bin"" ""E:\MIXER\hybridzip\results\experiments\hybridzip-r2-e6-fast-k4-full-20260829-w1\children\hybridzip-r2-e6-fast-k4-full-20260829-w1-fast-b128-r0\archives\128KiB\osdb.hz2""","""E:\MIXER\hybridzip\build\Release\hybridzip.exe"" d ""E:\MIXER\hybridzip\results\experiments\hybridzip-r2-e6-fast-k4-full-20260829-w1\children\hybridzip-r2-e6-fast-k4-full-20260829-w1-fast-b128-r0\archives\128KiB\osdb.hz2"" ""E:\MIXER\hybridzip\results\experiments\hybridzip-r2-e6-fast-k4-full-20260829-w1\children\hybridzip-r2-e6-fast-k4-full-20260829-w1-fast-b128-r0\decoded\128KiB\osdb.decoded""","0","0","2026-08-29T14:45:32.1391203+08:00","COMPLETE","PASS","fast-ext=1","Complete R2 archive size; SHA-256 byte-exact roundtrip verified."
"e6-fast","fast","128","0","True","1","1","4","0","00010000","1025B343","4B1AC26C40AD4DA50312FD3B694D7E636FB768C2336FE773BC82D36424C27A4B","0:1,39:1,43:2","1","6049000","6049000","6043100","6043100","6049000","6043100","hybridzip-r2-e6-fast-k4-full-20260829-w1-fast-b128-r0","r2-fast","1","19","reymont","32","inputs/32KiB/reymont.bin","32768","9D5E4B9340C2260DAE7DDB01B3EDA58236FF2DE5E1FF4D56767AA840B6FB1A87","archives/32KiB/reymont.hz2","10572","CB4BCAC198F61E555B1E399A4231663CDD8C6FBCB343EDED058740DD16FE6A2E","decoded/32KiB/reymont.decoded","32768","9D5E4B9340C2260DAE7DDB01B3EDA58236FF2DE5E1FF4D56767AA840B6FB1A87","0.0492575","0.0432876","3.18359375","2.02734375","3.18359375","74FF260A939B01673667723D8351AAEDB679339610009ECB23C70E373B862D9F","profile_id=2;mode=fast;block_size=131072;zstd_level=3;lzma_level=9;threads=1;process_timeout_seconds=1800","""E:\MIXER\hybridzip\build\Release\hybridzip.exe"" c --profile=r2 --r2-mode=fast --block-size=131072 --zstd-level=3 --threads=1 ""E:\MIXER\hybridzip\results\experiments\hybridzip-r2-e6-fast-k4-full-20260829-w1\children\hybridzip-r2-e6-fast-k4-full-20260829-w1-fast-b128-r0\inputs\32KiB\reymont.bin"" ""E:\MIXER\hybridzip\results\experiments\hybridzip-r2-e6-fast-k4-full-20260829-w1\children\hybridzip-r2-e6-fast-k4-full-20260829-w1-fast-b128-r0\archives\32KiB\reymont.hz2""","""E:\MIXER\hybridzip\build\Release\hybridzip.exe"" d ""E:\MIXER\hybridzip\results\experiments\hybridzip-r2-e6-fast-k4-full-20260829-w1\children\hybridzip-r2-e6-fast-k4-full-20260829-w1-fast-b128-r0\archives\32KiB\reymont.hz2"" ""E:\MIXER\hybridzip\results\experiments\hybridzip-r2-e6-fast-k4-full-20260829-w1\children\hybridzip-r2-e6-fast-k4-full-20260829-w1-fast-b128-r0\decoded\32KiB\reymont.decoded""","0","0","2026-08-29T14:45:32.3279102+08:00","COMPLETE","PASS","fast-ext=1","Complete R2 archive size; SHA-256 byte-exact roundtrip verified."
"e6-fast","fast","128","0","True","1","1","4","0","00010000","1025B343","4B1AC26C40AD4DA50312FD3B694D7E636FB768C2336FE773BC82D36424C27A4B","0:1,39:1,43:2","1","11636500","11636500","11628600","11628600","11636500","11628600","hybridzip-r2-e6-fast-k4-full-20260829-w1-fast-b128-r0","r2-fast","1","20","reymont","64","inputs/64KiB/reymont.bin","65536","A5ECAAABB133F1ADF8DE6062BE6381D143E87F9F8050EEA9B5BE6F92B88C3C22","archives/64KiB/reymont.hz2","20574","2EF31B2BB84F239B3C21ED60BE5E6CD74C455F94D1CC86AEAA594F3C84637A09","decoded/64KiB/reymont.decoded","65536","A5ECAAABB133F1ADF8DE6062BE6381D143E87F9F8050EEA9B5BE6F92B88C3C22","0.0545634","0.0407953","5.41796875","2.02734375","5.41796875","74FF260A939B01673667723D8351AAEDB679339610009ECB23C70E373B862D9F","profile_id=2;mode=fast;block_size=131072;zstd_level=3;lzma_level=9;threads=1;process_timeout_seconds=1800","""E:\MIXER\hybridzip\build\Release\hybridzip.exe"" c --profile=r2 --r2-mode=fast --block-size=131072 --zstd-level=3 --threads=1 ""E:\MIXER\hybridzip\results\experiments\hybridzip-r2-e6-fast-k4-full-20260829-w1\children\hybridzip-r2-e6-fast-k4-full-20260829-w1-fast-b128-r0\inputs\64KiB\reymont.bin"" ""E:\MIXER\hybridzip\results\experiments\hybridzip-r2-e6-fast-k4-full-20260829-w1\children\hybridzip-r2-e6-fast-k4-full-20260829-w1-fast-b128-r0\archives\64KiB\reymont.hz2""","""E:\MIXER\hybridzip\build\Release\hybridzip.exe"" d ""E:\MIXER\hybridzip\results\experiments\hybridzip-r2-e6-fast-k4-full-20260829-w1\children\hybridzip-r2-e6-fast-k4-full-20260829-w1-fast-b128-r0\archives\64KiB\reymont.hz2"" ""E:\MIXER\hybridzip\results\experiments\hybridzip-r2-e6-fast-k4-full-20260829-w1\children\hybridzip-r2-e6-fast-k4-full-20260829-w1-fast-b128-r0\decoded\64KiB\reymont.decoded""","0","0","2026-08-29T14:45:32.4941929+08:00","COMPLETE","PASS","fast-ext=1","Complete R2 archive size; SHA-256 byte-exact roundtrip verified."
"e6-fast","fast","128","0","True","1","1","4","0","00010000","1025B343","4B1AC26C40AD4DA50312FD3B694D7E636FB768C2336FE773BC82D36424C27A4B","0:1,39:1,43:2","1","22706000","22706000","22698200","22698200","22706000","22698200","hybridzip-r2-e6-fast-k4-full-20260829-w1-fast-b128-r0","r2-fast","1","21","reymont","128","inputs/128KiB/reymont.bin","131072","A6CA7478854C1E80DFEAF9FB3444B357F9D7625E55232FAE3B3632A5A1217DEA","archives/128KiB/reymont.hz2","40440","5B80BC6A50FBA92F12EBA9EEB7E7A098C369C672CDF4E1A67415960D45A1D35F","decoded/128KiB/reymont.decoded","131072","A6CA7478854C1E80DFEAF9FB3444B357F9D7625E55232FAE3B3632A5A1217DEA","0.0719371","0.057904","5.75390625","2.02734375","5.75390625","74FF260A939B01673667723D8351AAEDB679339610009ECB23C70E373B862D9F","profile_id=2;mode=fast;block_size=131072;zstd_level=3;lzma_level=9;threads=1;process_timeout_seconds=1800","""E:\MIXER\hybridzip\build\Release\hybridzip.exe"" c --profile=r2 --r2-mode=fast --block-size=131072 --zstd-level=3 --threads=1 ""E:\MIXER\hybridzip\results\experiments\hybridzip-r2-e6-fast-k4-full-20260829-w1\children\hybridzip-r2-e6-fast-k4-full-20260829-w1-fast-b128-r0\inputs\128KiB\reymont.bin"" ""E:\MIXER\hybridzip\results\experiments\hybridzip-r2-e6-fast-k4-full-20260829-w1\children\hybridzip-r2-e6-fast-k4-full-20260829-w1-fast-b128-r0\archives\128KiB\reymont.hz2""","""E:\MIXER\hybridzip\build\Release\hybridzip.exe"" d ""E:\MIXER\hybridzip\results\experiments\hybridzip-r2-e6-fast-k4-full-20260829-w1\children\hybridzip-r2-e6-fast-k4-full-20260829-w1-fast-b128-r0\archives\128KiB\reymont.hz2"" ""E:\MIXER\hybridzip\results\experiments\hybridzip-r2-e6-fast-k4-full-20260829-w1\children\hybridzip-r2-e6-fast-k4-full-20260829-w1-fast-b128-r0\decoded\128KiB\reymont.decoded""","0","0","2026-08-29T14:45:32.6617766+08:00","COMPLETE","PASS","fast-ext=1","Complete R2 archive size; SHA-256 byte-exact roundtrip verified."
"e6-fast","fast","128","0","True","1","1","4","0","00010000","1025B343","4B1AC26C40AD4DA50312FD3B694D7E636FB768C2336FE773BC82D36424C27A4B","0:1,39:1,43:2","1","5854500","5854500","5824500","5824500","5854500","5824500","hybridzip-r2-e6-fast-k4-full-20260829-w1-fast-b128-r0","r2-fast","1","22","samba","32","inputs/32KiB/samba.bin","32768","9C4F5BEE544E4531E4946E62F796987418B4526911C34877EF282F14DD57AD12","archives/32KiB/samba.hz2","11946","026AC468D505D4376546CDE4931AA38E4D4D3EED76B82F5569D36536C37F4FE5","decoded/32KiB/samba.decoded","32768","9C4F5BEE544E4531E4946E62F796987418B4526911C34877EF282F14DD57AD12","0.0528428","0.0428304","2.02734375","2.02734375","2.02734375","74FF260A939B01673667723D8351AAEDB679339610009ECB23C70E373B862D9F","profile_id=2;mode=fast;block_size=131072;zstd_level=3;lzma_level=9;threads=1;process_timeout_seconds=1800","""E:\MIXER\hybridzip\build\Release\hybridzip.exe"" c --profile=r2 --r2-mode=fast --block-size=131072 --zstd-level=3 --threads=1 ""E:\MIXER\hybridzip\results\experiments\hybridzip-r2-e6-fast-k4-full-20260829-w1\children\hybridzip-r2-e6-fast-k4-full-20260829-w1-fast-b128-r0\inputs\32KiB\samba.bin"" ""E:\MIXER\hybridzip\results\experiments\hybridzip-r2-e6-fast-k4-full-20260829-w1\children\hybridzip-r2-e6-fast-k4-full-20260829-w1-fast-b128-r0\archives\32KiB\samba.hz2""","""E:\MIXER\hybridzip\build\Release\hybridzip.exe"" d ""E:\MIXER\hybridzip\results\experiments\hybridzip-r2-e6-fast-k4-full-20260829-w1\children\hybridzip-r2-e6-fast-k4-full-20260829-w1-fast-b128-r0\archives\32KiB\samba.hz2"" ""E:\MIXER\hybridzip\results\experiments\hybridzip-r2-e6-fast-k4-full-20260829-w1\children\hybridzip-r2-e6-fast-k4-full-20260829-w1-fast-b128-r0\decoded\32KiB\samba.decoded""","0","0","2026-08-29T14:45:32.8672631+08:00","COMPLETE","PASS","fast-ext=1","Complete R2 archive size; SHA-256 byte-exact roundtrip verified."
"e6-fast","fast","128","0","True","1","1","4","0","00010000","1025B343","4B1AC26C40AD4DA50312FD3B694D7E636FB768C2336FE773BC82D36424C27A4B","0:1,39:1,43:2","1","9589500","9589500","9583600","9583600","9589500","9583600","hybridzip-r2-e6-fast-k4-full-20260829-w1-fast-b128-r0","r2-fast","1","23","samba","64","inputs/64KiB/samba.bin","65536","3E0420984C0F260EA7350734600CEA9D8500B745E2E4B7DBD4D1DA1D1ADAC421","archives/64KiB/samba.hz2","23328","1357FAD14916F222F60F395D90F440B36541473A42E363A3F60A16E4C1A5CEA3","decoded/64KiB/samba.decoded","65536","3E0420984C0F260EA7350734600CEA9D8500B745E2E4B7DBD4D1DA1D1ADAC421","0.0554953","0.0568416","2.02734375","2.02734375","2.02734375","74FF260A939B01673667723D8351AAEDB679339610009ECB23C70E373B862D9F","profile_id=2;mode=fast;block_size=131072;zstd_level=3;lzma_level=9;threads=1;process_timeout_seconds=1800","""E:\MIXER\hybridzip\build\Release\hybridzip.exe"" c --profile=r2 --r2-mode=fast --block-size=131072 --zstd-level=3 --threads=1 ""E:\MIXER\hybridzip\results\experiments\hybridzip-r2-e6-fast-k4-full-20260829-w1\children\hybridzip-r2-e6-fast-k4-full-20260829-w1-fast-b128-r0\inputs\64KiB\samba.bin"" ""E:\MIXER\hybridzip\results\experiments\hybridzip-r2-e6-fast-k4-full-20260829-w1\children\hybridzip-r2-e6-fast-k4-full-20260829-w1-fast-b128-r0\archives\64KiB\samba.hz2""","""E:\MIXER\hybridzip\build\Release\hybridzip.exe"" d ""E:\MIXER\hybridzip\results\experiments\hybridzip-r2-e6-fast-k4-full-20260829-w1\children\hybridzip-r2-e6-fast-k4-full-20260829-w1-fast-b128-r0\archives\64KiB\samba.hz2"" ""E:\MIXER\hybridzip\results\experiments\hybridzip-r2-e6-fast-k4-full-20260829-w1\children\hybridzip-r2-e6-fast-k4-full-20260829-w1-fast-b128-r0\decoded\64KiB\samba.decoded""","0","0","2026-08-29T14:45:33.0339601+08:00","COMPLETE","PASS","fast-ext=1","Complete R2 archive size; SHA-256 byte-exact roundtrip verified."
"e6-fast","fast","128","0","True","1","1","4","0","00010000","1025B343","4B1AC26C40AD4DA50312FD3B694D7E636FB768C2336FE773BC82D36424C27A4B","0:1,39:1,43:2","1","18106500","18106500","18100700","18100700","18106500","18100700","hybridzip-r2-e6-fast-k4-full-20260829-w1-fast-b128-r0","r2-fast","1","24","samba","128","inputs/128KiB/samba.bin","131072","F3B8C4AD35BC6CF21977895D6F04A22B1422605942FA5AFE35CE28B2A221D7E8","archives/128KiB/samba.hz2","50584","749616CC2D3B49252C415D9F17B5356744BD663AD70FA3A8DE62AC2E1A46B3CC","decoded/128KiB/samba.decoded","131072","F3B8C4AD35BC6CF21977895D6F04A22B1422605942FA5AFE35CE28B2A221D7E8","0.0611827","0.0565288","5.81640625","2.02734375","5.81640625","74FF260A939B01673667723D8351AAEDB679339610009ECB23C70E373B862D9F","profile_id=2;mode=fast;block_size=131072;zstd_level=3;lzma_level=9;threads=1;process_timeout_seconds=1800","""E:\MIXER\hybridzip\build\Release\hybridzip.exe"" c --profile=r2 --r2-mode=fast --block-size=131072 --zstd-level=3 --threads=1 ""E:\MIXER\hybridzip\results\experiments\hybridzip-r2-e6-fast-k4-full-20260829-w1\children\hybridzip-r2-e6-fast-k4-full-20260829-w1-fast-b128-r0\inputs\128KiB\samba.bin"" ""E:\MIXER\hybridzip\results\experiments\hybridzip-r2-e6-fast-k4-full-20260829-w1\children\hybridzip-r2-e6-fast-k4-full-20260829-w1-fast-b128-r0\archives\128KiB\samba.hz2""","""E:\MIXER\hybridzip\build\Release\hybridzip.exe"" d ""E:\MIXER\hybridzip\results\experiments\hybridzip-r2-e6-fast-k4-full-20260829-w1\children\hybridzip-r2-e6-fast-k4-full-20260829-w1-fast-b128-r0\archives\128KiB\samba.hz2"" ""E:\MIXER\hybridzip\results\experiments\hybridzip-r2-e6-fast-k4-full-20260829-w1\children\hybridzip-r2-e6-fast-k4-full-20260829-w1-fast-b128-r0\decoded\128KiB\samba.decoded""","0","0","2026-08-29T14:45:33.2182938+08:00","COMPLETE","PASS","fast-ext=1","Complete R2 archive size; SHA-256 byte-exact roundtrip verified."
"e6-fast","fast","128","0","True","1","1","4","0","00010000","1025B343","4B1AC26C40AD4DA50312FD3B694D7E636FB768C2336FE773BC82D36424C27A4B","0:1,39:1,43:2","1","5323900","5323900","5216700","5216700","5323900","5216700","hybridzip-r2-e6-fast-k4-full-20260829-w1-fast-b128-r0","r2-fast","1","25","sao","32","inputs/32KiB/sao.bin","32768","95677430CAD4F000506BC5EE22815C3F4E13D64B477ED506B78D5D9ACFB50CCD","archives/32KiB/sao.hz2","26958","4BC0E6A18FAA2946578CA84DEDCE634BB5747EA29DD323CCDB44345683A1B1B4","decoded/32KiB/sao.decoded","32768","95677430CAD4F000506BC5EE22815C3F4E13D64B477ED506B78D5D9ACFB50CCD","0.0572773","0.0428116","5.26953125","2.02734375","5.26953125","74FF260A939B01673667723D8351AAEDB679339610009ECB23C70E373B862D9F","profile_id=2;mode=fast;block_size=131072;zstd_level=3;lzma_level=9;threads=1;process_timeout_seconds=1800","""E:\MIXER\hybridzip\build\Release\hybridzip.exe"" c --profile=r2 --r2-mode=fast --block-size=131072 --zstd-level=3 --threads=1 ""E:\MIXER\hybridzip\results\experiments\hybridzip-r2-e6-fast-k4-full-20260829-w1\children\hybridzip-r2-e6-fast-k4-full-20260829-w1-fast-b128-r0\inputs\32KiB\sao.bin"" ""E:\MIXER\hybridzip\results\experiments\hybridzip-r2-e6-fast-k4-full-20260829-w1\children\hybridzip-r2-e6-fast-k4-full-20260829-w1-fast-b128-r0\archives\32KiB\sao.hz2""","""E:\MIXER\hybridzip\build\Release\hybridzip.exe"" d ""E:\MIXER\hybridzip\results\experiments\hybridzip-r2-e6-fast-k4-full-20260829-w1\children\hybridzip-r2-e6-fast-k4-full-20260829-w1-fast-b128-r0\archives\32KiB\sao.hz2"" ""E:\MIXER\hybridzip\results\experiments\hybridzip-r2-e6-fast-k4-full-20260829-w1\children\hybridzip-r2-e6-fast-k4-full-20260829-w1-fast-b128-r0\decoded\32KiB\sao.decoded""","0","0","2026-08-29T14:45:33.4079030+08:00","COMPLETE","PASS","fast-ext=1","Complete R2 archive size; SHA-256 byte-exact roundtrip verified."
"e6-fast","fast","128","0","True","1","1","4","0","00010000","1025B343","4B1AC26C40AD4DA50312FD3B694D7E636FB768C2336FE773BC82D36424C27A4B","0:1,39:1,43:2","1","9300600","9300600","9294600","9294600","9300600","9294600","hybridzip-r2-e6-fast-k4-full-20260829-w1-fast-b128-r0","r2-fast","1","26","sao","64","inputs/64KiB/sao.bin","65536","17CBD7166A47786139F60BA33B4E771CE0154F6FA56986883D129BC23F78EBEE","archives/64KiB/sao.hz2","52935","92386921FA003E1E21680A044C340A0E7B834029DC333EAC22142F965344D73C","decoded/64KiB/sao.decoded","65536","17CBD7166A47786139F60BA33B4E771CE0154F6FA56986883D129BC23F78EBEE","0.0585711","0.0494992","5.47265625","2.8203125","5.47265625","74FF260A939B01673667723D8351AAEDB679339610009ECB23C70E373B862D9F","profile_id=2;mode=fast;block_size=131072;zstd_level=3;lzma_level=9;threads=1;process_timeout_seconds=1800","""E:\MIXER\hybridzip\build\Release\hybridzip.exe"" c --profile=r2 --r2-mode=fast --block-size=131072 --zstd-level=3 --threads=1 ""E:\MIXER\hybridzip\results\experiments\hybridzip-r2-e6-fast-k4-full-20260829-w1\children\hybridzip-r2-e6-fast-k4-full-20260829-w1-fast-b128-r0\inputs\64KiB\sao.bin"" ""E:\MIXER\hybridzip\results\experiments\hybridzip-r2-e6-fast-k4-full-20260829-w1\children\hybridzip-r2-e6-fast-k4-full-20260829-w1-fast-b128-r0\archives\64KiB\sao.hz2""","""E:\MIXER\hybridzip\build\Release\hybridzip.exe"" d ""E:\MIXER\hybridzip\results\experiments\hybridzip-r2-e6-fast-k4-full-20260829-w1\children\hybridzip-r2-e6-fast-k4-full-20260829-w1-fast-b128-r0\archives\64KiB\sao.hz2"" ""E:\MIXER\hybridzip\results\experiments\hybridzip-r2-e6-fast-k4-full-20260829-w1\children\hybridzip-r2-e6-fast-k4-full-20260829-w1-fast-b128-r0\decoded\64KiB\sao.decoded""","0","0","2026-08-29T14:45:33.5786644+08:00","COMPLETE","PASS","lz4=1","Complete R2 archive size; SHA-256 byte-exact roundtrip verified."
"e6-fast","fast","128","0","True","1","1","4","0","00010000","1025B343","4B1AC26C40AD4DA50312FD3B694D7E636FB768C2336FE773BC82D36424C27A4B","0:1,39:1,43:2","1","17297400","17297400","17289600","17289600","17297400","17289600","hybridzip-r2-e6-fast-k4-full-20260829-w1-fast-b128-r0","r2-fast","1","27","sao","128","inputs/128KiB/sao.bin","131072","75E535B42DB7505118D8B19C7C42C1F49C5542ADDC9DBC13383953659F675CE0","archives/128KiB/sao.hz2","104335","89DB453C6D514E5E9039B58F5E9EB284B34F7504B151AA4C090F3AAA3846D36D","decoded/128KiB/sao.decoded","131072","75E535B42DB7505118D8B19C7C42C1F49C5542ADDC9DBC13383953659F675CE0","0.0890522","0.0679217","2.02734375","4.56640625","4.56640625","74FF260A939B01673667723D8351AAEDB679339610009ECB23C70E373B862D9F","profile_id=2;mode=fast;block_size=131072;zstd_level=3;lzma_level=9;threads=1;process_timeout_seconds=1800","""E:\MIXER\hybridzip\build\Release\hybridzip.exe"" c --profile=r2 --r2-mode=fast --block-size=131072 --zstd-level=3 --threads=1 ""E:\MIXER\hybridzip\results\experiments\hybridzip-r2-e6-fast-k4-full-20260829-w1\children\hybridzip-r2-e6-fast-k4-full-20260829-w1-fast-b128-r0\inputs\128KiB\sao.bin"" ""E:\MIXER\hybridzip\results\experiments\hybridzip-r2-e6-fast-k4-full-20260829-w1\children\hybridzip-r2-e6-fast-k4-full-20260829-w1-fast-b128-r0\archives\128KiB\sao.hz2""","""E:\MIXER\hybridzip\build\Release\hybridzip.exe"" d ""E:\MIXER\hybridzip\results\experiments\hybridzip-r2-e6-fast-k4-full-20260829-w1\children\hybridzip-r2-e6-fast-k4-full-20260829-w1-fast-b128-r0\archives\128KiB\sao.hz2"" ""E:\MIXER\hybridzip\results\experiments\hybridzip-r2-e6-fast-k4-full-20260829-w1\children\hybridzip-r2-e6-fast-k4-full-20260829-w1-fast-b128-r0\decoded\128KiB\sao.decoded""","0","0","2026-08-29T14:45:33.7523597+08:00","COMPLETE","PASS","lz4=1","Complete R2 archive size; SHA-256 byte-exact roundtrip verified."
"e6-fast","fast","128","0","True","1","1","4","0","00010000","1025B343","4B1AC26C40AD4DA50312FD3B694D7E636FB768C2336FE773BC82D36424C27A4B","0:1,39:1,43:2","1","5777300","5777300","5736900","5736900","5777300","5736900","hybridzip-r2-e6-fast-k4-full-20260829-w1-fast-b128-r0","r2-fast","1","28","webster","32","inputs/32KiB/webster.bin","32768","774D224695AF4057353F72602BB96CD2AFEEA059AC7737535645F11596FCA85E","archives/32KiB/webster.hz2","13777","99108DEF14614997FA1F06A5D42169D5CEF3F52BA4E8F7B82FB8F69D1F4243A7","decoded/32KiB/webster.decoded","32768","774D224695AF4057353F72602BB96CD2AFEEA059AC7737535645F11596FCA85E","0.0578402","0.0646561","2.02734375","2.28515625","2.28515625","74FF260A939B01673667723D8351AAEDB679339610009ECB23C70E373B862D9F","profile_id=2;mode=fast;block_size=131072;zstd_level=3;lzma_level=9;threads=1;process_timeout_seconds=1800","""E:\MIXER\hybridzip\build\Release\hybridzip.exe"" c --profile=r2 --r2-mode=fast --block-size=131072 --zstd-level=3 --threads=1 ""E:\MIXER\hybridzip\results\experiments\hybridzip-r2-e6-fast-k4-full-20260829-w1\children\hybridzip-r2-e6-fast-k4-full-20260829-w1-fast-b128-r0\inputs\32KiB\webster.bin"" ""E:\MIXER\hybridzip\results\experiments\hybridzip-r2-e6-fast-k4-full-20260829-w1\children\hybridzip-r2-e6-fast-k4-full-20260829-w1-fast-b128-r0\archives\32KiB\webster.hz2""","""E:\MIXER\hybridzip\build\Release\hybridzip.exe"" d ""E:\MIXER\hybridzip\results\experiments\hybridzip-r2-e6-fast-k4-full-20260829-w1\children\hybridzip-r2-e6-fast-k4-full-20260829-w1-fast-b128-r0\archives\32KiB\webster.hz2"" ""E:\MIXER\hybridzip\results\experiments\hybridzip-r2-e6-fast-k4-full-20260829-w1\children\hybridzip-r2-e6-fast-k4-full-20260829-w1-fast-b128-r0\decoded\32KiB\webster.decoded""","0","0","2026-08-29T14:45:34.0020381+08:00","COMPLETE","PASS","fast-ext=1","Complete R2 archive size; SHA-256 byte-exact roundtrip verified."
"e6-fast","fast","128","0","True","1","1","4","0","00010000","1025B343","4B1AC26C40AD4DA50312FD3B694D7E636FB768C2336FE773BC82D36424C27A4B","0:1,39:1,43:2","1","10200000","10200000","10193400","10193400","10200000","10193400","hybridzip-r2-e6-fast-k4-full-20260829-w1-fast-b128-r0","r2-fast","1","29","webster","64","inputs/64KiB/webster.bin","65536","262258811321382F9E4F44D2184B6B7FED0336CF831446D8336C47D6CCC2B32E","archives/64KiB/webster.hz2","24456","83DF5DF63D9B81D417E02EAAC20F7E96BE0F24A4CECF2BECDEC7A4FB3FB96D37","decoded/64KiB/webster.decoded","65536","262258811321382F9E4F44D2184B6B7FED0336CF831446D8336C47D6CCC2B32E","0.0609002","0.0651796","5.46875","4.55078125","5.46875","74FF260A939B01673667723D8351AAEDB679339610009ECB23C70E373B862D9F","profile_id=2;mode=fast;block_size=131072;zstd_level=3;lzma_level=9;threads=1;process_timeout_seconds=1800","""E:\MIXER\hybridzip\build\Release\hybridzip.exe"" c --profile=r2 --r2-mode=fast --block-size=131072 --zstd-level=3 --threads=1 ""E:\MIXER\hybridzip\results\experiments\hybridzip-r2-e6-fast-k4-full-20260829-w1\children\hybridzip-r2-e6-fast-k4-full-20260829-w1-fast-b128-r0\inputs\64KiB\webster.bin"" ""E:\MIXER\hybridzip\results\experiments\hybridzip-r2-e6-fast-k4-full-20260829-w1\children\hybridzip-r2-e6-fast-k4-full-20260829-w1-fast-b128-r0\archives\64KiB\webster.hz2""","""E:\MIXER\hybridzip\build\Release\hybridzip.exe"" d ""E:\MIXER\hybridzip\results\experiments\hybridzip-r2-e6-fast-k4-full-20260829-w1\children\hybridzip-r2-e6-fast-k4-full-20260829-w1-fast-b128-r0\archives\64KiB\webster.hz2"" ""E:\MIXER\hybridzip\results\experiments\hybridzip-r2-e6-fast-k4-full-20260829-w1\children\hybridzip-r2-e6-fast-k4-full-20260829-w1-fast-b128-r0\decoded\64KiB\webster.decoded""","0","0","2026-08-29T14:45:34.2337216+08:00","COMPLETE","PASS","fast-ext=1","Complete R2 archive size; SHA-256 byte-exact roundtrip verified."
"e6-fast","fast","128","0","True","1","1","4","0","00010000","1025B343","4B1AC26C40AD4DA50312FD3B694D7E636FB768C2336FE773BC82D36424C27A4B","0:1,39:1,43:2","1","18199400","18199400","18192300","18192300","18199400","18192300","hybridzip-r2-e6-fast-k4-full-20260829-w1-fast-b128-r0","r2-fast","1","30","webster","128","inputs/128KiB/webster.bin","131072","C069C1FDCA99BC5C44F06D134CD0CDA60315DD631AA6564733B2CE0E6D59305C","archives/128KiB/webster.hz2","44680","2AD55E68A959DE917EA742A3068A7EC6A38596A2AC2E1B387E478093784B0157","decoded/128KiB/webster.decoded","131072","C069C1FDCA99BC5C44F06D134CD0CDA60315DD631AA6564733B2CE0E6D59305C","0.0700371","0.0509008","5.83984375","4.078125","5.83984375","74FF260A939B01673667723D8351AAEDB679339610009ECB23C70E373B862D9F","profile_id=2;mode=fast;block_size=131072;zstd_level=3;lzma_level=9;threads=1;process_timeout_seconds=1800","""E:\MIXER\hybridzip\build\Release\hybridzip.exe"" c --profile=r2 --r2-mode=fast --block-size=131072 --zstd-level=3 --threads=1 ""E:\MIXER\hybridzip\results\experiments\hybridzip-r2-e6-fast-k4-full-20260829-w1\children\hybridzip-r2-e6-fast-k4-full-20260829-w1-fast-b128-r0\inputs\128KiB\webster.bin"" ""E:\MIXER\hybridzip\results\experiments\hybridzip-r2-e6-fast-k4-full-20260829-w1\children\hybridzip-r2-e6-fast-k4-full-20260829-w1-fast-b128-r0\archives\128KiB\webster.hz2""","""E:\MIXER\hybridzip\build\Release\hybridzip.exe"" d ""E:\MIXER\hybridzip\results\experiments\hybridzip-r2-e6-fast-k4-full-20260829-w1\children\hybridzip-r2-e6-fast-k4-full-20260829-w1-fast-b128-r0\archives\128KiB\webster.hz2"" ""E:\MIXER\hybridzip\results\experiments\hybridzip-r2-e6-fast-k4-full-20260829-w1\children\hybridzip-r2-e6-fast-k4-full-20260829-w1-fast-b128-r0\decoded\128KiB\webster.decoded""","0","0","2026-08-29T14:45:34.4691965+08:00","COMPLETE","PASS","fast-ext=1","Complete R2 archive size; SHA-256 byte-exact roundtrip verified."
"e6-fast","fast","128","0","True","1","1","4","0","00010000","1025B343","4B1AC26C40AD4DA50312FD3B694D7E636FB768C2336FE773BC82D36424C27A4B","0:1,39:1,43:2","1","5248100","5248100","5127500","5127500","5248100","5127500","hybridzip-r2-e6-fast-k4-full-20260829-w1-fast-b128-r0","r2-fast","1","31","x-ray","32","inputs/32KiB/x-ray.bin","32768","10511AA63DFBD9C0DDBFEFE36068740103D4BA1116E214154A0772057D7E9314","archives/32KiB/x-ray.hz2","18333","711D330F325A686F5EBC8389FDDCE26A7B06E3DF3931E83F7E0B9D1A5B2ADB88","decoded/32KiB/x-ray.decoded","32768","10511AA63DFBD9C0DDBFEFE36068740103D4BA1116E214154A0772057D7E9314","0.0579103","0.0576539","2.02734375","2.02734375","2.02734375","74FF260A939B01673667723D8351AAEDB679339610009ECB23C70E373B862D9F","profile_id=2;mode=fast;block_size=131072;zstd_level=3;lzma_level=9;threads=1;process_timeout_seconds=1800","""E:\MIXER\hybridzip\build\Release\hybridzip.exe"" c --profile=r2 --r2-mode=fast --block-size=131072 --zstd-level=3 --threads=1 ""E:\MIXER\hybridzip\results\experiments\hybridzip-r2-e6-fast-k4-full-20260829-w1\children\hybridzip-r2-e6-fast-k4-full-20260829-w1-fast-b128-r0\inputs\32KiB\x-ray.bin"" ""E:\MIXER\hybridzip\results\experiments\hybridzip-r2-e6-fast-k4-full-20260829-w1\children\hybridzip-r2-e6-fast-k4-full-20260829-w1-fast-b128-r0\archives\32KiB\x-ray.hz2""","""E:\MIXER\hybridzip\build\Release\hybridzip.exe"" d ""E:\MIXER\hybridzip\results\experiments\hybridzip-r2-e6-fast-k4-full-20260829-w1\children\hybridzip-r2-e6-fast-k4-full-20260829-w1-fast-b128-r0\archives\32KiB\x-ray.hz2"" ""E:\MIXER\hybridzip\results\experiments\hybridzip-r2-e6-fast-k4-full-20260829-w1\children\hybridzip-r2-e6-fast-k4-full-20260829-w1-fast-b128-r0\decoded\32KiB\x-ray.decoded""","0","0","2026-08-29T14:45:34.7032898+08:00","COMPLETE","PASS","fast-ext=1","Complete R2 archive size; SHA-256 byte-exact roundtrip verified."
"e6-fast","fast","128","0","True","1","1","4","0","00010000","1025B343","4B1AC26C40AD4DA50312FD3B694D7E636FB768C2336FE773BC82D36424C27A4B","0:1,39:1,43:2","1","8037400","8037400","8031500","8031500","8037400","8031500","hybridzip-r2-e6-fast-k4-full-20260829-w1-fast-b128-r0","r2-fast","1","32","x-ray","64","inputs/64KiB/x-ray.bin","65536","B5A07146616BCD7C2D10071D41E07D204DE0AC629C4CA37D8E867FF00574D0D8","archives/64KiB/x-ray.hz2","36457","64E86B5C0839FA5166453DCA6BCD82CAE91E276178AA5E9402F1C3AA225DE418","decoded/64KiB/x-ray.decoded","65536","B5A07146616BCD7C2D10071D41E07D204DE0AC629C4CA37D8E867FF00574D0D8","0.0606858","0.0495266","4","2.59375","4","74FF260A939B01673667723D8351AAEDB679339610009ECB23C70E373B862D9F","profile_id=2;mode=fast;block_size=131072;zstd_level=3;lzma_level=9;threads=1;process_timeout_seconds=1800","""E:\MIXER\hybridzip\build\Release\hybridzip.exe"" c --profile=r2 --r2-mode=fast --block-size=131072 --zstd-level=3 --threads=1 ""E:\MIXER\hybridzip\results\experiments\hybridzip-r2-e6-fast-k4-full-20260829-w1\children\hybridzip-r2-e6-fast-k4-full-20260829-w1-fast-b128-r0\inputs\64KiB\x-ray.bin"" ""E:\MIXER\hybridzip\results\experiments\hybridzip-r2-e6-fast-k4-full-20260829-w1\children\hybridzip-r2-e6-fast-k4-full-20260829-w1-fast-b128-r0\archives\64KiB\x-ray.hz2""","""E:\MIXER\hybridzip\build\Release\hybridzip.exe"" d ""E:\MIXER\hybridzip\results\experiments\hybridzip-r2-e6-fast-k4-full-20260829-w1\children\hybridzip-r2-e6-fast-k4-full-20260829-w1-fast-b128-r0\archives\64KiB\x-ray.hz2"" ""E:\MIXER\hybridzip\results\experiments\hybridzip-r2-e6-fast-k4-full-20260829-w1\children\hybridzip-r2-e6-fast-k4-full-20260829-w1-fast-b128-r0\decoded\64KiB\x-ray.decoded""","0","0","2026-08-29T14:45:34.9167620+08:00","COMPLETE","PASS","fast-ext=1","Complete R2 archive size; SHA-256 byte-exact roundtrip verified."
"e6-fast","fast","128","0","True","1","1","4","0","00010000","1025B343","4B1AC26C40AD4DA50312FD3B694D7E636FB768C2336FE773BC82D36424C27A4B","0:1,39:1,43:2","1","14664200","14664200","14626000","14626000","14664200","14626000","hybridzip-r2-e6-fast-k4-full-20260829-w1-fast-b128-r0","r2-fast","1","33","x-ray","128","inputs/128KiB/x-ray.bin","131072","7A65B793FB2A694C20686275A899B304445473528F7C998BE26F8C68EB18F76E","archives/128KiB/x-ray.hz2","72841","C7251C34F15D78630C51D2214DB71F7781CC195AAF107F776FEC7EB014F190FB","decoded/128KiB/x-ray.decoded","131072","7A65B793FB2A694C20686275A899B304445473528F7C998BE26F8C68EB18F76E","0.0640515","0.0514546","2.02734375","4.16015625","4.16015625","74FF260A939B01673667723D8351AAEDB679339610009ECB23C70E373B862D9F","profile_id=2;mode=fast;block_size=131072;zstd_level=3;lzma_level=9;threads=1;process_timeout_seconds=1800","""E:\MIXER\hybridzip\build\Release\hybridzip.exe"" c --profile=r2 --r2-mode=fast --block-size=131072 --zstd-level=3 --threads=1 ""E:\MIXER\hybridzip\results\experiments\hybridzip-r2-e6-fast-k4-full-20260829-w1\children\hybridzip-r2-e6-fast-k4-full-20260829-w1-fast-b128-r0\inputs\128KiB\x-ray.bin"" ""E:\MIXER\hybridzip\results\experiments\hybridzip-r2-e6-fast-k4-full-20260829-w1\children\hybridzip-r2-e6-fast-k4-full-20260829-w1-fast-b128-r0\archives\128KiB\x-ray.hz2""","""E:\MIXER\hybridzip\build\Release\hybridzip.exe"" d ""E:\MIXER\hybridzip\results\experiments\hybridzip-r2-e6-fast-k4-full-20260829-w1\children\hybridzip-r2-e6-fast-k4-full-20260829-w1-fast-b128-r0\archives\128KiB\x-ray.hz2"" ""E:\MIXER\hybridzip\results\experiments\hybridzip-r2-e6-fast-k4-full-20260829-w1\children\hybridzip-r2-e6-fast-k4-full-20260829-w1-fast-b128-r0\decoded\128KiB\x-ray.decoded""","0","0","2026-08-29T14:45:35.1174239+08:00","COMPLETE","PASS","fast-ext=1","Complete R2 archive size; SHA-256 byte-exact roundtrip verified."
"e6-fast","fast","128","0","True","1","1","4","0","00010000","1025B343","4B1AC26C40AD4DA50312FD3B694D7E636FB768C2336FE773BC82D36424C27A4B","0:1,39:1,43:2","1","5019700","5019700","4980500","4980500","5019700","4980500","hybridzip-r2-e6-fast-k4-full-20260829-w1-fast-b128-r0","r2-fast","1","34","xml","32","inputs/32KiB/xml.bin","32768","C2F7F129956F8D6FC3D0E3595D93F98D5270B6F5BC4AB5E70F45867822EFDD71","archives/32KiB/xml.hz2","3482","CFBF881E4D58EC447D48ACE7D21DB070757ECDDBB62BA07E5068D87DAFE1D37C","decoded/32KiB/xml.decoded","32768","C2F7F129956F8D6FC3D0E3595D93F98D5270B6F5BC4AB5E70F45867822EFDD71","0.0573864","0.0655159","2.02734375","2.02734375","2.02734375","74FF260A939B01673667723D8351AAEDB679339610009ECB23C70E373B862D9F","profile_id=2;mode=fast;block_size=131072;zstd_level=3;lzma_level=9;threads=1;process_timeout_seconds=1800","""E:\MIXER\hybridzip\build\Release\hybridzip.exe"" c --profile=r2 --r2-mode=fast --block-size=131072 --zstd-level=3 --threads=1 ""E:\MIXER\hybridzip\results\experiments\hybridzip-r2-e6-fast-k4-full-20260829-w1\children\hybridzip-r2-e6-fast-k4-full-20260829-w1-fast-b128-r0\inputs\32KiB\xml.bin"" ""E:\MIXER\hybridzip\results\experiments\hybridzip-r2-e6-fast-k4-full-20260829-w1\children\hybridzip-r2-e6-fast-k4-full-20260829-w1-fast-b128-r0\archives\32KiB\xml.hz2""","""E:\MIXER\hybridzip\build\Release\hybridzip.exe"" d ""E:\MIXER\hybridzip\results\experiments\hybridzip-r2-e6-fast-k4-full-20260829-w1\children\hybridzip-r2-e6-fast-k4-full-20260829-w1-fast-b128-r0\archives\32KiB\xml.hz2"" ""E:\MIXER\hybridzip\results\experiments\hybridzip-r2-e6-fast-k4-full-20260829-w1\children\hybridzip-r2-e6-fast-k4-full-20260829-w1-fast-b128-r0\decoded\32KiB\xml.decoded""","0","0","2026-08-29T14:45:35.3348122+08:00","COMPLETE","PASS","fast-ext=1","Complete R2 archive size; SHA-256 byte-exact roundtrip verified."
"e6-fast","fast","128","0","True","1","1","4","0","00010000","1025B343","4B1AC26C40AD4DA50312FD3B694D7E636FB768C2336FE773BC82D36424C27A4B","0:1,39:1,43:2","1","7820900","7820900","7814700","7814700","7820900","7814700","hybridzip-r2-e6-fast-k4-full-20260829-w1-fast-b128-r0","r2-fast","1","35","xml","64","inputs/64KiB/xml.bin","65536","E32AFF2BEBF00105A17DD57F5490C1986D17543CEE837B42EB56B3E0E6F8E7F1","archives/64KiB/xml.hz2","6162","459B99A0FB0E0A42585A96A1F2E19FA5B9E5871ADE5F2F612C1D2933AF9B2A4F","decoded/64KiB/xml.decoded","65536","E32AFF2BEBF00105A17DD57F5490C1986D17543CEE837B42EB56B3E0E6F8E7F1","0.0745614","0.0513219","5.453125","2.72265625","5.453125","74FF260A939B01673667723D8351AAEDB679339610009ECB23C70E373B862D9F","profile_id=2;mode=fast;block_size=131072;zstd_level=3;lzma_level=9;threads=1;process_timeout_seconds=1800","""E:\MIXER\hybridzip\build\Release\hybridzip.exe"" c --profile=r2 --r2-mode=fast --block-size=131072 --zstd-level=3 --threads=1 ""E:\MIXER\hybridzip\results\experiments\hybridzip-r2-e6-fast-k4-full-20260829-w1\children\hybridzip-r2-e6-fast-k4-full-20260829-w1-fast-b128-r0\inputs\64KiB\xml.bin"" ""E:\MIXER\hybridzip\results\experiments\hybridzip-r2-e6-fast-k4-full-20260829-w1\children\hybridzip-r2-e6-fast-k4-full-20260829-w1-fast-b128-r0\archives\64KiB\xml.hz2""","""E:\MIXER\hybridzip\build\Release\hybridzip.exe"" d ""E:\MIXER\hybridzip\results\experiments\hybridzip-r2-e6-fast-k4-full-20260829-w1\children\hybridzip-r2-e6-fast-k4-full-20260829-w1-fast-b128-r0\archives\64KiB\xml.hz2"" ""E:\MIXER\hybridzip\results\experiments\hybridzip-r2-e6-fast-k4-full-20260829-w1\children\hybridzip-r2-e6-fast-k4-full-20260829-w1-fast-b128-r0\decoded\64KiB\xml.decoded""","0","0","2026-08-29T14:45:35.5519367+08:00","COMPLETE","PASS","fast-ext=1","Complete R2 archive size; SHA-256 byte-exact roundtrip verified."
"e6-fast","fast","128","0","True","1","1","4","0","00010000","1025B343","4B1AC26C40AD4DA50312FD3B694D7E636FB768C2336FE773BC82D36424C27A4B","0:1,39:1,43:2","1","12828500","12828500","12791900","12791900","12828500","12791900","hybridzip-r2-e6-fast-k4-full-20260829-w1-fast-b128-r0","r2-fast","1","36","xml","128","inputs/128KiB/xml.bin","131072","5FA29C746885F2EEB98734218475915A78092CCB3B0F68B08861EE210E5B6E25","archives/128KiB/xml.hz2","11952","422764D8641525A026E390C283BF325A68AAD9110061D639A7171739D7D2AFA8","decoded/128KiB/xml.decoded","131072","5FA29C746885F2EEB98734218475915A78092CCB3B0F68B08861EE210E5B6E25","0.0652079","0.0513109","5.81640625","3.953125","5.81640625","74FF260A939B01673667723D8351AAEDB679339610009ECB23C70E373B862D9F","profile_id=2;mode=fast;block_size=131072;zstd_level=3;lzma_level=9;threads=1;process_timeout_seconds=1800","""E:\MIXER\hybridzip\build\Release\hybridzip.exe"" c --profile=r2 --r2-mode=fast --block-size=131072 --zstd-level=3 --threads=1 ""E:\MIXER\hybridzip\results\experiments\hybridzip-r2-e6-fast-k4-full-20260829-w1\children\hybridzip-r2-e6-fast-k4-full-20260829-w1-fast-b128-r0\inputs\128KiB\xml.bin"" ""E:\MIXER\hybridzip\results\experiments\hybridzip-r2-e6-fast-k4-full-20260829-w1\children\hybridzip-r2-e6-fast-k4-full-20260829-w1-fast-b128-r0\archives\128KiB\xml.hz2""","""E:\MIXER\hybridzip\build\Release\hybridzip.exe"" d ""E:\MIXER\hybridzip\results\experiments\hybridzip-r2-e6-fast-k4-full-20260829-w1\children\hybridzip-r2-e6-fast-k4-full-20260829-w1-fast-b128-r0\archives\128KiB\xml.hz2"" ""E:\MIXER\hybridzip\results\experiments\hybridzip-r2-e6-fast-k4-full-20260829-w1\children\hybridzip-r2-e6-fast-k4-full-20260829-w1-fast-b128-r0\decoded\128KiB\xml.decoded""","0","0","2026-08-29T14:45:35.7822958+08:00","COMPLETE","PASS","fast-ext=1","Complete R2 archive size; SHA-256 byte-exact roundtrip verified."
"e6-fast","fast","128","1","False","1","1","4","0","00010000","1025B343","4B1AC26C40AD4DA50312FD3B694D7E636FB768C2336FE773BC82D36424C27A4B","0:1,39:1,43:2","1","6109200","6109200","6101900","6101900","6109200","6101900","hybridzip-r2-e6-fast-k4-full-20260829-w1-fast-b128-r1","r2-fast","1","1","dickens","32","inputs/32KiB/dickens.bin","32768","FC42DCB9849222C8704C9DCAE606D075B389B66244FB215035148D6409EC0B31","archives/32KiB/dickens.hz2","14204","E61F4B13EAB1FBAFCD1FC75B0444C6CD55D8BC33D9567E94AF21FCA389BB3EEE","decoded/32KiB/dickens.decoded","32768","FC42DCB9849222C8704C9DCAE606D075B389B66244FB215035148D6409EC0B31","0.0534265","0.0574839","3.109375","4.52734375","4.52734375","74FF260A939B01673667723D8351AAEDB679339610009ECB23C70E373B862D9F","profile_id=2;mode=fast;block_size=131072;zstd_level=3;lzma_level=9;threads=1;process_timeout_seconds=1800","""E:\MIXER\hybridzip\build\Release\hybridzip.exe"" c --profile=r2 --r2-mode=fast --block-size=131072 --zstd-level=3 --threads=1 ""E:\MIXER\hybridzip\results\experiments\hybridzip-r2-e6-fast-k4-full-20260829-w1\children\hybridzip-r2-e6-fast-k4-full-20260829-w1-fast-b128-r1\inputs\32KiB\dickens.bin"" ""E:\MIXER\hybridzip\results\experiments\hybridzip-r2-e6-fast-k4-full-20260829-w1\children\hybridzip-r2-e6-fast-k4-full-20260829-w1-fast-b128-r1\archives\32KiB\dickens.hz2""","""E:\MIXER\hybridzip\build\Release\hybridzip.exe"" d ""E:\MIXER\hybridzip\results\experiments\hybridzip-r2-e6-fast-k4-full-20260829-w1\children\hybridzip-r2-e6-fast-k4-full-20260829-w1-fast-b128-r1\archives\32KiB\dickens.hz2"" ""E:\MIXER\hybridzip\results\experiments\hybridzip-r2-e6-fast-k4-full-20260829-w1\children\hybridzip-r2-e6-fast-k4-full-20260829-w1-fast-b128-r1\decoded\32KiB\dickens.decoded""","0","0","2026-08-29T14:45:37.6392790+08:00","COMPLETE","PASS","fast-ext=1","Complete R2 archive size; SHA-256 byte-exact roundtrip verified."
"e6-fast","fast","128","1","False","1","1","4","0","00010000","1025B343","4B1AC26C40AD4DA50312FD3B694D7E636FB768C2336FE773BC82D36424C27A4B","0:1,39:1,43:2","1","10170300","10170300","10164000","10164000","10170300","10164000","hybridzip-r2-e6-fast-k4-full-20260829-w1-fast-b128-r1","r2-fast","1","2","dickens","64","inputs/64KiB/dickens.bin","65536","134AD989A7B8B40C900A3B9C0F4895317DFD827D9E6E933895B08D2F4A8A8293","archives/64KiB/dickens.hz2","27191","866F6668C14614E267616B2D7A095DF242847DE6505B85FACE9EA42A46AE35C5","decoded/64KiB/dickens.decoded","65536","134AD989A7B8B40C900A3B9C0F4895317DFD827D9E6E933895B08D2F4A8A8293","0.0658339","0.0451498","2.828125","2.02734375","2.828125","74FF260A939B01673667723D8351AAEDB679339610009ECB23C70E373B862D9F","profile_id=2;mode=fast;block_size=131072;zstd_level=3;lzma_level=9;threads=1;process_timeout_seconds=1800","""E:\MIXER\hybridzip\build\Release\hybridzip.exe"" c --profile=r2 --r2-mode=fast --block-size=131072 --zstd-level=3 --threads=1 ""E:\MIXER\hybridzip\results\experiments\hybridzip-r2-e6-fast-k4-full-20260829-w1\children\hybridzip-r2-e6-fast-k4-full-20260829-w1-fast-b128-r1\inputs\64KiB\dickens.bin"" ""E:\MIXER\hybridzip\results\experiments\hybridzip-r2-e6-fast-k4-full-20260829-w1\children\hybridzip-r2-e6-fast-k4-full-20260829-w1-fast-b128-r1\archives\64KiB\dickens.hz2""","""E:\MIXER\hybridzip\build\Release\hybridzip.exe"" d ""E:\MIXER\hybridzip\results\experiments\hybridzip-r2-e6-fast-k4-full-20260829-w1\children\hybridzip-r2-e6-fast-k4-full-20260829-w1-fast-b128-r1\archives\64KiB\dickens.hz2"" ""E:\MIXER\hybridzip\results\experiments\hybridzip-r2-e6-fast-k4-full-20260829-w1\children\hybridzip-r2-e6-fast-k4-full-20260829-w1-fast-b128-r1\decoded\64KiB\dickens.decoded""","0","0","2026-08-29T14:45:37.8159596+08:00","COMPLETE","PASS","fast-ext=1","Complete R2 archive size; SHA-256 byte-exact roundtrip verified."
"e6-fast","fast","128","1","False","1","1","4","0","00010000","1025B343","4B1AC26C40AD4DA50312FD3B694D7E636FB768C2336FE773BC82D36424C27A4B","0:1,39:1,43:2","1","22249200","22249200","22213000","22213000","22249200","22213000","hybridzip-r2-e6-fast-k4-full-20260829-w1-fast-b128-r1","r2-fast","1","3","dickens","128","inputs/128KiB/dickens.bin","131072","20E33FCC8FAA96DC32A2D0921115C0F363E64C598A5847CE1A3876E356D59872","archives/128KiB/dickens.hz2","51899","2824D2853EB63C907DED066860E95D98C549820AAAA665895A847173CC8A90A4","decoded/128KiB/dickens.decoded","131072","20E33FCC8FAA96DC32A2D0921115C0F363E64C598A5847CE1A3876E356D59872","0.0706714","0.0575022","5.8671875","2.02734375","5.8671875","74FF260A939B01673667723D8351AAEDB679339610009ECB23C70E373B862D9F","profile_id=2;mode=fast;block_size=131072;zstd_level=3;lzma_level=9;threads=1;process_timeout_seconds=1800","""E:\MIXER\hybridzip\build\Release\hybridzip.exe"" c --profile=r2 --r2-mode=fast --block-size=131072 --zstd-level=3 --threads=1 ""E:\MIXER\hybridzip\results\experiments\hybridzip-r2-e6-fast-k4-full-20260829-w1\children\hybridzip-r2-e6-fast-k4-full-20260829-w1-fast-b128-r1\inputs\128KiB\dickens.bin"" ""E:\MIXER\hybridzip\results\experiments\hybridzip-r2-e6-fast-k4-full-20260829-w1\children\hybridzip-r2-e6-fast-k4-full-20260829-w1-fast-b128-r1\archives\128KiB\dickens.hz2""","""E:\MIXER\hybridzip\build\Release\hybridzip.exe"" d ""E:\MIXER\hybridzip\results\experiments\hybridzip-r2-e6-fast-k4-full-20260829-w1\children\hybridzip-r2-e6-fast-k4-full-20260829-w1-fast-b128-r1\archives\128KiB\dickens.hz2"" ""E:\MIXER\hybridzip\results\experiments\hybridzip-r2-e6-fast-k4-full-20260829-w1\children\hybridzip-r2-e6-fast-k4-full-20260829-w1-fast-b128-r1\decoded\128KiB\dickens.decoded""","0","0","2026-08-29T14:45:37.9985967+08:00","COMPLETE","PASS","fast-ext=1","Complete R2 archive size; SHA-256 byte-exact roundtrip verified."
"e6-fast","fast","128","1","False","1","1","4","0","00010000","1025B343","4B1AC26C40AD4DA50312FD3B694D7E636FB768C2336FE773BC82D36424C27A4B","0:1,39:1,43:2","1","7709600","7709600","7578000","7578000","7709600","7578000","hybridzip-r2-e6-fast-k4-full-20260829-w1-fast-b128-r1","r2-fast","1","4","mozilla","32","inputs/32KiB/mozilla.bin","32768","9DDEEF36CA0CA55B72FE3376D005926DFF3400A2ADE6EAE18482D8017D8645DB","archives/32KiB/mozilla.hz2","11271","F10A514C26742AD96F41C1B9A2784068581A5997248F2C1F8377321C75F1E66B","decoded/32KiB/mozilla.decoded","32768","9DDEEF36CA0CA55B72FE3376D005926DFF3400A2ADE6EAE18482D8017D8645DB","0.0566948","0.0633107","5.2421875","2.02734375","5.2421875","74FF260A939B01673667723D8351AAEDB679339610009ECB23C70E373B862D9F","profile_id=2;mode=fast;block_size=131072;zstd_level=3;lzma_level=9;threads=1;process_timeout_seconds=1800","""E:\MIXER\hybridzip\build\Release\hybridzip.exe"" c --profile=r2 --r2-mode=fast --block-size=131072 --zstd-level=3 --threads=1 ""E:\MIXER\hybridzip\results\experiments\hybridzip-r2-e6-fast-k4-full-20260829-w1\children\hybridzip-r2-e6-fast-k4-full-20260829-w1-fast-b128-r1\inputs\32KiB\mozilla.bin"" ""E:\MIXER\hybridzip\results\experiments\hybridzip-r2-e6-fast-k4-full-20260829-w1\children\hybridzip-r2-e6-fast-k4-full-20260829-w1-fast-b128-r1\archives\32KiB\mozilla.hz2""","""E:\MIXER\hybridzip\build\Release\hybridzip.exe"" d ""E:\MIXER\hybridzip\results\experiments\hybridzip-r2-e6-fast-k4-full-20260829-w1\children\hybridzip-r2-e6-fast-k4-full-20260829-w1-fast-b128-r1\archives\32KiB\mozilla.hz2"" ""E:\MIXER\hybridzip\results\experiments\hybridzip-r2-e6-fast-k4-full-20260829-w1\children\hybridzip-r2-e6-fast-k4-full-20260829-w1-fast-b128-r1\decoded\32KiB\mozilla.decoded""","0","0","2026-08-29T14:45:38.2038704+08:00","COMPLETE","PASS","fast-ext=1","Complete R2 archive size; SHA-256 byte-exact roundtrip verified."
"e6-fast","fast","128","1","False","1","1","4","0","00010000","1025B343","4B1AC26C40AD4DA50312FD3B694D7E636FB768C2336FE773BC82D36424C27A4B","0:1,39:1,43:2","1","12644600","12644600","12637400","12637400","12644600","12637400","hybridzip-r2-e6-fast-k4-full-20260829-w1-fast-b128-r1","r2-fast","1","5","mozilla","64","inputs/64KiB/mozilla.bin","65536","B0050240663F54371D372303EEABA0A59AB0758BCD565F4F639D06561E6BC996","archives/64KiB/mozilla.hz2","15984","B974316C4CD10400A0A3F2714F0811CE92E8179264D64F3CF042F35DF6A05DFC","decoded/64KiB/mozilla.decoded","65536","B0050240663F54371D372303EEABA0A59AB0758BCD565F4F639D06561E6BC996","0.0658166","0.0599036","2.02734375","2.02734375","2.02734375","74FF260A939B01673667723D8351AAEDB679339610009ECB23C70E373B862D9F","profile_id=2;mode=fast;block_size=131072;zstd_level=3;lzma_level=9;threads=1;process_timeout_seconds=1800","""E:\MIXER\hybridzip\build\Release\hybridzip.exe"" c --profile=r2 --r2-mode=fast --block-size=131072 --zstd-level=3 --threads=1 ""E:\MIXER\hybridzip\results\experiments\hybridzip-r2-e6-fast-k4-full-20260829-w1\children\hybridzip-r2-e6-fast-k4-full-20260829-w1-fast-b128-r1\inputs\64KiB\mozilla.bin"" ""E:\MIXER\hybridzip\results\experiments\hybridzip-r2-e6-fast-k4-full-20260829-w1\children\hybridzip-r2-e6-fast-k4-full-20260829-w1-fast-b128-r1\archives\64KiB\mozilla.hz2""","""E:\MIXER\hybridzip\build\Release\hybridzip.exe"" d ""E:\MIXER\hybridzip\results\experiments\hybridzip-r2-e6-fast-k4-full-20260829-w1\children\hybridzip-r2-e6-fast-k4-full-20260829-w1-fast-b128-r1\archives\64KiB\mozilla.hz2"" ""E:\MIXER\hybridzip\results\experiments\hybridzip-r2-e6-fast-k4-full-20260829-w1\children\hybridzip-r2-e6-fast-k4-full-20260829-w1-fast-b128-r1\decoded\64KiB\mozilla.decoded""","0","0","2026-08-29T14:45:38.3888204+08:00","COMPLETE","PASS","fast-ext=1","Complete R2 archive size; SHA-256 byte-exact roundtrip verified."
"e6-fast","fast","128","1","False","1","1","4","0","00010000","1025B343","4B1AC26C40AD4DA50312FD3B694D7E636FB768C2336FE773BC82D36424C27A4B","0:1,39:1,43:2","1","19748900","19748900","19673100","19673100","19748900","19673100","hybridzip-r2-e6-fast-k4-full-20260829-w1-fast-b128-r1","r2-fast","1","6","mozilla","128","inputs/128KiB/mozilla.bin","131072","85CDBEA98382DB12E9A21FF90E1907452712D074000A6B855D2CA215FA591EB4","archives/128KiB/mozilla.hz2","21361","F438A73FDF64767BC46BCCBA91928DE92CEE0F187DA1866F253A8DF3C8B84555","decoded/128KiB/mozilla.decoded","131072","85CDBEA98382DB12E9A21FF90E1907452712D074000A6B855D2CA215FA591EB4","0.0694955","0.0416816","5.77734375","2.02734375","5.77734375","74FF260A939B01673667723D8351AAEDB679339610009ECB23C70E373B862D9F","profile_id=2;mode=fast;block_size=131072;zstd_level=3;lzma_level=9;threads=1;process_timeout_seconds=1800","""E:\MIXER\hybridzip\build\Release\hybridzip.exe"" c --profile=r2 --r2-mode=fast --block-size=131072 --zstd-level=3 --threads=1 ""E:\MIXER\hybridzip\results\experiments\hybridzip-r2-e6-fast-k4-full-20260829-w1\children\hybridzip-r2-e6-fast-k4-full-20260829-w1-fast-b128-r1\inputs\128KiB\mozilla.bin"" ""E:\MIXER\hybridzip\results\experiments\hybridzip-r2-e6-fast-k4-full-20260829-w1\children\hybridzip-r2-e6-fast-k4-full-20260829-w1-fast-b128-r1\archives\128KiB\mozilla.hz2""","""E:\MIXER\hybridzip\build\Release\hybridzip.exe"" d ""E:\MIXER\hybridzip\results\experiments\hybridzip-r2-e6-fast-k4-full-20260829-w1\children\hybridzip-r2-e6-fast-k4-full-20260829-w1-fast-b128-r1\archives\128KiB\mozilla.hz2"" ""E:\MIXER\hybridzip\results\experiments\hybridzip-r2-e6-fast-k4-full-20260829-w1\children\hybridzip-r2-e6-fast-k4-full-20260829-w1-fast-b128-r1\decoded\128KiB\mozilla.decoded""","0","0","2026-08-29T14:45:38.5794978+08:00","COMPLETE","PASS","fast-ext=1","Complete R2 archive size; SHA-256 byte-exact roundtrip verified."
"e6-fast","fast","128","1","False","1","1","4","0","00010000","1025B343","4B1AC26C40AD4DA50312FD3B694D7E636FB768C2336FE773BC82D36424C27A4B","0:1,39:1,43:2","1","7685300","7685300","7522500","7522500","7685300","7522500","hybridzip-r2-e6-fast-k4-full-20260829-w1-fast-b128-r1","r2-fast","1","7","mr","32","inputs/32KiB/mr.bin","32768","3BB287B0AF65F777AB00C14E362B4D1962087260556001BBEE0689AA10D9F76A","archives/32KiB/mr.hz2","8048","D1D151D005274D750563A80E41F10A0C98985EF7B50828F037E8FC676864CF94","decoded/32KiB/mr.decoded","32768","3BB287B0AF65F777AB00C14E362B4D1962087260556001BBEE0689AA10D9F76A","0.0534774","0.0576504","5.25","4.52734375","5.25","74FF260A939B01673667723D8351AAEDB679339610009ECB23C70E373B862D9F","profile_id=2;mode=fast;block_size=131072;zstd_level=3;lzma_level=9;threads=1;process_timeout_seconds=1800","""E:\MIXER\hybridzip\build\Release\hybridzip.exe"" c --profile=r2 --r2-mode=fast --block-size=131072 --zstd-level=3 --threads=1 ""E:\MIXER\hybridzip\results\experiments\hybridzip-r2-e6-fast-k4-full-20260829-w1\children\hybridzip-r2-e6-fast-k4-full-20260829-w1-fast-b128-r1\inputs\32KiB\mr.bin"" ""E:\MIXER\hybridzip\results\experiments\hybridzip-r2-e6-fast-k4-full-20260829-w1\children\hybridzip-r2-e6-fast-k4-full-20260829-w1-fast-b128-r1\archives\32KiB\mr.hz2""","""E:\MIXER\hybridzip\build\Release\hybridzip.exe"" d ""E:\MIXER\hybridzip\results\experiments\hybridzip-r2-e6-fast-k4-full-20260829-w1\children\hybridzip-r2-e6-fast-k4-full-20260829-w1-fast-b128-r1\archives\32KiB\mr.hz2"" ""E:\MIXER\hybridzip\results\experiments\hybridzip-r2-e6-fast-k4-full-20260829-w1\children\hybridzip-r2-e6-fast-k4-full-20260829-w1-fast-b128-r1\decoded\32KiB\mr.decoded""","0","0","2026-08-29T14:45:38.7652673+08:00","COMPLETE","PASS","fast-ext=1","Complete R2 archive size; SHA-256 byte-exact roundtrip verified."
"e6-fast","fast","128","1","False","1","1","4","0","00010000","1025B343","4B1AC26C40AD4DA50312FD3B694D7E636FB768C2336FE773BC82D36424C27A4B","0:1,39:1,43:2","1","14410900","14410900","14401500","14401500","14410900","14401500","hybridzip-r2-e6-fast-k4-full-20260829-w1-fast-b128-r1","r2-fast","1","8","mr","64","inputs/64KiB/mr.bin","65536","CAB7B6408934009A4BBFEDB57BEB4943BF5478CF8B3688D01F004E0422EBC651","archives/64KiB/mr.hz2","15043","D9530E313B54ED9C887E6FF25A60866E3E2902C8EF12D78257A3E8854A3F10BB","decoded/64KiB/mr.decoded","65536","CAB7B6408934009A4BBFEDB57BEB4943BF5478CF8B3688D01F004E0422EBC651","0.0565063","0.0588403","5.3984375","2.02734375","5.3984375","74FF260A939B01673667723D8351AAEDB679339610009ECB23C70E373B862D9F","profile_id=2;mode=fast;block_size=131072;zstd_level=3;lzma_level=9;threads=1;process_timeout_seconds=1800","""E:\MIXER\hybridzip\build\Release\hybridzip.exe"" c --profile=r2 --r2-mode=fast --block-size=131072 --zstd-level=3 --threads=1 ""E:\MIXER\hybridzip\results\experiments\hybridzip-r2-e6-fast-k4-full-20260829-w1\children\hybridzip-r2-e6-fast-k4-full-20260829-w1-fast-b128-r1\inputs\64KiB\mr.bin"" ""E:\MIXER\hybridzip\results\experiments\hybridzip-r2-e6-fast-k4-full-20260829-w1\children\hybridzip-r2-e6-fast-k4-full-20260829-w1-fast-b128-r1\archives\64KiB\mr.hz2""","""E:\MIXER\hybridzip\build\Release\hybridzip.exe"" d ""E:\MIXER\hybridzip\results\experiments\hybridzip-r2-e6-fast-k4-full-20260829-w1\children\hybridzip-r2-e6-fast-k4-full-20260829-w1-fast-b128-r1\archives\64KiB\mr.hz2"" ""E:\MIXER\hybridzip\results\experiments\hybridzip-r2-e6-fast-k4-full-20260829-w1\children\hybridzip-r2-e6-fast-k4-full-20260829-w1-fast-b128-r1\decoded\64KiB\mr.decoded""","0","0","2026-08-29T14:45:38.9490787+08:00","COMPLETE","PASS","fast-ext=1","Complete R2 archive size; SHA-256 byte-exact roundtrip verified."
"e6-fast","fast","128","1","False","1","1","4","0","00010000","1025B343","4B1AC26C40AD4DA50312FD3B694D7E636FB768C2336FE773BC82D36424C27A4B","0:1,39:1,43:2","1","33317300","33317300","33274600","33274600","33317300","33274600","hybridzip-r2-e6-fast-k4-full-20260829-w1-fast-b128-r1","r2-fast","1","9","mr","128","inputs/128KiB/mr.bin","131072","473A6A883480C7B2E69402AD888AC07B347C2DF61C6AA0D84E8B8130A27792EA","archives/128KiB/mr.hz2","28436","52CE74991A5D05B74A8061B1F5264D1E6D91D1F534A0F25D73FC29025E60DD5C","decoded/128KiB/mr.decoded","131072","473A6A883480C7B2E69402AD888AC07B347C2DF61C6AA0D84E8B8130A27792EA","0.0922141","0.0438776","5.85546875","2.02734375","5.85546875","74FF260A939B01673667723D8351AAEDB679339610009ECB23C70E373B862D9F","profile_id=2;mode=fast;block_size=131072;zstd_level=3;lzma_level=9;threads=1;process_timeout_seconds=1800","""E:\MIXER\hybridzip\build\Release\hybridzip.exe"" c --profile=r2 --r2-mode=fast --block-size=131072 --zstd-level=3 --threads=1 ""E:\MIXER\hybridzip\results\experiments\hybridzip-r2-e6-fast-k4-full-20260829-w1\children\hybridzip-r2-e6-fast-k4-full-20260829-w1-fast-b128-r1\inputs\128KiB\mr.bin"" ""E:\MIXER\hybridzip\results\experiments\hybridzip-r2-e6-fast-k4-full-20260829-w1\children\hybridzip-r2-e6-fast-k4-full-20260829-w1-fast-b128-r1\archives\128KiB\mr.hz2""","""E:\MIXER\hybridzip\build\Release\hybridzip.exe"" d ""E:\MIXER\hybridzip\results\experiments\hybridzip-r2-e6-fast-k4-full-20260829-w1\children\hybridzip-r2-e6-fast-k4-full-20260829-w1-fast-b128-r1\archives\128KiB\mr.hz2"" ""E:\MIXER\hybridzip\results\experiments\hybridzip-r2-e6-fast-k4-full-20260829-w1\children\hybridzip-r2-e6-fast-k4-full-20260829-w1-fast-b128-r1\decoded\128KiB\mr.decoded""","0","0","2026-08-29T14:45:39.1357929+08:00","COMPLETE","PASS","fast-ext=1","Complete R2 archive size; SHA-256 byte-exact roundtrip verified."
"e6-fast","fast","128","1","False","1","1","4","0","00010000","1025B343","4B1AC26C40AD4DA50312FD3B694D7E636FB768C2336FE773BC82D36424C27A4B","0:1,39:1,43:2","1","5247200","5247200","5170300","5170300","5247200","5170300","hybridzip-r2-e6-fast-k4-full-20260829-w1-fast-b128-r1","r2-fast","1","10","nci","32","inputs/32KiB/nci.bin","32768","0D3034FE8B0E573DE1439ED98CE409B83B13E5895085C9BFB0BF980F4962FB79","archives/32KiB/nci.hz2","3101","4CF1982CC88B853BBF82257C11B8893DAC3C1EAB64335AD37AFEF46B8215D130","decoded/32KiB/nci.decoded","32768","0D3034FE8B0E573DE1439ED98CE409B83B13E5895085C9BFB0BF980F4962FB79","0.0571729","0.043647","5.25390625","2.02734375","5.25390625","74FF260A939B01673667723D8351AAEDB679339610009ECB23C70E373B862D9F","profile_id=2;mode=fast;block_size=131072;zstd_level=3;lzma_level=9;threads=1;process_timeout_seconds=1800","""E:\MIXER\hybridzip\build\Release\hybridzip.exe"" c --profile=r2 --r2-mode=fast --block-size=131072 --zstd-level=3 --threads=1 ""E:\MIXER\hybridzip\results\experiments\hybridzip-r2-e6-fast-k4-full-20260829-w1\children\hybridzip-r2-e6-fast-k4-full-20260829-w1-fast-b128-r1\inputs\32KiB\nci.bin"" ""E:\MIXER\hybridzip\results\experiments\hybridzip-r2-e6-fast-k4-full-20260829-w1\children\hybridzip-r2-e6-fast-k4-full-20260829-w1-fast-b128-r1\archives\32KiB\nci.hz2""","""E:\MIXER\hybridzip\build\Release\hybridzip.exe"" d ""E:\MIXER\hybridzip\results\experiments\hybridzip-r2-e6-fast-k4-full-20260829-w1\children\hybridzip-r2-e6-fast-k4-full-20260829-w1-fast-b128-r1\archives\32KiB\nci.hz2"" ""E:\MIXER\hybridzip\results\experiments\hybridzip-r2-e6-fast-k4-full-20260829-w1\children\hybridzip-r2-e6-fast-k4-full-20260829-w1-fast-b128-r1\decoded\32KiB\nci.decoded""","0","0","2026-08-29T14:45:39.3416847+08:00","COMPLETE","PASS","fast-ext=1","Complete R2 archive size; SHA-256 byte-exact roundtrip verified."
"e6-fast","fast","128","1","False","1","1","4","0","00010000","1025B343","4B1AC26C40AD4DA50312FD3B694D7E636FB768C2336FE773BC82D36424C27A4B","0:1,39:1,43:2","1","8392000","8392000","8384000","8384000","8392000","8384000","hybridzip-r2-e6-fast-k4-full-20260829-w1-fast-b128-r1","r2-fast","1","11","nci","64","inputs/64KiB/nci.bin","65536","B01B411AC3B5CE2FBF37242C0C59D2D236D2F7039937C1B1A0F18F4CC02549FE","archives/64KiB/nci.hz2","5293","317D757C98351D95539B3E9AD6F6945FFABE8400338D0C0FE1F219A3DC6478D5","decoded/64KiB/nci.decoded","65536","B01B411AC3B5CE2FBF37242C0C59D2D236D2F7039937C1B1A0F18F4CC02549FE","0.05908","0.0452789","5.44921875","2.02734375","5.44921875","74FF260A939B01673667723D8351AAEDB679339610009ECB23C70E373B862D9F","profile_id=2;mode=fast;block_size=131072;zstd_level=3;lzma_level=9;threads=1;process_timeout_seconds=1800","""E:\MIXER\hybridzip\build\Release\hybridzip.exe"" c --profile=r2 --r2-mode=fast --block-size=131072 --zstd-level=3 --threads=1 ""E:\MIXER\hybridzip\results\experiments\hybridzip-r2-e6-fast-k4-full-20260829-w1\children\hybridzip-r2-e6-fast-k4-full-20260829-w1-fast-b128-r1\inputs\64KiB\nci.bin"" ""E:\MIXER\hybridzip\results\experiments\hybridzip-r2-e6-fast-k4-full-20260829-w1\children\hybridzip-r2-e6-fast-k4-full-20260829-w1-fast-b128-r1\archives\64KiB\nci.hz2""","""E:\MIXER\hybridzip\build\Release\hybridzip.exe"" d ""E:\MIXER\hybridzip\results\experiments\hybridzip-r2-e6-fast-k4-full-20260829-w1\children\hybridzip-r2-e6-fast-k4-full-20260829-w1-fast-b128-r1\archives\64KiB\nci.hz2"" ""E:\MIXER\hybridzip\results\experiments\hybridzip-r2-e6-fast-k4-full-20260829-w1\children\hybridzip-r2-e6-fast-k4-full-20260829-w1-fast-b128-r1\decoded\64KiB\nci.decoded""","0","0","2026-08-29T14:45:39.5143271+08:00","COMPLETE","PASS","fast-ext=1","Complete R2 archive size; SHA-256 byte-exact roundtrip verified."
"e6-fast","fast","128","1","False","1","1","4","0","00010000","1025B343","4B1AC26C40AD4DA50312FD3B694D7E636FB768C2336FE773BC82D36424C27A4B","0:1,39:1,43:2","1","15241200","15241200","15196800","15196800","15241200","15196800","hybridzip-r2-e6-fast-k4-full-20260829-w1-fast-b128-r1","r2-fast","1","12","nci","128","inputs/128KiB/nci.bin","131072","C8A1D610355E5EF900ED4C704DF14ADF1935D95DFD8F1740AC9FD90FC9BF5781","archives/128KiB/nci.hz2","11265","F5A2ABC8D40B5BC2499A49BF93537D8E954DE3347917B86F9BF3E458C58EA62C","decoded/128KiB/nci.decoded","131072","C8A1D610355E5EF900ED4C704DF14ADF1935D95DFD8F1740AC9FD90FC9BF5781","0.0641764","0.0585269","5.8203125","2.02734375","5.8203125","74FF260A939B01673667723D8351AAEDB679339610009ECB23C70E373B862D9F","profile_id=2;mode=fast;block_size=131072;zstd_level=3;lzma_level=9;threads=1;process_timeout_seconds=1800","""E:\MIXER\hybridzip\build\Release\hybridzip.exe"" c --profile=r2 --r2-mode=fast --block-size=131072 --zstd-level=3 --threads=1 ""E:\MIXER\hybridzip\results\experiments\hybridzip-r2-e6-fast-k4-full-20260829-w1\children\hybridzip-r2-e6-fast-k4-full-20260829-w1-fast-b128-r1\inputs\128KiB\nci.bin"" ""E:\MIXER\hybridzip\results\experiments\hybridzip-r2-e6-fast-k4-full-20260829-w1\children\hybridzip-r2-e6-fast-k4-full-20260829-w1-fast-b128-r1\archives\128KiB\nci.hz2""","""E:\MIXER\hybridzip\build\Release\hybridzip.exe"" d ""E:\MIXER\hybridzip\results\experiments\hybridzip-r2-e6-fast-k4-full-20260829-w1\children\hybridzip-r2-e6-fast-k4-full-20260829-w1-fast-b128-r1\archives\128KiB\nci.hz2"" ""E:\MIXER\hybridzip\results\experiments\hybridzip-r2-e6-fast-k4-full-20260829-w1\children\hybridzip-r2-e6-fast-k4-full-20260829-w1-fast-b128-r1\decoded\128KiB\nci.decoded""","0","0","2026-08-29T14:45:39.6850625+08:00","COMPLETE","PASS","fast-ext=1","Complete R2 archive size; SHA-256 byte-exact roundtrip verified."
"e6-fast","fast","128","1","False","1","1","4","0","00010000","1025B343","4B1AC26C40AD4DA50312FD3B694D7E636FB768C2336FE773BC82D36424C27A4B","0:1,39:1,43:2","1","6028600","6028600","6021700","6021700","6028600","6021700","hybridzip-r2-e6-fast-k4-full-20260829-w1-fast-b128-r1","r2-fast","1","13","ooffice","32","inputs/32KiB/ooffice.bin","32768","2ACF9B4CAAEAC5814CDFEF0FA48A5ECE857C847DBDB7B44EEAB95CA3C098921C","archives/32KiB/ooffice.hz2","13020","93842D37FA0582469C18B5D797FC54A043A15304D54618492B5A791F64C7BC02","decoded/32KiB/ooffice.decoded","32768","2ACF9B4CAAEAC5814CDFEF0FA48A5ECE857C847DBDB7B44EEAB95CA3C098921C","0.0552076","0.043017","2.02734375","2.02734375","2.02734375","74FF260A939B01673667723D8351AAEDB679339610009ECB23C70E373B862D9F","profile_id=2;mode=fast;block_size=131072;zstd_level=3;lzma_level=9;threads=1;process_timeout_seconds=1800","""E:\MIXER\hybridzip\build\Release\hybridzip.exe"" c --profile=r2 --r2-mode=fast --block-size=131072 --zstd-level=3 --threads=1 ""E:\MIXER\hybridzip\results\experiments\hybridzip-r2-e6-fast-k4-full-20260829-w1\children\hybridzip-r2-e6-fast-k4-full-20260829-w1-fast-b128-r1\inputs\32KiB\ooffice.bin"" ""E:\MIXER\hybridzip\results\experiments\hybridzip-r2-e6-fast-k4-full-20260829-w1\children\hybridzip-r2-e6-fast-k4-full-20260829-w1-fast-b128-r1\archives\32KiB\ooffice.hz2""","""E:\MIXER\hybridzip\build\Release\hybridzip.exe"" d ""E:\MIXER\hybridzip\results\experiments\hybridzip-r2-e6-fast-k4-full-20260829-w1\children\hybridzip-r2-e6-fast-k4-full-20260829-w1-fast-b128-r1\archives\32KiB\ooffice.hz2"" ""E:\MIXER\hybridzip\results\experiments\hybridzip-r2-e6-fast-k4-full-20260829-w1\children\hybridzip-r2-e6-fast-k4-full-20260829-w1-fast-b128-r1\decoded\32KiB\ooffice.decoded""","0","0","2026-08-29T14:45:39.8842766+08:00","COMPLETE","PASS","fast-ext=1","Complete R2 archive size; SHA-256 byte-exact roundtrip verified."
"e6-fast","fast","128","1","False","1","1","4","0","00010000","1025B343","4B1AC26C40AD4DA50312FD3B694D7E636FB768C2336FE773BC82D36424C27A4B","0:1,39:1,43:2","1","9514200","9514200","9507400","9507400","9514200","9507400","hybridzip-r2-e6-fast-k4-full-20260829-w1-fast-b128-r1","r2-fast","1","14","ooffice","64","inputs/64KiB/ooffice.bin","65536","9D30521922187D0A26F56CF2DF85001F9585D0D4EC6A0A8797466AFCC367F825","archives/64KiB/ooffice.hz2","30037","C6DD2094DF4233A761212237A45C6FCC73FD05A63FF4D3032C77698B2309358B","decoded/64KiB/ooffice.decoded","65536","9D30521922187D0A26F56CF2DF85001F9585D0D4EC6A0A8797466AFCC367F825","0.0687859","0.0424074","2.02734375","2.02734375","2.02734375","74FF260A939B01673667723D8351AAEDB679339610009ECB23C70E373B862D9F","profile_id=2;mode=fast;block_size=131072;zstd_level=3;lzma_level=9;threads=1;process_timeout_seconds=1800","""E:\MIXER\hybridzip\build\Release\hybridzip.exe"" c --profile=r2 --r2-mode=fast --block-size=131072 --zstd-level=3 --threads=1 ""E:\MIXER\hybridzip\results\experiments\hybridzip-r2-e6-fast-k4-full-20260829-w1\children\hybridzip-r2-e6-fast-k4-full-20260829-w1-fast-b128-r1\inputs\64KiB\ooffice.bin"" ""E:\MIXER\hybridzip\results\experiments\hybridzip-r2-e6-fast-k4-full-20260829-w1\children\hybridzip-r2-e6-fast-k4-full-20260829-w1-fast-b128-r1\archives\64KiB\ooffice.hz2""","""E:\MIXER\hybridzip\build\Release\hybridzip.exe"" d ""E:\MIXER\hybridzip\results\experiments\hybridzip-r2-e6-fast-k4-full-20260829-w1\children\hybridzip-r2-e6-fast-k4-full-20260829-w1-fast-b128-r1\archives\64KiB\ooffice.hz2"" ""E:\MIXER\hybridzip\results\experiments\hybridzip-r2-e6-fast-k4-full-20260829-w1\children\hybridzip-r2-e6-fast-k4-full-20260829-w1-fast-b128-r1\decoded\64KiB\ooffice.decoded""","0","0","2026-08-29T14:45:40.0606184+08:00","COMPLETE","PASS","fast-ext=1","Complete R2 archive size; SHA-256 byte-exact roundtrip verified."
"e6-fast","fast","128","1","False","1","1","4","0","00010000","1025B343","4B1AC26C40AD4DA50312FD3B694D7E636FB768C2336FE773BC82D36424C27A4B","0:1,39:1,43:2","1","17714900","17714900","17707000","17707000","17714900","17707000","hybridzip-r2-e6-fast-k4-full-20260829-w1-fast-b128-r1","r2-fast","1","15","ooffice","128","inputs/128KiB/ooffice.bin","131072","09FA5F3EE5311528863F8C3FADA3B530CC24AC1D88128E4DB2BF434161879FEF","archives/128KiB/ooffice.hz2","64227","D68E4BA2FA7AD6DD29237CC12A629DBD2226FB7F3DEE46754F557CF8DD3252D3","decoded/128KiB/ooffice.decoded","131072","09FA5F3EE5311528863F8C3FADA3B530CC24AC1D88128E4DB2BF434161879FEF","0.0716236","0.057925","5.859375","2.02734375","5.859375","74FF260A939B01673667723D8351AAEDB679339610009ECB23C70E373B862D9F","profile_id=2;mode=fast;block_size=131072;zstd_level=3;lzma_level=9;threads=1;process_timeout_seconds=1800","""E:\MIXER\hybridzip\build\Release\hybridzip.exe"" c --profile=r2 --r2-mode=fast --block-size=131072 --zstd-level=3 --threads=1 ""E:\MIXER\hybridzip\results\experiments\hybridzip-r2-e6-fast-k4-full-20260829-w1\children\hybridzip-r2-e6-fast-k4-full-20260829-w1-fast-b128-r1\inputs\128KiB\ooffice.bin"" ""E:\MIXER\hybridzip\results\experiments\hybridzip-r2-e6-fast-k4-full-20260829-w1\children\hybridzip-r2-e6-fast-k4-full-20260829-w1-fast-b128-r1\archives\128KiB\ooffice.hz2""","""E:\MIXER\hybridzip\build\Release\hybridzip.exe"" d ""E:\MIXER\hybridzip\results\experiments\hybridzip-r2-e6-fast-k4-full-20260829-w1\children\hybridzip-r2-e6-fast-k4-full-20260829-w1-fast-b128-r1\archives\128KiB\ooffice.hz2"" ""E:\MIXER\hybridzip\results\experiments\hybridzip-r2-e6-fast-k4-full-20260829-w1\children\hybridzip-r2-e6-fast-k4-full-20260829-w1-fast-b128-r1\decoded\128KiB\ooffice.decoded""","0","0","2026-08-29T14:45:40.2554143+08:00","COMPLETE","PASS","fast-ext=1","Complete R2 archive size; SHA-256 byte-exact roundtrip verified."
"e6-fast","fast","128","1","False","1","1","4","0","00010000","1025B343","4B1AC26C40AD4DA50312FD3B694D7E636FB768C2336FE773BC82D36424C27A4B","0:1,39:1,43:2","1","5311600","5311600","5148400","5148400","5311600","5148400","hybridzip-r2-e6-fast-k4-full-20260829-w1-fast-b128-r1","r2-fast","1","16","osdb","32","inputs/32KiB/osdb.bin","32768","03B2C20B777682CD960BCD893D7A4463161D9C0200FD1708B2EFAE32A259D0B7","archives/32KiB/osdb.hz2","15695","E2B3286A0313D3AD1590CAE7EEDD530F5D05C7CF88A301F19B4CC33BB16565E5","decoded/32KiB/osdb.decoded","32768","03B2C20B777682CD960BCD893D7A4463161D9C0200FD1708B2EFAE32A259D0B7","0.0550501","0.0424582","5.2578125","2.02734375","5.2578125","74FF260A939B01673667723D8351AAEDB679339610009ECB23C70E373B862D9F","profile_id=2;mode=fast;block_size=131072;zstd_level=3;lzma_level=9;threads=1;process_timeout_seconds=1800","""E:\MIXER\hybridzip\build\Release\hybridzip.exe"" c --profile=r2 --r2-mode=fast --block-size=131072 --zstd-level=3 --threads=1 ""E:\MIXER\hybridzip\results\experiments\hybridzip-r2-e6-fast-k4-full-20260829-w1\children\hybridzip-r2-e6-fast-k4-full-20260829-w1-fast-b128-r1\inputs\32KiB\osdb.bin"" ""E:\MIXER\hybridzip\results\experiments\hybridzip-r2-e6-fast-k4-full-20260829-w1\children\hybridzip-r2-e6-fast-k4-full-20260829-w1-fast-b128-r1\archives\32KiB\osdb.hz2""","""E:\MIXER\hybridzip\build\Release\hybridzip.exe"" d ""E:\MIXER\hybridzip\results\experiments\hybridzip-r2-e6-fast-k4-full-20260829-w1\children\hybridzip-r2-e6-fast-k4-full-20260829-w1-fast-b128-r1\archives\32KiB\osdb.hz2"" ""E:\MIXER\hybridzip\results\experiments\hybridzip-r2-e6-fast-k4-full-20260829-w1\children\hybridzip-r2-e6-fast-k4-full-20260829-w1-fast-b128-r1\decoded\32KiB\osdb.decoded""","0","0","2026-08-29T14:45:40.4687311+08:00","COMPLETE","PASS","fast-ext=1","Complete R2 archive size; SHA-256 byte-exact roundtrip verified."
"e6-fast","fast","128","1","False","1","1","4","0","00010000","1025B343","4B1AC26C40AD4DA50312FD3B694D7E636FB768C2336FE773BC82D36424C27A4B","0:1,39:1,43:2","1","8921400","8921400","8915400","8915400","8921400","8915400","hybridzip-r2-e6-fast-k4-full-20260829-w1-fast-b128-r1","r2-fast","1","17","osdb","64","inputs/64KiB/osdb.bin","65536","F8FE629325A07588118BA0B65880A87DED43EF249CCBC91F0E977BBACAE0C125","archives/64KiB/osdb.hz2","27355","6000DBEA65E45B25BBBCA5C8034DE3125C9B5B9E4BA7E53755A6C229071438C9","decoded/64KiB/osdb.decoded","65536","F8FE629325A07588118BA0B65880A87DED43EF249CCBC91F0E977BBACAE0C125","0.0578815","0.059227","5.48046875","2.02734375","5.48046875","74FF260A939B01673667723D8351AAEDB679339610009ECB23C70E373B862D9F","profile_id=2;mode=fast;block_size=131072;zstd_level=3;lzma_level=9;threads=1;process_timeout_seconds=1800","""E:\MIXER\hybridzip\build\Release\hybridzip.exe"" c --profile=r2 --r2-mode=fast --block-size=131072 --zstd-level=3 --threads=1 ""E:\MIXER\hybridzip\results\experiments\hybridzip-r2-e6-fast-k4-full-20260829-w1\children\hybridzip-r2-e6-fast-k4-full-20260829-w1-fast-b128-r1\inputs\64KiB\osdb.bin"" ""E:\MIXER\hybridzip\results\experiments\hybridzip-r2-e6-fast-k4-full-20260829-w1\children\hybridzip-r2-e6-fast-k4-full-20260829-w1-fast-b128-r1\archives\64KiB\osdb.hz2""","""E:\MIXER\hybridzip\build\Release\hybridzip.exe"" d ""E:\MIXER\hybridzip\results\experiments\hybridzip-r2-e6-fast-k4-full-20260829-w1\children\hybridzip-r2-e6-fast-k4-full-20260829-w1-fast-b128-r1\archives\64KiB\osdb.hz2"" ""E:\MIXER\hybridzip\results\experiments\hybridzip-r2-e6-fast-k4-full-20260829-w1\children\hybridzip-r2-e6-fast-k4-full-20260829-w1-fast-b128-r1\decoded\64KiB\osdb.decoded""","0","0","2026-08-29T14:45:40.6418509+08:00","COMPLETE","PASS","fast-ext=1","Complete R2 archive size; SHA-256 byte-exact roundtrip verified."
"e6-fast","fast","128","1","False","1","1","4","0","00010000","1025B343","4B1AC26C40AD4DA50312FD3B694D7E636FB768C2336FE773BC82D36424C27A4B","0:1,39:1,43:2","1","14832400","14832400","14810000","14810000","14832400","14810000","hybridzip-r2-e6-fast-k4-full-20260829-w1-fast-b128-r1","r2-fast","1","18","osdb","128","inputs/128KiB/osdb.bin","131072","D977E72AE13AEFC36A4B6171A895E26A0E6EEE447B1B9FBE868D7B1C046CC91F","archives/128KiB/osdb.hz2","50365","DD7E4FC851CFE622125BB4151F5CC914C9AE27293159BB77D1C554CA7C7CE4A3","decoded/128KiB/osdb.decoded","131072","D977E72AE13AEFC36A4B6171A895E26A0E6EEE447B1B9FBE868D7B1C046CC91F","0.0878198","0.063276","5.859375","3.39453125","5.859375","74FF260A939B01673667723D8351AAEDB679339610009ECB23C70E373B862D9F","profile_id=2;mode=fast;block_size=131072;zstd_level=3;lzma_level=9;threads=1;process_timeout_seconds=1800","""E:\MIXER\hybridzip\build\Release\hybridzip.exe"" c --profile=r2 --r2-mode=fast --block-size=131072 --zstd-level=3 --threads=1 ""E:\MIXER\hybridzip\results\experiments\hybridzip-r2-e6-fast-k4-full-20260829-w1\children\hybridzip-r2-e6-fast-k4-full-20260829-w1-fast-b128-r1\inputs\128KiB\osdb.bin"" ""E:\MIXER\hybridzip\results\experiments\hybridzip-r2-e6-fast-k4-full-20260829-w1\children\hybridzip-r2-e6-fast-k4-full-20260829-w1-fast-b128-r1\archives\128KiB\osdb.hz2""","""E:\MIXER\hybridzip\build\Release\hybridzip.exe"" d ""E:\MIXER\hybridzip\results\experiments\hybridzip-r2-e6-fast-k4-full-20260829-w1\children\hybridzip-r2-e6-fast-k4-full-20260829-w1-fast-b128-r1\archives\128KiB\osdb.hz2"" ""E:\MIXER\hybridzip\results\experiments\hybridzip-r2-e6-fast-k4-full-20260829-w1\children\hybridzip-r2-e6-fast-k4-full-20260829-w1-fast-b128-r1\decoded\128KiB\osdb.decoded""","0","0","2026-08-29T14:45:40.8312114+08:00","COMPLETE","PASS","fast-ext=1","Complete R2 archive size; SHA-256 byte-exact roundtrip verified."
"e6-fast","fast","128","1","False","1","1","4","0","00010000","1025B343","4B1AC26C40AD4DA50312FD3B694D7E636FB768C2336FE773BC82D36424C27A4B","0:1,39:1,43:2","1","5749600","5749600","5723600","5723600","5749600","5723600","hybridzip-r2-e6-fast-k4-full-20260829-w1-fast-b128-r1","r2-fast","1","19","reymont","32","inputs/32KiB/reymont.bin","32768","9D5E4B9340C2260DAE7DDB01B3EDA58236FF2DE5E1FF4D56767AA840B6FB1A87","archives/32KiB/reymont.hz2","10572","CB4BCAC198F61E555B1E399A4231663CDD8C6FBCB343EDED058740DD16FE6A2E","decoded/32KiB/reymont.decoded","32768","9D5E4B9340C2260DAE7DDB01B3EDA58236FF2DE5E1FF4D56767AA840B6FB1A87","0.0546388","0.0572322","2.02734375","2.02734375","2.02734375","74FF260A939B01673667723D8351AAEDB679339610009ECB23C70E373B862D9F","profile_id=2;mode=fast;block_size=131072;zstd_level=3;lzma_level=9;threads=1;process_timeout_seconds=1800","""E:\MIXER\hybridzip\build\Release\hybridzip.exe"" c --profile=r2 --r2-mode=fast --block-size=131072 --zstd-level=3 --threads=1 ""E:\MIXER\hybridzip\results\experiments\hybridzip-r2-e6-fast-k4-full-20260829-w1\children\hybridzip-r2-e6-fast-k4-full-20260829-w1-fast-b128-r1\inputs\32KiB\reymont.bin"" ""E:\MIXER\hybridzip\results\experiments\hybridzip-r2-e6-fast-k4-full-20260829-w1\children\hybridzip-r2-e6-fast-k4-full-20260829-w1-fast-b128-r1\archives\32KiB\reymont.hz2""","""E:\MIXER\hybridzip\build\Release\hybridzip.exe"" d ""E:\MIXER\hybridzip\results\experiments\hybridzip-r2-e6-fast-k4-full-20260829-w1\children\hybridzip-r2-e6-fast-k4-full-20260829-w1-fast-b128-r1\archives\32KiB\reymont.hz2"" ""E:\MIXER\hybridzip\results\experiments\hybridzip-r2-e6-fast-k4-full-20260829-w1\children\hybridzip-r2-e6-fast-k4-full-20260829-w1-fast-b128-r1\decoded\32KiB\reymont.decoded""","0","0","2026-08-29T14:45:41.0486469+08:00","COMPLETE","PASS","fast-ext=1","Complete R2 archive size; SHA-256 byte-exact roundtrip verified."
"e6-fast","fast","128","1","False","1","1","4","0","00010000","1025B343","4B1AC26C40AD4DA50312FD3B694D7E636FB768C2336FE773BC82D36424C27A4B","0:1,39:1,43:2","1","11349200","11349200","11342800","11342800","11349200","11342800","hybridzip-r2-e6-fast-k4-full-20260829-w1-fast-b128-r1","r2-fast","1","20","reymont","64","inputs/64KiB/reymont.bin","65536","A5ECAAABB133F1ADF8DE6062BE6381D143E87F9F8050EEA9B5BE6F92B88C3C22","archives/64KiB/reymont.hz2","20574","2EF31B2BB84F239B3C21ED60BE5E6CD74C455F94D1CC86AEAA594F3C84637A09","decoded/64KiB/reymont.decoded","65536","A5ECAAABB133F1ADF8DE6062BE6381D143E87F9F8050EEA9B5BE6F92B88C3C22","0.0641242","0.043042","5.45703125","2.02734375","5.45703125","74FF260A939B01673667723D8351AAEDB679339610009ECB23C70E373B862D9F","profile_id=2;mode=fast;block_size=131072;zstd_level=3;lzma_level=9;threads=1;process_timeout_seconds=1800","""E:\MIXER\hybridzip\build\Release\hybridzip.exe"" c --profile=r2 --r2-mode=fast --block-size=131072 --zstd-level=3 --threads=1 ""E:\MIXER\hybridzip\results\experiments\hybridzip-r2-e6-fast-k4-full-20260829-w1\children\hybridzip-r2-e6-fast-k4-full-20260829-w1-fast-b128-r1\inputs\64KiB\reymont.bin"" ""E:\MIXER\hybridzip\results\experiments\hybridzip-r2-e6-fast-k4-full-20260829-w1\children\hybridzip-r2-e6-fast-k4-full-20260829-w1-fast-b128-r1\archives\64KiB\reymont.hz2""","""E:\MIXER\hybridzip\build\Release\hybridzip.exe"" d ""E:\MIXER\hybridzip\results\experiments\hybridzip-r2-e6-fast-k4-full-20260829-w1\children\hybridzip-r2-e6-fast-k4-full-20260829-w1-fast-b128-r1\archives\64KiB\reymont.hz2"" ""E:\MIXER\hybridzip\results\experiments\hybridzip-r2-e6-fast-k4-full-20260829-w1\children\hybridzip-r2-e6-fast-k4-full-20260829-w1-fast-b128-r1\decoded\64KiB\reymont.decoded""","0","0","2026-08-29T14:45:41.2345437+08:00","COMPLETE","PASS","fast-ext=1","Complete R2 archive size; SHA-256 byte-exact roundtrip verified."
"e6-fast","fast","128","1","False","1","1","4","0","00010000","1025B343","4B1AC26C40AD4DA50312FD3B694D7E636FB768C2336FE773BC82D36424C27A4B","0:1,39:1,43:2","1","21867800","21867800","21859800","21859800","21867800","21859800","hybridzip-r2-e6-fast-k4-full-20260829-w1-fast-b128-r1","r2-fast","1","21","reymont","128","inputs/128KiB/reymont.bin","131072","A6CA7478854C1E80DFEAF9FB3444B357F9D7625E55232FAE3B3632A5A1217DEA","archives/128KiB/reymont.hz2","40440","5B80BC6A50FBA92F12EBA9EEB7E7A098C369C672CDF4E1A67415960D45A1D35F","decoded/128KiB/reymont.decoded","131072","A6CA7478854C1E80DFEAF9FB3444B357F9D7625E55232FAE3B3632A5A1217DEA","0.0710685","0.0477185","5.85546875","4.26171875","5.85546875","74FF260A939B01673667723D8351AAEDB679339610009ECB23C70E373B862D9F","profile_id=2;mode=fast;block_size=131072;zstd_level=3;lzma_level=9;threads=1;process_timeout_seconds=1800","""E:\MIXER\hybridzip\build\Release\hybridzip.exe"" c --profile=r2 --r2-mode=fast --block-size=131072 --zstd-level=3 --threads=1 ""E:\MIXER\hybridzip\results\experiments\hybridzip-r2-e6-fast-k4-full-20260829-w1\children\hybridzip-r2-e6-fast-k4-full-20260829-w1-fast-b128-r1\inputs\128KiB\reymont.bin"" ""E:\MIXER\hybridzip\results\experiments\hybridzip-r2-e6-fast-k4-full-20260829-w1\children\hybridzip-r2-e6-fast-k4-full-20260829-w1-fast-b128-r1\archives\128KiB\reymont.hz2""","""E:\MIXER\hybridzip\build\Release\hybridzip.exe"" d ""E:\MIXER\hybridzip\results\experiments\hybridzip-r2-e6-fast-k4-full-20260829-w1\children\hybridzip-r2-e6-fast-k4-full-20260829-w1-fast-b128-r1\archives\128KiB\reymont.hz2"" ""E:\MIXER\hybridzip\results\experiments\hybridzip-r2-e6-fast-k4-full-20260829-w1\children\hybridzip-r2-e6-fast-k4-full-20260829-w1-fast-b128-r1\decoded\128KiB\reymont.decoded""","0","0","2026-08-29T14:45:41.4166846+08:00","COMPLETE","PASS","fast-ext=1","Complete R2 archive size; SHA-256 byte-exact roundtrip verified."
"e6-fast","fast","128","1","False","1","1","4","0","00010000","1025B343","4B1AC26C40AD4DA50312FD3B694D7E636FB768C2336FE773BC82D36424C27A4B","0:1,39:1,43:2","1","5580600","5580600","5458800","5458800","5580600","5458800","hybridzip-r2-e6-fast-k4-full-20260829-w1-fast-b128-r1","r2-fast","1","22","samba","32","inputs/32KiB/samba.bin","32768","9C4F5BEE544E4531E4946E62F796987418B4526911C34877EF282F14DD57AD12","archives/32KiB/samba.hz2","11946","026AC468D505D4376546CDE4931AA38E4D4D3EED76B82F5569D36536C37F4FE5","decoded/32KiB/samba.decoded","32768","9C4F5BEE544E4531E4946E62F796987418B4526911C34877EF282F14DD57AD12","0.0601654","0.0510349","5.265625","2.02734375","5.265625","74FF260A939B01673667723D8351AAEDB679339610009ECB23C70E373B862D9F","profile_id=2;mode=fast;block_size=131072;zstd_level=3;lzma_level=9;threads=1;process_timeout_seconds=1800","""E:\MIXER\hybridzip\build\Release\hybridzip.exe"" c --profile=r2 --r2-mode=fast --block-size=131072 --zstd-level=3 --threads=1 ""E:\MIXER\hybridzip\results\experiments\hybridzip-r2-e6-fast-k4-full-20260829-w1\children\hybridzip-r2-e6-fast-k4-full-20260829-w1-fast-b128-r1\inputs\32KiB\samba.bin"" ""E:\MIXER\hybridzip\results\experiments\hybridzip-r2-e6-fast-k4-full-20260829-w1\children\hybridzip-r2-e6-fast-k4-full-20260829-w1-fast-b128-r1\archives\32KiB\samba.hz2""","""E:\MIXER\hybridzip\build\Release\hybridzip.exe"" d ""E:\MIXER\hybridzip\results\experiments\hybridzip-r2-e6-fast-k4-full-20260829-w1\children\hybridzip-r2-e6-fast-k4-full-20260829-w1-fast-b128-r1\archives\32KiB\samba.hz2"" ""E:\MIXER\hybridzip\results\experiments\hybridzip-r2-e6-fast-k4-full-20260829-w1\children\hybridzip-r2-e6-fast-k4-full-20260829-w1-fast-b128-r1\decoded\32KiB\samba.decoded""","0","0","2026-08-29T14:45:41.6020985+08:00","COMPLETE","PASS","fast-ext=1","Complete R2 archive size; SHA-256 byte-exact roundtrip verified."
"e6-fast","fast","128","1","False","1","1","4","0","00010000","1025B343","4B1AC26C40AD4DA50312FD3B694D7E636FB768C2336FE773BC82D36424C27A4B","0:1,39:1,43:2","1","10218200","10218200","10212100","10212100","10218200","10212100","hybridzip-r2-e6-fast-k4-full-20260829-w1-fast-b128-r1","r2-fast","1","23","samba","64","inputs/64KiB/samba.bin","65536","3E0420984C0F260EA7350734600CEA9D8500B745E2E4B7DBD4D1DA1D1ADAC421","archives/64KiB/samba.hz2","23328","1357FAD14916F222F60F395D90F440B36541473A42E363A3F60A16E4C1A5CEA3","decoded/64KiB/samba.decoded","65536","3E0420984C0F260EA7350734600CEA9D8500B745E2E4B7DBD4D1DA1D1ADAC421","0.0577332","0.0492878","5.45703125","2.02734375","5.45703125","74FF260A939B01673667723D8351AAEDB679339610009ECB23C70E373B862D9F","profile_id=2;mode=fast;block_size=131072;zstd_level=3;lzma_level=9;threads=1;process_timeout_seconds=1800","""E:\MIXER\hybridzip\build\Release\hybridzip.exe"" c --profile=r2 --r2-mode=fast --block-size=131072 --zstd-level=3 --threads=1 ""E:\MIXER\hybridzip\results\experiments\hybridzip-r2-e6-fast-k4-full-20260829-w1\children\hybridzip-r2-e6-fast-k4-full-20260829-w1-fast-b128-r1\inputs\64KiB\samba.bin"" ""E:\MIXER\hybridzip\results\experiments\hybridzip-r2-e6-fast-k4-full-20260829-w1\children\hybridzip-r2-e6-fast-k4-full-20260829-w1-fast-b128-r1\archives\64KiB\samba.hz2""","""E:\MIXER\hybridzip\build\Release\hybridzip.exe"" d ""E:\MIXER\hybridzip\results\experiments\hybridzip-r2-e6-fast-k4-full-20260829-w1\children\hybridzip-r2-e6-fast-k4-full-20260829-w1-fast-b128-r1\archives\64KiB\samba.hz2"" ""E:\MIXER\hybridzip\results\experiments\hybridzip-r2-e6-fast-k4-full-20260829-w1\children\hybridzip-r2-e6-fast-k4-full-20260829-w1-fast-b128-r1\decoded\64KiB\samba.decoded""","0","0","2026-08-29T14:45:41.7794002+08:00","COMPLETE","PASS","fast-ext=1","Complete R2 archive size; SHA-256 byte-exact roundtrip verified."
"e6-fast","fast","128","1","False","1","1","4","0","00010000","1025B343","4B1AC26C40AD4DA50312FD3B694D7E636FB768C2336FE773BC82D36424C27A4B","0:1,39:1,43:2","1","17756100","17756100","17718200","17718200","17756100","17718200","hybridzip-r2-e6-fast-k4-full-20260829-w1-fast-b128-r1","r2-fast","1","24","samba","128","inputs/128KiB/samba.bin","131072","F3B8C4AD35BC6CF21977895D6F04A22B1422605942FA5AFE35CE28B2A221D7E8","archives/128KiB/samba.hz2","50584","749616CC2D3B49252C415D9F17B5356744BD663AD70FA3A8DE62AC2E1A46B3CC","decoded/128KiB/samba.decoded","131072","F3B8C4AD35BC6CF21977895D6F04A22B1422605942FA5AFE35CE28B2A221D7E8","0.0748501","0.0427471","5.80859375","2.02734375","5.80859375","74FF260A939B01673667723D8351AAEDB679339610009ECB23C70E373B862D9F","profile_id=2;mode=fast;block_size=131072;zstd_level=3;lzma_level=9;threads=1;process_timeout_seconds=1800","""E:\MIXER\hybridzip\build\Release\hybridzip.exe"" c --profile=r2 --r2-mode=fast --block-size=131072 --zstd-level=3 --threads=1 ""E:\MIXER\hybridzip\results\experiments\hybridzip-r2-e6-fast-k4-full-20260829-w1\children\hybridzip-r2-e6-fast-k4-full-20260829-w1-fast-b128-r1\inputs\128KiB\samba.bin"" ""E:\MIXER\hybridzip\results\experiments\hybridzip-r2-e6-fast-k4-full-20260829-w1\children\hybridzip-r2-e6-fast-k4-full-20260829-w1-fast-b128-r1\archives\128KiB\samba.hz2""","""E:\MIXER\hybridzip\build\Release\hybridzip.exe"" d ""E:\MIXER\hybridzip\results\experiments\hybridzip-r2-e6-fast-k4-full-20260829-w1\children\hybridzip-r2-e6-fast-k4-full-20260829-w1-fast-b128-r1\archives\128KiB\samba.hz2"" ""E:\MIXER\hybridzip\results\experiments\hybridzip-r2-e6-fast-k4-full-20260829-w1\children\hybridzip-r2-e6-fast-k4-full-20260829-w1-fast-b128-r1\decoded\128KiB\samba.decoded""","0","0","2026-08-29T14:45:41.9517988+08:00","COMPLETE","PASS","fast-ext=1","Complete R2 archive size; SHA-256 byte-exact roundtrip verified."
"e6-fast","fast","128","1","False","1","1","4","0","00010000","1025B343","4B1AC26C40AD4DA50312FD3B694D7E636FB768C2336FE773BC82D36424C27A4B","0:1,39:1,43:2","1","5543300","5543300","5433600","5433600","5543300","5433600","hybridzip-r2-e6-fast-k4-full-20260829-w1-fast-b128-r1","r2-fast","1","25","sao","32","inputs/32KiB/sao.bin","32768","95677430CAD4F000506BC5EE22815C3F4E13D64B477ED506B78D5D9ACFB50CCD","archives/32KiB/sao.hz2","26958","4BC0E6A18FAA2946578CA84DEDCE634BB5747EA29DD323CCDB44345683A1B1B4","decoded/32KiB/sao.decoded","32768","95677430CAD4F000506BC5EE22815C3F4E13D64B477ED506B78D5D9ACFB50CCD","0.0551345","0.0410009","4.29296875","2.02734375","4.29296875","74FF260A939B01673667723D8351AAEDB679339610009ECB23C70E373B862D9F","profile_id=2;mode=fast;block_size=131072;zstd_level=3;lzma_level=9;threads=1;process_timeout_seconds=1800","""E:\MIXER\hybridzip\build\Release\hybridzip.exe"" c --profile=r2 --r2-mode=fast --block-size=131072 --zstd-level=3 --threads=1 ""E:\MIXER\hybridzip\results\experiments\hybridzip-r2-e6-fast-k4-full-20260829-w1\children\hybridzip-r2-e6-fast-k4-full-20260829-w1-fast-b128-r1\inputs\32KiB\sao.bin"" ""E:\MIXER\hybridzip\results\experiments\hybridzip-r2-e6-fast-k4-full-20260829-w1\children\hybridzip-r2-e6-fast-k4-full-20260829-w1-fast-b128-r1\archives\32KiB\sao.hz2""","""E:\MIXER\hybridzip\build\Release\hybridzip.exe"" d ""E:\MIXER\hybridzip\results\experiments\hybridzip-r2-e6-fast-k4-full-20260829-w1\children\hybridzip-r2-e6-fast-k4-full-20260829-w1-fast-b128-r1\archives\32KiB\sao.hz2"" ""E:\MIXER\hybridzip\results\experiments\hybridzip-r2-e6-fast-k4-full-20260829-w1\children\hybridzip-r2-e6-fast-k4-full-20260829-w1-fast-b128-r1\decoded\32KiB\sao.decoded""","0","0","2026-08-29T14:45:42.1419483+08:00","COMPLETE","PASS","fast-ext=1","Complete R2 archive size; SHA-256 byte-exact roundtrip verified."
"e6-fast","fast","128","1","False","1","1","4","0","00010000","1025B343","4B1AC26C40AD4DA50312FD3B694D7E636FB768C2336FE773BC82D36424C27A4B","0:1,39:1,43:2","1","9653200","9653200","9646800","9646800","9653200","9646800","hybridzip-r2-e6-fast-k4-full-20260829-w1-fast-b128-r1","r2-fast","1","26","sao","64","inputs/64KiB/sao.bin","65536","17CBD7166A47786139F60BA33B4E771CE0154F6FA56986883D129BC23F78EBEE","archives/64KiB/sao.hz2","52935","92386921FA003E1E21680A044C340A0E7B834029DC333EAC22142F965344D73C","decoded/64KiB/sao.decoded","65536","17CBD7166A47786139F60BA33B4E771CE0154F6FA56986883D129BC23F78EBEE","0.0602452","0.0453021","5.4375","2.02734375","5.4375","74FF260A939B01673667723D8351AAEDB679339610009ECB23C70E373B862D9F","profile_id=2;mode=fast;block_size=131072;zstd_level=3;lzma_level=9;threads=1;process_timeout_seconds=1800","""E:\MIXER\hybridzip\build\Release\hybridzip.exe"" c --profile=r2 --r2-mode=fast --block-size=131072 --zstd-level=3 --threads=1 ""E:\MIXER\hybridzip\results\experiments\hybridzip-r2-e6-fast-k4-full-20260829-w1\children\hybridzip-r2-e6-fast-k4-full-20260829-w1-fast-b128-r1\inputs\64KiB\sao.bin"" ""E:\MIXER\hybridzip\results\experiments\hybridzip-r2-e6-fast-k4-full-20260829-w1\children\hybridzip-r2-e6-fast-k4-full-20260829-w1-fast-b128-r1\archives\64KiB\sao.hz2""","""E:\MIXER\hybridzip\build\Release\hybridzip.exe"" d ""E:\MIXER\hybridzip\results\experiments\hybridzip-r2-e6-fast-k4-full-20260829-w1\children\hybridzip-r2-e6-fast-k4-full-20260829-w1-fast-b128-r1\archives\64KiB\sao.hz2"" ""E:\MIXER\hybridzip\results\experiments\hybridzip-r2-e6-fast-k4-full-20260829-w1\children\hybridzip-r2-e6-fast-k4-full-20260829-w1-fast-b128-r1\decoded\64KiB\sao.decoded""","0","0","2026-08-29T14:45:42.3106552+08:00","COMPLETE","PASS","lz4=1","Complete R2 archive size; SHA-256 byte-exact roundtrip verified."
"e6-fast","fast","128","1","False","1","1","4","0","00010000","1025B343","4B1AC26C40AD4DA50312FD3B694D7E636FB768C2336FE773BC82D36424C27A4B","0:1,39:1,43:2","1","17634400","17634400","17625200","17625200","17634400","17625200","hybridzip-r2-e6-fast-k4-full-20260829-w1-fast-b128-r1","r2-fast","1","27","sao","128","inputs/128KiB/sao.bin","131072","75E535B42DB7505118D8B19C7C42C1F49C5542ADDC9DBC13383953659F675CE0","archives/128KiB/sao.hz2","104335","89DB453C6D514E5E9039B58F5E9EB284B34F7504B151AA4C090F3AAA3846D36D","decoded/128KiB/sao.decoded","131072","75E535B42DB7505118D8B19C7C42C1F49C5542ADDC9DBC13383953659F675CE0","0.0727051","0.0524375","5.83203125","4.43359375","5.83203125","74FF260A939B01673667723D8351AAEDB679339610009ECB23C70E373B862D9F","profile_id=2;mode=fast;block_size=131072;zstd_level=3;lzma_level=9;threads=1;process_timeout_seconds=1800","""E:\MIXER\hybridzip\build\Release\hybridzip.exe"" c --profile=r2 --r2-mode=fast --block-size=131072 --zstd-level=3 --threads=1 ""E:\MIXER\hybridzip\results\experiments\hybridzip-r2-e6-fast-k4-full-20260829-w1\children\hybridzip-r2-e6-fast-k4-full-20260829-w1-fast-b128-r1\inputs\128KiB\sao.bin"" ""E:\MIXER\hybridzip\results\experiments\hybridzip-r2-e6-fast-k4-full-20260829-w1\children\hybridzip-r2-e6-fast-k4-full-20260829-w1-fast-b128-r1\archives\128KiB\sao.hz2""","""E:\MIXER\hybridzip\build\Release\hybridzip.exe"" d ""E:\MIXER\hybridzip\results\experiments\hybridzip-r2-e6-fast-k4-full-20260829-w1\children\hybridzip-r2-e6-fast-k4-full-20260829-w1-fast-b128-r1\archives\128KiB\sao.hz2"" ""E:\MIXER\hybridzip\results\experiments\hybridzip-r2-e6-fast-k4-full-20260829-w1\children\hybridzip-r2-e6-fast-k4-full-20260829-w1-fast-b128-r1\decoded\128KiB\sao.decoded""","0","0","2026-08-29T14:45:42.4819108+08:00","COMPLETE","PASS","lz4=1","Complete R2 archive size; SHA-256 byte-exact roundtrip verified."
"e6-fast","fast","128","1","False","1","1","4","0","00010000","1025B343","4B1AC26C40AD4DA50312FD3B694D7E636FB768C2336FE773BC82D36424C27A4B","0:1,39:1,43:2","1","5671000","5671000","5536800","5536800","5671000","5536800","hybridzip-r2-e6-fast-k4-full-20260829-w1-fast-b128-r1","r2-fast","1","28","webster","32","inputs/32KiB/webster.bin","32768","774D224695AF4057353F72602BB96CD2AFEEA059AC7737535645F11596FCA85E","archives/32KiB/webster.hz2","13777","99108DEF14614997FA1F06A5D42169D5CEF3F52BA4E8F7B82FB8F69D1F4243A7","decoded/32KiB/webster.decoded","32768","774D224695AF4057353F72602BB96CD2AFEEA059AC7737535645F11596FCA85E","0.0595676","0.0662947","2.02734375","2.82421875","2.82421875","74FF260A939B01673667723D8351AAEDB679339610009ECB23C70E373B862D9F","profile_id=2;mode=fast;block_size=131072;zstd_level=3;lzma_level=9;threads=1;process_timeout_seconds=1800","""E:\MIXER\hybridzip\build\Release\hybridzip.exe"" c --profile=r2 --r2-mode=fast --block-size=131072 --zstd-level=3 --threads=1 ""E:\MIXER\hybridzip\results\experiments\hybridzip-r2-e6-fast-k4-full-20260829-w1\children\hybridzip-r2-e6-fast-k4-full-20260829-w1-fast-b128-r1\inputs\32KiB\webster.bin"" ""E:\MIXER\hybridzip\results\experiments\hybridzip-r2-e6-fast-k4-full-20260829-w1\children\hybridzip-r2-e6-fast-k4-full-20260829-w1-fast-b128-r1\archives\32KiB\webster.hz2""","""E:\MIXER\hybridzip\build\Release\hybridzip.exe"" d ""E:\MIXER\hybridzip\results\experiments\hybridzip-r2-e6-fast-k4-full-20260829-w1\children\hybridzip-r2-e6-fast-k4-full-20260829-w1-fast-b128-r1\archives\32KiB\webster.hz2"" ""E:\MIXER\hybridzip\results\experiments\hybridzip-r2-e6-fast-k4-full-20260829-w1\children\hybridzip-r2-e6-fast-k4-full-20260829-w1-fast-b128-r1\decoded\32KiB\webster.decoded""","0","0","2026-08-29T14:45:42.7028239+08:00","COMPLETE","PASS","fast-ext=1","Complete R2 archive size; SHA-256 byte-exact roundtrip verified."
"e6-fast","fast","128","1","False","1","1","4","0","00010000","1025B343","4B1AC26C40AD4DA50312FD3B694D7E636FB768C2336FE773BC82D36424C27A4B","0:1,39:1,43:2","1","10616700","10616700","10603800","10603800","10616700","10603800","hybridzip-r2-e6-fast-k4-full-20260829-w1-fast-b128-r1","r2-fast","1","29","webster","64","inputs/64KiB/webster.bin","65536","262258811321382F9E4F44D2184B6B7FED0336CF831446D8336C47D6CCC2B32E","archives/64KiB/webster.hz2","24456","83DF5DF63D9B81D417E02EAAC20F7E96BE0F24A4CECF2BECDEC7A4FB3FB96D37","decoded/64KiB/webster.decoded","65536","262258811321382F9E4F44D2184B6B7FED0336CF831446D8336C47D6CCC2B32E","0.0578591","0.04729","5.45703125","2.02734375","5.45703125","74FF260A939B01673667723D8351AAEDB679339610009ECB23C70E373B862D9F","profile_id=2;mode=fast;block_size=131072;zstd_level=3;lzma_level=9;threads=1;process_timeout_seconds=1800","""E:\MIXER\hybridzip\build\Release\hybridzip.exe"" c --profile=r2 --r2-mode=fast --block-size=131072 --zstd-level=3 --threads=1 ""E:\MIXER\hybridzip\results\experiments\hybridzip-r2-e6-fast-k4-full-20260829-w1\children\hybridzip-r2-e6-fast-k4-full-20260829-w1-fast-b128-r1\inputs\64KiB\webster.bin"" ""E:\MIXER\hybridzip\results\experiments\hybridzip-r2-e6-fast-k4-full-20260829-w1\children\hybridzip-r2-e6-fast-k4-full-20260829-w1-fast-b128-r1\archives\64KiB\webster.hz2""","""E:\MIXER\hybridzip\build\Release\hybridzip.exe"" d ""E:\MIXER\hybridzip\results\experiments\hybridzip-r2-e6-fast-k4-full-20260829-w1\children\hybridzip-r2-e6-fast-k4-full-20260829-w1-fast-b128-r1\archives\64KiB\webster.hz2"" ""E:\MIXER\hybridzip\results\experiments\hybridzip-r2-e6-fast-k4-full-20260829-w1\children\hybridzip-r2-e6-fast-k4-full-20260829-w1-fast-b128-r1\decoded\64KiB\webster.decoded""","0","0","2026-08-29T14:45:42.9343690+08:00","COMPLETE","PASS","fast-ext=1","Complete R2 archive size; SHA-256 byte-exact roundtrip verified."
"e6-fast","fast","128","1","False","1","1","4","0","00010000","1025B343","4B1AC26C40AD4DA50312FD3B694D7E636FB768C2336FE773BC82D36424C27A4B","0:1,39:1,43:2","1","18921000","18921000","18913900","18913900","18921000","18913900","hybridzip-r2-e6-fast-k4-full-20260829-w1-fast-b128-r1","r2-fast","1","30","webster","128","inputs/128KiB/webster.bin","131072","C069C1FDCA99BC5C44F06D134CD0CDA60315DD631AA6564733B2CE0E6D59305C","archives/128KiB/webster.hz2","44680","2AD55E68A959DE917EA742A3068A7EC6A38596A2AC2E1B387E478093784B0157","decoded/128KiB/webster.decoded","131072","C069C1FDCA99BC5C44F06D134CD0CDA60315DD631AA6564733B2CE0E6D59305C","0.087178","0.0657732","5.83984375","2.0234375","5.83984375","74FF260A939B01673667723D8351AAEDB679339610009ECB23C70E373B862D9F","profile_id=2;mode=fast;block_size=131072;zstd_level=3;lzma_level=9;threads=1;process_timeout_seconds=1800","""E:\MIXER\hybridzip\build\Release\hybridzip.exe"" c --profile=r2 --r2-mode=fast --block-size=131072 --zstd-level=3 --threads=1 ""E:\MIXER\hybridzip\results\experiments\hybridzip-r2-e6-fast-k4-full-20260829-w1\children\hybridzip-r2-e6-fast-k4-full-20260829-w1-fast-b128-r1\inputs\128KiB\webster.bin"" ""E:\MIXER\hybridzip\results\experiments\hybridzip-r2-e6-fast-k4-full-20260829-w1\children\hybridzip-r2-e6-fast-k4-full-20260829-w1-fast-b128-r1\archives\128KiB\webster.hz2""","""E:\MIXER\hybridzip\build\Release\hybridzip.exe"" d ""E:\MIXER\hybridzip\results\experiments\hybridzip-r2-e6-fast-k4-full-20260829-w1\children\hybridzip-r2-e6-fast-k4-full-20260829-w1-fast-b128-r1\archives\128KiB\webster.hz2"" ""E:\MIXER\hybridzip\results\experiments\hybridzip-r2-e6-fast-k4-full-20260829-w1\children\hybridzip-r2-e6-fast-k4-full-20260829-w1-fast-b128-r1\decoded\128KiB\webster.decoded""","0","0","2026-08-29T14:45:43.1478974+08:00","COMPLETE","PASS","fast-ext=1","Complete R2 archive size; SHA-256 byte-exact roundtrip verified."
"e6-fast","fast","128","1","False","1","1","4","0","00010000","1025B343","4B1AC26C40AD4DA50312FD3B694D7E636FB768C2336FE773BC82D36424C27A4B","0:1,39:1,43:2","1","5022100","5022100","4949400","4949400","5022100","4949400","hybridzip-r2-e6-fast-k4-full-20260829-w1-fast-b128-r1","r2-fast","1","31","x-ray","32","inputs/32KiB/x-ray.bin","32768","10511AA63DFBD9C0DDBFEFE36068740103D4BA1116E214154A0772057D7E9314","archives/32KiB/x-ray.hz2","18333","711D330F325A686F5EBC8389FDDCE26A7B06E3DF3931E83F7E0B9D1A5B2ADB88","decoded/32KiB/x-ray.decoded","32768","10511AA63DFBD9C0DDBFEFE36068740103D4BA1116E214154A0772057D7E9314","0.0687879","0.0576596","4.22265625","2.02734375","4.22265625","74FF260A939B01673667723D8351AAEDB679339610009ECB23C70E373B862D9F","profile_id=2;mode=fast;block_size=131072;zstd_level=3;lzma_level=9;threads=1;process_timeout_seconds=1800","""E:\MIXER\hybridzip\build\Release\hybridzip.exe"" c --profile=r2 --r2-mode=fast --block-size=131072 --zstd-level=3 --threads=1 ""E:\MIXER\hybridzip\results\experiments\hybridzip-r2-e6-fast-k4-full-20260829-w1\children\hybridzip-r2-e6-fast-k4-full-20260829-w1-fast-b128-r1\inputs\32KiB\x-ray.bin"" ""E:\MIXER\hybridzip\results\experiments\hybridzip-r2-e6-fast-k4-full-20260829-w1\children\hybridzip-r2-e6-fast-k4-full-20260829-w1-fast-b128-r1\archives\32KiB\x-ray.hz2""","""E:\MIXER\hybridzip\build\Release\hybridzip.exe"" d ""E:\MIXER\hybridzip\results\experiments\hybridzip-r2-e6-fast-k4-full-20260829-w1\children\hybridzip-r2-e6-fast-k4-full-20260829-w1-fast-b128-r1\archives\32KiB\x-ray.hz2"" ""E:\MIXER\hybridzip\results\experiments\hybridzip-r2-e6-fast-k4-full-20260829-w1\children\hybridzip-r2-e6-fast-k4-full-20260829-w1-fast-b128-r1\decoded\32KiB\x-ray.decoded""","0","0","2026-08-29T14:45:43.4073233+08:00","COMPLETE","PASS","fast-ext=1","Complete R2 archive size; SHA-256 byte-exact roundtrip verified."
"e6-fast","fast","128","1","False","1","1","4","0","00010000","1025B343","4B1AC26C40AD4DA50312FD3B694D7E636FB768C2336FE773BC82D36424C27A4B","0:1,39:1,43:2","1","7890800","7890800","7883700","7883700","7890800","7883700","hybridzip-r2-e6-fast-k4-full-20260829-w1-fast-b128-r1","r2-fast","1","32","x-ray","64","inputs/64KiB/x-ray.bin","65536","B5A07146616BCD7C2D10071D41E07D204DE0AC629C4CA37D8E867FF00574D0D8","archives/64KiB/x-ray.hz2","36457","64E86B5C0839FA5166453DCA6BCD82CAE91E276178AA5E9402F1C3AA225DE418","decoded/64KiB/x-ray.decoded","65536","B5A07146616BCD7C2D10071D41E07D204DE0AC629C4CA37D8E867FF00574D0D8","0.0536696","0.0601043","2.02734375","2.02734375","2.02734375","74FF260A939B01673667723D8351AAEDB679339610009ECB23C70E373B862D9F","profile_id=2;mode=fast;block_size=131072;zstd_level=3;lzma_level=9;threads=1;process_timeout_seconds=1800","""E:\MIXER\hybridzip\build\Release\hybridzip.exe"" c --profile=r2 --r2-mode=fast --block-size=131072 --zstd-level=3 --threads=1 ""E:\MIXER\hybridzip\results\experiments\hybridzip-r2-e6-fast-k4-full-20260829-w1\children\hybridzip-r2-e6-fast-k4-full-20260829-w1-fast-b128-r1\inputs\64KiB\x-ray.bin"" ""E:\MIXER\hybridzip\results\experiments\hybridzip-r2-e6-fast-k4-full-20260829-w1\children\hybridzip-r2-e6-fast-k4-full-20260829-w1-fast-b128-r1\archives\64KiB\x-ray.hz2""","""E:\MIXER\hybridzip\build\Release\hybridzip.exe"" d ""E:\MIXER\hybridzip\results\experiments\hybridzip-r2-e6-fast-k4-full-20260829-w1\children\hybridzip-r2-e6-fast-k4-full-20260829-w1-fast-b128-r1\archives\64KiB\x-ray.hz2"" ""E:\MIXER\hybridzip\results\experiments\hybridzip-r2-e6-fast-k4-full-20260829-w1\children\hybridzip-r2-e6-fast-k4-full-20260829-w1-fast-b128-r1\decoded\64KiB\x-ray.decoded""","0","0","2026-08-29T14:45:43.6256615+08:00","COMPLETE","PASS","fast-ext=1","Complete R2 archive size; SHA-256 byte-exact roundtrip verified."
"e6-fast","fast","128","1","False","1","1","4","0","00010000","1025B343","4B1AC26C40AD4DA50312FD3B694D7E636FB768C2336FE773BC82D36424C27A4B","0:1,39:1,43:2","1","14957500","14957500","14920400","14920400","14957500","14920400","hybridzip-r2-e6-fast-k4-full-20260829-w1-fast-b128-r1","r2-fast","1","33","x-ray","128","inputs/128KiB/x-ray.bin","131072","7A65B793FB2A694C20686275A899B304445473528F7C998BE26F8C68EB18F76E","archives/128KiB/x-ray.hz2","72841","C7251C34F15D78630C51D2214DB71F7781CC195AAF107F776FEC7EB014F190FB","decoded/128KiB/x-ray.decoded","131072","7A65B793FB2A694C20686275A899B304445473528F7C998BE26F8C68EB18F76E","0.0652153","0.0489185","2.02734375","2.12890625","2.12890625","74FF260A939B01673667723D8351AAEDB679339610009ECB23C70E373B862D9F","profile_id=2;mode=fast;block_size=131072;zstd_level=3;lzma_level=9;threads=1;process_timeout_seconds=1800","""E:\MIXER\hybridzip\build\Release\hybridzip.exe"" c --profile=r2 --r2-mode=fast --block-size=131072 --zstd-level=3 --threads=1 ""E:\MIXER\hybridzip\results\experiments\hybridzip-r2-e6-fast-k4-full-20260829-w1\children\hybridzip-r2-e6-fast-k4-full-20260829-w1-fast-b128-r1\inputs\128KiB\x-ray.bin"" ""E:\MIXER\hybridzip\results\experiments\hybridzip-r2-e6-fast-k4-full-20260829-w1\children\hybridzip-r2-e6-fast-k4-full-20260829-w1-fast-b128-r1\archives\128KiB\x-ray.hz2""","""E:\MIXER\hybridzip\build\Release\hybridzip.exe"" d ""E:\MIXER\hybridzip\results\experiments\hybridzip-r2-e6-fast-k4-full-20260829-w1\children\hybridzip-r2-e6-fast-k4-full-20260829-w1-fast-b128-r1\archives\128KiB\x-ray.hz2"" ""E:\MIXER\hybridzip\results\experiments\hybridzip-r2-e6-fast-k4-full-20260829-w1\children\hybridzip-r2-e6-fast-k4-full-20260829-w1-fast-b128-r1\decoded\128KiB\x-ray.decoded""","0","0","2026-08-29T14:45:43.8474605+08:00","COMPLETE","PASS","fast-ext=1","Complete R2 archive size; SHA-256 byte-exact roundtrip verified."
"e6-fast","fast","128","1","False","1","1","4","0","00010000","1025B343","4B1AC26C40AD4DA50312FD3B694D7E636FB768C2336FE773BC82D36424C27A4B","0:1,39:1,43:2","1","4931100","4931100","4835700","4835700","4931100","4835700","hybridzip-r2-e6-fast-k4-full-20260829-w1-fast-b128-r1","r2-fast","1","34","xml","32","inputs/32KiB/xml.bin","32768","C2F7F129956F8D6FC3D0E3595D93F98D5270B6F5BC4AB5E70F45867822EFDD71","archives/32KiB/xml.hz2","3482","CFBF881E4D58EC447D48ACE7D21DB070757ECDDBB62BA07E5068D87DAFE1D37C","decoded/32KiB/xml.decoded","32768","C2F7F129956F8D6FC3D0E3595D93F98D5270B6F5BC4AB5E70F45867822EFDD71","0.057937","0.05768","5.25","2.02734375","5.25","74FF260A939B01673667723D8351AAEDB679339610009ECB23C70E373B862D9F","profile_id=2;mode=fast;block_size=131072;zstd_level=3;lzma_level=9;threads=1;process_timeout_seconds=1800","""E:\MIXER\hybridzip\build\Release\hybridzip.exe"" c --profile=r2 --r2-mode=fast --block-size=131072 --zstd-level=3 --threads=1 ""E:\MIXER\hybridzip\results\experiments\hybridzip-r2-e6-fast-k4-full-20260829-w1\children\hybridzip-r2-e6-fast-k4-full-20260829-w1-fast-b128-r1\inputs\32KiB\xml.bin"" ""E:\MIXER\hybridzip\results\experiments\hybridzip-r2-e6-fast-k4-full-20260829-w1\children\hybridzip-r2-e6-fast-k4-full-20260829-w1-fast-b128-r1\archives\32KiB\xml.hz2""","""E:\MIXER\hybridzip\build\Release\hybridzip.exe"" d ""E:\MIXER\hybridzip\results\experiments\hybridzip-r2-e6-fast-k4-full-20260829-w1\children\hybridzip-r2-e6-fast-k4-full-20260829-w1-fast-b128-r1\archives\32KiB\xml.hz2"" ""E:\MIXER\hybridzip\results\experiments\hybridzip-r2-e6-fast-k4-full-20260829-w1\children\hybridzip-r2-e6-fast-k4-full-20260829-w1-fast-b128-r1\decoded\32KiB\xml.decoded""","0","0","2026-08-29T14:45:44.0659609+08:00","COMPLETE","PASS","fast-ext=1","Complete R2 archive size; SHA-256 byte-exact roundtrip verified."
"e6-fast","fast","128","1","False","1","1","4","0","00010000","1025B343","4B1AC26C40AD4DA50312FD3B694D7E636FB768C2336FE773BC82D36424C27A4B","0:1,39:1,43:2","1","7638100","7638100","7630700","7630700","7638100","7630700","hybridzip-r2-e6-fast-k4-full-20260829-w1-fast-b128-r1","r2-fast","1","35","xml","64","inputs/64KiB/xml.bin","65536","E32AFF2BEBF00105A17DD57F5490C1986D17543CEE837B42EB56B3E0E6F8E7F1","archives/64KiB/xml.hz2","6162","459B99A0FB0E0A42585A96A1F2E19FA5B9E5871ADE5F2F612C1D2933AF9B2A4F","decoded/64KiB/xml.decoded","65536","E32AFF2BEBF00105A17DD57F5490C1986D17543CEE837B42EB56B3E0E6F8E7F1","0.0622937","0.0719922","2.02734375","2.02734375","2.02734375","74FF260A939B01673667723D8351AAEDB679339610009ECB23C70E373B862D9F","profile_id=2;mode=fast;block_size=131072;zstd_level=3;lzma_level=9;threads=1;process_timeout_seconds=1800","""E:\MIXER\hybridzip\build\Release\hybridzip.exe"" c --profile=r2 --r2-mode=fast --block-size=131072 --zstd-level=3 --threads=1 ""E:\MIXER\hybridzip\results\experiments\hybridzip-r2-e6-fast-k4-full-20260829-w1\children\hybridzip-r2-e6-fast-k4-full-20260829-w1-fast-b128-r1\inputs\64KiB\xml.bin"" ""E:\MIXER\hybridzip\results\experiments\hybridzip-r2-e6-fast-k4-full-20260829-w1\children\hybridzip-r2-e6-fast-k4-full-20260829-w1-fast-b128-r1\archives\64KiB\xml.hz2""","""E:\MIXER\hybridzip\build\Release\hybridzip.exe"" d ""E:\MIXER\hybridzip\results\experiments\hybridzip-r2-e6-fast-k4-full-20260829-w1\children\hybridzip-r2-e6-fast-k4-full-20260829-w1-fast-b128-r1\archives\64KiB\xml.hz2"" ""E:\MIXER\hybridzip\results\experiments\hybridzip-r2-e6-fast-k4-full-20260829-w1\children\hybridzip-r2-e6-fast-k4-full-20260829-w1-fast-b128-r1\decoded\64KiB\xml.decoded""","0","0","2026-08-29T14:45:44.2909123+08:00","COMPLETE","PASS","fast-ext=1","Complete R2 archive size; SHA-256 byte-exact roundtrip verified."
"e6-fast","fast","128","1","False","1","1","4","0","00010000","1025B343","4B1AC26C40AD4DA50312FD3B694D7E636FB768C2336FE773BC82D36424C27A4B","0:1,39:1,43:2","1","13005000","13005000","12998500","12998500","13005000","12998500","hybridzip-r2-e6-fast-k4-full-20260829-w1-fast-b128-r1","r2-fast","1","36","xml","128","inputs/128KiB/xml.bin","131072","5FA29C746885F2EEB98734218475915A78092CCB3B0F68B08861EE210E5B6E25","archives/128KiB/xml.hz2","11952","422764D8641525A026E390C283BF325A68AAD9110061D639A7171739D7D2AFA8","decoded/128KiB/xml.decoded","131072","5FA29C746885F2EEB98734218475915A78092CCB3B0F68B08861EE210E5B6E25","0.0642154","0.0677931","2.02734375","3.859375","3.859375","74FF260A939B01673667723D8351AAEDB679339610009ECB23C70E373B862D9F","profile_id=2;mode=fast;block_size=131072;zstd_level=3;lzma_level=9;threads=1;process_timeout_seconds=1800","""E:\MIXER\hybridzip\build\Release\hybridzip.exe"" c --profile=r2 --r2-mode=fast --block-size=131072 --zstd-level=3 --threads=1 ""E:\MIXER\hybridzip\results\experiments\hybridzip-r2-e6-fast-k4-full-20260829-w1\children\hybridzip-r2-e6-fast-k4-full-20260829-w1-fast-b128-r1\inputs\128KiB\xml.bin"" ""E:\MIXER\hybridzip\results\experiments\hybridzip-r2-e6-fast-k4-full-20260829-w1\children\hybridzip-r2-e6-fast-k4-full-20260829-w1-fast-b128-r1\archives\128KiB\xml.hz2""","""E:\MIXER\hybridzip\build\Release\hybridzip.exe"" d ""E:\MIXER\hybridzip\results\experiments\hybridzip-r2-e6-fast-k4-full-20260829-w1\children\hybridzip-r2-e6-fast-k4-full-20260829-w1-fast-b128-r1\archives\128KiB\xml.hz2"" ""E:\MIXER\hybridzip\results\experiments\hybridzip-r2-e6-fast-k4-full-20260829-w1\children\hybridzip-r2-e6-fast-k4-full-20260829-w1-fast-b128-r1\decoded\128KiB\xml.decoded""","0","0","2026-08-29T14:45:44.5225497+08:00","COMPLETE","PASS","fast-ext=1","Complete R2 archive size; SHA-256 byte-exact roundtrip verified."
"e6-fast","fast","128","2","False","1","1","4","0","00010000","1025B343","4B1AC26C40AD4DA50312FD3B694D7E636FB768C2336FE773BC82D36424C27A4B","0:1,39:1,43:2","1","5992400","5992400","5905200","5905200","5992400","5905200","hybridzip-r2-e6-fast-k4-full-20260829-w1-fast-b128-r2","r2-fast","1","1","dickens","32","inputs/32KiB/dickens.bin","32768","FC42DCB9849222C8704C9DCAE606D075B389B66244FB215035148D6409EC0B31","archives/32KiB/dickens.hz2","14204","E61F4B13EAB1FBAFCD1FC75B0444C6CD55D8BC33D9567E94AF21FCA389BB3EEE","decoded/32KiB/dickens.decoded","32768","FC42DCB9849222C8704C9DCAE606D075B389B66244FB215035148D6409EC0B31","0.0551328","0.0409068","2.02734375","2.02734375","2.02734375","74FF260A939B01673667723D8351AAEDB679339610009ECB23C70E373B862D9F","profile_id=2;mode=fast;block_size=131072;zstd_level=3;lzma_level=9;threads=1;process_timeout_seconds=1800","""E:\MIXER\hybridzip\build\Release\hybridzip.exe"" c --profile=r2 --r2-mode=fast --block-size=131072 --zstd-level=3 --threads=1 ""E:\MIXER\hybridzip\results\experiments\hybridzip-r2-e6-fast-k4-full-20260829-w1\children\hybridzip-r2-e6-fast-k4-full-20260829-w1-fast-b128-r2\inputs\32KiB\dickens.bin"" ""E:\MIXER\hybridzip\results\experiments\hybridzip-r2-e6-fast-k4-full-20260829-w1\children\hybridzip-r2-e6-fast-k4-full-20260829-w1-fast-b128-r2\archives\32KiB\dickens.hz2""","""E:\MIXER\hybridzip\build\Release\hybridzip.exe"" d ""E:\MIXER\hybridzip\results\experiments\hybridzip-r2-e6-fast-k4-full-20260829-w1\children\hybridzip-r2-e6-fast-k4-full-20260829-w1-fast-b128-r2\archives\32KiB\dickens.hz2"" ""E:\MIXER\hybridzip\results\experiments\hybridzip-r2-e6-fast-k4-full-20260829-w1\children\hybridzip-r2-e6-fast-k4-full-20260829-w1-fast-b128-r2\decoded\32KiB\dickens.decoded""","0","0","2026-08-29T14:45:46.0360926+08:00","COMPLETE","PASS","fast-ext=1","Complete R2 archive size; SHA-256 byte-exact roundtrip verified."
"e6-fast","fast","128","2","False","1","1","4","0","00010000","1025B343","4B1AC26C40AD4DA50312FD3B694D7E636FB768C2336FE773BC82D36424C27A4B","0:1,39:1,43:2","1","10710000","10710000","10703400","10703400","10710000","10703400","hybridzip-r2-e6-fast-k4-full-20260829-w1-fast-b128-r2","r2-fast","1","2","dickens","64","inputs/64KiB/dickens.bin","65536","134AD989A7B8B40C900A3B9C0F4895317DFD827D9E6E933895B08D2F4A8A8293","archives/64KiB/dickens.hz2","27191","866F6668C14614E267616B2D7A095DF242847DE6505B85FACE9EA42A46AE35C5","decoded/64KiB/dickens.decoded","65536","134AD989A7B8B40C900A3B9C0F4895317DFD827D9E6E933895B08D2F4A8A8293","0.058829","0.0537132","5.48828125","4.546875","5.48828125","74FF260A939B01673667723D8351AAEDB679339610009ECB23C70E373B862D9F","profile_id=2;mode=fast;block_size=131072;zstd_level=3;lzma_level=9;threads=1;process_timeout_seconds=1800","""E:\MIXER\hybridzip\build\Release\hybridzip.exe"" c --profile=r2 --r2-mode=fast --block-size=131072 --zstd-level=3 --threads=1 ""E:\MIXER\hybridzip\results\experiments\hybridzip-r2-e6-fast-k4-full-20260829-w1\children\hybridzip-r2-e6-fast-k4-full-20260829-w1-fast-b128-r2\inputs\64KiB\dickens.bin"" ""E:\MIXER\hybridzip\results\experiments\hybridzip-r2-e6-fast-k4-full-20260829-w1\children\hybridzip-r2-e6-fast-k4-full-20260829-w1-fast-b128-r2\archives\64KiB\dickens.hz2""","""E:\MIXER\hybridzip\build\Release\hybridzip.exe"" d ""E:\MIXER\hybridzip\results\experiments\hybridzip-r2-e6-fast-k4-full-20260829-w1\children\hybridzip-r2-e6-fast-k4-full-20260829-w1-fast-b128-r2\archives\64KiB\dickens.hz2"" ""E:\MIXER\hybridzip\results\experiments\hybridzip-r2-e6-fast-k4-full-20260829-w1\children\hybridzip-r2-e6-fast-k4-full-20260829-w1-fast-b128-r2\decoded\64KiB\dickens.decoded""","0","0","2026-08-29T14:45:46.1998180+08:00","COMPLETE","PASS","fast-ext=1","Complete R2 archive size; SHA-256 byte-exact roundtrip verified."
"e6-fast","fast","128","2","False","1","1","4","0","00010000","1025B343","4B1AC26C40AD4DA50312FD3B694D7E636FB768C2336FE773BC82D36424C27A4B","0:1,39:1,43:2","1","22451900","22451900","22413500","22413500","22451900","22413500","hybridzip-r2-e6-fast-k4-full-20260829-w1-fast-b128-r2","r2-fast","1","3","dickens","128","inputs/128KiB/dickens.bin","131072","20E33FCC8FAA96DC32A2D0921115C0F363E64C598A5847CE1A3876E356D59872","archives/128KiB/dickens.hz2","51899","2824D2853EB63C907DED066860E95D98C549820AAAA665895A847173CC8A90A4","decoded/128KiB/dickens.decoded","131072","20E33FCC8FAA96DC32A2D0921115C0F363E64C598A5847CE1A3876E356D59872","0.071022","0.0536893","5.8671875","4.640625","5.8671875","74FF260A939B01673667723D8351AAEDB679339610009ECB23C70E373B862D9F","profile_id=2;mode=fast;block_size=131072;zstd_level=3;lzma_level=9;threads=1;process_timeout_seconds=1800","""E:\MIXER\hybridzip\build\Release\hybridzip.exe"" c --profile=r2 --r2-mode=fast --block-size=131072 --zstd-level=3 --threads=1 ""E:\MIXER\hybridzip\results\experiments\hybridzip-r2-e6-fast-k4-full-20260829-w1\children\hybridzip-r2-e6-fast-k4-full-20260829-w1-fast-b128-r2\inputs\128KiB\dickens.bin"" ""E:\MIXER\hybridzip\results\experiments\hybridzip-r2-e6-fast-k4-full-20260829-w1\children\hybridzip-r2-e6-fast-k4-full-20260829-w1-fast-b128-r2\archives\128KiB\dickens.hz2""","""E:\MIXER\hybridzip\build\Release\hybridzip.exe"" d ""E:\MIXER\hybridzip\results\experiments\hybridzip-r2-e6-fast-k4-full-20260829-w1\children\hybridzip-r2-e6-fast-k4-full-20260829-w1-fast-b128-r2\archives\128KiB\dickens.hz2"" ""E:\MIXER\hybridzip\results\experiments\hybridzip-r2-e6-fast-k4-full-20260829-w1\children\hybridzip-r2-e6-fast-k4-full-20260829-w1-fast-b128-r2\decoded\128KiB\dickens.decoded""","0","0","2026-08-29T14:45:46.3858206+08:00","COMPLETE","PASS","fast-ext=1","Complete R2 archive size; SHA-256 byte-exact roundtrip verified."
"e6-fast","fast","128","2","False","1","1","4","0","00010000","1025B343","4B1AC26C40AD4DA50312FD3B694D7E636FB768C2336FE773BC82D36424C27A4B","0:1,39:1,43:2","1","7322300","7322300","7248200","7248200","7322300","7248200","hybridzip-r2-e6-fast-k4-full-20260829-w1-fast-b128-r2","r2-fast","1","4","mozilla","32","inputs/32KiB/mozilla.bin","32768","9DDEEF36CA0CA55B72FE3376D005926DFF3400A2ADE6EAE18482D8017D8645DB","archives/32KiB/mozilla.hz2","11271","F10A514C26742AD96F41C1B9A2784068581A5997248F2C1F8377321C75F1E66B","decoded/32KiB/mozilla.decoded","32768","9DDEEF36CA0CA55B72FE3376D005926DFF3400A2ADE6EAE18482D8017D8645DB","0.0533161","0.0566061","2.0234375","2.02734375","2.02734375","74FF260A939B01673667723D8351AAEDB679339610009ECB23C70E373B862D9F","profile_id=2;mode=fast;block_size=131072;zstd_level=3;lzma_level=9;threads=1;process_timeout_seconds=1800","""E:\MIXER\hybridzip\build\Release\hybridzip.exe"" c --profile=r2 --r2-mode=fast --block-size=131072 --zstd-level=3 --threads=1 ""E:\MIXER\hybridzip\results\experiments\hybridzip-r2-e6-fast-k4-full-20260829-w1\children\hybridzip-r2-e6-fast-k4-full-20260829-w1-fast-b128-r2\inputs\32KiB\mozilla.bin"" ""E:\MIXER\hybridzip\results\experiments\hybridzip-r2-e6-fast-k4-full-20260829-w1\children\hybridzip-r2-e6-fast-k4-full-20260829-w1-fast-b128-r2\archives\32KiB\mozilla.hz2""","""E:\MIXER\hybridzip\build\Release\hybridzip.exe"" d ""E:\MIXER\hybridzip\results\experiments\hybridzip-r2-e6-fast-k4-full-20260829-w1\children\hybridzip-r2-e6-fast-k4-full-20260829-w1-fast-b128-r2\archives\32KiB\mozilla.hz2"" ""E:\MIXER\hybridzip\results\experiments\hybridzip-r2-e6-fast-k4-full-20260829-w1\children\hybridzip-r2-e6-fast-k4-full-20260829-w1-fast-b128-r2\decoded\32KiB\mozilla.decoded""","0","0","2026-08-29T14:45:46.5857321+08:00","COMPLETE","PASS","fast-ext=1","Complete R2 archive size; SHA-256 byte-exact roundtrip verified."
"e6-fast","fast","128","2","False","1","1","4","0","00010000","1025B343","4B1AC26C40AD4DA50312FD3B694D7E636FB768C2336FE773BC82D36424C27A4B","0:1,39:1,43:2","1","12647600","12647600","12638100","12638100","12647600","12638100","hybridzip-r2-e6-fast-k4-full-20260829-w1-fast-b128-r2","r2-fast","1","5","mozilla","64","inputs/64KiB/mozilla.bin","65536","B0050240663F54371D372303EEABA0A59AB0758BCD565F4F639D06561E6BC996","archives/64KiB/mozilla.hz2","15984","B974316C4CD10400A0A3F2714F0811CE92E8179264D64F3CF042F35DF6A05DFC","decoded/64KiB/mozilla.decoded","65536","B0050240663F54371D372303EEABA0A59AB0758BCD565F4F639D06561E6BC996","0.0573336","0.0436767","5.43359375","2.02734375","5.43359375","74FF260A939B01673667723D8351AAEDB679339610009ECB23C70E373B862D9F","profile_id=2;mode=fast;block_size=131072;zstd_level=3;lzma_level=9;threads=1;process_timeout_seconds=1800","""E:\MIXER\hybridzip\build\Release\hybridzip.exe"" c --profile=r2 --r2-mode=fast --block-size=131072 --zstd-level=3 --threads=1 ""E:\MIXER\hybridzip\results\experiments\hybridzip-r2-e6-fast-k4-full-20260829-w1\children\hybridzip-r2-e6-fast-k4-full-20260829-w1-fast-b128-r2\inputs\64KiB\mozilla.bin"" ""E:\MIXER\hybridzip\results\experiments\hybridzip-r2-e6-fast-k4-full-20260829-w1\children\hybridzip-r2-e6-fast-k4-full-20260829-w1-fast-b128-r2\archives\64KiB\mozilla.hz2""","""E:\MIXER\hybridzip\build\Release\hybridzip.exe"" d ""E:\MIXER\hybridzip\results\experiments\hybridzip-r2-e6-fast-k4-full-20260829-w1\children\hybridzip-r2-e6-fast-k4-full-20260829-w1-fast-b128-r2\archives\64KiB\mozilla.hz2"" ""E:\MIXER\hybridzip\results\experiments\hybridzip-r2-e6-fast-k4-full-20260829-w1\children\hybridzip-r2-e6-fast-k4-full-20260829-w1-fast-b128-r2\decoded\64KiB\mozilla.decoded""","0","0","2026-08-29T14:45:46.7665157+08:00","COMPLETE","PASS","fast-ext=1","Complete R2 archive size; SHA-256 byte-exact roundtrip verified."
"e6-fast","fast","128","2","False","1","1","4","0","00010000","1025B343","4B1AC26C40AD4DA50312FD3B694D7E636FB768C2336FE773BC82D36424C27A4B","0:1,39:1,43:2","1","20137400","20137400","20098300","20098300","20137400","20098300","hybridzip-r2-e6-fast-k4-full-20260829-w1-fast-b128-r2","r2-fast","1","6","mozilla","128","inputs/128KiB/mozilla.bin","131072","85CDBEA98382DB12E9A21FF90E1907452712D074000A6B855D2CA215FA591EB4","archives/128KiB/mozilla.hz2","21361","F438A73FDF64767BC46BCCBA91928DE92CEE0F187DA1866F253A8DF3C8B84555","decoded/128KiB/mozilla.decoded","131072","85CDBEA98382DB12E9A21FF90E1907452712D074000A6B855D2CA215FA591EB4","0.0705998","0.04221","5.765625","2.02734375","5.765625","74FF260A939B01673667723D8351AAEDB679339610009ECB23C70E373B862D9F","profile_id=2;mode=fast;block_size=131072;zstd_level=3;lzma_level=9;threads=1;process_timeout_seconds=1800","""E:\MIXER\hybridzip\build\Release\hybridzip.exe"" c --profile=r2 --r2-mode=fast --block-size=131072 --zstd-level=3 --threads=1 ""E:\MIXER\hybridzip\results\experiments\hybridzip-r2-e6-fast-k4-full-20260829-w1\children\hybridzip-r2-e6-fast-k4-full-20260829-w1-fast-b128-r2\inputs\128KiB\mozilla.bin"" ""E:\MIXER\hybridzip\results\experiments\hybridzip-r2-e6-fast-k4-full-20260829-w1\children\hybridzip-r2-e6-fast-k4-full-20260829-w1-fast-b128-r2\archives\128KiB\mozilla.hz2""","""E:\MIXER\hybridzip\build\Release\hybridzip.exe"" d ""E:\MIXER\hybridzip\results\experiments\hybridzip-r2-e6-fast-k4-full-20260829-w1\children\hybridzip-r2-e6-fast-k4-full-20260829-w1-fast-b128-r2\archives\128KiB\mozilla.hz2"" ""E:\MIXER\hybridzip\results\experiments\hybridzip-r2-e6-fast-k4-full-20260829-w1\children\hybridzip-r2-e6-fast-k4-full-20260829-w1-fast-b128-r2\decoded\128KiB\mozilla.decoded""","0","0","2026-08-29T14:45:46.9402209+08:00","COMPLETE","PASS","fast-ext=1","Complete R2 archive size; SHA-256 byte-exact roundtrip verified."
"e6-fast","fast","128","2","False","1","1","4","0","00010000","1025B343","4B1AC26C40AD4DA50312FD3B694D7E636FB768C2336FE773BC82D36424C27A4B","0:1,39:1,43:2","1","7779700","7779700","7635600","7635600","7779700","7635600","hybridzip-r2-e6-fast-k4-full-20260829-w1-fast-b128-r2","r2-fast","1","7","mr","32","inputs/32KiB/mr.bin","32768","3BB287B0AF65F777AB00C14E362B4D1962087260556001BBEE0689AA10D9F76A","archives/32KiB/mr.hz2","8048","D1D151D005274D750563A80E41F10A0C98985EF7B50828F037E8FC676864CF94","decoded/32KiB/mr.decoded","32768","3BB287B0AF65F777AB00C14E362B4D1962087260556001BBEE0689AA10D9F76A","0.0551972","0.0416779","5.23828125","2.02734375","5.23828125","74FF260A939B01673667723D8351AAEDB679339610009ECB23C70E373B862D9F","profile_id=2;mode=fast;block_size=131072;zstd_level=3;lzma_level=9;threads=1;process_timeout_seconds=1800","""E:\MIXER\hybridzip\build\Release\hybridzip.exe"" c --profile=r2 --r2-mode=fast --block-size=131072 --zstd-level=3 --threads=1 ""E:\MIXER\hybridzip\results\experiments\hybridzip-r2-e6-fast-k4-full-20260829-w1\children\hybridzip-r2-e6-fast-k4-full-20260829-w1-fast-b128-r2\inputs\32KiB\mr.bin"" ""E:\MIXER\hybridzip\results\experiments\hybridzip-r2-e6-fast-k4-full-20260829-w1\children\hybridzip-r2-e6-fast-k4-full-20260829-w1-fast-b128-r2\archives\32KiB\mr.hz2""","""E:\MIXER\hybridzip\build\Release\hybridzip.exe"" d ""E:\MIXER\hybridzip\results\experiments\hybridzip-r2-e6-fast-k4-full-20260829-w1\children\hybridzip-r2-e6-fast-k4-full-20260829-w1-fast-b128-r2\archives\32KiB\mr.hz2"" ""E:\MIXER\hybridzip\results\experiments\hybridzip-r2-e6-fast-k4-full-20260829-w1\children\hybridzip-r2-e6-fast-k4-full-20260829-w1-fast-b128-r2\decoded\32KiB\mr.decoded""","0","0","2026-08-29T14:45:47.1264528+08:00","COMPLETE","PASS","fast-ext=1","Complete R2 archive size; SHA-256 byte-exact roundtrip verified."
"e6-fast","fast","128","2","False","1","1","4","0","00010000","1025B343","4B1AC26C40AD4DA50312FD3B694D7E636FB768C2336FE773BC82D36424C27A4B","0:1,39:1,43:2","1","14294300","14294300","14286900","14286900","14294300","14286900","hybridzip-r2-e6-fast-k4-full-20260829-w1-fast-b128-r2","r2-fast","1","8","mr","64","inputs/64KiB/mr.bin","65536","CAB7B6408934009A4BBFEDB57BEB4943BF5478CF8B3688D01F004E0422EBC651","archives/64KiB/mr.hz2","15043","D9530E313B54ED9C887E6FF25A60866E3E2902C8EF12D78257A3E8854A3F10BB","decoded/64KiB/mr.decoded","65536","CAB7B6408934009A4BBFEDB57BEB4943BF5478CF8B3688D01F004E0422EBC651","0.0565671","0.0562513","5.44921875","4.5859375","5.44921875","74FF260A939B01673667723D8351AAEDB679339610009ECB23C70E373B862D9F","profile_id=2;mode=fast;block_size=131072;zstd_level=3;lzma_level=9;threads=1;process_timeout_seconds=1800","""E:\MIXER\hybridzip\build\Release\hybridzip.exe"" c --profile=r2 --r2-mode=fast --block-size=131072 --zstd-level=3 --threads=1 ""E:\MIXER\hybridzip\results\experiments\hybridzip-r2-e6-fast-k4-full-20260829-w1\children\hybridzip-r2-e6-fast-k4-full-20260829-w1-fast-b128-r2\inputs\64KiB\mr.bin"" ""E:\MIXER\hybridzip\results\experiments\hybridzip-r2-e6-fast-k4-full-20260829-w1\children\hybridzip-r2-e6-fast-k4-full-20260829-w1-fast-b128-r2\archives\64KiB\mr.hz2""","""E:\MIXER\hybridzip\build\Release\hybridzip.exe"" d ""E:\MIXER\hybridzip\results\experiments\hybridzip-r2-e6-fast-k4-full-20260829-w1\children\hybridzip-r2-e6-fast-k4-full-20260829-w1-fast-b128-r2\archives\64KiB\mr.hz2"" ""E:\MIXER\hybridzip\results\experiments\hybridzip-r2-e6-fast-k4-full-20260829-w1\children\hybridzip-r2-e6-fast-k4-full-20260829-w1-fast-b128-r2\decoded\64KiB\mr.decoded""","0","0","2026-08-29T14:45:47.2949219+08:00","COMPLETE","PASS","fast-ext=1","Complete R2 archive size; SHA-256 byte-exact roundtrip verified."
"e6-fast","fast","128","2","False","1","1","4","0","00010000","1025B343","4B1AC26C40AD4DA50312FD3B694D7E636FB768C2336FE773BC82D36424C27A4B","0:1,39:1,43:2","1","31082900","31082900","31076800","31076800","31082900","31076800","hybridzip-r2-e6-fast-k4-full-20260829-w1-fast-b128-r2","r2-fast","1","9","mr","128","inputs/128KiB/mr.bin","131072","473A6A883480C7B2E69402AD888AC07B347C2DF61C6AA0D84E8B8130A27792EA","archives/128KiB/mr.hz2","28436","52CE74991A5D05B74A8061B1F5264D1E6D91D1F534A0F25D73FC29025E60DD5C","decoded/128KiB/mr.decoded","131072","473A6A883480C7B2E69402AD888AC07B347C2DF61C6AA0D84E8B8130A27792EA","0.0881308","0.0493834","5.84375","2.5625","5.84375","74FF260A939B01673667723D8351AAEDB679339610009ECB23C70E373B862D9F","profile_id=2;mode=fast;block_size=131072;zstd_level=3;lzma_level=9;threads=1;process_timeout_seconds=1800","""E:\MIXER\hybridzip\build\Release\hybridzip.exe"" c --profile=r2 --r2-mode=fast --block-size=131072 --zstd-level=3 --threads=1 ""E:\MIXER\hybridzip\results\experiments\hybridzip-r2-e6-fast-k4-full-20260829-w1\children\hybridzip-r2-e6-fast-k4-full-20260829-w1-fast-b128-r2\inputs\128KiB\mr.bin"" ""E:\MIXER\hybridzip\results\experiments\hybridzip-r2-e6-fast-k4-full-20260829-w1\children\hybridzip-r2-e6-fast-k4-full-20260829-w1-fast-b128-r2\archives\128KiB\mr.hz2""","""E:\MIXER\hybridzip\build\Release\hybridzip.exe"" d ""E:\MIXER\hybridzip\results\experiments\hybridzip-r2-e6-fast-k4-full-20260829-w1\children\hybridzip-r2-e6-fast-k4-full-20260829-w1-fast-b128-r2\archives\128KiB\mr.hz2"" ""E:\MIXER\hybridzip\results\experiments\hybridzip-r2-e6-fast-k4-full-20260829-w1\children\hybridzip-r2-e6-fast-k4-full-20260829-w1-fast-b128-r2\decoded\128KiB\mr.decoded""","0","0","2026-08-29T14:45:47.4817940+08:00","COMPLETE","PASS","fast-ext=1","Complete R2 archive size; SHA-256 byte-exact roundtrip verified."
"e6-fast","fast","128","2","False","1","1","4","0","00010000","1025B343","4B1AC26C40AD4DA50312FD3B694D7E636FB768C2336FE773BC82D36424C27A4B","0:1,39:1,43:2","1","5530200","5530200","5382300","5382300","5530200","5382300","hybridzip-r2-e6-fast-k4-full-20260829-w1-fast-b128-r2","r2-fast","1","10","nci","32","inputs/32KiB/nci.bin","32768","0D3034FE8B0E573DE1439ED98CE409B83B13E5895085C9BFB0BF980F4962FB79","archives/32KiB/nci.hz2","3101","4CF1982CC88B853BBF82257C11B8893DAC3C1EAB64335AD37AFEF46B8215D130","decoded/32KiB/nci.decoded","32768","0D3034FE8B0E573DE1439ED98CE409B83B13E5895085C9BFB0BF980F4962FB79","0.0548302","0.0558505","5.23828125","2.02734375","5.23828125","74FF260A939B01673667723D8351AAEDB679339610009ECB23C70E373B862D9F","profile_id=2;mode=fast;block_size=131072;zstd_level=3;lzma_level=9;threads=1;process_timeout_seconds=1800","""E:\MIXER\hybridzip\build\Release\hybridzip.exe"" c --profile=r2 --r2-mode=fast --block-size=131072 --zstd-level=3 --threads=1 ""E:\MIXER\hybridzip\results\experiments\hybridzip-r2-e6-fast-k4-full-20260829-w1\children\hybridzip-r2-e6-fast-k4-full-20260829-w1-fast-b128-r2\inputs\32KiB\nci.bin"" ""E:\MIXER\hybridzip\results\experiments\hybridzip-r2-e6-fast-k4-full-20260829-w1\children\hybridzip-r2-e6-fast-k4-full-20260829-w1-fast-b128-r2\archives\32KiB\nci.hz2""","""E:\MIXER\hybridzip\build\Release\hybridzip.exe"" d ""E:\MIXER\hybridzip\results\experiments\hybridzip-r2-e6-fast-k4-full-20260829-w1\children\hybridzip-r2-e6-fast-k4-full-20260829-w1-fast-b128-r2\archives\32KiB\nci.hz2"" ""E:\MIXER\hybridzip\results\experiments\hybridzip-r2-e6-fast-k4-full-20260829-w1\children\hybridzip-r2-e6-fast-k4-full-20260829-w1-fast-b128-r2\decoded\32KiB\nci.decoded""","0","0","2026-08-29T14:45:47.6859898+08:00","COMPLETE","PASS","fast-ext=1","Complete R2 archive size; SHA-256 byte-exact roundtrip verified."
"e6-fast","fast","128","2","False","1","1","4","0","00010000","1025B343","4B1AC26C40AD4DA50312FD3B694D7E636FB768C2336FE773BC82D36424C27A4B","0:1,39:1,43:2","1","7981300","7981300","7974300","7974300","7981300","7974300","hybridzip-r2-e6-fast-k4-full-20260829-w1-fast-b128-r2","r2-fast","1","11","nci","64","inputs/64KiB/nci.bin","65536","B01B411AC3B5CE2FBF37242C0C59D2D236D2F7039937C1B1A0F18F4CC02549FE","archives/64KiB/nci.hz2","5293","317D757C98351D95539B3E9AD6F6945FFABE8400338D0C0FE1F219A3DC6478D5","decoded/64KiB/nci.decoded","65536","B01B411AC3B5CE2FBF37242C0C59D2D236D2F7039937C1B1A0F18F4CC02549FE","0.057603","0.0588897","5.42578125","2.02734375","5.42578125","74FF260A939B01673667723D8351AAEDB679339610009ECB23C70E373B862D9F","profile_id=2;mode=fast;block_size=131072;zstd_level=3;lzma_level=9;threads=1;process_timeout_seconds=1800","""E:\MIXER\hybridzip\build\Release\hybridzip.exe"" c --profile=r2 --r2-mode=fast --block-size=131072 --zstd-level=3 --threads=1 ""E:\MIXER\hybridzip\results\experiments\hybridzip-r2-e6-fast-k4-full-20260829-w1\children\hybridzip-r2-e6-fast-k4-full-20260829-w1-fast-b128-r2\inputs\64KiB\nci.bin"" ""E:\MIXER\hybridzip\results\experiments\hybridzip-r2-e6-fast-k4-full-20260829-w1\children\hybridzip-r2-e6-fast-k4-full-20260829-w1-fast-b128-r2\archives\64KiB\nci.hz2""","""E:\MIXER\hybridzip\build\Release\hybridzip.exe"" d ""E:\MIXER\hybridzip\results\experiments\hybridzip-r2-e6-fast-k4-full-20260829-w1\children\hybridzip-r2-e6-fast-k4-full-20260829-w1-fast-b128-r2\archives\64KiB\nci.hz2"" ""E:\MIXER\hybridzip\results\experiments\hybridzip-r2-e6-fast-k4-full-20260829-w1\children\hybridzip-r2-e6-fast-k4-full-20260829-w1-fast-b128-r2\decoded\64KiB\nci.decoded""","0","0","2026-08-29T14:45:47.8685272+08:00","COMPLETE","PASS","fast-ext=1","Complete R2 archive size; SHA-256 byte-exact roundtrip verified."
"e6-fast","fast","128","2","False","1","1","4","0","00010000","1025B343","4B1AC26C40AD4DA50312FD3B694D7E636FB768C2336FE773BC82D36424C27A4B","0:1,39:1,43:2","1","15260800","15260800","15221200","15221200","15260800","15221200","hybridzip-r2-e6-fast-k4-full-20260829-w1-fast-b128-r2","r2-fast","1","12","nci","128","inputs/128KiB/nci.bin","131072","C8A1D610355E5EF900ED4C704DF14ADF1935D95DFD8F1740AC9FD90FC9BF5781","archives/128KiB/nci.hz2","11265","F5A2ABC8D40B5BC2499A49BF93537D8E954DE3347917B86F9BF3E458C58EA62C","decoded/128KiB/nci.decoded","131072","C8A1D610355E5EF900ED4C704DF14ADF1935D95DFD8F1740AC9FD90FC9BF5781","0.0593827","0.0543503","5.8203125","2.02734375","5.8203125","74FF260A939B01673667723D8351AAEDB679339610009ECB23C70E373B862D9F","profile_id=2;mode=fast;block_size=131072;zstd_level=3;lzma_level=9;threads=1;process_timeout_seconds=1800","""E:\MIXER\hybridzip\build\Release\hybridzip.exe"" c --profile=r2 --r2-mode=fast --block-size=131072 --zstd-level=3 --threads=1 ""E:\MIXER\hybridzip\results\experiments\hybridzip-r2-e6-fast-k4-full-20260829-w1\children\hybridzip-r2-e6-fast-k4-full-20260829-w1-fast-b128-r2\inputs\128KiB\nci.bin"" ""E:\MIXER\hybridzip\results\experiments\hybridzip-r2-e6-fast-k4-full-20260829-w1\children\hybridzip-r2-e6-fast-k4-full-20260829-w1-fast-b128-r2\archives\128KiB\nci.hz2""","""E:\MIXER\hybridzip\build\Release\hybridzip.exe"" d ""E:\MIXER\hybridzip\results\experiments\hybridzip-r2-e6-fast-k4-full-20260829-w1\children\hybridzip-r2-e6-fast-k4-full-20260829-w1-fast-b128-r2\archives\128KiB\nci.hz2"" ""E:\MIXER\hybridzip\results\experiments\hybridzip-r2-e6-fast-k4-full-20260829-w1\children\hybridzip-r2-e6-fast-k4-full-20260829-w1-fast-b128-r2\decoded\128KiB\nci.decoded""","0","0","2026-08-29T14:45:48.0511967+08:00","COMPLETE","PASS","fast-ext=1","Complete R2 archive size; SHA-256 byte-exact roundtrip verified."
"e6-fast","fast","128","2","False","1","1","4","0","00010000","1025B343","4B1AC26C40AD4DA50312FD3B694D7E636FB768C2336FE773BC82D36424C27A4B","0:1,39:1,43:2","1","5939900","5939900","5887400","5887400","5939900","5887400","hybridzip-r2-e6-fast-k4-full-20260829-w1-fast-b128-r2","r2-fast","1","13","ooffice","32","inputs/32KiB/ooffice.bin","32768","2ACF9B4CAAEAC5814CDFEF0FA48A5ECE857C847DBDB7B44EEAB95CA3C098921C","archives/32KiB/ooffice.hz2","13020","93842D37FA0582469C18B5D797FC54A043A15304D54618492B5A791F64C7BC02","decoded/32KiB/ooffice.decoded","32768","2ACF9B4CAAEAC5814CDFEF0FA48A5ECE857C847DBDB7B44EEAB95CA3C098921C","0.0591722","0.0422315","5.24609375","2.02734375","5.24609375","74FF260A939B01673667723D8351AAEDB679339610009ECB23C70E373B862D9F","profile_id=2;mode=fast;block_size=131072;zstd_level=3;lzma_level=9;threads=1;process_timeout_seconds=1800","""E:\MIXER\hybridzip\build\Release\hybridzip.exe"" c --profile=r2 --r2-mode=fast --block-size=131072 --zstd-level=3 --threads=1 ""E:\MIXER\hybridzip\results\experiments\hybridzip-r2-e6-fast-k4-full-20260829-w1\children\hybridzip-r2-e6-fast-k4-full-20260829-w1-fast-b128-r2\inputs\32KiB\ooffice.bin"" ""E:\MIXER\hybridzip\results\experiments\hybridzip-r2-e6-fast-k4-full-20260829-w1\children\hybridzip-r2-e6-fast-k4-full-20260829-w1-fast-b128-r2\archives\32KiB\ooffice.hz2""","""E:\MIXER\hybridzip\build\Release\hybridzip.exe"" d ""E:\MIXER\hybridzip\results\experiments\hybridzip-r2-e6-fast-k4-full-20260829-w1\children\hybridzip-r2-e6-fast-k4-full-20260829-w1-fast-b128-r2\archives\32KiB\ooffice.hz2"" ""E:\MIXER\hybridzip\results\experiments\hybridzip-r2-e6-fast-k4-full-20260829-w1\children\hybridzip-r2-e6-fast-k4-full-20260829-w1-fast-b128-r2\decoded\32KiB\ooffice.decoded""","0","0","2026-08-29T14:45:48.2382422+08:00","COMPLETE","PASS","fast-ext=1","Complete R2 archive size; SHA-256 byte-exact roundtrip verified."
"e6-fast","fast","128","2","False","1","1","4","0","00010000","1025B343","4B1AC26C40AD4DA50312FD3B694D7E636FB768C2336FE773BC82D36424C27A4B","0:1,39:1,43:2","1","9416100","9416100","9407900","9407900","9416100","9407900","hybridzip-r2-e6-fast-k4-full-20260829-w1-fast-b128-r2","r2-fast","1","14","ooffice","64","inputs/64KiB/ooffice.bin","65536","9D30521922187D0A26F56CF2DF85001F9585D0D4EC6A0A8797466AFCC367F825","archives/64KiB/ooffice.hz2","30037","C6DD2094DF4233A761212237A45C6FCC73FD05A63FF4D3032C77698B2309358B","decoded/64KiB/ooffice.decoded","65536","9D30521922187D0A26F56CF2DF85001F9585D0D4EC6A0A8797466AFCC367F825","0.0623393","0.0487215","5.45703125","2.02734375","5.45703125","74FF260A939B01673667723D8351AAEDB679339610009ECB23C70E373B862D9F","profile_id=2;mode=fast;block_size=131072;zstd_level=3;lzma_level=9;threads=1;process_timeout_seconds=1800","""E:\MIXER\hybridzip\build\Release\hybridzip.exe"" c --profile=r2 --r2-mode=fast --block-size=131072 --zstd-level=3 --threads=1 ""E:\MIXER\hybridzip\results\experiments\hybridzip-r2-e6-fast-k4-full-20260829-w1\children\hybridzip-r2-e6-fast-k4-full-20260829-w1-fast-b128-r2\inputs\64KiB\ooffice.bin"" ""E:\MIXER\hybridzip\results\experiments\hybridzip-r2-e6-fast-k4-full-20260829-w1\children\hybridzip-r2-e6-fast-k4-full-20260829-w1-fast-b128-r2\archives\64KiB\ooffice.hz2""","""E:\MIXER\hybridzip\build\Release\hybridzip.exe"" d ""E:\MIXER\hybridzip\results\experiments\hybridzip-r2-e6-fast-k4-full-20260829-w1\children\hybridzip-r2-e6-fast-k4-full-20260829-w1-fast-b128-r2\archives\64KiB\ooffice.hz2"" ""E:\MIXER\hybridzip\results\experiments\hybridzip-r2-e6-fast-k4-full-20260829-w1\children\hybridzip-r2-e6-fast-k4-full-20260829-w1-fast-b128-r2\decoded\64KiB\ooffice.decoded""","0","0","2026-08-29T14:45:48.4232504+08:00","COMPLETE","PASS","fast-ext=1","Complete R2 archive size; SHA-256 byte-exact roundtrip verified."
"e6-fast","fast","128","2","False","1","1","4","0","00010000","1025B343","4B1AC26C40AD4DA50312FD3B694D7E636FB768C2336FE773BC82D36424C27A4B","0:1,39:1,43:2","1","17957700","17957700","17913700","17913700","17957700","17913700","hybridzip-r2-e6-fast-k4-full-20260829-w1-fast-b128-r2","r2-fast","1","15","ooffice","128","inputs/128KiB/ooffice.bin","131072","09FA5F3EE5311528863F8C3FADA3B530CC24AC1D88128E4DB2BF434161879FEF","archives/128KiB/ooffice.hz2","64227","D68E4BA2FA7AD6DD29237CC12A629DBD2226FB7F3DEE46754F557CF8DD3252D3","decoded/128KiB/ooffice.decoded","131072","09FA5F3EE5311528863F8C3FADA3B530CC24AC1D88128E4DB2BF434161879FEF","0.0731068","0.0573336","5.83203125","2.02734375","5.83203125","74FF260A939B01673667723D8351AAEDB679339610009ECB23C70E373B862D9F","profile_id=2;mode=fast;block_size=131072;zstd_level=3;lzma_level=9;threads=1;process_timeout_seconds=1800","""E:\MIXER\hybridzip\build\Release\hybridzip.exe"" c --profile=r2 --r2-mode=fast --block-size=131072 --zstd-level=3 --threads=1 ""E:\MIXER\hybridzip\results\experiments\hybridzip-r2-e6-fast-k4-full-20260829-w1\children\hybridzip-r2-e6-fast-k4-full-20260829-w1-fast-b128-r2\inputs\128KiB\ooffice.bin"" ""E:\MIXER\hybridzip\results\experiments\hybridzip-r2-e6-fast-k4-full-20260829-w1\children\hybridzip-r2-e6-fast-k4-full-20260829-w1-fast-b128-r2\archives\128KiB\ooffice.hz2""","""E:\MIXER\hybridzip\build\Release\hybridzip.exe"" d ""E:\MIXER\hybridzip\results\experiments\hybridzip-r2-e6-fast-k4-full-20260829-w1\children\hybridzip-r2-e6-fast-k4-full-20260829-w1-fast-b128-r2\archives\128KiB\ooffice.hz2"" ""E:\MIXER\hybridzip\results\experiments\hybridzip-r2-e6-fast-k4-full-20260829-w1\children\hybridzip-r2-e6-fast-k4-full-20260829-w1-fast-b128-r2\decoded\128KiB\ooffice.decoded""","0","0","2026-08-29T14:45:48.6128725+08:00","COMPLETE","PASS","fast-ext=1","Complete R2 archive size; SHA-256 byte-exact roundtrip verified."
"e6-fast","fast","128","2","False","1","1","4","0","00010000","1025B343","4B1AC26C40AD4DA50312FD3B694D7E636FB768C2336FE773BC82D36424C27A4B","0:1,39:1,43:2","1","5606900","5606900","5533500","5533500","5606900","5533500","hybridzip-r2-e6-fast-k4-full-20260829-w1-fast-b128-r2","r2-fast","1","16","osdb","32","inputs/32KiB/osdb.bin","32768","03B2C20B777682CD960BCD893D7A4463161D9C0200FD1708B2EFAE32A259D0B7","archives/32KiB/osdb.hz2","15695","E2B3286A0313D3AD1590CAE7EEDD530F5D05C7CF88A301F19B4CC33BB16565E5","decoded/32KiB/osdb.decoded","32768","03B2C20B777682CD960BCD893D7A4463161D9C0200FD1708B2EFAE32A259D0B7","0.0559702","0.0543316","5.25390625","2.02734375","5.25390625","74FF260A939B01673667723D8351AAEDB679339610009ECB23C70E373B862D9F","profile_id=2;mode=fast;block_size=131072;zstd_level=3;lzma_level=9;threads=1;process_timeout_seconds=1800","""E:\MIXER\hybridzip\build\Release\hybridzip.exe"" c --profile=r2 --r2-mode=fast --block-size=131072 --zstd-level=3 --threads=1 ""E:\MIXER\hybridzip\results\experiments\hybridzip-r2-e6-fast-k4-full-20260829-w1\children\hybridzip-r2-e6-fast-k4-full-20260829-w1-fast-b128-r2\inputs\32KiB\osdb.bin"" ""E:\MIXER\hybridzip\results\experiments\hybridzip-r2-e6-fast-k4-full-20260829-w1\children\hybridzip-r2-e6-fast-k4-full-20260829-w1-fast-b128-r2\archives\32KiB\osdb.hz2""","""E:\MIXER\hybridzip\build\Release\hybridzip.exe"" d ""E:\MIXER\hybridzip\results\experiments\hybridzip-r2-e6-fast-k4-full-20260829-w1\children\hybridzip-r2-e6-fast-k4-full-20260829-w1-fast-b128-r2\archives\32KiB\osdb.hz2"" ""E:\MIXER\hybridzip\results\experiments\hybridzip-r2-e6-fast-k4-full-20260829-w1\children\hybridzip-r2-e6-fast-k4-full-20260829-w1-fast-b128-r2\decoded\32KiB\osdb.decoded""","0","0","2026-08-29T14:45:48.8239709+08:00","COMPLETE","PASS","fast-ext=1","Complete R2 archive size; SHA-256 byte-exact roundtrip verified."
"e6-fast","fast","128","2","False","1","1","4","0","00010000","1025B343","4B1AC26C40AD4DA50312FD3B694D7E636FB768C2336FE773BC82D36424C27A4B","0:1,39:1,43:2","1","8500700","8500700","8494700","8494700","8500700","8494700","hybridzip-r2-e6-fast-k4-full-20260829-w1-fast-b128-r2","r2-fast","1","17","osdb","64","inputs/64KiB/osdb.bin","65536","F8FE629325A07588118BA0B65880A87DED43EF249CCBC91F0E977BBACAE0C125","archives/64KiB/osdb.hz2","27355","6000DBEA65E45B25BBBCA5C8034DE3125C9B5B9E4BA7E53755A6C229071438C9","decoded/64KiB/osdb.decoded","65536","F8FE629325A07588118BA0B65880A87DED43EF249CCBC91F0E977BBACAE0C125","0.0615089","0.0416531","3.9453125","2.02734375","3.9453125","74FF260A939B01673667723D8351AAEDB679339610009ECB23C70E373B862D9F","profile_id=2;mode=fast;block_size=131072;zstd_level=3;lzma_level=9;threads=1;process_timeout_seconds=1800","""E:\MIXER\hybridzip\build\Release\hybridzip.exe"" c --profile=r2 --r2-mode=fast --block-size=131072 --zstd-level=3 --threads=1 ""E:\MIXER\hybridzip\results\experiments\hybridzip-r2-e6-fast-k4-full-20260829-w1\children\hybridzip-r2-e6-fast-k4-full-20260829-w1-fast-b128-r2\inputs\64KiB\osdb.bin"" ""E:\MIXER\hybridzip\results\experiments\hybridzip-r2-e6-fast-k4-full-20260829-w1\children\hybridzip-r2-e6-fast-k4-full-20260829-w1-fast-b128-r2\archives\64KiB\osdb.hz2""","""E:\MIXER\hybridzip\build\Release\hybridzip.exe"" d ""E:\MIXER\hybridzip\results\experiments\hybridzip-r2-e6-fast-k4-full-20260829-w1\children\hybridzip-r2-e6-fast-k4-full-20260829-w1-fast-b128-r2\archives\64KiB\osdb.hz2"" ""E:\MIXER\hybridzip\results\experiments\hybridzip-r2-e6-fast-k4-full-20260829-w1\children\hybridzip-r2-e6-fast-k4-full-20260829-w1-fast-b128-r2\decoded\64KiB\osdb.decoded""","0","0","2026-08-29T14:45:49.0058405+08:00","COMPLETE","PASS","fast-ext=1","Complete R2 archive size; SHA-256 byte-exact roundtrip verified."
"e6-fast","fast","128","2","False","1","1","4","0","00010000","1025B343","4B1AC26C40AD4DA50312FD3B694D7E636FB768C2336FE773BC82D36424C27A4B","0:1,39:1,43:2","1","15197800","15197800","15157800","15157800","15197800","15157800","hybridzip-r2-e6-fast-k4-full-20260829-w1-fast-b128-r2","r2-fast","1","18","osdb","128","inputs/128KiB/osdb.bin","131072","D977E72AE13AEFC36A4B6171A895E26A0E6EEE447B1B9FBE868D7B1C046CC91F","archives/128KiB/osdb.hz2","50365","DD7E4FC851CFE622125BB4151F5CC914C9AE27293159BB77D1C554CA7C7CE4A3","decoded/128KiB/osdb.decoded","131072","D977E72AE13AEFC36A4B6171A895E26A0E6EEE447B1B9FBE868D7B1C046CC91F","0.0880646","0.0632828","5.86328125","2.59765625","5.86328125","74FF260A939B01673667723D8351AAEDB679339610009ECB23C70E373B862D9F","profile_id=2;mode=fast;block_size=131072;zstd_level=3;lzma_level=9;threads=1;process_timeout_seconds=1800","""E:\MIXER\hybridzip\build\Release\hybridzip.exe"" c --profile=r2 --r2-mode=fast --block-size=131072 --zstd-level=3 --threads=1 ""E:\MIXER\hybridzip\results\experiments\hybridzip-r2-e6-fast-k4-full-20260829-w1\children\hybridzip-r2-e6-fast-k4-full-20260829-w1-fast-b128-r2\inputs\128KiB\osdb.bin"" ""E:\MIXER\hybridzip\results\experiments\hybridzip-r2-e6-fast-k4-full-20260829-w1\children\hybridzip-r2-e6-fast-k4-full-20260829-w1-fast-b128-r2\archives\128KiB\osdb.hz2""","""E:\MIXER\hybridzip\build\Release\hybridzip.exe"" d ""E:\MIXER\hybridzip\results\experiments\hybridzip-r2-e6-fast-k4-full-20260829-w1\children\hybridzip-r2-e6-fast-k4-full-20260829-w1-fast-b128-r2\archives\128KiB\osdb.hz2"" ""E:\MIXER\hybridzip\results\experiments\hybridzip-r2-e6-fast-k4-full-20260829-w1\children\hybridzip-r2-e6-fast-k4-full-20260829-w1-fast-b128-r2\decoded\128KiB\osdb.decoded""","0","0","2026-08-29T14:45:49.1763549+08:00","COMPLETE","PASS","fast-ext=1","Complete R2 archive size; SHA-256 byte-exact roundtrip verified."
"e6-fast","fast","128","2","False","1","1","4","0","00010000","1025B343","4B1AC26C40AD4DA50312FD3B694D7E636FB768C2336FE773BC82D36424C27A4B","0:1,39:1,43:2","1","6253000","6253000","6201900","6201900","6253000","6201900","hybridzip-r2-e6-fast-k4-full-20260829-w1-fast-b128-r2","r2-fast","1","19","reymont","32","inputs/32KiB/reymont.bin","32768","9D5E4B9340C2260DAE7DDB01B3EDA58236FF2DE5E1FF4D56767AA840B6FB1A87","archives/32KiB/reymont.hz2","10572","CB4BCAC198F61E555B1E399A4231663CDD8C6FBCB343EDED058740DD16FE6A2E","decoded/32KiB/reymont.decoded","32768","9D5E4B9340C2260DAE7DDB01B3EDA58236FF2DE5E1FF4D56767AA840B6FB1A87","0.0571412","0.0599322","2.02734375","2.02734375","2.02734375","74FF260A939B01673667723D8351AAEDB679339610009ECB23C70E373B862D9F","profile_id=2;mode=fast;block_size=131072;zstd_level=3;lzma_level=9;threads=1;process_timeout_seconds=1800","""E:\MIXER\hybridzip\build\Release\hybridzip.exe"" c --profile=r2 --r2-mode=fast --block-size=131072 --zstd-level=3 --threads=1 ""E:\MIXER\hybridzip\results\experiments\hybridzip-r2-e6-fast-k4-full-20260829-w1\children\hybridzip-r2-e6-fast-k4-full-20260829-w1-fast-b128-r2\inputs\32KiB\reymont.bin"" ""E:\MIXER\hybridzip\results\experiments\hybridzip-r2-e6-fast-k4-full-20260829-w1\children\hybridzip-r2-e6-fast-k4-full-20260829-w1-fast-b128-r2\archives\32KiB\reymont.hz2""","""E:\MIXER\hybridzip\build\Release\hybridzip.exe"" d ""E:\MIXER\hybridzip\results\experiments\hybridzip-r2-e6-fast-k4-full-20260829-w1\children\hybridzip-r2-e6-fast-k4-full-20260829-w1-fast-b128-r2\archives\32KiB\reymont.hz2"" ""E:\MIXER\hybridzip\results\experiments\hybridzip-r2-e6-fast-k4-full-20260829-w1\children\hybridzip-r2-e6-fast-k4-full-20260829-w1-fast-b128-r2\decoded\32KiB\reymont.decoded""","0","0","2026-08-29T14:45:49.3910123+08:00","COMPLETE","PASS","fast-ext=1","Complete R2 archive size; SHA-256 byte-exact roundtrip verified."
"e6-fast","fast","128","2","False","1","1","4","0","00010000","1025B343","4B1AC26C40AD4DA50312FD3B694D7E636FB768C2336FE773BC82D36424C27A4B","0:1,39:1,43:2","1","11359900","11359900","11352600","11352600","11359900","11352600","hybridzip-r2-e6-fast-k4-full-20260829-w1-fast-b128-r2","r2-fast","1","20","reymont","64","inputs/64KiB/reymont.bin","65536","A5ECAAABB133F1ADF8DE6062BE6381D143E87F9F8050EEA9B5BE6F92B88C3C22","archives/64KiB/reymont.hz2","20574","2EF31B2BB84F239B3C21ED60BE5E6CD74C455F94D1CC86AEAA594F3C84637A09","decoded/64KiB/reymont.decoded","65536","A5ECAAABB133F1ADF8DE6062BE6381D143E87F9F8050EEA9B5BE6F92B88C3C22","0.0568967","0.0559862","2.0234375","2.02734375","2.02734375","74FF260A939B01673667723D8351AAEDB679339610009ECB23C70E373B862D9F","profile_id=2;mode=fast;block_size=131072;zstd_level=3;lzma_level=9;threads=1;process_timeout_seconds=1800","""E:\MIXER\hybridzip\build\Release\hybridzip.exe"" c --profile=r2 --r2-mode=fast --block-size=131072 --zstd-level=3 --threads=1 ""E:\MIXER\hybridzip\results\experiments\hybridzip-r2-e6-fast-k4-full-20260829-w1\children\hybridzip-r2-e6-fast-k4-full-20260829-w1-fast-b128-r2\inputs\64KiB\reymont.bin"" ""E:\MIXER\hybridzip\results\experiments\hybridzip-r2-e6-fast-k4-full-20260829-w1\children\hybridzip-r2-e6-fast-k4-full-20260829-w1-fast-b128-r2\archives\64KiB\reymont.hz2""","""E:\MIXER\hybridzip\build\Release\hybridzip.exe"" d ""E:\MIXER\hybridzip\results\experiments\hybridzip-r2-e6-fast-k4-full-20260829-w1\children\hybridzip-r2-e6-fast-k4-full-20260829-w1-fast-b128-r2\archives\64KiB\reymont.hz2"" ""E:\MIXER\hybridzip\results\experiments\hybridzip-r2-e6-fast-k4-full-20260829-w1\children\hybridzip-r2-e6-fast-k4-full-20260829-w1-fast-b128-r2\decoded\64KiB\reymont.decoded""","0","0","2026-08-29T14:45:49.5814612+08:00","COMPLETE","PASS","fast-ext=1","Complete R2 archive size; SHA-256 byte-exact roundtrip verified."
"e6-fast","fast","128","2","False","1","1","4","0","00010000","1025B343","4B1AC26C40AD4DA50312FD3B694D7E636FB768C2336FE773BC82D36424C27A4B","0:1,39:1,43:2","1","21830700","21830700","21822800","21822800","21830700","21822800","hybridzip-r2-e6-fast-k4-full-20260829-w1-fast-b128-r2","r2-fast","1","21","reymont","128","inputs/128KiB/reymont.bin","131072","A6CA7478854C1E80DFEAF9FB3444B357F9D7625E55232FAE3B3632A5A1217DEA","archives/128KiB/reymont.hz2","40440","5B80BC6A50FBA92F12EBA9EEB7E7A098C369C672CDF4E1A67415960D45A1D35F","decoded/128KiB/reymont.decoded","131072","A6CA7478854C1E80DFEAF9FB3444B357F9D7625E55232FAE3B3632A5A1217DEA","0.0702158","0.0561806","5.85546875","2.02734375","5.85546875","74FF260A939B01673667723D8351AAEDB679339610009ECB23C70E373B862D9F","profile_id=2;mode=fast;block_size=131072;zstd_level=3;lzma_level=9;threads=1;process_timeout_seconds=1800","""E:\MIXER\hybridzip\build\Release\hybridzip.exe"" c --profile=r2 --r2-mode=fast --block-size=131072 --zstd-level=3 --threads=1 ""E:\MIXER\hybridzip\results\experiments\hybridzip-r2-e6-fast-k4-full-20260829-w1\children\hybridzip-r2-e6-fast-k4-full-20260829-w1-fast-b128-r2\inputs\128KiB\reymont.bin"" ""E:\MIXER\hybridzip\results\experiments\hybridzip-r2-e6-fast-k4-full-20260829-w1\children\hybridzip-r2-e6-fast-k4-full-20260829-w1-fast-b128-r2\archives\128KiB\reymont.hz2""","""E:\MIXER\hybridzip\build\Release\hybridzip.exe"" d ""E:\MIXER\hybridzip\results\experiments\hybridzip-r2-e6-fast-k4-full-20260829-w1\children\hybridzip-r2-e6-fast-k4-full-20260829-w1-fast-b128-r2\archives\128KiB\reymont.hz2"" ""E:\MIXER\hybridzip\results\experiments\hybridzip-r2-e6-fast-k4-full-20260829-w1\children\hybridzip-r2-e6-fast-k4-full-20260829-w1-fast-b128-r2\decoded\128KiB\reymont.decoded""","0","0","2026-08-29T14:45:49.7671711+08:00","COMPLETE","PASS","fast-ext=1","Complete R2 archive size; SHA-256 byte-exact roundtrip verified."
"e6-fast","fast","128","2","False","1","1","4","0","00010000","1025B343","4B1AC26C40AD4DA50312FD3B694D7E636FB768C2336FE773BC82D36424C27A4B","0:1,39:1,43:2","1","5918800","5918800","5725700","5725700","5918800","5725700","hybridzip-r2-e6-fast-k4-full-20260829-w1-fast-b128-r2","r2-fast","1","22","samba","32","inputs/32KiB/samba.bin","32768","9C4F5BEE544E4531E4946E62F796987418B4526911C34877EF282F14DD57AD12","archives/32KiB/samba.hz2","11946","026AC468D505D4376546CDE4931AA38E4D4D3EED76B82F5569D36536C37F4FE5","decoded/32KiB/samba.decoded","32768","9C4F5BEE544E4531E4946E62F796987418B4526911C34877EF282F14DD57AD12","0.0539294","0.0562257","5.23828125","2.02734375","5.23828125","74FF260A939B01673667723D8351AAEDB679339610009ECB23C70E373B862D9F","profile_id=2;mode=fast;block_size=131072;zstd_level=3;lzma_level=9;threads=1;process_timeout_seconds=1800","""E:\MIXER\hybridzip\build\Release\hybridzip.exe"" c --profile=r2 --r2-mode=fast --block-size=131072 --zstd-level=3 --threads=1 ""E:\MIXER\hybridzip\results\experiments\hybridzip-r2-e6-fast-k4-full-20260829-w1\children\hybridzip-r2-e6-fast-k4-full-20260829-w1-fast-b128-r2\inputs\32KiB\samba.bin"" ""E:\MIXER\hybridzip\results\experiments\hybridzip-r2-e6-fast-k4-full-20260829-w1\children\hybridzip-r2-e6-fast-k4-full-20260829-w1-fast-b128-r2\archives\32KiB\samba.hz2""","""E:\MIXER\hybridzip\build\Release\hybridzip.exe"" d ""E:\MIXER\hybridzip\results\experiments\hybridzip-r2-e6-fast-k4-full-20260829-w1\children\hybridzip-r2-e6-fast-k4-full-20260829-w1-fast-b128-r2\archives\32KiB\samba.hz2"" ""E:\MIXER\hybridzip\results\experiments\hybridzip-r2-e6-fast-k4-full-20260829-w1\children\hybridzip-r2-e6-fast-k4-full-20260829-w1-fast-b128-r2\decoded\32KiB\samba.decoded""","0","0","2026-08-29T14:45:49.9678595+08:00","COMPLETE","PASS","fast-ext=1","Complete R2 archive size; SHA-256 byte-exact roundtrip verified."
"e6-fast","fast","128","2","False","1","1","4","0","00010000","1025B343","4B1AC26C40AD4DA50312FD3B694D7E636FB768C2336FE773BC82D36424C27A4B","0:1,39:1,43:2","1","10089900","10089900","10082500","10082500","10089900","10082500","hybridzip-r2-e6-fast-k4-full-20260829-w1-fast-b128-r2","r2-fast","1","23","samba","64","inputs/64KiB/samba.bin","65536","3E0420984C0F260EA7350734600CEA9D8500B745E2E4B7DBD4D1DA1D1ADAC421","archives/64KiB/samba.hz2","23328","1357FAD14916F222F60F395D90F440B36541473A42E363A3F60A16E4C1A5CEA3","decoded/64KiB/samba.decoded","65536","3E0420984C0F260EA7350734600CEA9D8500B745E2E4B7DBD4D1DA1D1ADAC421","0.0577241","0.0432851","5.46875","2.02734375","5.46875","74FF260A939B01673667723D8351AAEDB679339610009ECB23C70E373B862D9F","profile_id=2;mode=fast;block_size=131072;zstd_level=3;lzma_level=9;threads=1;process_timeout_seconds=1800","""E:\MIXER\hybridzip\build\Release\hybridzip.exe"" c --profile=r2 --r2-mode=fast --block-size=131072 --zstd-level=3 --threads=1 ""E:\MIXER\hybridzip\results\experiments\hybridzip-r2-e6-fast-k4-full-20260829-w1\children\hybridzip-r2-e6-fast-k4-full-20260829-w1-fast-b128-r2\inputs\64KiB\samba.bin"" ""E:\MIXER\hybridzip\results\experiments\hybridzip-r2-e6-fast-k4-full-20260829-w1\children\hybridzip-r2-e6-fast-k4-full-20260829-w1-fast-b128-r2\archives\64KiB\samba.hz2""","""E:\MIXER\hybridzip\build\Release\hybridzip.exe"" d ""E:\MIXER\hybridzip\results\experiments\hybridzip-r2-e6-fast-k4-full-20260829-w1\children\hybridzip-r2-e6-fast-k4-full-20260829-w1-fast-b128-r2\archives\64KiB\samba.hz2"" ""E:\MIXER\hybridzip\results\experiments\hybridzip-r2-e6-fast-k4-full-20260829-w1\children\hybridzip-r2-e6-fast-k4-full-20260829-w1-fast-b128-r2\decoded\64KiB\samba.decoded""","0","0","2026-08-29T14:45:50.1525672+08:00","COMPLETE","PASS","fast-ext=1","Complete R2 archive size; SHA-256 byte-exact roundtrip verified."
"e6-fast","fast","128","2","False","1","1","4","0","00010000","1025B343","4B1AC26C40AD4DA50312FD3B694D7E636FB768C2336FE773BC82D36424C27A4B","0:1,39:1,43:2","1","18005100","18005100","17966300","17966300","18005100","17966300","hybridzip-r2-e6-fast-k4-full-20260829-w1-fast-b128-r2","r2-fast","1","24","samba","128","inputs/128KiB/samba.bin","131072","F3B8C4AD35BC6CF21977895D6F04A22B1422605942FA5AFE35CE28B2A221D7E8","archives/128KiB/samba.hz2","50584","749616CC2D3B49252C415D9F17B5356744BD663AD70FA3A8DE62AC2E1A46B3CC","decoded/128KiB/samba.decoded","131072","F3B8C4AD35BC6CF21977895D6F04A22B1422605942FA5AFE35CE28B2A221D7E8","0.0732788","0.048428","5.83203125","2.02734375","5.83203125","74FF260A939B01673667723D8351AAEDB679339610009ECB23C70E373B862D9F","profile_id=2;mode=fast;block_size=131072;zstd_level=3;lzma_level=9;threads=1;process_timeout_seconds=1800","""E:\MIXER\hybridzip\build\Release\hybridzip.exe"" c --profile=r2 --r2-mode=fast --block-size=131072 --zstd-level=3 --threads=1 ""E:\MIXER\hybridzip\results\experiments\hybridzip-r2-e6-fast-k4-full-20260829-w1\children\hybridzip-r2-e6-fast-k4-full-20260829-w1-fast-b128-r2\inputs\128KiB\samba.bin"" ""E:\MIXER\hybridzip\results\experiments\hybridzip-r2-e6-fast-k4-full-20260829-w1\children\hybridzip-r2-e6-fast-k4-full-20260829-w1-fast-b128-r2\archives\128KiB\samba.hz2""","""E:\MIXER\hybridzip\build\Release\hybridzip.exe"" d ""E:\MIXER\hybridzip\results\experiments\hybridzip-r2-e6-fast-k4-full-20260829-w1\children\hybridzip-r2-e6-fast-k4-full-20260829-w1-fast-b128-r2\archives\128KiB\samba.hz2"" ""E:\MIXER\hybridzip\results\experiments\hybridzip-r2-e6-fast-k4-full-20260829-w1\children\hybridzip-r2-e6-fast-k4-full-20260829-w1-fast-b128-r2\decoded\128KiB\samba.decoded""","0","0","2026-08-29T14:45:50.3251063+08:00","COMPLETE","PASS","fast-ext=1","Complete R2 archive size; SHA-256 byte-exact roundtrip verified."
"e6-fast","fast","128","2","False","1","1","4","0","00010000","1025B343","4B1AC26C40AD4DA50312FD3B694D7E636FB768C2336FE773BC82D36424C27A4B","0:1,39:1,43:2","1","5163300","5163300","5157000","5157000","5163300","5157000","hybridzip-r2-e6-fast-k4-full-20260829-w1-fast-b128-r2","r2-fast","1","25","sao","32","inputs/32KiB/sao.bin","32768","95677430CAD4F000506BC5EE22815C3F4E13D64B477ED506B78D5D9ACFB50CCD","archives/32KiB/sao.hz2","26958","4BC0E6A18FAA2946578CA84DEDCE634BB5747EA29DD323CCDB44345683A1B1B4","decoded/32KiB/sao.decoded","32768","95677430CAD4F000506BC5EE22815C3F4E13D64B477ED506B78D5D9ACFB50CCD","0.0576981","0.0478728","5.26171875","2.02734375","5.26171875","74FF260A939B01673667723D8351AAEDB679339610009ECB23C70E373B862D9F","profile_id=2;mode=fast;block_size=131072;zstd_level=3;lzma_level=9;threads=1;process_timeout_seconds=1800","""E:\MIXER\hybridzip\build\Release\hybridzip.exe"" c --profile=r2 --r2-mode=fast --block-size=131072 --zstd-level=3 --threads=1 ""E:\MIXER\hybridzip\results\experiments\hybridzip-r2-e6-fast-k4-full-20260829-w1\children\hybridzip-r2-e6-fast-k4-full-20260829-w1-fast-b128-r2\inputs\32KiB\sao.bin"" ""E:\MIXER\hybridzip\results\experiments\hybridzip-r2-e6-fast-k4-full-20260829-w1\children\hybridzip-r2-e6-fast-k4-full-20260829-w1-fast-b128-r2\archives\32KiB\sao.hz2""","""E:\MIXER\hybridzip\build\Release\hybridzip.exe"" d ""E:\MIXER\hybridzip\results\experiments\hybridzip-r2-e6-fast-k4-full-20260829-w1\children\hybridzip-r2-e6-fast-k4-full-20260829-w1-fast-b128-r2\archives\32KiB\sao.hz2"" ""E:\MIXER\hybridzip\results\experiments\hybridzip-r2-e6-fast-k4-full-20260829-w1\children\hybridzip-r2-e6-fast-k4-full-20260829-w1-fast-b128-r2\decoded\32KiB\sao.decoded""","0","0","2026-08-29T14:45:50.5117279+08:00","COMPLETE","PASS","fast-ext=1","Complete R2 archive size; SHA-256 byte-exact roundtrip verified."
"e6-fast","fast","128","2","False","1","1","4","0","00010000","1025B343","4B1AC26C40AD4DA50312FD3B694D7E636FB768C2336FE773BC82D36424C27A4B","0:1,39:1,43:2","1","9058500","9058500","9051200","9051200","9058500","9051200","hybridzip-r2-e6-fast-k4-full-20260829-w1-fast-b128-r2","r2-fast","1","26","sao","64","inputs/64KiB/sao.bin","65536","17CBD7166A47786139F60BA33B4E771CE0154F6FA56986883D129BC23F78EBEE","archives/64KiB/sao.hz2","52935","92386921FA003E1E21680A044C340A0E7B834029DC333EAC22142F965344D73C","decoded/64KiB/sao.decoded","65536","17CBD7166A47786139F60BA33B4E771CE0154F6FA56986883D129BC23F78EBEE","0.0517634","0.0428169","4.18359375","2.02734375","4.18359375","74FF260A939B01673667723D8351AAEDB679339610009ECB23C70E373B862D9F","profile_id=2;mode=fast;block_size=131072;zstd_level=3;lzma_level=9;threads=1;process_timeout_seconds=1800","""E:\MIXER\hybridzip\build\Release\hybridzip.exe"" c --profile=r2 --r2-mode=fast --block-size=131072 --zstd-level=3 --threads=1 ""E:\MIXER\hybridzip\results\experiments\hybridzip-r2-e6-fast-k4-full-20260829-w1\children\hybridzip-r2-e6-fast-k4-full-20260829-w1-fast-b128-r2\inputs\64KiB\sao.bin"" ""E:\MIXER\hybridzip\results\experiments\hybridzip-r2-e6-fast-k4-full-20260829-w1\children\hybridzip-r2-e6-fast-k4-full-20260829-w1-fast-b128-r2\archives\64KiB\sao.hz2""","""E:\MIXER\hybridzip\build\Release\hybridzip.exe"" d ""E:\MIXER\hybridzip\results\experiments\hybridzip-r2-e6-fast-k4-full-20260829-w1\children\hybridzip-r2-e6-fast-k4-full-20260829-w1-fast-b128-r2\archives\64KiB\sao.hz2"" ""E:\MIXER\hybridzip\results\experiments\hybridzip-r2-e6-fast-k4-full-20260829-w1\children\hybridzip-r2-e6-fast-k4-full-20260829-w1-fast-b128-r2\decoded\64KiB\sao.decoded""","0","0","2026-08-29T14:45:50.6833297+08:00","COMPLETE","PASS","lz4=1","Complete R2 archive size; SHA-256 byte-exact roundtrip verified."
"e6-fast","fast","128","2","False","1","1","4","0","00010000","1025B343","4B1AC26C40AD4DA50312FD3B694D7E636FB768C2336FE773BC82D36424C27A4B","0:1,39:1,43:2","1","16943100","16943100","16936800","16936800","16943100","16936800","hybridzip-r2-e6-fast-k4-full-20260829-w1-fast-b128-r2","r2-fast","1","27","sao","128","inputs/128KiB/sao.bin","131072","75E535B42DB7505118D8B19C7C42C1F49C5542ADDC9DBC13383953659F675CE0","archives/128KiB/sao.hz2","104335","89DB453C6D514E5E9039B58F5E9EB284B34F7504B151AA4C090F3AAA3846D36D","decoded/128KiB/sao.decoded","131072","75E535B42DB7505118D8B19C7C42C1F49C5542ADDC9DBC13383953659F675CE0","0.0743551","0.0569876","5.84765625","2.02734375","5.84765625","74FF260A939B01673667723D8351AAEDB679339610009ECB23C70E373B862D9F","profile_id=2;mode=fast;block_size=131072;zstd_level=3;lzma_level=9;threads=1;process_timeout_seconds=1800","""E:\MIXER\hybridzip\build\Release\hybridzip.exe"" c --profile=r2 --r2-mode=fast --block-size=131072 --zstd-level=3 --threads=1 ""E:\MIXER\hybridzip\results\experiments\hybridzip-r2-e6-fast-k4-full-20260829-w1\children\hybridzip-r2-e6-fast-k4-full-20260829-w1-fast-b128-r2\inputs\128KiB\sao.bin"" ""E:\MIXER\hybridzip\results\experiments\hybridzip-r2-e6-fast-k4-full-20260829-w1\children\hybridzip-r2-e6-fast-k4-full-20260829-w1-fast-b128-r2\archives\128KiB\sao.hz2""","""E:\MIXER\hybridzip\build\Release\hybridzip.exe"" d ""E:\MIXER\hybridzip\results\experiments\hybridzip-r2-e6-fast-k4-full-20260829-w1\children\hybridzip-r2-e6-fast-k4-full-20260829-w1-fast-b128-r2\archives\128KiB\sao.hz2"" ""E:\MIXER\hybridzip\results\experiments\hybridzip-r2-e6-fast-k4-full-20260829-w1\children\hybridzip-r2-e6-fast-k4-full-20260829-w1-fast-b128-r2\decoded\128KiB\sao.decoded""","0","0","2026-08-29T14:45:50.8504440+08:00","COMPLETE","PASS","lz4=1","Complete R2 archive size; SHA-256 byte-exact roundtrip verified."
"e6-fast","fast","128","2","False","1","1","4","0","00010000","1025B343","4B1AC26C40AD4DA50312FD3B694D7E636FB768C2336FE773BC82D36424C27A4B","0:1,39:1,43:2","1","5428000","5428000","5346000","5346000","5428000","5346000","hybridzip-r2-e6-fast-k4-full-20260829-w1-fast-b128-r2","r2-fast","1","28","webster","32","inputs/32KiB/webster.bin","32768","774D224695AF4057353F72602BB96CD2AFEEA059AC7737535645F11596FCA85E","archives/32KiB/webster.hz2","13777","99108DEF14614997FA1F06A5D42169D5CEF3F52BA4E8F7B82FB8F69D1F4243A7","decoded/32KiB/webster.decoded","32768","774D224695AF4057353F72602BB96CD2AFEEA059AC7737535645F11596FCA85E","0.0622797","0.0659949","2.0234375","2.02734375","2.02734375","74FF260A939B01673667723D8351AAEDB679339610009ECB23C70E373B862D9F","profile_id=2;mode=fast;block_size=131072;zstd_level=3;lzma_level=9;threads=1;process_timeout_seconds=1800","""E:\MIXER\hybridzip\build\Release\hybridzip.exe"" c --profile=r2 --r2-mode=fast --block-size=131072 --zstd-level=3 --threads=1 ""E:\MIXER\hybridzip\results\experiments\hybridzip-r2-e6-fast-k4-full-20260829-w1\children\hybridzip-r2-e6-fast-k4-full-20260829-w1-fast-b128-r2\inputs\32KiB\webster.bin"" ""E:\MIXER\hybridzip\results\experiments\hybridzip-r2-e6-fast-k4-full-20260829-w1\children\hybridzip-r2-e6-fast-k4-full-20260829-w1-fast-b128-r2\archives\32KiB\webster.hz2""","""E:\MIXER\hybridzip\build\Release\hybridzip.exe"" d ""E:\MIXER\hybridzip\results\experiments\hybridzip-r2-e6-fast-k4-full-20260829-w1\children\hybridzip-r2-e6-fast-k4-full-20260829-w1-fast-b128-r2\archives\32KiB\webster.hz2"" ""E:\MIXER\hybridzip\results\experiments\hybridzip-r2-e6-fast-k4-full-20260829-w1\children\hybridzip-r2-e6-fast-k4-full-20260829-w1-fast-b128-r2\decoded\32KiB\webster.decoded""","0","0","2026-08-29T14:45:51.0725122+08:00","COMPLETE","PASS","fast-ext=1","Complete R2 archive size; SHA-256 byte-exact roundtrip verified."
"e6-fast","fast","128","2","False","1","1","4","0","00010000","1025B343","4B1AC26C40AD4DA50312FD3B694D7E636FB768C2336FE773BC82D36424C27A4B","0:1,39:1,43:2","1","9804400","9804400","9797600","9797600","9804400","9797600","hybridzip-r2-e6-fast-k4-full-20260829-w1-fast-b128-r2","r2-fast","1","29","webster","64","inputs/64KiB/webster.bin","65536","262258811321382F9E4F44D2184B6B7FED0336CF831446D8336C47D6CCC2B32E","archives/64KiB/webster.hz2","24456","83DF5DF63D9B81D417E02EAAC20F7E96BE0F24A4CECF2BECDEC7A4FB3FB96D37","decoded/64KiB/webster.decoded","65536","262258811321382F9E4F44D2184B6B7FED0336CF831446D8336C47D6CCC2B32E","0.063611","0.0518632","5.46875","3.5625","5.46875","74FF260A939B01673667723D8351AAEDB679339610009ECB23C70E373B862D9F","profile_id=2;mode=fast;block_size=131072;zstd_level=3;lzma_level=9;threads=1;process_timeout_seconds=1800","""E:\MIXER\hybridzip\build\Release\hybridzip.exe"" c --profile=r2 --r2-mode=fast --block-size=131072 --zstd-level=3 --threads=1 ""E:\MIXER\hybridzip\results\experiments\hybridzip-r2-e6-fast-k4-full-20260829-w1\children\hybridzip-r2-e6-fast-k4-full-20260829-w1-fast-b128-r2\inputs\64KiB\webster.bin"" ""E:\MIXER\hybridzip\results\experiments\hybridzip-r2-e6-fast-k4-full-20260829-w1\children\hybridzip-r2-e6-fast-k4-full-20260829-w1-fast-b128-r2\archives\64KiB\webster.hz2""","""E:\MIXER\hybridzip\build\Release\hybridzip.exe"" d ""E:\MIXER\hybridzip\results\experiments\hybridzip-r2-e6-fast-k4-full-20260829-w1\children\hybridzip-r2-e6-fast-k4-full-20260829-w1-fast-b128-r2\archives\64KiB\webster.hz2"" ""E:\MIXER\hybridzip\results\experiments\hybridzip-r2-e6-fast-k4-full-20260829-w1\children\hybridzip-r2-e6-fast-k4-full-20260829-w1-fast-b128-r2\decoded\64KiB\webster.decoded""","0","0","2026-08-29T14:45:51.3085390+08:00","COMPLETE","PASS","fast-ext=1","Complete R2 archive size; SHA-256 byte-exact roundtrip verified."
"e6-fast","fast","128","2","False","1","1","4","0","00010000","1025B343","4B1AC26C40AD4DA50312FD3B694D7E636FB768C2336FE773BC82D36424C27A4B","0:1,39:1,43:2","1","18634900","18634900","18593200","18593200","18634900","18593200","hybridzip-r2-e6-fast-k4-full-20260829-w1-fast-b128-r2","r2-fast","1","30","webster","128","inputs/128KiB/webster.bin","131072","C069C1FDCA99BC5C44F06D134CD0CDA60315DD631AA6564733B2CE0E6D59305C","archives/128KiB/webster.hz2","44680","2AD55E68A959DE917EA742A3068A7EC6A38596A2AC2E1B387E478093784B0157","decoded/128KiB/webster.decoded","131072","C069C1FDCA99BC5C44F06D134CD0CDA60315DD631AA6564733B2CE0E6D59305C","0.0719642","0.0517265","5.84375","4.63671875","5.84375","74FF260A939B01673667723D8351AAEDB679339610009ECB23C70E373B862D9F","profile_id=2;mode=fast;block_size=131072;zstd_level=3;lzma_level=9;threads=1;process_timeout_seconds=1800","""E:\MIXER\hybridzip\build\Release\hybridzip.exe"" c --profile=r2 --r2-mode=fast --block-size=131072 --zstd-level=3 --threads=1 ""E:\MIXER\hybridzip\results\experiments\hybridzip-r2-e6-fast-k4-full-20260829-w1\children\hybridzip-r2-e6-fast-k4-full-20260829-w1-fast-b128-r2\inputs\128KiB\webster.bin"" ""E:\MIXER\hybridzip\results\experiments\hybridzip-r2-e6-fast-k4-full-20260829-w1\children\hybridzip-r2-e6-fast-k4-full-20260829-w1-fast-b128-r2\archives\128KiB\webster.hz2""","""E:\MIXER\hybridzip\build\Release\hybridzip.exe"" d ""E:\MIXER\hybridzip\results\experiments\hybridzip-r2-e6-fast-k4-full-20260829-w1\children\hybridzip-r2-e6-fast-k4-full-20260829-w1-fast-b128-r2\archives\128KiB\webster.hz2"" ""E:\MIXER\hybridzip\results\experiments\hybridzip-r2-e6-fast-k4-full-20260829-w1\children\hybridzip-r2-e6-fast-k4-full-20260829-w1-fast-b128-r2\decoded\128KiB\webster.decoded""","0","0","2026-08-29T14:45:51.5279907+08:00","COMPLETE","PASS","fast-ext=1","Complete R2 archive size; SHA-256 byte-exact roundtrip verified."
"e6-fast","fast","128","2","False","1","1","4","0","00010000","1025B343","4B1AC26C40AD4DA50312FD3B694D7E636FB768C2336FE773BC82D36424C27A4B","0:1,39:1,43:2","1","4961300","4961300","4817600","4817600","4961300","4817600","hybridzip-r2-e6-fast-k4-full-20260829-w1-fast-b128-r2","r2-fast","1","31","x-ray","32","inputs/32KiB/x-ray.bin","32768","10511AA63DFBD9C0DDBFEFE36068740103D4BA1116E214154A0772057D7E9314","archives/32KiB/x-ray.hz2","18333","711D330F325A686F5EBC8389FDDCE26A7B06E3DF3931E83F7E0B9D1A5B2ADB88","decoded/32KiB/x-ray.decoded","32768","10511AA63DFBD9C0DDBFEFE36068740103D4BA1116E214154A0772057D7E9314","0.0693276","0.0548705","5.234375","2.02734375","5.234375","74FF260A939B01673667723D8351AAEDB679339610009ECB23C70E373B862D9F","profile_id=2;mode=fast;block_size=131072;zstd_level=3;lzma_level=9;threads=1;process_timeout_seconds=1800","""E:\MIXER\hybridzip\build\Release\hybridzip.exe"" c --profile=r2 --r2-mode=fast --block-size=131072 --zstd-level=3 --threads=1 ""E:\MIXER\hybridzip\results\experiments\hybridzip-r2-e6-fast-k4-full-20260829-w1\children\hybridzip-r2-e6-fast-k4-full-20260829-w1-fast-b128-r2\inputs\32KiB\x-ray.bin"" ""E:\MIXER\hybridzip\results\experiments\hybridzip-r2-e6-fast-k4-full-20260829-w1\children\hybridzip-r2-e6-fast-k4-full-20260829-w1-fast-b128-r2\archives\32KiB\x-ray.hz2""","""E:\MIXER\hybridzip\build\Release\hybridzip.exe"" d ""E:\MIXER\hybridzip\results\experiments\hybridzip-r2-e6-fast-k4-full-20260829-w1\children\hybridzip-r2-e6-fast-k4-full-20260829-w1-fast-b128-r2\archives\32KiB\x-ray.hz2"" ""E:\MIXER\hybridzip\results\experiments\hybridzip-r2-e6-fast-k4-full-20260829-w1\children\hybridzip-r2-e6-fast-k4-full-20260829-w1-fast-b128-r2\decoded\32KiB\x-ray.decoded""","0","0","2026-08-29T14:45:51.7579899+08:00","COMPLETE","PASS","fast-ext=1","Complete R2 archive size; SHA-256 byte-exact roundtrip verified."
"e6-fast","fast","128","2","False","1","1","4","0","00010000","1025B343","4B1AC26C40AD4DA50312FD3B694D7E636FB768C2336FE773BC82D36424C27A4B","0:1,39:1,43:2","1","7923200","7923200","7917300","7917300","7923200","7917300","hybridzip-r2-e6-fast-k4-full-20260829-w1-fast-b128-r2","r2-fast","1","32","x-ray","64","inputs/64KiB/x-ray.bin","65536","B5A07146616BCD7C2D10071D41E07D204DE0AC629C4CA37D8E867FF00574D0D8","archives/64KiB/x-ray.hz2","36457","64E86B5C0839FA5166453DCA6BCD82CAE91E276178AA5E9402F1C3AA225DE418","decoded/64KiB/x-ray.decoded","65536","B5A07146616BCD7C2D10071D41E07D204DE0AC629C4CA37D8E867FF00574D0D8","0.0638167","0.069289","2.02734375","4.578125","4.578125","74FF260A939B01673667723D8351AAEDB679339610009ECB23C70E373B862D9F","profile_id=2;mode=fast;block_size=131072;zstd_level=3;lzma_level=9;threads=1;process_timeout_seconds=1800","""E:\MIXER\hybridzip\build\Release\hybridzip.exe"" c --profile=r2 --r2-mode=fast --block-size=131072 --zstd-level=3 --threads=1 ""E:\MIXER\hybridzip\results\experiments\hybridzip-r2-e6-fast-k4-full-20260829-w1\children\hybridzip-r2-e6-fast-k4-full-20260829-w1-fast-b128-r2\inputs\64KiB\x-ray.bin"" ""E:\MIXER\hybridzip\results\experiments\hybridzip-r2-e6-fast-k4-full-20260829-w1\children\hybridzip-r2-e6-fast-k4-full-20260829-w1-fast-b128-r2\archives\64KiB\x-ray.hz2""","""E:\MIXER\hybridzip\build\Release\hybridzip.exe"" d ""E:\MIXER\hybridzip\results\experiments\hybridzip-r2-e6-fast-k4-full-20260829-w1\children\hybridzip-r2-e6-fast-k4-full-20260829-w1-fast-b128-r2\archives\64KiB\x-ray.hz2"" ""E:\MIXER\hybridzip\results\experiments\hybridzip-r2-e6-fast-k4-full-20260829-w1\children\hybridzip-r2-e6-fast-k4-full-20260829-w1-fast-b128-r2\decoded\64KiB\x-ray.decoded""","0","0","2026-08-29T14:45:51.9765300+08:00","COMPLETE","PASS","fast-ext=1","Complete R2 archive size; SHA-256 byte-exact roundtrip verified."
"e6-fast","fast","128","2","False","1","1","4","0","00010000","1025B343","4B1AC26C40AD4DA50312FD3B694D7E636FB768C2336FE773BC82D36424C27A4B","0:1,39:1,43:2","1","14779400","14779400","14733900","14733900","14779400","14733900","hybridzip-r2-e6-fast-k4-full-20260829-w1-fast-b128-r2","r2-fast","1","33","x-ray","128","inputs/128KiB/x-ray.bin","131072","7A65B793FB2A694C20686275A899B304445473528F7C998BE26F8C68EB18F76E","archives/128KiB/x-ray.hz2","72841","C7251C34F15D78630C51D2214DB71F7781CC195AAF107F776FEC7EB014F190FB","decoded/128KiB/x-ray.decoded","131072","7A65B793FB2A694C20686275A899B304445473528F7C998BE26F8C68EB18F76E","0.0677701","0.0571568","2.02734375","3.37890625","3.37890625","74FF260A939B01673667723D8351AAEDB679339610009ECB23C70E373B862D9F","profile_id=2;mode=fast;block_size=131072;zstd_level=3;lzma_level=9;threads=1;process_timeout_seconds=1800","""E:\MIXER\hybridzip\build\Release\hybridzip.exe"" c --profile=r2 --r2-mode=fast --block-size=131072 --zstd-level=3 --threads=1 ""E:\MIXER\hybridzip\results\experiments\hybridzip-r2-e6-fast-k4-full-20260829-w1\children\hybridzip-r2-e6-fast-k4-full-20260829-w1-fast-b128-r2\inputs\128KiB\x-ray.bin"" ""E:\MIXER\hybridzip\results\experiments\hybridzip-r2-e6-fast-k4-full-20260829-w1\children\hybridzip-r2-e6-fast-k4-full-20260829-w1-fast-b128-r2\archives\128KiB\x-ray.hz2""","""E:\MIXER\hybridzip\build\Release\hybridzip.exe"" d ""E:\MIXER\hybridzip\results\experiments\hybridzip-r2-e6-fast-k4-full-20260829-w1\children\hybridzip-r2-e6-fast-k4-full-20260829-w1-fast-b128-r2\archives\128KiB\x-ray.hz2"" ""E:\MIXER\hybridzip\results\experiments\hybridzip-r2-e6-fast-k4-full-20260829-w1\children\hybridzip-r2-e6-fast-k4-full-20260829-w1-fast-b128-r2\decoded\128KiB\x-ray.decoded""","0","0","2026-08-29T14:45:52.2090851+08:00","COMPLETE","PASS","fast-ext=1","Complete R2 archive size; SHA-256 byte-exact roundtrip verified."
"e6-fast","fast","128","2","False","1","1","4","0","00010000","1025B343","4B1AC26C40AD4DA50312FD3B694D7E636FB768C2336FE773BC82D36424C27A4B","0:1,39:1,43:2","1","5005000","5005000","4993000","4993000","5005000","4993000","hybridzip-r2-e6-fast-k4-full-20260829-w1-fast-b128-r2","r2-fast","1","34","xml","32","inputs/32KiB/xml.bin","32768","C2F7F129956F8D6FC3D0E3595D93F98D5270B6F5BC4AB5E70F45867822EFDD71","archives/32KiB/xml.hz2","3482","CFBF881E4D58EC447D48ACE7D21DB070757ECDDBB62BA07E5068D87DAFE1D37C","decoded/32KiB/xml.decoded","32768","C2F7F129956F8D6FC3D0E3595D93F98D5270B6F5BC4AB5E70F45867822EFDD71","0.0578816","0.051658","5.2578125","4.0859375","5.2578125","74FF260A939B01673667723D8351AAEDB679339610009ECB23C70E373B862D9F","profile_id=2;mode=fast;block_size=131072;zstd_level=3;lzma_level=9;threads=1;process_timeout_seconds=1800","""E:\MIXER\hybridzip\build\Release\hybridzip.exe"" c --profile=r2 --r2-mode=fast --block-size=131072 --zstd-level=3 --threads=1 ""E:\MIXER\hybridzip\results\experiments\hybridzip-r2-e6-fast-k4-full-20260829-w1\children\hybridzip-r2-e6-fast-k4-full-20260829-w1-fast-b128-r2\inputs\32KiB\xml.bin"" ""E:\MIXER\hybridzip\results\experiments\hybridzip-r2-e6-fast-k4-full-20260829-w1\children\hybridzip-r2-e6-fast-k4-full-20260829-w1-fast-b128-r2\archives\32KiB\xml.hz2""","""E:\MIXER\hybridzip\build\Release\hybridzip.exe"" d ""E:\MIXER\hybridzip\results\experiments\hybridzip-r2-e6-fast-k4-full-20260829-w1\children\hybridzip-r2-e6-fast-k4-full-20260829-w1-fast-b128-r2\archives\32KiB\xml.hz2"" ""E:\MIXER\hybridzip\results\experiments\hybridzip-r2-e6-fast-k4-full-20260829-w1\children\hybridzip-r2-e6-fast-k4-full-20260829-w1-fast-b128-r2\decoded\32KiB\xml.decoded""","0","0","2026-08-29T14:45:52.4283987+08:00","COMPLETE","PASS","fast-ext=1","Complete R2 archive size; SHA-256 byte-exact roundtrip verified."
"e6-fast","fast","128","2","False","1","1","4","0","00010000","1025B343","4B1AC26C40AD4DA50312FD3B694D7E636FB768C2336FE773BC82D36424C27A4B","0:1,39:1,43:2","1","7880400","7880400","7873000","7873000","7880400","7873000","hybridzip-r2-e6-fast-k4-full-20260829-w1-fast-b128-r2","r2-fast","1","35","xml","64","inputs/64KiB/xml.bin","65536","E32AFF2BEBF00105A17DD57F5490C1986D17543CEE837B42EB56B3E0E6F8E7F1","archives/64KiB/xml.hz2","6162","459B99A0FB0E0A42585A96A1F2E19FA5B9E5871ADE5F2F612C1D2933AF9B2A4F","decoded/64KiB/xml.decoded","65536","E32AFF2BEBF00105A17DD57F5490C1986D17543CEE837B42EB56B3E0E6F8E7F1","0.0662842","0.0611577","5.44140625","2.02734375","5.44140625","74FF260A939B01673667723D8351AAEDB679339610009ECB23C70E373B862D9F","profile_id=2;mode=fast;block_size=131072;zstd_level=3;lzma_level=9;threads=1;process_timeout_seconds=1800","""E:\MIXER\hybridzip\build\Release\hybridzip.exe"" c --profile=r2 --r2-mode=fast --block-size=131072 --zstd-level=3 --threads=1 ""E:\MIXER\hybridzip\results\experiments\hybridzip-r2-e6-fast-k4-full-20260829-w1\children\hybridzip-r2-e6-fast-k4-full-20260829-w1-fast-b128-r2\inputs\64KiB\xml.bin"" ""E:\MIXER\hybridzip\results\experiments\hybridzip-r2-e6-fast-k4-full-20260829-w1\children\hybridzip-r2-e6-fast-k4-full-20260829-w1-fast-b128-r2\archives\64KiB\xml.hz2""","""E:\MIXER\hybridzip\build\Release\hybridzip.exe"" d ""E:\MIXER\hybridzip\results\experiments\hybridzip-r2-e6-fast-k4-full-20260829-w1\children\hybridzip-r2-e6-fast-k4-full-20260829-w1-fast-b128-r2\archives\64KiB\xml.hz2"" ""E:\MIXER\hybridzip\results\experiments\hybridzip-r2-e6-fast-k4-full-20260829-w1\children\hybridzip-r2-e6-fast-k4-full-20260829-w1-fast-b128-r2\decoded\64KiB\xml.decoded""","0","0","2026-08-29T14:45:52.6394733+08:00","COMPLETE","PASS","fast-ext=1","Complete R2 archive size; SHA-256 byte-exact roundtrip verified."
"e6-fast","fast","128","2","False","1","1","4","0","00010000","1025B343","4B1AC26C40AD4DA50312FD3B694D7E636FB768C2336FE773BC82D36424C27A4B","0:1,39:1,43:2","1","13639500","13639500","13591500","13591500","13639500","13591500","hybridzip-r2-e6-fast-k4-full-20260829-w1-fast-b128-r2","r2-fast","1","36","xml","128","inputs/128KiB/xml.bin","131072","5FA29C746885F2EEB98734218475915A78092CCB3B0F68B08861EE210E5B6E25","archives/128KiB/xml.hz2","11952","422764D8641525A026E390C283BF325A68AAD9110061D639A7171739D7D2AFA8","decoded/128KiB/xml.decoded","131072","5FA29C746885F2EEB98734218475915A78092CCB3B0F68B08861EE210E5B6E25","0.083895","0.0653028","5.8203125","2.37890625","5.8203125","74FF260A939B01673667723D8351AAEDB679339610009ECB23C70E373B862D9F","profile_id=2;mode=fast;block_size=131072;zstd_level=3;lzma_level=9;threads=1;process_timeout_seconds=1800","""E:\MIXER\hybridzip\build\Release\hybridzip.exe"" c --profile=r2 --r2-mode=fast --block-size=131072 --zstd-level=3 --threads=1 ""E:\MIXER\hybridzip\results\experiments\hybridzip-r2-e6-fast-k4-full-20260829-w1\children\hybridzip-r2-e6-fast-k4-full-20260829-w1-fast-b128-r2\inputs\128KiB\xml.bin"" ""E:\MIXER\hybridzip\results\experiments\hybridzip-r2-e6-fast-k4-full-20260829-w1\children\hybridzip-r2-e6-fast-k4-full-20260829-w1-fast-b128-r2\archives\128KiB\xml.hz2""","""E:\MIXER\hybridzip\build\Release\hybridzip.exe"" d ""E:\MIXER\hybridzip\results\experiments\hybridzip-r2-e6-fast-k4-full-20260829-w1\children\hybridzip-r2-e6-fast-k4-full-20260829-w1-fast-b128-r2\archives\128KiB\xml.hz2"" ""E:\MIXER\hybridzip\results\experiments\hybridzip-r2-e6-fast-k4-full-20260829-w1\children\hybridzip-r2-e6-fast-k4-full-20260829-w1-fast-b128-r2\decoded\128KiB\xml.decoded""","0","0","2026-08-29T14:45:52.8613162+08:00","COMPLETE","PASS","fast-ext=1","Complete R2 archive size; SHA-256 byte-exact roundtrip verified."
"e6-fast","fast","128","3","False","1","1","4","0","00010000","1025B343","4B1AC26C40AD4DA50312FD3B694D7E636FB768C2336FE773BC82D36424C27A4B","0:1,39:1,43:2","1","5920100","5920100","5891700","5891700","5920100","5891700","hybridzip-r2-e6-fast-k4-full-20260829-w1-fast-b128-r3","r2-fast","1","1","dickens","32","inputs/32KiB/dickens.bin","32768","FC42DCB9849222C8704C9DCAE606D075B389B66244FB215035148D6409EC0B31","archives/32KiB/dickens.hz2","14204","E61F4B13EAB1FBAFCD1FC75B0444C6CD55D8BC33D9567E94AF21FCA389BB3EEE","decoded/32KiB/dickens.decoded","32768","FC42DCB9849222C8704C9DCAE606D075B389B66244FB215035148D6409EC0B31","0.0506388","0.0550029","3.046875","2.02734375","3.046875","74FF260A939B01673667723D8351AAEDB679339610009ECB23C70E373B862D9F","profile_id=2;mode=fast;block_size=131072;zstd_level=3;lzma_level=9;threads=1;process_timeout_seconds=1800","""E:\MIXER\hybridzip\build\Release\hybridzip.exe"" c --profile=r2 --r2-mode=fast --block-size=131072 --zstd-level=3 --threads=1 ""E:\MIXER\hybridzip\results\experiments\hybridzip-r2-e6-fast-k4-full-20260829-w1\children\hybridzip-r2-e6-fast-k4-full-20260829-w1-fast-b128-r3\inputs\32KiB\dickens.bin"" ""E:\MIXER\hybridzip\results\experiments\hybridzip-r2-e6-fast-k4-full-20260829-w1\children\hybridzip-r2-e6-fast-k4-full-20260829-w1-fast-b128-r3\archives\32KiB\dickens.hz2""","""E:\MIXER\hybridzip\build\Release\hybridzip.exe"" d ""E:\MIXER\hybridzip\results\experiments\hybridzip-r2-e6-fast-k4-full-20260829-w1\children\hybridzip-r2-e6-fast-k4-full-20260829-w1-fast-b128-r3\archives\32KiB\dickens.hz2"" ""E:\MIXER\hybridzip\results\experiments\hybridzip-r2-e6-fast-k4-full-20260829-w1\children\hybridzip-r2-e6-fast-k4-full-20260829-w1-fast-b128-r3\decoded\32KiB\dickens.decoded""","0","0","2026-08-29T14:45:54.4022937+08:00","COMPLETE","PASS","fast-ext=1","Complete R2 archive size; SHA-256 byte-exact roundtrip verified."
"e6-fast","fast","128","3","False","1","1","4","0","00010000","1025B343","4B1AC26C40AD4DA50312FD3B694D7E636FB768C2336FE773BC82D36424C27A4B","0:1,39:1,43:2","1","10891400","10891400","10885300","10885300","10891400","10885300","hybridzip-r2-e6-fast-k4-full-20260829-w1-fast-b128-r3","r2-fast","1","2","dickens","64","inputs/64KiB/dickens.bin","65536","134AD989A7B8B40C900A3B9C0F4895317DFD827D9E6E933895B08D2F4A8A8293","archives/64KiB/dickens.hz2","27191","866F6668C14614E267616B2D7A095DF242847DE6505B85FACE9EA42A46AE35C5","decoded/64KiB/dickens.decoded","65536","134AD989A7B8B40C900A3B9C0F4895317DFD827D9E6E933895B08D2F4A8A8293","0.0620801","0.0596296","5.48046875","3.23046875","5.48046875","74FF260A939B01673667723D8351AAEDB679339610009ECB23C70E373B862D9F","profile_id=2;mode=fast;block_size=131072;zstd_level=3;lzma_level=9;threads=1;process_timeout_seconds=1800","""E:\MIXER\hybridzip\build\Release\hybridzip.exe"" c --profile=r2 --r2-mode=fast --block-size=131072 --zstd-level=3 --threads=1 ""E:\MIXER\hybridzip\results\experiments\hybridzip-r2-e6-fast-k4-full-20260829-w1\children\hybridzip-r2-e6-fast-k4-full-20260829-w1-fast-b128-r3\inputs\64KiB\dickens.bin"" ""E:\MIXER\hybridzip\results\experiments\hybridzip-r2-e6-fast-k4-full-20260829-w1\children\hybridzip-r2-e6-fast-k4-full-20260829-w1-fast-b128-r3\archives\64KiB\dickens.hz2""","""E:\MIXER\hybridzip\build\Release\hybridzip.exe"" d ""E:\MIXER\hybridzip\results\experiments\hybridzip-r2-e6-fast-k4-full-20260829-w1\children\hybridzip-r2-e6-fast-k4-full-20260829-w1-fast-b128-r3\archives\64KiB\dickens.hz2"" ""E:\MIXER\hybridzip\results\experiments\hybridzip-r2-e6-fast-k4-full-20260829-w1\children\hybridzip-r2-e6-fast-k4-full-20260829-w1-fast-b128-r3\decoded\64KiB\dickens.decoded""","0","0","2026-08-29T14:45:54.5747521+08:00","COMPLETE","PASS","fast-ext=1","Complete R2 archive size; SHA-256 byte-exact roundtrip verified."
"e6-fast","fast","128","3","False","1","1","4","0","00010000","1025B343","4B1AC26C40AD4DA50312FD3B694D7E636FB768C2336FE773BC82D36424C27A4B","0:1,39:1,43:2","1","19984300","19984300","19975600","19975600","19984300","19975600","hybridzip-r2-e6-fast-k4-full-20260829-w1-fast-b128-r3","r2-fast","1","3","dickens","128","inputs/128KiB/dickens.bin","131072","20E33FCC8FAA96DC32A2D0921115C0F363E64C598A5847CE1A3876E356D59872","archives/128KiB/dickens.hz2","51899","2824D2853EB63C907DED066860E95D98C549820AAAA665895A847173CC8A90A4","decoded/128KiB/dickens.decoded","131072","20E33FCC8FAA96DC32A2D0921115C0F363E64C598A5847CE1A3876E356D59872","0.0667777","0.044252","5.87109375","2.02734375","5.87109375","74FF260A939B01673667723D8351AAEDB679339610009ECB23C70E373B862D9F","profile_id=2;mode=fast;block_size=131072;zstd_level=3;lzma_level=9;threads=1;process_timeout_seconds=1800","""E:\MIXER\hybridzip\build\Release\hybridzip.exe"" c --profile=r2 --r2-mode=fast --block-size=131072 --zstd-level=3 --threads=1 ""E:\MIXER\hybridzip\results\experiments\hybridzip-r2-e6-fast-k4-full-20260829-w1\children\hybridzip-r2-e6-fast-k4-full-20260829-w1-fast-b128-r3\inputs\128KiB\dickens.bin"" ""E:\MIXER\hybridzip\results\experiments\hybridzip-r2-e6-fast-k4-full-20260829-w1\children\hybridzip-r2-e6-fast-k4-full-20260829-w1-fast-b128-r3\archives\128KiB\dickens.hz2""","""E:\MIXER\hybridzip\build\Release\hybridzip.exe"" d ""E:\MIXER\hybridzip\results\experiments\hybridzip-r2-e6-fast-k4-full-20260829-w1\children\hybridzip-r2-e6-fast-k4-full-20260829-w1-fast-b128-r3\archives\128KiB\dickens.hz2"" ""E:\MIXER\hybridzip\results\experiments\hybridzip-r2-e6-fast-k4-full-20260829-w1\children\hybridzip-r2-e6-fast-k4-full-20260829-w1-fast-b128-r3\decoded\128KiB\dickens.decoded""","0","0","2026-08-29T14:45:54.7668323+08:00","COMPLETE","PASS","fast-ext=1","Complete R2 archive size; SHA-256 byte-exact roundtrip verified."
"e6-fast","fast","128","3","False","1","1","4","0","00010000","1025B343","4B1AC26C40AD4DA50312FD3B694D7E636FB768C2336FE773BC82D36424C27A4B","0:1,39:1,43:2","1","7344100","7344100","7228200","7228200","7344100","7228200","hybridzip-r2-e6-fast-k4-full-20260829-w1-fast-b128-r3","r2-fast","1","4","mozilla","32","inputs/32KiB/mozilla.bin","32768","9DDEEF36CA0CA55B72FE3376D005926DFF3400A2ADE6EAE18482D8017D8645DB","archives/32KiB/mozilla.hz2","11271","F10A514C26742AD96F41C1B9A2784068581A5997248F2C1F8377321C75F1E66B","decoded/32KiB/mozilla.decoded","32768","9DDEEF36CA0CA55B72FE3376D005926DFF3400A2ADE6EAE18482D8017D8645DB","0.0592276","0.0576592","5.265625","2.0234375","5.265625","74FF260A939B01673667723D8351AAEDB679339610009ECB23C70E373B862D9F","profile_id=2;mode=fast;block_size=131072;zstd_level=3;lzma_level=9;threads=1;process_timeout_seconds=1800","""E:\MIXER\hybridzip\build\Release\hybridzip.exe"" c --profile=r2 --r2-mode=fast --block-size=131072 --zstd-level=3 --threads=1 ""E:\MIXER\hybridzip\results\experiments\hybridzip-r2-e6-fast-k4-full-20260829-w1\children\hybridzip-r2-e6-fast-k4-full-20260829-w1-fast-b128-r3\inputs\32KiB\mozilla.bin"" ""E:\MIXER\hybridzip\results\experiments\hybridzip-r2-e6-fast-k4-full-20260829-w1\children\hybridzip-r2-e6-fast-k4-full-20260829-w1-fast-b128-r3\archives\32KiB\mozilla.hz2""","""E:\MIXER\hybridzip\build\Release\hybridzip.exe"" d ""E:\MIXER\hybridzip\results\experiments\hybridzip-r2-e6-fast-k4-full-20260829-w1\children\hybridzip-r2-e6-fast-k4-full-20260829-w1-fast-b128-r3\archives\32KiB\mozilla.hz2"" ""E:\MIXER\hybridzip\results\experiments\hybridzip-r2-e6-fast-k4-full-20260829-w1\children\hybridzip-r2-e6-fast-k4-full-20260829-w1-fast-b128-r3\decoded\32KiB\mozilla.decoded""","0","0","2026-08-29T14:45:54.9513068+08:00","COMPLETE","PASS","fast-ext=1","Complete R2 archive size; SHA-256 byte-exact roundtrip verified."
"e6-fast","fast","128","3","False","1","1","4","0","00010000","1025B343","4B1AC26C40AD4DA50312FD3B694D7E636FB768C2336FE773BC82D36424C27A4B","0:1,39:1,43:2","1","12679700","12679700","12673800","12673800","12679700","12673800","hybridzip-r2-e6-fast-k4-full-20260829-w1-fast-b128-r3","r2-fast","1","5","mozilla","64","inputs/64KiB/mozilla.bin","65536","B0050240663F54371D372303EEABA0A59AB0758BCD565F4F639D06561E6BC996","archives/64KiB/mozilla.hz2","15984","B974316C4CD10400A0A3F2714F0811CE92E8179264D64F3CF042F35DF6A05DFC","decoded/64KiB/mozilla.decoded","65536","B0050240663F54371D372303EEABA0A59AB0758BCD565F4F639D06561E6BC996","0.0592543","0.0598723","2.02734375","2.02734375","2.02734375","74FF260A939B01673667723D8351AAEDB679339610009ECB23C70E373B862D9F","profile_id=2;mode=fast;block_size=131072;zstd_level=3;lzma_level=9;threads=1;process_timeout_seconds=1800","""E:\MIXER\hybridzip\build\Release\hybridzip.exe"" c --profile=r2 --r2-mode=fast --block-size=131072 --zstd-level=3 --threads=1 ""E:\MIXER\hybridzip\results\experiments\hybridzip-r2-e6-fast-k4-full-20260829-w1\children\hybridzip-r2-e6-fast-k4-full-20260829-w1-fast-b128-r3\inputs\64KiB\mozilla.bin"" ""E:\MIXER\hybridzip\results\experiments\hybridzip-r2-e6-fast-k4-full-20260829-w1\children\hybridzip-r2-e6-fast-k4-full-20260829-w1-fast-b128-r3\archives\64KiB\mozilla.hz2""","""E:\MIXER\hybridzip\build\Release\hybridzip.exe"" d ""E:\MIXER\hybridzip\results\experiments\hybridzip-r2-e6-fast-k4-full-20260829-w1\children\hybridzip-r2-e6-fast-k4-full-20260829-w1-fast-b128-r3\archives\64KiB\mozilla.hz2"" ""E:\MIXER\hybridzip\results\experiments\hybridzip-r2-e6-fast-k4-full-20260829-w1\children\hybridzip-r2-e6-fast-k4-full-20260829-w1-fast-b128-r3\decoded\64KiB\mozilla.decoded""","0","0","2026-08-29T14:45:55.1407449+08:00","COMPLETE","PASS","fast-ext=1","Complete R2 archive size; SHA-256 byte-exact roundtrip verified."
"e6-fast","fast","128","3","False","1","1","4","0","00010000","1025B343","4B1AC26C40AD4DA50312FD3B694D7E636FB768C2336FE773BC82D36424C27A4B","0:1,39:1,43:2","1","20154000","20154000","20145500","20145500","20154000","20145500","hybridzip-r2-e6-fast-k4-full-20260829-w1-fast-b128-r3","r2-fast","1","6","mozilla","128","inputs/128KiB/mozilla.bin","131072","85CDBEA98382DB12E9A21FF90E1907452712D074000A6B855D2CA215FA591EB4","archives/128KiB/mozilla.hz2","21361","F438A73FDF64767BC46BCCBA91928DE92CEE0F187DA1866F253A8DF3C8B84555","decoded/128KiB/mozilla.decoded","131072","85CDBEA98382DB12E9A21FF90E1907452712D074000A6B855D2CA215FA591EB4","0.0888412","0.0541982","5.78515625","3.52734375","5.78515625","74FF260A939B01673667723D8351AAEDB679339610009ECB23C70E373B862D9F","profile_id=2;mode=fast;block_size=131072;zstd_level=3;lzma_level=9;threads=1;process_timeout_seconds=1800","""E:\MIXER\hybridzip\build\Release\hybridzip.exe"" c --profile=r2 --r2-mode=fast --block-size=131072 --zstd-level=3 --threads=1 ""E:\MIXER\hybridzip\results\experiments\hybridzip-r2-e6-fast-k4-full-20260829-w1\children\hybridzip-r2-e6-fast-k4-full-20260829-w1-fast-b128-r3\inputs\128KiB\mozilla.bin"" ""E:\MIXER\hybridzip\results\experiments\hybridzip-r2-e6-fast-k4-full-20260829-w1\children\hybridzip-r2-e6-fast-k4-full-20260829-w1-fast-b128-r3\archives\128KiB\mozilla.hz2""","""E:\MIXER\hybridzip\build\Release\hybridzip.exe"" d ""E:\MIXER\hybridzip\results\experiments\hybridzip-r2-e6-fast-k4-full-20260829-w1\children\hybridzip-r2-e6-fast-k4-full-20260829-w1-fast-b128-r3\archives\128KiB\mozilla.hz2"" ""E:\MIXER\hybridzip\results\experiments\hybridzip-r2-e6-fast-k4-full-20260829-w1\children\hybridzip-r2-e6-fast-k4-full-20260829-w1-fast-b128-r3\decoded\128KiB\mozilla.decoded""","0","0","2026-08-29T14:45:55.3323432+08:00","COMPLETE","PASS","fast-ext=1","Complete R2 archive size; SHA-256 byte-exact roundtrip verified."
"e6-fast","fast","128","3","False","1","1","4","0","00010000","1025B343","4B1AC26C40AD4DA50312FD3B694D7E636FB768C2336FE773BC82D36424C27A4B","0:1,39:1,43:2","1","7378500","7378500","7306200","7306200","7378500","7306200","hybridzip-r2-e6-fast-k4-full-20260829-w1-fast-b128-r3","r2-fast","1","7","mr","32","inputs/32KiB/mr.bin","32768","3BB287B0AF65F777AB00C14E362B4D1962087260556001BBEE0689AA10D9F76A","archives/32KiB/mr.hz2","8048","D1D151D005274D750563A80E41F10A0C98985EF7B50828F037E8FC676864CF94","decoded/32KiB/mr.decoded","32768","3BB287B0AF65F777AB00C14E362B4D1962087260556001BBEE0689AA10D9F76A","0.0548242","0.0679792","5.20703125","4.50390625","5.20703125","74FF260A939B01673667723D8351AAEDB679339610009ECB23C70E373B862D9F","profile_id=2;mode=fast;block_size=131072;zstd_level=3;lzma_level=9;threads=1;process_timeout_seconds=1800","""E:\MIXER\hybridzip\build\Release\hybridzip.exe"" c --profile=r2 --r2-mode=fast --block-size=131072 --zstd-level=3 --threads=1 ""E:\MIXER\hybridzip\results\experiments\hybridzip-r2-e6-fast-k4-full-20260829-w1\children\hybridzip-r2-e6-fast-k4-full-20260829-w1-fast-b128-r3\inputs\32KiB\mr.bin"" ""E:\MIXER\hybridzip\results\experiments\hybridzip-r2-e6-fast-k4-full-20260829-w1\children\hybridzip-r2-e6-fast-k4-full-20260829-w1-fast-b128-r3\archives\32KiB\mr.hz2""","""E:\MIXER\hybridzip\build\Release\hybridzip.exe"" d ""E:\MIXER\hybridzip\results\experiments\hybridzip-r2-e6-fast-k4-full-20260829-w1\children\hybridzip-r2-e6-fast-k4-full-20260829-w1-fast-b128-r3\archives\32KiB\mr.hz2"" ""E:\MIXER\hybridzip\results\experiments\hybridzip-r2-e6-fast-k4-full-20260829-w1\children\hybridzip-r2-e6-fast-k4-full-20260829-w1-fast-b128-r3\decoded\32KiB\mr.decoded""","0","0","2026-08-29T14:45:55.5477134+08:00","COMPLETE","PASS","fast-ext=1","Complete R2 archive size; SHA-256 byte-exact roundtrip verified."
"e6-fast","fast","128","3","False","1","1","4","0","00010000","1025B343","4B1AC26C40AD4DA50312FD3B694D7E636FB768C2336FE773BC82D36424C27A4B","0:1,39:1,43:2","1","14913300","14913300","14907100","14907100","14913300","14907100","hybridzip-r2-e6-fast-k4-full-20260829-w1-fast-b128-r3","r2-fast","1","8","mr","64","inputs/64KiB/mr.bin","65536","CAB7B6408934009A4BBFEDB57BEB4943BF5478CF8B3688D01F004E0422EBC651","archives/64KiB/mr.hz2","15043","D9530E313B54ED9C887E6FF25A60866E3E2902C8EF12D78257A3E8854A3F10BB","decoded/64KiB/mr.decoded","65536","CAB7B6408934009A4BBFEDB57BEB4943BF5478CF8B3688D01F004E0422EBC651","0.062294","0.0576385","5.46484375","2.02734375","5.46484375","74FF260A939B01673667723D8351AAEDB679339610009ECB23C70E373B862D9F","profile_id=2;mode=fast;block_size=131072;zstd_level=3;lzma_level=9;threads=1;process_timeout_seconds=1800","""E:\MIXER\hybridzip\build\Release\hybridzip.exe"" c --profile=r2 --r2-mode=fast --block-size=131072 --zstd-level=3 --threads=1 ""E:\MIXER\hybridzip\results\experiments\hybridzip-r2-e6-fast-k4-full-20260829-w1\children\hybridzip-r2-e6-fast-k4-full-20260829-w1-fast-b128-r3\inputs\64KiB\mr.bin"" ""E:\MIXER\hybridzip\results\experiments\hybridzip-r2-e6-fast-k4-full-20260829-w1\children\hybridzip-r2-e6-fast-k4-full-20260829-w1-fast-b128-r3\archives\64KiB\mr.hz2""","""E:\MIXER\hybridzip\build\Release\hybridzip.exe"" d ""E:\MIXER\hybridzip\results\experiments\hybridzip-r2-e6-fast-k4-full-20260829-w1\children\hybridzip-r2-e6-fast-k4-full-20260829-w1-fast-b128-r3\archives\64KiB\mr.hz2"" ""E:\MIXER\hybridzip\results\experiments\hybridzip-r2-e6-fast-k4-full-20260829-w1\children\hybridzip-r2-e6-fast-k4-full-20260829-w1-fast-b128-r3\decoded\64KiB\mr.decoded""","0","0","2026-08-29T14:45:55.7437312+08:00","COMPLETE","PASS","fast-ext=1","Complete R2 archive size; SHA-256 byte-exact roundtrip verified."
"e6-fast","fast","128","3","False","1","1","4","0","00010000","1025B343","4B1AC26C40AD4DA50312FD3B694D7E636FB768C2336FE773BC82D36424C27A4B","0:1,39:1,43:2","1","32669900","32669900","32630400","32630400","32669900","32630400","hybridzip-r2-e6-fast-k4-full-20260829-w1-fast-b128-r3","r2-fast","1","9","mr","128","inputs/128KiB/mr.bin","131072","473A6A883480C7B2E69402AD888AC07B347C2DF61C6AA0D84E8B8130A27792EA","archives/128KiB/mr.hz2","28436","52CE74991A5D05B74A8061B1F5264D1E6D91D1F534A0F25D73FC29025E60DD5C","decoded/128KiB/mr.decoded","131072","473A6A883480C7B2E69402AD888AC07B347C2DF61C6AA0D84E8B8130A27792EA","0.0871691","0.0583933","5.87109375","2.02734375","5.87109375","74FF260A939B01673667723D8351AAEDB679339610009ECB23C70E373B862D9F","profile_id=2;mode=fast;block_size=131072;zstd_level=3;lzma_level=9;threads=1;process_timeout_seconds=1800","""E:\MIXER\hybridzip\build\Release\hybridzip.exe"" c --profile=r2 --r2-mode=fast --block-size=131072 --zstd-level=3 --threads=1 ""E:\MIXER\hybridzip\results\experiments\hybridzip-r2-e6-fast-k4-full-20260829-w1\children\hybridzip-r2-e6-fast-k4-full-20260829-w1-fast-b128-r3\inputs\128KiB\mr.bin"" ""E:\MIXER\hybridzip\results\experiments\hybridzip-r2-e6-fast-k4-full-20260829-w1\children\hybridzip-r2-e6-fast-k4-full-20260829-w1-fast-b128-r3\archives\128KiB\mr.hz2""","""E:\MIXER\hybridzip\build\Release\hybridzip.exe"" d ""E:\MIXER\hybridzip\results\experiments\hybridzip-r2-e6-fast-k4-full-20260829-w1\children\hybridzip-r2-e6-fast-k4-full-20260829-w1-fast-b128-r3\archives\128KiB\mr.hz2"" ""E:\MIXER\hybridzip\results\experiments\hybridzip-r2-e6-fast-k4-full-20260829-w1\children\hybridzip-r2-e6-fast-k4-full-20260829-w1-fast-b128-r3\decoded\128KiB\mr.decoded""","0","0","2026-08-29T14:45:55.9347559+08:00","COMPLETE","PASS","fast-ext=1","Complete R2 archive size; SHA-256 byte-exact roundtrip verified."
"e6-fast","fast","128","3","False","1","1","4","0","00010000","1025B343","4B1AC26C40AD4DA50312FD3B694D7E636FB768C2336FE773BC82D36424C27A4B","0:1,39:1,43:2","1","4996800","4996800","4989300","4989300","4996800","4989300","hybridzip-r2-e6-fast-k4-full-20260829-w1-fast-b128-r3","r2-fast","1","10","nci","32","inputs/32KiB/nci.bin","32768","0D3034FE8B0E573DE1439ED98CE409B83B13E5895085C9BFB0BF980F4962FB79","archives/32KiB/nci.hz2","3101","4CF1982CC88B853BBF82257C11B8893DAC3C1EAB64335AD37AFEF46B8215D130","decoded/32KiB/nci.decoded","32768","0D3034FE8B0E573DE1439ED98CE409B83B13E5895085C9BFB0BF980F4962FB79","0.0588109","0.0422676","5.23828125","2.02734375","5.23828125","74FF260A939B01673667723D8351AAEDB679339610009ECB23C70E373B862D9F","profile_id=2;mode=fast;block_size=131072;zstd_level=3;lzma_level=9;threads=1;process_timeout_seconds=1800","""E:\MIXER\hybridzip\build\Release\hybridzip.exe"" c --profile=r2 --r2-mode=fast --block-size=131072 --zstd-level=3 --threads=1 ""E:\MIXER\hybridzip\results\experiments\hybridzip-r2-e6-fast-k4-full-20260829-w1\children\hybridzip-r2-e6-fast-k4-full-20260829-w1-fast-b128-r3\inputs\32KiB\nci.bin"" ""E:\MIXER\hybridzip\results\experiments\hybridzip-r2-e6-fast-k4-full-20260829-w1\children\hybridzip-r2-e6-fast-k4-full-20260829-w1-fast-b128-r3\archives\32KiB\nci.hz2""","""E:\MIXER\hybridzip\build\Release\hybridzip.exe"" d ""E:\MIXER\hybridzip\results\experiments\hybridzip-r2-e6-fast-k4-full-20260829-w1\children\hybridzip-r2-e6-fast-k4-full-20260829-w1-fast-b128-r3\archives\32KiB\nci.hz2"" ""E:\MIXER\hybridzip\results\experiments\hybridzip-r2-e6-fast-k4-full-20260829-w1\children\hybridzip-r2-e6-fast-k4-full-20260829-w1-fast-b128-r3\decoded\32KiB\nci.decoded""","0","0","2026-08-29T14:45:56.1530041+08:00","COMPLETE","PASS","fast-ext=1","Complete R2 archive size; SHA-256 byte-exact roundtrip verified."
"e6-fast","fast","128","3","False","1","1","4","0","00010000","1025B343","4B1AC26C40AD4DA50312FD3B694D7E636FB768C2336FE773BC82D36424C27A4B","0:1,39:1,43:2","1","8297700","8297700","8291300","8291300","8297700","8291300","hybridzip-r2-e6-fast-k4-full-20260829-w1-fast-b128-r3","r2-fast","1","11","nci","64","inputs/64KiB/nci.bin","65536","B01B411AC3B5CE2FBF37242C0C59D2D236D2F7039937C1B1A0F18F4CC02549FE","archives/64KiB/nci.hz2","5293","317D757C98351D95539B3E9AD6F6945FFABE8400338D0C0FE1F219A3DC6478D5","decoded/64KiB/nci.decoded","65536","B01B411AC3B5CE2FBF37242C0C59D2D236D2F7039937C1B1A0F18F4CC02549FE","0.0592758","0.0456499","5.421875","2.02734375","5.421875","74FF260A939B01673667723D8351AAEDB679339610009ECB23C70E373B862D9F","profile_id=2;mode=fast;block_size=131072;zstd_level=3;lzma_level=9;threads=1;process_timeout_seconds=1800","""E:\MIXER\hybridzip\build\Release\hybridzip.exe"" c --profile=r2 --r2-mode=fast --block-size=131072 --zstd-level=3 --threads=1 ""E:\MIXER\hybridzip\results\experiments\hybridzip-r2-e6-fast-k4-full-20260829-w1\children\hybridzip-r2-e6-fast-k4-full-20260829-w1-fast-b128-r3\inputs\64KiB\nci.bin"" ""E:\MIXER\hybridzip\results\experiments\hybridzip-r2-e6-fast-k4-full-20260829-w1\children\hybridzip-r2-e6-fast-k4-full-20260829-w1-fast-b128-r3\archives\64KiB\nci.hz2""","""E:\MIXER\hybridzip\build\Release\hybridzip.exe"" d ""E:\MIXER\hybridzip\results\experiments\hybridzip-r2-e6-fast-k4-full-20260829-w1\children\hybridzip-r2-e6-fast-k4-full-20260829-w1-fast-b128-r3\archives\64KiB\nci.hz2"" ""E:\MIXER\hybridzip\results\experiments\hybridzip-r2-e6-fast-k4-full-20260829-w1\children\hybridzip-r2-e6-fast-k4-full-20260829-w1-fast-b128-r3\decoded\64KiB\nci.decoded""","0","0","2026-08-29T14:45:56.3260648+08:00","COMPLETE","PASS","fast-ext=1","Complete R2 archive size; SHA-256 byte-exact roundtrip verified."
"e6-fast","fast","128","3","False","1","1","4","0","00010000","1025B343","4B1AC26C40AD4DA50312FD3B694D7E636FB768C2336FE773BC82D36424C27A4B","0:1,39:1,43:2","1","14628700","14628700","14621200","14621200","14628700","14621200","hybridzip-r2-e6-fast-k4-full-20260829-w1-fast-b128-r3","r2-fast","1","12","nci","128","inputs/128KiB/nci.bin","131072","C8A1D610355E5EF900ED4C704DF14ADF1935D95DFD8F1740AC9FD90FC9BF5781","archives/128KiB/nci.hz2","11265","F5A2ABC8D40B5BC2499A49BF93537D8E954DE3347917B86F9BF3E458C58EA62C","decoded/128KiB/nci.decoded","131072","C8A1D610355E5EF900ED4C704DF14ADF1935D95DFD8F1740AC9FD90FC9BF5781","0.0654965","0.054403","5.80078125","2.02734375","5.80078125","74FF260A939B01673667723D8351AAEDB679339610009ECB23C70E373B862D9F","profile_id=2;mode=fast;block_size=131072;zstd_level=3;lzma_level=9;threads=1;process_timeout_seconds=1800","""E:\MIXER\hybridzip\build\Release\hybridzip.exe"" c --profile=r2 --r2-mode=fast --block-size=131072 --zstd-level=3 --threads=1 ""E:\MIXER\hybridzip\results\experiments\hybridzip-r2-e6-fast-k4-full-20260829-w1\children\hybridzip-r2-e6-fast-k4-full-20260829-w1-fast-b128-r3\inputs\128KiB\nci.bin"" ""E:\MIXER\hybridzip\results\experiments\hybridzip-r2-e6-fast-k4-full-20260829-w1\children\hybridzip-r2-e6-fast-k4-full-20260829-w1-fast-b128-r3\archives\128KiB\nci.hz2""","""E:\MIXER\hybridzip\build\Release\hybridzip.exe"" d ""E:\MIXER\hybridzip\results\experiments\hybridzip-r2-e6-fast-k4-full-20260829-w1\children\hybridzip-r2-e6-fast-k4-full-20260829-w1-fast-b128-r3\archives\128KiB\nci.hz2"" ""E:\MIXER\hybridzip\results\experiments\hybridzip-r2-e6-fast-k4-full-20260829-w1\children\hybridzip-r2-e6-fast-k4-full-20260829-w1-fast-b128-r3\decoded\128KiB\nci.decoded""","0","0","2026-08-29T14:45:56.4998425+08:00","COMPLETE","PASS","fast-ext=1","Complete R2 archive size; SHA-256 byte-exact roundtrip verified."
"e6-fast","fast","128","3","False","1","1","4","0","00010000","1025B343","4B1AC26C40AD4DA50312FD3B694D7E636FB768C2336FE773BC82D36424C27A4B","0:1,39:1,43:2","1","5733100","5733100","5721500","5721500","5733100","5721500","hybridzip-r2-e6-fast-k4-full-20260829-w1-fast-b128-r3","r2-fast","1","13","ooffice","32","inputs/32KiB/ooffice.bin","32768","2ACF9B4CAAEAC5814CDFEF0FA48A5ECE857C847DBDB7B44EEAB95CA3C098921C","archives/32KiB/ooffice.hz2","13020","93842D37FA0582469C18B5D797FC54A043A15304D54618492B5A791F64C7BC02","decoded/32KiB/ooffice.decoded","32768","2ACF9B4CAAEAC5814CDFEF0FA48A5ECE857C847DBDB7B44EEAB95CA3C098921C","0.0769621","0.0579754","5.24609375","2.02734375","5.24609375","74FF260A939B01673667723D8351AAEDB679339610009ECB23C70E373B862D9F","profile_id=2;mode=fast;block_size=131072;zstd_level=3;lzma_level=9;threads=1;process_timeout_seconds=1800","""E:\MIXER\hybridzip\build\Release\hybridzip.exe"" c --profile=r2 --r2-mode=fast --block-size=131072 --zstd-level=3 --threads=1 ""E:\MIXER\hybridzip\results\experiments\hybridzip-r2-e6-fast-k4-full-20260829-w1\children\hybridzip-r2-e6-fast-k4-full-20260829-w1-fast-b128-r3\inputs\32KiB\ooffice.bin"" ""E:\MIXER\hybridzip\results\experiments\hybridzip-r2-e6-fast-k4-full-20260829-w1\children\hybridzip-r2-e6-fast-k4-full-20260829-w1-fast-b128-r3\archives\32KiB\ooffice.hz2""","""E:\MIXER\hybridzip\build\Release\hybridzip.exe"" d ""E:\MIXER\hybridzip\results\experiments\hybridzip-r2-e6-fast-k4-full-20260829-w1\children\hybridzip-r2-e6-fast-k4-full-20260829-w1-fast-b128-r3\archives\32KiB\ooffice.hz2"" ""E:\MIXER\hybridzip\results\experiments\hybridzip-r2-e6-fast-k4-full-20260829-w1\children\hybridzip-r2-e6-fast-k4-full-20260829-w1-fast-b128-r3\decoded\32KiB\ooffice.decoded""","0","0","2026-08-29T14:45:56.6938854+08:00","COMPLETE","PASS","fast-ext=1","Complete R2 archive size; SHA-256 byte-exact roundtrip verified."
"e6-fast","fast","128","3","False","1","1","4","0","00010000","1025B343","4B1AC26C40AD4DA50312FD3B694D7E636FB768C2336FE773BC82D36424C27A4B","0:1,39:1,43:2","1","9545100","9545100","9538500","9538500","9545100","9538500","hybridzip-r2-e6-fast-k4-full-20260829-w1-fast-b128-r3","r2-fast","1","14","ooffice","64","inputs/64KiB/ooffice.bin","65536","9D30521922187D0A26F56CF2DF85001F9585D0D4EC6A0A8797466AFCC367F825","archives/64KiB/ooffice.hz2","30037","C6DD2094DF4233A761212237A45C6FCC73FD05A63FF4D3032C77698B2309358B","decoded/64KiB/ooffice.decoded","65536","9D30521922187D0A26F56CF2DF85001F9585D0D4EC6A0A8797466AFCC367F825","0.0647322","0.049698","5.45703125","3.57421875","5.45703125","74FF260A939B01673667723D8351AAEDB679339610009ECB23C70E373B862D9F","profile_id=2;mode=fast;block_size=131072;zstd_level=3;lzma_level=9;threads=1;process_timeout_seconds=1800","""E:\MIXER\hybridzip\build\Release\hybridzip.exe"" c --profile=r2 --r2-mode=fast --block-size=131072 --zstd-level=3 --threads=1 ""E:\MIXER\hybridzip\results\experiments\hybridzip-r2-e6-fast-k4-full-20260829-w1\children\hybridzip-r2-e6-fast-k4-full-20260829-w1-fast-b128-r3\inputs\64KiB\ooffice.bin"" ""E:\MIXER\hybridzip\results\experiments\hybridzip-r2-e6-fast-k4-full-20260829-w1\children\hybridzip-r2-e6-fast-k4-full-20260829-w1-fast-b128-r3\archives\64KiB\ooffice.hz2""","""E:\MIXER\hybridzip\build\Release\hybridzip.exe"" d ""E:\MIXER\hybridzip\results\experiments\hybridzip-r2-e6-fast-k4-full-20260829-w1\children\hybridzip-r2-e6-fast-k4-full-20260829-w1-fast-b128-r3\archives\64KiB\ooffice.hz2"" ""E:\MIXER\hybridzip\results\experiments\hybridzip-r2-e6-fast-k4-full-20260829-w1\children\hybridzip-r2-e6-fast-k4-full-20260829-w1-fast-b128-r3\decoded\64KiB\ooffice.decoded""","0","0","2026-08-29T14:45:56.9105237+08:00","COMPLETE","PASS","fast-ext=1","Complete R2 archive size; SHA-256 byte-exact roundtrip verified."
"e6-fast","fast","128","3","False","1","1","4","0","00010000","1025B343","4B1AC26C40AD4DA50312FD3B694D7E636FB768C2336FE773BC82D36424C27A4B","0:1,39:1,43:2","1","18592200","18592200","18539400","18539400","18592200","18539400","hybridzip-r2-e6-fast-k4-full-20260829-w1-fast-b128-r3","r2-fast","1","15","ooffice","128","inputs/128KiB/ooffice.bin","131072","09FA5F3EE5311528863F8C3FADA3B530CC24AC1D88128E4DB2BF434161879FEF","archives/128KiB/ooffice.hz2","64227","D68E4BA2FA7AD6DD29237CC12A629DBD2226FB7F3DEE46754F557CF8DD3252D3","decoded/128KiB/ooffice.decoded","131072","09FA5F3EE5311528863F8C3FADA3B530CC24AC1D88128E4DB2BF434161879FEF","0.0693984","0.0438395","5.8359375","2.02734375","5.8359375","74FF260A939B01673667723D8351AAEDB679339610009ECB23C70E373B862D9F","profile_id=2;mode=fast;block_size=131072;zstd_level=3;lzma_level=9;threads=1;process_timeout_seconds=1800","""E:\MIXER\hybridzip\build\Release\hybridzip.exe"" c --profile=r2 --r2-mode=fast --block-size=131072 --zstd-level=3 --threads=1 ""E:\MIXER\hybridzip\results\experiments\hybridzip-r2-e6-fast-k4-full-20260829-w1\children\hybridzip-r2-e6-fast-k4-full-20260829-w1-fast-b128-r3\inputs\128KiB\ooffice.bin"" ""E:\MIXER\hybridzip\results\experiments\hybridzip-r2-e6-fast-k4-full-20260829-w1\children\hybridzip-r2-e6-fast-k4-full-20260829-w1-fast-b128-r3\archives\128KiB\ooffice.hz2""","""E:\MIXER\hybridzip\build\Release\hybridzip.exe"" d ""E:\MIXER\hybridzip\results\experiments\hybridzip-r2-e6-fast-k4-full-20260829-w1\children\hybridzip-r2-e6-fast-k4-full-20260829-w1-fast-b128-r3\archives\128KiB\ooffice.hz2"" ""E:\MIXER\hybridzip\results\experiments\hybridzip-r2-e6-fast-k4-full-20260829-w1\children\hybridzip-r2-e6-fast-k4-full-20260829-w1-fast-b128-r3\decoded\128KiB\ooffice.decoded""","0","0","2026-08-29T14:45:57.1009584+08:00","COMPLETE","PASS","fast-ext=1","Complete R2 archive size; SHA-256 byte-exact roundtrip verified."
"e6-fast","fast","128","3","False","1","1","4","0","00010000","1025B343","4B1AC26C40AD4DA50312FD3B694D7E636FB768C2336FE773BC82D36424C27A4B","0:1,39:1,43:2","1","5484500","5484500","5336900","5336900","5484500","5336900","hybridzip-r2-e6-fast-k4-full-20260829-w1-fast-b128-r3","r2-fast","1","16","osdb","32","inputs/32KiB/osdb.bin","32768","03B2C20B777682CD960BCD893D7A4463161D9C0200FD1708B2EFAE32A259D0B7","archives/32KiB/osdb.hz2","15695","E2B3286A0313D3AD1590CAE7EEDD530F5D05C7CF88A301F19B4CC33BB16565E5","decoded/32KiB/osdb.decoded","32768","03B2C20B777682CD960BCD893D7A4463161D9C0200FD1708B2EFAE32A259D0B7","0.0504584","0.0424816","2.74609375","2.02734375","2.74609375","74FF260A939B01673667723D8351AAEDB679339610009ECB23C70E373B862D9F","profile_id=2;mode=fast;block_size=131072;zstd_level=3;lzma_level=9;threads=1;process_timeout_seconds=1800","""E:\MIXER\hybridzip\build\Release\hybridzip.exe"" c --profile=r2 --r2-mode=fast --block-size=131072 --zstd-level=3 --threads=1 ""E:\MIXER\hybridzip\results\experiments\hybridzip-r2-e6-fast-k4-full-20260829-w1\children\hybridzip-r2-e6-fast-k4-full-20260829-w1-fast-b128-r3\inputs\32KiB\osdb.bin"" ""E:\MIXER\hybridzip\results\experiments\hybridzip-r2-e6-fast-k4-full-20260829-w1\children\hybridzip-r2-e6-fast-k4-full-20260829-w1-fast-b128-r3\archives\32KiB\osdb.hz2""","""E:\MIXER\hybridzip\build\Release\hybridzip.exe"" d ""E:\MIXER\hybridzip\results\experiments\hybridzip-r2-e6-fast-k4-full-20260829-w1\children\hybridzip-r2-e6-fast-k4-full-20260829-w1-fast-b128-r3\archives\32KiB\osdb.hz2"" ""E:\MIXER\hybridzip\results\experiments\hybridzip-r2-e6-fast-k4-full-20260829-w1\children\hybridzip-r2-e6-fast-k4-full-20260829-w1-fast-b128-r3\decoded\32KiB\osdb.decoded""","0","0","2026-08-29T14:45:57.2995536+08:00","COMPLETE","PASS","fast-ext=1","Complete R2 archive size; SHA-256 byte-exact roundtrip verified."
"e6-fast","fast","128","3","False","1","1","4","0","00010000","1025B343","4B1AC26C40AD4DA50312FD3B694D7E636FB768C2336FE773BC82D36424C27A4B","0:1,39:1,43:2","1","8571500","8571500","8564100","8564100","8571500","8564100","hybridzip-r2-e6-fast-k4-full-20260829-w1-fast-b128-r3","r2-fast","1","17","osdb","64","inputs/64KiB/osdb.bin","65536","F8FE629325A07588118BA0B65880A87DED43EF249CCBC91F0E977BBACAE0C125","archives/64KiB/osdb.hz2","27355","6000DBEA65E45B25BBBCA5C8034DE3125C9B5B9E4BA7E53755A6C229071438C9","decoded/64KiB/osdb.decoded","65536","F8FE629325A07588118BA0B65880A87DED43EF249CCBC91F0E977BBACAE0C125","0.0579271","0.0610374","5.47265625","2.0234375","5.47265625","74FF260A939B01673667723D8351AAEDB679339610009ECB23C70E373B862D9F","profile_id=2;mode=fast;block_size=131072;zstd_level=3;lzma_level=9;threads=1;process_timeout_seconds=1800","""E:\MIXER\hybridzip\build\Release\hybridzip.exe"" c --profile=r2 --r2-mode=fast --block-size=131072 --zstd-level=3 --threads=1 ""E:\MIXER\hybridzip\results\experiments\hybridzip-r2-e6-fast-k4-full-20260829-w1\children\hybridzip-r2-e6-fast-k4-full-20260829-w1-fast-b128-r3\inputs\64KiB\osdb.bin"" ""E:\MIXER\hybridzip\results\experiments\hybridzip-r2-e6-fast-k4-full-20260829-w1\children\hybridzip-r2-e6-fast-k4-full-20260829-w1-fast-b128-r3\archives\64KiB\osdb.hz2""","""E:\MIXER\hybridzip\build\Release\hybridzip.exe"" d ""E:\MIXER\hybridzip\results\experiments\hybridzip-r2-e6-fast-k4-full-20260829-w1\children\hybridzip-r2-e6-fast-k4-full-20260829-w1-fast-b128-r3\archives\64KiB\osdb.hz2"" ""E:\MIXER\hybridzip\results\experiments\hybridzip-r2-e6-fast-k4-full-20260829-w1\children\hybridzip-r2-e6-fast-k4-full-20260829-w1-fast-b128-r3\decoded\64KiB\osdb.decoded""","0","0","2026-08-29T14:45:57.4664772+08:00","COMPLETE","PASS","fast-ext=1","Complete R2 archive size; SHA-256 byte-exact roundtrip verified."
"e6-fast","fast","128","3","False","1","1","4","0","00010000","1025B343","4B1AC26C40AD4DA50312FD3B694D7E636FB768C2336FE773BC82D36424C27A4B","0:1,39:1,43:2","1","15371400","15371400","15363800","15363800","15371400","15363800","hybridzip-r2-e6-fast-k4-full-20260829-w1-fast-b128-r3","r2-fast","1","18","osdb","128","inputs/128KiB/osdb.bin","131072","D977E72AE13AEFC36A4B6171A895E26A0E6EEE447B1B9FBE868D7B1C046CC91F","archives/128KiB/osdb.hz2","50365","DD7E4FC851CFE622125BB4151F5CC914C9AE27293159BB77D1C554CA7C7CE4A3","decoded/128KiB/osdb.decoded","131072","D977E72AE13AEFC36A4B6171A895E26A0E6EEE447B1B9FBE868D7B1C046CC91F","0.0895569","0.0592813","2.02734375","2.02734375","2.02734375","74FF260A939B01673667723D8351AAEDB679339610009ECB23C70E373B862D9F","profile_id=2;mode=fast;block_size=131072;zstd_level=3;lzma_level=9;threads=1;process_timeout_seconds=1800","""E:\MIXER\hybridzip\build\Release\hybridzip.exe"" c --profile=r2 --r2-mode=fast --block-size=131072 --zstd-level=3 --threads=1 ""E:\MIXER\hybridzip\results\experiments\hybridzip-r2-e6-fast-k4-full-20260829-w1\children\hybridzip-r2-e6-fast-k4-full-20260829-w1-fast-b128-r3\inputs\128KiB\osdb.bin"" ""E:\MIXER\hybridzip\results\experiments\hybridzip-r2-e6-fast-k4-full-20260829-w1\children\hybridzip-r2-e6-fast-k4-full-20260829-w1-fast-b128-r3\archives\128KiB\osdb.hz2""","""E:\MIXER\hybridzip\build\Release\hybridzip.exe"" d ""E:\MIXER\hybridzip\results\experiments\hybridzip-r2-e6-fast-k4-full-20260829-w1\children\hybridzip-r2-e6-fast-k4-full-20260829-w1-fast-b128-r3\archives\128KiB\osdb.hz2"" ""E:\MIXER\hybridzip\results\experiments\hybridzip-r2-e6-fast-k4-full-20260829-w1\children\hybridzip-r2-e6-fast-k4-full-20260829-w1-fast-b128-r3\decoded\128KiB\osdb.decoded""","0","0","2026-08-29T14:45:57.6573680+08:00","COMPLETE","PASS","fast-ext=1","Complete R2 archive size; SHA-256 byte-exact roundtrip verified."
"e6-fast","fast","128","3","False","1","1","4","0","00010000","1025B343","4B1AC26C40AD4DA50312FD3B694D7E636FB768C2336FE773BC82D36424C27A4B","0:1,39:1,43:2","1","6316400","6316400","6309700","6309700","6316400","6309700","hybridzip-r2-e6-fast-k4-full-20260829-w1-fast-b128-r3","r2-fast","1","19","reymont","32","inputs/32KiB/reymont.bin","32768","9D5E4B9340C2260DAE7DDB01B3EDA58236FF2DE5E1FF4D56767AA840B6FB1A87","archives/32KiB/reymont.hz2","10572","CB4BCAC198F61E555B1E399A4231663CDD8C6FBCB343EDED058740DD16FE6A2E","decoded/32KiB/reymont.decoded","32768","9D5E4B9340C2260DAE7DDB01B3EDA58236FF2DE5E1FF4D56767AA840B6FB1A87","0.0586973","0.0565799","2.02734375","2.02734375","2.02734375","74FF260A939B01673667723D8351AAEDB679339610009ECB23C70E373B862D9F","profile_id=2;mode=fast;block_size=131072;zstd_level=3;lzma_level=9;threads=1;process_timeout_seconds=1800","""E:\MIXER\hybridzip\build\Release\hybridzip.exe"" c --profile=r2 --r2-mode=fast --block-size=131072 --zstd-level=3 --threads=1 ""E:\MIXER\hybridzip\results\experiments\hybridzip-r2-e6-fast-k4-full-20260829-w1\children\hybridzip-r2-e6-fast-k4-full-20260829-w1-fast-b128-r3\inputs\32KiB\reymont.bin"" ""E:\MIXER\hybridzip\results\experiments\hybridzip-r2-e6-fast-k4-full-20260829-w1\children\hybridzip-r2-e6-fast-k4-full-20260829-w1-fast-b128-r3\archives\32KiB\reymont.hz2""","""E:\MIXER\hybridzip\build\Release\hybridzip.exe"" d ""E:\MIXER\hybridzip\results\experiments\hybridzip-r2-e6-fast-k4-full-20260829-w1\children\hybridzip-r2-e6-fast-k4-full-20260829-w1-fast-b128-r3\archives\32KiB\reymont.hz2"" ""E:\MIXER\hybridzip\results\experiments\hybridzip-r2-e6-fast-k4-full-20260829-w1\children\hybridzip-r2-e6-fast-k4-full-20260829-w1-fast-b128-r3\decoded\32KiB\reymont.decoded""","0","0","2026-08-29T14:45:57.8783506+08:00","COMPLETE","PASS","fast-ext=1","Complete R2 archive size; SHA-256 byte-exact roundtrip verified."
"e6-fast","fast","128","3","False","1","1","4","0","00010000","1025B343","4B1AC26C40AD4DA50312FD3B694D7E636FB768C2336FE773BC82D36424C27A4B","0:1,39:1,43:2","1","10944900","10944900","10936700","10936700","10944900","10936700","hybridzip-r2-e6-fast-k4-full-20260829-w1-fast-b128-r3","r2-fast","1","20","reymont","64","inputs/64KiB/reymont.bin","65536","A5ECAAABB133F1ADF8DE6062BE6381D143E87F9F8050EEA9B5BE6F92B88C3C22","archives/64KiB/reymont.hz2","20574","2EF31B2BB84F239B3C21ED60BE5E6CD74C455F94D1CC86AEAA594F3C84637A09","decoded/64KiB/reymont.decoded","65536","A5ECAAABB133F1ADF8DE6062BE6381D143E87F9F8050EEA9B5BE6F92B88C3C22","0.0678932","0.047998","5.45703125","2.28515625","5.45703125","74FF260A939B01673667723D8351AAEDB679339610009ECB23C70E373B862D9F","profile_id=2;mode=fast;block_size=131072;zstd_level=3;lzma_level=9;threads=1;process_timeout_seconds=1800","""E:\MIXER\hybridzip\build\Release\hybridzip.exe"" c --profile=r2 --r2-mode=fast --block-size=131072 --zstd-level=3 --threads=1 ""E:\MIXER\hybridzip\results\experiments\hybridzip-r2-e6-fast-k4-full-20260829-w1\children\hybridzip-r2-e6-fast-k4-full-20260829-w1-fast-b128-r3\inputs\64KiB\reymont.bin"" ""E:\MIXER\hybridzip\results\experiments\hybridzip-r2-e6-fast-k4-full-20260829-w1\children\hybridzip-r2-e6-fast-k4-full-20260829-w1-fast-b128-r3\archives\64KiB\reymont.hz2""","""E:\MIXER\hybridzip\build\Release\hybridzip.exe"" d ""E:\MIXER\hybridzip\results\experiments\hybridzip-r2-e6-fast-k4-full-20260829-w1\children\hybridzip-r2-e6-fast-k4-full-20260829-w1-fast-b128-r3\archives\64KiB\reymont.hz2"" ""E:\MIXER\hybridzip\results\experiments\hybridzip-r2-e6-fast-k4-full-20260829-w1\children\hybridzip-r2-e6-fast-k4-full-20260829-w1-fast-b128-r3\decoded\64KiB\reymont.decoded""","0","0","2026-08-29T14:45:58.0669271+08:00","COMPLETE","PASS","fast-ext=1","Complete R2 archive size; SHA-256 byte-exact roundtrip verified."
"e6-fast","fast","128","3","False","1","1","4","0","00010000","1025B343","4B1AC26C40AD4DA50312FD3B694D7E636FB768C2336FE773BC82D36424C27A4B","0:1,39:1,43:2","1","23228700","23228700","23219100","23219100","23228700","23219100","hybridzip-r2-e6-fast-k4-full-20260829-w1-fast-b128-r3","r2-fast","1","21","reymont","128","inputs/128KiB/reymont.bin","131072","A6CA7478854C1E80DFEAF9FB3444B357F9D7625E55232FAE3B3632A5A1217DEA","archives/128KiB/reymont.hz2","40440","5B80BC6A50FBA92F12EBA9EEB7E7A098C369C672CDF4E1A67415960D45A1D35F","decoded/128KiB/reymont.decoded","131072","A6CA7478854C1E80DFEAF9FB3444B357F9D7625E55232FAE3B3632A5A1217DEA","0.0703263","0.0591928","5.84765625","2.02734375","5.84765625","74FF260A939B01673667723D8351AAEDB679339610009ECB23C70E373B862D9F","profile_id=2;mode=fast;block_size=131072;zstd_level=3;lzma_level=9;threads=1;process_timeout_seconds=1800","""E:\MIXER\hybridzip\build\Release\hybridzip.exe"" c --profile=r2 --r2-mode=fast --block-size=131072 --zstd-level=3 --threads=1 ""E:\MIXER\hybridzip\results\experiments\hybridzip-r2-e6-fast-k4-full-20260829-w1\children\hybridzip-r2-e6-fast-k4-full-20260829-w1-fast-b128-r3\inputs\128KiB\reymont.bin"" ""E:\MIXER\hybridzip\results\experiments\hybridzip-r2-e6-fast-k4-full-20260829-w1\children\hybridzip-r2-e6-fast-k4-full-20260829-w1-fast-b128-r3\archives\128KiB\reymont.hz2""","""E:\MIXER\hybridzip\build\Release\hybridzip.exe"" d ""E:\MIXER\hybridzip\results\experiments\hybridzip-r2-e6-fast-k4-full-20260829-w1\children\hybridzip-r2-e6-fast-k4-full-20260829-w1-fast-b128-r3\archives\128KiB\reymont.hz2"" ""E:\MIXER\hybridzip\results\experiments\hybridzip-r2-e6-fast-k4-full-20260829-w1\children\hybridzip-r2-e6-fast-k4-full-20260829-w1-fast-b128-r3\decoded\128KiB\reymont.decoded""","0","0","2026-08-29T14:45:58.2501059+08:00","COMPLETE","PASS","fast-ext=1","Complete R2 archive size; SHA-256 byte-exact roundtrip verified."
"e6-fast","fast","128","3","False","1","1","4","0","00010000","1025B343","4B1AC26C40AD4DA50312FD3B694D7E636FB768C2336FE773BC82D36424C27A4B","0:1,39:1,43:2","1","5658600","5658600","5511600","5511600","5658600","5511600","hybridzip-r2-e6-fast-k4-full-20260829-w1-fast-b128-r3","r2-fast","1","22","samba","32","inputs/32KiB/samba.bin","32768","9C4F5BEE544E4531E4946E62F796987418B4526911C34877EF282F14DD57AD12","archives/32KiB/samba.hz2","11946","026AC468D505D4376546CDE4931AA38E4D4D3EED76B82F5569D36536C37F4FE5","decoded/32KiB/samba.decoded","32768","9C4F5BEE544E4531E4946E62F796987418B4526911C34877EF282F14DD57AD12","0.0575068","0.0502101","5.26171875","3.5078125","5.26171875","74FF260A939B01673667723D8351AAEDB679339610009ECB23C70E373B862D9F","profile_id=2;mode=fast;block_size=131072;zstd_level=3;lzma_level=9;threads=1;process_timeout_seconds=1800","""E:\MIXER\hybridzip\build\Release\hybridzip.exe"" c --profile=r2 --r2-mode=fast --block-size=131072 --zstd-level=3 --threads=1 ""E:\MIXER\hybridzip\results\experiments\hybridzip-r2-e6-fast-k4-full-20260829-w1\children\hybridzip-r2-e6-fast-k4-full-20260829-w1-fast-b128-r3\inputs\32KiB\samba.bin"" ""E:\MIXER\hybridzip\results\experiments\hybridzip-r2-e6-fast-k4-full-20260829-w1\children\hybridzip-r2-e6-fast-k4-full-20260829-w1-fast-b128-r3\archives\32KiB\samba.hz2""","""E:\MIXER\hybridzip\build\Release\hybridzip.exe"" d ""E:\MIXER\hybridzip\results\experiments\hybridzip-r2-e6-fast-k4-full-20260829-w1\children\hybridzip-r2-e6-fast-k4-full-20260829-w1-fast-b128-r3\archives\32KiB\samba.hz2"" ""E:\MIXER\hybridzip\results\experiments\hybridzip-r2-e6-fast-k4-full-20260829-w1\children\hybridzip-r2-e6-fast-k4-full-20260829-w1-fast-b128-r3\decoded\32KiB\samba.decoded""","0","0","2026-08-29T14:45:58.4525774+08:00","COMPLETE","PASS","fast-ext=1","Complete R2 archive size; SHA-256 byte-exact roundtrip verified."
"e6-fast","fast","128","3","False","1","1","4","0","00010000","1025B343","4B1AC26C40AD4DA50312FD3B694D7E636FB768C2336FE773BC82D36424C27A4B","0:1,39:1,43:2","1","10220500","10220500","10214800","10214800","10220500","10214800","hybridzip-r2-e6-fast-k4-full-20260829-w1-fast-b128-r3","r2-fast","1","23","samba","64","inputs/64KiB/samba.bin","65536","3E0420984C0F260EA7350734600CEA9D8500B745E2E4B7DBD4D1DA1D1ADAC421","archives/64KiB/samba.hz2","23328","1357FAD14916F222F60F395D90F440B36541473A42E363A3F60A16E4C1A5CEA3","decoded/64KiB/samba.decoded","65536","3E0420984C0F260EA7350734600CEA9D8500B745E2E4B7DBD4D1DA1D1ADAC421","0.0532276","0.0428265","2.02734375","2.02734375","2.02734375","74FF260A939B01673667723D8351AAEDB679339610009ECB23C70E373B862D9F","profile_id=2;mode=fast;block_size=131072;zstd_level=3;lzma_level=9;threads=1;process_timeout_seconds=1800","""E:\MIXER\hybridzip\build\Release\hybridzip.exe"" c --profile=r2 --r2-mode=fast --block-size=131072 --zstd-level=3 --threads=1 ""E:\MIXER\hybridzip\results\experiments\hybridzip-r2-e6-fast-k4-full-20260829-w1\children\hybridzip-r2-e6-fast-k4-full-20260829-w1-fast-b128-r3\inputs\64KiB\samba.bin"" ""E:\MIXER\hybridzip\results\experiments\hybridzip-r2-e6-fast-k4-full-20260829-w1\children\hybridzip-r2-e6-fast-k4-full-20260829-w1-fast-b128-r3\archives\64KiB\samba.hz2""","""E:\MIXER\hybridzip\build\Release\hybridzip.exe"" d ""E:\MIXER\hybridzip\results\experiments\hybridzip-r2-e6-fast-k4-full-20260829-w1\children\hybridzip-r2-e6-fast-k4-full-20260829-w1-fast-b128-r3\archives\64KiB\samba.hz2"" ""E:\MIXER\hybridzip\results\experiments\hybridzip-r2-e6-fast-k4-full-20260829-w1\children\hybridzip-r2-e6-fast-k4-full-20260829-w1-fast-b128-r3\decoded\64KiB\samba.decoded""","0","0","2026-08-29T14:45:58.6290740+08:00","COMPLETE","PASS","fast-ext=1","Complete R2 archive size; SHA-256 byte-exact roundtrip verified."
"e6-fast","fast","128","3","False","1","1","4","0","00010000","1025B343","4B1AC26C40AD4DA50312FD3B694D7E636FB768C2336FE773BC82D36424C27A4B","0:1,39:1,43:2","1","18538900","18538900","18497200","18497200","18538900","18497200","hybridzip-r2-e6-fast-k4-full-20260829-w1-fast-b128-r3","r2-fast","1","24","samba","128","inputs/128KiB/samba.bin","131072","F3B8C4AD35BC6CF21977895D6F04A22B1422605942FA5AFE35CE28B2A221D7E8","archives/128KiB/samba.hz2","50584","749616CC2D3B49252C415D9F17B5356744BD663AD70FA3A8DE62AC2E1A46B3CC","decoded/128KiB/samba.decoded","131072","F3B8C4AD35BC6CF21977895D6F04A22B1422605942FA5AFE35CE28B2A221D7E8","0.0746073","0.043752","5.8125","2.02734375","5.8125","74FF260A939B01673667723D8351AAEDB679339610009ECB23C70E373B862D9F","profile_id=2;mode=fast;block_size=131072;zstd_level=3;lzma_level=9;threads=1;process_timeout_seconds=1800","""E:\MIXER\hybridzip\build\Release\hybridzip.exe"" c --profile=r2 --r2-mode=fast --block-size=131072 --zstd-level=3 --threads=1 ""E:\MIXER\hybridzip\results\experiments\hybridzip-r2-e6-fast-k4-full-20260829-w1\children\hybridzip-r2-e6-fast-k4-full-20260829-w1-fast-b128-r3\inputs\128KiB\samba.bin"" ""E:\MIXER\hybridzip\results\experiments\hybridzip-r2-e6-fast-k4-full-20260829-w1\children\hybridzip-r2-e6-fast-k4-full-20260829-w1-fast-b128-r3\archives\128KiB\samba.hz2""","""E:\MIXER\hybridzip\build\Release\hybridzip.exe"" d ""E:\MIXER\hybridzip\results\experiments\hybridzip-r2-e6-fast-k4-full-20260829-w1\children\hybridzip-r2-e6-fast-k4-full-20260829-w1-fast-b128-r3\archives\128KiB\samba.hz2"" ""E:\MIXER\hybridzip\results\experiments\hybridzip-r2-e6-fast-k4-full-20260829-w1\children\hybridzip-r2-e6-fast-k4-full-20260829-w1-fast-b128-r3\decoded\128KiB\samba.decoded""","0","0","2026-08-29T14:45:58.7951013+08:00","COMPLETE","PASS","fast-ext=1","Complete R2 archive size; SHA-256 byte-exact roundtrip verified."
"e6-fast","fast","128","3","False","1","1","4","0","00010000","1025B343","4B1AC26C40AD4DA50312FD3B694D7E636FB768C2336FE773BC82D36424C27A4B","0:1,39:1,43:2","1","5534500","5534500","5428700","5428700","5534500","5428700","hybridzip-r2-e6-fast-k4-full-20260829-w1-fast-b128-r3","r2-fast","1","25","sao","32","inputs/32KiB/sao.bin","32768","95677430CAD4F000506BC5EE22815C3F4E13D64B477ED506B78D5D9ACFB50CCD","archives/32KiB/sao.hz2","26958","4BC0E6A18FAA2946578CA84DEDCE634BB5747EA29DD323CCDB44345683A1B1B4","decoded/32KiB/sao.decoded","32768","95677430CAD4F000506BC5EE22815C3F4E13D64B477ED506B78D5D9ACFB50CCD","0.0534467","0.0577191","5.25390625","2.02734375","5.25390625","74FF260A939B01673667723D8351AAEDB679339610009ECB23C70E373B862D9F","profile_id=2;mode=fast;block_size=131072;zstd_level=3;lzma_level=9;threads=1;process_timeout_seconds=1800","""E:\MIXER\hybridzip\build\Release\hybridzip.exe"" c --profile=r2 --r2-mode=fast --block-size=131072 --zstd-level=3 --threads=1 ""E:\MIXER\hybridzip\results\experiments\hybridzip-r2-e6-fast-k4-full-20260829-w1\children\hybridzip-r2-e6-fast-k4-full-20260829-w1-fast-b128-r3\inputs\32KiB\sao.bin"" ""E:\MIXER\hybridzip\results\experiments\hybridzip-r2-e6-fast-k4-full-20260829-w1\children\hybridzip-r2-e6-fast-k4-full-20260829-w1-fast-b128-r3\archives\32KiB\sao.hz2""","""E:\MIXER\hybridzip\build\Release\hybridzip.exe"" d ""E:\MIXER\hybridzip\results\experiments\hybridzip-r2-e6-fast-k4-full-20260829-w1\children\hybridzip-r2-e6-fast-k4-full-20260829-w1-fast-b128-r3\archives\32KiB\sao.hz2"" ""E:\MIXER\hybridzip\results\experiments\hybridzip-r2-e6-fast-k4-full-20260829-w1\children\hybridzip-r2-e6-fast-k4-full-20260829-w1-fast-b128-r3\decoded\32KiB\sao.decoded""","0","0","2026-08-29T14:45:58.9868514+08:00","COMPLETE","PASS","fast-ext=1","Complete R2 archive size; SHA-256 byte-exact roundtrip verified."
"e6-fast","fast","128","3","False","1","1","4","0","00010000","1025B343","4B1AC26C40AD4DA50312FD3B694D7E636FB768C2336FE773BC82D36424C27A4B","0:1,39:1,43:2","1","9097700","9097700","9091800","9091800","9097700","9091800","hybridzip-r2-e6-fast-k4-full-20260829-w1-fast-b128-r3","r2-fast","1","26","sao","64","inputs/64KiB/sao.bin","65536","17CBD7166A47786139F60BA33B4E771CE0154F6FA56986883D129BC23F78EBEE","archives/64KiB/sao.hz2","52935","92386921FA003E1E21680A044C340A0E7B834029DC333EAC22142F965344D73C","decoded/64KiB/sao.decoded","65536","17CBD7166A47786139F60BA33B4E771CE0154F6FA56986883D129BC23F78EBEE","0.0607055","0.043007","5.4609375","2.02734375","5.4609375","74FF260A939B01673667723D8351AAEDB679339610009ECB23C70E373B862D9F","profile_id=2;mode=fast;block_size=131072;zstd_level=3;lzma_level=9;threads=1;process_timeout_seconds=1800","""E:\MIXER\hybridzip\build\Release\hybridzip.exe"" c --profile=r2 --r2-mode=fast --block-size=131072 --zstd-level=3 --threads=1 ""E:\MIXER\hybridzip\results\experiments\hybridzip-r2-e6-fast-k4-full-20260829-w1\children\hybridzip-r2-e6-fast-k4-full-20260829-w1-fast-b128-r3\inputs\64KiB\sao.bin"" ""E:\MIXER\hybridzip\results\experiments\hybridzip-r2-e6-fast-k4-full-20260829-w1\children\hybridzip-r2-e6-fast-k4-full-20260829-w1-fast-b128-r3\archives\64KiB\sao.hz2""","""E:\MIXER\hybridzip\build\Release\hybridzip.exe"" d ""E:\MIXER\hybridzip\results\experiments\hybridzip-r2-e6-fast-k4-full-20260829-w1\children\hybridzip-r2-e6-fast-k4-full-20260829-w1-fast-b128-r3\archives\64KiB\sao.hz2"" ""E:\MIXER\hybridzip\results\experiments\hybridzip-r2-e6-fast-k4-full-20260829-w1\children\hybridzip-r2-e6-fast-k4-full-20260829-w1-fast-b128-r3\decoded\64KiB\sao.decoded""","0","0","2026-08-29T14:45:59.1687436+08:00","COMPLETE","PASS","lz4=1","Complete R2 archive size; SHA-256 byte-exact roundtrip verified."
"e6-fast","fast","128","3","False","1","1","4","0","00010000","1025B343","4B1AC26C40AD4DA50312FD3B694D7E636FB768C2336FE773BC82D36424C27A4B","0:1,39:1,43:2","1","17627300","17627300","17593400","17593400","17627300","17593400","hybridzip-r2-e6-fast-k4-full-20260829-w1-fast-b128-r3","r2-fast","1","27","sao","128","inputs/128KiB/sao.bin","131072","75E535B42DB7505118D8B19C7C42C1F49C5542ADDC9DBC13383953659F675CE0","archives/128KiB/sao.hz2","104335","89DB453C6D514E5E9039B58F5E9EB284B34F7504B151AA4C090F3AAA3846D36D","decoded/128KiB/sao.decoded","131072","75E535B42DB7505118D8B19C7C42C1F49C5542ADDC9DBC13383953659F675CE0","0.0680515","0.0522506","5.84375","2.02734375","5.84375","74FF260A939B01673667723D8351AAEDB679339610009ECB23C70E373B862D9F","profile_id=2;mode=fast;block_size=131072;zstd_level=3;lzma_level=9;threads=1;process_timeout_seconds=1800","""E:\MIXER\hybridzip\build\Release\hybridzip.exe"" c --profile=r2 --r2-mode=fast --block-size=131072 --zstd-level=3 --threads=1 ""E:\MIXER\hybridzip\results\experiments\hybridzip-r2-e6-fast-k4-full-20260829-w1\children\hybridzip-r2-e6-fast-k4-full-20260829-w1-fast-b128-r3\inputs\128KiB\sao.bin"" ""E:\MIXER\hybridzip\results\experiments\hybridzip-r2-e6-fast-k4-full-20260829-w1\children\hybridzip-r2-e6-fast-k4-full-20260829-w1-fast-b128-r3\archives\128KiB\sao.hz2""","""E:\MIXER\hybridzip\build\Release\hybridzip.exe"" d ""E:\MIXER\hybridzip\results\experiments\hybridzip-r2-e6-fast-k4-full-20260829-w1\children\hybridzip-r2-e6-fast-k4-full-20260829-w1-fast-b128-r3\archives\128KiB\sao.hz2"" ""E:\MIXER\hybridzip\results\experiments\hybridzip-r2-e6-fast-k4-full-20260829-w1\children\hybridzip-r2-e6-fast-k4-full-20260829-w1-fast-b128-r3\decoded\128KiB\sao.decoded""","0","0","2026-08-29T14:45:59.3578633+08:00","COMPLETE","PASS","lz4=1","Complete R2 archive size; SHA-256 byte-exact roundtrip verified."
"e6-fast","fast","128","3","False","1","1","4","0","00010000","1025B343","4B1AC26C40AD4DA50312FD3B694D7E636FB768C2336FE773BC82D36424C27A4B","0:1,39:1,43:2","1","5560600","5560600","5491600","5491600","5560600","5491600","hybridzip-r2-e6-fast-k4-full-20260829-w1-fast-b128-r3","r2-fast","1","28","webster","32","inputs/32KiB/webster.bin","32768","774D224695AF4057353F72602BB96CD2AFEEA059AC7737535645F11596FCA85E","archives/32KiB/webster.hz2","13777","99108DEF14614997FA1F06A5D42169D5CEF3F52BA4E8F7B82FB8F69D1F4243A7","decoded/32KiB/webster.decoded","32768","774D224695AF4057353F72602BB96CD2AFEEA059AC7737535645F11596FCA85E","0.0593978","0.0536189","5.2578125","3.86328125","5.2578125","74FF260A939B01673667723D8351AAEDB679339610009ECB23C70E373B862D9F","profile_id=2;mode=fast;block_size=131072;zstd_level=3;lzma_level=9;threads=1;process_timeout_seconds=1800","""E:\MIXER\hybridzip\build\Release\hybridzip.exe"" c --profile=r2 --r2-mode=fast --block-size=131072 --zstd-level=3 --threads=1 ""E:\MIXER\hybridzip\results\experiments\hybridzip-r2-e6-fast-k4-full-20260829-w1\children\hybridzip-r2-e6-fast-k4-full-20260829-w1-fast-b128-r3\inputs\32KiB\webster.bin"" ""E:\MIXER\hybridzip\results\experiments\hybridzip-r2-e6-fast-k4-full-20260829-w1\children\hybridzip-r2-e6-fast-k4-full-20260829-w1-fast-b128-r3\archives\32KiB\webster.hz2""","""E:\MIXER\hybridzip\build\Release\hybridzip.exe"" d ""E:\MIXER\hybridzip\results\experiments\hybridzip-r2-e6-fast-k4-full-20260829-w1\children\hybridzip-r2-e6-fast-k4-full-20260829-w1-fast-b128-r3\archives\32KiB\webster.hz2"" ""E:\MIXER\hybridzip\results\experiments\hybridzip-r2-e6-fast-k4-full-20260829-w1\children\hybridzip-r2-e6-fast-k4-full-20260829-w1-fast-b128-r3\decoded\32KiB\webster.decoded""","0","0","2026-08-29T14:45:59.5726265+08:00","COMPLETE","PASS","fast-ext=1","Complete R2 archive size; SHA-256 byte-exact roundtrip verified."
"e6-fast","fast","128","3","False","1","1","4","0","00010000","1025B343","4B1AC26C40AD4DA50312FD3B694D7E636FB768C2336FE773BC82D36424C27A4B","0:1,39:1,43:2","1","9841000","9841000","9834800","9834800","9841000","9834800","hybridzip-r2-e6-fast-k4-full-20260829-w1-fast-b128-r3","r2-fast","1","29","webster","64","inputs/64KiB/webster.bin","65536","262258811321382F9E4F44D2184B6B7FED0336CF831446D8336C47D6CCC2B32E","archives/64KiB/webster.hz2","24456","83DF5DF63D9B81D417E02EAAC20F7E96BE0F24A4CECF2BECDEC7A4FB3FB96D37","decoded/64KiB/webster.decoded","65536","262258811321382F9E4F44D2184B6B7FED0336CF831446D8336C47D6CCC2B32E","0.0623309","0.1078041","5.45703125","4.56640625","5.45703125","74FF260A939B01673667723D8351AAEDB679339610009ECB23C70E373B862D9F","profile_id=2;mode=fast;block_size=131072;zstd_level=3;lzma_level=9;threads=1;process_timeout_seconds=1800","""E:\MIXER\hybridzip\build\Release\hybridzip.exe"" c --profile=r2 --r2-mode=fast --block-size=131072 --zstd-level=3 --threads=1 ""E:\MIXER\hybridzip\results\experiments\hybridzip-r2-e6-fast-k4-full-20260829-w1\children\hybridzip-r2-e6-fast-k4-full-20260829-w1-fast-b128-r3\inputs\64KiB\webster.bin"" ""E:\MIXER\hybridzip\results\experiments\hybridzip-r2-e6-fast-k4-full-20260829-w1\children\hybridzip-r2-e6-fast-k4-full-20260829-w1-fast-b128-r3\archives\64KiB\webster.hz2""","""E:\MIXER\hybridzip\build\Release\hybridzip.exe"" d ""E:\MIXER\hybridzip\results\experiments\hybridzip-r2-e6-fast-k4-full-20260829-w1\children\hybridzip-r2-e6-fast-k4-full-20260829-w1-fast-b128-r3\archives\64KiB\webster.hz2"" ""E:\MIXER\hybridzip\results\experiments\hybridzip-r2-e6-fast-k4-full-20260829-w1\children\hybridzip-r2-e6-fast-k4-full-20260829-w1-fast-b128-r3\decoded\64KiB\webster.decoded""","0","0","2026-08-29T14:45:59.7903164+08:00","COMPLETE","PASS","fast-ext=1","Complete R2 archive size; SHA-256 byte-exact roundtrip verified."
"e6-fast","fast","128","3","False","1","1","4","0","00010000","1025B343","4B1AC26C40AD4DA50312FD3B694D7E636FB768C2336FE773BC82D36424C27A4B","0:1,39:1,43:2","1","18871600","18871600","18830300","18830300","18871600","18830300","hybridzip-r2-e6-fast-k4-full-20260829-w1-fast-b128-r3","r2-fast","1","30","webster","128","inputs/128KiB/webster.bin","131072","C069C1FDCA99BC5C44F06D134CD0CDA60315DD631AA6564733B2CE0E6D59305C","archives/128KiB/webster.hz2","44680","2AD55E68A959DE917EA742A3068A7EC6A38596A2AC2E1B387E478093784B0157","decoded/128KiB/webster.decoded","131072","C069C1FDCA99BC5C44F06D134CD0CDA60315DD631AA6564733B2CE0E6D59305C","0.0745414","0.0580672","5.83203125","2.02734375","5.83203125","74FF260A939B01673667723D8351AAEDB679339610009ECB23C70E373B862D9F","profile_id=2;mode=fast;block_size=131072;zstd_level=3;lzma_level=9;threads=1;process_timeout_seconds=1800","""E:\MIXER\hybridzip\build\Release\hybridzip.exe"" c --profile=r2 --r2-mode=fast --block-size=131072 --zstd-level=3 --threads=1 ""E:\MIXER\hybridzip\results\experiments\hybridzip-r2-e6-fast-k4-full-20260829-w1\children\hybridzip-r2-e6-fast-k4-full-20260829-w1-fast-b128-r3\inputs\128KiB\webster.bin"" ""E:\MIXER\hybridzip\results\experiments\hybridzip-r2-e6-fast-k4-full-20260829-w1\children\hybridzip-r2-e6-fast-k4-full-20260829-w1-fast-b128-r3\archives\128KiB\webster.hz2""","""E:\MIXER\hybridzip\build\Release\hybridzip.exe"" d ""E:\MIXER\hybridzip\results\experiments\hybridzip-r2-e6-fast-k4-full-20260829-w1\children\hybridzip-r2-e6-fast-k4-full-20260829-w1-fast-b128-r3\archives\128KiB\webster.hz2"" ""E:\MIXER\hybridzip\results\experiments\hybridzip-r2-e6-fast-k4-full-20260829-w1\children\hybridzip-r2-e6-fast-k4-full-20260829-w1-fast-b128-r3\decoded\128KiB\webster.decoded""","0","0","2026-08-29T14:46:00.2075457+08:00","COMPLETE","PASS","fast-ext=1","Complete R2 archive size; SHA-256 byte-exact roundtrip verified."
"e6-fast","fast","128","3","False","1","1","4","0","00010000","1025B343","4B1AC26C40AD4DA50312FD3B694D7E636FB768C2336FE773BC82D36424C27A4B","0:1,39:1,43:2","1","5271800","5271800","5203900","5203900","5271800","5203900","hybridzip-r2-e6-fast-k4-full-20260829-w1-fast-b128-r3","r2-fast","1","31","x-ray","32","inputs/32KiB/x-ray.bin","32768","10511AA63DFBD9C0DDBFEFE36068740103D4BA1116E214154A0772057D7E9314","archives/32KiB/x-ray.hz2","18333","711D330F325A686F5EBC8389FDDCE26A7B06E3DF3931E83F7E0B9D1A5B2ADB88","decoded/32KiB/x-ray.decoded","32768","10511AA63DFBD9C0DDBFEFE36068740103D4BA1116E214154A0772057D7E9314","0.0632072","0.0432861","2.4140625","2.02734375","2.4140625","74FF260A939B01673667723D8351AAEDB679339610009ECB23C70E373B862D9F","profile_id=2;mode=fast;block_size=131072;zstd_level=3;lzma_level=9;threads=1;process_timeout_seconds=1800","""E:\MIXER\hybridzip\build\Release\hybridzip.exe"" c --profile=r2 --r2-mode=fast --block-size=131072 --zstd-level=3 --threads=1 ""E:\MIXER\hybridzip\results\experiments\hybridzip-r2-e6-fast-k4-full-20260829-w1\children\hybridzip-r2-e6-fast-k4-full-20260829-w1-fast-b128-r3\inputs\32KiB\x-ray.bin"" ""E:\MIXER\hybridzip\results\experiments\hybridzip-r2-e6-fast-k4-full-20260829-w1\children\hybridzip-r2-e6-fast-k4-full-20260829-w1-fast-b128-r3\archives\32KiB\x-ray.hz2""","""E:\MIXER\hybridzip\build\Release\hybridzip.exe"" d ""E:\MIXER\hybridzip\results\experiments\hybridzip-r2-e6-fast-k4-full-20260829-w1\children\hybridzip-r2-e6-fast-k4-full-20260829-w1-fast-b128-r3\archives\32KiB\x-ray.hz2"" ""E:\MIXER\hybridzip\results\experiments\hybridzip-r2-e6-fast-k4-full-20260829-w1\children\hybridzip-r2-e6-fast-k4-full-20260829-w1-fast-b128-r3\decoded\32KiB\x-ray.decoded""","0","0","2026-08-29T14:46:00.4755875+08:00","COMPLETE","PASS","fast-ext=1","Complete R2 archive size; SHA-256 byte-exact roundtrip verified."
"e6-fast","fast","128","3","False","1","1","4","0","00010000","1025B343","4B1AC26C40AD4DA50312FD3B694D7E636FB768C2336FE773BC82D36424C27A4B","0:1,39:1,43:2","1","8034400","8034400","8027400","8027400","8034400","8027400","hybridzip-r2-e6-fast-k4-full-20260829-w1-fast-b128-r3","r2-fast","1","32","x-ray","64","inputs/64KiB/x-ray.bin","65536","B5A07146616BCD7C2D10071D41E07D204DE0AC629C4CA37D8E867FF00574D0D8","archives/64KiB/x-ray.hz2","36457","64E86B5C0839FA5166453DCA6BCD82CAE91E276178AA5E9402F1C3AA225DE418","decoded/64KiB/x-ray.decoded","65536","B5A07146616BCD7C2D10071D41E07D204DE0AC629C4CA37D8E867FF00574D0D8","0.0510544","0.0562427","4.2109375","2.02734375","4.2109375","74FF260A939B01673667723D8351AAEDB679339610009ECB23C70E373B862D9F","profile_id=2;mode=fast;block_size=131072;zstd_level=3;lzma_level=9;threads=1;process_timeout_seconds=1800","""E:\MIXER\hybridzip\build\Release\hybridzip.exe"" c --profile=r2 --r2-mode=fast --block-size=131072 --zstd-level=3 --threads=1 ""E:\MIXER\hybridzip\results\experiments\hybridzip-r2-e6-fast-k4-full-20260829-w1\children\hybridzip-r2-e6-fast-k4-full-20260829-w1-fast-b128-r3\inputs\64KiB\x-ray.bin"" ""E:\MIXER\hybridzip\results\experiments\hybridzip-r2-e6-fast-k4-full-20260829-w1\children\hybridzip-r2-e6-fast-k4-full-20260829-w1-fast-b128-r3\archives\64KiB\x-ray.hz2""","""E:\MIXER\hybridzip\build\Release\hybridzip.exe"" d ""E:\MIXER\hybridzip\results\experiments\hybridzip-r2-e6-fast-k4-full-20260829-w1\children\hybridzip-r2-e6-fast-k4-full-20260829-w1-fast-b128-r3\archives\64KiB\x-ray.hz2"" ""E:\MIXER\hybridzip\results\experiments\hybridzip-r2-e6-fast-k4-full-20260829-w1\children\hybridzip-r2-e6-fast-k4-full-20260829-w1-fast-b128-r3\decoded\64KiB\x-ray.decoded""","0","0","2026-08-29T14:46:00.6728803+08:00","COMPLETE","PASS","fast-ext=1","Complete R2 archive size; SHA-256 byte-exact roundtrip verified."
"e6-fast","fast","128","3","False","1","1","4","0","00010000","1025B343","4B1AC26C40AD4DA50312FD3B694D7E636FB768C2336FE773BC82D36424C27A4B","0:1,39:1,43:2","1","16381600","16381600","16296500","16296500","16381600","16296500","hybridzip-r2-e6-fast-k4-full-20260829-w1-fast-b128-r3","r2-fast","1","33","x-ray","128","inputs/128KiB/x-ray.bin","131072","7A65B793FB2A694C20686275A899B304445473528F7C998BE26F8C68EB18F76E","archives/128KiB/x-ray.hz2","72841","C7251C34F15D78630C51D2214DB71F7781CC195AAF107F776FEC7EB014F190FB","decoded/128KiB/x-ray.decoded","131072","7A65B793FB2A694C20686275A899B304445473528F7C998BE26F8C68EB18F76E","0.0864716","0.0529418","5.88671875","2.02734375","5.88671875","74FF260A939B01673667723D8351AAEDB679339610009ECB23C70E373B862D9F","profile_id=2;mode=fast;block_size=131072;zstd_level=3;lzma_level=9;threads=1;process_timeout_seconds=1800","""E:\MIXER\hybridzip\build\Release\hybridzip.exe"" c --profile=r2 --r2-mode=fast --block-size=131072 --zstd-level=3 --threads=1 ""E:\MIXER\hybridzip\results\experiments\hybridzip-r2-e6-fast-k4-full-20260829-w1\children\hybridzip-r2-e6-fast-k4-full-20260829-w1-fast-b128-r3\inputs\128KiB\x-ray.bin"" ""E:\MIXER\hybridzip\results\experiments\hybridzip-r2-e6-fast-k4-full-20260829-w1\children\hybridzip-r2-e6-fast-k4-full-20260829-w1-fast-b128-r3\archives\128KiB\x-ray.hz2""","""E:\MIXER\hybridzip\build\Release\hybridzip.exe"" d ""E:\MIXER\hybridzip\results\experiments\hybridzip-r2-e6-fast-k4-full-20260829-w1\children\hybridzip-r2-e6-fast-k4-full-20260829-w1-fast-b128-r3\archives\128KiB\x-ray.hz2"" ""E:\MIXER\hybridzip\results\experiments\hybridzip-r2-e6-fast-k4-full-20260829-w1\children\hybridzip-r2-e6-fast-k4-full-20260829-w1-fast-b128-r3\decoded\128KiB\x-ray.decoded""","0","0","2026-08-29T14:46:00.8764601+08:00","COMPLETE","PASS","fast-ext=1","Complete R2 archive size; SHA-256 byte-exact roundtrip verified."
"e6-fast","fast","128","3","False","1","1","4","0","00010000","1025B343","4B1AC26C40AD4DA50312FD3B694D7E636FB768C2336FE773BC82D36424C27A4B","0:1,39:1,43:2","1","4442700","4442700","4435600","4435600","4442700","4435600","hybridzip-r2-e6-fast-k4-full-20260829-w1-fast-b128-r3","r2-fast","1","34","xml","32","inputs/32KiB/xml.bin","32768","C2F7F129956F8D6FC3D0E3595D93F98D5270B6F5BC4AB5E70F45867822EFDD71","archives/32KiB/xml.hz2","3482","CFBF881E4D58EC447D48ACE7D21DB070757ECDDBB62BA07E5068D87DAFE1D37C","decoded/32KiB/xml.decoded","32768","C2F7F129956F8D6FC3D0E3595D93F98D5270B6F5BC4AB5E70F45867822EFDD71","0.0542869","0.0558765","2.0234375","2.02734375","2.02734375","74FF260A939B01673667723D8351AAEDB679339610009ECB23C70E373B862D9F","profile_id=2;mode=fast;block_size=131072;zstd_level=3;lzma_level=9;threads=1;process_timeout_seconds=1800","""E:\MIXER\hybridzip\build\Release\hybridzip.exe"" c --profile=r2 --r2-mode=fast --block-size=131072 --zstd-level=3 --threads=1 ""E:\MIXER\hybridzip\results\experiments\hybridzip-r2-e6-fast-k4-full-20260829-w1\children\hybridzip-r2-e6-fast-k4-full-20260829-w1-fast-b128-r3\inputs\32KiB\xml.bin"" ""E:\MIXER\hybridzip\results\experiments\hybridzip-r2-e6-fast-k4-full-20260829-w1\children\hybridzip-r2-e6-fast-k4-full-20260829-w1-fast-b128-r3\archives\32KiB\xml.hz2""","""E:\MIXER\hybridzip\build\Release\hybridzip.exe"" d ""E:\MIXER\hybridzip\results\experiments\hybridzip-r2-e6-fast-k4-full-20260829-w1\children\hybridzip-r2-e6-fast-k4-full-20260829-w1-fast-b128-r3\archives\32KiB\xml.hz2"" ""E:\MIXER\hybridzip\results\experiments\hybridzip-r2-e6-fast-k4-full-20260829-w1\children\hybridzip-r2-e6-fast-k4-full-20260829-w1-fast-b128-r3\decoded\32KiB\xml.decoded""","0","0","2026-08-29T14:46:01.1091333+08:00","COMPLETE","PASS","fast-ext=1","Complete R2 archive size; SHA-256 byte-exact roundtrip verified."
"e6-fast","fast","128","3","False","1","1","4","0","00010000","1025B343","4B1AC26C40AD4DA50312FD3B694D7E636FB768C2336FE773BC82D36424C27A4B","0:1,39:1,43:2","1","7418300","7418300","7411300","7411300","7418300","7411300","hybridzip-r2-e6-fast-k4-full-20260829-w1-fast-b128-r3","r2-fast","1","35","xml","64","inputs/64KiB/xml.bin","65536","E32AFF2BEBF00105A17DD57F5490C1986D17543CEE837B42EB56B3E0E6F8E7F1","archives/64KiB/xml.hz2","6162","459B99A0FB0E0A42585A96A1F2E19FA5B9E5871ADE5F2F612C1D2933AF9B2A4F","decoded/64KiB/xml.decoded","65536","E32AFF2BEBF00105A17DD57F5490C1986D17543CEE837B42EB56B3E0E6F8E7F1","0.07847","0.0562038","5.43359375","2.4140625","5.43359375","74FF260A939B01673667723D8351AAEDB679339610009ECB23C70E373B862D9F","profile_id=2;mode=fast;block_size=131072;zstd_level=3;lzma_level=9;threads=1;process_timeout_seconds=1800","""E:\MIXER\hybridzip\build\Release\hybridzip.exe"" c --profile=r2 --r2-mode=fast --block-size=131072 --zstd-level=3 --threads=1 ""E:\MIXER\hybridzip\results\experiments\hybridzip-r2-e6-fast-k4-full-20260829-w1\children\hybridzip-r2-e6-fast-k4-full-20260829-w1-fast-b128-r3\inputs\64KiB\xml.bin"" ""E:\MIXER\hybridzip\results\experiments\hybridzip-r2-e6-fast-k4-full-20260829-w1\children\hybridzip-r2-e6-fast-k4-full-20260829-w1-fast-b128-r3\archives\64KiB\xml.hz2""","""E:\MIXER\hybridzip\build\Release\hybridzip.exe"" d ""E:\MIXER\hybridzip\results\experiments\hybridzip-r2-e6-fast-k4-full-20260829-w1\children\hybridzip-r2-e6-fast-k4-full-20260829-w1-fast-b128-r3\archives\64KiB\xml.hz2"" ""E:\MIXER\hybridzip\results\experiments\hybridzip-r2-e6-fast-k4-full-20260829-w1\children\hybridzip-r2-e6-fast-k4-full-20260829-w1-fast-b128-r3\decoded\64KiB\xml.decoded""","0","0","2026-08-29T14:46:01.3167037+08:00","COMPLETE","PASS","fast-ext=1","Complete R2 archive size; SHA-256 byte-exact roundtrip verified."
"e6-fast","fast","128","3","False","1","1","4","0","00010000","1025B343","4B1AC26C40AD4DA50312FD3B694D7E636FB768C2336FE773BC82D36424C27A4B","0:1,39:1,43:2","1","13410600","13410600","13403000","13403000","13410600","13403000","hybridzip-r2-e6-fast-k4-full-20260829-w1-fast-b128-r3","r2-fast","1","36","xml","128","inputs/128KiB/xml.bin","131072","5FA29C746885F2EEB98734218475915A78092CCB3B0F68B08861EE210E5B6E25","archives/128KiB/xml.hz2","11952","422764D8641525A026E390C283BF325A68AAD9110061D639A7171739D7D2AFA8","decoded/128KiB/xml.decoded","131072","5FA29C746885F2EEB98734218475915A78092CCB3B0F68B08861EE210E5B6E25","0.0709234","0.0522233","2.02734375","4.29296875","4.29296875","74FF260A939B01673667723D8351AAEDB679339610009ECB23C70E373B862D9F","profile_id=2;mode=fast;block_size=131072;zstd_level=3;lzma_level=9;threads=1;process_timeout_seconds=1800","""E:\MIXER\hybridzip\build\Release\hybridzip.exe"" c --profile=r2 --r2-mode=fast --block-size=131072 --zstd-level=3 --threads=1 ""E:\MIXER\hybridzip\results\experiments\hybridzip-r2-e6-fast-k4-full-20260829-w1\children\hybridzip-r2-e6-fast-k4-full-20260829-w1-fast-b128-r3\inputs\128KiB\xml.bin"" ""E:\MIXER\hybridzip\results\experiments\hybridzip-r2-e6-fast-k4-full-20260829-w1\children\hybridzip-r2-e6-fast-k4-full-20260829-w1-fast-b128-r3\archives\128KiB\xml.hz2""","""E:\MIXER\hybridzip\build\Release\hybridzip.exe"" d ""E:\MIXER\hybridzip\results\experiments\hybridzip-r2-e6-fast-k4-full-20260829-w1\children\hybridzip-r2-e6-fast-k4-full-20260829-w1-fast-b128-r3\archives\128KiB\xml.hz2"" ""E:\MIXER\hybridzip\results\experiments\hybridzip-r2-e6-fast-k4-full-20260829-w1\children\hybridzip-r2-e6-fast-k4-full-20260829-w1-fast-b128-r3\decoded\128KiB\xml.decoded""","0","0","2026-08-29T14:46:01.5480276+08:00","COMPLETE","PASS","fast-ext=1","Complete R2 archive size; SHA-256 byte-exact roundtrip verified."
